# exported from MuJoCo
v -0.031914 -0.028502 -0.066686
v -0.032334 -0.029098 -0.083470
v -0.030999 -0.029416 -0.066677
v -0.031419 -0.030012 -0.083461
v -0.030663 -0.030666 -0.066641
v -0.031083 -0.031262 -0.083425
v -0.030997 -0.031915 -0.066588
v -0.031417 -0.032511 -0.083372
v -0.031911 -0.032829 -0.066533
v -0.032331 -0.033425 -0.083317
v -0.033550 -0.033751 -0.083275
v -0.033161 -0.033163 -0.066489
v -0.033581 -0.033759 -0.083274
v -0.034411 -0.032828 -0.066470
v -0.034831 -0.033424 -0.083254
v -0.035326 -0.031914 -0.066480
v -0.035746 -0.032510 -0.083264
v -0.035661 -0.030664 -0.066516
v -0.036081 -0.031260 -0.083300
v -0.035327 -0.029415 -0.066568
v -0.035747 -0.030011 -0.083352
v -0.034413 -0.028501 -0.066624
v -0.034833 -0.029097 -0.083408
v -0.033164 -0.028167 -0.066667
v -0.033584 -0.028763 -0.083451
v -0.033553 -0.028771 -0.083451
v -0.037041 -0.024317 -0.074213
v -0.036831 -0.024766 -0.083512
v -0.036416 -0.024485 -0.074223
v -0.036648 -0.024815 -0.083514
v -0.035958 -0.024942 -0.074218
v -0.036191 -0.025272 -0.083510
v -0.035791 -0.025567 -0.074200
v -0.036023 -0.025897 -0.083492
v -0.035958 -0.026191 -0.074174
v -0.036190 -0.026521 -0.083465
v -0.036415 -0.026649 -0.074146
v -0.036647 -0.026978 -0.083438
v -0.036830 -0.027027 -0.083431
v -0.037039 -0.026816 -0.074125
v -0.037272 -0.027146 -0.083416
v -0.037664 -0.026648 -0.074115
v -0.037897 -0.026978 -0.083406
v -0.038122 -0.026191 -0.074120
v -0.038354 -0.026521 -0.083411
v -0.038290 -0.025566 -0.074138
v -0.038522 -0.025896 -0.083429
v -0.038123 -0.024942 -0.074164
v -0.038355 -0.025272 -0.083455
v -0.037666 -0.024484 -0.074192
v -0.037898 -0.024814 -0.083483
v -0.037273 -0.024647 -0.083505
v -0.040927 0.012464 -0.067915
v -0.040570 0.012076 -0.084726
v -0.039677 0.012799 -0.067958
v -0.040097 0.012203 -0.084743
v -0.038427 0.012464 -0.067978
v -0.038848 0.011868 -0.084762
v -0.037512 0.011549 -0.067968
v -0.037932 0.010953 -0.084752
v -0.037177 0.010300 -0.067932
v -0.037597 0.009703 -0.084716
v -0.037511 0.009050 -0.067880
v -0.037931 0.008454 -0.084664
v -0.038425 0.008136 -0.067824
v -0.038845 0.007540 -0.084608
v -0.039674 0.007802 -0.067781
v -0.040094 0.007206 -0.084565
v -0.040568 0.007333 -0.084558
v -0.040924 0.008137 -0.067762
v -0.041344 0.007541 -0.084546
v -0.041839 0.009052 -0.067771
v -0.042260 0.008456 -0.084555
v -0.042175 0.010301 -0.067807
v -0.042595 0.009705 -0.084591
v -0.041841 0.011550 -0.067860
v -0.042261 0.010954 -0.084644
v -0.041347 0.011868 -0.084699
v -0.037065 0.017157 -0.075686
v -0.036855 0.016708 -0.084984
v -0.036440 0.016989 -0.075695
v -0.036672 0.016659 -0.084987
v -0.035982 0.016532 -0.075691
v -0.036215 0.016202 -0.084982
v -0.035814 0.015907 -0.075673
v -0.036047 0.015577 -0.084964
v -0.035982 0.015282 -0.075646
v -0.036214 0.014952 -0.084937
v -0.036439 0.014825 -0.075619
v -0.036671 0.014495 -0.084910
v -0.036854 0.014447 -0.084904
v -0.037063 0.014658 -0.075597
v -0.037296 0.014328 -0.084888
v -0.037688 0.014826 -0.075587
v -0.037921 0.014496 -0.084879
v -0.038146 0.015283 -0.075592
v -0.038378 0.014953 -0.084883
v -0.038314 0.015908 -0.075610
v -0.038546 0.015578 -0.084901
v -0.038147 0.016532 -0.075636
v -0.038379 0.016202 -0.084928
v -0.037690 0.016989 -0.075664
v -0.037922 0.016659 -0.084955
v -0.037297 0.016827 -0.084977
v 0.037786 0.012775 -0.069896
v 0.037839 0.012052 -0.086688
v 0.039035 0.012440 -0.069916
v 0.038615 0.011844 -0.086700
v 0.039951 0.011525 -0.069906
v 0.039531 0.010929 -0.086690
v 0.040286 0.010275 -0.069870
v 0.039866 0.009679 -0.086654
v 0.039952 0.009026 -0.069817
v 0.039532 0.008430 -0.086602
v 0.039038 0.008112 -0.069762
v 0.038618 0.007516 -0.086546
v 0.037842 0.007308 -0.086519
v 0.037789 0.007778 -0.069719
v 0.037369 0.007182 -0.086503
v 0.036539 0.008113 -0.069700
v 0.036119 0.007517 -0.086484
v 0.035623 0.009028 -0.069709
v 0.035203 0.008432 -0.086493
v 0.035288 0.010277 -0.069745
v 0.034868 0.009681 -0.086529
v 0.035622 0.011526 -0.069798
v 0.035202 0.010930 -0.086582
v 0.036536 0.012440 -0.069853
v 0.036116 0.011844 -0.086637
v 0.037366 0.012179 -0.086680
v 0.034168 0.016967 -0.077462
v 0.034118 0.016686 -0.086759
v 0.034793 0.017134 -0.077483
v 0.034560 0.016804 -0.086774
v 0.035418 0.016967 -0.077493
v 0.035185 0.016637 -0.086784
v 0.035875 0.016509 -0.077488
v 0.035643 0.016179 -0.086779
v 0.036043 0.015885 -0.077470
v 0.035811 0.015555 -0.086761
v 0.035876 0.015260 -0.077444
v 0.035644 0.014930 -0.086735
v 0.035419 0.014803 -0.077416
v 0.035186 0.014473 -0.086707
v 0.034794 0.014636 -0.077395
v 0.034562 0.014306 -0.086686
v 0.034119 0.014425 -0.086679
v 0.034169 0.014803 -0.077385
v 0.033937 0.014473 -0.086676
v 0.033712 0.015261 -0.077390
v 0.033479 0.014931 -0.086681
v 0.033544 0.015885 -0.077408
v 0.033311 0.015556 -0.086699
v 0.033711 0.016510 -0.077434
v 0.033478 0.016180 -0.086725
v 0.033936 0.016637 -0.086753
v 0.034192 -0.024507 -0.075989
v 0.034142 -0.024788 -0.085287
v 0.034817 -0.024340 -0.076011
v 0.034584 -0.024670 -0.085302
v 0.035442 -0.024507 -0.076021
v 0.035209 -0.024837 -0.085312
v 0.035899 -0.024965 -0.076016
v 0.035667 -0.025294 -0.085307
v 0.036067 -0.025589 -0.075998
v 0.035835 -0.025919 -0.085289
v 0.035900 -0.026214 -0.075972
v 0.035668 -0.026544 -0.085263
v 0.035443 -0.026671 -0.075944
v 0.035210 -0.027001 -0.085235
v 0.034818 -0.026838 -0.075922
v 0.034586 -0.027168 -0.085214
v 0.034143 -0.027049 -0.085207
v 0.034193 -0.026670 -0.075913
v 0.033961 -0.027000 -0.085204
v 0.033736 -0.026213 -0.075917
v 0.033503 -0.026543 -0.085209
v 0.033568 -0.025588 -0.075935
v 0.033335 -0.025918 -0.085227
v 0.033735 -0.024964 -0.075962
v 0.033502 -0.025294 -0.085253
v 0.033960 -0.024837 -0.085281
v 0.028822 -0.030684 -0.068129
v 0.028401 -0.031280 -0.084913
v 0.029156 -0.029435 -0.068181
v 0.028736 -0.030031 -0.084966
v 0.030070 -0.028521 -0.068237
v 0.029650 -0.029117 -0.085021
v 0.031319 -0.028187 -0.068280
v 0.030899 -0.028783 -0.085064
v 0.032569 -0.028522 -0.068299
v 0.032149 -0.029118 -0.085083
v 0.033484 -0.029436 -0.068290
v 0.033064 -0.030032 -0.085074
v 0.033820 -0.030686 -0.068254
v 0.033400 -0.031282 -0.085038
v 0.033486 -0.031935 -0.068201
v 0.033066 -0.032531 -0.084985
v 0.032572 -0.032849 -0.068146
v 0.032152 -0.033445 -0.084930
v 0.031322 -0.033183 -0.068102
v 0.030902 -0.033779 -0.084887
v 0.030072 -0.032848 -0.068083
v 0.029652 -0.033444 -0.084867
v 0.029157 -0.031934 -0.068093
v 0.028737 -0.032530 -0.084877
v -0.031398 0.034336 -0.046910
v -0.032089 0.030679 -0.046763
v -0.031396 0.029974 -0.046755
v -0.034072 0.027530 -0.046601
v -0.034590 0.026726 -0.046560
v -0.037448 0.023177 -0.046362
v -0.037180 0.023814 -0.046391
v -0.039879 0.019791 -0.046181
v -0.040067 0.019142 -0.046153
v -0.042139 0.015506 -0.045972
v -0.042250 0.014855 -0.045946
v -0.043936 0.011007 -0.045768
v -0.043972 0.010363 -0.045744
v -0.045248 0.006343 -0.045569
v -0.045215 0.005716 -0.045548
v -0.046062 0.001567 -0.045379
v -0.045965 0.000963 -0.045360
v -0.046369 -0.003269 -0.045200
v -0.046215 -0.003842 -0.045183
v -0.046164 -0.008111 -0.045033
v -0.045960 -0.008647 -0.045019
v -0.045451 -0.012905 -0.044880
v -0.045204 -0.013400 -0.044869
v -0.044237 -0.017597 -0.044744
v -0.043956 -0.018048 -0.044735
v -0.042536 -0.022136 -0.044626
v -0.042228 -0.022541 -0.044619
v -0.040367 -0.026472 -0.044526
v -0.040040 -0.026829 -0.044521
v -0.037753 -0.030555 -0.044446
v -0.037417 -0.030866 -0.044444
v -0.034724 -0.034341 -0.044388
v -0.034385 -0.034606 -0.044387
v -0.031313 -0.037788 -0.044351
v -0.030980 -0.038010 -0.044351
v -0.027559 -0.040857 -0.044336
v -0.027237 -0.041039 -0.044337
v -0.023503 -0.043514 -0.044343
v -0.023199 -0.043661 -0.044345
v -0.019190 -0.045729 -0.044372
v -0.017197 -0.046568 -0.044392
v 0.030583 0.034317 -0.048460
v 0.030585 0.030240 -0.048316
v 0.031278 0.030659 -0.048348
v 0.032582 0.028324 -0.048297
v -0.028402 0.040187 -0.047192
v -0.028302 0.040187 -0.047195
v -0.028403 0.042186 -0.047263
v -0.028304 0.042186 -0.047266
v 0.027579 0.042168 -0.048664
v 0.027479 0.042168 -0.048661
v 0.027580 0.040169 -0.048593
v 0.027480 0.040170 -0.048590
v 0.013560 -0.048087 -0.062445
v 0.014164 -0.047880 -0.062321
v 0.012680 -0.048362 -0.062267
v 0.006606 -0.049797 -0.062670
v 0.008548 -0.049548 -0.066362
v 0.008740 -0.049494 -0.066041
v 0.003880 -0.050146 -0.062221
v 0.004282 -0.050119 -0.062706
v 0.004635 -0.050055 -0.062006
v 0.007432 -0.049798 -0.067321
v 0.008692 -0.049566 -0.067982
v 0.008506 -0.049607 -0.068022
v 0.008298 -0.050126 -0.083740
v 0.008432 -0.049622 -0.068017
v 0.004412 -0.050124 -0.063309
v 0.004332 -0.050238 -0.066536
v 0.007450 -0.049796 -0.067354
v 0.004315 -0.050246 -0.066714
v 0.007910 -0.049723 -0.067837
v 0.004076 -0.050292 -0.067279
v 0.003593 -0.050355 -0.067679
v 0.002989 -0.050416 -0.067807
v -0.001329 -0.051142 -0.083463
v 0.009268 -0.048749 -0.044977
v 0.004481 -0.049511 -0.044830
v 0.005508 -0.049943 -0.062032
v 0.006167 -0.049853 -0.062228
v -0.010224 -0.049400 -0.061828
v -0.009889 -0.049480 -0.062103
v -0.009987 -0.048743 -0.044495
v -0.009864 -0.049486 -0.062128
v -0.005912 -0.050245 -0.065869
v -0.005912 -0.050245 -0.065872
v -0.005840 -0.050143 -0.062998
v -0.009839 -0.049492 -0.062153
v -0.005823 -0.050138 -0.062820
v -0.000935 -0.050582 -0.067703
v -0.002201 -0.050564 -0.067672
v -0.010957 -0.050120 -0.083259
v -0.002379 -0.050558 -0.067656
v -0.002945 -0.050529 -0.067417
v -0.003347 -0.050492 -0.066935
v -0.005818 -0.050321 -0.067590
v -0.005830 -0.050319 -0.067590
v -0.006122 -0.050285 -0.067535
v -0.006524 -0.050229 -0.067290
v -0.010462 -0.049407 -0.063563
v -0.005215 -0.050376 -0.067458
v -0.004731 -0.050403 -0.067055
v -0.003141 -0.050334 -0.062361
v -0.002657 -0.050341 -0.061958
v -0.000359 -0.049765 -0.044700
v -0.004492 -0.050401 -0.066488
v -0.003478 -0.050463 -0.066332
v -0.004475 -0.050395 -0.066310
v -0.004360 -0.050232 -0.061721
v -0.003397 -0.050348 -0.063106
v -0.003380 -0.050342 -0.062928
v -0.004497 -0.050222 -0.061717
v -0.005200 -0.049508 -0.044588
v -0.005100 -0.050174 -0.061850
v -0.005584 -0.050142 -0.062253
v -0.002054 -0.050357 -0.061828
v -0.000789 -0.050374 -0.061859
v 0.003136 -0.050208 -0.061963
v 0.003313 -0.050193 -0.061980
v 0.010748 -0.048923 -0.062718
v 0.011234 -0.048783 -0.062355
v 0.010648 -0.048953 -0.062849
v 0.011806 -0.048620 -0.062236
v 0.013947 -0.047488 -0.045139
v 0.018467 -0.045741 -0.045314
v 0.013098 -0.048387 -0.067896
v 0.012697 -0.048500 -0.067409
v 0.017891 -0.046558 -0.068317
v 0.013843 -0.048148 -0.068160
v 0.013666 -0.048207 -0.068141
v 0.012607 -0.048479 -0.065669
v 0.012848 -0.048389 -0.065098
v 0.012819 -0.048360 -0.063720
v 0.012567 -0.048523 -0.066803
v 0.012591 -0.048489 -0.065848
v 0.009594 -0.049347 -0.067423
v 0.009544 -0.049360 -0.067493
v 0.009049 -0.049486 -0.067907
v 0.009604 -0.049344 -0.067408
v 0.012823 -0.048355 -0.063582
v 0.012839 -0.048345 -0.063404
v 0.013078 -0.048254 -0.062840
v -0.013938 -0.048455 -0.061690
v -0.013335 -0.048625 -0.061553
v -0.015294 -0.048024 -0.061587
v -0.019648 -0.046371 -0.063069
v -0.017982 -0.047050 -0.061849
v -0.017600 -0.047192 -0.061637
v -0.017156 -0.047360 -0.061563
v -0.013198 -0.048663 -0.061555
v -0.019037 -0.046729 -0.064422
v -0.019097 -0.046705 -0.064468
v -0.018924 -0.046786 -0.064608
v -0.010853 -0.049451 -0.066375
v -0.011092 -0.049421 -0.066943
v -0.010836 -0.049448 -0.066197
v -0.010765 -0.049343 -0.063276
v -0.012318 -0.049148 -0.067482
v -0.012205 -0.048987 -0.062934
v -0.010862 -0.049255 -0.061646
v -0.010839 -0.049260 -0.061647
v -0.010419 -0.049356 -0.061771
v -0.012188 -0.048984 -0.062756
v -0.011949 -0.049020 -0.062187
v -0.011465 -0.049121 -0.061782
v -0.013346 -0.048873 -0.067465
v -0.014792 -0.048442 -0.067445
v -0.020160 -0.047106 -0.083135
v -0.012179 -0.049184 -0.067484
v -0.011575 -0.049326 -0.067348
v -0.017302 -0.047567 -0.067401
v -0.015440 -0.048231 -0.067424
v -0.014677 -0.048278 -0.062843
v -0.014661 -0.048276 -0.062665
v -0.014422 -0.048326 -0.062096
v -0.017742 -0.047393 -0.067317
v -0.018113 -0.047236 -0.067097
v -0.019424 -0.046637 -0.066074
v -0.020763 -0.046015 -0.065900
v -0.020880 -0.045983 -0.066411
v -0.020468 -0.046135 -0.065485
v -0.019726 -0.046490 -0.065838
v -0.020399 -0.046165 -0.065427
v -0.020124 -0.046297 -0.065528
v -0.020329 -0.046194 -0.065368
v -0.020896 -0.046006 -0.067067
v -0.020905 -0.046009 -0.067232
v -0.020914 -0.046012 -0.067378
v -0.022246 -0.045119 -0.062766
v -0.022230 -0.045119 -0.062588
v -0.022349 -0.045265 -0.066887
v -0.028161 -0.042447 -0.083101
v -0.022361 -0.045283 -0.067368
v -0.028529 -0.042233 -0.083099
v -0.022356 -0.045275 -0.067144
v -0.020827 -0.045890 -0.063933
v -0.020766 -0.045803 -0.061467
v -0.020903 -0.045736 -0.061466
v -0.021506 -0.045444 -0.061607
v -0.021990 -0.045217 -0.062017
v 0.020066 -0.045386 -0.062795
v 0.026830 -0.040873 -0.045696
v 0.019499 -0.045664 -0.062546
v 0.022777 -0.043528 -0.045501
v 0.019321 -0.045751 -0.062526
v 0.018038 -0.046350 -0.062473
v 0.020467 -0.045190 -0.063284
v 0.020569 -0.045143 -0.063579
v 0.020598 -0.045135 -0.063892
v 0.017497 -0.047118 -0.084077
v 0.025493 -0.042464 -0.084443
v 0.020485 -0.045295 -0.068427
v 0.025860 -0.042250 -0.084460
v 0.020525 -0.045239 -0.066817
v 0.013328 -0.048225 -0.064704
v 0.013929 -0.048022 -0.064582
v 0.018001 -0.046402 -0.063919
v 0.017981 -0.046431 -0.064739
v 0.019127 -0.045898 -0.064787
v 0.019144 -0.045874 -0.064111
v 0.019143 -0.045874 -0.064091
v 0.019074 -0.045906 -0.064036
v 0.019120 -0.045883 -0.064027
v 0.019003 -0.045938 -0.063961
v 0.019069 -0.045907 -0.063980
v -0.035042 0.026153 -0.085365
v -0.036859 0.023732 -0.085233
v -0.040574 0.018781 -0.084964
v -0.040849 0.018414 -0.084944
v -0.043226 0.013267 -0.084702
v -0.044906 0.009630 -0.084531
v -0.047032 0.000190 -0.084142
v -0.045207 -0.018974 -0.083508
v -0.047134 -0.009487 -0.083796
v -0.047126 -0.008718 -0.083824
v -0.041337 -0.027848 -0.083289
v -0.040547 -0.028950 -0.083270
v -0.041262 -0.027952 -0.083288
v -0.033548 -0.037669 -0.083136
v -0.035694 -0.035718 -0.083151
v -0.036826 -0.034139 -0.083179
v 0.030581 -0.037807 -0.045899
v 0.033018 -0.035739 -0.084870
v 0.033988 -0.034362 -0.046107
v 0.034147 -0.034161 -0.084954
v 0.037012 -0.030578 -0.046317
v 0.037862 -0.028974 -0.085231
v 0.039621 -0.026497 -0.046527
v 0.038577 -0.027977 -0.085285
v 0.038651 -0.027873 -0.085290
v 0.041786 -0.022163 -0.046735
v 0.042512 -0.019001 -0.085702
v 0.043482 -0.017624 -0.046939
v 0.044690 -0.012933 -0.047135
v 0.044428 -0.009516 -0.086087
v 0.045398 -0.008139 -0.047323
v 0.044419 -0.008747 -0.086114
v 0.045597 -0.003298 -0.047500
v 0.044315 0.000162 -0.086428
v 0.045285 0.001538 -0.047664
v 0.044465 0.006315 -0.047813
v 0.042177 0.009603 -0.086709
v 0.043147 0.010980 -0.047946
v 0.041346 0.015480 -0.048061
v 0.040494 0.013241 -0.086796
v 0.039080 0.019766 -0.048156
v 0.032294 0.026132 -0.087049
v 0.033264 0.027509 -0.048286
v 0.034114 0.023710 -0.087009
v 0.036377 0.023791 -0.048231
v 0.037835 0.018756 -0.086926
v 0.038110 0.018390 -0.086920
v -0.033553 -0.027955 -0.083480
v -0.036829 -0.027954 -0.083398
v -0.001334 -0.042456 -0.083772
v -0.001343 -0.027965 -0.084286
v -0.040547 -0.027953 -0.083305
v -0.036840 -0.008721 -0.084081
v -0.040558 -0.008720 -0.083988
v -0.033565 -0.008722 -0.084163
v -0.040571 0.013266 -0.084769
v -0.036853 0.013265 -0.084862
v -0.033586 0.028466 -0.085483
v -0.033577 0.013264 -0.084944
v 0.034120 0.013243 -0.086637
v 0.037838 0.013242 -0.086730
v 0.034133 -0.008743 -0.085857
v 0.037851 -0.008744 -0.085950
v 0.026509 0.040844 -0.087427
v 0.026509 0.040792 -0.087425
v -0.001366 0.013254 -0.085749
v 0.026609 0.040792 -0.087427
v 0.028109 0.040390 -0.087451
v 0.029207 0.039292 -0.087439
v 0.030308 0.029283 -0.087111
v 0.029612 0.032940 -0.087224
v 0.029610 0.037793 -0.087396
v -0.001354 -0.008732 -0.084969
v 0.034144 -0.027976 -0.085174
v 0.037862 -0.027977 -0.085267
v -0.029374 0.040809 -0.086027
v -0.029274 0.040809 -0.086029
v -0.001382 0.040853 -0.086729
v -0.029274 0.040861 -0.086031
v -0.033060 0.029302 -0.085526
v -0.032368 0.032959 -0.085673
v -0.032371 0.037812 -0.085845
v -0.031970 0.039311 -0.085909
v -0.030873 0.040408 -0.085975
v -0.028640 0.043576 0.003241
v -0.027141 0.043977 0.003189
v -0.029737 0.042479 0.003307
v -0.030138 0.040980 0.003370
v 0.031842 0.040961 0.001820
v 0.031440 0.042460 0.001777
v 0.030341 0.043558 0.001765
v 0.028842 0.043960 0.001789
v 0.031848 0.032032 0.002137
v -0.030133 0.031766 0.003698
v -0.022355 -0.045782 -0.067126
v -0.022361 -0.045790 -0.067350
v -0.020913 -0.046511 -0.067360
v -0.020879 -0.046481 -0.066393
v -0.022349 -0.045773 -0.066869
v -0.020896 -0.046505 -0.067049
v -0.020905 -0.046508 -0.067214
v -0.020762 -0.046513 -0.065883
v -0.020468 -0.046631 -0.065467
v -0.020826 -0.046389 -0.063915
v -0.020398 -0.046661 -0.065409
v -0.020329 -0.046690 -0.065351
v -0.020124 -0.046791 -0.065510
v -0.019097 -0.047194 -0.064450
v -0.018923 -0.047274 -0.064591
v -0.019424 -0.047128 -0.066056
v -0.018113 -0.047720 -0.067080
v -0.017742 -0.047876 -0.067300
v -0.017302 -0.048048 -0.067384
v -0.015439 -0.048705 -0.067407
v -0.019037 -0.047218 -0.064404
v -0.015293 -0.048498 -0.061570
v -0.017156 -0.047841 -0.061546
v -0.017982 -0.047534 -0.061832
v -0.017600 -0.047675 -0.061620
v -0.022246 -0.045627 -0.062748
v -0.022229 -0.045627 -0.062570
v -0.021990 -0.045723 -0.062000
v -0.021505 -0.045947 -0.061589
v -0.020903 -0.046236 -0.061448
v -0.020765 -0.046301 -0.061450
v 0.020525 -0.045746 -0.066799
v 0.020485 -0.045803 -0.068409
v 0.013844 -0.048622 -0.068143
v 0.012567 -0.048993 -0.066786
v 0.012698 -0.048970 -0.067392
v 0.013099 -0.048859 -0.067879
v 0.013666 -0.048681 -0.068124
v 0.012591 -0.048960 -0.065832
v 0.013929 -0.048496 -0.064565
v 0.013328 -0.048697 -0.064688
v 0.012848 -0.048860 -0.065082
v 0.012607 -0.048950 -0.065652
v 0.019127 -0.046396 -0.064769
v 0.019144 -0.046372 -0.064093
v 0.019004 -0.046436 -0.063943
v 0.019070 -0.046405 -0.063962
v 0.019120 -0.046382 -0.064010
v 0.019144 -0.046372 -0.064074
v 0.012819 -0.048830 -0.063703
v 0.012823 -0.048825 -0.063565
v 0.014165 -0.048356 -0.062305
v 0.013560 -0.048560 -0.062428
v 0.013078 -0.048726 -0.062823
v 0.012839 -0.048815 -0.063388
v 0.019321 -0.046250 -0.062508
v 0.020598 -0.045642 -0.063874
v 0.020569 -0.045651 -0.063560
v 0.020468 -0.045696 -0.063266
v 0.020066 -0.045890 -0.062777
v 0.019499 -0.046165 -0.062528
v 0.013495 -0.048595 -0.062935
v 0.019033 -0.046473 -0.066100
v 0.019077 -0.046453 -0.066154
v 0.014115 -0.048470 -0.065897
v 0.014181 -0.048446 -0.065883
v 0.018952 -0.046511 -0.066071
v 0.018971 -0.046502 -0.066073
v 0.019091 -0.046448 -0.066220
v 0.019074 -0.046472 -0.066901
v 0.014160 -0.048476 -0.066707
v 0.014141 -0.048482 -0.066705
v 0.014079 -0.048503 -0.066678
v 0.014062 -0.048489 -0.065940
v 0.014036 -0.048499 -0.066002
v 0.014034 -0.048500 -0.066021
v 0.014021 -0.048519 -0.066559
v 0.014035 -0.048516 -0.066625
v 0.018951 -0.046013 -0.066089
v 0.014181 -0.047971 -0.065900
v 0.018971 -0.046004 -0.066091
v 0.019033 -0.045974 -0.066118
v 0.019076 -0.045955 -0.066171
v 0.019091 -0.045949 -0.066238
v 0.019074 -0.045973 -0.066919
v 0.014160 -0.048000 -0.066724
v 0.014141 -0.048007 -0.066722
v 0.014079 -0.048027 -0.066695
v 0.014035 -0.048041 -0.066642
v 0.014021 -0.048044 -0.066576
v 0.014034 -0.048025 -0.066038
v 0.014036 -0.048024 -0.066019
v 0.014062 -0.048013 -0.065957
v 0.014115 -0.047994 -0.065914
v -0.014660 -0.048747 -0.062648
v -0.014677 -0.048750 -0.062826
v -0.014421 -0.048796 -0.062079
v -0.014007 -0.048926 -0.062181
v -0.013938 -0.048924 -0.061673
v -0.014792 -0.048913 -0.067428
v -0.013345 -0.049340 -0.067449
v -0.013197 -0.049130 -0.061538
v -0.013334 -0.049092 -0.061536
v -0.005214 -0.050827 -0.067442
v -0.004731 -0.050854 -0.067039
v -0.005912 -0.050697 -0.065856
v -0.005100 -0.050626 -0.061834
v -0.005584 -0.050594 -0.062237
v -0.005169 -0.050639 -0.062341
v -0.005823 -0.050590 -0.062804
v -0.005840 -0.050595 -0.062982
v -0.004491 -0.050852 -0.066472
v -0.004475 -0.050847 -0.066294
v -0.004360 -0.050684 -0.061705
v -0.004497 -0.050673 -0.061701
v -0.012188 -0.049448 -0.062739
v -0.012204 -0.049451 -0.062917
v -0.010765 -0.049804 -0.063260
v -0.011575 -0.049788 -0.067332
v -0.011092 -0.049882 -0.066927
v -0.011508 -0.049783 -0.066824
v -0.010852 -0.049912 -0.066358
v -0.010836 -0.049908 -0.066181
v -0.012318 -0.049612 -0.067465
v -0.012178 -0.049648 -0.067467
v -0.009864 -0.049945 -0.062111
v -0.009889 -0.049939 -0.062086
v -0.010224 -0.049860 -0.061812
v -0.006524 -0.050682 -0.067274
v -0.006122 -0.050738 -0.067519
v -0.005830 -0.050772 -0.067574
v -0.005817 -0.050773 -0.067574
v -0.010839 -0.049721 -0.061631
v -0.010862 -0.049716 -0.061630
v -0.011465 -0.049583 -0.061765
v -0.011949 -0.049484 -0.062171
v -0.009839 -0.049951 -0.062137
v -0.005912 -0.050697 -0.065853
v 0.008548 -0.050007 -0.066346
v 0.008506 -0.050067 -0.068005
v 0.009050 -0.049946 -0.067891
v 0.009544 -0.049822 -0.067476
v 0.010648 -0.049417 -0.062833
v 0.011806 -0.049088 -0.062220
v 0.010748 -0.049387 -0.062702
v 0.011235 -0.049249 -0.062338
v 0.009594 -0.049809 -0.067407
v 0.009604 -0.049806 -0.067392
v 0.012681 -0.048832 -0.062250
v 0.005508 -0.050397 -0.062015
v 0.004635 -0.050508 -0.061990
v 0.007432 -0.050255 -0.067305
v 0.006168 -0.050308 -0.062212
v 0.006607 -0.050253 -0.062654
v 0.007450 -0.050253 -0.067337
v 0.007910 -0.050181 -0.067820
v 0.008432 -0.050082 -0.068001
v 0.004413 -0.050576 -0.063293
v 0.004282 -0.050571 -0.062690
v 0.003880 -0.050598 -0.062205
v 0.003314 -0.050644 -0.061964
v 0.003136 -0.050659 -0.061947
v -0.002054 -0.050807 -0.061812
v -0.002657 -0.050791 -0.061943
v -0.003141 -0.050784 -0.062345
v -0.003380 -0.050793 -0.062912
v -0.003397 -0.050798 -0.063090
v -0.003477 -0.050913 -0.066316
v -0.003347 -0.050942 -0.066919
v -0.002945 -0.050979 -0.067401
v -0.002378 -0.051008 -0.067640
v -0.002200 -0.051014 -0.067656
v 0.002990 -0.050867 -0.067791
v 0.003593 -0.050807 -0.067663
v 0.004076 -0.050744 -0.067263
v 0.004315 -0.050699 -0.066698
v 0.004332 -0.050691 -0.066520
v 0.002892 -0.050822 -0.066190
v 0.002892 -0.050370 -0.066206
v 0.002890 -0.050371 -0.066226
v 0.002890 -0.050822 -0.066210
v 0.002863 -0.050376 -0.066292
v 0.002863 -0.050827 -0.066276
v 0.002808 -0.050382 -0.066338
v 0.002808 -0.050833 -0.066322
v 0.002737 -0.050388 -0.066353
v 0.002737 -0.050839 -0.066337
v 0.002959 -0.050727 -0.063540
v 0.002958 -0.050276 -0.063556
v 0.002811 -0.050734 -0.063385
v 0.002811 -0.050283 -0.063401
v 0.002831 -0.050282 -0.063403
v 0.002831 -0.050733 -0.063387
v 0.002896 -0.050277 -0.063430
v 0.002897 -0.050728 -0.063414
v 0.002943 -0.050275 -0.063486
v 0.002943 -0.050726 -0.063470
v -0.001802 -0.050865 -0.063265
v -0.001802 -0.050415 -0.063281
v -0.001956 -0.050867 -0.063412
v -0.001957 -0.050417 -0.063428
v -0.001955 -0.050416 -0.063408
v -0.001955 -0.050866 -0.063392
v -0.001928 -0.050415 -0.063343
v -0.001928 -0.050864 -0.063327
v -0.001873 -0.050414 -0.063296
v -0.001872 -0.050864 -0.063280
v -0.002023 -0.050961 -0.066064
v -0.002023 -0.050511 -0.066080
v -0.001877 -0.050970 -0.066217
v -0.001877 -0.050520 -0.066233
v -0.001897 -0.050519 -0.066231
v -0.001897 -0.050969 -0.066215
v -0.001962 -0.050517 -0.066204
v -0.001962 -0.050967 -0.066188
v -0.002008 -0.050514 -0.066149
v -0.002008 -0.050964 -0.066134
v 0.019021 -0.045981 -0.066163
v 0.014090 -0.048022 -0.066650
v 0.014108 -0.047998 -0.065969
v 0.002815 -0.050379 -0.066280
v 0.002885 -0.050280 -0.063479
v -0.001880 -0.050416 -0.063354
v -0.001950 -0.050516 -0.066156
v 0.028739 0.044009 0.001689
v 0.025815 0.044116 0.004761
v 0.028375 0.044062 0.003198
v 0.027305 0.044101 0.004322
v -0.027043 0.044026 0.003085
v -0.026604 0.044079 0.004573
v -0.025479 0.044118 0.005643
v -0.023969 0.044131 0.006007
v -0.025549 0.044067 0.005704
v -0.026209 0.044052 0.005286
v -0.027243 0.043689 0.006387
v -0.026660 0.044029 0.004648
v -0.026884 0.044018 0.004330
v -0.028255 0.043637 0.004953
v -0.026954 0.041160 0.008400
v -0.026297 0.041176 0.008816
v -0.026153 0.042661 0.008388
v -0.029176 0.041084 0.006288
v -0.028275 0.041130 0.007565
v -0.027999 0.042619 0.007221
v -0.029624 0.041061 0.005653
v -0.029258 0.042555 0.005437
v -0.025220 0.044075 0.005912
v -0.025759 0.043723 0.007325
v -0.023990 0.041191 0.009215
v -0.024001 0.042676 0.008760
v -0.024029 0.043734 0.007624
v -0.024067 0.044083 0.006111
v 0.028434 0.044012 0.003270
v 0.028016 0.044035 0.003930
v 0.029103 0.043671 0.004977
v 0.027378 0.044051 0.004380
v 0.027060 0.044059 0.004604
v 0.027668 0.043706 0.005988
v 0.031027 0.041066 0.004782
v 0.031443 0.041042 0.004125
v 0.031067 0.042536 0.003928
v 0.028914 0.041143 0.007003
v 0.030192 0.041112 0.006103
v 0.029900 0.042601 0.005772
v 0.025994 0.041176 0.007964
v 0.028278 0.041159 0.007451
v 0.025983 0.042660 0.007510
v 0.028114 0.042645 0.007030
v 0.025955 0.043719 0.006374
v 0.025918 0.044067 0.004861
v 0.028642 0.044001 0.002941
v 0.030042 0.043619 0.003494
v -0.023987 0.036644 0.009376
v -0.025545 0.035576 0.009248
v -0.029704 0.032182 0.005766
v -0.029255 0.032594 0.006649
v -0.028238 0.033479 0.007867
v -0.027005 0.034482 0.008724
v -0.015012 0.041188 0.008990
v -0.021832 0.037968 0.009275
v 0.003513 0.043980 0.006283
v 0.001686 0.044031 0.006094
v -0.001041 0.043993 0.006351
v 0.005923 0.043807 0.006708
v 0.006700 0.043725 0.006855
v 0.012556 0.042665 0.007845
v 0.015345 0.041796 0.008042
v 0.017330 0.041178 0.008181
v -0.013036 0.041805 0.008751
v -0.010260 0.042672 0.008416
v -0.004460 0.043728 0.007134
v -0.003689 0.043788 0.006958
v 0.025997 0.036831 0.008119
v 0.024154 0.037953 0.008125
v 0.031806 0.032120 0.003005
v 0.027546 0.035781 0.007912
v 0.028977 0.034704 0.007315
v 0.030171 0.033714 0.006391
v 0.031119 0.032848 0.005129
v 0.031557 0.032407 0.004124
v -0.023968 0.042080 0.006080
v -0.025478 0.042067 0.005716
v -0.026603 0.042028 0.004646
v -0.027042 0.041975 0.003158
v -0.027140 0.041979 0.003260
v -0.026700 0.042032 0.004748
v -0.025575 0.042070 0.005818
v -0.024066 0.042084 0.006182
v 0.025919 0.042069 0.004932
v 0.027408 0.042054 0.004493
v 0.028479 0.042014 0.003368
v 0.028843 0.041961 0.001859
v 0.014291 0.042072 0.005223
v 0.005541 0.043795 0.005380
v -0.003376 0.043798 0.005603
v -0.012124 0.042080 0.005883
v 0.014288 0.042069 0.005123
v 0.005538 0.043792 0.005280
v -0.003379 0.043794 0.005504
v -0.012126 0.042077 0.005783
v 0.025816 0.042065 0.004834
v 0.028740 0.041958 0.001762
v 0.028376 0.042011 0.003271
v 0.027306 0.042050 0.004395
v 0.007093 0.045468 0.053478
v -0.028478 0.033923 0.054778
v -0.034906 0.026783 0.055192
v -0.020703 0.039569 0.054383
v -0.011923 0.043476 0.054024
v -0.002521 0.045471 0.053718
v 0.016498 0.043467 0.053313
v 0.025282 0.039555 0.053232
v 0.033063 0.033904 0.053238
v 0.039500 0.026760 0.053331
v -0.042663 -0.009794 0.056685
v -0.043673 -0.000235 0.056371
v -0.039687 -0.018935 0.056935
v -0.034875 -0.027259 0.057111
v -0.028438 -0.034403 0.057203
v -0.020657 -0.040055 0.057209
v -0.011872 -0.043966 0.057128
v -0.014414 -0.047573 -0.044426
v -0.009764 -0.048820 -0.044498
v -0.002468 -0.045967 0.056964
v -0.005009 -0.049574 -0.044590
v -0.000202 -0.049827 -0.044702
v 0.007146 -0.045970 0.056723
v 0.004604 -0.049577 -0.044831
v 0.009358 -0.048826 -0.044977
v 0.016548 -0.043975 0.056417
v 0.014007 -0.047582 -0.045137
v 0.018499 -0.045859 -0.045311
v 0.025328 -0.040069 0.056059
v 0.022787 -0.043675 -0.045496
v 0.026822 -0.041056 -0.045690
v 0.033103 -0.034422 0.055664
v 0.030561 -0.038029 -0.045891
v 0.033963 -0.034627 -0.046097
v 0.039531 -0.027282 0.055249
v 0.036990 -0.030889 -0.046305
v 0.039609 -0.026854 -0.046514
v 0.044333 -0.018961 0.054833
v 0.041792 -0.022567 -0.046721
v 0.043514 -0.018076 -0.046923
v 0.047299 -0.009822 0.054435
v 0.044757 -0.013428 -0.047119
v 0.045507 -0.008676 -0.047307
v 0.048298 -0.000264 0.054070
v 0.045757 -0.003870 -0.047484
v 0.045502 0.000935 -0.047648
v 0.047288 0.009294 0.053756
v 0.044746 0.005688 -0.047798
v 0.043498 0.010336 -0.047932
v 0.044312 0.018435 0.053506
v 0.041770 0.014829 -0.048048
v 0.039582 0.019117 -0.048146
v 0.036959 0.023153 -0.048223
v -0.039708 0.018461 0.055608
v -0.042674 0.009322 0.056007
v 0.031358 -0.030632 -0.066690
v 0.034836 -0.025562 -0.075216
v 0.034812 0.015912 -0.076689
v 0.037825 0.010330 -0.068307
v -0.037045 0.015934 -0.074891
v -0.039638 0.010354 -0.066369
v -0.037021 -0.025540 -0.073419
v -0.033125 -0.030612 -0.065077
v 0.002275 -0.045600 0.057433
v 0.006942 -0.045360 0.057315
v 0.016368 -0.043352 0.057024
v 0.016229 -0.043406 0.057030
v 0.011734 -0.044606 0.057177
v 0.007096 -0.045336 0.057311
v 0.020719 -0.041688 0.056864
v 0.024907 -0.039561 0.056691
v 0.032678 -0.033910 0.056309
v 0.032596 -0.033992 0.056314
v 0.028957 -0.036935 0.056503
v 0.025021 -0.039487 0.056686
v 0.036006 -0.030585 0.056114
v 0.038957 -0.026943 0.055915
v 0.043734 -0.018663 0.055510
v 0.043711 -0.018722 0.055513
v 0.041566 -0.022930 0.055712
v 0.039007 -0.026866 0.055912
v 0.045431 -0.014236 0.055313
v 0.046647 -0.009689 0.055124
v 0.047391 -0.004987 0.054939
v 0.046652 -0.009657 0.055122
v 0.046635 0.009209 0.054453
v 0.046643 0.009178 0.054454
v 0.047387 0.004492 0.054603
v 0.047637 -0.000240 0.054765
v 0.045404 0.013792 0.054319
v 0.043715 0.018186 0.054202
v 0.038980 0.026394 0.054021
v 0.041557 0.022424 0.054102
v 0.043686 0.018243 0.054201
v 0.032553 0.033516 0.053918
v 0.032643 0.033443 0.053918
v 0.035960 0.030124 0.053959
v 0.038922 0.026465 0.054020
v 0.028908 0.036470 0.053898
v 0.024979 0.039025 0.053899
v 0.016177 0.042934 0.053965
v 0.016321 0.042896 0.053963
v 0.020700 0.041210 0.053921
v 0.024858 0.039086 0.053899
v 0.011648 0.044152 0.054027
v 0.007045 0.044885 0.054108
v -0.002390 -0.045350 0.057541
v -0.011672 -0.043375 0.057703
v -0.020343 -0.039514 0.057783
v -0.028022 -0.033937 0.057777
v -0.034375 -0.026886 0.057685
v -0.039124 -0.018670 0.057512
v -0.042061 -0.009648 0.057266
v -0.043058 -0.000214 0.056955
v -0.042072 0.009219 0.056596
v -0.039145 0.018239 0.056202
v -0.034406 0.026452 0.055792
v -0.028061 0.033498 0.055383
v -0.020388 0.039071 0.054993
v -0.011722 0.042927 0.054639
v -0.002443 0.044896 0.054337
v 0.002223 0.045143 0.054211
v 0.006890 0.044893 0.054112
v -0.043800 -0.000193 0.057574
v -0.042085 0.010379 0.085782
v -0.042800 0.009365 0.057209
v -0.039120 0.019519 0.085384
v -0.039835 0.018504 0.056811
v -0.034318 0.027840 0.084968
v -0.035033 0.026826 0.056395
v -0.027889 0.034980 0.084554
v -0.028604 0.033966 0.055981
v -0.020115 0.040627 0.084158
v -0.020830 0.039612 0.055585
v -0.011335 0.044533 0.083800
v -0.012050 0.043518 0.055227
v -0.001932 0.046528 0.083494
v -0.002647 0.045514 0.054921
v 0.007681 0.046525 0.083253
v 0.006966 0.045511 0.054680
v 0.017086 0.044524 0.083089
v 0.016371 0.043510 0.054516
v 0.025871 0.040612 0.083008
v 0.025156 0.039598 0.054435
v 0.033652 0.034961 0.083014
v 0.032937 0.033946 0.054441
v 0.040089 0.027817 0.083107
v 0.039373 0.026802 0.054534
v 0.044900 0.019493 0.083282
v 0.044185 0.018478 0.054709
v 0.047876 0.010351 0.083532
v 0.047161 0.009337 0.054959
v 0.048887 0.000793 0.083846
v 0.048172 -0.000221 0.055273
v 0.047887 -0.008764 0.084211
v 0.047172 -0.009779 0.055638
v 0.044922 -0.017904 0.084609
v 0.044207 -0.018918 0.056036
v 0.040120 -0.026225 0.085025
v 0.039405 -0.027240 0.056452
v 0.033691 -0.033365 0.085439
v 0.032976 -0.034380 0.056866
v 0.025917 -0.039012 0.085835
v 0.025202 -0.040026 0.057261
v 0.017137 -0.042918 0.086193
v 0.016421 -0.043933 0.057620
v 0.007734 -0.044913 0.086499
v 0.007019 -0.045928 0.057926
v -0.001879 -0.044910 0.086740
v -0.002594 -0.045925 0.058167
v -0.011284 -0.042909 0.086904
v -0.011999 -0.043924 0.058331
v -0.020069 -0.038997 0.086985
v -0.020784 -0.040012 0.058412
v -0.027850 -0.033346 0.086979
v -0.028565 -0.034361 0.058406
v -0.034287 -0.026202 0.086886
v -0.035002 -0.027217 0.058313
v -0.039098 -0.017878 0.086711
v -0.039813 -0.018892 0.058138
v -0.042074 -0.008736 0.086461
v -0.042789 -0.009751 0.057888
v -0.043085 0.000822 0.086147
v -0.002547 -0.045350 0.057544
v -0.002599 0.044896 0.054341
v -0.011829 -0.043375 0.057707
v -0.020499 -0.039514 0.057786
v -0.028179 -0.033937 0.057781
v -0.034532 -0.026886 0.057689
v -0.039280 -0.018670 0.057516
v -0.042218 -0.009648 0.057269
v -0.043215 -0.000214 0.056959
v -0.042229 0.009219 0.056600
v -0.039302 0.018239 0.056206
v -0.034562 0.026452 0.055796
v -0.028218 0.033499 0.055387
v -0.020545 0.039071 0.054997
v -0.011879 0.042927 0.054643
v 0.002275 -0.044201 0.057383
v -0.000185 -0.044135 0.057442
v 0.002600 -0.043739 0.070371
v 0.000560 -0.043078 0.087214
v 0.009637 -0.043162 0.070174
v 0.010057 -0.042566 0.086958
v 0.018801 -0.040621 0.069855
v 0.019221 -0.040025 0.086639
v 0.027201 -0.036170 0.069486
v 0.027622 -0.035574 0.086270
v 0.034447 -0.030017 0.069086
v 0.034867 -0.029421 0.085871
v 0.040199 -0.022449 0.068674
v 0.040619 -0.021853 0.085458
v 0.044188 -0.013821 0.068267
v 0.044608 -0.013225 0.085052
v 0.046227 -0.004535 0.067887
v 0.046647 -0.003939 0.084671
v 0.046222 0.004973 0.067549
v 0.046642 0.005569 0.084333
v 0.044172 0.014260 0.067271
v 0.044592 0.014856 0.084055
v 0.040173 0.022891 0.067064
v 0.040593 0.023487 0.083848
v 0.034412 0.030463 0.066940
v 0.034832 0.031059 0.083724
v 0.027159 0.036621 0.066902
v 0.027579 0.037217 0.083686
v 0.018753 0.041077 0.066954
v 0.019173 0.041673 0.083739
v 0.009587 0.043624 0.067093
v 0.010007 0.044220 0.083878
v 0.002549 0.044205 0.067249
v 0.000509 0.044737 0.084097
v -0.041560 0.004539 0.056749
v -0.040047 0.010295 0.086335
v -0.041070 0.000842 0.086696
v -0.040792 0.009238 0.056563
v -0.039521 0.013825 0.056368
v -0.037015 0.019305 0.085939
v -0.037761 0.018247 0.056167
v -0.035532 0.022453 0.055962
v -0.032116 0.027451 0.085527
v -0.032862 0.026393 0.055755
v -0.029780 0.030021 0.055549
v -0.025579 0.034352 0.085119
v -0.018455 0.038628 0.054960
v -0.017710 0.039685 0.084732
v -0.022535 0.036175 0.055150
v -0.026325 0.033294 0.055347
v -0.014134 0.040626 0.054781
v -0.011898 0.041446 0.054696
v -0.008876 0.043202 0.084386
v -0.009621 0.042145 0.054614
v -0.007310 0.042719 0.054536
v 0.002224 0.043744 0.054261
v -0.000236 0.043680 0.054325
v -0.002610 0.043488 0.054391
v -0.004970 0.043167 0.054462
v -0.009572 -0.042594 0.057622
v -0.008827 -0.041537 0.087394
v -0.007260 -0.043170 0.057585
v -0.004920 -0.043619 0.057542
v -0.011850 -0.041895 0.057655
v -0.014086 -0.041073 0.057681
v -0.017665 -0.038015 0.087490
v -0.018410 -0.039072 0.057719
v -0.022493 -0.036616 0.057733
v -0.025541 -0.032676 0.087498
v -0.026286 -0.033734 0.057726
v -0.029745 -0.030458 0.057696
v -0.032086 -0.025771 0.087417
v -0.032831 -0.026828 0.057645
v -0.035506 -0.022887 0.057572
v -0.036994 -0.017622 0.087250
v -0.037739 -0.018680 0.057478
v -0.039505 -0.014256 0.057365
v -0.040036 -0.008611 0.087006
v -0.040781 -0.009668 0.057234
v -0.041555 -0.004969 0.057087
v -0.041815 -0.000215 0.056924
v 0.007686 -0.044296 0.087079
v 0.016966 -0.042326 0.086777
v 0.025632 -0.038471 0.086423
v 0.033305 -0.032898 0.086033
v 0.039649 -0.025851 0.085624
v 0.044389 -0.017638 0.085214
v 0.047315 -0.008618 0.084820
v 0.048302 0.000815 0.084461
v 0.047305 0.010248 0.084151
v 0.044367 0.019270 0.083904
v 0.039618 0.027486 0.083731
v 0.033266 0.034537 0.083639
v 0.025586 0.040115 0.083633
v 0.016916 0.043975 0.083713
v 0.007634 0.045950 0.083876
v -0.001854 0.045953 0.084113
v -0.011134 0.043984 0.084415
v -0.019800 0.040129 0.084769
v -0.027472 0.034556 0.085159
v -0.033817 0.027509 0.085568
v -0.038557 0.019296 0.085978
v -0.041483 0.010276 0.086372
v -0.042470 0.000843 0.086731
v -0.041473 -0.008591 0.087041
v -0.038535 -0.017613 0.087288
v -0.033786 -0.025828 0.087461
v -0.027434 -0.032879 0.087553
v -0.019754 -0.038457 0.087558
v -0.011084 -0.042318 0.087479
v -0.001802 -0.044293 0.087316
v -0.041096 0.004837 0.069739
v -0.041091 -0.004345 0.070065
v -0.006584 0.043233 0.067512
v -0.015314 0.040386 0.067832
v -0.023260 0.035787 0.068194
v -0.030077 0.029639 0.068583
v -0.035466 0.022208 0.068981
v -0.039193 0.013819 0.069373
v -0.039178 -0.013328 0.070336
v -0.035441 -0.021719 0.070541
v -0.030043 -0.029153 0.070670
v -0.023219 -0.035306 0.070717
v -0.015267 -0.039909 0.070682
v -0.006534 -0.042762 0.070565
v -0.015593 -0.040370 0.057694
v -0.013468 -0.041254 0.057672
v -0.011300 -0.042025 0.057645
v -0.009095 -0.042682 0.057614
v -0.006859 -0.043223 0.057577
v -0.019689 -0.038277 0.057722
v -0.023544 -0.035767 0.057730
v -0.027117 -0.032869 0.057716
v -0.030368 -0.029614 0.057682
v -0.033262 -0.026038 0.057627
v -0.035766 -0.022180 0.057553
v -0.037854 -0.018082 0.057460
v -0.039503 -0.013789 0.057349
v -0.040694 -0.009347 0.057221
v -0.041416 -0.004806 0.057077
v -0.041659 -0.000215 0.056920
v -0.041421 0.004376 0.056751
v -0.040705 0.008917 0.056572
v -0.039518 0.013358 0.056385
v -0.037875 0.017650 0.056191
v -0.035791 0.021747 0.055994
v -0.033291 0.025604 0.055794
v -0.030402 0.029178 0.055595
v -0.027155 0.032431 0.055398
v -0.023585 0.035326 0.055206
v -0.019733 0.037833 0.055021
v -0.015639 0.039924 0.054844
v -0.011349 0.041577 0.054678
v -0.009144 0.042232 0.054599
v -0.000075 0.043680 0.054321
v -0.002368 0.043497 0.054385
v -0.004648 0.043194 0.054453
v -0.006909 0.042772 0.054524
v -0.034320 -0.028058 -0.044621
v -0.033236 -0.027464 -0.044669
v -0.031999 -0.027463 -0.044700
v -0.030703 -0.028339 -0.044701
v -0.030424 -0.028680 -0.044696
v -0.034553 -0.031456 -0.044494
v -0.030115 -0.029788 -0.044665
v -0.033561 -0.032195 -0.044493
v -0.032337 -0.032368 -0.044517
v -0.031180 -0.031933 -0.044562
v -0.030373 -0.030997 -0.044615
v -0.034985 -0.029100 -0.044567
v -0.035070 -0.030333 -0.044521
v -0.030979 -0.027995 -0.044707
v -0.032434 -0.027422 -0.045056
v -0.032622 -0.027401 -0.045098
v -0.032003 -0.029399 -0.045132
v -0.033244 -0.027505 -0.045148
v -0.033427 -0.027535 -0.045162
v -0.030475 -0.031178 -0.045107
v -0.030386 -0.031014 -0.045110
v -0.030177 -0.030417 -0.045052
v -0.030160 -0.030228 -0.045013
v -0.030121 -0.029797 -0.044925
v -0.032006 -0.027472 -0.044960
v -0.031192 -0.031951 -0.045061
v -0.034332 -0.028076 -0.045120
v -0.034566 -0.031474 -0.044994
v -0.033574 -0.032213 -0.044993
v -0.032349 -0.032386 -0.045017
v -0.034998 -0.029117 -0.045067
v -0.035083 -0.030350 -0.045021
v -0.035678 -0.023438 -0.044751
v -0.035221 -0.023896 -0.044746
v -0.036303 -0.024520 -0.044697
v -0.035053 -0.024520 -0.044728
v -0.035220 -0.025145 -0.044702
v -0.037385 -0.023895 -0.044692
v -0.036928 -0.023438 -0.044720
v -0.036303 -0.023271 -0.044741
v -0.036927 -0.025602 -0.044643
v -0.037384 -0.025144 -0.044648
v -0.037552 -0.024520 -0.044666
v -0.035677 -0.025602 -0.044674
v -0.036302 -0.025769 -0.044653
v -0.035107 -0.024214 -0.045211
v -0.035232 -0.023912 -0.045212
v -0.035431 -0.023654 -0.045222
v -0.036089 -0.023309 -0.045246
v -0.035691 -0.023456 -0.045238
v -0.035065 -0.024538 -0.045215
v -0.035137 -0.024956 -0.045211
v -0.035232 -0.025163 -0.045201
v -0.035690 -0.025620 -0.045174
v -0.036314 -0.025787 -0.045152
v -0.036939 -0.025619 -0.045142
v -0.037397 -0.025162 -0.045147
v -0.037565 -0.024537 -0.045165
v -0.037398 -0.023913 -0.045192
v -0.036940 -0.023456 -0.045219
v -0.036316 -0.023288 -0.045241
v -0.035623 -0.024138 -0.045228
v -0.037877 0.013244 -0.045999
v -0.036962 0.012329 -0.045989
v -0.039126 0.011081 -0.045891
v -0.036627 0.011080 -0.045953
v -0.036961 0.009831 -0.045900
v -0.041291 0.012331 -0.045881
v -0.040377 0.013245 -0.045936
v -0.039127 0.013579 -0.045979
v -0.040374 0.008918 -0.045782
v -0.041289 0.009832 -0.045792
v -0.041625 0.011082 -0.045828
v -0.037875 0.008917 -0.045845
v -0.039124 0.008582 -0.045802
v -0.041637 0.011064 -0.046328
v -0.041303 0.012313 -0.046380
v -0.040389 0.013227 -0.046436
v -0.039140 0.013562 -0.046479
v -0.037890 0.013226 -0.046498
v -0.036975 0.012312 -0.046489
v -0.036639 0.011062 -0.046453
v -0.036973 0.009813 -0.046400
v -0.037887 0.008899 -0.046345
v -0.039137 0.008565 -0.046301
v -0.040387 0.008900 -0.046282
v -0.041302 0.009815 -0.046292
v -0.039138 0.011063 -0.046390
v -0.035702 0.018036 -0.046223
v -0.035245 0.017578 -0.046218
v -0.036326 0.016954 -0.046169
v -0.035077 0.016954 -0.046200
v -0.035244 0.016329 -0.046174
v -0.037409 0.017579 -0.046164
v -0.036952 0.018036 -0.046192
v -0.036327 0.018203 -0.046213
v -0.036951 0.015872 -0.046115
v -0.037408 0.016330 -0.046120
v -0.037576 0.016954 -0.046138
v -0.035701 0.015872 -0.046146
v -0.036326 0.015705 -0.046125
v -0.037589 0.016937 -0.046637
v -0.037422 0.017561 -0.046664
v -0.036964 0.018018 -0.046691
v -0.036340 0.018185 -0.046713
v -0.035715 0.018018 -0.046723
v -0.035257 0.017561 -0.046718
v -0.035089 0.016936 -0.046700
v -0.035256 0.016311 -0.046674
v -0.035714 0.015854 -0.046646
v -0.036338 0.015687 -0.046624
v -0.036963 0.015855 -0.046615
v -0.037421 0.016312 -0.046619
v -0.036339 0.016936 -0.046669
v 0.039586 0.013220 -0.047936
v 0.040501 0.012305 -0.047927
v 0.038337 0.011057 -0.047828
v 0.040836 0.011056 -0.047891
v 0.040502 0.009807 -0.047838
v 0.036172 0.012307 -0.047819
v 0.037086 0.013221 -0.047874
v 0.038336 0.013555 -0.047917
v 0.037089 0.008893 -0.047720
v 0.036174 0.009808 -0.047730
v 0.035838 0.011058 -0.047766
v 0.039588 0.008893 -0.047783
v 0.038339 0.008558 -0.047740
v 0.035825 0.011040 -0.048265
v 0.036160 0.012289 -0.048318
v 0.037074 0.013203 -0.048373
v 0.038323 0.013537 -0.048417
v 0.039573 0.013202 -0.048436
v 0.040488 0.012288 -0.048426
v 0.040824 0.011038 -0.048390
v 0.040490 0.009789 -0.048338
v 0.039576 0.008875 -0.048282
v 0.038326 0.008541 -0.048239
v 0.037076 0.008876 -0.048220
v 0.036161 0.009790 -0.048229
v 0.038325 0.011039 -0.048328
v 0.036155 0.018013 -0.048021
v 0.036613 0.017556 -0.048016
v 0.035531 0.016932 -0.047967
v 0.036781 0.016931 -0.047998
v 0.036614 0.016307 -0.047972
v 0.034449 0.017557 -0.047962
v 0.034906 0.018014 -0.047989
v 0.035530 0.018181 -0.048011
v 0.034907 0.015850 -0.047913
v 0.034449 0.016307 -0.047917
v 0.034282 0.016932 -0.047935
v 0.036157 0.015850 -0.047944
v 0.035532 0.015682 -0.047922
v 0.034269 0.016914 -0.048435
v 0.034436 0.017539 -0.048461
v 0.034893 0.017996 -0.048489
v 0.035518 0.018163 -0.048511
v 0.036143 0.017996 -0.048520
v 0.036600 0.017538 -0.048515
v 0.036768 0.016914 -0.048498
v 0.036601 0.016289 -0.048471
v 0.036144 0.015832 -0.048443
v 0.035519 0.015665 -0.048422
v 0.034894 0.015832 -0.048412
v 0.034437 0.016290 -0.048417
v 0.035519 0.016914 -0.048466
v 0.036179 -0.023461 -0.046549
v 0.036637 -0.023918 -0.046544
v 0.035555 -0.024542 -0.046495
v 0.036805 -0.024543 -0.046526
v 0.036638 -0.025167 -0.046499
v 0.034473 -0.023917 -0.046490
v 0.034930 -0.023460 -0.046517
v 0.035554 -0.023293 -0.046539
v 0.034931 -0.025624 -0.046440
v 0.034473 -0.025166 -0.046445
v 0.034305 -0.024542 -0.046463
v 0.036181 -0.025624 -0.046472
v 0.035556 -0.025791 -0.046450
v 0.034659 -0.023675 -0.046976
v 0.034461 -0.023934 -0.046955
v 0.034336 -0.024235 -0.046948
v 0.034365 -0.024977 -0.046950
v 0.034293 -0.024559 -0.046950
v 0.034917 -0.023477 -0.047004
v 0.035315 -0.023331 -0.047032
v 0.035542 -0.023311 -0.047038
v 0.036167 -0.023478 -0.047048
v 0.036624 -0.023936 -0.047043
v 0.036792 -0.024560 -0.047025
v 0.036625 -0.025185 -0.046999
v 0.036168 -0.025642 -0.046971
v 0.035543 -0.025809 -0.046950
v 0.034918 -0.025642 -0.046940
v 0.034461 -0.025184 -0.046945
v 0.034850 -0.024160 -0.046991
v 0.030441 -0.031952 -0.046103
v 0.029633 -0.031015 -0.046116
v 0.029373 -0.029806 -0.046153
v 0.029960 -0.028358 -0.046219
v 0.030235 -0.028014 -0.046238
v 0.033814 -0.031477 -0.046205
v 0.031255 -0.027483 -0.046282
v 0.034243 -0.029121 -0.046299
v 0.034330 -0.030354 -0.046257
v 0.033576 -0.028080 -0.046319
v 0.032492 -0.027485 -0.046313
v 0.031598 -0.032388 -0.046117
v 0.032823 -0.032215 -0.046154
v 0.029681 -0.028699 -0.046200
v 0.029401 -0.030247 -0.046503
v 0.029416 -0.030436 -0.046542
v 0.031237 -0.029419 -0.046714
v 0.029643 -0.031024 -0.046596
v 0.029710 -0.031197 -0.046612
v 0.032658 -0.027556 -0.046815
v 0.032479 -0.027502 -0.046808
v 0.031857 -0.027421 -0.046711
v 0.031672 -0.027442 -0.046659
v 0.031248 -0.027492 -0.046543
v 0.029367 -0.029816 -0.046413
v 0.033564 -0.028097 -0.046819
v 0.030428 -0.031970 -0.046603
v 0.033802 -0.031495 -0.046704
v 0.034317 -0.030372 -0.046757
v 0.034231 -0.029139 -0.046799
v 0.031586 -0.032405 -0.046616
v 0.032810 -0.032233 -0.046653
v 0.026990 0.033173 -0.048330
v 0.026989 0.035673 -0.048418
v 0.024084 0.035673 -0.048346
v 0.021167 0.036817 -0.048313
v 0.024081 0.040171 -0.048505
v 0.012953 0.040174 -0.048227
v 0.018191 0.040509 0.000798
v 0.018190 0.041916 0.000748
v 0.022239 0.038307 -0.003381
v 0.024275 0.041692 -0.005645
v 0.024278 0.037198 -0.005486
v 0.016092 0.041337 0.001700
v 0.016092 0.041947 0.001679
v 0.017234 0.041939 0.001422
v 0.017234 0.040912 0.001458
v 0.014203 0.041948 0.001726
v 0.024901 0.041657 -0.006634
v 0.025100 0.041617 -0.007786
v 0.025103 0.037119 -0.007627
v 0.024283 0.037195 -0.005491
v 0.024903 0.037160 -0.006474
v 0.024442 0.037421 0.000867
v 0.026960 0.037328 -0.001779
v 0.026961 0.035678 -0.001720
v 0.028092 0.034800 -0.003134
v 0.028947 0.037218 -0.004918
v 0.028949 0.034063 -0.004806
v 0.029441 0.033580 -0.006562
v 0.029581 0.037088 -0.008577
v 0.029583 0.033362 -0.008445
v 0.028714 0.035859 -0.043188
v 0.028716 0.032133 -0.043056
v 0.028238 0.035762 -0.045931
v 0.028578 0.032167 -0.044457
v 0.028240 0.032360 -0.045810
v -0.017245 0.040702 0.002385
v -0.017245 0.041852 0.002345
v -0.023641 0.040483 -0.003695
v -0.023642 0.041632 -0.003736
v -0.012462 0.041968 0.005545
v -0.014334 0.041348 0.005614
v -0.014335 0.041969 0.005592
v -0.014388 0.041271 0.003466
v -0.014388 0.041892 0.003444
v -0.015806 0.040734 0.003263
v -0.015926 0.041882 0.003178
v -0.015913 0.040732 0.003198
v -0.012515 0.041892 0.003397
v -0.015750 0.040814 0.005504
v -0.016699 0.041953 0.005183
v -0.018726 0.040757 0.003942
v -0.018727 0.041906 0.003901
v -0.017338 0.040793 0.004935
v -0.016679 0.040802 0.005171
v -0.025123 0.040537 -0.002138
v -0.025124 0.041687 -0.002179
v -0.025131 0.041724 -0.002173
v -0.025133 0.041737 -0.002171
v -0.018747 0.041978 0.003920
v -0.018732 0.041945 0.003906
v -0.025146 0.041756 -0.002159
v -0.025158 0.041774 -0.002146
v -0.018770 0.042000 0.003943
v -0.025167 0.041778 -0.002137
v -0.025193 0.041789 -0.002110
v -0.018796 0.042009 0.003970
v -0.014335 0.042007 0.005599
v -0.016702 0.041991 0.005189
v -0.014334 0.042018 0.005605
v -0.016710 0.042024 0.005208
v -0.016721 0.042047 0.005238
v -0.014333 0.042056 0.005640
v -0.014334 0.042040 0.005619
v -0.016735 0.042056 0.005273
v -0.014332 0.042072 0.005689
v -0.014333 0.042063 0.005651
v -0.012319 0.042012 0.005565
v -0.012176 0.042056 0.005585
v -0.012147 0.042066 0.005604
v -0.012136 0.042069 0.005617
v -0.012132 0.042071 0.005625
v -0.012130 0.042071 0.005634
v -0.012232 0.041976 0.003337
v -0.012197 0.041986 0.003309
v -0.014391 0.041989 0.003341
v -0.012190 0.041988 0.003295
v -0.012189 0.041988 0.003286
v -0.014390 0.041977 0.003391
v -0.014389 0.041942 0.003429
v -0.012374 0.041934 0.003367
v -0.015890 0.041979 0.003082
v -0.015908 0.041967 0.003129
v -0.015922 0.041932 0.003164
v -0.017176 0.041949 0.002269
v -0.017211 0.041937 0.002305
v -0.017236 0.041901 0.002333
v -0.023637 0.041670 -0.003743
v -0.023632 0.041681 -0.003749
v -0.023622 0.041702 -0.003760
v -0.023607 0.041716 -0.003776
v -0.023600 0.041723 -0.003784
v -0.023573 0.041730 -0.003812
v -0.024485 0.041678 -0.005039
v -0.024450 0.041685 -0.005055
v -0.024784 0.041632 -0.006539
v -0.024822 0.041624 -0.006537
v -0.024833 0.041617 -0.006537
v -0.024515 0.041657 -0.005025
v -0.024534 0.041625 -0.005015
v -0.024541 0.041586 -0.005011
v -0.024855 0.041603 -0.006536
v -0.024869 0.041581 -0.006535
v -0.024876 0.041570 -0.006534
v -0.024884 0.041532 -0.006533
v -0.026506 0.041616 -0.004139
v -0.026519 0.041666 -0.004136
v -0.026552 0.041703 -0.004122
v -0.026598 0.041718 -0.004102
v -0.027033 0.041533 -0.006479
v -0.027047 0.041583 -0.006480
v -0.027083 0.041619 -0.006481
v -0.027133 0.041633 -0.006480
v -0.024541 0.040437 -0.004970
v -0.024883 0.040383 -0.006492
v -0.027033 0.040384 -0.006438
v -0.026506 0.040467 -0.004098
v -0.024917 0.040258 -0.006486
v -0.023659 0.040390 -0.003674
v -0.024571 0.040313 -0.004952
v -0.023664 0.040359 -0.003667
v -0.023696 0.040314 -0.003632
v -0.024655 0.040222 -0.004912
v -0.023727 0.040270 -0.003597
v -0.023749 0.040262 -0.003574
v -0.024769 0.040191 -0.004860
v -0.023814 0.040239 -0.003505
v -0.025008 0.040167 -0.006481
v -0.025133 0.040133 -0.006477
v -0.017262 0.040609 0.002407
v -0.017268 0.040578 0.002414
v -0.017299 0.040534 0.002449
v -0.017331 0.040489 0.002484
v -0.017352 0.040482 0.002506
v -0.017417 0.040459 0.002575
v -0.016089 0.040620 0.003209
v -0.016344 0.040517 0.003179
v -0.016310 0.040530 0.003167
v -0.016392 0.040498 0.003196
v -0.016420 0.040487 0.003231
v -0.016429 0.040484 0.003276
v -0.016118 0.040664 0.005372
v -0.015984 0.040719 0.005420
v -0.016358 0.040561 0.005140
v -0.016384 0.040548 0.005081
v -0.016372 0.040554 0.005133
v -0.016348 0.040566 0.005179
v -0.016331 0.040573 0.005198
v -0.016281 0.040595 0.005256
v -0.017222 0.040535 0.004723
v -0.017266 0.040557 0.004807
v -0.017304 0.040614 0.004877
v -0.017329 0.040697 0.004922
v -0.018554 0.040501 0.003770
v -0.018620 0.040522 0.003839
v -0.018639 0.040541 0.003858
v -0.018676 0.040578 0.003895
v -0.018701 0.040633 0.003920
v -0.018713 0.040661 0.003932
v -0.025100 0.040412 -0.002158
v -0.025037 0.040318 -0.002221
v -0.024951 0.040281 -0.002311
v -0.026277 0.040214 -0.004191
v -0.026783 0.040134 -0.006435
v -0.026908 0.040167 -0.006433
v -0.026391 0.040249 -0.004141
v -0.026475 0.040342 -0.004108
v -0.026999 0.040259 -0.006434
v -0.025902 0.038937 -0.047211
v -0.025903 0.040086 -0.047251
v -0.025890 0.040136 -0.047254
v -0.025853 0.040173 -0.047256
v -0.025803 0.040186 -0.047258
v -0.026152 0.038687 -0.047196
v -0.027802 0.038688 -0.047154
v -0.028052 0.040087 -0.047198
v -0.028052 0.038938 -0.047157
v -0.028066 0.040137 -0.047199
v -0.028102 0.040173 -0.047200
v -0.028152 0.040187 -0.047199
v -0.028018 0.038813 -0.047153
v -0.027927 0.038721 -0.047152
v -0.025936 0.038812 -0.047205
v -0.026027 0.038721 -0.047200
v 0.020473 0.040745 0.002962
v 0.020473 0.041894 0.002921
v 0.026558 0.040521 -0.003431
v 0.026557 0.041671 -0.003472
v 0.016117 0.041372 0.002699
v 0.016117 0.041883 0.002681
v 0.014557 0.041883 0.002720
v 0.016171 0.041448 0.004847
v 0.016170 0.041959 0.004829
v 0.017890 0.040801 0.004580
v 0.018512 0.041942 0.004303
v 0.018493 0.040791 0.004301
v 0.019276 0.040779 0.003938
v 0.014611 0.041960 0.004868
v 0.018916 0.040691 0.001481
v 0.018915 0.041840 0.001440
v 0.017833 0.040719 0.002288
v 0.017639 0.041872 0.002339
v 0.017629 0.040797 0.002337
v 0.025000 0.040468 -0.004912
v 0.025000 0.041617 -0.004953
v 0.024994 0.041655 -0.004959
v 0.024978 0.041687 -0.004976
v 0.018905 0.041890 0.001429
v 0.018908 0.041878 0.001432
v 0.018870 0.041929 0.001394
v 0.018879 0.041926 0.001403
v 0.018892 0.041908 0.001416
v 0.024955 0.041708 -0.004999
v 0.024927 0.041714 -0.005025
v 0.018842 0.041938 0.001368
v 0.017599 0.041968 0.002244
v 0.017619 0.041957 0.002290
v 0.017634 0.041921 0.002325
v 0.016114 0.041979 0.002578
v 0.016115 0.041968 0.002628
v 0.016116 0.041932 0.002666
v 0.014414 0.041926 0.002697
v 0.014226 0.041980 0.002625
v 0.014227 0.041980 0.002634
v 0.014231 0.041979 0.002642
v 0.014242 0.041976 0.002655
v 0.014271 0.041968 0.002674
v 0.014328 0.042048 0.004922
v 0.014292 0.042060 0.004950
v 0.016173 0.042063 0.004926
v 0.014285 0.042063 0.004964
v 0.014284 0.042063 0.004973
v 0.016172 0.042048 0.004876
v 0.016171 0.042010 0.004841
v 0.014469 0.042004 0.004895
v 0.020480 0.041932 0.002926
v 0.018517 0.041992 0.004313
v 0.020482 0.041944 0.002928
v 0.020496 0.041963 0.002940
v 0.018532 0.042030 0.004345
v 0.020509 0.041982 0.002952
v 0.020518 0.041985 0.002961
v 0.018552 0.042045 0.004390
v 0.020545 0.041996 0.002986
v 0.026565 0.041708 -0.003466
v 0.026567 0.041721 -0.003465
v 0.026580 0.041740 -0.003453
v 0.026594 0.041758 -0.003441
v 0.026603 0.041762 -0.003432
v 0.026630 0.041773 -0.003407
v 0.026000 0.041616 -0.007809
v 0.025741 0.041669 -0.006310
v 0.026038 0.041609 -0.007810
v 0.025776 0.041662 -0.006296
v 0.026049 0.041601 -0.007810
v 0.025807 0.041641 -0.006284
v 0.025827 0.041609 -0.006275
v 0.026085 0.041565 -0.007809
v 0.026071 0.041587 -0.007810
v 0.025834 0.041571 -0.006271
v 0.026100 0.041516 -0.007808
v 0.026092 0.041555 -0.007809
v 0.027840 0.041599 -0.005499
v 0.027853 0.041649 -0.005496
v 0.027887 0.041687 -0.005484
v 0.028249 0.041516 -0.007862
v 0.028263 0.041566 -0.007864
v 0.028299 0.041602 -0.007866
v 0.028349 0.041616 -0.007868
v 0.027933 0.041701 -0.005466
v 0.026101 0.040367 -0.007767
v 0.025835 0.040421 -0.006230
v 0.027841 0.040450 -0.005458
v 0.028250 0.040366 -0.007821
v 0.027608 0.040197 -0.005539
v 0.026377 0.040265 -0.003595
v 0.026468 0.040302 -0.003510
v 0.028000 0.040117 -0.007806
v 0.027724 0.040232 -0.005495
v 0.028125 0.040150 -0.007810
v 0.027810 0.040325 -0.005465
v 0.028217 0.040241 -0.007816
v 0.026534 0.040395 -0.003450
v 0.020460 0.040649 0.002952
v 0.020447 0.040621 0.002940
v 0.020420 0.040566 0.002917
v 0.020381 0.040529 0.002881
v 0.020362 0.040510 0.002864
v 0.020292 0.040489 0.002798
v 0.019266 0.040682 0.003925
v 0.019237 0.040600 0.003882
v 0.018320 0.040619 0.004348
v 0.018119 0.040705 0.004470
v 0.018254 0.040648 0.004405
v 0.018501 0.040533 0.004083
v 0.018492 0.040539 0.004137
v 0.019194 0.040543 0.003816
v 0.018447 0.040561 0.004209
v 0.018409 0.040579 0.004270
v 0.019144 0.040521 0.003735
v 0.018412 0.040482 0.002167
v 0.018370 0.040497 0.002120
v 0.018474 0.040547 0.004146
v 0.018430 0.040474 0.002149
v 0.018412 0.040480 0.002135
v 0.018454 0.040467 0.002215
v 0.018443 0.040469 0.002169
v 0.018155 0.040585 0.002152
v 0.018143 0.040590 0.002157
v 0.018326 0.040514 0.002117
v 0.019006 0.040478 0.001575
v 0.019097 0.040448 0.001662
v 0.018940 0.040567 0.001508
v 0.025025 0.040344 -0.004885
v 0.025091 0.040255 -0.004818
v 0.025182 0.040224 -0.004731
v 0.025866 0.040297 -0.006214
v 0.026134 0.040242 -0.007764
v 0.025951 0.040207 -0.006178
v 0.026226 0.040151 -0.007763
v 0.026068 0.040175 -0.006132
v 0.026351 0.040117 -0.007765
v 0.027231 0.038920 -0.048540
v 0.027230 0.040070 -0.048581
v 0.027244 0.040120 -0.048583
v 0.027280 0.040156 -0.048585
v 0.027330 0.040170 -0.048587
v 0.026981 0.038671 -0.048525
v 0.025332 0.038671 -0.048483
v 0.027198 0.038795 -0.048535
v 0.027106 0.038704 -0.048529
v 0.025081 0.040070 -0.048527
v 0.025082 0.038921 -0.048486
v 0.025068 0.040120 -0.048528
v 0.025031 0.040157 -0.048529
v 0.024981 0.040170 -0.048528
v 0.025115 0.038796 -0.048482
v 0.025207 0.038705 -0.048482
v -0.027806 0.035690 -0.047048
v -0.027804 0.032957 -0.046951
v -0.024901 0.035689 -0.047120
v -0.021850 0.036736 -0.047234
v -0.024903 0.040186 -0.047280
v -0.013462 0.040182 -0.047566
v -0.022953 0.041707 -0.004464
v -0.022950 0.037210 -0.004304
v -0.023627 0.041672 -0.005420
v -0.023625 0.037175 -0.005260
v -0.023884 0.041632 -0.006561
v -0.023882 0.037135 -0.006401
v -0.012211 0.041956 0.002387
v -0.014413 0.041236 0.002467
v -0.014414 0.041957 0.002442
v -0.016555 0.040392 0.001671
v -0.016556 0.041926 0.001617
v -0.015567 0.041949 0.002242
v -0.015566 0.040803 0.002283
v -0.022635 0.037220 -0.004004
v -0.020675 0.038243 -0.002175
v -0.025443 0.035477 -0.000402
v -0.025444 0.037344 -0.000468
v -0.022476 0.037446 0.002354
v -0.028399 0.033126 -0.006986
v -0.028401 0.037106 -0.007127
v -0.028166 0.033344 -0.005122
v -0.027585 0.037235 -0.003503
v -0.027583 0.033837 -0.003383
v -0.026645 0.034583 -0.001760
v -0.029268 0.035877 -0.041738
v -0.029265 0.031897 -0.041597
v -0.028927 0.032129 -0.044371
v -0.029197 0.031932 -0.043004
v -0.028929 0.035779 -0.044501
v 0.024221 0.041966 0.002058
v 0.023752 0.041949 0.001612
v 0.024819 0.041927 0.000960
v 0.023569 0.041927 0.000992
v 0.023721 0.041905 0.000363
v 0.025917 0.041949 0.001558
v 0.025471 0.041965 0.002026
v 0.024850 0.041971 0.002209
v 0.025417 0.041888 -0.000137
v 0.025886 0.041904 0.000309
v 0.026069 0.041927 0.000929
v 0.024167 0.041889 -0.000105
v 0.024788 0.041883 -0.000288
v 0.024822 0.037679 0.001111
v 0.023755 0.038452 0.001736
v 0.024223 0.038468 0.002182
v 0.023571 0.038430 0.001116
v 0.025473 0.038467 0.002150
v 0.025919 0.038451 0.001682
v 0.024852 0.038473 0.002333
v 0.025888 0.038407 0.000433
v 0.025419 0.038391 -0.000013
v 0.026071 0.038429 0.001053
v 0.024169 0.038391 0.000019
v 0.023723 0.038407 0.000487
v 0.024790 0.038385 -0.000164
v -0.023764 0.041980 0.003258
v -0.024232 0.041964 0.002812
v -0.023166 0.041942 0.002161
v -0.024416 0.041942 0.002192
v -0.024264 0.041920 0.001563
v -0.022068 0.041964 0.002758
v -0.022514 0.041980 0.003227
v -0.023135 0.041986 0.003410
v -0.022568 0.041903 0.001064
v -0.022099 0.041919 0.001509
v -0.021916 0.041941 0.002130
v -0.023818 0.041904 0.001095
v -0.023197 0.041897 0.000912
v -0.023163 0.037693 0.002312
v -0.024230 0.038467 0.002936
v -0.023762 0.038483 0.003382
v -0.024414 0.038444 0.002316
v -0.022512 0.038482 0.003351
v -0.022066 0.038466 0.002882
v -0.023133 0.038488 0.003534
v -0.022097 0.038422 0.001634
v -0.022566 0.038405 0.001188
v -0.021914 0.038444 0.002254
v -0.023816 0.038406 0.001219
v -0.024262 0.038422 0.001688
v -0.023195 0.038400 0.001036
vn -0.420319 -0.906371 0.042706
vn 0.025003 0.035478 0.999058
vn -0.817523 -0.574445 0.040860
vn 0.025003 0.035478 0.999058
vn -0.995672 -0.088597 0.028065
vn 0.025003 0.035478 0.999058
vn -0.907032 0.420990 0.007750
vn -0.025003 -0.035478 -0.999058
vn -0.501777 0.864806 -0.018153
vn -0.025003 -0.035478 -0.999058
vn -0.259294 0.965398 -0.027794
vn -0.003831 0.999366 -0.035393
vn 0.252299 0.966795 -0.040647
vn 0.420319 0.906371 -0.042706
vn 0.574409 0.817417 -0.043403
vn 0.817523 0.574444 -0.040859
vn 0.906546 0.420427 -0.037618
vn 0.995672 0.088597 -0.028065
vn 0.995775 -0.089216 -0.021753
vn 0.907032 -0.420991 -0.007750
vn 0.818187 -0.574953 -0.000059
vn 0.575354 -0.817773 0.014641
vn 0.421367 -0.906632 0.021651
vn 0.089509 -0.995436 0.033109
vn -0.002678 -0.999364 0.035556
vn -0.258181 -0.965237 0.040739
vn 0.021669 -0.999155 0.034939
vn 0.025003 0.035478 0.999058
vn -0.469504 -0.881879 0.043067
vn -0.025003 -0.035478 -0.999058
vn -0.817522 -0.574446 0.040860
vn 0.025003 0.035478 0.999058
vn -0.995672 -0.088596 0.028065
vn -0.025003 -0.035478 -0.999058
vn -0.907033 0.420989 0.007750
vn -0.818186 0.574953 0.000059
vn -0.549303 0.835471 -0.015922
vn -0.707292 0.706882 -0.007401
vn -0.259296 0.965398 -0.027794
vn -0.070435 0.996949 -0.033641
vn 0.126200 0.991263 -0.038360
vn 0.420319 0.906371 -0.042706
vn 0.574408 0.817418 -0.043403
vn 0.817522 0.574445 -0.040860
vn 0.906547 0.420426 -0.037618
vn 0.995672 0.088596 -0.028065
vn 0.995775 -0.089215 -0.021753
vn 0.907032 -0.420990 -0.007750
vn -0.025003 -0.035478 -0.999058
vn 0.575352 -0.817775 0.014641
vn 0.025003 0.035478 0.999058
vn -0.025003 -0.035478 -0.999058
vn 0.524381 -0.851312 0.017108
vn 0.259295 -0.965398 0.027794
vn 0.043172 -0.998476 0.034377
vn -0.179056 -0.983050 0.039391
vn -0.420318 -0.906371 0.042706
vn -0.574409 -0.817417 0.043403
vn -0.817523 -0.574444 0.040859
vn -0.906546 -0.420427 0.037618
vn -0.995672 -0.088597 0.028065
vn -0.995775 0.089216 0.021753
vn -0.907032 0.420990 0.007750
vn -0.818187 0.574952 0.000059
vn -0.575354 0.817774 -0.014641
vn -0.421365 0.906633 -0.021651
vn -0.049784 0.998174 -0.034201
vn -0.025003 -0.035478 -0.999058
vn -0.025003 -0.035478 -0.999058
vn 0.443441 0.895277 -0.042891
vn 0.615302 0.787099 -0.043350
vn 0.817523 0.574445 -0.040859
vn 0.906546 0.420427 -0.037618
vn 0.995672 0.088597 -0.028065
vn 0.995775 -0.089216 -0.021753
vn 0.907032 -0.420990 -0.007750
vn 0.818187 -0.574952 -0.000059
vn 0.553408 -0.832762 0.015723
vn 0.021669 -0.999155 0.034939
vn -0.258181 -0.965237 0.040739
vn -0.469504 -0.881879 0.043067
vn -0.025003 -0.035478 -0.999058
vn -0.817522 -0.574445 0.040860
vn -0.906547 -0.420426 0.037618
vn -0.995672 -0.088596 0.028065
vn -0.025003 -0.035478 -0.999058
vn -0.907032 0.420990 0.007750
vn -0.818186 0.574954 0.000059
vn -0.549303 0.835471 -0.015922
vn -0.620759 0.783905 -0.012302
vn -0.259296 0.965398 -0.027794
vn -0.070435 0.996949 -0.033641
vn 0.126200 0.991263 -0.038360
vn 0.420319 0.906371 -0.042706
vn 0.574408 0.817418 -0.043403
vn 0.817522 0.574446 -0.040860
vn 0.906546 0.420427 -0.037618
vn 0.995672 0.088596 -0.028065
vn 0.995775 -0.089215 -0.021753
vn 0.907033 -0.420989 -0.007750
vn 0.025003 0.035478 0.999058
vn 0.575352 -0.817775 0.014641
vn 0.421366 -0.906632 0.021651
vn -0.025003 -0.035478 -0.999058
vn 0.049784 -0.998174 0.034201
vn -0.258180 -0.965238 0.040739
vn -0.443441 -0.895277 0.042891
vn -0.615302 -0.787099 0.043350
vn -0.817523 -0.574444 0.040859
vn -0.906546 -0.420427 0.037618
vn -0.995672 -0.088597 0.028065
vn -0.995775 0.089216 0.021753
vn -0.907032 0.420990 0.007750
vn -0.707294 0.706880 -0.007401
vn -0.524381 0.851312 -0.017108
vn -0.553408 0.832762 -0.015723
vn -0.025003 -0.035478 -0.999058
vn -0.043173 0.998476 -0.034377
vn 0.258180 0.965238 -0.040739
vn 0.420318 0.906371 -0.042706
vn -0.025003 -0.035478 -0.999058
vn 0.817523 0.574445 -0.040859
vn 0.906546 0.420427 -0.037618
vn 0.995672 0.088597 -0.028065
vn 0.995775 -0.089216 -0.021753
vn 0.907032 -0.420990 -0.007750
vn 0.818187 -0.574952 -0.000059
vn 0.575353 -0.817774 0.014641
vn 0.421365 -0.906633 0.021651
vn 0.120445 -0.992197 0.032220
vn 0.549303 -0.835471 0.015922
vn -0.025003 -0.035478 -0.999058
vn 0.070435 -0.996949 0.033641
vn -0.126200 -0.991263 0.038360
vn -0.420319 -0.906371 0.042706
vn -0.025003 -0.035478 -0.999058
vn -0.817522 -0.574445 0.040860
vn -0.906547 -0.420426 0.037618
vn -0.995672 -0.088596 0.028065
vn 0.025003 0.035478 0.999058
vn -0.907032 0.420990 0.007750
vn -0.818186 0.574954 0.000059
vn -0.575352 0.817775 -0.014641
vn -0.421366 0.906632 -0.021651
vn -0.021669 0.999155 -0.034939
vn -0.046328 0.998337 -0.034293
vn 0.258181 0.965237 -0.040739
vn 0.469504 0.881879 -0.043067
vn 0.659253 0.750682 -0.043157
vn 0.817522 0.574446 -0.040860
vn -0.025003 -0.035478 -0.999058
vn 0.995672 0.088596 -0.028065
vn -0.025003 -0.035478 -0.999058
vn 0.907033 -0.420989 -0.007750
vn -0.025003 -0.035478 -0.999058
vn -0.025003 -0.035478 -0.999058
vn 0.549303 -0.835471 0.015922
vn 0.025003 0.035478 0.999058
vn 0.070435 -0.996949 0.033641
vn 0.025003 0.035478 0.999058
vn -0.420319 -0.906371 0.042706
vn -0.025003 -0.035478 -0.999058
vn -0.817522 -0.574446 0.040860
vn 0.025003 0.035478 0.999058
vn -0.995672 -0.088596 0.028065
vn -0.025003 -0.035478 -0.999058
vn -0.907033 0.420989 0.007750
vn -0.818186 0.574953 0.000059
vn -0.575352 0.817775 -0.014641
vn -0.421366 0.906632 -0.021651
vn -0.021669 0.999155 -0.034939
vn -0.046328 0.998337 -0.034293
vn 0.258181 0.965237 -0.040739
vn 0.469504 0.881879 -0.043067
vn 0.659253 0.750682 -0.043157
vn 0.817522 0.574445 -0.040860
vn -0.025003 -0.035478 -0.999058
vn 0.995672 0.088596 -0.028065
vn -0.025003 -0.035478 -0.999058
vn 0.907032 -0.420990 -0.007750
vn -0.025003 -0.035478 -0.999058
vn -0.025003 -0.035478 -0.999058
vn 0.995672 0.088597 -0.028065
vn -0.025003 -0.035478 -0.999058
vn 0.907032 -0.420990 -0.007750
vn 0.025003 0.035478 0.999058
vn 0.575353 -0.817774 0.014641
vn 0.259296 -0.965398 0.027794
vn 0.089509 -0.995436 0.033109
vn -0.258181 -0.965237 0.040739
vn -0.420319 -0.906371 0.042706
vn -0.574410 -0.817416 0.043403
vn -0.817523 -0.574445 0.040859
vn -0.906546 -0.420427 0.037618
vn -0.995672 -0.088597 0.028065
vn -0.995775 0.089216 0.021753
vn -0.907032 0.420990 0.007750
vn -0.818187 0.574952 0.000059
vn -0.575354 0.817774 -0.014641
vn -0.421366 0.906632 -0.021651
vn -0.089509 0.995436 -0.033109
vn 0.258179 0.965238 -0.040739
vn 0.420318 0.906372 -0.042706
vn 0.574409 0.817417 -0.043403
vn 0.817523 0.574445 -0.040860
vn -0.025003 -0.035478 -0.999058
vn -0.999526 0.018858 0.024345
vn -0.945265 0.326080 0.012077
vn -0.921959 0.387176 0.009324
vn -0.814135 0.580676 -0.000246
vn -0.746951 0.664870 -0.003430
vn -0.810726 0.585426 -0.000500
vn -0.799988 0.599982 -0.006307
vn -0.835839 0.548973 -0.001265
vn -0.866011 0.499998 0.005158
vn -0.907785 0.419419 0.003668
vn -0.913495 0.406764 0.008417
vn -0.936432 0.350732 0.009048
vn -0.950906 0.309161 0.014060
vn -0.975351 0.220258 0.013292
vn -0.977962 0.208084 0.017086
vn -0.992970 0.116542 0.020712
vn -0.994239 0.104815 0.022401
vn -0.999712 0.011292 0.021186
vn -0.999687 0.000310 0.025008
vn -0.995903 -0.086141 0.027498
vn -0.994119 -0.104110 0.029817
vn -0.979760 -0.198170 0.028261
vn -0.977722 -0.207477 0.031837
vn -0.953294 -0.300066 0.034514
vn -0.950549 -0.308483 0.035985
vn -0.916389 -0.398859 0.033802
vn -0.913025 -0.406197 0.037275
vn -0.869148 -0.492991 0.039259
vn -0.865434 -0.499372 0.040633
vn -0.812472 -0.581979 0.034494
vn -0.808425 -0.587164 0.041083
vn -0.780346 -0.624167 0.038416
vn -0.742495 -0.668434 0.043560
vn -0.672455 -0.739161 0.038005
vn -0.668493 -0.742469 0.043097
vn -0.599085 -0.799657 0.040566
vn -0.587103 -0.808281 0.044637
vn -0.499006 -0.865727 0.038843
vn -0.481754 -0.875244 0.043138
vn -0.423042 -0.905051 0.043796
vn -0.397567 -0.916521 0.043939
vn 0.998490 0.048014 -0.026694
vn 0.999687 -0.000310 -0.025008
vn 0.948287 0.315485 -0.034936
vn 0.784327 0.619159 -0.038393
vn 0.999687 -0.000310 -0.025008
vn -0.999687 0.000310 0.025008
vn -0.000577 0.999370 -0.035475
vn -0.999687 0.000310 0.025008
vn 0.251366 0.967039 -0.040632
vn 0.999687 -0.000310 -0.025008
vn -0.999687 0.000310 0.025008
vn 0.999687 -0.000310 -0.025008
vn 0.025003 0.035478 0.999058
vn 0.356348 -0.934017 0.025074
vn 0.274435 -0.961155 0.029440
vn 0.183425 -0.982545 0.030977
vn 0.884476 0.017062 0.466273
vn 0.205814 -0.978143 0.029603
vn 0.025003 0.035478 0.999058
vn 0.139040 -0.989878 0.028456
vn 0.142372 -0.989250 0.033373
vn 0.146063 -0.988814 0.030204
vn 0.211701 -0.976891 0.029440
vn 0.209808 -0.977298 0.029479
vn 0.229003 -0.973240 0.019004
vn 0.152256 -0.987952 0.027731
vn 0.150128 -0.988123 0.032773
vn 0.148304 -0.988447 0.031266
vn 0.141612 -0.989918 -0.002900
vn 0.145808 -0.989281 0.007918
vn 0.142417 -0.989642 -0.018080
vn 0.145922 -0.989101 -0.019664
vn 0.145289 -0.989015 0.027232
vn 0.087921 -0.995892 0.021685
vn 0.006497 -0.999635 0.026232
vn 0.208344 -0.977540 0.031745
vn 0.089260 -0.995417 0.034324
vn 0.136232 -0.989898 0.039274
vn 0.152119 -0.987711 0.035862
vn -0.204555 -0.978043 0.039876
vn -0.200380 -0.978907 0.039858
vn -0.219201 -0.974686 0.044033
vn -0.151400 -0.987640 0.040561
vn -0.152354 -0.987503 0.040316
vn 0.689992 0.026075 0.723347
vn -0.158042 -0.986654 0.039198
vn 0.689993 0.026075 0.723347
vn -0.129391 -0.990527 0.045972
vn 0.029519 -0.998960 0.034736
vn -0.093269 -0.995174 0.030505
vn -0.183037 -0.982635 0.030432
vn -0.048091 -0.998842 -0.001633
vn -0.063809 -0.997941 0.006516
vn -0.067393 -0.997680 0.009612
vn -0.095115 -0.995295 0.018451
vn -0.111498 -0.993479 0.023844
vn -0.118636 -0.992596 0.026052
vn -0.163985 -0.985699 0.038826
vn -0.168243 -0.984938 0.039891
vn -0.071654 -0.997380 0.009941
vn -0.066101 -0.997539 0.023387
vn -0.058025 -0.997463 0.041240
vn -0.039674 -0.998466 0.038611
vn -0.010747 -0.999241 0.037455
vn -0.066406 -0.997237 0.033301
vn -0.066235 -0.997124 0.036837
vn 0.025003 0.035478 0.999058
vn -0.063539 -0.997140 0.040924
vn 0.025003 0.035478 0.999058
vn -0.062459 -0.997244 0.040054
vn -0.056479 -0.997626 0.039412
vn -0.103795 -0.993861 0.038315
vn -0.145208 -0.988646 0.038638
vn -0.116044 -0.992018 0.049338
vn -0.019725 -0.999141 0.036459
vn 0.041015 -0.998526 0.035540
vn 0.059678 -0.997573 0.035882
vn 0.388824 0.032908 0.920724
vn 0.253658 -0.966809 0.030611
vn 0.261400 -0.964718 0.031445
vn 0.229039 -0.972993 0.028744
vn 0.277322 -0.960189 0.033606
vn 0.311341 -0.949897 0.027618
vn 0.399885 -0.916249 0.024081
vn 0.299087 -0.954121 0.014116
vn 0.284851 -0.958390 0.018686
vn 0.403942 -0.914711 0.011599
vn 0.363167 -0.931659 -0.010969
vn 0.308906 -0.951032 0.010681
vn 0.228715 -0.972872 0.034763
vn 0.025003 0.035478 0.999058
vn 0.271007 -0.962082 0.030886
vn 0.264613 -0.964043 0.024520
vn 0.249637 -0.967916 0.028632
vn 0.229467 -0.972907 0.028237
vn 0.223579 -0.974262 0.028753
vn 0.218203 -0.975470 0.029074
vn 0.266477 -0.963524 0.024749
vn 0.261734 -0.964699 0.029185
vn 0.270401 -0.962454 0.023793
vn 0.025003 0.035478 0.999058
vn 0.025003 0.035478 0.999058
vn -0.292077 -0.955028 0.051125
vn -0.298336 -0.953275 0.047560
vn -0.403767 -0.913928 0.041314
vn -0.396854 -0.916928 0.041841
vn -0.380630 -0.923744 0.042628
vn -0.339917 -0.939494 0.042511
vn -0.256367 -0.965632 0.042785
vn -0.343325 -0.938772 0.028892
vn 0.636774 0.027720 0.770552
vn -0.343911 -0.937749 0.048491
vn -0.217625 -0.975214 0.039971
vn -0.222851 -0.974037 0.039880
vn -0.174808 -0.983793 0.039909
vn 0.025003 0.035478 0.999058
vn -0.257646 -0.966093 0.016807
vn -0.258030 -0.965276 0.040767
vn -0.224738 -0.973577 0.040502
vn -0.211557 -0.976550 0.039928
vn -0.211205 -0.976627 0.039913
vn -0.254261 -0.966132 0.044050
vn -0.250173 -0.967250 0.042910
vn -0.230395 -0.972235 0.040947
vn -0.272326 -0.962089 0.014940
vn -0.312758 -0.949357 0.030078
vn -0.385431 -0.922153 0.032806
vn -0.305421 -0.951671 0.032249
vn -0.231825 -0.971955 0.039509
vn -0.340325 -0.939684 0.034260
vn -0.327403 -0.944260 0.034350
vn -0.347284 -0.936756 0.043372
vn -0.338153 -0.940770 0.024572
vn -0.301474 -0.952255 0.048212
vn -0.365239 -0.930100 0.038917
vn -0.384068 -0.922370 0.041529
vn -0.392014 -0.918993 0.042156
vn 0.937854 -0.011770 -0.346832
vn -0.419217 -0.907022 0.039616
vn -0.418573 -0.907423 0.037141
vn -0.418096 -0.907404 0.042582
vn 0.025003 0.035478 0.999058
vn -0.622966 -0.028110 -0.781744
vn -0.622268 -0.028129 -0.782299
vn 0.025003 0.035478 0.999058
vn -0.419548 -0.906753 0.042162
vn -0.486665 -0.872980 0.032625
vn -0.528874 -0.847581 0.043570
vn -0.496718 -0.866024 0.057213
vn -0.529418 -0.847254 0.043337
vn -0.025003 -0.035478 -0.999058
vn -0.464421 -0.885538 0.011665
vn -0.601534 -0.797678 0.043211
vn -0.529418 -0.847254 0.043337
vn 0.025003 0.035478 0.999058
vn -0.407680 -0.912175 0.041640
vn -0.454197 -0.889696 0.046331
vn -0.528081 -0.848405 0.036596
vn -0.480323 -0.874723 0.064409
vn 0.468463 -0.882206 0.047484
vn 0.564037 -0.825628 0.014159
vn 0.533161 -0.845982 0.007303
vn 0.502126 -0.864716 0.011679
vn 0.449568 -0.892951 0.022986
vn 0.382398 -0.923706 0.023232
vn 0.483730 -0.874323 0.039558
vn 0.503116 -0.863696 0.030047
vn 0.528264 -0.848892 0.017859
vn 0.025003 0.035478 0.999058
vn -0.025003 -0.035478 -0.999058
vn 0.460535 -0.887550 -0.012774
vn 0.618380 -0.785823 0.009384
vn 0.530392 -0.847585 0.016827
vn 0.308664 -0.950715 0.029444
vn 0.356598 -0.932323 0.060107
vn 0.372086 -0.926582 0.054754
vn 0.025003 0.035478 0.999058
vn 0.422340 -0.906180 0.021610
vn 0.025003 0.035478 0.999058
vn 0.025003 0.035478 0.999058
vn 0.025003 0.035478 0.999058
vn 0.025003 0.035478 0.999058
vn -0.025003 -0.035478 -0.999058
vn 0.025003 0.035478 0.999058
vn -0.798114 0.602498 -0.003306
vn -0.810738 0.585388 -0.005036
vn -0.799873 0.600168 -0.001295
vn -0.893880 0.448297 0.003041
vn -0.915018 0.403391 0.004180
vn -0.960631 0.277622 0.010728
vn -0.992732 0.119241 0.016259
vn -0.953395 -0.300220 0.030110
vn -0.984840 -0.171420 0.026558
vn -0.999763 -0.006322 0.020851
vn -0.893587 -0.447530 0.034933
vn -0.812327 -0.581760 0.040989
vn -0.787848 -0.615076 0.031267
vn -0.659323 -0.750860 0.038770
vn -0.721495 -0.691227 0.040625
vn -0.812327 -0.581760 0.040989
vn 0.673105 -0.739522 0.006120
vn 0.702312 -0.711859 0.003819
vn 0.758790 -0.651329 0.003037
vn 0.801449 -0.598055 -0.002988
vn 0.812894 -0.582401 -0.003635
vn 0.824652 -0.565622 -0.004649
vn 0.863249 -0.504759 -0.004490
vn 0.812999 -0.582265 0.000330
vn 0.908804 -0.417042 -0.012291
vn 0.916686 -0.399428 -0.012054
vn 0.953521 -0.300812 -0.017593
vn 0.953641 -0.300658 -0.013190
vn 0.979825 -0.198778 -0.020759
vn 0.984829 -0.172032 -0.022715
vn 0.995979 -0.086759 -0.022331
vn 0.999551 -0.006943 -0.029164
vn 0.999527 0.010671 -0.028827
vn 0.992377 0.118624 -0.033400
vn 0.992836 0.115926 -0.028964
vn 0.974932 0.219652 -0.035496
vn 0.954211 0.296674 -0.038289
vn 0.946370 0.321173 -0.035090
vn 0.907079 0.418837 -0.042237
vn 0.899559 0.434742 -0.042346
vn 0.875214 0.481946 -0.041579
vn 0.817973 0.573926 -0.039102
vn 0.777736 0.627051 -0.043967
vn 0.788024 0.613935 -0.045847
vn 0.799073 0.599524 -0.045309
vn 0.812229 0.581616 -0.044797
vn 0.900510 0.433178 -0.037920
vn -0.025003 -0.035478 -0.999058
vn -0.025003 -0.035478 -0.999058
vn -0.025003 -0.035478 -0.999058
vn -0.025003 -0.035478 -0.999058
vn -0.025003 -0.035478 -0.999058
vn -0.025003 -0.035478 -0.999058
vn -0.025003 -0.035478 -0.999058
vn -0.025003 -0.035478 -0.999058
vn -0.025003 -0.035478 -0.999058
vn -0.025003 -0.035478 -0.999058
vn -0.025003 -0.035478 -0.999058
vn -0.025003 -0.035478 -0.999058
vn -0.025003 -0.035478 -0.999058
vn -0.025003 -0.035478 -0.999058
vn -0.025003 -0.035478 -0.999058
vn -0.025003 -0.035478 -0.999058
vn -0.000577 0.999370 -0.035475
vn -0.025003 -0.035478 -0.999058
vn -0.025003 -0.035478 -0.999058
vn 0.242998 0.969181 -0.040499
vn 0.537031 0.842448 -0.043357
vn 0.906546 0.420427 -0.037618
vn 0.938896 0.342451 -0.034656
vn 0.996339 0.080838 -0.027806
vn 0.998535 0.047086 -0.026662
vn -0.025003 -0.035478 -0.999058
vn -0.025003 -0.035478 -0.999058
vn -0.025003 -0.035478 -0.999058
vn 0.025003 0.035478 0.999058
vn -0.025003 -0.035478 -0.999058
vn -0.000577 0.999370 -0.035475
vn -0.000577 0.999370 -0.035475
vn 0.025003 0.035478 0.999058
vn -0.993324 0.113462 0.020831
vn -0.996497 0.080663 0.022075
vn -0.818186 0.574953 0.000059
vn -0.458432 0.888503 -0.020079
vn -0.529294 0.848309 -0.014857
vn 0.025003 0.035478 0.999058
vn -0.906957 0.421050 0.012086
vn -0.998976 0.035234 0.028380
vn 0.998354 0.052708 -0.022594
vn 0.817764 0.574347 -0.037263
vn 0.447316 0.893426 -0.041196
vn -0.999741 0.000231 0.022774
vn 0.844620 0.533967 -0.038682
vn -0.907186 0.420492 0.014162
vn -0.445110 -0.894437 0.043137
vn -0.025003 -0.035478 -0.999058
vn -0.025003 -0.035478 -0.999058
vn 0.025003 0.035478 0.999058
vn -0.444729 -0.894638 0.042878
vn -0.445077 -0.894460 0.042995
vn -0.445090 -0.894429 0.043497
vn -0.441320 -0.896326 0.042857
vn -0.423674 -0.904783 0.043220
vn -0.431254 -0.901069 0.045773
vn -0.420508 -0.906213 0.044175
vn -0.409745 -0.910871 0.049232
vn -0.403414 -0.913894 0.045338
vn -0.407609 -0.911873 0.048388
vn -0.358367 -0.931926 0.055560
vn -0.391902 -0.919050 0.041961
vn -0.380161 -0.923976 0.041779
vn -0.357500 -0.932508 0.051221
vn -0.335191 -0.939854 0.065732
vn -0.331024 -0.941133 0.068506
vn -0.368458 -0.929024 0.033957
vn 0.025003 0.035478 0.999058
vn -0.338890 -0.940654 0.018013
vn -0.394527 -0.917575 0.049032
vn -0.370174 0.032741 0.928385
vn -0.445206 -0.894402 0.042849
vn -0.447960 -0.893207 0.038897
vn -0.847290 0.018353 0.530814
vn -0.444721 -0.894777 0.039979
vn -0.437411 -0.898262 0.042404
vn 0.999694 -0.000300 -0.024717
vn 0.446009 -0.894795 0.020443
vn 0.400530 -0.915743 -0.031476
vn 0.383391 -0.923365 -0.020235
vn 0.306098 -0.951607 0.027353
vn 0.305935 -0.951562 0.030549
vn 0.307418 -0.951077 0.030767
vn 0.312265 -0.949585 0.027913
vn 0.306143 -0.951630 0.026010
vn 0.369020 -0.928848 0.032635
vn 0.309377 -0.950670 0.022611
vn 0.305585 -0.951931 0.021115
vn 0.305383 -0.951978 0.021891
vn 0.389719 -0.920453 0.029755
vn 0.446197 -0.894698 0.020605
vn 0.369986 -0.929037 0.000389
vn 0.440360 -0.897621 0.018966
vn 0.446270 -0.894763 0.015560
vn 0.445974 -0.894824 0.019958
vn -0.025003 -0.035478 -0.999058
vn 0.355473 -0.934295 -0.027065
vn 0.371200 -0.928458 0.013243
vn -0.211280 0.034552 0.976815
vn 0.025003 0.035478 0.999058
vn -0.921601 0.013238 0.387914
vn 0.380943 -0.923935 0.035028
vn 0.446222 -0.894690 0.020384
vn 0.446465 -0.894629 0.017538
vn 0.447385 -0.894234 0.013881
vn 0.444442 -0.895662 0.016131
vn 0.439902 -0.897856 0.018500
vn 0.354670 -0.934529 -0.029394
vn 0.445229 -0.895198 0.019779
vn 0.025003 0.035478 0.999058
vn 0.368421 -0.929087 0.032598
vn 0.376869 -0.925769 0.030365
vn 0.376869 -0.925769 0.030365
vn 0.025003 0.035478 0.999058
vn 0.025003 0.035478 0.999058
vn 0.395042 -0.918558 -0.013903
vn 0.377942 -0.925763 0.011052
vn 0.318657 -0.947513 0.026008
vn 0.308458 -0.950773 0.029742
vn 0.307197 -0.951392 0.021990
vn 0.305840 -0.951831 0.021905
vn 0.306125 -0.951640 0.025848
vn 0.306184 -0.951619 0.025951
vn 0.306661 -0.951411 0.027859
vn 0.381063 -0.924378 0.017792
vn 0.380398 -0.924530 0.023285
vn 0.025003 0.035478 0.999058
vn 0.025003 0.035478 0.999058
vn 0.025003 0.035478 0.999058
vn -0.999687 0.000310 0.025008
vn 0.381696 -0.924204 0.012462
vn 0.381063 -0.924378 0.017792
vn 0.025003 0.035478 0.999058
vn 0.025003 0.035478 0.999058
vn 0.025003 0.035478 0.999058
vn 0.999687 -0.000310 -0.025008
vn 0.999687 -0.000310 -0.025008
vn 0.025003 0.035478 0.999058
vn 0.025003 0.035478 0.999058
vn 0.025003 0.035478 0.999058
vn -0.921353 0.013259 0.388501
vn -0.282354 -0.958432 0.041053
vn -0.847507 0.018341 0.530467
vn -0.284047 -0.957972 0.040080
vn -0.639102 0.026916 0.768651
vn -0.282213 -0.958471 0.041100
vn -0.282213 -0.958471 0.041100
vn -0.282213 -0.958471 0.041100
vn -0.211323 0.034552 0.976805
vn -0.094230 -0.994739 0.040188
vn -0.090191 -0.995038 0.042006
vn -0.146439 -0.988526 0.037034
vn -0.639054 0.026917 0.768691
vn -0.847394 0.018347 0.530648
vn -0.094168 -0.994878 0.036744
vn -0.098953 -0.994446 0.035860
vn -0.092012 -0.995046 0.037633
vn -0.090473 -0.995042 0.041314
vn -0.091925 -0.995054 0.037661
vn -0.091930 -0.995054 0.037637
vn -0.211340 0.034552 0.976802
vn -0.230203 -0.972464 0.036328
vn -0.228930 -0.972611 0.040238
vn -0.173409 -0.983219 0.056657
vn 0.511079 -0.030197 -0.859003
vn 0.847429 -0.018345 -0.530591
vn -0.226629 -0.973109 0.041201
vn 0.025003 0.035478 0.999058
vn -0.228844 -0.972630 0.040268
vn -0.228914 -0.972613 0.040268
vn 0.211323 -0.034552 -0.976806
vn 0.025003 0.035478 0.999058
vn 0.637741 0.027692 0.769753
vn -0.233726 -0.971109 -0.048153
vn -0.149428 -0.987320 0.053572
vn -0.112226 -0.992942 0.038369
vn -0.107993 -0.993431 0.037846
vn -0.098229 -0.994423 0.038403
vn -0.233726 -0.971109 -0.048154
vn -0.210194 -0.977471 -0.019196
vn -0.172472 -0.984091 0.042638
vn -0.230483 -0.972427 0.035533
vn 0.689993 0.026075 0.723347
vn 0.025003 0.035478 0.999058
vn 0.203926 -0.978430 0.033011
vn 0.208870 -0.977499 0.029483
vn 0.214077 -0.976327 0.030929
vn 0.218330 -0.975335 0.032463
vn 0.251287 -0.967620 0.023816
vn -0.070275 0.035347 0.996901
vn -0.603498 0.027938 0.796875
vn -0.486584 0.030711 0.873094
vn 0.219826 -0.974952 0.033845
vn 0.250143 -0.967878 0.025301
vn 0.271478 -0.962277 0.017978
vn 0.135902 -0.990464 0.022632
vn 0.126405 -0.991790 0.019358
vn 0.156960 -0.987228 0.027284
vn 0.425352 0.032351 0.904450
vn 0.169428 -0.985075 0.030359
vn 0.189233 -0.981359 0.033563
vn 0.192766 -0.980724 0.031959
vn 0.197466 -0.979847 0.030115
vn 0.097711 -0.994687 0.032410
vn 0.097876 -0.994780 0.028852
vn 0.096391 -0.994932 0.028613
vn 0.091476 -0.995318 0.031222
vn 0.030538 -0.998519 0.045035
vn 0.022224 -0.998782 0.044064
vn -0.036116 -0.998785 0.033539
vn -0.040333 -0.998687 0.031584
vn -0.039844 -0.998651 0.033295
vn -0.039301 -0.998564 0.036413
vn -0.039320 -0.998545 0.036909
vn -0.039493 -0.998401 0.040443
vn -0.038006 -0.998449 0.040680
vn -0.033101 -0.998725 0.038115
vn 0.027925 -0.999311 0.024464
vn 0.036279 -0.999019 0.025398
vn 0.094507 -0.994880 0.035819
vn 0.098727 -0.994398 0.037771
vn 0.098237 -0.994510 0.036045
vn 0.097692 -0.994672 0.032908
vn 0.097686 -0.994674 0.032878
vn -0.999687 0.000310 0.025008
vn 0.025003 0.035478 0.999058
vn 0.097260 -0.994744 0.032030
vn 0.025003 0.035478 0.999058
vn 0.097790 -0.994525 0.036838
vn 0.025003 0.035478 0.999058
vn 0.089421 -0.995421 0.033775
vn 0.030321 -0.998937 0.034715
vn 0.029341 -0.999274 0.024296
vn 0.097678 -0.994673 0.032924
vn -0.999687 0.000310 0.025008
vn 0.029491 -0.998539 0.045284
vn 0.030306 -0.998938 0.034707
vn 0.025003 0.035478 0.999058
vn 0.085020 -0.995835 0.032939
vn 0.025003 0.035478 0.999058
vn 0.095300 -0.995009 0.029591
vn 0.025003 0.035478 0.999058
vn 0.097148 -0.994776 0.031365
vn 0.029119 -0.998553 0.045204
vn 0.028691 -0.998984 0.034740
vn -0.039295 -0.998563 0.036444
vn 0.999687 -0.000310 -0.025008
vn 0.025003 0.035478 0.999058
vn -0.038871 -0.998549 0.037272
vn 0.025003 0.035478 0.999058
vn -0.039396 -0.998695 0.032514
vn 0.025003 0.035478 0.999058
vn -0.031029 -0.998885 0.035589
vn -0.039287 -0.998565 0.036399
vn 0.999687 -0.000310 -0.025008
vn 0.028954 -0.999286 0.024266
vn 0.028709 -0.998984 0.034748
vn 0.025003 0.035478 0.999058
vn -0.026666 -0.998980 0.036442
vn 0.025003 0.035478 0.999058
vn -0.036922 -0.998528 0.039723
vn 0.025003 0.035478 0.999058
vn -0.038763 -0.998527 0.037960
vn 0.025003 0.035478 0.999058
vn 0.025003 0.035478 0.999058
vn 0.025003 0.035478 0.999058
vn 0.081222 -0.996138 0.033342
vn 0.081245 -0.996136 0.033341
vn -0.022299 -0.999102 0.036038
vn -0.022329 -0.999101 0.036039
vn -0.000577 0.999370 -0.035475
vn -0.000577 0.999370 -0.035475
vn 0.917315 0.014654 0.397893
vn 0.595337 0.028847 0.802958
vn -0.000577 0.999370 -0.035475
vn -0.803476 0.020656 0.594978
vn -0.398164 0.032312 0.916745
vn -0.000577 0.999370 -0.035475
vn -0.141448 0.971860 0.188361
vn 0.689143 -0.012564 -0.724517
vn -0.332742 0.870999 0.361445
vn -0.215954 0.969303 0.117537
vn 0.954462 0.005985 -0.298274
vn -0.459190 0.865280 0.201084
vn -0.510557 0.074914 0.856574
vn -0.264701 0.093830 0.959755
vn -0.312502 0.505257 0.804399
vn -0.836677 0.075433 0.542477
vn -0.719814 0.057650 0.691769
vn -0.619702 0.497877 0.606703
vn -0.962696 0.048106 0.266274
vn -0.784632 0.531190 0.319671
vn 0.025003 0.035478 0.999058
vn -0.166621 0.857235 0.487223
vn -0.035964 0.106417 0.993671
vn -0.001310 0.490955 0.871184
vn 0.006258 0.854195 0.519916
vn 0.025003 0.035478 0.999058
vn 0.222162 0.969167 0.106577
vn -0.724514 -0.012125 -0.689153
vn 0.391621 0.869294 0.301598
vn 0.151292 0.971770 0.181038
vn -0.297881 -0.018030 -0.954433
vn 0.231158 0.873733 0.427969
vn 0.832172 0.073125 0.549675
vn 0.960313 0.041610 0.275804
vn 0.821542 0.487833 0.295107
vn 0.525084 0.092930 0.845962
vn 0.700990 0.063028 0.710380
vn 0.623707 0.498433 0.602125
vn 0.062357 0.128735 0.989717
vn 0.268808 0.103651 0.957601
vn 0.052954 0.486118 0.872287
vn 0.338013 0.547660 0.765387
vn 0.024897 0.846927 0.531126
vn 0.025003 0.035478 0.999058
vn 0.025003 0.035478 0.999058
vn 0.516842 0.845171 0.136240
vn -0.541407 0.840755 -0.003164
vn -0.581222 0.813707 -0.007882
vn -0.736390 0.676542 -0.004704
vn -0.654286 0.756177 -0.010313
vn -0.637033 0.770765 -0.010536
vn -0.611173 0.791435 -0.009938
vn -0.403951 0.914548 -0.020636
vn -0.520253 0.853877 -0.015181
vn 0.052554 0.998616 0.001900
vn 0.002505 0.999971 -0.007153
vn -0.046528 0.998884 -0.008069
vn 0.020901 0.999527 -0.022540
vn 0.160130 0.987046 -0.009961
vn 0.221958 0.974488 -0.033295
vn 0.239103 0.970256 -0.037849
vn 0.399876 0.915737 -0.039063
vn -0.300915 0.953246 -0.027777
vn -0.215396 0.976162 -0.026686
vn -0.156605 0.987657 -0.002955
vn -0.075859 0.997105 0.005258
vn 0.536855 0.842609 -0.042383
vn 0.427138 0.903262 -0.040884
vn 0.739309 0.672042 -0.042203
vn 0.583510 0.811192 -0.038526
vn 0.603918 0.796050 -0.039857
vn 0.629617 0.775768 -0.042022
vn 0.647259 0.761064 -0.042867
vn 0.751468 0.659769 -0.000148
vn -0.029086 0.035443 0.998948
vn -0.554426 0.029204 0.831720
vn -0.896264 0.015217 0.443261
vn -0.999580 0.000452 0.028983
vn 0.999516 0.000047 -0.031103
vn 0.843229 0.007522 -0.537501
vn 0.494054 -0.004461 -0.869420
vn 0.018153 -0.031391 -0.999342
vn -0.069062 -0.031274 -0.997122
vn -0.536910 -0.004141 -0.843629
vn -0.869045 0.008054 -0.494667
vn -0.999913 0.001007 0.013119
vn -0.025003 -0.035478 -0.999058
vn -0.025003 -0.035478 -0.999058
vn -0.025003 -0.035478 -0.999058
vn -0.025003 -0.035478 -0.999058
vn 0.025003 0.035478 0.999058
vn 0.025003 0.035478 0.999058
vn 0.025003 0.035478 0.999058
vn 0.025003 0.035478 0.999058
vn 0.055809 0.035452 0.997812
vn 0.999950 0.000224 -0.009968
vn 0.832233 0.020148 0.554060
vn 0.443524 0.032051 0.895689
vn 0.139603 0.989694 -0.031878
vn -0.645808 0.763451 -0.008645
vn -0.803050 0.595912 0.000527
vn -0.480071 0.877050 -0.017767
vn -0.307264 0.951346 -0.023022
vn -0.088782 0.995660 -0.027902
vn 0.339039 0.940094 -0.035734
vn 0.506227 0.861736 -0.033840
vn 0.661775 0.748919 -0.034259
vn 0.803486 0.594132 -0.037650
vn -0.977679 -0.207418 0.033494
vn -0.999644 0.000369 0.026665
vn -0.912982 -0.406137 0.038932
vn -0.808382 -0.587104 0.042741
vn -0.668450 -0.742409 0.044754
vn -0.492740 -0.869031 0.044637
vn -0.302779 -0.952089 0.043030
vn -0.289106 -0.956410 0.041199
vn -0.207251 -0.977422 0.041137
vn -0.103647 -0.993782 0.040686
vn -0.103922 -0.993863 0.037895
vn 0.000608 -0.999326 0.036713
vn 0.105174 -0.993778 0.036650
vn 0.105070 -0.993928 0.032667
vn 0.208442 -0.977552 0.030739
vn 0.309574 -0.950399 0.030098
vn 0.309469 -0.950554 0.026011
vn 0.407167 -0.913052 0.023475
vn 0.500448 -0.865477 0.022403
vn 0.500343 -0.865636 0.018218
vn 0.588099 -0.808646 0.015239
vn 0.669454 -0.742723 0.013900
vn 0.669350 -0.742885 0.009629
vn 0.743329 -0.668895 0.006391
vn 0.809206 -0.587504 0.004961
vn 0.809103 -0.587666 0.000620
vn 0.866073 -0.499910 -0.002682
vn 0.913597 -0.406602 -0.004022
vn 0.913494 -0.406764 -0.008417
vn 0.950968 -0.309073 -0.011583
vn 0.978063 -0.207924 -0.012658
vn 0.977962 -0.208084 -0.017086
vn 0.994301 -0.104727 -0.019924
vn 0.999788 -0.000153 -0.020569
vn 0.999687 -0.000310 -0.025008
vn 0.994181 0.104198 -0.027341
vn 0.977823 0.207631 -0.027409
vn 0.977722 0.207477 -0.031837
vn 0.950611 0.308571 -0.033508
vn 0.913127 0.406347 -0.032880
vn 0.913025 0.406197 -0.037275
vn 0.865496 0.499460 -0.038157
vn 0.774475 0.631292 -0.040718
vn -0.913452 0.406822 0.010074
vn -0.977919 0.208143 0.018743
vn -0.025003 -0.035478 -0.999058
vn -0.025003 -0.035478 -0.999058
vn -0.025003 -0.035478 -0.999058
vn -0.025003 -0.035478 -0.999058
vn -0.025003 -0.035478 -0.999058
vn -0.025003 -0.035478 -0.999058
vn -0.025003 -0.035478 -0.999058
vn -0.025003 -0.035478 -0.999058
vn 0.000577 -0.999370 0.035475
vn 0.025003 0.035478 0.999058
vn 0.025003 0.035478 0.999058
vn 0.025003 0.035478 0.999058
vn 0.209013 -0.976273 0.056609
vn 0.025003 0.035478 0.999058
vn 0.407890 -0.909929 0.075204
vn 0.025003 0.035478 0.999058
vn 0.025003 0.035478 0.999058
vn 0.025003 0.035478 0.999058
vn 0.588257 -0.803602 0.090433
vn 0.025003 0.035478 0.999058
vn 0.742237 -0.662383 0.101647
vn 0.025003 0.035478 0.999058
vn 0.025003 0.035478 0.999058
vn 0.025003 0.035478 0.999058
vn 0.863366 -0.492799 0.108395
vn 0.025003 0.035478 0.999058
vn 0.946767 -0.302386 0.110431
vn 0.025003 0.035478 0.999058
vn 0.989208 -0.099328 0.107706
vn 0.025003 0.035478 0.999058
vn 0.025003 0.035478 0.999058
vn 0.025003 0.035478 0.999058
vn 0.989089 0.107856 0.100351
vn 0.025003 0.035478 0.999058
vn 0.946413 0.310547 0.088674
vn 0.025003 0.035478 0.999058
vn 0.025003 0.035478 0.999058
vn 0.862792 0.500240 0.073145
vn 0.025003 0.035478 0.999058
vn 0.025003 0.035478 0.999058
vn 0.025003 0.035478 0.999058
vn 0.741469 0.668779 0.054394
vn 0.025003 0.035478 0.999058
vn 0.587326 0.808669 0.033202
vn 0.025003 0.035478 0.999058
vn 0.025003 0.035478 0.999058
vn 0.025003 0.035478 0.999058
vn 0.406837 0.913441 0.010480
vn 0.025003 0.035478 0.999058
vn 0.207885 0.978070 -0.012765
vn 0.025003 0.035478 0.999058
vn -0.093191 -0.673253 0.733516
vn -0.176551 -0.654439 0.735214
vn -0.313668 -0.599095 0.736680
vn -0.436302 -0.516472 0.736816
vn -0.539096 -0.410181 0.735613
vn -0.617556 -0.284866 0.733127
vn -0.668253 -0.146006 0.729465
vn -0.688973 0.000332 0.724787
vn -0.678809 0.147751 0.719297
vn -0.638204 0.289808 0.713237
vn -0.568935 0.420297 0.706869
vn -0.474028 0.533511 0.700473
vn -0.357632 0.624506 0.694329
vn -0.224832 0.689301 0.688705
vn -0.108636 0.721439 0.683904
vn -0.000577 0.999370 -0.035475
vn 0.025003 0.035478 0.999058
vn -0.999094 0.035301 0.023751
vn -0.984620 0.173732 0.018472
vn -0.970104 0.242181 0.015678
vn -0.927153 0.374553 0.009903
vn -0.898716 0.438476 0.006921
vn -0.829165 0.559004 0.000900
vn -0.788050 0.615608 -0.002139
vn -0.694938 0.719024 -0.008142
vn -0.642941 0.765835 -0.011105
vn -0.530339 0.847618 -0.016828
vn -0.469734 0.882591 -0.019586
vn -0.342562 0.939168 -0.024778
vn -0.275997 0.960773 -0.027211
vn -0.139814 0.989672 -0.031646
vn -0.069813 0.996847 -0.037705
vn 0.069045 0.996922 -0.037130
vn 0.137979 0.989345 -0.046448
vn 0.274887 0.960602 -0.040992
vn 0.340828 0.938829 -0.049365
vn 0.468715 0.882299 -0.043062
vn 0.528771 0.847263 -0.050475
vn 0.642057 0.765436 -0.043251
vn 0.693592 0.718649 -0.049729
vn 0.787339 0.615119 -0.041548
vn 0.828088 0.558611 -0.047161
vn 0.898210 0.437918 -0.038031
vn 0.926378 0.374145 -0.042882
vn 0.969825 0.241579 -0.032850
vn 0.984168 0.173314 -0.037081
vn 0.999054 0.034681 -0.026235
vn 0.998933 -0.035102 -0.030010
vn 0.984620 -0.173732 -0.018472
vn 0.970029 -0.241994 -0.021978
vn 0.927153 -0.374553 -0.009903
vn 0.898720 -0.438319 -0.013338
vn 0.829165 -0.559004 -0.000900
vn 0.788127 -0.615497 -0.004466
vn 0.694938 -0.719024 0.008142
vn 0.643082 -0.765786 0.004250
vn 0.530339 -0.847618 0.016828
vn 0.469927 -0.882618 0.012429
vn 0.342562 -0.939168 0.024778
vn 0.276229 -0.960890 0.019714
vn 0.139814 -0.989672 0.031646
vn 0.070454 -0.997182 0.025787
vn -0.069045 -0.996922 0.037130
vn -0.137808 -0.989856 0.034548
vn -0.274887 -0.960602 0.040992
vn -0.341478 -0.938956 0.041890
vn -0.468715 -0.882299 0.043062
vn -0.529361 -0.847289 0.043337
vn -0.642057 -0.765436 0.043251
vn -0.694108 -0.718592 0.042890
vn -0.787339 -0.615119 0.041548
vn -0.828519 -0.558489 0.040568
vn -0.898210 -0.437918 0.038031
vn -0.926720 -0.373977 0.036473
vn -0.969825 -0.241579 0.032850
vn -0.984419 -0.173121 0.030785
vn -0.999054 -0.034681 0.026235
vn -0.142327 -0.721487 -0.677642
vn -0.128124 0.673489 -0.728009
vn -0.259417 -0.689160 -0.676581
vn -0.392293 -0.624280 -0.675560
vn -0.508796 -0.533212 -0.675878
vn -0.603835 -0.419937 -0.677522
vn -0.673255 -0.289404 -0.680421
vn -0.714024 -0.147319 -0.684446
vn -0.724360 0.000108 -0.689422
vn -0.703809 0.146434 -0.695134
vn -0.653271 0.285265 -0.701328
vn -0.574955 0.410532 -0.707736
vn -0.472282 0.516761 -0.714078
vn -0.349741 0.599309 -0.720077
vn -0.212687 0.654567 -0.725470
vn -0.105575 -0.993688 0.037930
vn 0.072683 0.996661 -0.037212
vn 0.025003 0.035478 0.999058
vn 0.068151 0.996765 -0.042607
vn 0.025003 0.035478 0.999058
vn -0.197931 0.979762 -0.029839
vn 0.025003 0.035478 0.999058
vn -0.403952 0.914507 -0.022366
vn 0.025003 0.035478 0.999058
vn -0.591085 0.806490 -0.013847
vn 0.025003 0.035478 0.999058
vn -0.750580 0.660763 -0.004680
vn 0.025003 0.035478 0.999058
vn -0.874978 0.484140 0.004705
vn -0.935375 0.353492 0.010856
vn -0.958463 0.284878 0.013871
vn -0.989342 0.144281 0.019636
vn -0.997132 0.072296 0.022388
vn -0.997049 -0.071677 0.027498
vn -0.989176 -0.143666 0.029858
vn -0.958135 -0.284283 0.034074
vn -0.934967 -0.352911 0.035932
vn 0.025003 0.035478 0.999058
vn -0.837040 -0.545654 0.040326
vn 0.025003 0.035478 0.999058
vn -0.699974 -0.712883 0.042834
vn 0.025003 0.035478 0.999058
vn -0.530178 -0.846778 0.043339
vn 0.025003 0.035478 0.999058
vn -0.335591 -0.941079 0.041818
vn 0.025003 0.035478 0.999058
vn -0.139684 -0.989601 0.034325
vn 0.025003 0.035478 0.999058
vn 0.077114 -0.996654 0.027101
vn 0.993772 -0.108512 -0.025349
vn 0.976278 -0.215340 -0.022584
vn 0.999526 -0.000516 -0.030795
vn 0.976439 -0.215139 -0.016797
vn 0.947424 -0.319545 -0.016695
vn 0.907374 -0.420105 -0.013588
vn 0.907534 -0.419906 -0.007801
vn 0.856771 -0.515644 -0.007463
vn 0.796035 -0.605236 -0.004227
vn 0.796193 -0.605040 0.001560
vn 0.726050 -0.687639 0.001917
vn 0.647468 -0.762076 0.005060
vn 0.468772 -0.883101 0.019629
vn 0.459373 -0.888128 0.014354
vn 0.561376 -0.827488 0.011004
vn 0.647624 -0.761883 0.010848
vn 0.395453 -0.918302 0.018380
vn 0.353551 -0.935245 0.017866
vn 0.250353 -0.967898 0.022305
vn 0.268000 -0.963026 0.027492
vn 0.215412 -0.976147 0.027106
vn 0.026759 -0.999036 0.034808
vn 0.048903 -0.998217 0.034225
vn 0.144284 -0.989220 0.025020
vn 0.162079 -0.986526 0.022314
vn 0.266888 0.962860 -0.040872
vn 0.273879 0.960620 -0.046899
vn 0.178797 0.982816 -0.045874
vn 0.134277 0.990017 -0.042851
vn 0.318600 0.946878 -0.043766
vn 0.380103 0.923704 -0.047884
vn 0.467599 0.882590 -0.048843
vn 0.467752 0.882811 -0.043056
vn 0.560420 0.826832 -0.047719
vn 0.646588 0.761263 -0.049014
vn 0.646744 0.761481 -0.043227
vn 0.725257 0.686881 -0.046875
vn 0.795337 0.604330 -0.047164
vn 0.795495 0.604546 -0.041377
vn 0.856175 0.514805 -0.044041
vn 0.906889 0.419130 -0.043379
vn 0.907049 0.419343 -0.037592
vn 0.947056 0.318650 -0.039349
vn 0.976030 0.214323 -0.037836
vn 0.976191 0.214532 -0.032049
vn 0.993647 0.107588 -0.033020
vn 0.999687 -0.000310 -0.025008
vn 0.062263 -0.235716 0.969825
vn 0.144443 -0.298362 0.943460
vn 0.181303 -0.217555 0.959062
vn 0.230448 -0.179727 0.956343
vn 0.270619 -0.132370 0.953543
vn 0.299995 -0.077583 0.950781
vn 0.317243 -0.017805 0.948177
vn 0.321576 0.044292 0.945847
vn 0.312797 0.105932 0.943894
vn 0.291302 0.164356 0.942406
vn 0.258067 0.216957 0.941452
vn 0.214598 0.261392 0.941075
vn 0.162862 0.295697 0.941297
vn 0.105196 0.318371 0.942111
vn 0.044197 0.328448 0.943487
vn -0.017398 0.325536 0.945370
vn -0.076838 0.309831 0.947682
vn -0.131485 0.282110 0.950329
vn -0.178936 0.243687 0.953204
vn -0.217129 0.196351 0.956191
vn -0.244436 0.142280 0.959170
vn -0.259735 0.083938 0.962025
vn -0.262456 0.023959 0.964647
vn -0.252600 -0.034976 0.966939
vn -0.230735 -0.090259 0.968821
vn -0.197964 -0.139475 0.970236
vn -0.155867 -0.180510 0.971144
vn -0.106425 -0.211644 0.971535
vn -0.051922 -0.231624 0.971419
vn 0.005161 -0.239712 0.970830
vn 0.025003 0.035478 0.999058
vn 0.025003 0.035478 0.999058
vn 0.025003 0.035478 0.999058
vn 0.025003 0.035478 0.999058
vn 0.025003 0.035478 0.999058
vn 0.025003 0.035478 0.999058
vn 0.025003 0.035478 0.999058
vn 0.025003 0.035478 0.999058
vn 0.025003 0.035478 0.999058
vn 0.025003 0.035478 0.999058
vn -0.742489 -0.667086 0.060887
vn -0.587644 -0.807196 0.055761
vn -0.397693 -0.915848 0.055347
vn -0.179016 -0.982876 0.043675
vn -0.431007 -0.901333 0.042795
vn -0.358872 -0.932217 0.046718
vn -0.309211 -0.949102 0.059956
vn -0.292721 -0.954608 0.055113
vn -0.131531 -0.990565 0.038468
vn -0.500119 -0.864366 0.052470
vn -0.587999 -0.807697 0.043398
vn -0.668938 -0.741474 0.052330
vn -0.743082 -0.667861 0.042314
vn -0.808578 -0.586235 0.050312
vn -0.865763 -0.498902 0.039384
vn -0.912948 -0.405418 0.046503
vn -0.950691 -0.308189 0.034737
vn -0.977498 -0.206908 0.041069
vn -0.994163 -0.104036 0.028575
vn -0.999413 0.000639 0.034247
vn -0.994283 0.104653 0.021167
vn -0.977738 0.208172 0.026335
vn -0.951047 0.308779 0.012836
vn -0.913417 0.406641 0.017677
vn -0.866339 0.499440 0.003946
vn -0.809255 0.587393 0.008652
vn -0.743854 0.668323 -0.005117
vn -0.669795 0.742546 -0.000348
vn -0.588932 0.808062 -0.013957
vn -0.501118 0.865333 -0.008930
vn -0.408329 0.912565 -0.022188
vn -0.321137 0.946934 -0.013688
vn -0.260610 0.965167 -0.023120
vn -0.054499 0.998080 -0.029447
vn -0.106241 0.994240 -0.014135
vn -0.123689 0.992153 -0.018250
vn -0.209920 0.977275 -0.029451
vn -0.025003 -0.035478 -0.999058
vn 0.233380 -0.970432 -0.061616
vn -0.025003 -0.035478 -0.999058
vn 0.025003 0.035478 0.999058
vn -0.025003 -0.035478 -0.999058
vn -0.025003 -0.035478 -0.999058
vn -0.025003 -0.035478 -0.999058
vn 0.299875 0.953082 -0.041350
vn -0.025003 -0.035478 -0.999058
vn -0.025003 -0.035478 -0.999058
vn -0.913301 0.398454 -0.084351
vn 0.972491 -0.232383 -0.016086
vn -0.025003 -0.035478 -0.999058
vn -0.025003 -0.035478 -0.999058
vn -0.198298 -0.141727 0.969841
vn -0.107456 -0.050220 0.992941
vn 0.000154 0.014911 0.999889
vn -0.073438 -0.039752 0.996507
vn 0.011643 0.025283 0.999613
vn 0.021789 0.032719 0.999227
vn -0.061692 -0.048193 0.996931
vn -0.096030 -0.094291 0.990903
vn -0.128582 -0.095529 0.987087
vn -0.300442 -0.240522 0.922976
vn -0.360153 -0.274738 0.891520
vn 0.025003 0.035478 0.999058
vn 0.025003 0.035478 0.999058
vn 0.025003 0.035478 0.999058
vn 0.025003 0.035478 0.999058
vn 0.025003 0.035478 0.999058
vn 0.025003 0.035478 0.999058
vn 0.025003 0.035478 0.999058
vn -0.025003 -0.035478 -0.999058
vn -0.025003 -0.035478 -0.999058
vn -0.025003 -0.035478 -0.999058
vn -0.025003 -0.035478 -0.999058
vn -0.025003 -0.035478 -0.999058
vn -0.025003 -0.035478 -0.999058
vn -0.025003 -0.035478 -0.999058
vn -0.025003 -0.035478 -0.999058
vn -0.025003 -0.035478 -0.999058
vn -0.025003 -0.035478 -0.999058
vn -0.025003 -0.035478 -0.999058
vn -0.025003 -0.035478 -0.999058
vn -0.025003 -0.035478 -0.999058
vn 0.025003 0.035478 0.999058
vn -0.923882 -0.382571 -0.009058
vn -0.705854 -0.708355 -0.002060
vn -0.256669 -0.965642 0.040715
vn 0.025003 0.035478 0.999058
vn 0.025003 0.035478 0.999058
vn -0.965368 0.260464 0.014911
vn 0.025003 0.035478 0.999058
vn 0.025003 0.035478 0.999058
vn 0.025003 0.035478 0.999058
vn 0.025003 0.035478 0.999058
vn 0.025003 0.035478 0.999058
vn 0.995775 -0.089215 -0.021753
vn 0.025003 0.035478 0.999058
vn 0.025003 0.035478 0.999058
vn 0.025003 0.035478 0.999058
vn 0.018221 0.031564 0.999336
vn -0.025003 -0.035478 -0.999058
vn -0.025003 -0.035478 -0.999058
vn -0.025003 -0.035478 -0.999058
vn -0.025003 -0.035478 -0.999058
vn -0.025003 -0.035478 -0.999058
vn -0.025003 -0.035478 -0.999058
vn -0.025003 -0.035478 -0.999058
vn -0.025003 -0.035478 -0.999058
vn -0.025003 -0.035478 -0.999058
vn -0.025003 -0.035478 -0.999058
vn -0.025003 -0.035478 -0.999058
vn -0.025003 -0.035478 -0.999058
vn -0.025003 -0.035478 -0.999058
vn 0.025003 0.035478 0.999058
vn 0.025003 0.035478 0.999058
vn 0.025003 0.035478 0.999058
vn 0.025003 0.035478 0.999058
vn 0.025003 0.035478 0.999058
vn 0.025003 0.035478 0.999058
vn 0.025003 0.035478 0.999058
vn 0.025003 0.035478 0.999058
vn 0.025003 0.035478 0.999058
vn 0.025003 0.035478 0.999058
vn 0.025003 0.035478 0.999058
vn 0.025003 0.035478 0.999058
vn 0.025003 0.035478 0.999058
vn -0.025003 -0.035478 -0.999058
vn -0.025003 -0.035478 -0.999058
vn -0.025003 -0.035478 -0.999058
vn -0.025003 -0.035478 -0.999058
vn -0.025003 -0.035478 -0.999058
vn -0.025003 -0.035478 -0.999058
vn -0.025003 -0.035478 -0.999058
vn -0.025003 -0.035478 -0.999058
vn -0.025003 -0.035478 -0.999058
vn -0.025003 -0.035478 -0.999058
vn -0.025003 -0.035478 -0.999058
vn -0.025003 -0.035478 -0.999058
vn -0.025003 -0.035478 -0.999058
vn 0.025003 0.035478 0.999058
vn 0.025003 0.035478 0.999058
vn 0.025003 0.035478 0.999058
vn 0.025003 0.035478 0.999058
vn 0.025003 0.035478 0.999058
vn 0.025003 0.035478 0.999058
vn 0.025003 0.035478 0.999058
vn 0.025003 0.035478 0.999058
vn 0.025003 0.035478 0.999058
vn 0.025003 0.035478 0.999058
vn 0.025003 0.035478 0.999058
vn 0.025003 0.035478 0.999058
vn 0.025003 0.035478 0.999058
vn -0.025003 -0.035478 -0.999058
vn -0.025003 -0.035478 -0.999058
vn -0.025003 -0.035478 -0.999058
vn -0.025003 -0.035478 -0.999058
vn -0.025003 -0.035478 -0.999058
vn -0.025003 -0.035478 -0.999058
vn -0.025003 -0.035478 -0.999058
vn -0.025003 -0.035478 -0.999058
vn -0.025003 -0.035478 -0.999058
vn -0.025003 -0.035478 -0.999058
vn -0.025003 -0.035478 -0.999058
vn -0.025003 -0.035478 -0.999058
vn -0.025003 -0.035478 -0.999058
vn 0.025003 0.035478 0.999058
vn 0.025003 0.035478 0.999058
vn 0.025003 0.035478 0.999058
vn 0.025003 0.035478 0.999058
vn 0.025003 0.035478 0.999058
vn 0.025003 0.035478 0.999058
vn 0.025003 0.035478 0.999058
vn 0.025003 0.035478 0.999058
vn 0.025003 0.035478 0.999058
vn 0.025003 0.035478 0.999058
vn 0.025003 0.035478 0.999058
vn 0.025003 0.035478 0.999058
vn 0.025003 0.035478 0.999058
vn -0.025003 -0.035478 -0.999058
vn -0.025003 -0.035478 -0.999058
vn -0.025003 -0.035478 -0.999058
vn -0.025003 -0.035478 -0.999058
vn -0.025003 -0.035478 -0.999058
vn -0.025003 -0.035478 -0.999058
vn -0.025003 -0.035478 -0.999058
vn -0.025003 -0.035478 -0.999058
vn -0.025003 -0.035478 -0.999058
vn -0.025003 -0.035478 -0.999058
vn -0.025003 -0.035478 -0.999058
vn -0.025003 -0.035478 -0.999058
vn -0.025003 -0.035478 -0.999058
vn 0.025003 0.035478 0.999058
vn 0.025003 0.035478 0.999058
vn 0.025003 0.035478 0.999058
vn 0.025003 0.035478 0.999058
vn 0.025003 0.035478 0.999058
vn 0.025003 0.035478 0.999058
vn 0.025003 0.035478 0.999058
vn 0.025003 0.035478 0.999058
vn 0.025003 0.035478 0.999058
vn 0.025003 0.035478 0.999058
vn 0.025003 0.035478 0.999058
vn 0.025003 0.035478 0.999058
vn 0.025003 0.035478 0.999058
vn -0.025003 -0.035478 -0.999058
vn -0.025003 -0.035478 -0.999058
vn -0.025003 -0.035478 -0.999058
vn -0.025003 -0.035478 -0.999058
vn -0.025003 -0.035478 -0.999058
vn -0.025003 -0.035478 -0.999058
vn -0.025003 -0.035478 -0.999058
vn -0.025003 -0.035478 -0.999058
vn -0.025003 -0.035478 -0.999058
vn -0.025003 -0.035478 -0.999058
vn -0.025003 -0.035478 -0.999058
vn -0.025003 -0.035478 -0.999058
vn -0.025003 -0.035478 -0.999058
vn 0.025003 0.035478 0.999058
vn 0.790950 -0.610305 -0.043886
vn 0.964057 -0.258875 -0.059816
vn 0.965068 0.259865 -0.033381
vn 0.025003 0.035478 0.999058
vn 0.025003 0.035478 0.999058
vn 0.257784 -0.965801 0.027846
vn 0.025003 0.035478 0.999058
vn 0.025003 0.035478 0.999058
vn 0.025003 0.035478 0.999058
vn 0.025003 0.035478 0.999058
vn 0.025003 0.035478 0.999058
vn -0.421366 0.906632 -0.021651
vn 0.025003 0.035478 0.999058
vn 0.025003 0.035478 0.999058
vn 0.025003 0.035478 0.999058
vn 0.031789 0.031560 0.998996
vn -0.025003 -0.035478 -0.999058
vn 0.894947 0.427473 -0.127815
vn -0.025003 -0.035478 -0.999058
vn 0.025003 0.035478 0.999058
vn -0.025003 -0.035478 -0.999058
vn -0.025003 -0.035478 -0.999058
vn -0.025003 -0.035478 -0.999058
vn -0.918912 -0.392729 0.036944
vn -0.025003 -0.035478 -0.999058
vn -0.025003 -0.035478 -0.999058
vn -0.025003 -0.035478 -0.999058
vn 0.024340 0.999052 -0.036087
vn -0.025003 -0.035478 -0.999058
vn -0.025003 -0.035478 -0.999058
vn 0.242344 -0.146939 0.958999
vn 0.135701 -0.076531 0.987790
vn 0.050282 0.015429 0.998616
vn 0.118667 -0.045346 0.991898
vn 0.037758 0.024523 0.998986
vn 0.028374 0.032906 0.999056
vn 0.124496 -0.032103 0.991701
vn 0.176226 -0.056295 0.982739
vn 0.183927 -0.087955 0.978997
vn 0.356902 -0.227335 0.906058
vn 0.400632 -0.279267 0.872642
vn 0.025003 0.035478 0.999058
vn 0.025003 0.035478 0.999058
vn 0.025003 0.035478 0.999058
vn 0.025003 0.035478 0.999058
vn 0.025003 0.035478 0.999058
vn 0.025003 0.035478 0.999058
vn 0.025003 0.035478 0.999058
vn 0.025003 0.035478 0.999058
vn -0.893731 0.015399 0.448340
vn -0.999687 0.000310 0.025008
vn 0.457763 0.887983 -0.044039
vn 0.000577 -0.999370 0.035475
vn 0.025003 0.035478 0.999058
vn 0.392095 0.918846 -0.044544
vn 0.000577 -0.999370 0.035475
vn 0.445026 0.894611 -0.040288
vn -0.738849 -0.024368 -0.673430
vn 0.445204 0.894522 -0.040300
vn 0.330285 0.942908 -0.042865
vn 0.000577 -0.999370 0.035475
vn 0.000577 -0.999370 0.035475
vn -0.478014 -0.031435 -0.877789
vn 0.025003 0.035478 0.999058
vn -0.933395 -0.013355 -0.358602
vn 0.025003 0.035478 0.999058
vn 0.000577 -0.999370 0.035475
vn 0.557315 0.828970 -0.047002
vn 0.000577 -0.999370 0.035475
vn 0.025003 0.035478 0.999058
vn 0.000577 -0.999370 0.035475
vn 0.545334 0.836685 -0.050690
vn 0.025003 0.035478 0.999058
vn 0.025003 0.035478 0.999058
vn 0.563050 0.823354 -0.071153
vn 0.025003 0.035478 0.999058
vn 0.025003 0.035478 0.999058
vn 0.025003 0.035478 0.999058
vn 0.025003 0.035478 0.999058
vn 0.557291 0.829062 -0.045642
vn -0.980822 -0.012847 0.194482
vn 0.025003 0.035478 0.999058
vn 0.025003 0.035478 0.999058
vn -0.665740 0.046301 0.744745
vn -0.667527 0.034536 0.743785
vn -0.709411 0.043422 0.703457
vn -0.709618 0.030064 0.703945
vn -0.313604 0.949202 -0.025859
vn -0.325153 0.945319 -0.025432
vn 0.108711 -0.092266 -0.989782
vn -0.337048 0.941156 -0.024987
vn -0.104626 0.051117 0.993197
vn -0.357152 0.933731 -0.024259
vn -0.366016 0.031115 0.930088
vn -0.527367 0.028965 0.849144
vn -0.313587 0.949208 -0.025860
vn -0.352424 0.935522 -0.024402
vn 0.353178 -0.088961 -0.931317
vn 0.679272 -0.015730 -0.733718
vn 0.650333 -0.031583 -0.758993
vn 0.526328 -0.058418 -0.848272
vn 0.337693 0.020373 -0.941036
vn 0.733581 0.006710 -0.679569
vn 0.705721 -0.020920 -0.708181
vn 0.664735 0.302472 -0.683109
vn 0.563195 0.554851 -0.612333
vn 0.508800 0.654723 -0.558981
vn 0.636325 0.359016 -0.682786
vn 0.508042 0.689184 -0.516641
vn 0.389272 0.809854 -0.438867
vn 0.229185 0.933759 -0.274897
vn 0.185549 0.958983 -0.214295
vn 0.000577 -0.999370 0.035475
vn 0.000577 -0.999370 0.035475
vn 0.025003 0.035478 0.999058
vn 0.025003 0.035478 0.999058
vn 0.025003 0.035478 0.999058
vn 0.025003 0.035478 0.999058
vn 0.025003 0.035478 0.999058
vn 0.025003 0.035478 0.999058
vn -0.017323 0.456832 -0.889384
vn 0.000577 -0.999370 0.035475
vn 0.000577 -0.999370 0.035475
vn 0.025003 0.035478 0.999058
vn -0.291722 0.956132 -0.026653
vn -0.291737 0.956127 -0.026652
vn 0.025003 0.035478 0.999058
vn 0.025003 0.035478 0.999058
vn 0.025003 0.035478 0.999058
vn 0.000577 -0.999370 0.035475
vn -0.180142 0.967956 0.174955
vn 0.025003 0.035478 0.999058
vn 0.000577 -0.999370 0.035475
vn 0.025003 0.035478 0.999058
vn 0.000577 -0.999370 0.035475
vn 0.012002 0.883223 0.468800
vn 0.025691 0.530427 0.847341
vn -0.291729 0.956130 -0.026653
vn 0.000577 -0.999370 0.035475
vn 0.025003 0.035478 0.999058
vn 0.025003 0.035478 0.999058
vn 0.000577 -0.999370 0.035475
vn -0.355861 0.869213 0.343265
vn -0.592413 0.533100 0.604028
vn -0.659622 0.313204 0.683229
vn -0.634358 0.414543 0.652491
vn -0.487685 0.724552 0.487020
vn -0.383523 0.845000 0.372673
vn -0.189262 0.968079 0.164325
vn 0.000577 -0.999370 0.035475
vn 0.025003 0.035478 0.999058
vn 0.000577 -0.999370 0.035475
vn 0.000577 -0.999370 0.035475
vn -0.289606 0.956770 -0.026821
vn -0.391878 0.919733 -0.022872
vn 0.025003 0.035478 0.999058
vn 0.025003 0.035478 0.999058
vn -0.885181 0.015994 0.464971
vn -0.707303 0.706871 -0.007422
vn -0.831537 0.555469 0.001127
vn -0.961602 0.274075 0.014307
vn -0.999245 0.006755 0.038259
vn 0.886014 -0.008401 -0.463582
vn 0.829899 0.441525 -0.341062
vn 0.509411 0.830808 -0.224185
vn 0.000577 -0.999370 0.035475
vn 0.998774 0.019375 -0.045548
vn 0.817262 0.574114 -0.049766
vn 0.420168 0.906212 -0.047314
vn 0.000577 -0.999370 0.035475
vn -0.936188 0.043962 0.348740
vn -0.999493 0.014490 0.028355
vn 0.999138 0.026375 -0.032055
vn 0.934000 0.014063 -0.356997
vn -0.906841 0.421230 0.014307
vn -0.692712 0.281968 0.663810
vn -0.761207 0.573488 0.302778
vn -0.538478 0.655777 0.529149
vn -0.507015 0.723622 0.468302
vn -0.435073 0.885172 0.164873
vn -0.367484 0.866478 0.337893
vn -0.184666 0.971642 0.147682
vn -0.014332 0.999492 -0.028473
vn -0.009111 0.999593 -0.027044
vn -0.575196 0.817949 -0.010421
vn -0.019766 0.999197 -0.034844
vn -0.639050 0.325517 0.696889
vn -0.572871 0.553275 0.604735
vn -0.487749 0.724557 0.486947
vn -0.435818 0.790712 0.429927
vn -0.176607 0.971942 0.155369
vn -0.009667 0.999623 -0.025719
vn -0.394732 0.910466 0.123447
vn -0.374851 0.926782 -0.023697
vn -0.400977 0.727699 0.556482
vn 0.025003 0.035478 0.999058
vn -0.147363 0.972037 0.182835
vn -0.019043 0.999206 -0.035008
vn -0.372435 0.927752 -0.023829
vn -0.370177 0.928659 -0.023713
vn -0.378589 0.925269 -0.023397
vn -0.000577 0.999370 -0.035475
vn 0.025003 0.035478 0.999058
vn 0.025003 0.035478 0.999058
vn -0.378280 0.925395 -0.023402
vn -0.376430 0.926147 -0.023487
vn 0.005072 0.999047 -0.043362
vn 0.223264 0.890076 -0.397390
vn 0.372391 0.680524 -0.631041
vn 0.481397 0.297389 -0.824510
vn 0.006763 0.999029 -0.043529
vn 0.180856 0.955684 -0.232291
vn 0.276746 0.899920 -0.336980
vn 0.480903 0.688543 -0.542808
vn 0.551922 0.533291 -0.641079
vn 0.657163 0.243920 -0.713190
vn 0.627546 0.473388 -0.618134
vn 0.382642 0.836196 -0.392889
vn 0.015060 0.998604 -0.050630
vn 0.018993 0.998911 -0.042619
vn 0.017639 0.999192 -0.036115
vn 0.420259 0.906177 -0.047167
vn 0.464187 0.858142 -0.219368
vn 0.795492 0.487166 -0.360363
vn 0.817297 0.574074 -0.049650
vn -0.998572 0.048074 0.023284
vn -0.999654 0.009100 0.024694
vn -0.856731 0.515754 0.003083
vn -0.511999 0.858804 -0.017693
vn 0.000577 -0.999370 0.035475
vn -0.019438 0.999198 -0.034997
vn 0.018284 0.999187 -0.035940
vn 0.999668 0.005386 -0.025210
vn 0.999327 0.025934 -0.025931
vn 0.906548 0.420424 -0.037618
vn 0.574418 0.817411 -0.043403
vn 0.000577 -0.999370 0.035475
vn 0.906546 0.420427 -0.037618
vn 0.574403 0.817421 -0.043403
vn -0.818185 0.574956 0.000059
vn -0.421363 0.906634 -0.021651
vn -0.689255 -0.030162 -0.723890
vn -0.708479 -0.021638 -0.705400
vn -0.741532 0.006002 -0.670890
vn -0.768560 -0.012208 -0.639661
vn 0.332187 0.942280 -0.041950
vn 0.179136 0.015057 0.983709
vn 0.309056 0.950139 -0.041476
vn 0.329665 0.943175 -0.041744
vn -0.176697 -0.069846 -0.981784
vn 0.025003 0.035478 0.999058
vn -0.454443 -0.070376 -0.887991
vn -0.420593 0.012739 -0.907160
vn -0.566686 -0.082622 -0.819781
vn 0.309038 0.950145 -0.041475
vn 0.715481 0.055102 0.696456
vn 0.693918 0.040966 0.718888
vn 0.567404 0.070038 0.820456
vn 0.401091 0.027914 0.915613
vn 0.349175 0.936331 -0.036884
vn 0.744230 0.050338 0.666024
vn 0.744223 0.026901 0.667390
vn 0.682878 0.356634 0.637566
vn 0.487780 0.755161 0.437953
vn 0.597151 0.585758 0.547995
vn 0.699535 0.282650 0.656324
vn 0.240982 0.950486 0.196225
vn 0.416884 0.831328 0.367562
vn 0.511672 0.724254 0.462221
vn 0.276553 0.932819 0.231014
vn 0.000577 -0.999370 0.035475
vn 0.000577 -0.999370 0.035475
vn 0.000577 -0.999370 0.035475
vn 0.025003 0.035478 0.999058
vn 0.025003 0.035478 0.999058
vn 0.000577 -0.999370 0.035475
vn 0.025003 0.035478 0.999058
vn 0.025003 0.035478 0.999058
vn 0.290618 0.955951 -0.041221
vn 0.000577 -0.999370 0.035475
vn 0.025003 0.035478 0.999058
vn 0.025003 0.035478 0.999058
vn 0.025003 0.035478 0.999058
vn 0.290633 0.955946 -0.041221
vn 0.290633 0.955946 -0.041221
vn 0.025003 0.035478 0.999058
vn 0.000577 -0.999370 0.035475
vn 0.025003 0.035478 0.999058
vn 0.000577 -0.999370 0.035475
vn -0.094332 0.888708 -0.448664
vn -0.181046 0.538906 -0.822680
vn 0.290625 0.955949 -0.041221
vn -0.684258 0.233983 -0.690683
vn -0.325447 0.422934 -0.845702
vn -0.562071 0.612001 -0.556355
vn -0.497961 0.688363 -0.527439
vn -0.195059 0.819207 -0.539308
vn -0.363501 0.852448 -0.375764
vn -0.180539 0.958553 -0.220414
vn 0.000577 -0.999370 0.035475
vn 0.000577 -0.999370 0.035475
vn -0.727341 0.235446 -0.644624
vn -0.627354 0.479184 -0.613849
vn -0.527340 0.689441 -0.496572
vn -0.458146 0.759027 -0.462580
vn -0.192285 0.959023 -0.208092
vn 0.000577 -0.999370 0.035475
vn 0.000577 -0.999370 0.035475
vn 0.000577 -0.999370 0.035475
vn 0.273282 0.961060 -0.040994
vn 0.025003 0.035478 0.999058
vn 0.644384 0.763477 -0.043269
vn 0.025003 0.035478 0.999058
vn 0.025003 0.035478 0.999058
vn 0.919671 0.390951 -0.036918
vn 0.706475 0.706439 -0.042851
vn 0.954896 0.011085 0.296733
vn 0.999764 0.003011 -0.021517
vn 0.956808 0.288692 -0.034291
vn -0.954843 0.000062 -0.297112
vn -0.792253 0.535233 -0.293021
vn -0.426517 0.885549 -0.184082
vn -0.999800 0.005961 0.019108
vn -0.907233 0.420624 -0.002103
vn -0.575492 0.817540 -0.020913
vn 0.000577 -0.999370 0.035475
vn 0.000577 -0.999370 0.035475
vn 0.998820 0.046531 -0.013912
vn 0.906989 0.041685 0.419086
vn -0.912387 0.011144 -0.409177
vn -0.999687 0.024621 0.004452
vn -0.019475 0.998831 -0.044239
vn -0.017883 0.998540 -0.050973
vn -0.372600 0.855924 -0.358557
vn -0.019924 0.999182 -0.035188
vn -0.462574 0.857385 -0.225648
vn -0.575529 0.817517 -0.020795
vn -0.805425 0.487043 -0.337758
vn -0.907242 0.420605 -0.002058
vn -0.642582 0.506102 -0.575283
vn -0.680332 0.244914 -0.690772
vn -0.658251 0.380237 -0.649712
vn -0.512914 0.689091 -0.511931
vn -0.395690 0.816796 -0.419850
vn -0.194808 0.955740 -0.220479
vn -0.005401 0.999171 -0.040361
vn -0.516692 0.329947 -0.790041
vn -0.433587 0.647000 -0.627210
vn 0.350133 0.935909 -0.038494
vn 0.362030 0.930316 -0.058708
vn 0.362087 0.930288 -0.058791
vn -0.000577 0.999370 -0.035475
vn 0.025003 0.035478 0.999058
vn -0.205429 0.936413 -0.284482
vn 0.025003 0.035478 0.999058
vn 0.365884 0.929768 -0.040737
vn -0.004043 0.999203 -0.039720
vn 0.025003 0.035478 0.999058
vn 0.376460 0.925467 -0.042290
vn 0.025003 0.035478 0.999058
vn 0.162149 0.972038 0.169854
vn 0.025003 0.035478 0.999058
vn -0.000577 0.999370 -0.035475
vn 0.025003 0.035478 0.999058
vn 0.393095 0.916709 0.071556
vn 0.422035 0.899539 0.112766
vn 0.407764 0.903968 0.128729
vn 0.305728 0.914760 0.264090
vn 0.011252 0.999650 -0.023960
vn 0.585970 0.595134 0.549959
vn 0.675185 0.442491 0.590192
vn 0.427872 0.831450 0.354423
vn 0.014554 0.999653 -0.021939
vn 0.810072 0.512093 0.285559
vn 0.817628 0.574689 -0.034889
vn 0.469365 0.872697 0.134524
vn 0.420332 0.906507 -0.039567
vn 0.015384 0.999417 -0.030487
vn 0.017397 0.999208 -0.035782
vn -0.999358 0.026555 0.024068
vn -0.999470 0.021726 0.024242
vn -0.818192 0.574945 0.000059
vn -0.421358 0.906636 -0.021651
vn 0.000577 -0.999370 0.035475
vn -0.019438 0.999198 -0.034997
vn 0.018284 0.999187 -0.035940
vn -0.818185 0.574956 0.000059
vn -0.421363 0.906634 -0.021651
vn 0.999419 0.022258 -0.025805
vn 0.999584 0.013492 -0.025496
vn 0.817963 0.573818 -0.040849
vn 0.505833 0.861546 -0.043259
vn 0.000577 -0.999370 0.035475
vn 0.906546 0.420427 -0.037618
vn 0.574403 0.817421 -0.043403
vn 0.025003 0.035478 0.999058
vn 0.025003 0.035478 0.999058
vn 0.000577 -0.999370 0.035475
vn -0.472833 0.881015 -0.015569
vn 0.025003 0.035478 0.999058
vn 0.025003 0.035478 0.999058
vn 0.701651 -0.024872 -0.712086
vn 0.025003 0.035478 0.999058
vn 0.885182 -0.015994 -0.464971
vn 0.000577 -0.999370 0.035475
vn 0.000577 -0.999370 0.035475
vn 0.999614 -0.000408 -0.027768
vn 0.025003 0.035478 0.999058
vn -0.324288 0.945599 -0.026080
vn 0.000577 -0.999370 0.035475
vn -0.426301 0.904063 -0.030633
vn 0.000577 -0.999370 0.035475
vn 0.432512 -0.031736 -0.901069
vn -0.357830 0.933404 -0.026727
vn -0.545047 0.838039 -0.024794
vn -0.460125 0.887569 -0.022509
vn -0.549579 0.835091 -0.024203
vn 0.000577 -0.999370 0.035475
vn 0.025003 0.035478 0.999058
vn -0.573787 0.818863 -0.015201
vn 0.025003 0.035478 0.999058
vn 0.025003 0.035478 0.999058
vn 0.025003 0.035478 0.999058
vn -0.567763 0.821906 -0.046001
vn 0.025003 0.035478 0.999058
vn 0.025003 0.035478 0.999058
vn -0.548634 0.835879 -0.017496
vn -0.536896 0.843128 0.029624
vn 0.025003 0.035478 0.999058
vn 0.958847 0.002090 0.283916
vn 0.398165 -0.032312 -0.916745
vn 0.803475 -0.020656 -0.594981
vn 0.000577 -0.999370 0.035475
vn 0.993499 -0.003465 -0.113787
vn 0.917314 0.014654 0.397895
vn -0.917315 -0.014654 -0.397892
vn -0.595334 -0.028847 -0.802961
vn -0.113842 -0.035310 -0.992871
vn -0.398165 0.032312 0.916745
vn -0.803473 0.020656 0.594983
vn -0.993499 0.003465 0.113787
vn 0.595334 0.028847 0.802961
vn 0.113842 0.035310 0.992871
vn -0.000577 0.999370 -0.035475
vn 0.896264 -0.015217 -0.443261
vn 0.554423 -0.029204 -0.831723
vn 0.997948 0.002847 0.063970
vn -0.443524 -0.032051 -0.895689
vn -0.832231 -0.020148 -0.554062
vn 0.064034 -0.035365 -0.997321
vn -0.896262 0.015217 0.443264
vn -0.554423 0.029204 0.831723
vn -0.997948 -0.002847 -0.063969
vn 0.443524 0.032051 0.895689
vn 0.832230 0.020148 0.554064
vn -0.064034 0.035365 0.997321
vn 0.398165 -0.032312 -0.916745
vn 0.803475 -0.020656 -0.594981
vn 0.000577 -0.999370 0.035475
vn 0.993499 -0.003465 -0.113787
vn 0.917314 0.014654 0.397895
vn -0.917315 -0.014654 -0.397892
vn -0.595334 -0.028847 -0.802961
vn -0.113842 -0.035310 -0.992871
vn -0.398165 0.032312 0.916745
vn -0.803473 0.020656 0.594983
vn -0.993499 0.003465 0.113787
vn 0.595334 0.028847 0.802961
vn 0.113842 0.035310 0.992871
vn -0.000577 0.999370 -0.035475
vn 0.896264 -0.015217 -0.443261
vn 0.554423 -0.029204 -0.831723
vn 0.997948 0.002847 0.063970
vn -0.443524 -0.032051 -0.895689
vn -0.832231 -0.020148 -0.554062
vn 0.064034 -0.035365 -0.997321
vn -0.896262 0.015217 0.443264
vn -0.554423 0.029204 0.831723
vn -0.997948 -0.002847 -0.063969
vn 0.443524 0.032051 0.895689
vn 0.832230 0.020148 0.554064
vn -0.064034 0.035365 0.997321
f 1//1 2//2 3//3
f 3//3 2//2 4//4
f 3//3 4//4 5//5
f 5//5 4//4 6//6
f 5//5 6//6 7//7
f 7//7 6//6 8//8
f 7//7 8//8 9//9
f 8//8 10//10 9//9
f 9//9 10//10 11//11
f 9//9 11//11 12//12
f 12//12 11//11 13//13
f 12//12 13//13 14//14
f 14//14 13//13 15//15
f 14//14 15//15 16//16
f 16//16 15//15 17//17
f 16//16 17//17 18//18
f 18//18 17//17 19//19
f 18//18 19//19 20//20
f 20//20 19//19 21//21
f 20//20 21//21 22//22
f 22//22 21//21 23//23
f 22//22 23//23 24//24
f 24//24 23//23 25//25
f 24//24 25//25 1//1
f 1//1 25//25 26//26
f 1//1 26//26 2//2
f 27//27 28//28 29//29
f 29//29 28//28 30//30
f 29//29 30//30 31//31
f 31//31 30//30 32//32
f 31//31 32//32 33//33
f 33//33 32//32 34//34
f 33//33 34//34 35//35
f 35//35 34//34 36//36
f 35//35 36//36 37//37
f 36//36 38//38 37//37
f 37//37 38//38 39//39
f 37//37 39//39 40//40
f 40//40 39//39 41//41
f 40//40 41//41 42//42
f 42//42 41//41 43//43
f 42//42 43//43 44//44
f 44//44 43//43 45//45
f 44//44 45//45 46//46
f 46//46 45//45 47//47
f 46//46 47//47 48//48
f 48//48 47//47 49//49
f 48//48 49//49 50//50
f 50//50 49//49 51//51
f 50//50 51//51 27//27
f 27//27 51//51 52//52
f 27//27 52//52 28//28
f 53//53 54//54 55//55
f 55//55 54//54 56//56
f 55//55 56//56 57//57
f 57//57 56//56 58//58
f 57//57 58//58 59//59
f 59//59 58//58 60//60
f 59//59 60//60 61//61
f 61//61 60//60 62//62
f 61//61 62//62 63//63
f 63//63 62//62 64//64
f 63//63 64//64 65//65
f 65//65 64//64 66//66
f 65//65 66//66 67//67
f 66//66 68//68 67//67
f 67//67 68//68 69//69
f 67//67 69//69 70//70
f 70//70 69//69 71//71
f 70//70 71//71 72//72
f 72//72 71//71 73//73
f 72//72 73//73 74//74
f 74//74 73//73 75//75
f 74//74 75//75 76//76
f 76//76 75//75 77//77
f 76//76 77//77 53//53
f 53//53 77//77 78//78
f 53//53 78//78 54//54
f 79//79 80//80 81//81
f 81//81 80//80 82//82
f 81//81 82//82 83//83
f 83//83 82//82 84//84
f 83//83 84//84 85//85
f 85//85 84//84 86//86
f 85//85 86//86 87//87
f 87//87 86//86 88//88
f 87//87 88//88 89//89
f 88//88 90//90 89//89
f 89//89 90//90 91//91
f 89//89 91//91 92//92
f 92//92 91//91 93//93
f 92//92 93//93 94//94
f 94//94 93//93 95//95
f 94//94 95//95 96//96
f 96//96 95//95 97//97
f 96//96 97//97 98//98
f 98//98 97//97 99//99
f 98//98 99//99 100//100
f 100//100 99//99 101//101
f 100//100 101//101 102//102
f 102//102 101//101 103//103
f 102//102 103//103 79//79
f 79//79 103//103 104//104
f 79//79 104//104 80//80
f 105//105 106//106 107//107
f 107//107 106//106 108//108
f 107//107 108//108 109//109
f 109//109 108//108 110//110
f 109//109 110//110 111//111
f 111//111 110//110 112//112
f 111//111 112//112 113//113
f 113//113 112//112 114//114
f 113//113 114//114 115//115
f 114//114 116//116 115//115
f 115//115 116//116 117//117
f 115//115 117//117 118//118
f 118//118 117//117 119//119
f 118//118 119//119 120//120
f 120//120 119//119 121//121
f 120//120 121//121 122//122
f 122//122 121//121 123//123
f 122//122 123//123 124//124
f 124//124 123//123 125//125
f 124//124 125//125 126//126
f 126//126 125//125 127//127
f 126//126 127//127 128//128
f 128//128 127//127 129//129
f 128//128 129//129 105//105
f 105//105 129//129 130//130
f 105//105 130//130 106//106
f 131//131 132//132 133//133
f 133//133 132//132 134//134
f 133//133 134//134 135//135
f 135//135 134//134 136//136
f 135//135 136//136 137//137
f 137//137 136//136 138//138
f 137//137 138//138 139//139
f 139//139 138//138 140//140
f 139//139 140//140 141//141
f 141//141 140//140 142//142
f 141//141 142//142 143//143
f 143//143 142//142 144//144
f 143//143 144//144 145//145
f 144//144 146//146 145//145
f 145//145 146//146 147//147
f 145//145 147//147 148//148
f 148//148 147//147 149//149
f 148//148 149//149 150//150
f 150//150 149//149 151//151
f 150//150 151//151 152//152
f 152//152 151//151 153//153
f 152//152 153//153 154//154
f 154//154 153//153 155//155
f 154//154 155//155 131//131
f 131//131 155//155 156//156
f 131//131 156//156 132//132
f 157//157 158//158 159//159
f 159//159 158//158 160//160
f 159//159 160//160 161//161
f 161//161 160//160 162//162
f 161//161 162//162 163//163
f 163//163 162//162 164//164
f 163//163 164//164 165//165
f 165//165 164//164 166//166
f 165//165 166//166 167//167
f 167//167 166//166 168//168
f 167//167 168//168 169//169
f 169//169 168//168 170//170
f 169//169 170//170 171//171
f 170//170 172//172 171//171
f 171//171 172//172 173//173
f 171//171 173//173 174//174
f 174//174 173//173 175//175
f 174//174 175//175 176//176
f 176//176 175//175 177//177
f 176//176 177//177 178//178
f 178//178 177//177 179//179
f 178//178 179//179 180//180
f 180//180 179//179 181//181
f 180//180 181//181 157//157
f 157//157 181//181 182//182
f 157//157 182//182 158//158
f 183//183 184//184 185//185
f 185//185 184//184 186//186
f 185//185 186//186 187//187
f 187//187 186//186 188//188
f 187//187 188//188 189//189
f 189//189 188//188 190//190
f 189//189 190//190 191//191
f 191//191 190//190 192//192
f 191//191 192//192 193//193
f 193//193 192//192 194//194
f 193//193 194//194 195//195
f 195//195 194//194 196//196
f 195//195 196//196 197//197
f 197//197 196//196 198//198
f 197//197 198//198 199//199
f 199//199 198//198 200//200
f 199//199 200//200 201//201
f 201//201 200//200 202//202
f 201//201 202//202 203//203
f 203//203 202//202 204//204
f 203//203 204//204 205//205
f 205//205 204//204 206//206
f 205//205 206//206 183//183
f 183//183 206//206 184//184
f 207//207 208//208 209//209
f 209//209 208//208 210//210
f 209//209 210//210 211//211
f 211//211 210//210 212//212
f 210//210 213//213 212//212
f 212//212 213//213 214//214
f 212//212 214//214 215//215
f 215//215 214//214 216//216
f 215//215 216//216 217//217
f 217//217 216//216 218//218
f 217//217 218//218 219//219
f 219//219 218//218 220//220
f 219//219 220//220 221//221
f 221//221 220//220 222//222
f 221//221 222//222 223//223
f 223//223 222//222 224//224
f 223//223 224//224 225//225
f 225//225 224//224 226//226
f 225//225 226//226 227//227
f 227//227 226//226 228//228
f 227//227 228//228 229//229
f 229//229 228//228 230//230
f 229//229 230//230 231//231
f 231//231 230//230 232//232
f 231//231 232//232 233//233
f 233//233 232//232 234//234
f 233//233 234//234 235//235
f 235//235 234//234 236//236
f 235//235 236//236 237//237
f 237//237 236//236 238//238
f 237//237 238//238 239//239
f 239//239 238//238 240//240
f 239//239 240//240 241//241
f 241//241 240//240 242//242
f 241//241 242//242 243//243
f 243//243 242//242 244//244
f 243//243 244//244 245//245
f 245//245 244//244 246//246
f 245//245 246//246 247//247
f 248//248 249//249 250//250
f 250//250 249//249 251//251
f 252//252 253//253 254//254
f 254//254 253//253 255//255
f 256//256 257//257 258//258
f 258//258 257//257 259//259
f 260//260 261//261 262//262
f 263//263 264//264 265//265
f 266//266 267//267 268//268
f 268//268 267//267 269//269
f 270//270 271//271 272//272
f 272//272 271//271 273//273
f 267//267 274//274 269//269
f 269//269 274//274 275//275
f 269//269 275//275 276//276
f 276//276 275//275 277//277
f 276//276 277//277 278//278
f 278//278 277//277 279//279
f 278//278 279//279 273//273
f 273//273 279//279 280//280
f 273//273 280//280 272//272
f 272//272 280//280 281//281
f 272//272 281//281 282//282
f 283//283 284//284 268//268
f 268//268 285//285 283//283
f 283//283 285//285 286//286
f 283//283 286//286 263//263
f 287//287 288//288 289//289
f 289//289 288//288 290//290
f 291//291 292//292 293//293
f 294//294 292//292 290//290
f 290//290 292//292 291//291
f 290//290 291//291 289//289
f 289//289 291//291 293//293
f 289//289 293//293 295//295
f 281//281 296//296 282//282
f 282//282 296//296 297//297
f 282//282 297//297 298//298
f 297//297 299//299 298//298
f 298//298 299//299 300//300
f 298//298 300//300 301//301
f 298//298 302//302 303//303
f 303//303 304//304 298//298
f 298//298 304//304 305//305
f 298//298 305//305 306//306
f 302//302 298//298 307//307
f 307//307 298//298 301//301
f 307//307 301//301 308//308
f 309//309 310//310 311//311
f 308//308 301//301 312//312
f 312//312 301//301 313//313
f 312//312 313//313 314//314
f 314//314 313//313 315//315
f 315//315 313//313 316//316
f 315//315 316//316 317//317
f 317//317 309//309 315//315
f 315//315 309//309 311//311
f 315//315 311//311 318//318
f 318//318 311//311 319//319
f 318//318 319//319 320//320
f 320//320 319//319 289//289
f 320//320 289//289 321//321
f 321//321 289//289 295//295
f 310//310 322//322 311//311
f 311//311 322//322 323//323
f 311//311 323//323 284//284
f 284//284 323//323 324//324
f 284//284 324//324 268//268
f 268//268 324//324 325//325
f 268//268 325//325 266//266
f 326//326 327//327 283//283
f 263//263 265//265 283//283
f 283//283 265//265 328//328
f 283//283 328//328 326//326
f 327//327 329//329 283//283
f 283//283 329//329 262//262
f 283//283 262//262 330//330
f 330//330 262//262 261//261
f 330//330 261//261 331//331
f 332//332 333//333 272//272
f 334//334 335//335 272//272
f 272//272 335//335 336//336
f 272//272 336//336 332//332
f 337//337 338//338 339//339
f 333//333 340//340 272//272
f 272//272 340//340 341//341
f 272//272 341//341 337//337
f 342//342 343//343 272//272
f 272//272 343//343 344//344
f 272//272 344//344 270//270
f 337//337 339//339 272//272
f 272//272 339//339 345//345
f 272//272 345//345 342//342
f 339//339 346//346 345//345
f 345//345 346//346 347//347
f 345//345 347//347 262//262
f 262//262 347//347 348//348
f 262//262 348//348 260//260
f 349//349 350//350 351//351
f 352//352 353//353 246//246
f 246//246 353//353 354//354
f 246//246 354//354 247//247
f 354//354 355//355 247//247
f 247//247 355//355 351//351
f 247//247 351//351 289//289
f 289//289 351//351 350//350
f 289//289 350//350 356//356
f 357//357 358//358 359//359
f 360//360 361//361 298//298
f 360//360 298//298 362//362
f 362//362 298//298 306//306
f 362//362 306//306 363//363
f 364//364 365//365 356//356
f 366//366 367//367 289//289
f 289//289 367//367 368//368
f 289//289 368//368 287//287
f 365//365 369//369 356//356
f 356//356 369//369 370//370
f 356//356 370//370 289//289
f 289//289 370//370 371//371
f 289//289 371//371 366//366
f 372//372 373//373 374//374
f 356//356 372//372 364//364
f 364//364 372//372 374//374
f 364//364 374//374 375//375
f 375//375 374//374 298//298
f 375//375 298//298 376//376
f 376//376 298//298 361//361
f 377//377 374//374 378//378
f 378//378 374//374 373//373
f 378//378 373//373 359//359
f 359//359 373//373 379//379
f 359//359 379//379 357//357
f 357//357 379//379 380//380
f 357//357 380//380 351//351
f 351//351 380//380 381//381
f 351//351 381//381 349//349
f 377//377 382//382 374//374
f 374//374 382//382 383//383
f 374//374 383//383 384//384
f 385//385 386//386 387//387
f 387//387 386//386 388//388
f 387//387 388//388 389//389
f 389//389 388//388 390//390
f 389//389 390//390 391//391
f 386//386 392//392 388//388
f 388//388 392//392 393//393
f 388//388 393//393 394//394
f 395//395 396//396 242//242
f 395//395 242//242 397//397
f 384//384 388//388 374//374
f 374//374 388//388 394//394
f 374//374 394//394 398//398
f 398//398 394//394 399//399
f 398//398 399//399 400//400
f 400//400 399//399 401//401
f 402//402 352//352 403//403
f 403//403 352//352 246//246
f 403//403 246//246 404//404
f 404//404 246//246 244//244
f 404//404 244//244 405//405
f 405//405 244//244 242//242
f 405//405 242//242 406//406
f 406//406 242//242 396//396
f 407//407 408//408 409//409
f 409//409 408//408 410//410
f 409//409 410//410 411//411
f 411//411 410//410 331//331
f 411//411 331//331 412//412
f 412//412 331//331 261//261
f 407//407 413//413 408//408
f 408//408 413//413 414//414
f 408//408 414//414 415//415
f 272//272 416//416 334//334
f 334//334 416//416 417//417
f 334//334 417//417 418//418
f 418//418 417//417 419//419
f 418//418 419//419 420//420
f 338//338 421//421 339//339
f 339//339 421//421 422//422
f 339//339 422//422 423//423
f 423//423 422//422 424//424
f 423//423 424//424 425//425
f 426//426 427//427 428//428
f 428//428 427//427 429//429
f 425//425 426//426 423//423
f 423//423 426//426 428//428
f 423//423 428//428 430//430
f 430//430 428//428 429//429
f 430//430 429//429 431//431
f 210//210 432//432 213//213
f 213//213 432//432 433//433
f 213//213 433//433 214//214
f 433//433 434//434 214//214
f 214//214 434//434 435//435
f 214//214 435//435 216//216
f 216//216 435//435 436//436
f 216//216 436//436 218//218
f 218//218 436//436 437//437
f 218//218 437//437 220//220
f 220//220 437//437 438//438
f 439//439 228//228 440//440
f 440//440 228//228 226//226
f 440//440 226//226 441//441
f 441//441 226//226 224//224
f 441//441 224//224 438//438
f 438//438 224//224 222//222
f 438//438 222//222 220//220
f 442//442 232//232 439//439
f 439//439 232//232 230//230
f 439//439 230//230 228//228
f 443//443 238//238 444//444
f 444//444 238//238 236//236
f 444//444 236//236 442//442
f 442//442 236//236 234//234
f 442//442 234//234 232//232
f 401//401 397//397 400//400
f 400//400 397//397 242//242
f 400//400 242//242 445//445
f 445//445 242//242 240//240
f 445//445 240//240 446//446
f 446//446 240//240 238//238
f 446//446 238//238 447//447
f 447//447 238//238 443//443
f 415//415 420//420 408//408
f 408//408 420//420 419//419
f 408//408 419//419 448//448
f 448//448 419//419 449//449
f 448//448 449//449 450//450
f 450//450 449//449 451//451
f 450//450 451//451 452//452
f 452//452 451//451 453//453
f 452//452 453//453 454//454
f 453//453 455//455 454//454
f 454//454 455//455 456//456
f 454//454 456//456 457//457
f 457//457 456//456 458//458
f 457//457 458//458 459//459
f 459//459 458//458 460//460
f 460//460 458//458 461//461
f 460//460 461//461 462//462
f 462//462 461//461 463//463
f 462//462 463//463 464//464
f 464//464 463//463 465//465
f 464//464 465//465 466//466
f 466//466 465//465 467//467
f 467//467 465//465 468//468
f 467//467 468//468 469//469
f 469//469 468//468 470//470
f 470//470 468//468 471//471
f 470//470 471//471 472//472
f 473//473 474//474 475//475
f 475//475 474//474 476//476
f 475//475 476//476 477//477
f 477//477 476//476 472//472
f 477//477 472//472 478//478
f 478//478 472//472 471//471
f 19//19 17//17 447//447
f 2//2 26//26 479//479
f 479//479 26//26 25//25
f 479//479 25//25 480//480
f 447//447 17//17 446//446
f 446//446 17//17 15//15
f 446//446 15//15 445//445
f 25//25 23//23 480//480
f 480//480 23//23 21//21
f 480//480 21//21 19//19
f 10//10 8//8 481//481
f 481//481 8//8 482//482
f 482//482 8//8 6//6
f 482//482 6//6 4//4
f 49//49 47//47 483//483
f 30//30 28//28 484//484
f 484//484 28//28 52//52
f 484//484 52//52 485//485
f 485//485 52//52 51//51
f 485//485 51//51 49//49
f 41//41 480//480 43//43
f 43//43 480//480 483//483
f 43//43 483//483 45//45
f 45//45 483//483 47//47
f 479//479 34//34 486//486
f 486//486 34//34 32//32
f 41//41 39//39 480//480
f 480//480 39//39 38//38
f 480//480 38//38 479//479
f 479//479 38//38 36//36
f 479//479 36//36 34//34
f 436//436 487//487 54//54
f 73//73 438//438 75//75
f 75//75 438//438 437//437
f 75//75 437//437 77//77
f 77//77 437//437 436//436
f 77//77 436//436 78//78
f 78//78 436//436 54//54
f 66//66 484//484 68//68
f 68//68 484//484 485//485
f 68//68 485//485 69//69
f 69//69 485//485 438//438
f 69//69 438//438 71//71
f 71//71 438//438 73//73
f 488//488 58//58 487//487
f 487//487 58//58 56//56
f 487//487 56//56 54//54
f 66//66 64//64 484//484
f 484//484 64//64 62//62
f 484//484 62//62 488//488
f 488//488 62//62 60//60
f 488//488 60//60 58//58
f 101//101 99//99 487//487
f 99//99 97//97 487//487
f 487//487 97//97 95//95
f 487//487 95//95 488//488
f 488//488 95//95 93//93
f 103//103 434//434 104//104
f 104//104 434//434 433//433
f 104//104 433//433 80//80
f 489//489 84//84 82//82
f 91//91 90//90 490//490
f 490//490 90//90 88//88
f 490//490 88//88 86//86
f 80//80 433//433 82//82
f 82//82 433//433 432//432
f 82//82 432//432 489//489
f 129//129 491//491 130//130
f 130//130 491//491 492//492
f 130//130 492//492 106//106
f 106//106 492//492 108//108
f 129//129 127//127 491//491
f 491//491 127//127 125//125
f 491//491 125//125 493//493
f 125//125 123//123 493//493
f 493//493 123//123 121//121
f 493//493 121//121 494//494
f 465//465 463//463 494//494
f 121//121 119//119 494//494
f 494//494 119//119 117//117
f 494//494 117//117 465//465
f 110//110 471//471 112//112
f 112//112 471//471 468//468
f 112//112 468//468 114//114
f 114//114 468//468 465//465
f 114//114 465//465 116//116
f 116//116 465//465 117//117
f 495//495 496//496 497//497
f 151//151 149//149 491//491
f 496//496 156//156 497//497
f 497//497 156//156 155//155
f 497//497 155//155 153//153
f 498//498 499//499 500//500
f 475//475 132//132 473//473
f 473//473 132//132 156//156
f 473//473 156//156 501//501
f 501//501 156//156 496//496
f 501//501 496//496 502//502
f 502//502 496//496 498//498
f 502//502 498//498 503//503
f 503//503 498//498 500//500
f 149//149 147//147 491//491
f 491//491 147//147 146//146
f 491//491 146//146 492//492
f 492//492 146//146 144//144
f 477//477 136//136 475//475
f 475//475 136//136 134//134
f 475//475 134//134 132//132
f 144//144 142//142 492//492
f 492//492 142//142 140//140
f 492//492 140//140 477//477
f 477//477 140//140 138//138
f 477//477 138//138 136//136
f 182//182 181//181 504//504
f 482//482 177//177 505//505
f 505//505 177//177 175//175
f 504//504 181//181 482//482
f 482//482 181//181 179//179
f 482//482 179//179 177//177
f 506//506 168//168 166//166
f 506//506 166//166 494//494
f 166//166 164//164 494//494
f 494//494 164//164 162//162
f 494//494 162//162 493//493
f 493//493 162//162 160//160
f 493//493 160//160 158//158
f 175//175 173//173 505//505
f 505//505 173//173 172//172
f 505//505 172//172 506//506
f 506//506 172//172 170//170
f 506//506 170//170 168//168
f 507//507 508//508 497//497
f 495//495 497//497 509//509
f 509//509 497//497 508//508
f 509//509 508//508 510//510
f 489//489 511//511 497//497
f 497//497 511//511 512//512
f 497//497 512//512 513//513
f 513//513 514//514 497//497
f 497//497 514//514 515//515
f 497//497 515//515 507//507
f 103//103 101//101 434//434
f 434//434 101//101 487//487
f 434//434 487//487 435//435
f 435//435 487//487 436//436
f 439//439 440//440 485//485
f 485//485 440//440 441//441
f 485//485 441//441 438//438
f 49//49 483//483 485//485
f 485//485 483//483 442//442
f 485//485 442//442 439//439
f 19//19 447//447 480//480
f 480//480 447//447 443//443
f 480//480 443//443 483//483
f 483//483 443//443 444//444
f 483//483 444//444 442//442
f 15//15 13//13 445//445
f 445//445 13//13 11//11
f 445//445 11//11 400//400
f 400//400 11//11 10//10
f 400//400 10//10 398//398
f 398//398 10//10 481//481
f 398//398 481//481 374//374
f 374//374 481//481 298//298
f 481//481 417//417 416//416
f 416//416 272//272 481//481
f 481//481 272//272 282//282
f 481//481 282//282 298//298
f 198//198 196//196 451//451
f 198//198 451//451 200//200
f 200//200 451//451 449//449
f 200//200 449//449 202//202
f 202//202 449//449 419//419
f 202//202 419//419 204//204
f 204//204 419//419 417//417
f 204//204 417//417 206//206
f 206//206 417//417 481//481
f 206//206 481//481 184//184
f 184//184 481//481 482//482
f 184//184 482//482 186//186
f 194//194 192//192 505//505
f 505//505 192//192 190//190
f 505//505 190//190 482//482
f 482//482 190//190 188//188
f 482//482 188//188 186//186
f 455//455 453//453 506//506
f 506//506 453//453 451//451
f 506//506 451//451 505//505
f 505//505 451//451 196//196
f 505//505 196//196 194//194
f 463//463 461//461 494//494
f 494//494 461//461 458//458
f 494//494 458//458 506//506
f 506//506 458//458 456//456
f 506//506 456//456 455//455
f 110//110 108//108 471//471
f 471//471 108//108 492//492
f 471//471 492//492 478//478
f 478//478 492//492 477//477
f 93//93 91//91 488//488
f 488//488 91//91 490//490
f 488//488 490//490 484//484
f 484//484 490//490 486//486
f 484//484 486//486 30//30
f 30//30 486//486 32//32
f 153//153 151//151 497//497
f 497//497 151//151 491//491
f 497//497 491//491 504//504
f 504//504 491//491 493//493
f 504//504 493//493 182//182
f 182//182 493//493 158//158
f 4//4 2//2 482//482
f 482//482 2//2 479//479
f 482//482 479//479 504//504
f 504//504 479//479 486//486
f 504//504 486//486 497//497
f 497//497 486//486 490//490
f 497//497 490//490 489//489
f 489//489 490//490 86//86
f 489//489 86//86 84//84
f 254//254 507//507 515//515
f 516//516 517//517 254//254
f 254//254 515//515 516//516
f 516//516 515//515 514//514
f 516//516 514//514 518//518
f 518//518 514//514 513//513
f 518//518 513//513 519//519
f 508//508 507//507 255//255
f 255//255 507//507 254//254
f 498//498 496//496 256//256
f 256//256 496//496 257//257
f 520//520 503//503 500//500
f 499//499 498//498 256//256
f 520//520 500//500 521//521
f 521//521 500//500 499//499
f 521//521 499//499 522//522
f 522//522 499//499 256//256
f 522//522 256//256 523//523
f 502//502 503//503 248//248
f 248//248 503//503 520//520
f 248//248 520//520 249//249
f 249//249 520//520 524//524
f 474//474 473//473 251//251
f 251//251 473//473 501//501
f 502//502 248//248 501//501
f 501//501 248//248 250//250
f 501//501 250//250 251//251
f 208//208 207//207 512//512
f 432//432 210//210 489//489
f 489//489 210//210 208//208
f 489//489 208//208 511//511
f 511//511 208//208 512//512
f 513//513 512//512 207//207
f 209//209 525//525 207//207
f 207//207 525//525 519//519
f 207//207 519//519 513//513
f 526//526 527//527 528//528
f 529//529 530//530 531//531
f 531//531 530//530 526//526
f 531//531 526//526 532//532
f 532//532 526//526 528//528
f 533//533 534//534 535//535
f 535//535 534//534 536//536
f 535//535 536//536 537//537
f 537//537 538//538 539//539
f 539//539 538//538 540//540
f 540//540 538//538 541//541
f 540//540 541//541 542//542
f 542//542 543//543 540//540
f 540//540 543//543 544//544
f 540//540 544//544 545//545
f 546//546 547//547 548//548
f 537//537 539//539 535//535
f 535//535 539//539 546//546
f 535//535 546//546 549//549
f 549//549 546//546 548//548
f 549//549 548//548 550//550
f 529//529 533//533 530//530
f 530//530 533//533 535//535
f 530//530 535//535 551//551
f 551//551 535//535 552//552
f 553//553 552//552 554//554
f 554//554 552//552 535//535
f 554//554 535//535 555//555
f 555//555 535//535 556//556
f 358//358 539//539 359//359
f 359//359 539//539 540//540
f 357//357 546//546 358//358
f 358//358 546//546 539//539
f 351//351 547//547 357//357
f 357//357 547//547 546//546
f 355//355 548//548 351//351
f 351//351 548//548 547//547
f 548//548 355//355 354//354
f 548//548 354//354 550//550
f 550//550 354//354 353//353
f 550//550 353//353 549//549
f 549//549 353//353 535//535
f 535//535 353//353 352//352
f 535//535 352//352 402//402
f 403//403 556//556 402//402
f 402//402 556//556 535//535
f 404//404 555//555 403//403
f 403//403 555//555 556//556
f 555//555 404//404 405//405
f 555//555 405//405 554//554
f 554//554 405//405 406//406
f 554//554 406//406 553//553
f 553//553 406//406 396//396
f 553//553 396//396 552//552
f 552//552 396//396 395//395
f 552//552 395//395 551//551
f 397//397 530//530 395//395
f 395//395 530//530 551//551
f 530//530 397//397 401//401
f 530//530 401//401 526//526
f 526//526 401//401 399//399
f 526//526 399//399 527//527
f 394//394 528//528 399//399
f 399//399 528//528 527//527
f 528//528 394//394 393//393
f 528//528 393//393 532//532
f 532//532 393//393 392//392
f 532//532 392//392 531//531
f 386//386 529//529 392//392
f 392//392 529//529 531//531
f 529//529 386//386 385//385
f 529//529 385//385 533//533
f 533//533 385//385 387//387
f 533//533 387//387 534//534
f 534//534 387//387 389//389
f 534//534 389//389 536//536
f 536//536 389//389 391//391
f 536//536 391//391 537//537
f 390//390 538//538 391//391
f 391//391 538//538 537//537
f 384//384 541//541 388//388
f 388//388 541//541 538//538
f 388//388 538//538 390//390
f 383//383 542//542 384//384
f 384//384 542//542 541//541
f 542//542 383//383 382//382
f 542//542 382//382 543//543
f 543//543 382//382 377//377
f 543//543 377//377 544//544
f 378//378 545//545 377//377
f 377//377 545//545 544//544
f 359//359 540//540 378//378
f 378//378 540//540 545//545
f 420//420 557//557 418//418
f 418//418 557//557 558//558
f 418//418 558//558 334//334
f 334//334 558//558 559//559
f 334//334 559//559 335//335
f 560//560 340//340 333//333
f 560//560 333//333 561//561
f 561//561 333//333 332//332
f 561//561 332//332 562//562
f 562//562 332//332 336//336
f 562//562 336//336 563//563
f 563//563 336//336 335//335
f 563//563 335//335 559//559
f 340//340 560//560 341//341
f 341//341 560//560 564//564
f 565//565 422//422 421//421
f 565//565 421//421 566//566
f 566//566 421//421 338//338
f 566//566 338//338 567//567
f 567//567 338//338 337//337
f 567//567 337//337 568//568
f 568//568 337//337 341//341
f 568//568 341//341 564//564
f 422//422 565//565 424//424
f 424//424 565//565 569//569
f 424//424 569//569 425//425
f 425//425 569//569 426//426
f 426//426 569//569 570//570
f 571//571 430//430 431//431
f 571//571 431//431 572//572
f 572//572 431//431 429//429
f 572//572 429//429 573//573
f 573//573 429//429 427//427
f 573//573 427//427 574//574
f 574//574 427//427 426//426
f 574//574 426//426 570//570
f 575//575 339//339 571//571
f 571//571 339//339 423//423
f 571//571 423//423 430//430
f 339//339 575//575 346//346
f 346//346 575//575 576//576
f 577//577 261//261 260//260
f 577//577 260//260 578//578
f 578//578 260//260 348//348
f 578//578 348//348 579//579
f 579//579 348//348 347//347
f 579//579 347//347 580//580
f 580//580 347//347 346//346
f 580//580 346//346 576//576
f 261//261 577//577 412//412
f 412//412 577//577 581//581
f 412//412 581//581 411//411
f 582//582 415//415 583//583
f 583//583 415//415 414//414
f 583//583 414//414 584//584
f 414//414 413//413 584//584
f 584//584 413//413 407//407
f 584//584 407//407 585//585
f 585//585 407//407 409//409
f 585//585 409//409 586//586
f 586//586 409//409 411//411
f 586//586 411//411 581//581
f 415//415 582//582 420//420
f 420//420 582//582 557//557
f 577//577 587//587 571//571
f 571//571 587//587 576//576
f 571//571 576//576 575//575
f 577//577 578//578 587//587
f 587//587 578//578 579//579
f 587//587 579//579 576//576
f 576//576 579//579 580//580
f 573//573 585//585 572//572
f 572//572 585//585 586//586
f 572//572 586//586 571//571
f 571//571 586//586 581//581
f 571//571 581//581 577//577
f 588//588 589//589 557//557
f 590//590 591//591 569//569
f 569//569 591//591 592//592
f 569//569 592//592 593//593
f 593//593 588//588 569//569
f 569//569 588//588 557//557
f 569//569 557//557 570//570
f 570//570 557//557 582//582
f 570//570 582//582 574//574
f 574//574 582//582 583//583
f 574//574 583//583 573//573
f 573//573 583//583 584//584
f 573//573 584//584 585//585
f 589//589 594//594 557//557
f 557//557 594//594 595//595
f 557//557 595//595 558//558
f 558//558 595//595 559//559
f 595//595 596//596 559//559
f 559//559 596//596 597//597
f 559//559 597//597 563//563
f 563//563 597//597 598//598
f 569//569 565//565 590//590
f 590//590 565//565 566//566
f 590//590 566//566 599//599
f 599//599 566//566 567//567
f 599//599 567//567 600//600
f 600//600 567//567 568//568
f 600//600 568//568 601//601
f 601//601 568//568 564//564
f 601//601 564//564 602//602
f 602//602 564//564 560//560
f 602//602 560//560 603//603
f 603//603 560//560 561//561
f 603//603 561//561 598//598
f 598//598 561//561 562//562
f 598//598 562//562 563//563
f 592//592 591//591 604//604
f 604//604 591//591 605//605
f 592//592 604//604 606//606
f 592//592 606//606 593//593
f 593//593 606//606 607//607
f 593//593 607//607 588//588
f 588//588 607//607 608//608
f 588//588 608//608 589//589
f 589//589 608//608 609//609
f 589//589 609//609 594//594
f 595//595 594//594 610//610
f 610//610 594//594 609//609
f 596//596 595//595 611//611
f 611//611 595//595 610//610
f 596//596 611//611 612//612
f 596//596 612//612 597//597
f 597//597 612//612 613//613
f 597//597 613//613 598//598
f 598//598 613//613 614//614
f 598//598 614//614 603//603
f 603//603 614//614 615//615
f 603//603 615//615 602//602
f 601//601 602//602 616//616
f 616//616 602//602 615//615
f 601//601 616//616 617//617
f 601//601 617//617 600//600
f 600//600 617//617 618//618
f 600//600 618//618 599//599
f 599//599 618//618 619//619
f 599//599 619//619 590//590
f 590//590 619//619 605//605
f 590//590 605//605 591//591
f 620//620 621//621 622//622
f 622//622 621//621 623//623
f 622//622 623//623 624//624
f 625//625 626//626 621//621
f 621//621 626//626 627//627
f 621//621 627//627 623//623
f 623//623 627//627 628//628
f 623//623 628//628 624//624
f 628//628 350//350 349//349
f 628//628 349//349 624//624
f 624//624 349//349 381//381
f 624//624 381//381 622//622
f 622//622 381//381 380//380
f 622//622 380//380 620//620
f 620//620 380//380 379//379
f 620//620 379//379 621//621
f 373//373 625//625 379//379
f 379//379 625//625 621//621
f 372//372 626//626 373//373
f 373//373 626//626 625//625
f 356//356 627//627 372//372
f 372//372 627//627 626//626
f 350//350 628//628 356//356
f 356//356 628//628 627//627
f 629//629 630//630 631//631
f 632//632 633//633 634//634
f 634//634 633//633 635//635
f 634//634 635//635 636//636
f 630//630 637//637 631//631
f 631//631 637//637 638//638
f 631//631 638//638 636//636
f 636//636 638//638 639//639
f 636//636 639//639 634//634
f 634//634 639//639 640//640
f 634//634 640//640 632//632
f 641//641 642//642 643//643
f 644//644 645//645 646//646
f 646//646 645//645 647//647
f 646//646 647//647 648//648
f 643//643 642//642 648//648
f 648//648 642//642 649//649
f 648//648 649//649 646//646
f 646//646 649//649 650//650
f 646//646 650//650 644//644
f 651//651 652//652 653//653
f 631//631 643//643 654//654
f 654//654 655//655 631//631
f 631//631 655//655 656//656
f 631//631 656//656 657//657
f 631//631 657//657 629//629
f 658//658 659//659 631//631
f 631//631 659//659 660//660
f 631//631 660//660 643//643
f 643//643 660//660 661//661
f 643//643 661//661 641//641
f 658//658 631//631 653//653
f 653//653 631//631 662//662
f 653//653 662//662 651//651
f 640//640 318//318 320//320
f 640//640 320//320 632//632
f 632//632 320//320 321//321
f 632//632 321//321 633//633
f 633//633 321//321 295//295
f 633//633 295//295 635//635
f 635//635 295//295 293//293
f 635//635 293//293 636//636
f 292//292 631//631 293//293
f 293//293 631//631 636//636
f 291//291 663//663 292//292
f 292//292 663//663 631//631
f 292//292 631//631 291//291
f 291//291 631//631 663//663
f 294//294 662//662 292//292
f 292//292 662//662 631//631
f 662//662 294//294 290//290
f 662//662 290//290 651//651
f 651//651 290//290 288//288
f 651//651 288//288 652//652
f 367//367 658//658 368//368
f 368//368 658//658 653//653
f 368//368 653//653 287//287
f 287//287 653//653 652//652
f 287//287 652//652 288//288
f 366//366 659//659 367//367
f 367//367 659//659 658//658
f 659//659 366//366 371//371
f 659//659 371//371 660//660
f 660//660 371//371 370//370
f 660//660 370//370 661//661
f 661//661 370//370 369//369
f 661//661 369//369 641//641
f 641//641 369//369 365//365
f 641//641 365//365 642//642
f 364//364 649//649 365//365
f 365//365 649//649 642//642
f 375//375 650//650 364//364
f 364//364 650//650 649//649
f 650//650 375//375 376//376
f 650//650 376//376 644//644
f 644//644 376//376 361//361
f 644//644 361//361 645//645
f 645//645 361//361 360//360
f 645//645 360//360 647//647
f 647//647 360//360 362//362
f 647//647 362//362 648//648
f 363//363 643//643 362//362
f 362//362 643//643 648//648
f 305//305 654//654 306//306
f 306//306 654//654 643//643
f 306//306 643//643 363//363
f 654//654 305//305 304//304
f 654//654 304//304 655//655
f 655//655 304//304 303//303
f 655//655 303//303 656//656
f 302//302 657//657 303//303
f 303//303 657//657 656//656
f 657//657 302//302 307//307
f 657//657 307//307 629//629
f 629//629 307//307 308//308
f 629//629 308//308 630//630
f 630//630 308//308 312//312
f 630//630 312//312 637//637
f 637//637 312//312 314//314
f 637//637 314//314 638//638
f 315//315 639//639 314//314
f 314//314 639//639 638//638
f 318//318 640//640 315//315
f 315//315 640//640 639//639
f 664//664 665//665 666//666
f 664//664 666//666 667//667
f 668//668 669//669 670//670
f 670//670 669//669 671//671
f 667//667 672//672 664//664
f 664//664 672//672 673//673
f 664//664 673//673 668//668
f 668//668 673//673 674//674
f 668//668 674//674 669//669
f 675//675 676//676 677//677
f 678//678 675//675 679//679
f 679//679 675//675 677//677
f 679//679 677//677 664//664
f 664//664 677//677 680//680
f 680//680 681//681 664//664
f 664//664 681//681 682//682
f 664//664 682//682 665//665
f 668//668 328//328 664//664
f 664//664 328//328 265//265
f 664//664 265//265 264//264
f 263//263 679//679 264//264
f 264//264 679//679 664//664
f 679//679 263//263 286//286
f 679//679 286//286 678//678
f 678//678 286//286 285//285
f 678//678 285//285 675//675
f 268//268 676//676 285//285
f 285//285 676//676 675//675
f 269//269 677//677 268//268
f 268//268 677//677 676//676
f 276//276 680//680 269//269
f 269//269 680//680 677//677
f 680//680 276//276 278//278
f 680//680 278//278 681//681
f 681//681 278//278 273//273
f 681//681 273//273 682//682
f 682//682 273//273 271//271
f 682//682 271//271 665//665
f 665//665 271//271 666//666
f 666//666 271//271 270//270
f 270//270 344//344 666//666
f 666//666 344//344 343//343
f 666//666 343//343 667//667
f 667//667 343//343 342//342
f 667//667 342//342 672//672
f 345//345 673//673 342//342
f 342//342 673//673 672//672
f 262//262 674//674 345//345
f 345//345 674//674 673//673
f 329//329 669//669 262//262
f 262//262 669//669 674//674
f 669//669 329//329 327//327
f 669//669 327//327 671//671
f 671//671 327//327 326//326
f 671//671 326//326 670//670
f 670//670 326//326 328//328
f 670//670 328//328 668//668
f 683//683 274//274 267//267
f 683//683 267//267 684//684
f 684//684 267//267 266//266
f 684//684 266//266 685//685
f 685//685 266//266 325//325
f 685//685 325//325 686//686
f 686//686 325//325 324//324
f 686//686 324//324 687//687
f 322//322 688//688 323//323
f 323//323 688//688 687//687
f 323//323 687//687 324//324
f 688//688 322//322 310//310
f 688//688 310//310 689//689
f 689//689 310//310 309//309
f 689//689 309//309 690//690
f 690//690 309//309 317//317
f 690//690 317//317 691//691
f 691//691 317//317 316//316
f 691//691 316//316 692//692
f 313//313 693//693 316//316
f 316//316 693//693 692//692
f 693//693 313//313 301//301
f 693//693 301//301 694//694
f 694//694 301//301 300//300
f 694//694 300//300 695//695
f 695//695 300//300 299//299
f 695//695 299//299 696//696
f 696//696 299//299 297//297
f 696//696 297//297 697//697
f 281//281 698//698 296//296
f 296//296 698//698 697//697
f 296//296 697//697 297//297
f 698//698 281//281 280//280
f 698//698 280//280 699//699
f 699//699 280//280 279//279
f 699//699 279//279 700//700
f 700//700 279//279 277//277
f 700//700 277//277 701//701
f 701//701 277//277 275//275
f 701//701 275//275 702//702
f 274//274 683//683 275//275
f 275//275 683//683 702//702
f 703//703 704//704 705//705
f 703//703 705//705 706//706
f 706//706 705//705 707//707
f 706//706 707//707 708//708
f 708//708 707//707 709//709
f 708//708 709//709 710//710
f 710//710 709//709 711//711
f 710//710 711//711 712//712
f 703//703 713//713 704//704
f 704//704 713//713 714//714
f 715//715 716//716 717//717
f 715//715 717//717 718//718
f 718//718 717//717 719//719
f 718//718 719//719 720//720
f 720//720 719//719 721//721
f 720//720 721//721 722//722
f 722//722 721//721 714//714
f 722//722 714//714 713//713
f 715//715 723//723 716//716
f 716//716 723//723 724//724
f 725//725 726//726 727//727
f 725//725 727//727 728//728
f 728//728 727//727 729//729
f 728//728 729//729 730//730
f 730//730 729//729 731//731
f 730//730 731//731 732//732
f 732//732 731//731 724//724
f 732//732 724//724 723//723
f 725//725 733//733 726//726
f 726//726 733//733 734//734
f 735//735 736//736 737//737
f 735//735 737//737 738//738
f 738//738 737//737 739//739
f 738//738 739//739 740//740
f 740//740 739//739 741//741
f 740//740 741//741 742//742
f 742//742 741//741 734//734
f 742//742 734//734 733//733
f 735//735 712//712 736//736
f 736//736 712//712 711//711
f 702//702 703//703 706//706
f 702//702 706//706 701//701
f 701//701 706//706 708//708
f 701//701 708//708 700//700
f 700//700 708//708 699//699
f 699//699 708//708 710//710
f 699//699 710//710 698//698
f 698//698 710//710 712//712
f 698//698 712//712 697//697
f 712//712 735//735 697//697
f 697//697 735//735 738//738
f 697//697 738//738 696//696
f 696//696 738//738 740//740
f 696//696 740//740 695//695
f 695//695 740//740 694//694
f 694//694 740//740 742//742
f 694//694 742//742 693//693
f 693//693 742//742 733//733
f 693//693 733//733 692//692
f 733//733 725//725 692//692
f 692//692 725//725 728//728
f 692//692 728//728 691//691
f 691//691 728//728 730//730
f 691//691 730//730 690//690
f 690//690 730//730 689//689
f 689//689 730//730 732//732
f 689//689 732//732 688//688
f 688//688 732//732 723//723
f 688//688 723//723 687//687
f 723//723 715//715 687//687
f 687//687 715//715 718//718
f 687//687 718//718 686//686
f 686//686 718//718 720//720
f 703//703 702//702 713//713
f 713//713 702//702 683//683
f 713//713 683//683 722//722
f 722//722 683//683 684//684
f 722//722 684//684 720//720
f 720//720 684//684 685//685
f 720//720 685//685 686//686
f 606//606 604//604 743//743
f 609//609 608//608 743//743
f 743//743 608//608 607//607
f 743//743 607//607 606//606
f 618//618 617//617 616//616
f 613//613 612//612 744//744
f 744//744 612//612 611//611
f 744//744 611//611 745//745
f 618//618 616//616 745//745
f 745//745 616//616 615//615
f 745//745 615//615 744//744
f 744//744 615//615 614//614
f 744//744 614//614 613//613
f 609//609 743//743 610//610
f 610//610 743//743 604//604
f 610//610 604//604 611//611
f 611//611 604//604 605//605
f 611//611 605//605 745//745
f 745//745 605//605 619//619
f 745//745 619//619 618//618
f 746//746 707//707 705//705
f 707//707 746//746 709//709
f 719//719 717//717 747//747
f 747//747 717//717 716//716
f 747//747 716//716 746//746
f 705//705 704//704 746//746
f 746//746 704//704 714//714
f 746//746 714//714 747//747
f 747//747 714//714 721//721
f 747//747 721//721 719//719
f 748//748 729//729 727//727
f 739//739 737//737 749//749
f 749//749 737//737 736//736
f 749//749 736//736 748//748
f 727//727 726//726 748//748
f 748//748 726//726 734//734
f 748//748 734//734 749//749
f 749//749 734//734 741//741
f 749//749 741//741 739//739
f 709//709 746//746 711//711
f 711//711 746//746 716//716
f 711//711 716//716 736//736
f 736//736 716//716 724//724
f 736//736 724//724 748//748
f 748//748 724//724 731//731
f 748//748 731//731 729//729
f 495//495 509//509 750//750
f 750//750 509//509 751//751
f 750//750 751//751 752//752
f 752//752 751//751 753//753
f 754//754 755//755 756//756
f 509//509 510//510 751//751
f 751//751 510//510 754//754
f 751//751 754//754 757//757
f 757//757 754//754 756//756
f 758//758 759//759 760//760
f 761//761 762//762 763//763
f 764//764 765//765 766//766
f 767//767 768//768 769//769
f 519//519 770//770 518//518
f 518//518 770//770 771//771
f 518//518 771//771 516//516
f 516//516 771//771 763//763
f 516//516 763//763 517//517
f 517//517 763//763 762//762
f 759//759 761//761 760//760
f 760//760 761//761 763//763
f 760//760 763//763 769//769
f 769//769 763//763 771//771
f 769//769 771//771 767//767
f 767//767 771//771 770//770
f 772//772 758//758 773//773
f 773//773 758//758 760//760
f 773//773 760//760 766//766
f 766//766 760//760 769//769
f 766//766 769//769 764//764
f 764//764 769//769 768//768
f 765//765 774//774 766//766
f 766//766 774//774 775//775
f 766//766 775//775 773//773
f 773//773 775//775 776//776
f 773//773 776//776 772//772
f 772//772 776//776 777//777
f 778//778 779//779 780//780
f 781//781 782//782 783//783
f 784//784 785//785 786//786
f 787//787 788//788 789//789
f 790//790 791//791 792//792
f 792//792 791//791 793//793
f 792//792 793//793 794//794
f 794//794 793//793 783//783
f 794//794 783//783 795//795
f 795//795 783//783 782//782
f 779//779 781//781 780//780
f 780//780 781//781 783//783
f 780//780 783//783 789//789
f 789//789 783//783 793//793
f 789//789 793//793 787//787
f 787//787 793//793 791//791
f 796//796 778//778 797//797
f 797//797 778//778 780//780
f 797//797 780//780 786//786
f 786//786 780//780 789//789
f 786//786 789//789 784//784
f 784//784 789//789 788//788
f 785//785 520//520 786//786
f 786//786 520//520 521//521
f 786//786 521//521 797//797
f 797//797 521//521 522//522
f 797//797 522//522 796//796
f 796//796 522//522 523//523
f 798//798 774//774 799//799
f 799//799 774//774 765//765
f 799//799 765//765 764//764
f 519//519 525//525 770//770
f 770//770 525//525 800//800
f 770//770 800//800 767//767
f 767//767 800//800 801//801
f 767//767 801//801 768//768
f 768//768 801//801 802//802
f 768//768 802//802 764//764
f 764//764 802//802 803//803
f 764//764 803//803 799//799
f 804//804 774//774 805//805
f 805//805 774//774 798//798
f 806//806 795//795 807//807
f 807//807 795//795 777//777
f 807//807 777//777 808//808
f 806//806 809//809 795//795
f 795//795 809//809 810//810
f 795//795 810//810 794//794
f 794//794 810//810 811//811
f 794//794 811//811 792//792
f 792//792 811//811 812//812
f 792//792 812//812 790//790
f 790//790 812//812 813//813
f 775//775 774//774 804//804
f 804//804 814//814 775//775
f 775//775 814//814 815//815
f 775//775 815//815 776//776
f 776//776 815//815 816//816
f 776//776 816//816 777//777
f 777//777 816//816 817//817
f 777//777 817//817 808//808
f 818//818 790//790 819//819
f 819//819 790//790 813//813
f 524//524 520//520 820//820
f 820//820 520//520 785//785
f 790//790 818//818 791//791
f 791//791 818//818 821//821
f 791//791 821//821 787//787
f 787//787 821//821 822//822
f 787//787 822//822 788//788
f 788//788 822//822 823//823
f 788//788 823//823 784//784
f 784//784 823//823 824//824
f 784//784 824//824 785//785
f 785//785 824//824 825//825
f 785//785 825//825 820//820
f 826//826 757//757 756//756
f 826//826 756//756 827//827
f 827//827 756//756 755//755
f 827//827 755//755 828//828
f 828//828 755//755 754//754
f 828//828 754//754 829//829
f 517//517 762//762 830//830
f 830//830 762//762 831//831
f 762//762 761//761 831//831
f 831//831 761//761 759//759
f 831//831 759//759 832//832
f 777//777 833//833 772//772
f 772//772 833//833 832//832
f 772//772 832//832 758//758
f 758//758 832//832 759//759
f 795//795 782//782 834//834
f 834//834 782//782 835//835
f 782//782 781//781 835//835
f 835//835 781//781 779//779
f 835//835 779//779 836//836
f 523//523 837//837 796//796
f 796//796 837//837 836//836
f 796//796 836//836 778//778
f 778//778 836//836 779//779
f 795//795 834//834 838//838
f 838//838 839//839 795//795
f 795//795 839//839 840//840
f 795//795 840//840 777//777
f 777//777 840//840 841//841
f 777//777 841//841 833//833
f 838//838 842//842 843//843
f 838//838 843//843 839//839
f 839//839 843//843 844//844
f 839//839 844//844 840//840
f 840//840 844//844 845//845
f 840//840 845//845 841//841
f 842//842 846//846 751//751
f 826//826 845//845 757//757
f 757//757 845//845 844//844
f 757//757 844//844 751//751
f 751//751 844//844 843//843
f 751//751 843//843 842//842
f 847//847 750//750 752//752
f 847//847 752//752 848//848
f 848//848 752//752 753//753
f 848//848 753//753 849//849
f 849//849 753//753 751//751
f 849//849 751//751 846//846
f 253//253 252//252 829//829
f 829//829 252//252 830//830
f 829//829 830//830 828//828
f 828//828 830//830 831//831
f 828//828 831//831 827//827
f 827//827 831//831 832//832
f 827//827 832//832 826//826
f 826//826 832//832 833//833
f 826//826 833//833 845//845
f 845//845 833//833 841//841
f 810//810 809//809 850//850
f 798//798 799//799 851//851
f 851//851 799//799 803//803
f 851//851 803//803 802//802
f 209//209 211//211 525//525
f 525//525 211//211 852//852
f 525//525 852//852 800//800
f 800//800 852//852 851//851
f 800//800 851//851 801//801
f 801//801 851//851 802//802
f 798//798 851//851 805//805
f 805//805 851//851 853//853
f 805//805 853//853 804//804
f 804//804 853//853 854//854
f 804//804 854//854 814//814
f 814//814 854//854 815//815
f 815//815 854//854 855//855
f 815//815 855//855 816//816
f 807//807 808//808 855//855
f 855//855 808//808 817//817
f 855//855 817//817 816//816
f 850//850 809//809 855//855
f 855//855 809//809 806//806
f 855//855 806//806 807//807
f 856//856 857//857 819//819
f 819//819 813//813 856//856
f 856//856 813//813 812//812
f 856//856 812//812 850//850
f 850//850 812//812 811//811
f 850//850 811//811 810//810
f 824//824 823//823 858//858
f 824//824 858//858 825//825
f 823//823 822//822 858//858
f 858//858 822//822 821//821
f 858//858 821//821 857//857
f 857//857 821//821 818//818
f 857//857 818//818 819//819
f 825//825 858//858 820//820
f 820//820 858//858 859//859
f 820//820 859//859 524//524
f 860//860 861//861 227//227
f 227//227 229//229 860//860
f 860//860 229//229 231//231
f 860//860 231//231 862//862
f 231//231 233//233 862//862
f 862//862 233//233 235//235
f 862//862 235//235 863//863
f 235//235 237//237 863//863
f 863//863 237//237 239//239
f 863//863 239//239 864//864
f 239//239 241//241 864//864
f 864//864 241//241 243//243
f 864//864 243//243 865//865
f 243//243 245//245 865//865
f 865//865 245//245 247//247
f 865//865 247//247 866//866
f 247//247 867//867 866//866
f 866//866 867//867 868//868
f 866//866 868//868 869//869
f 868//868 870//870 869//869
f 869//869 870//870 871//871
f 869//869 871//871 872//872
f 871//871 873//873 872//872
f 872//872 873//873 874//874
f 872//872 874//874 875//875
f 874//874 876//876 875//875
f 875//875 876//876 877//877
f 875//875 877//877 878//878
f 877//877 879//879 878//878
f 878//878 879//879 880//880
f 878//878 880//880 881//881
f 880//880 882//882 881//881
f 881//881 882//882 883//883
f 881//881 883//883 884//884
f 883//883 885//885 884//884
f 884//884 885//885 886//886
f 884//884 886//886 887//887
f 886//886 888//888 887//887
f 887//887 888//888 889//889
f 887//887 889//889 890//890
f 889//889 891//891 890//890
f 890//890 891//891 892//892
f 890//890 892//892 893//893
f 892//892 894//894 893//893
f 893//893 894//894 895//895
f 893//893 895//895 896//896
f 895//895 897//897 896//896
f 896//896 897//897 898//898
f 896//896 898//898 899//899
f 898//898 900//900 899//899
f 899//899 900//900 901//901
f 899//899 901//901 859//859
f 859//859 901//901 902//902
f 859//859 902//902 524//524
f 524//524 902//902 251//251
f 524//524 251//251 249//249
f 211//211 212//212 852//852
f 852//852 212//212 215//215
f 852//852 215//215 903//903
f 215//215 217//217 903//903
f 903//903 217//217 219//219
f 903//903 219//219 904//904
f 219//219 221//221 904//904
f 904//904 221//221 223//223
f 904//904 223//223 861//861
f 861//861 223//223 225//225
f 861//861 225//225 227//227
f 517//517 830//830 254//254
f 254//254 830//830 252//252
f 842//842 838//838 846//846
f 846//846 838//838 834//834
f 846//846 834//834 849//849
f 849//849 834//834 835//835
f 849//849 835//835 848//848
f 848//848 835//835 836//836
f 848//848 836//836 847//847
f 847//847 836//836 837//837
f 847//847 837//837 259//259
f 259//259 837//837 258//258
f 837//837 523//523 258//258
f 258//258 523//523 256//256
f 255//255 253//253 829//829
f 829//829 754//754 255//255
f 255//255 754//754 510//510
f 255//255 510//510 508//508
f 496//496 495//495 257//257
f 257//257 495//495 750//750
f 257//257 750//750 259//259
f 259//259 750//750 847//847
f 311//311 870//870 319//319
f 319//319 870//870 868//868
f 319//319 868//868 289//289
f 289//289 868//868 867//867
f 289//289 867//867 247//247
f 251//251 902//902 474//474
f 474//474 902//902 476//476
f 476//476 902//902 472//472
f 472//472 902//902 901//901
f 472//472 901//901 470//470
f 470//470 901//901 900//900
f 470//470 900//900 469//469
f 469//469 900//900 898//898
f 469//469 898//898 467//467
f 467//467 898//898 897//897
f 467//467 897//897 466//466
f 466//466 897//897 895//895
f 466//466 895//895 464//464
f 464//464 895//895 894//894
f 464//464 894//894 462//462
f 462//462 894//894 892//892
f 462//462 892//892 460//460
f 460//460 892//892 891//891
f 460//460 891//891 459//459
f 459//459 891//891 889//889
f 459//459 889//889 457//457
f 457//457 889//889 888//888
f 457//457 888//888 454//454
f 454//454 888//888 886//886
f 454//454 886//886 452//452
f 452//452 886//886 885//885
f 452//452 885//885 450//450
f 450//450 885//885 883//883
f 450//450 883//883 448//448
f 448//448 883//883 882//882
f 448//448 882//882 408//408
f 408//408 882//882 880//880
f 408//408 880//880 410//410
f 410//410 880//880 879//879
f 410//410 879//879 331//331
f 331//331 879//879 877//877
f 331//331 877//877 330//330
f 330//330 877//877 876//876
f 330//330 876//876 283//283
f 283//283 876//876 874//874
f 283//283 874//874 284//284
f 284//284 874//874 873//873
f 284//284 873//873 311//311
f 311//311 873//873 871//871
f 311//311 871//871 870//870
f 905//905 185//185 187//187
f 183//183 185//185 905//905
f 905//905 191//191 193//193
f 189//189 191//191 905//905
f 187//187 189//189 905//905
f 905//905 197//197 199//199
f 195//195 197//197 905//905
f 193//193 195//195 905//905
f 905//905 203//203 205//205
f 201//201 203//203 905//905
f 199//199 201//201 905//905
f 205//205 183//183 905//905
f 906//906 180//180 157//157
f 178//178 180//180 906//906
f 906//906 161//161 163//163
f 159//159 161//161 906//906
f 157//157 159//159 906//906
f 906//906 167//167 169//169
f 165//165 167//167 906//906
f 163//163 165//165 906//906
f 906//906 174//174 176//176
f 171//171 174//174 906//906
f 169//169 171//171 906//906
f 176//176 178//178 906//906
f 907//907 154//154 131//131
f 152//152 154//154 907//907
f 907//907 135//135 137//137
f 133//133 135//135 907//907
f 131//131 133//133 907//907
f 907//907 141//141 143//143
f 139//139 141//141 907//907
f 137//137 139//139 907//907
f 907//907 148//148 150//150
f 145//145 148//148 907//907
f 143//143 145//145 907//907
f 150//150 152//152 907//907
f 908//908 126//126 128//128
f 124//124 126//126 908//908
f 908//908 107//107 109//109
f 105//105 107//107 908//908
f 128//128 105//105 908//908
f 908//908 113//113 115//115
f 111//111 113//113 908//908
f 109//109 111//111 908//908
f 908//908 120//120 122//122
f 118//118 120//120 908//908
f 115//115 118//118 908//908
f 122//122 124//124 908//908
f 909//909 100//100 102//102
f 98//98 100//100 909//909
f 909//909 81//81 83//83
f 79//79 81//81 909//909
f 102//102 79//79 909//909
f 909//909 87//87 89//89
f 85//85 87//87 909//909
f 83//83 85//85 909//909
f 909//909 94//94 96//96
f 92//92 94//94 909//909
f 89//89 92//92 909//909
f 96//96 98//98 909//909
f 910//910 76//76 53//53
f 74//74 76//76 910//910
f 910//910 57//57 59//59
f 55//55 57//57 910//910
f 53//53 55//55 910//910
f 910//910 63//63 65//65
f 61//61 63//63 910//910
f 59//59 61//61 910//910
f 910//910 70//70 72//72
f 67//67 70//70 910//910
f 65//65 67//67 910//910
f 72//72 74//74 910//910
f 911//911 48//48 50//50
f 46//46 48//48 911//911
f 911//911 29//29 31//31
f 27//27 29//29 911//911
f 50//50 27//27 911//911
f 911//911 35//35 37//37
f 33//33 35//35 911//911
f 31//31 33//33 911//911
f 911//911 42//42 44//44
f 40//40 42//42 911//911
f 37//37 40//40 911//911
f 44//44 46//46 911//911
f 912//912 20//20 22//22
f 18//18 20//20 912//912
f 912//912 1//1 3//3
f 24//24 1//1 912//912
f 22//22 24//24 912//912
f 912//912 7//7 9//9
f 5//5 7//7 912//912
f 3//3 5//5 912//912
f 912//912 14//14 16//16
f 12//12 14//14 912//912
f 9//9 12//12 912//912
f 16//16 18//18 912//912
f 869//869 872//872 913//913
f 913//913 872//872 914//914
f 915//915 916//916 875//875
f 875//875 916//916 917//917
f 875//875 917//917 872//872
f 872//872 917//917 918//918
f 872//872 918//918 914//914
f 915//915 875//875 919//919
f 919//919 875//875 878//878
f 919//919 878//878 920//920
f 921//921 922//922 881//881
f 881//881 922//922 923//923
f 881//881 923//923 878//878
f 878//878 923//923 924//924
f 878//878 924//924 920//920
f 921//921 881//881 925//925
f 925//925 881//881 884//884
f 925//925 884//884 926//926
f 927//927 928//928 887//887
f 887//887 928//928 929//929
f 887//887 929//929 884//884
f 884//884 929//929 930//930
f 884//884 930//930 926//926
f 927//927 887//887 931//931
f 931//931 887//887 890//890
f 931//931 890//890 932//932
f 893//893 933//933 890//890
f 890//890 933//933 934//934
f 890//890 934//934 932//932
f 935//935 936//936 896//896
f 896//896 936//936 937//937
f 896//896 937//937 893//893
f 893//893 937//937 938//938
f 893//893 938//938 933//933
f 935//935 896//896 939//939
f 939//939 896//896 899//899
f 939//939 899//899 940//940
f 859//859 941//941 942//942
f 859//859 942//942 899//899
f 899//899 942//942 943//943
f 899//899 943//943 940//940
f 944//944 945//945 858//858
f 858//858 945//945 946//946
f 858//858 946//946 859//859
f 859//859 946//946 947//947
f 859//859 947//947 941//941
f 944//944 858//858 948//948
f 948//948 858//858 857//857
f 948//948 857//857 949//949
f 950//950 951//951 856//856
f 856//856 951//951 952//952
f 856//856 952//952 857//857
f 857//857 952//952 953//953
f 857//857 953//953 949//949
f 950//950 856//856 954//954
f 954//954 856//856 850//850
f 954//954 850//850 955//955
f 913//913 956//956 869//869
f 869//869 956//956 957//957
f 869//869 957//957 866//866
f 866//866 957//957 958//958
f 866//866 958//958 865//865
f 865//865 958//958 959//959
f 865//865 959//959 864//864
f 864//864 959//959 960//960
f 864//864 960//960 863//863
f 863//863 960//960 961//961
f 863//863 961//961 862//862
f 862//862 961//961 962//962
f 862//862 962//962 860//860
f 860//860 962//962 963//963
f 860//860 963//963 861//861
f 861//861 963//963 964//964
f 861//861 964//964 904//904
f 904//904 964//964 965//965
f 904//904 965//965 903//903
f 903//903 965//965 966//966
f 903//903 966//966 852//852
f 852//852 966//966 967//967
f 852//852 967//967 851//851
f 851//851 967//967 968//968
f 851//851 968//968 853//853
f 853//853 968//968 969//969
f 853//853 969//969 854//854
f 854//854 969//969 970//970
f 854//854 970//970 855//855
f 855//855 970//970 971//971
f 855//855 971//971 850//850
f 850//850 971//971 972//972
f 850//850 972//972 955//955
f 973//973 974//974 975//975
f 975//975 974//974 976//976
f 975//975 976//976 977//977
f 977//977 976//976 978//978
f 977//977 978//978 979//979
f 979//979 978//978 980//980
f 979//979 980//980 981//981
f 981//981 980//980 982//982
f 981//981 982//982 983//983
f 983//983 982//982 984//984
f 983//983 984//984 985//985
f 985//985 984//984 986//986
f 985//985 986//986 987//987
f 987//987 986//986 988//988
f 987//987 988//988 989//989
f 989//989 988//988 990//990
f 989//989 990//990 991//991
f 991//991 990//990 992//992
f 991//991 992//992 993//993
f 993//993 992//992 994//994
f 993//993 994//994 995//995
f 995//995 994//994 996//996
f 995//995 996//996 997//997
f 997//997 996//996 998//998
f 997//997 998//998 999//999
f 999//999 998//998 1000//1000
f 999//999 1000//1000 1001//1001
f 1001//1001 1000//1000 1002//1002
f 1001//1001 1002//1002 1003//1003
f 1003//1003 1002//1002 1004//1004
f 1003//1003 1004//1004 1005//1005
f 1005//1005 1004//1004 1006//1006
f 1005//1005 1006//1006 1007//1007
f 1007//1007 1006//1006 1008//1008
f 1007//1007 1008//1008 1009//1009
f 1009//1009 1008//1008 1010//1010
f 1009//1009 1010//1010 1011//1011
f 1011//1011 1010//1010 1012//1012
f 1011//1011 1012//1012 1013//1013
f 1013//1013 1012//1012 1014//1014
f 1013//1013 1014//1014 1015//1015
f 1015//1015 1014//1014 1016//1016
f 1015//1015 1016//1016 1017//1017
f 1017//1017 1016//1016 1018//1018
f 1017//1017 1018//1018 1019//1019
f 1019//1019 1018//1018 1020//1020
f 1019//1019 1020//1020 1021//1021
f 1021//1021 1020//1020 1022//1022
f 1021//1021 1022//1022 1023//1023
f 1023//1023 1022//1022 1024//1024
f 1023//1023 1024//1024 1025//1025
f 1025//1025 1024//1024 1026//1026
f 1025//1025 1026//1026 1027//1027
f 1027//1027 1026//1026 1028//1028
f 1027//1027 1028//1028 1029//1029
f 1029//1029 1028//1028 1030//1030
f 1029//1029 1030//1030 1031//1031
f 1031//1031 1030//1030 1032//1032
f 1031//1031 1032//1032 973//973
f 973//973 1032//1032 974//974
f 956//956 913//913 1033//1033
f 971//971 970//970 1034//1034
f 1034//1034 970//970 969//969
f 956//956 1033//1033 957//957
f 957//957 1033//1033 1035//1035
f 957//957 1035//1035 958//958
f 958//958 1035//1035 1036//1036
f 958//958 1036//1036 959//959
f 959//959 1036//1036 1037//1037
f 959//959 1037//1037 960//960
f 960//960 1037//1037 1038//1038
f 960//960 1038//1038 961//961
f 961//961 1038//1038 1039//1039
f 961//961 1039//1039 962//962
f 962//962 1039//1039 1040//1040
f 962//962 1040//1040 963//963
f 963//963 1040//1040 1041//1041
f 963//963 1041//1041 964//964
f 964//964 1041//1041 1042//1042
f 964//964 1042//1042 965//965
f 965//965 1042//1042 1043//1043
f 965//965 1043//1043 966//966
f 966//966 1043//1043 1044//1044
f 966//966 1044//1044 967//967
f 967//967 1044//1044 1045//1045
f 967//967 1045//1045 968//968
f 968//968 1045//1045 1046//1046
f 968//968 1046//1046 969//969
f 969//969 1046//1046 1047//1047
f 969//969 1047//1047 1034//1034
f 1048//1048 1049//1049 1050//1050
f 1050//1050 1049//1049 1051//1051
f 1050//1050 1051//1051 1052//1052
f 1052//1052 1051//1051 1053//1053
f 1052//1052 1053//1053 1054//1054
f 1054//1054 1053//1053 1055//1055
f 1054//1054 1055//1055 1056//1056
f 1056//1056 1055//1055 1057//1057
f 1056//1056 1057//1057 1058//1058
f 1058//1058 1057//1057 1059//1059
f 1058//1058 1059//1059 1060//1060
f 1060//1060 1059//1059 1061//1061
f 1060//1060 1061//1061 1062//1062
f 1062//1062 1061//1061 1063//1063
f 1062//1062 1063//1063 1064//1064
f 1064//1064 1063//1063 1065//1065
f 1064//1064 1065//1065 1066//1066
f 1066//1066 1065//1065 1067//1067
f 1066//1066 1067//1067 1068//1068
f 1068//1068 1067//1067 1069//1069
f 1068//1068 1069//1069 1070//1070
f 1070//1070 1069//1069 1071//1071
f 1070//1070 1071//1071 1072//1072
f 1072//1072 1071//1071 1073//1073
f 1072//1072 1073//1073 1074//1074
f 1074//1074 1073//1073 1075//1075
f 1074//1074 1075//1075 1076//1076
f 1076//1076 1075//1075 1077//1077
f 1076//1076 1077//1077 1078//1078
f 1078//1078 1077//1077 1079//1079
f 1078//1078 1079//1079 1080//1080
f 1080//1080 1079//1079 1081//1081
f 1082//1082 1083//1083 1084//1084
f 1082//1082 1085//1085 1083//1083
f 1083//1083 1085//1085 1086//1086
f 1083//1083 1086//1086 1087//1087
f 1086//1086 1088//1088 1087//1087
f 1087//1087 1088//1088 1089//1089
f 1087//1087 1089//1089 1090//1090
f 1089//1089 1091//1091 1090//1090
f 1090//1090 1091//1091 1092//1092
f 1090//1090 1092//1092 1093//1093
f 1094//1094 1095//1095 1096//1096
f 1096//1096 1095//1095 1093//1093
f 1096//1096 1093//1093 1097//1097
f 1097//1097 1093//1093 1092//1092
f 1094//1094 1098//1098 1095//1095
f 1095//1095 1098//1098 1099//1099
f 1095//1095 1099//1099 1100//1100
f 1100//1100 1099//1099 1101//1101
f 1100//1100 1101//1101 1102//1102
f 1103//1103 1080//1080 1104//1104
f 1104//1104 1080//1080 1081//1081
f 1104//1104 1081//1081 1105//1105
f 1105//1105 1081//1081 1100//1100
f 1105//1105 1100//1100 1106//1106
f 1106//1106 1100//1100 1102//1102
f 1107//1107 1108//1108 1109//1109
f 1109//1109 1108//1108 1051//1051
f 1109//1109 1051//1051 1110//1110
f 1110//1110 1051//1051 1049//1049
f 1107//1107 1111//1111 1108//1108
f 1108//1108 1111//1111 1112//1112
f 1108//1108 1112//1112 1113//1113
f 1112//1112 1114//1114 1113//1113
f 1113//1113 1114//1114 1115//1115
f 1113//1113 1115//1115 1116//1116
f 1115//1115 1117//1117 1116//1116
f 1116//1116 1117//1117 1118//1118
f 1116//1116 1118//1118 1119//1119
f 1118//1118 1120//1120 1119//1119
f 1119//1119 1120//1120 1121//1121
f 1119//1119 1121//1121 1122//1122
f 1121//1121 1123//1123 1122//1122
f 1122//1122 1123//1123 1124//1124
f 1122//1122 1124//1124 1125//1125
f 1124//1124 1126//1126 1125//1125
f 1125//1125 1126//1126 1127//1127
f 1125//1125 1127//1127 1084//1084
f 1084//1084 1127//1127 1128//1128
f 1084//1084 1128//1128 1082//1082
f 1129//1129 1130//1130 1055//1055
f 1055//1055 1130//1130 1131//1131
f 1055//1055 1131//1131 1057//1057
f 1057//1057 1131//1131 1132//1132
f 1057//1057 1132//1132 1059//1059
f 1059//1059 1132//1132 1133//1133
f 1059//1059 1133//1133 1061//1061
f 1061//1061 1133//1133 1134//1134
f 1061//1061 1134//1134 1063//1063
f 1063//1063 1134//1134 1135//1135
f 1063//1063 1135//1135 1065//1065
f 1065//1065 1135//1135 1136//1136
f 1065//1065 1136//1136 1067//1067
f 1067//1067 1136//1136 1137//1137
f 1067//1067 1137//1137 1069//1069
f 1069//1069 1137//1137 1138//1138
f 1069//1069 1138//1138 1071//1071
f 1071//1071 1138//1138 1139//1139
f 1071//1071 1139//1139 1073//1073
f 1073//1073 1139//1139 1140//1140
f 1073//1073 1140//1140 1075//1075
f 1075//1075 1140//1140 1141//1141
f 1075//1075 1141//1141 1077//1077
f 1077//1077 1141//1141 1142//1142
f 1077//1077 1142//1142 1079//1079
f 1079//1079 1142//1142 1143//1143
f 1079//1079 1143//1143 1081//1081
f 1081//1081 1143//1143 1144//1144
f 1081//1081 1144//1144 1100//1100
f 1100//1100 1144//1144 1145//1145
f 1100//1100 1145//1145 1095//1095
f 1095//1095 1145//1145 1146//1146
f 1095//1095 1146//1146 1093//1093
f 1093//1093 1146//1146 1147//1147
f 1093//1093 1147//1147 1090//1090
f 1090//1090 1147//1147 1148//1148
f 1090//1090 1148//1148 1087//1087
f 1087//1087 1148//1148 1149//1149
f 1087//1087 1149//1149 1083//1083
f 1083//1083 1149//1149 1150//1150
f 1083//1083 1150//1150 1084//1084
f 1084//1084 1150//1150 1151//1151
f 1084//1084 1151//1151 1125//1125
f 1125//1125 1151//1151 1152//1152
f 1125//1125 1152//1152 1122//1122
f 1122//1122 1152//1152 1153//1153
f 1122//1122 1153//1153 1119//1119
f 1119//1119 1153//1153 1154//1154
f 1119//1119 1154//1154 1116//1116
f 1116//1116 1154//1154 1155//1155
f 1116//1116 1155//1155 1113//1113
f 1113//1113 1155//1155 1156//1156
f 1113//1113 1156//1156 1108//1108
f 1108//1108 1156//1156 1157//1157
f 1108//1108 1157//1157 1051//1051
f 1051//1051 1157//1157 1158//1158
f 1051//1051 1158//1158 1053//1053
f 1053//1053 1158//1158 1129//1129
f 1053//1053 1129//1129 1055//1055
f 1159//1159 1160//1160 1050//1050
f 1161//1161 1050//1050 1080//1080
f 1080//1080 1050//1050 1052//1052
f 1080//1080 1052//1052 1078//1078
f 1078//1078 1052//1052 1054//1054
f 1078//1078 1054//1054 1056//1056
f 1161//1161 1162//1162 1050//1050
f 1050//1050 1162//1162 1163//1163
f 1050//1050 1163//1163 1164//1164
f 1164//1164 1165//1165 1050//1050
f 1050//1050 1165//1165 1166//1166
f 1050//1050 1166//1166 1159//1159
f 1160//1160 1167//1167 1050//1050
f 1050//1050 1167//1167 1168//1168
f 1050//1050 1168//1168 1169//1169
f 1062//1062 1064//1064 1070//1070
f 1070//1070 1064//1064 1066//1066
f 1070//1070 1066//1066 1068//1068
f 1062//1062 1070//1070 1060//1060
f 1060//1060 1070//1070 1072//1072
f 1060//1060 1072//1072 1074//1074
f 1056//1056 1058//1058 1078//1078
f 1078//1078 1058//1058 1060//1060
f 1078//1078 1060//1060 1076//1076
f 1076//1076 1060//1060 1074//1074
f 1169//1169 1170//1170 1050//1050
f 1050//1050 1170//1170 1171//1171
f 1050//1050 1171//1171 1172//1172
f 1048//1048 1050//1050 1172//1172
f 1171//1171 1173//1173 1174//1174
f 1174//1174 1175//1175 1171//1171
f 1171//1171 1175//1175 1176//1176
f 1171//1171 1176//1176 1172//1172
f 1172//1172 1176//1176 1177//1177
f 1172//1172 1177//1177 1048//1048
f 1173//1173 1171//1171 1178//1178
f 1178//1178 1171//1171 1170//1170
f 1178//1178 1170//1170 1179//1179
f 1179//1179 1170//1170 1180//1180
f 1180//1180 1170//1170 1169//1169
f 1180//1180 1169//1169 1181//1181
f 1181//1181 1169//1169 1182//1182
f 1182//1182 1169//1169 1168//1168
f 1182//1182 1168//1168 1183//1183
f 1183//1183 1168//1168 1184//1184
f 1184//1184 1168//1168 1167//1167
f 1184//1184 1167//1167 1185//1185
f 1185//1185 1167//1167 1186//1186
f 1186//1186 1167//1167 1160//1160
f 1186//1186 1160//1160 1187//1187
f 1187//1187 1160//1160 1188//1188
f 1188//1188 1160//1160 1159//1159
f 1188//1188 1159//1159 1189//1189
f 1189//1189 1159//1159 1190//1190
f 1190//1190 1159//1159 1166//1166
f 1190//1190 1166//1166 1191//1191
f 1191//1191 1166//1166 1192//1192
f 1192//1192 1166//1166 1165//1165
f 1192//1192 1165//1165 1193//1193
f 1193//1193 1165//1165 1194//1194
f 1194//1194 1165//1165 1164//1164
f 1194//1194 1164//1164 1195//1195
f 1195//1195 1164//1164 1196//1196
f 1196//1196 1164//1164 1163//1163
f 1196//1196 1163//1163 1197//1197
f 1197//1197 1163//1163 1198//1198
f 1198//1198 1163//1163 1162//1162
f 1198//1198 1162//1162 1199//1199
f 1199//1199 1162//1162 1200//1200
f 1200//1200 1162//1162 1161//1161
f 1200//1200 1161//1161 1201//1201
f 1080//1080 1103//1103 1202//1202
f 1202//1202 1203//1203 1080//1080
f 1080//1080 1203//1203 1204//1204
f 1080//1080 1204//1204 1161//1161
f 1161//1161 1204//1204 1205//1205
f 1161//1161 1205//1205 1201//1201
f 1048//1048 1177//1177 1049//1049
f 1049//1049 1177//1177 1110//1110
f 1202//1202 1103//1103 1104//1104
f 1085//1085 1191//1191 1086//1086
f 1086//1086 1191//1191 1192//1192
f 1086//1086 1192//1192 1088//1088
f 1088//1088 1192//1192 1193//1193
f 1088//1088 1193//1193 1089//1089
f 1089//1089 1193//1193 1194//1194
f 1089//1089 1194//1194 1091//1091
f 1091//1091 1194//1194 1195//1195
f 1091//1091 1195//1195 1092//1092
f 1092//1092 1195//1195 1196//1196
f 1092//1092 1196//1196 1097//1097
f 1097//1097 1196//1196 1197//1197
f 1097//1097 1197//1197 1096//1096
f 1096//1096 1197//1197 1198//1198
f 1096//1096 1198//1198 1094//1094
f 1094//1094 1198//1198 1199//1199
f 1202//1202 1104//1104 1203//1203
f 1203//1203 1104//1104 1105//1105
f 1203//1203 1105//1105 1204//1204
f 1204//1204 1105//1105 1106//1106
f 1204//1204 1106//1106 1205//1205
f 1205//1205 1106//1106 1102//1102
f 1205//1205 1102//1102 1201//1201
f 1201//1201 1102//1102 1101//1101
f 1201//1201 1101//1101 1200//1200
f 1200//1200 1101//1101 1099//1099
f 1200//1200 1099//1099 1199//1199
f 1199//1199 1099//1099 1098//1098
f 1199//1199 1098//1098 1094//1094
f 1110//1110 1177//1177 1109//1109
f 1109//1109 1177//1177 1176//1176
f 1109//1109 1176//1176 1107//1107
f 1107//1107 1176//1176 1175//1175
f 1107//1107 1175//1175 1111//1111
f 1111//1111 1175//1175 1174//1174
f 1111//1111 1174//1174 1112//1112
f 1112//1112 1174//1174 1173//1173
f 1112//1112 1173//1173 1114//1114
f 1114//1114 1173//1173 1178//1178
f 1114//1114 1178//1178 1115//1115
f 1115//1115 1178//1178 1179//1179
f 1115//1115 1179//1179 1117//1117
f 1117//1117 1179//1179 1180//1180
f 1117//1117 1180//1180 1118//1118
f 1118//1118 1180//1180 1181//1181
f 1118//1118 1181//1181 1120//1120
f 1120//1120 1181//1181 1182//1182
f 1120//1120 1182//1182 1121//1121
f 1121//1121 1182//1182 1183//1183
f 1121//1121 1183//1183 1123//1123
f 1123//1123 1183//1183 1184//1184
f 1123//1123 1184//1184 1124//1124
f 1124//1124 1184//1184 1185//1185
f 1124//1124 1185//1185 1126//1126
f 1126//1126 1185//1185 1186//1186
f 1126//1126 1186//1186 1127//1127
f 1127//1127 1186//1186 1187//1187
f 1127//1127 1187//1187 1128//1128
f 1128//1128 1187//1187 1188//1188
f 1128//1128 1188//1188 1082//1082
f 1082//1082 1188//1188 1189//1189
f 1082//1082 1189//1189 1085//1085
f 1085//1085 1189//1189 1190//1190
f 1085//1085 1190//1190 1191//1191
f 955//955 972//972 989//989
f 989//989 972//972 971//971
f 989//989 971//971 987//987
f 955//955 989//989 954//954
f 954//954 989//989 991//991
f 954//954 991//991 950//950
f 949//949 953//953 993//993
f 993//993 953//953 952//952
f 993//993 952//952 991//991
f 991//991 952//952 951//951
f 991//991 951//951 950//950
f 949//949 993//993 948//948
f 948//948 993//993 995//995
f 948//948 995//995 944//944
f 941//941 947//947 997//997
f 997//997 947//947 946//946
f 997//997 946//946 995//995
f 995//995 946//946 945//945
f 995//995 945//945 944//944
f 941//941 997//997 942//942
f 942//942 997//997 999//999
f 942//942 999//999 943//943
f 936//936 935//935 1001//1001
f 1001//1001 935//935 939//939
f 1001//1001 939//939 999//999
f 999//999 939//939 940//940
f 999//999 940//940 943//943
f 936//936 1001//1001 937//937
f 937//937 1001//1001 1003//1003
f 937//937 1003//1003 938//938
f 938//938 1003//1003 933//933
f 933//933 1003//1003 1005//1005
f 933//933 1005//1005 934//934
f 928//928 927//927 1007//1007
f 1007//1007 927//927 931//931
f 1007//1007 931//931 1005//1005
f 1005//1005 931//931 932//932
f 1005//1005 932//932 934//934
f 928//928 1007//1007 929//929
f 929//929 1007//1007 1009//1009
f 929//929 1009//1009 930//930
f 922//922 921//921 1011//1011
f 1011//1011 921//921 925//925
f 1011//1011 925//925 1009//1009
f 1009//1009 925//925 926//926
f 1009//1009 926//926 930//930
f 922//922 1011//1011 923//923
f 923//923 1011//1011 1013//1013
f 923//923 1013//1013 924//924
f 916//916 915//915 1015//1015
f 1015//1015 915//915 919//919
f 1015//1015 919//919 1013//1013
f 1013//1013 919//919 920//920
f 1013//1013 920//920 924//924
f 916//916 1015//1015 917//917
f 917//917 1015//1015 1017//1017
f 917//917 1017//1017 918//918
f 971//971 1034//1034 987//987
f 987//987 1034//1034 1047//1047
f 987//987 1047//1047 985//985
f 985//985 1047//1047 1046//1046
f 985//985 1046//1046 983//983
f 983//983 1046//1046 1045//1045
f 983//983 1045//1045 981//981
f 981//981 1045//1045 1044//1044
f 981//981 1044//1044 979//979
f 979//979 1044//1044 1043//1043
f 979//979 1043//1043 977//977
f 977//977 1043//1043 1042//1042
f 977//977 1042//1042 975//975
f 975//975 1042//1042 1041//1041
f 975//975 1041//1041 973//973
f 973//973 1041//1041 1040//1040
f 973//973 1040//1040 1031//1031
f 1031//1031 1040//1040 1039//1039
f 1031//1031 1039//1039 1029//1029
f 1029//1029 1039//1039 1038//1038
f 1029//1029 1038//1038 1027//1027
f 1027//1027 1038//1038 1037//1037
f 1027//1027 1037//1037 1025//1025
f 1025//1025 1037//1037 1036//1036
f 1025//1025 1036//1036 1023//1023
f 1023//1023 1036//1036 1035//1035
f 1023//1023 1035//1035 1021//1021
f 1021//1021 1035//1035 1033//1033
f 1021//1021 1033//1033 1019//1019
f 1019//1019 1033//1033 913//913
f 1019//1019 913//913 1017//1017
f 1017//1017 913//913 914//914
f 1017//1017 914//914 918//918
f 1032//1032 1150//1150 974//974
f 974//974 1150//1150 1149//1149
f 974//974 1149//1149 976//976
f 976//976 1149//1149 1148//1148
f 976//976 1148//1148 978//978
f 978//978 1148//1148 1147//1147
f 978//978 1147//1147 980//980
f 980//980 1147//1147 1146//1146
f 980//980 1146//1146 982//982
f 982//982 1146//1146 1145//1145
f 982//982 1145//1145 984//984
f 984//984 1145//1145 1144//1144
f 984//984 1144//1144 986//986
f 986//986 1144//1144 1143//1143
f 986//986 1143//1143 988//988
f 988//988 1143//1143 1142//1142
f 988//988 1142//1142 990//990
f 990//990 1142//1142 1141//1141
f 990//990 1141//1141 992//992
f 992//992 1141//1141 1140//1140
f 992//992 1140//1140 994//994
f 994//994 1140//1140 1139//1139
f 994//994 1139//1139 996//996
f 996//996 1139//1139 1138//1138
f 996//996 1138//1138 998//998
f 998//998 1138//1138 1137//1137
f 998//998 1137//1137 1000//1000
f 1000//1000 1137//1137 1136//1136
f 1000//1000 1136//1136 1002//1002
f 1002//1002 1136//1136 1135//1135
f 1002//1002 1135//1135 1004//1004
f 1004//1004 1135//1135 1134//1134
f 1004//1004 1134//1134 1006//1006
f 1006//1006 1134//1134 1133//1133
f 1006//1006 1133//1133 1008//1008
f 1008//1008 1133//1133 1132//1132
f 1008//1008 1132//1132 1010//1010
f 1010//1010 1132//1132 1131//1131
f 1010//1010 1131//1131 1012//1012
f 1012//1012 1131//1131 1130//1130
f 1012//1012 1130//1130 1014//1014
f 1014//1014 1130//1130 1129//1129
f 1014//1014 1129//1129 1016//1016
f 1016//1016 1129//1129 1158//1158
f 1016//1016 1158//1158 1018//1018
f 1018//1018 1158//1158 1157//1157
f 1018//1018 1157//1157 1020//1020
f 1020//1020 1157//1157 1156//1156
f 1020//1020 1156//1156 1022//1022
f 1022//1022 1156//1156 1155//1155
f 1022//1022 1155//1155 1024//1024
f 1024//1024 1155//1155 1154//1154
f 1024//1024 1154//1154 1026//1026
f 1026//1026 1154//1154 1153//1153
f 1026//1026 1153//1153 1028//1028
f 1028//1028 1153//1153 1152//1152
f 1028//1028 1152//1152 1030//1030
f 1030//1030 1152//1152 1151//1151
f 1030//1030 1151//1151 1032//1032
f 1032//1032 1151//1151 1150//1150
f 1206//1206 1207//1207 1208//1208
f 1209//1209 1210//1210 1211//1211
f 1211//1211 1210//1210 1212//1212
f 1213//1213 1211//1211 1214//1214
f 1214//1214 1211//1211 1212//1212
f 1214//1214 1212//1212 1215//1215
f 1215//1215 1212//1212 1216//1216
f 1217//1217 1206//1206 1218//1218
f 1218//1218 1206//1206 1208//1208
f 1218//1218 1208//1208 1211//1211
f 1211//1211 1208//1208 1219//1219
f 1211//1211 1219//1219 1209//1209
f 1220//1220 1221//1221 1222//1222
f 1222//1222 1221//1221 1223//1223
f 1222//1222 1223//1223 1224//1224
f 1222//1222 1225//1225 1226//1226
f 1226//1226 1227//1227 1222//1222
f 1222//1222 1227//1227 1228//1228
f 1222//1222 1228//1228 1220//1220
f 1229//1229 1210//1210 1209//1209
f 1219//1219 1230//1230 1209//1209
f 1209//1209 1230//1230 1220//1220
f 1209//1209 1220//1220 1229//1229
f 1229//1229 1220//1220 1228//1228
f 1231//1231 1225//1225 1222//1222
f 1222//1222 1224//1224 1232//1232
f 1233//1233 1234//1234 1222//1222
f 1222//1222 1234//1234 1235//1235
f 1222//1222 1235//1235 1231//1231
f 1232//1232 1236//1236 1222//1222
f 1222//1222 1236//1236 1237//1237
f 1222//1222 1237//1237 1233//1233
f 1229//1229 1212//1212 1210//1210
f 1219//1219 1208//1208 1230//1230
f 1230//1230 1208//1208 1220//1220
f 1220//1220 1208//1208 1207//1207
f 1220//1220 1207//1207 1221//1221
f 1206//1206 1224//1224 1207//1207
f 1207//1207 1224//1224 1223//1223
f 1207//1207 1223//1223 1221//1221
f 1212//1212 1229//1229 1216//1216
f 1216//1216 1229//1229 1228//1228
f 1216//1216 1228//1228 1227//1227
f 1227//1227 1226//1226 1216//1216
f 1216//1216 1226//1226 1225//1225
f 1216//1216 1225//1225 1215//1215
f 1215//1215 1225//1225 1231//1231
f 1215//1215 1231//1231 1214//1214
f 1214//1214 1231//1231 1235//1235
f 1214//1214 1235//1235 1213//1213
f 1213//1213 1235//1235 1234//1234
f 1213//1213 1234//1234 1211//1211
f 1211//1211 1234//1234 1233//1233
f 1211//1211 1233//1233 1218//1218
f 1218//1218 1233//1233 1237//1237
f 1218//1218 1237//1237 1217//1217
f 1217//1217 1237//1237 1236//1236
f 1217//1217 1236//1236 1206//1206
f 1206//1206 1236//1236 1232//1232
f 1206//1206 1232//1232 1224//1224
f 1238//1238 1239//1239 1240//1240
f 1240//1240 1239//1239 1241//1241
f 1240//1240 1241//1241 1242//1242
f 1243//1243 1244//1244 1240//1240
f 1240//1240 1244//1244 1245//1245
f 1240//1240 1245//1245 1238//1238
f 1246//1246 1247//1247 1240//1240
f 1240//1240 1247//1247 1248//1248
f 1240//1240 1248//1248 1243//1243
f 1242//1242 1249//1249 1240//1240
f 1240//1240 1249//1249 1250//1250
f 1240//1240 1250//1250 1246//1246
f 1251//1251 1241//1241 1252//1252
f 1252//1252 1241//1241 1239//1239
f 1252//1252 1239//1239 1253//1253
f 1253//1253 1239//1239 1238//1238
f 1245//1245 1254//1254 1238//1238
f 1238//1238 1254//1254 1255//1255
f 1238//1238 1255//1255 1253//1253
f 1251//1251 1256//1256 1241//1241
f 1241//1241 1256//1256 1257//1257
f 1241//1241 1257//1257 1242//1242
f 1242//1242 1257//1257 1258//1258
f 1242//1242 1258//1258 1249//1249
f 1249//1249 1258//1258 1259//1259
f 1249//1249 1259//1259 1250//1250
f 1250//1250 1259//1259 1260//1260
f 1250//1250 1260//1260 1246//1246
f 1246//1246 1260//1260 1261//1261
f 1246//1246 1261//1261 1247//1247
f 1247//1247 1261//1261 1262//1262
f 1247//1247 1262//1262 1248//1248
f 1248//1248 1262//1262 1263//1263
f 1248//1248 1263//1263 1243//1243
f 1243//1243 1263//1263 1264//1264
f 1243//1243 1264//1264 1244//1244
f 1244//1244 1264//1264 1265//1265
f 1244//1244 1265//1265 1245//1245
f 1245//1245 1265//1265 1266//1266
f 1245//1245 1266//1266 1254//1254
f 1252//1252 1253//1253 1267//1267
f 1267//1267 1253//1253 1255//1255
f 1267//1267 1255//1255 1254//1254
f 1257//1257 1256//1256 1267//1267
f 1267//1267 1256//1256 1251//1251
f 1267//1267 1251//1251 1252//1252
f 1258//1258 1257//1257 1267//1267
f 1267//1267 1254//1254 1266//1266
f 1267//1267 1262//1262 1261//1261
f 1263//1263 1262//1262 1264//1264
f 1264//1264 1262//1262 1267//1267
f 1264//1264 1267//1267 1265//1265
f 1265//1265 1267//1267 1266//1266
f 1261//1261 1260//1260 1267//1267
f 1267//1267 1260//1260 1259//1259
f 1267//1267 1259//1259 1258//1258
f 1268//1268 1269//1269 1270//1270
f 1270//1270 1269//1269 1271//1271
f 1270//1270 1271//1271 1272//1272
f 1273//1273 1274//1274 1270//1270
f 1270//1270 1274//1274 1275//1275
f 1270//1270 1275//1275 1268//1268
f 1276//1276 1277//1277 1270//1270
f 1270//1270 1277//1277 1278//1278
f 1270//1270 1278//1278 1273//1273
f 1272//1272 1279//1279 1270//1270
f 1270//1270 1279//1279 1280//1280
f 1270//1270 1280//1280 1276//1276
f 1278//1278 1281//1281 1273//1273
f 1273//1273 1281//1281 1282//1282
f 1273//1273 1282//1282 1274//1274
f 1274//1274 1282//1282 1283//1283
f 1274//1274 1283//1283 1275//1275
f 1275//1275 1283//1283 1284//1284
f 1275//1275 1284//1284 1268//1268
f 1268//1268 1284//1284 1285//1285
f 1268//1268 1285//1285 1269//1269
f 1269//1269 1285//1285 1286//1286
f 1269//1269 1286//1286 1271//1271
f 1271//1271 1286//1286 1287//1287
f 1271//1271 1287//1287 1272//1272
f 1272//1272 1287//1287 1288//1288
f 1272//1272 1288//1288 1279//1279
f 1279//1279 1288//1288 1289//1289
f 1279//1279 1289//1289 1280//1280
f 1280//1280 1289//1289 1290//1290
f 1280//1280 1290//1290 1276//1276
f 1276//1276 1290//1290 1291//1291
f 1276//1276 1291//1291 1277//1277
f 1277//1277 1291//1291 1292//1292
f 1277//1277 1292//1292 1278//1278
f 1278//1278 1292//1292 1281//1281
f 1289//1289 1288//1288 1293//1293
f 1293//1293 1288//1288 1287//1287
f 1293//1293 1287//1287 1286//1286
f 1292//1292 1291//1291 1293//1293
f 1293//1293 1291//1291 1290//1290
f 1293//1293 1290//1290 1289//1289
f 1283//1283 1282//1282 1293//1293
f 1293//1293 1282//1282 1281//1281
f 1293//1293 1281//1281 1292//1292
f 1286//1286 1285//1285 1293//1293
f 1293//1293 1285//1285 1284//1284
f 1293//1293 1284//1284 1283//1283
f 1294//1294 1295//1295 1296//1296
f 1296//1296 1295//1295 1297//1297
f 1296//1296 1297//1297 1298//1298
f 1299//1299 1300//1300 1296//1296
f 1296//1296 1300//1300 1301//1301
f 1296//1296 1301//1301 1294//1294
f 1302//1302 1303//1303 1296//1296
f 1296//1296 1303//1303 1304//1304
f 1296//1296 1304//1304 1299//1299
f 1298//1298 1305//1305 1296//1296
f 1296//1296 1305//1305 1306//1306
f 1296//1296 1306//1306 1302//1302
f 1304//1304 1307//1307 1299//1299
f 1299//1299 1307//1307 1308//1308
f 1299//1299 1308//1308 1300//1300
f 1300//1300 1308//1308 1309//1309
f 1300//1300 1309//1309 1301//1301
f 1301//1301 1309//1309 1310//1310
f 1301//1301 1310//1310 1294//1294
f 1294//1294 1310//1310 1311//1311
f 1294//1294 1311//1311 1295//1295
f 1295//1295 1311//1311 1312//1312
f 1295//1295 1312//1312 1297//1297
f 1297//1297 1312//1312 1313//1313
f 1297//1297 1313//1313 1298//1298
f 1298//1298 1313//1313 1314//1314
f 1298//1298 1314//1314 1305//1305
f 1305//1305 1314//1314 1315//1315
f 1305//1305 1315//1315 1306//1306
f 1306//1306 1315//1315 1316//1316
f 1306//1306 1316//1316 1302//1302
f 1302//1302 1316//1316 1317//1317
f 1302//1302 1317//1317 1303//1303
f 1303//1303 1317//1317 1318//1318
f 1303//1303 1318//1318 1304//1304
f 1304//1304 1318//1318 1307//1307
f 1315//1315 1314//1314 1319//1319
f 1319//1319 1314//1314 1313//1313
f 1319//1319 1313//1313 1312//1312
f 1318//1318 1317//1317 1319//1319
f 1319//1319 1317//1317 1316//1316
f 1319//1319 1316//1316 1315//1315
f 1309//1309 1308//1308 1319//1319
f 1319//1319 1308//1308 1307//1307
f 1319//1319 1307//1307 1318//1318
f 1312//1312 1311//1311 1319//1319
f 1319//1319 1311//1311 1310//1310
f 1319//1319 1310//1310 1309//1309
f 1320//1320 1321//1321 1322//1322
f 1322//1322 1321//1321 1323//1323
f 1322//1322 1323//1323 1324//1324
f 1325//1325 1326//1326 1322//1322
f 1322//1322 1326//1326 1327//1327
f 1322//1322 1327//1327 1320//1320
f 1328//1328 1329//1329 1322//1322
f 1322//1322 1329//1329 1330//1330
f 1322//1322 1330//1330 1325//1325
f 1324//1324 1331//1331 1322//1322
f 1322//1322 1331//1331 1332//1332
f 1322//1322 1332//1332 1328//1328
f 1330//1330 1333//1333 1325//1325
f 1325//1325 1333//1333 1334//1334
f 1325//1325 1334//1334 1326//1326
f 1326//1326 1334//1334 1335//1335
f 1326//1326 1335//1335 1327//1327
f 1327//1327 1335//1335 1336//1336
f 1327//1327 1336//1336 1320//1320
f 1320//1320 1336//1336 1337//1337
f 1320//1320 1337//1337 1321//1321
f 1321//1321 1337//1337 1338//1338
f 1321//1321 1338//1338 1323//1323
f 1323//1323 1338//1338 1339//1339
f 1323//1323 1339//1339 1324//1324
f 1324//1324 1339//1339 1340//1340
f 1324//1324 1340//1340 1331//1331
f 1331//1331 1340//1340 1341//1341
f 1331//1331 1341//1341 1332//1332
f 1332//1332 1341//1341 1342//1342
f 1332//1332 1342//1342 1328//1328
f 1328//1328 1342//1342 1343//1343
f 1328//1328 1343//1343 1329//1329
f 1329//1329 1343//1343 1344//1344
f 1329//1329 1344//1344 1330//1330
f 1330//1330 1344//1344 1333//1333
f 1341//1341 1340//1340 1345//1345
f 1345//1345 1340//1340 1339//1339
f 1345//1345 1339//1339 1338//1338
f 1344//1344 1343//1343 1345//1345
f 1345//1345 1343//1343 1342//1342
f 1345//1345 1342//1342 1341//1341
f 1335//1335 1334//1334 1345//1345
f 1345//1345 1334//1334 1333//1333
f 1345//1345 1333//1333 1344//1344
f 1338//1338 1337//1337 1345//1345
f 1345//1345 1337//1337 1336//1336
f 1345//1345 1336//1336 1335//1335
f 1346//1346 1347//1347 1348//1348
f 1348//1348 1347//1347 1349//1349
f 1348//1348 1349//1349 1350//1350
f 1351//1351 1352//1352 1348//1348
f 1348//1348 1352//1352 1353//1353
f 1348//1348 1353//1353 1346//1346
f 1354//1354 1355//1355 1348//1348
f 1348//1348 1355//1355 1356//1356
f 1348//1348 1356//1356 1351//1351
f 1350//1350 1357//1357 1348//1348
f 1348//1348 1357//1357 1358//1358
f 1348//1348 1358//1358 1354//1354
f 1356//1356 1359//1359 1351//1351
f 1351//1351 1359//1359 1360//1360
f 1351//1351 1360//1360 1352//1352
f 1352//1352 1360//1360 1361//1361
f 1352//1352 1361//1361 1353//1353
f 1353//1353 1361//1361 1362//1362
f 1353//1353 1362//1362 1346//1346
f 1346//1346 1362//1362 1363//1363
f 1346//1346 1363//1363 1347//1347
f 1347//1347 1363//1363 1364//1364
f 1347//1347 1364//1364 1349//1349
f 1349//1349 1364//1364 1365//1365
f 1349//1349 1365//1365 1350//1350
f 1350//1350 1365//1365 1366//1366
f 1350//1350 1366//1366 1357//1357
f 1357//1357 1366//1366 1367//1367
f 1357//1357 1367//1367 1358//1358
f 1358//1358 1367//1367 1368//1368
f 1358//1358 1368//1368 1354//1354
f 1354//1354 1368//1368 1369//1369
f 1354//1354 1369//1369 1355//1355
f 1355//1355 1369//1369 1370//1370
f 1355//1355 1370//1370 1356//1356
f 1356//1356 1370//1370 1359//1359
f 1367//1367 1366//1366 1371//1371
f 1371//1371 1366//1366 1365//1365
f 1371//1371 1365//1365 1364//1364
f 1370//1370 1369//1369 1371//1371
f 1371//1371 1369//1369 1368//1368
f 1371//1371 1368//1368 1367//1367
f 1361//1361 1360//1360 1371//1371
f 1371//1371 1360//1360 1359//1359
f 1371//1371 1359//1359 1370//1370
f 1364//1364 1363//1363 1371//1371
f 1371//1371 1363//1363 1362//1362
f 1371//1371 1362//1362 1361//1361
f 1372//1372 1373//1373 1374//1374
f 1374//1374 1373//1373 1375//1375
f 1374//1374 1375//1375 1376//1376
f 1377//1377 1378//1378 1374//1374
f 1374//1374 1378//1378 1379//1379
f 1374//1374 1379//1379 1372//1372
f 1380//1380 1381//1381 1374//1374
f 1374//1374 1381//1381 1382//1382
f 1374//1374 1382//1382 1377//1377
f 1376//1376 1383//1383 1374//1374
f 1374//1374 1383//1383 1384//1384
f 1374//1374 1384//1384 1380//1380
f 1385//1385 1378//1378 1386//1386
f 1386//1386 1378//1378 1377//1377
f 1386//1386 1377//1377 1387//1387
f 1387//1387 1377//1377 1382//1382
f 1381//1381 1388//1388 1382//1382
f 1382//1382 1388//1388 1389//1389
f 1382//1382 1389//1389 1387//1387
f 1385//1385 1390//1390 1378//1378
f 1378//1378 1390//1390 1391//1391
f 1378//1378 1391//1391 1379//1379
f 1379//1379 1391//1391 1392//1392
f 1379//1379 1392//1392 1372//1372
f 1372//1372 1392//1392 1393//1393
f 1372//1372 1393//1393 1373//1373
f 1373//1373 1393//1393 1394//1394
f 1373//1373 1394//1394 1375//1375
f 1375//1375 1394//1394 1395//1395
f 1375//1375 1395//1395 1376//1376
f 1376//1376 1395//1395 1396//1396
f 1376//1376 1396//1396 1383//1383
f 1383//1383 1396//1396 1397//1397
f 1383//1383 1397//1397 1384//1384
f 1384//1384 1397//1397 1398//1398
f 1384//1384 1398//1398 1380//1380
f 1380//1380 1398//1398 1399//1399
f 1380//1380 1399//1399 1381//1381
f 1381//1381 1399//1399 1400//1400
f 1381//1381 1400//1400 1388//1388
f 1386//1386 1387//1387 1401//1401
f 1401//1401 1387//1387 1389//1389
f 1401//1401 1389//1389 1388//1388
f 1391//1391 1390//1390 1401//1401
f 1401//1401 1390//1390 1385//1385
f 1401//1401 1385//1385 1386//1386
f 1392//1392 1391//1391 1401//1401
f 1401//1401 1388//1388 1400//1400
f 1401//1401 1396//1396 1395//1395
f 1397//1397 1396//1396 1398//1398
f 1398//1398 1396//1396 1401//1401
f 1398//1398 1401//1401 1399//1399
f 1399//1399 1401//1401 1400//1400
f 1395//1395 1394//1394 1401//1401
f 1401//1401 1394//1394 1393//1393
f 1401//1401 1393//1393 1392//1392
f 1402//1402 1403//1403 1404//1404
f 1405//1405 1406//1406 1407//1407
f 1407//1407 1406//1406 1408//1408
f 1409//1409 1410//1410 1411//1411
f 1411//1411 1410//1410 1407//1407
f 1411//1411 1407//1407 1412//1412
f 1412//1412 1407//1407 1408//1408
f 1413//1413 1402//1402 1414//1414
f 1414//1414 1402//1402 1404//1404
f 1414//1414 1404//1404 1407//1407
f 1407//1407 1404//1404 1415//1415
f 1407//1407 1415//1415 1405//1405
f 1416//1416 1417//1417 1418//1418
f 1418//1418 1417//1417 1419//1419
f 1418//1418 1419//1419 1420//1420
f 1418//1418 1421//1421 1422//1422
f 1422//1422 1423//1423 1418//1418
f 1418//1418 1423//1423 1424//1424
f 1418//1418 1424//1424 1416//1416
f 1425//1425 1406//1406 1405//1405
f 1415//1415 1426//1426 1405//1405
f 1405//1405 1426//1426 1416//1416
f 1405//1405 1416//1416 1425//1425
f 1425//1425 1416//1416 1424//1424
f 1427//1427 1421//1421 1418//1418
f 1418//1418 1420//1420 1428//1428
f 1429//1429 1430//1430 1418//1418
f 1418//1418 1430//1430 1431//1431
f 1418//1418 1431//1431 1427//1427
f 1428//1428 1432//1432 1418//1418
f 1418//1418 1432//1432 1433//1433
f 1418//1418 1433//1433 1429//1429
f 1425//1425 1408//1408 1406//1406
f 1415//1415 1404//1404 1426//1426
f 1426//1426 1404//1404 1416//1416
f 1416//1416 1404//1404 1403//1403
f 1416//1416 1403//1403 1417//1417
f 1402//1402 1420//1420 1403//1403
f 1403//1403 1420//1420 1419//1419
f 1403//1403 1419//1419 1417//1417
f 1408//1408 1425//1425 1412//1412
f 1412//1412 1425//1425 1424//1424
f 1412//1412 1424//1424 1423//1423
f 1423//1423 1422//1422 1412//1412
f 1412//1412 1422//1422 1421//1421
f 1412//1412 1421//1421 1411//1411
f 1411//1411 1421//1421 1427//1427
f 1411//1411 1427//1427 1409//1409
f 1409//1409 1427//1427 1431//1431
f 1409//1409 1431//1431 1410//1410
f 1410//1410 1431//1431 1430//1430
f 1410//1410 1430//1430 1407//1407
f 1407//1407 1430//1430 1429//1429
f 1407//1407 1429//1429 1414//1414
f 1414//1414 1429//1429 1433//1433
f 1414//1414 1433//1433 1413//1413
f 1413//1413 1433//1433 1432//1432
f 1413//1413 1432//1432 1402//1402
f 1402//1402 1432//1432 1428//1428
f 1402//1402 1428//1428 1420//1420
f 1434//1434 1435//1435 1436//1436
f 1434//1434 1436//1436 1437//1437
f 1437//1437 1436//1436 1438//1438
f 1437//1437 1438//1438 1439//1439
f 1440//1440 1441//1441 1442//1442
f 1442//1442 1441//1441 1443//1443
f 1442//1442 1443//1443 1444//1444
f 1445//1445 1446//1446 1447//1447
f 1445//1445 1447//1447 1448//1448
f 1448//1448 1447//1447 1441//1441
f 1448//1448 1441//1441 1440//1440
f 1445//1445 1449//1449 1446//1446
f 1450//1450 1451//1451 1452//1452
f 1444//1444 1443//1443 1453//1453
f 1453//1453 1443//1443 1450//1450
f 1453//1453 1450//1450 1454//1454
f 1454//1454 1450//1450 1452//1452
f 1455//1455 1456//1456 1457//1457
f 1457//1457 1456//1456 1458//1458
f 1458//1458 1456//1456 1459//1459
f 1458//1458 1459//1459 1460//1460
f 1460//1460 1459//1459 1461//1461
f 1461//1461 1459//1459 1462//1462
f 1461//1461 1462//1462 1463//1463
f 1462//1462 1464//1464 1463//1463
f 1463//1463 1464//1464 1465//1465
f 1455//1455 1453//1453 1456//1456
f 1456//1456 1453//1453 1454//1454
f 1435//1435 1466//1466 1436//1436
f 1436//1436 1466//1466 1464//1464
f 1436//1436 1464//1464 1452//1452
f 1452//1452 1464//1464 1462//1462
f 1452//1452 1462//1462 1454//1454
f 1454//1454 1462//1462 1459//1459
f 1454//1454 1459//1459 1456//1456
f 1465//1465 1464//1464 1467//1467
f 1467//1467 1464//1464 1466//1466
f 1467//1467 1466//1466 1468//1468
f 1468//1468 1466//1466 1435//1435
f 1468//1468 1435//1435 1434//1434
f 1452//1452 1451//1451 1436//1436
f 1436//1436 1451//1451 1438//1438
f 1444//1444 1453//1453 1437//1437
f 1437//1437 1453//1453 1465//1465
f 1465//1465 1467//1467 1437//1437
f 1437//1437 1467//1467 1468//1468
f 1437//1437 1468//1468 1434//1434
f 1455//1455 1457//1457 1453//1453
f 1453//1453 1457//1457 1458//1458
f 1453//1453 1458//1458 1460//1460
f 1460//1460 1461//1461 1453//1453
f 1453//1453 1461//1461 1463//1463
f 1453//1453 1463//1463 1465//1465
f 1445//1445 1448//1448 1440//1440
f 1449//1449 1445//1445 1439//1439
f 1439//1439 1445//1445 1440//1440
f 1439//1439 1440//1440 1437//1437
f 1437//1437 1440//1440 1442//1442
f 1437//1437 1442//1442 1444//1444
f 1446//1446 1449//1449 1439//1439
f 1450//1450 1443//1443 1451//1451
f 1451//1451 1443//1443 1441//1441
f 1451//1451 1441//1441 1438//1438
f 1438//1438 1441//1441 1439//1439
f 1439//1439 1441//1441 1447//1447
f 1439//1439 1447//1447 1446//1446
f 1469//1469 1470//1470 1471//1471
f 1471//1471 1470//1470 1472//1472
f 1473//1473 1474//1474 1475//1475
f 1476//1476 1477//1477 1478//1478
f 1478//1478 1477//1477 1479//1479
f 1478//1478 1479//1479 1480//1480
f 1480//1480 1479//1479 1470//1470
f 1480//1480 1470//1470 1469//1469
f 1481//1481 1477//1477 1476//1476
f 1474//1474 1482//1482 1475//1475
f 1475//1475 1482//1482 1483//1483
f 1484//1484 1485//1485 1486//1486
f 1486//1486 1485//1485 1483//1483
f 1486//1486 1483//1483 1487//1487
f 1487//1487 1483//1483 1482//1482
f 1488//1488 1489//1489 1484//1484
f 1484//1484 1489//1489 1485//1485
f 1485//1485 1489//1489 1490//1490
f 1491//1491 1492//1492 1490//1490
f 1490//1490 1492//1492 1493//1493
f 1490//1490 1493//1493 1485//1485
f 1491//1491 1494//1494 1492//1492
f 1492//1492 1494//1494 1495//1495
f 1492//1492 1495//1495 1496//1496
f 1495//1495 1497//1497 1496//1496
f 1496//1496 1497//1497 1498//1498
f 1496//1496 1498//1498 1499//1499
f 1475//1475 1483//1483 1500//1500
f 1500//1500 1483//1483 1501//1501
f 1500//1500 1501//1501 1502//1502
f 1502//1502 1501//1501 1503//1503
f 1504//1504 1505//1505 1503//1503
f 1503//1503 1505//1505 1506//1506
f 1503//1503 1506//1506 1502//1502
f 1507//1507 1508//1508 1504//1504
f 1504//1504 1508//1508 1509//1509
f 1504//1504 1509//1509 1505//1505
f 1483//1483 1485//1485 1501//1501
f 1501//1501 1485//1485 1493//1493
f 1501//1501 1493//1493 1503//1503
f 1503//1503 1493//1493 1492//1492
f 1503//1503 1492//1492 1504//1504
f 1504//1504 1492//1492 1496//1496
f 1504//1504 1496//1496 1507//1507
f 1507//1507 1496//1496 1499//1499
f 1473//1473 1475//1475 1510//1510
f 1510//1510 1475//1475 1500//1500
f 1500//1500 1502//1502 1510//1510
f 1510//1510 1502//1502 1506//1506
f 1510//1510 1506//1506 1511//1511
f 1511//1511 1506//1506 1505//1505
f 1511//1511 1505//1505 1512//1512
f 1512//1512 1505//1505 1509//1509
f 1512//1512 1509//1509 1513//1513
f 1513//1513 1509//1509 1508//1508
f 1513//1513 1508//1508 1514//1514
f 1514//1514 1508//1508 1515//1515
f 1516//1516 1517//1517 1518//1518
f 1518//1518 1517//1517 1519//1519
f 1518//1518 1519//1519 1520//1520
f 1518//1518 1521//1521 1516//1516
f 1516//1516 1521//1521 1522//1522
f 1516//1516 1522//1522 1523//1523
f 1523//1523 1522//1522 1477//1477
f 1523//1523 1477//1477 1481//1481
f 1518//1518 1524//1524 1521//1521
f 1521//1521 1524//1524 1525//1525
f 1521//1521 1525//1525 1522//1522
f 1522//1522 1525//1525 1526//1526
f 1522//1522 1526//1526 1477//1477
f 1477//1477 1526//1526 1479//1479
f 1524//1524 1527//1527 1525//1525
f 1525//1525 1527//1527 1528//1528
f 1525//1525 1528//1528 1526//1526
f 1526//1526 1528//1528 1529//1529
f 1526//1526 1529//1529 1479//1479
f 1479//1479 1529//1529 1470//1470
f 1530//1530 1472//1472 1470//1470
f 1530//1530 1470//1470 1531//1531
f 1531//1531 1470//1470 1529//1529
f 1531//1531 1529//1529 1532//1532
f 1532//1532 1529//1529 1528//1528
f 1532//1532 1528//1528 1533//1533
f 1533//1533 1528//1528 1534//1534
f 1534//1534 1528//1528 1527//1527
f 1534//1534 1527//1527 1535//1535
f 1533//1533 1534//1534 1536//1536
f 1534//1534 1535//1535 1537//1537
f 1534//1534 1537//1537 1536//1536
f 1536//1536 1537//1537 1538//1538
f 1536//1536 1538//1538 1539//1539
f 1539//1539 1540//1540 1536//1536
f 1536//1536 1540//1540 1541//1541
f 1536//1536 1541//1541 1533//1533
f 1542//1542 1531//1531 1541//1541
f 1541//1541 1531//1531 1532//1532
f 1541//1541 1532//1532 1533//1533
f 1543//1543 1472//1472 1542//1542
f 1542//1542 1472//1472 1530//1530
f 1542//1542 1530//1530 1531//1531
f 1540//1540 1544//1544 1541//1541
f 1541//1541 1544//1544 1545//1545
f 1541//1541 1545//1545 1542//1542
f 1542//1542 1545//1545 1546//1546
f 1542//1542 1546//1546 1543//1543
f 1543//1543 1546//1546 1547//1547
f 1489//1489 1548//1548 1490//1490
f 1490//1490 1548//1548 1549//1549
f 1490//1490 1549//1549 1491//1491
f 1491//1491 1549//1549 1494//1494
f 1494//1494 1549//1549 1550//1550
f 1494//1494 1550//1550 1495//1495
f 1495//1495 1550//1550 1497//1497
f 1497//1497 1550//1550 1551//1551
f 1497//1497 1551//1551 1498//1498
f 1548//1548 1552//1552 1549//1549
f 1549//1549 1552//1552 1553//1553
f 1549//1549 1553//1553 1550//1550
f 1550//1550 1553//1553 1554//1554
f 1550//1550 1554//1554 1551//1551
f 1551//1551 1554//1554 1555//1555
f 1471//1471 1472//1472 1543//1543
f 1471//1471 1543//1543 1556//1556
f 1556//1556 1543//1543 1547//1547
f 1556//1556 1547//1547 1557//1557
f 1558//1558 1552//1552 1559//1559
f 1559//1559 1552//1552 1548//1548
f 1559//1559 1548//1548 1488//1488
f 1488//1488 1548//1548 1489//1489
f 1556//1556 1557//1557 1560//1560
f 1471//1471 1556//1556 1561//1561
f 1561//1561 1556//1556 1562//1562
f 1561//1561 1562//1562 1563//1563
f 1563//1563 1562//1562 1564//1564
f 1564//1564 1562//1562 1565//1565
f 1564//1564 1565//1565 1566//1566
f 1566//1566 1565//1565 1567//1567
f 1567//1567 1565//1565 1568//1568
f 1567//1567 1568//1568 1569//1569
f 1556//1556 1560//1560 1562//1562
f 1562//1562 1560//1560 1570//1570
f 1562//1562 1570//1570 1565//1565
f 1565//1565 1570//1570 1571//1571
f 1565//1565 1571//1571 1568//1568
f 1469//1469 1471//1471 1572//1572
f 1572//1572 1471//1471 1561//1561
f 1572//1572 1561//1561 1573//1573
f 1573//1573 1561//1561 1563//1563
f 1573//1573 1563//1563 1574//1574
f 1574//1574 1563//1563 1564//1564
f 1574//1574 1564//1564 1575//1575
f 1575//1575 1564//1564 1566//1566
f 1575//1575 1566//1566 1576//1576
f 1576//1576 1566//1566 1567//1567
f 1576//1576 1567//1567 1577//1577
f 1577//1577 1567//1567 1569//1569
f 1578//1578 1478//1478 1480//1480
f 1579//1579 1580//1580 1573//1573
f 1573//1573 1580//1580 1578//1578
f 1573//1573 1578//1578 1572//1572
f 1572//1572 1578//1578 1480//1480
f 1572//1572 1480//1480 1469//1469
f 1573//1573 1574//1574 1579//1579
f 1579//1579 1574//1574 1575//1575
f 1579//1579 1575//1575 1581//1581
f 1581//1581 1575//1575 1576//1576
f 1581//1581 1576//1576 1582//1582
f 1582//1582 1576//1576 1577//1577
f 1582//1582 1577//1577 1583//1583
f 1515//1515 1520//1520 1519//1519
f 1478//1478 1482//1482 1476//1476
f 1476//1476 1482//1482 1474//1474
f 1476//1476 1474//1474 1481//1481
f 1580//1580 1579//1579 1578//1578
f 1578//1578 1579//1579 1584//1584
f 1578//1578 1584//1584 1478//1478
f 1478//1478 1584//1584 1585//1585
f 1478//1478 1585//1585 1482//1482
f 1581//1581 1582//1582 1579//1579
f 1579//1579 1582//1582 1583//1583
f 1579//1579 1583//1583 1586//1586
f 1586//1586 1583//1583 1587//1587
f 1586//1586 1587//1587 1588//1588
f 1588//1588 1589//1589 1586//1586
f 1586//1586 1589//1589 1590//1590
f 1586//1586 1590//1590 1579//1579
f 1579//1579 1590//1590 1591//1591
f 1579//1579 1591//1591 1584//1584
f 1474//1474 1473//1473 1481//1481
f 1481//1481 1473//1473 1510//1510
f 1481//1481 1510//1510 1523//1523
f 1523//1523 1510//1510 1511//1511
f 1523//1523 1511//1511 1516//1516
f 1516//1516 1511//1511 1512//1512
f 1516//1516 1512//1512 1513//1513
f 1519//1519 1517//1517 1515//1515
f 1515//1515 1517//1517 1516//1516
f 1515//1515 1516//1516 1514//1514
f 1514//1514 1516//1516 1513//1513
f 1588//1588 1587//1587 1592//1592
f 1591//1591 1590//1590 1593//1593
f 1593//1593 1590//1590 1589//1589
f 1594//1594 1595//1595 1584//1584
f 1584//1584 1595//1595 1585//1585
f 1596//1596 1597//1597 1592//1592
f 1592//1592 1597//1597 1593//1593
f 1592//1592 1593//1593 1588//1588
f 1588//1588 1593//1593 1589//1589
f 1597//1597 1598//1598 1593//1593
f 1593//1593 1598//1598 1594//1594
f 1593//1593 1594//1594 1591//1591
f 1591//1591 1594//1594 1584//1584
f 1598//1598 1599//1599 1594//1594
f 1594//1594 1599//1599 1600//1600
f 1594//1594 1600//1600 1595//1595
f 1595//1595 1600//1600 1601//1601
f 1595//1595 1601//1601 1484//1484
f 1482//1482 1585//1585 1487//1487
f 1487//1487 1585//1585 1595//1595
f 1487//1487 1595//1595 1486//1486
f 1486//1486 1595//1595 1484//1484
f 1484//1484 1601//1601 1488//1488
f 1488//1488 1601//1601 1602//1602
f 1601//1601 1600//1600 1602//1602
f 1602//1602 1600//1600 1599//1599
f 1602//1602 1599//1599 1603//1603
f 1603//1603 1599//1599 1598//1598
f 1603//1603 1598//1598 1604//1604
f 1604//1604 1598//1598 1597//1597
f 1604//1604 1597//1597 1596//1596
f 1605//1605 1606//1606 1607//1607
f 1604//1604 1605//1605 1608//1608
f 1604//1604 1608//1608 1603//1603
f 1603//1603 1608//1608 1609//1609
f 1603//1603 1609//1609 1602//1602
f 1602//1602 1609//1609 1559//1559
f 1602//1602 1559//1559 1488//1488
f 1605//1605 1607//1607 1608//1608
f 1608//1608 1607//1607 1610//1610
f 1608//1608 1610//1610 1609//1609
f 1609//1609 1610//1610 1558//1558
f 1609//1609 1558//1558 1559//1559
f 1611//1611 1557//1557 1612//1612
f 1612//1612 1557//1557 1547//1547
f 1547//1547 1546//1546 1612//1612
f 1612//1612 1546//1546 1613//1613
f 1546//1546 1545//1545 1613//1613
f 1613//1613 1545//1545 1544//1544
f 1613//1613 1544//1544 1614//1614
f 1614//1614 1544//1544 1540//1540
f 1614//1614 1540//1540 1615//1615
f 1615//1615 1540//1540 1539//1539
f 1615//1615 1539//1539 1538//1538
f 1587//1587 1583//1583 1592//1592
f 1592//1592 1583//1583 1577//1577
f 1616//1616 1617//1617 1571//1571
f 1571//1571 1617//1617 1606//1606
f 1571//1571 1606//1606 1568//1568
f 1568//1568 1606//1606 1605//1605
f 1568//1568 1605//1605 1569//1569
f 1569//1569 1605//1605 1604//1604
f 1569//1569 1604//1604 1577//1577
f 1577//1577 1604//1604 1596//1596
f 1577//1577 1596//1596 1592//1592
f 1552//1552 1558//1558 1618//1618
f 1618//1618 1558//1558 1619//1619
f 1552//1552 1618//1618 1620//1620
f 1552//1552 1620//1620 1553//1553
f 1553//1553 1620//1620 1621//1621
f 1553//1553 1621//1621 1554//1554
f 1554//1554 1621//1621 1622//1622
f 1554//1554 1622//1622 1555//1555
f 1619//1619 1558//1558 1623//1623
f 1623//1623 1558//1558 1610//1610
f 1623//1623 1610//1610 1624//1624
f 1624//1624 1610//1610 1607//1607
f 1624//1624 1607//1607 1617//1617
f 1617//1617 1607//1607 1606//1606
f 1557//1557 1611//1611 1560//1560
f 1560//1560 1611//1611 1625//1625
f 1560//1560 1625//1625 1570//1570
f 1570//1570 1625//1625 1626//1626
f 1570//1570 1626//1626 1571//1571
f 1571//1571 1626//1626 1616//1616
f 1520//1520 1515//1515 1518//1518
f 1518//1518 1515//1515 1508//1508
f 1518//1518 1508//1508 1524//1524
f 1524//1524 1508//1508 1507//1507
f 1524//1524 1507//1507 1527//1527
f 1527//1527 1507//1507 1499//1499
f 1527//1527 1499//1499 1535//1535
f 1535//1535 1499//1499 1498//1498
f 1535//1535 1498//1498 1537//1537
f 1537//1537 1498//1498 1551//1551
f 1537//1537 1551//1551 1538//1538
f 1538//1538 1551//1551 1555//1555
f 1538//1538 1555//1555 1615//1615
f 1615//1615 1555//1555 1622//1622
f 1622//1622 1621//1621 1615//1615
f 1615//1615 1621//1621 1620//1620
f 1615//1615 1620//1620 1614//1614
f 1619//1619 1611//1611 1618//1618
f 1618//1618 1611//1611 1612//1612
f 1618//1618 1612//1612 1620//1620
f 1620//1620 1612//1612 1613//1613
f 1620//1620 1613//1613 1614//1614
f 1626//1626 1625//1625 1616//1616
f 1616//1616 1625//1625 1611//1611
f 1616//1616 1611//1611 1617//1617
f 1617//1617 1611//1611 1619//1619
f 1617//1617 1619//1619 1624//1624
f 1624//1624 1619//1619 1623//1623
f 1627//1627 1628//1628 1629//1629
f 1629//1629 1628//1628 1630//1630
f 1631//1631 1632//1632 1633//1633
f 1634//1634 1635//1635 1636//1636
f 1636//1636 1635//1635 1637//1637
f 1636//1636 1637//1637 1638//1638
f 1628//1628 1627//1627 1637//1637
f 1637//1637 1627//1627 1639//1639
f 1637//1637 1639//1639 1638//1638
f 1634//1634 1640//1640 1635//1635
f 1641//1641 1642//1642 1643//1643
f 1643//1643 1642//1642 1644//1644
f 1643//1643 1644//1644 1645//1645
f 1645//1645 1644//1644 1632//1632
f 1645//1645 1632//1632 1631//1631
f 1646//1646 1647//1647 1641//1641
f 1641//1641 1647//1647 1642//1642
f 1642//1642 1647//1647 1648//1648
f 1649//1649 1650//1650 1648//1648
f 1648//1648 1650//1650 1651//1651
f 1648//1648 1651//1651 1642//1642
f 1652//1652 1653//1653 1649//1649
f 1649//1649 1653//1653 1654//1654
f 1649//1649 1654//1654 1650//1650
f 1649//1649 1655//1655 1652//1652
f 1652//1652 1655//1655 1656//1656
f 1652//1652 1656//1656 1657//1657
f 1657//1657 1658//1658 1652//1652
f 1652//1652 1658//1658 1659//1659
f 1652//1652 1659//1659 1653//1653
f 1653//1653 1659//1659 1654//1654
f 1654//1654 1659//1659 1660//1660
f 1654//1654 1660//1660 1650//1650
f 1650//1650 1660//1660 1651//1651
f 1651//1651 1660//1660 1644//1644
f 1651//1651 1644//1644 1642//1642
f 1658//1658 1661//1661 1659//1659
f 1659//1659 1661//1661 1662//1662
f 1659//1659 1662//1662 1660//1660
f 1660//1660 1662//1662 1663//1663
f 1660//1660 1663//1663 1644//1644
f 1644//1644 1663//1663 1632//1632
f 1662//1662 1664//1664 1663//1663
f 1663//1663 1664//1664 1633//1633
f 1663//1663 1633//1633 1632//1632
f 1661//1661 1665//1665 1666//1666
f 1666//1666 1667//1667 1661//1661
f 1661//1661 1667//1667 1668//1668
f 1661//1661 1668//1668 1662//1662
f 1662//1662 1668//1668 1669//1669
f 1662//1662 1669//1669 1664//1664
f 1670//1670 1671//1671 1672//1672
f 1672//1672 1671//1671 1673//1673
f 1672//1672 1673//1673 1674//1674
f 1672//1672 1675//1675 1670//1670
f 1670//1670 1675//1675 1676//1676
f 1670//1670 1676//1676 1677//1677
f 1677//1677 1676//1676 1635//1635
f 1677//1677 1635//1635 1640//1640
f 1628//1628 1637//1637 1678//1678
f 1678//1678 1637//1637 1679//1679
f 1678//1678 1679//1679 1680//1680
f 1680//1680 1679//1679 1681//1681
f 1681//1681 1679//1679 1682//1682
f 1681//1681 1682//1682 1683//1683
f 1683//1683 1682//1682 1684//1684
f 1684//1684 1682//1682 1685//1685
f 1684//1684 1685//1685 1686//1686
f 1637//1637 1635//1635 1679//1679
f 1679//1679 1635//1635 1676//1676
f 1679//1679 1676//1676 1682//1682
f 1682//1682 1676//1676 1675//1675
f 1682//1682 1675//1675 1685//1685
f 1685//1685 1675//1675 1672//1672
f 1628//1628 1678//1678 1630//1630
f 1630//1630 1678//1678 1687//1687
f 1687//1687 1678//1678 1688//1688
f 1688//1688 1678//1678 1680//1680
f 1688//1688 1680//1680 1689//1689
f 1689//1689 1680//1680 1681//1681
f 1689//1689 1681//1681 1690//1690
f 1690//1690 1681//1681 1683//1683
f 1690//1690 1683//1683 1691//1691
f 1683//1683 1684//1684 1691//1691
f 1691//1691 1684//1684 1686//1686
f 1691//1691 1686//1686 1692//1692
f 1693//1693 1694//1694 1695//1695
f 1695//1695 1694//1694 1696//1696
f 1695//1695 1696//1696 1697//1697
f 1697//1697 1696//1696 1698//1698
f 1699//1699 1700//1700 1698//1698
f 1698//1698 1700//1700 1701//1701
f 1698//1698 1701//1701 1697//1697
f 1702//1702 1703//1703 1699//1699
f 1699//1699 1703//1703 1704//1704
f 1699//1699 1704//1704 1700//1700
f 1694//1694 1656//1656 1696//1696
f 1696//1696 1656//1656 1655//1655
f 1696//1696 1655//1655 1698//1698
f 1698//1698 1655//1655 1649//1649
f 1698//1698 1649//1649 1699//1699
f 1699//1699 1649//1649 1648//1648
f 1699//1699 1648//1648 1702//1702
f 1702//1702 1648//1648 1647//1647
f 1630//1630 1687//1687 1705//1705
f 1705//1705 1687//1687 1706//1706
f 1687//1687 1688//1688 1706//1706
f 1706//1706 1688//1688 1689//1689
f 1706//1706 1689//1689 1707//1707
f 1708//1708 1705//1705 1709//1709
f 1709//1709 1705//1705 1706//1706
f 1709//1709 1706//1706 1710//1710
f 1710//1710 1706//1706 1707//1707
f 1710//1710 1707//1707 1711//1711
f 1711//1711 1707//1707 1712//1712
f 1692//1692 1712//1712 1691//1691
f 1691//1691 1712//1712 1707//1707
f 1691//1691 1707//1707 1690//1690
f 1690//1690 1707//1707 1689//1689
f 1713//1713 1703//1703 1702//1702
f 1713//1713 1702//1702 1714//1714
f 1714//1714 1702//1702 1647//1647
f 1714//1714 1647//1647 1646//1646
f 1629//1629 1630//1630 1715//1715
f 1715//1715 1630//1630 1705//1705
f 1715//1715 1705//1705 1716//1716
f 1716//1716 1705//1705 1708//1708
f 1717//1717 1718//1718 1719//1719
f 1720//1720 1717//1717 1721//1721
f 1720//1720 1721//1721 1722//1722
f 1722//1722 1721//1721 1723//1723
f 1722//1722 1723//1723 1724//1724
f 1724//1724 1723//1723 1715//1715
f 1724//1724 1715//1715 1716//1716
f 1717//1717 1719//1719 1721//1721
f 1721//1721 1719//1719 1725//1725
f 1721//1721 1725//1725 1723//1723
f 1723//1723 1725//1725 1629//1629
f 1723//1723 1629//1629 1715//1715
f 1726//1726 1627//1627 1629//1629
f 1726//1726 1629//1629 1727//1727
f 1727//1727 1629//1629 1725//1725
f 1727//1727 1725//1725 1728//1728
f 1728//1728 1725//1725 1719//1719
f 1728//1728 1719//1719 1729//1729
f 1729//1729 1719//1719 1730//1730
f 1730//1730 1719//1719 1718//1718
f 1730//1730 1718//1718 1731//1731
f 1638//1638 1639//1639 1732//1732
f 1732//1732 1733//1733 1734//1734
f 1636//1636 1638//1638 1735//1735
f 1735//1735 1638//1638 1732//1732
f 1735//1735 1732//1732 1736//1736
f 1736//1736 1732//1732 1734//1734
f 1737//1737 1738//1738 1739//1739
f 1739//1739 1738//1738 1740//1740
f 1739//1739 1740//1740 1733//1733
f 1733//1733 1740//1740 1741//1741
f 1733//1733 1741//1741 1734//1734
f 1730//1730 1731//1731 1739//1739
f 1739//1739 1731//1731 1742//1742
f 1739//1739 1742//1742 1737//1737
f 1730//1730 1739//1739 1729//1729
f 1729//1729 1739//1739 1733//1733
f 1729//1729 1733//1733 1728//1728
f 1728//1728 1733//1733 1727//1727
f 1727//1727 1733//1733 1732//1732
f 1727//1727 1732//1732 1726//1726
f 1726//1726 1732//1732 1639//1639
f 1726//1726 1639//1639 1627//1627
f 1665//1665 1674//1674 1673//1673
f 1743//1743 1744//1744 1745//1745
f 1746//1746 1747//1747 1743//1743
f 1743//1743 1747//1747 1744//1744
f 1738//1738 1737//1737 1745//1745
f 1745//1745 1737//1737 1748//1748
f 1745//1745 1748//1748 1743//1743
f 1743//1743 1748//1748 1749//1749
f 1743//1743 1749//1749 1746//1746
f 1750//1750 1751//1751 1741//1741
f 1738//1738 1745//1745 1740//1740
f 1740//1740 1745//1745 1744//1744
f 1740//1740 1744//1744 1741//1741
f 1741//1741 1744//1744 1752//1752
f 1741//1741 1752//1752 1750//1750
f 1735//1735 1736//1736 1631//1631
f 1631//1631 1736//1736 1734//1734
f 1631//1631 1734//1734 1645//1645
f 1645//1645 1734//1734 1741//1741
f 1645//1645 1741//1741 1643//1643
f 1643//1643 1741//1741 1751//1751
f 1640//1640 1634//1634 1631//1631
f 1631//1631 1634//1634 1636//1636
f 1631//1631 1636//1636 1735//1735
f 1631//1631 1633//1633 1640//1640
f 1640//1640 1633//1633 1664//1664
f 1640//1640 1664//1664 1677//1677
f 1677//1677 1664//1664 1669//1669
f 1677//1677 1669//1669 1670//1670
f 1670//1670 1669//1669 1668//1668
f 1670//1670 1668//1668 1667//1667
f 1673//1673 1671//1671 1665//1665
f 1665//1665 1671//1671 1670//1670
f 1665//1665 1670//1670 1666//1666
f 1666//1666 1670//1670 1667//1667
f 1744//1744 1747//1747 1753//1753
f 1753//1753 1747//1747 1746//1746
f 1753//1753 1746//1746 1754//1754
f 1754//1754 1746//1746 1749//1749
f 1754//1754 1749//1749 1748//1748
f 1744//1744 1753//1753 1752//1752
f 1752//1752 1753//1753 1755//1755
f 1752//1752 1755//1755 1750//1750
f 1750//1750 1755//1755 1751//1751
f 1751//1751 1755//1755 1641//1641
f 1751//1751 1641//1641 1643//1643
f 1646//1646 1641//1641 1756//1756
f 1756//1756 1641//1641 1755//1755
f 1756//1756 1755//1755 1757//1757
f 1757//1757 1755//1755 1753//1753
f 1757//1757 1753//1753 1758//1758
f 1758//1758 1753//1753 1754//1754
f 1714//1714 1646//1646 1756//1756
f 1713//1713 1714//1714 1759//1759
f 1713//1713 1759//1759 1760//1760
f 1760//1760 1759//1759 1761//1761
f 1760//1760 1761//1761 1762//1762
f 1762//1762 1761//1761 1763//1763
f 1762//1762 1763//1763 1764//1764
f 1714//1714 1756//1756 1759//1759
f 1759//1759 1756//1756 1757//1757
f 1759//1759 1757//1757 1761//1761
f 1761//1761 1757//1757 1758//1758
f 1761//1761 1758//1758 1763//1763
f 1716//1716 1708//1708 1765//1765
f 1765//1765 1708//1708 1766//1766
f 1766//1766 1708//1708 1709//1709
f 1766//1766 1709//1709 1767//1767
f 1767//1767 1709//1709 1710//1710
f 1767//1767 1710//1710 1768//1768
f 1768//1768 1710//1710 1711//1711
f 1768//1768 1711//1711 1769//1769
f 1770//1770 1771//1771 1720//1720
f 1720//1720 1771//1771 1764//1764
f 1720//1720 1764//1764 1717//1717
f 1717//1717 1764//1764 1763//1763
f 1717//1717 1763//1763 1718//1718
f 1718//1718 1763//1763 1758//1758
f 1718//1718 1758//1758 1731//1731
f 1731//1731 1758//1758 1754//1754
f 1731//1731 1754//1754 1742//1742
f 1742//1742 1754//1754 1748//1748
f 1742//1742 1748//1748 1737//1737
f 1716//1716 1765//1765 1724//1724
f 1724//1724 1765//1765 1772//1772
f 1724//1724 1772//1772 1722//1722
f 1722//1722 1772//1772 1773//1773
f 1722//1722 1773//1773 1720//1720
f 1720//1720 1773//1773 1770//1770
f 1774//1774 1703//1703 1775//1775
f 1775//1775 1703//1703 1713//1713
f 1704//1704 1703//1703 1774//1774
f 1704//1704 1774//1774 1700//1700
f 1700//1700 1774//1774 1776//1776
f 1700//1700 1776//1776 1701//1701
f 1701//1701 1776//1776 1697//1697
f 1697//1697 1776//1776 1777//1777
f 1697//1697 1777//1777 1695//1695
f 1695//1695 1777//1777 1778//1778
f 1695//1695 1778//1778 1693//1693
f 1775//1775 1713//1713 1779//1779
f 1779//1779 1713//1713 1760//1760
f 1779//1779 1760//1760 1780//1780
f 1780//1780 1760//1760 1762//1762
f 1780//1780 1762//1762 1771//1771
f 1771//1771 1762//1762 1764//1764
f 1778//1778 1769//1769 1693//1693
f 1693//1693 1769//1769 1711//1711
f 1693//1693 1711//1711 1694//1694
f 1694//1694 1711//1711 1712//1712
f 1694//1694 1712//1712 1656//1656
f 1656//1656 1712//1712 1692//1692
f 1656//1656 1692//1692 1657//1657
f 1657//1657 1692//1692 1686//1686
f 1657//1657 1686//1686 1658//1658
f 1658//1658 1686//1686 1685//1685
f 1658//1658 1685//1685 1661//1661
f 1661//1661 1685//1685 1672//1672
f 1661//1661 1672//1672 1665//1665
f 1665//1665 1672//1672 1674//1674
f 1767//1767 1776//1776 1774//1774
f 1778//1778 1777//1777 1769//1769
f 1769//1769 1777//1777 1776//1776
f 1769//1769 1776//1776 1768//1768
f 1768//1768 1776//1776 1767//1767
f 1775//1775 1765//1765 1774//1774
f 1774//1774 1765//1765 1766//1766
f 1774//1774 1766//1766 1767//1767
f 1773//1773 1772//1772 1770//1770
f 1770//1770 1772//1772 1765//1765
f 1770//1770 1765//1765 1771//1771
f 1771//1771 1765//1765 1775//1775
f 1771//1771 1775//1775 1780//1780
f 1780//1780 1775//1775 1779//1779
f 1781//1781 1782//1782 1783//1783
f 1783//1783 1782//1782 1784//1784
f 1783//1783 1784//1784 1785//1785
f 1785//1785 1784//1784 1786//1786
f 1787//1787 1788//1788 1789//1789
f 1789//1789 1788//1788 1790//1790
f 1789//1789 1790//1790 1791//1791
f 1791//1791 1790//1790 1792//1792
f 1793//1793 1794//1794 1795//1795
f 1796//1796 1797//1797 1798//1798
f 1796//1796 1798//1798 1799//1799
f 1799//1799 1798//1798 1795//1795
f 1799//1799 1795//1795 1794//1794
f 1800//1800 1788//1788 1801//1801
f 1801//1801 1788//1788 1787//1787
f 1801//1801 1787//1787 1796//1796
f 1796//1796 1787//1787 1797//1797
f 1802//1802 1803//1803 1804//1804
f 1805//1805 1806//1806 1807//1807
f 1807//1807 1806//1806 1808//1808
f 1807//1807 1808//1808 1809//1809
f 1809//1809 1808//1808 1810//1810
f 1810//1810 1808//1808 1803//1803
f 1810//1810 1803//1803 1802//1802
f 1811//1811 1806//1806 1812//1812
f 1812//1812 1806//1806 1805//1805
f 1801//1801 1796//1796 1786//1786
f 1796//1796 1799//1799 1786//1786
f 1786//1786 1799//1799 1794//1794
f 1786//1786 1794//1794 1793//1793
f 1802//1802 1804//1804 1800//1800
f 1807//1807 1809//1809 1800//1800
f 1800//1800 1809//1809 1810//1810
f 1800//1800 1810//1810 1802//1802
f 1782//1782 1813//1813 1784//1784
f 1784//1784 1813//1813 1814//1814
f 1784//1784 1814//1814 1812//1812
f 1786//1786 1784//1784 1801//1801
f 1801//1801 1784//1784 1812//1812
f 1801//1801 1812//1812 1800//1800
f 1800//1800 1812//1812 1805//1805
f 1800//1800 1805//1805 1807//1807
f 1815//1815 1781//1781 1783//1783
f 1800//1800 1804//1804 1788//1788
f 1788//1788 1804//1804 1803//1803
f 1788//1788 1803//1803 1790//1790
f 1790//1790 1803//1803 1808//1808
f 1790//1790 1808//1808 1792//1792
f 1792//1792 1808//1808 1806//1806
f 1792//1792 1806//1806 1783//1783
f 1783//1783 1806//1806 1811//1811
f 1783//1783 1811//1811 1815//1815
f 1781//1781 1815//1815 1782//1782
f 1782//1782 1815//1815 1813//1813
f 1813//1813 1815//1815 1814//1814
f 1814//1814 1815//1815 1811//1811
f 1814//1814 1811//1811 1812//1812
f 1791//1791 1792//1792 1785//1785
f 1785//1785 1792//1792 1783//1783
f 1791//1791 1785//1785 1786//1786
f 1795//1795 1798//1798 1797//1797
f 1793//1793 1795//1795 1786//1786
f 1786//1786 1795//1795 1797//1797
f 1786//1786 1797//1797 1791//1791
f 1791//1791 1797//1797 1787//1787
f 1791//1791 1787//1787 1789//1789
f 1816//1816 1817//1817 1818//1818
f 1818//1818 1817//1817 1819//1819
f 1818//1818 1819//1819 1820//1820
f 1821//1821 1822//1822 1818//1818
f 1818//1818 1822//1822 1823//1823
f 1818//1818 1823//1823 1816//1816
f 1824//1824 1825//1825 1818//1818
f 1818//1818 1825//1825 1826//1826
f 1818//1818 1826//1826 1821//1821
f 1820//1820 1827//1827 1818//1818
f 1818//1818 1827//1827 1828//1828
f 1818//1818 1828//1828 1824//1824
f 1829//1829 1830//1830 1831//1831
f 1832//1832 1830//1830 1829//1829
f 1829//1829 1833//1833 1834//1834
f 1835//1835 1833//1833 1829//1829
f 1831//1831 1835//1835 1829//1829
f 1829//1829 1836//1836 1837//1837
f 1838//1838 1836//1836 1829//1829
f 1834//1834 1838//1838 1829//1829
f 1829//1829 1839//1839 1840//1840
f 1841//1841 1839//1839 1829//1829
f 1837//1837 1841//1841 1829//1829
f 1840//1840 1832//1832 1829//1829
f 1832//1832 1819//1819 1830//1830
f 1830//1830 1819//1819 1817//1817
f 1830//1830 1817//1817 1831//1831
f 1831//1831 1817//1817 1816//1816
f 1831//1831 1816//1816 1835//1835
f 1835//1835 1816//1816 1823//1823
f 1835//1835 1823//1823 1833//1833
f 1833//1833 1823//1823 1822//1822
f 1833//1833 1822//1822 1834//1834
f 1834//1834 1822//1822 1821//1821
f 1834//1834 1821//1821 1838//1838
f 1838//1838 1821//1821 1826//1826
f 1838//1838 1826//1826 1836//1836
f 1836//1836 1826//1826 1825//1825
f 1836//1836 1825//1825 1837//1837
f 1837//1837 1825//1825 1824//1824
f 1837//1837 1824//1824 1841//1841
f 1841//1841 1824//1824 1828//1828
f 1841//1841 1828//1828 1839//1839
f 1839//1839 1828//1828 1827//1827
f 1839//1839 1827//1827 1840//1840
f 1840//1840 1827//1827 1820//1820
f 1840//1840 1820//1820 1832//1832
f 1832//1832 1820//1820 1819//1819
f 1842//1842 1843//1843 1844//1844
f 1844//1844 1843//1843 1845//1845
f 1844//1844 1845//1845 1846//1846
f 1847//1847 1848//1848 1844//1844
f 1844//1844 1848//1848 1849//1849
f 1844//1844 1849//1849 1842//1842
f 1850//1850 1851//1851 1844//1844
f 1844//1844 1851//1851 1852//1852
f 1844//1844 1852//1852 1847//1847
f 1846//1846 1853//1853 1844//1844
f 1844//1844 1853//1853 1854//1854
f 1844//1844 1854//1854 1850//1850
f 1855//1855 1856//1856 1857//1857
f 1858//1858 1856//1856 1855//1855
f 1855//1855 1859//1859 1860//1860
f 1861//1861 1859//1859 1855//1855
f 1857//1857 1861//1861 1855//1855
f 1855//1855 1862//1862 1863//1863
f 1864//1864 1862//1862 1855//1855
f 1860//1860 1864//1864 1855//1855
f 1855//1855 1865//1865 1866//1866
f 1867//1867 1865//1865 1855//1855
f 1863//1863 1867//1867 1855//1855
f 1866//1866 1858//1858 1855//1855
f 1858//1858 1845//1845 1856//1856
f 1856//1856 1845//1845 1843//1843
f 1856//1856 1843//1843 1857//1857
f 1857//1857 1843//1843 1842//1842
f 1857//1857 1842//1842 1861//1861
f 1861//1861 1842//1842 1849//1849
f 1861//1861 1849//1849 1859//1859
f 1859//1859 1849//1849 1848//1848
f 1859//1859 1848//1848 1860//1860
f 1860//1860 1848//1848 1847//1847
f 1860//1860 1847//1847 1864//1864
f 1864//1864 1847//1847 1852//1852
f 1864//1864 1852//1852 1862//1862
f 1862//1862 1852//1852 1851//1851
f 1862//1862 1851//1851 1863//1863
f 1863//1863 1851//1851 1850//1850
f 1863//1863 1850//1850 1867//1867
f 1867//1867 1850//1850 1854//1854
f 1867//1867 1854//1854 1865//1865
f 1865//1865 1854//1854 1853//1853
f 1865//1865 1853//1853 1866//1866
f 1866//1866 1853//1853 1846//1846
f 1866//1866 1846//1846 1858//1858
f 1858//1858 1846//1846 1845//1845
