# exported from MuJoCo
v -0.001012 0.040009 0.109083
v -0.004700 0.039465 0.082419
v -0.007557 0.039466 0.108362
v -0.011066 0.037845 0.081718
v -0.013923 0.037847 0.107661
v -0.017081 0.035194 0.081056
v -0.019938 0.035196 0.106999
v -0.022580 0.031583 0.080451
v -0.025436 0.031585 0.106394
v -0.027413 0.027111 0.079919
v -0.030270 0.027112 0.105862
v -0.031448 0.021899 0.079475
v -0.034305 0.021900 0.105418
v -0.034576 0.016090 0.079131
v -0.037433 0.016092 0.105074
v -0.036711 0.009842 0.078896
v -0.039567 0.009844 0.104839
v -0.037794 0.003327 0.078777
v -0.040651 0.003328 0.104720
v -0.037797 -0.003280 0.078777
v -0.040654 -0.003278 0.104720
v -0.036719 -0.009796 0.078896
v -0.039576 -0.009795 0.104840
v -0.034589 -0.016046 0.079131
v -0.037446 -0.016044 0.105074
v -0.031466 -0.021857 0.079475
v -0.034323 -0.021855 0.105419
v -0.027435 -0.027072 0.079920
v -0.030292 -0.027070 0.105863
v -0.022606 -0.031548 0.080452
v -0.025462 -0.031547 0.106395
v -0.017110 -0.035164 0.081057
v -0.019966 -0.035162 0.107000
v -0.011097 -0.037820 0.081719
v -0.013954 -0.037818 0.107662
v -0.004732 -0.039444 0.082420
v -0.007589 -0.039443 0.108363
v 0.001812 -0.039993 0.083141
v -0.001045 -0.039991 0.109084
v 0.008356 -0.039450 0.083861
v 0.005500 -0.039448 0.109805
v 0.014723 -0.037831 0.084562
v 0.011866 -0.037829 0.110505
v 0.020737 -0.035179 0.085224
v 0.017881 -0.035178 0.111168
v 0.026236 -0.031568 0.085830
v 0.023380 -0.031567 0.111773
v 0.031069 -0.027096 0.086361
v 0.028213 -0.027094 0.112305
v 0.035105 -0.021884 0.086805
v 0.032248 -0.021882 0.112749
v 0.038232 -0.016075 0.087150
v 0.035376 -0.016074 0.113093
v 0.040367 -0.009828 0.087384
v 0.037511 -0.009826 0.113327
v 0.041451 -0.003312 0.087503
v 0.038594 -0.003310 0.113446
v 0.041453 0.003294 0.087503
v 0.038597 0.003296 0.113446
v 0.040375 0.009811 0.087384
v 0.037519 0.009813 0.113327
v 0.038246 0.016060 0.087149
v 0.035389 0.016062 0.113092
v 0.035123 0.021872 0.086805
v 0.032266 0.021873 0.112748
v 0.031091 0.027087 0.086360
v 0.028235 0.027088 0.112304
v 0.026262 0.031563 0.085828
v 0.023405 0.031565 0.111772
v 0.020766 0.035179 0.085223
v 0.017909 0.035180 0.111166
v 0.014754 0.037835 0.084561
v 0.011897 0.037836 0.110504
v 0.008388 0.039459 0.083860
v 0.005532 0.039461 0.109803
v 0.001844 0.040007 0.083139
v 0.002031 -0.037993 0.081153
v -0.004185 -0.037472 0.080468
v 0.002047 0.000007 0.081152
v 0.008249 -0.037477 0.081837
v 0.025235 -0.029989 0.083707
v 0.020011 -0.033420 0.083132
v 0.014297 -0.035939 0.082503
v 0.036631 -0.015271 0.084961
v 0.033660 -0.020790 0.084634
v 0.029826 -0.025741 0.084212
v 0.039691 0.003130 0.085297
v 0.039688 -0.003146 0.085297
v 0.038659 -0.009336 0.085184
v 0.033677 0.020778 0.084633
v 0.036644 0.015258 0.084960
v 0.038667 0.009321 0.085184
v 0.020038 0.033420 0.083131
v 0.025259 0.029985 0.083706
v 0.029847 0.025733 0.084211
v 0.002063 0.038007 0.081151
v 0.008279 0.037486 0.081836
v 0.014326 0.035943 0.082502
v -0.015917 0.033435 0.079172
v -0.010203 0.035953 0.079801
v -0.004155 0.037492 0.080467
v -0.029566 0.020804 0.077670
v -0.025732 0.025755 0.078092
v -0.021141 0.030004 0.078597
v -0.035594 0.003161 0.077007
v -0.034565 0.009351 0.077120
v -0.032537 0.015286 0.077343
v -0.032550 -0.015243 0.077344
v -0.034573 -0.009306 0.077121
v -0.035597 -0.003115 0.077007
v -0.021165 -0.029971 0.078598
v -0.025753 -0.025718 0.078093
v -0.029583 -0.020764 0.077671
v -0.010232 -0.035929 0.079802
v -0.015944 -0.033405 0.079173
v -0.001263 -0.037991 0.111072
v 0.004954 -0.037475 0.111757
v -0.001247 0.000009 0.111071
v -0.007480 -0.037470 0.110387
v -0.024459 -0.029969 0.108517
v -0.019238 -0.033404 0.109092
v -0.013526 -0.035927 0.109722
v -0.035844 -0.015241 0.107263
v -0.032877 -0.020762 0.107590
v -0.029047 -0.025716 0.108012
v -0.038889 0.003162 0.106926
v -0.038891 -0.003114 0.106927
v -0.037867 -0.009304 0.107040
v -0.032860 0.020806 0.107589
v -0.035831 0.015288 0.107262
v -0.037859 0.009353 0.107039
v -0.019211 0.033436 0.109091
v -0.024435 0.030006 0.108516
v -0.029026 0.025757 0.108011
v -0.001232 0.038009 0.111071
v -0.007449 0.037493 0.110386
v -0.013497 0.035955 0.109720
v 0.016744 0.033422 0.113050
v 0.011032 0.035945 0.112421
v 0.004985 0.037488 0.111755
v 0.030382 0.020780 0.114553
v 0.026553 0.025735 0.114131
v 0.021965 0.029987 0.113625
v 0.036397 0.003132 0.115216
v 0.035372 0.009323 0.115103
v 0.033349 0.015260 0.114880
v 0.033337 -0.015269 0.114880
v 0.035365 -0.009334 0.115103
v 0.036394 -0.003144 0.115216
v 0.021940 -0.029988 0.113626
v 0.026532 -0.025739 0.114132
v 0.030365 -0.020788 0.114553
v 0.011002 -0.035937 0.112422
v 0.016716 -0.033418 0.113051
v -0.004887 -0.037548 -0.063968
v -0.005637 -0.039508 -0.068432
v -0.004604 -0.040325 -0.071884
v -0.002843 -0.039102 -0.070159
v -0.002550 -0.036798 -0.065923
v -0.003544 -0.036077 -0.063079
v -0.003076 -0.033457 -0.059054
v -0.014428 -0.040800 -0.097072
v -0.015466 -0.039145 -0.101555
v -0.013108 -0.039912 -0.106868
v -0.020892 -0.007887 -0.130790
v -0.020411 -0.015544 -0.127953
v -0.022871 -0.015047 -0.120052
v -0.022014 -0.022037 -0.115739
v -0.003072 -0.004384 -0.144089
v -0.003064 -0.008733 -0.143374
v -0.008532 -0.008564 -0.143256
v 0.013528 -0.009051 -0.141932
v 0.013233 -0.017751 -0.139285
v 0.001926 -0.017392 -0.140352
v -0.015688 0.038916 -0.053176
v -0.013618 0.038887 -0.050145
v -0.013190 0.040424 -0.064481
v -0.003039 0.013012 -0.142194
v -0.003056 0.008744 -0.143374
v -0.008523 0.008580 -0.143256
v 0.002031 0.004457 -0.143753
v 0.002036 0.000003 -0.143984
v -0.003073 0.000005 -0.144328
v -0.008570 0.004313 -0.143998
v 0.012480 0.029040 -0.132272
v 0.012797 0.025490 -0.135164
v 0.001820 0.025274 -0.135955
v -0.008411 0.040956 -0.112110
v -0.006510 0.041255 -0.113038
v -0.007163 0.036952 -0.121729
v -0.004759 0.033411 -0.051777
v -0.006784 0.037670 -0.059768
v -0.006980 0.035728 -0.049481
v 0.005846 0.038413 -0.071989
v 0.006701 0.042557 -0.079740
v 0.003158 0.042394 -0.079458
v 0.004956 0.031502 -0.063926
v 0.005048 0.032518 -0.064759
v 0.002132 0.032425 -0.064439
v -0.035186 0.025018 0.074566
v -0.029668 0.031889 0.075809
v -0.028900 0.031150 0.065829
v -0.039248 0.008243 0.054599
v -0.037067 0.016188 0.054954
v -0.035419 0.014818 0.038505
v -0.030934 0.024937 0.038791
v -0.028941 0.027995 0.038916
v -0.029045 0.026824 0.031128
v -0.021562 0.035856 0.039376
v -0.024250 0.033485 0.039208
v -0.022811 0.035817 0.057133
v -0.025896 0.033158 0.056675
v 0.019315 0.041320 0.080502
v 0.018579 0.040855 0.074517
v 0.010387 0.043601 0.073089
v 0.038843 0.025378 0.096620
v 0.043025 0.017466 0.097306
v 0.043587 0.017160 0.091227
v 0.039995 0.016416 0.071936
v 0.042036 0.016696 0.078642
v 0.044514 0.008489 0.079110
v 0.023490 0.021498 0.041906
v 0.026564 0.014717 0.042051
v 0.018063 0.013270 0.025141
v -0.020676 0.034199 -0.013337
v -0.018309 0.035629 -0.012450
v -0.018434 0.036040 -0.025377
v 0.015491 0.019456 0.025096
v 0.012969 0.012060 0.013540
v -0.001491 0.026846 -0.014087
v -0.004806 0.031112 -0.016653
v -0.003589 0.030597 -0.006954
v 0.007848 0.016756 0.004649
v 0.009917 0.011356 0.005107
v 0.007448 0.011192 -0.001995
v 0.005539 0.016524 -0.002847
v 0.005306 0.011470 -0.008612
v 0.012045 -0.038527 0.051240
v 0.008513 -0.037183 0.041221
v 0.014356 -0.032935 0.041500
v 0.004962 -0.041430 0.050620
v 0.007991 -0.042590 0.061476
v -0.000121 -0.043739 0.060378
v 0.007501 -0.011225 -0.001990
v 0.005360 -0.011501 -0.008610
v 0.006497 -0.005822 -0.007750
v 0.003617 -0.016954 -0.009992
v -0.012218 -0.041752 0.058670
v -0.008292 -0.042926 0.059231
v -0.006864 -0.043798 0.069985
v -0.032707 -0.021667 0.038680
v -0.035437 -0.014775 0.038504
v -0.034039 -0.013356 0.023732
v -0.020660 -0.034610 -0.026794
v -0.018456 -0.036021 -0.025376
v -0.018335 -0.035610 -0.012449
v -0.045124 0.005010 0.092155
v -0.044486 0.008993 0.092225
v -0.041807 0.008786 0.073020
v 0.024682 0.038910 0.099839
v 0.025691 0.038190 0.099950
v 0.026350 0.038031 0.094621
v 0.028714 0.036033 0.100283
v 0.032636 0.032495 0.100715
v 0.033213 0.032321 0.095714
v 0.045756 0.004827 0.102162
v 0.046007 -0.000179 0.102190
v 0.046465 -0.000031 0.097889
v 0.028451 -0.036224 0.100259
v 0.025629 -0.038205 0.099948
v 0.026306 -0.038055 0.094619
v -0.005185 -0.045655 0.096556
v -0.008641 -0.045043 0.096175
v -0.007753 -0.044940 0.089158
v -0.045157 -0.004676 0.092152
v -0.045386 0.000027 0.092127
v -0.042663 0.000025 0.072812
v -0.041077 -0.019549 0.092602
v -0.041883 -0.017549 0.092513
v -0.039298 -0.017172 0.073620
v -0.042923 -0.014969 0.092399
v -0.044502 -0.008941 0.092225
v -0.041816 -0.008735 0.073020
v -0.044402 -0.009595 0.092236
v -0.044265 -0.010223 0.092251
v -0.038728 -0.023944 0.092861
v -0.035207 -0.024971 0.074565
v -0.037663 -0.025484 0.092979
v -0.035596 -0.028474 0.093206
v -0.029695 -0.031845 0.075807
v -0.032330 -0.032206 0.093566
v -0.024074 -0.038044 0.086470
v -0.025090 -0.038178 0.094364
v -0.028652 -0.035588 0.093971
v -0.024207 -0.038820 0.094461
v -0.016255 -0.042305 0.087762
v -0.019897 -0.041256 0.094936
v -0.010052 -0.044793 0.096020
v -0.015314 -0.043222 0.095441
v -0.017197 -0.042414 0.095233
v -0.000214 -0.045984 0.097103
v 0.001104 -0.045823 0.090601
v 0.000264 -0.045960 0.097156
v 0.005267 -0.045714 0.097707
v 0.009959 -0.044925 0.092025
v 0.009176 -0.045066 0.098137
v 0.018468 -0.042299 0.093378
v 0.014943 -0.043560 0.098772
v 0.010143 -0.044906 0.098244
v 0.024365 -0.039093 0.099809
v 0.020028 -0.041479 0.099332
v 0.017727 -0.042421 0.099079
v 0.032569 -0.032564 0.100712
v 0.033176 -0.032357 0.095713
v 0.035876 -0.028866 0.101076
v 0.038814 -0.025425 0.096620
v 0.038249 -0.025551 0.101337
v 0.043006 -0.017521 0.097306
v 0.042451 -0.017602 0.101799
v 0.041464 -0.019981 0.101691
v 0.038788 -0.024799 0.101396
v 0.045720 -0.005143 0.102158
v 0.045054 -0.008991 0.102085
v 0.045589 -0.008948 0.097739
v 0.044779 -0.010583 0.102055
v 0.043369 -0.015392 0.101900
v 0.045076 0.008932 0.102087
v 0.045599 0.008887 0.097739
v 0.044853 0.010279 0.102062
v 0.043491 0.015059 0.101912
v 0.042480 0.017548 0.101800
v 0.041606 0.019700 0.101704
v 0.038962 0.024541 0.101412
v 0.032797 0.032350 0.100733
v 0.036103 0.028598 0.101097
v 0.038285 0.025501 0.101338
v 0.018516 0.042289 0.093380
v 0.017787 0.042412 0.099080
v 0.020329 0.041350 0.099360
v 0.010008 0.044929 0.092027
v 0.010518 0.044838 0.098279
v 0.015268 0.043465 0.098802
v 0.000323 0.045992 0.097157
v 0.005608 0.045691 0.097739
v 0.009235 0.045061 0.098138
v -0.008589 0.045077 0.096175
v -0.004810 0.045716 0.096591
v -0.007708 0.044966 0.089160
v 0.000124 0.046003 0.097135
v -0.019556 0.041439 0.094968
v -0.017150 0.042449 0.095233
v -0.016214 0.042340 0.087764
v -0.014996 0.043354 0.095470
v -0.009722 0.044885 0.096051
v -0.023920 0.039018 0.094488
v -0.024039 0.038085 0.086471
v -0.025046 0.038212 0.094364
v -0.032010 0.032543 0.093597
v -0.022929 0.037574 0.077293
v -0.028385 0.035822 0.093996
v -0.038553 0.024246 0.092877
v -0.037645 0.025538 0.092977
v -0.035382 0.028761 0.093226
v -0.032060 0.032497 0.093592
v -0.044343 0.009887 0.092241
v -0.043038 0.014646 0.092384
v -0.039283 0.017221 0.073620
v -0.042831 0.015253 0.092407
v -0.041865 0.017600 0.092513
v -0.040927 0.019883 0.092616
v -0.030887 0.005846 -0.036470
v -0.031129 0.000019 -0.036737
v -0.032133 0.000019 -0.019267
v -0.030898 -0.005810 -0.036471
v -0.032759 -0.005751 -0.004101
v -0.030234 -0.011591 -0.035688
v -0.022542 -0.032697 -0.028143
v -0.020708 -0.034186 -0.013337
v -0.015991 -0.036702 -0.023906
v -0.015686 -0.036292 -0.011518
v -0.022741 -0.032255 -0.014169
v -0.022543 -0.032518 -0.001600
v -0.025938 -0.027574 -0.015660
v -0.026045 -0.027848 -0.002384
v -0.028266 -0.022359 -0.016913
v -0.028651 -0.022621 -0.003020
v -0.029965 -0.016902 -0.017918
v -0.030578 -0.017124 -0.003517
v -0.031155 -0.011319 -0.018657
v -0.031934 -0.011480 -0.003879
v -0.024108 -0.031445 0.010522
v -0.023253 -0.033441 0.023941
v -0.025939 -0.029022 0.010381
v -0.025425 -0.031040 0.023886
v -0.028955 -0.023739 0.010157
v -0.029111 -0.025660 0.023809
v -0.031235 -0.018075 0.009994
v -0.025482 -0.028035 -0.030603
v -0.027608 -0.022799 -0.032712
v -0.029151 -0.017276 -0.034422
v -0.032854 -0.012170 0.009882
v -0.031976 -0.019710 0.023761
v -0.029075 -0.026792 0.031127
v -0.030960 -0.024901 0.038790
v -0.028969 -0.027961 0.038915
v -0.034185 -0.024345 0.064788
v -0.033544 -0.023552 0.055513
v -0.031295 -0.026977 0.055861
v -0.028926 -0.031108 0.065827
v -0.026740 -0.030822 0.039054
v -0.024926 -0.032229 0.031263
v -0.024279 -0.033456 0.039207
v -0.022021 -0.033645 0.010689
v -0.020840 -0.035582 0.024012
v -0.018673 -0.037901 0.039559
v -0.021590 -0.035830 0.039375
v -0.020353 -0.034439 -0.001146
v -0.019644 -0.035521 0.010884
v -0.018166 -0.037380 0.024104
v -0.015527 -0.039607 0.039763
v -0.015022 -0.036537 -0.000117
v -0.017825 -0.035855 -0.000649
v -0.014007 -0.037581 0.011367
v -0.016952 -0.036901 0.011112
v -0.012059 -0.039376 0.024355
v -0.015221 -0.038699 0.024220
v -0.008619 -0.041524 0.040222
v -0.012159 -0.040852 0.039986
v -0.028749 -0.030177 0.056249
v -0.025923 -0.033121 0.056673
v -0.022482 -0.036762 0.067068
v -0.015967 -0.040135 0.058131
v -0.015054 -0.041075 0.068467
v -0.019514 -0.038132 0.057617
v -0.022839 -0.035783 0.057130
v -0.002575 -0.044465 0.070771
v -0.004233 -0.043594 0.059805
v 0.001765 -0.044642 0.071558
v -0.006605 -0.044169 0.075431
v 0.002169 -0.045025 0.077180
v 0.010361 -0.043601 0.073086
v -0.037084 -0.016142 0.054953
v -0.022960 -0.037535 0.077291
v -0.015242 -0.041817 0.078960
v -0.006805 -0.044487 0.080761
v -0.013457 -0.036595 -0.022412
v -0.011023 -0.035831 -0.020923
v -0.010337 -0.035381 -0.009625
v -0.003566 -0.030624 -0.006950
v -0.004778 -0.031137 -0.016652
v 0.000075 -0.026371 -0.005361
v -0.001442 -0.026884 -0.014085
v 0.003119 -0.021639 -0.003978
v 0.001343 -0.022109 -0.011839
v 0.005602 -0.016565 -0.002841
v -0.002083 -0.030931 0.002450
v 0.001876 -0.026678 0.003309
v 0.005200 -0.021921 0.004050
v 0.007908 -0.016798 0.004657
v 0.009968 -0.011391 0.005113
v 0.011760 -0.000011 0.005498
v 0.014946 -0.000013 0.013698
v 0.011295 -0.005766 0.005400
v 0.014450 -0.006132 0.013659
v 0.013016 -0.012097 0.013547
v 0.010763 -0.017791 0.013373
v 0.007776 -0.023122 0.013145
v 0.004108 -0.027988 0.012862
v -0.000231 -0.032240 0.012521
v 0.006900 -0.000010 -0.007456
v 0.009170 -0.000010 -0.001278
v 0.002002 -0.040185 0.040878
v 0.005333 -0.038857 0.041059
v -0.002624 -0.037689 0.024718
v 0.000259 -0.036242 0.024804
v -0.005263 -0.035605 0.012112
v -0.006742 -0.034392 0.001484
v -0.007890 -0.034108 -0.008702
v -0.008759 -0.034583 -0.019458
v -0.002589 -0.042705 0.049915
v -0.001459 -0.041119 0.040678
v -0.005661 -0.038763 0.024614
v -0.008046 -0.036795 0.011879
v -0.009355 -0.035650 0.000965
v -0.012961 -0.036171 -0.010568
v -0.012141 -0.036424 0.000428
v -0.010985 -0.037506 0.011628
v -0.008829 -0.039366 0.024491
v -0.005019 -0.041593 0.040457
v 0.015673 -0.039778 0.062481
v 0.011902 -0.041376 0.061991
v 0.018559 -0.040870 0.074516
v 0.014529 -0.042435 0.073815
v 0.002022 -0.045355 0.082623
v 0.010921 -0.044031 0.078890
v 0.010836 -0.044400 0.084450
v 0.019289 -0.041334 0.080499
v 0.019281 -0.041732 0.086179
v 0.022418 -0.038925 0.075184
v 0.019273 -0.037822 0.062945
v 0.018457 -0.034280 0.051779
v 0.022675 -0.035532 0.063381
v 0.025852 -0.032931 0.063788
v 0.029488 -0.033989 0.076410
v 0.033695 -0.031471 0.083267
v 0.026972 -0.037089 0.081971
v 0.026071 -0.036624 0.075816
v 0.019402 -0.027660 0.041728
v 0.024021 -0.028894 0.052239
v 0.023522 -0.021542 0.041913
v 0.028573 -0.022562 0.052620
v 0.026593 -0.014762 0.042057
v 0.031963 -0.015487 0.052913
v 0.028500 -0.007515 0.042153
v 0.034062 -0.007892 0.053103
v 0.029147 -0.000022 0.042187
v 0.034773 -0.000025 0.053171
v 0.020263 -0.000017 0.025190
v 0.019713 -0.006761 0.025179
v 0.018103 -0.013309 0.025148
v 0.015538 -0.019498 0.025105
v 0.012112 -0.025187 0.025051
v 0.007904 -0.030239 0.024978
v 0.002978 -0.034489 0.024874
v 0.032638 -0.031045 0.076960
v 0.038027 -0.024341 0.077914
v 0.039213 -0.024693 0.084350
v 0.042038 -0.016751 0.078644
v 0.043320 -0.017001 0.085177
v 0.027046 -0.037488 0.087766
v 0.033846 -0.031837 0.089166
v 0.039427 -0.024995 0.090335
v 0.043579 -0.017216 0.091227
v 0.040584 -0.000028 0.065754
v 0.042400 -0.008403 0.072334
v 0.039805 -0.008243 0.065640
v 0.040002 -0.016470 0.071939
v 0.037502 -0.016162 0.065318
v 0.036124 -0.023945 0.071322
v 0.033779 -0.023512 0.064818
v 0.030915 -0.030567 0.070517
v 0.028778 -0.030043 0.064165
v 0.044517 -0.008549 0.079111
v 0.045857 -0.008679 0.085706
v 0.044793 -0.012900 0.085482
v 0.046141 -0.008790 0.091796
v 0.045067 -0.013065 0.091555
v 0.046791 -0.004432 0.091945
v 0.006466 0.005799 -0.007751
v 0.008704 0.005655 -0.001462
v -0.006738 0.034390 0.001480
v -0.007888 0.034106 -0.008705
v -0.008762 0.034582 -0.019459
v -0.008034 0.036807 0.011876
v -0.009341 0.035661 0.000962
v -0.010325 0.035394 -0.009627
v -0.011015 0.035843 -0.020924
v -0.008814 0.039387 0.024489
v -0.010967 0.037529 0.011626
v -0.012122 0.036447 0.000426
v -0.012943 0.036194 -0.010570
v -0.013444 0.036618 -0.022413
v -0.017798 0.035875 -0.000651
v -0.020321 0.034453 -0.001147
v -0.022506 0.032531 -0.001601
v 0.011265 0.005740 0.005396
v 0.014422 0.006102 0.013655
v 0.019689 0.006726 0.025175
v 0.028482 0.007471 0.042149
v 0.034049 0.007842 0.053101
v 0.039796 0.008188 0.065638
v 0.043212 -0.000029 0.072473
v 0.005143 0.021875 0.004042
v 0.007724 0.023079 0.013136
v 0.004069 0.027949 0.012854
v 0.007872 0.030205 0.024970
v 0.002963 0.034468 0.024868
v 0.008506 0.037165 0.041218
v 0.002008 0.040186 0.040877
v 0.004973 0.041431 0.050620
v -0.002571 0.042722 0.049916
v -0.000098 0.043755 0.060381
v 0.003552 0.016915 -0.009995
v 0.003059 0.021594 -0.003983
v 0.001833 0.026637 0.003302
v -0.000249 0.032215 0.012515
v -0.002621 0.037689 0.024714
v -0.001447 0.041130 0.040677
v 0.001280 0.022067 -0.011843
v 0.000029 0.026330 -0.005366
v -0.002103 0.030903 0.002444
v -0.005260 0.035604 0.012108
v -0.005651 0.038775 0.024611
v -0.005003 0.041612 0.040457
v 0.046144 0.008729 0.091796
v 0.045857 0.008618 0.085705
v 0.045072 0.013006 0.091555
v 0.044794 0.012841 0.085481
v 0.046500 0.004314 0.085844
v 0.046792 0.004369 0.091945
v 0.037490 0.016110 0.065315
v 0.042394 0.008345 0.072333
v 0.045356 -0.000030 0.079275
v 0.046716 -0.000031 0.085892
v 0.047009 -0.000031 0.091995
v 0.046500 -0.004375 0.085844
v 0.043323 0.016945 0.085176
v 0.039441 0.024947 0.090335
v 0.039221 0.024644 0.084349
v 0.038028 0.024292 0.077912
v 0.036119 0.023896 0.071319
v 0.033767 0.023465 0.064814
v 0.031941 0.015438 0.052908
v 0.033867 0.031799 0.089167
v 0.033709 0.031432 0.083267
v 0.032645 0.031006 0.076958
v 0.030915 0.030527 0.070515
v 0.028771 0.030003 0.064162
v 0.028550 0.022516 0.052614
v 0.009346 0.043118 0.067232
v 0.017300 0.040333 0.068450
v 0.008008 0.042590 0.061477
v 0.015682 0.039763 0.062480
v 0.012045 0.038510 0.051238
v 0.018446 0.034250 0.051774
v 0.014336 0.032904 0.041494
v 0.019373 0.027621 0.041720
v 0.012068 0.025146 0.025041
v 0.010708 0.017749 0.013365
v 0.024002 0.028854 0.052233
v 0.022676 0.035503 0.063379
v 0.024569 0.036074 0.069551
v 0.026085 0.036596 0.075816
v 0.026992 0.037062 0.081972
v 0.027074 0.037462 0.087768
v 0.001794 0.044656 0.071561
v 0.010952 0.044032 0.078893
v 0.019314 0.041720 0.086182
v -0.008601 0.041547 0.040223
v -0.012042 0.039400 0.024353
v -0.013986 0.037606 0.011365
v -0.015000 0.036561 -0.000119
v -0.015665 0.036317 -0.011519
v -0.015974 0.036727 -0.023906
v -0.021988 0.033661 0.010688
v -0.024072 0.031461 0.010523
v -0.023221 0.033462 0.023942
v -0.025393 0.031064 0.023887
v -0.024896 0.032255 0.031264
v -0.015023 0.041104 0.068470
v -0.012191 0.041777 0.058672
v -0.015939 0.040163 0.058134
v -0.015503 0.039629 0.039763
v -0.032317 0.020710 0.031027
v -0.034180 0.018324 0.038585
v -0.032683 0.021706 0.038681
v -0.035459 0.019975 0.055210
v -0.031270 0.027019 0.055862
v -0.033521 0.023595 0.055514
v -0.034163 0.024390 0.064789
v -0.019614 0.035537 0.010883
v -0.020811 0.035602 0.024012
v -0.026711 0.030853 0.039055
v -0.028722 0.030216 0.056250
v -0.004209 0.043615 0.059808
v -0.002545 0.044484 0.070775
v 0.001152 0.045839 0.090604
v 0.010872 0.044402 0.084454
v 0.002059 0.045370 0.082627
v 0.002202 0.045040 0.077184
v -0.006571 0.044192 0.075434
v -0.015199 0.038721 0.024219
v -0.012138 0.040874 0.039986
v -0.008266 0.042948 0.059233
v -0.006834 0.043821 0.069988
v -0.022452 0.036798 0.067070
v -0.019485 0.038163 0.057620
v -0.018646 0.037925 0.039560
v -0.018140 0.037400 0.024104
v -0.016928 0.036922 0.011111
v -0.006769 0.044511 0.080765
v -0.015207 0.041849 0.078963
v -0.045149 0.004534 0.092152
v -0.042448 0.004426 0.072865
v -0.038065 0.016765 0.063997
v -0.025902 0.029041 0.010382
v -0.029080 0.025690 0.023810
v -0.039801 0.004151 0.054508
v -0.037092 0.007524 0.038395
v -0.034019 0.013395 0.023732
v 0.002317 0.008952 -0.052191
v 0.002230 -0.000016 -0.051276
v 0.003591 0.002660 -0.051642
v -0.000126 0.017378 -0.052690
v -0.000926 0.008723 -0.047376
v -0.000211 0.008850 -0.049974
v -0.000908 -0.000014 -0.046424
v 0.003663 0.009039 -0.052269
v 0.003802 0.013131 -0.053513
v 0.002555 0.017576 -0.054814
v 0.003958 0.017741 -0.054914
v 0.002937 0.025525 -0.059056
v 0.004265 0.022906 -0.057685
v 0.004421 0.025533 -0.059095
v 0.004434 0.025748 -0.059210
v 0.000010 0.025247 -0.057085
v -0.001034 0.024900 -0.054736
v -0.000969 0.017132 -0.050187
v 0.000094 0.028839 -0.059862
v -0.001074 0.028451 -0.057606
v -0.001120 0.031737 -0.060837
v -0.002060 0.031185 -0.058257
v 0.000188 0.032157 -0.062991
v 0.000906 0.028981 -0.060743
v -0.001334 0.016809 -0.047253
v -0.001648 0.024444 -0.051958
v -0.002002 0.023277 -0.045715
v -0.002677 0.030523 -0.055311
v -0.003005 0.029771 -0.052043
v -0.003041 0.028088 -0.044740
v 0.005820 0.038286 -0.071753
v 0.002615 0.038140 -0.071455
v 0.000397 0.037849 -0.070180
v -0.001233 0.037390 -0.068252
v 0.006896 0.043088 -0.081506
v 0.007631 0.045093 -0.088177
v 0.003736 0.045022 -0.088143
v 0.007657 0.045162 -0.088406
v 0.000621 0.042103 -0.078376
v 0.000837 0.044753 -0.087266
v -0.001383 0.041645 -0.076698
v -0.001591 0.044329 -0.085854
v -0.001878 0.045302 -0.095376
v 0.001020 0.045679 -0.096512
v 0.004319 0.045919 -0.097176
v 0.008032 0.045491 -0.091814
v -0.003892 0.043773 -0.084019
v -0.004620 0.040323 -0.071863
v -0.003171 0.041044 -0.074597
v -0.002856 0.039096 -0.070137
v -0.003568 0.036066 -0.063058
v -0.003103 0.033443 -0.059033
v -0.002301 0.034143 -0.061928
v -0.004074 0.038367 -0.067348
v -0.002566 0.036788 -0.065901
v -0.001173 0.034726 -0.064397
v -0.004224 0.035247 -0.059706
v -0.004914 0.037540 -0.063948
v -0.006357 0.038613 -0.064346
v -0.004600 0.034354 -0.055921
v -0.001627 0.021886 -0.038925
v -0.001235 0.015981 -0.040974
v -0.001131 0.008556 -0.044337
v 0.001839 0.012949 -0.021592
v 0.002802 0.006563 -0.019788
v 0.000168 0.007620 -0.031845
v 0.000360 0.003821 -0.031150
v -0.000602 0.004077 -0.037273
v -0.003803 0.029600 -0.033030
v -0.001506 0.024593 -0.028352
v -0.002493 0.026305 -0.036727
v 0.000382 0.019001 -0.024489
v -0.000804 0.020414 -0.031792
v -0.000541 0.014995 -0.034563
v -0.000737 0.008129 -0.038026
v -0.001075 0.004291 -0.043596
v -0.004546 0.031467 -0.042698
v -0.006539 0.033864 -0.038351
v -0.008354 0.037453 -0.053101
v -0.007920 0.039337 -0.064030
v -0.009845 0.038854 -0.056830
v -0.009148 0.040652 -0.068419
v -0.011460 0.039873 -0.060635
v -0.010469 0.041569 -0.072896
v -0.011634 0.038245 -0.047117
v -0.009789 0.037129 -0.044124
v 0.008613 0.046001 -0.097092
v 0.009196 0.045473 -0.102390
v 0.004883 0.045039 -0.106211
v 0.001165 0.044807 -0.105761
v 0.005426 0.042415 -0.114899
v 0.009604 0.045103 -0.106093
v 0.010330 0.043070 -0.112694
v 0.010555 0.042440 -0.114742
v 0.011375 0.038386 -0.122203
v 0.005936 0.038160 -0.122907
v 0.001317 0.042165 -0.114656
v -0.002224 0.044442 -0.104901
v -0.002723 0.037490 -0.122507
v -0.002518 0.041772 -0.114061
v 0.001491 0.037900 -0.122856
v -0.006119 0.042826 -0.108397
v 0.006390 0.032443 -0.129927
v -0.004747 0.044806 -0.093815
v -0.005215 0.044628 -0.098738
v -0.008032 0.044054 -0.096293
v -0.008791 0.043388 -0.101228
v -0.011292 0.042735 -0.097439
v -0.012240 0.041555 -0.102220
v -0.014418 0.040819 -0.097062
v -0.015452 0.039164 -0.101547
v -0.017301 0.038353 -0.095056
v -0.014539 0.035573 -0.115542
v -0.010714 0.038648 -0.115271
v -0.011226 0.036306 -0.119553
v -0.009289 0.036641 -0.120878
v -0.009500 0.042230 -0.106066
v -0.010140 0.040635 -0.110762
v -0.013094 0.039931 -0.106859
v -0.013858 0.037922 -0.111313
v -0.017190 0.034774 -0.109939
v -0.011682 0.033640 -0.123568
v -0.015146 0.032916 -0.119508
v -0.018559 0.029220 -0.117312
v -0.005848 0.043106 -0.081398
v -0.007267 0.044212 -0.091311
v -0.010274 0.043404 -0.092561
v -0.013263 0.042024 -0.092437
v -0.016117 0.040041 -0.090806
v -0.018718 0.037519 -0.087617
v 0.011407 0.038230 -0.122491
v 0.011430 0.038116 -0.122700
v 0.012169 0.032529 -0.129432
v 0.012261 0.031495 -0.130274
v -0.008447 0.012769 -0.142033
v -0.008345 0.016845 -0.140345
v -0.003016 0.017160 -0.140563
v -0.002988 0.021149 -0.138497
v 0.001886 0.021438 -0.138355
v 0.012946 0.022907 -0.136528
v -0.002799 0.034810 -0.126361
v 0.001665 0.032196 -0.130047
v -0.002861 0.031806 -0.129920
v -0.002912 0.028506 -0.133149
v -0.007882 0.028027 -0.132690
v -0.008062 0.024508 -0.135649
v 0.013535 0.008966 -0.141925
v 0.002014 0.008868 -0.143066
v 0.013400 0.013127 -0.140690
v 0.001940 0.017400 -0.140352
v 0.013261 0.017453 -0.139406
v 0.013023 0.021579 -0.137229
v 0.013542 0.008734 -0.141994
v 0.013585 0.004487 -0.142398
v 0.013603 0.002656 -0.142573
v -0.008217 0.020769 -0.138209
v -0.002954 0.024943 -0.136017
v 0.001746 0.028871 -0.133177
v -0.010518 0.024257 -0.134930
v -0.009982 0.030998 -0.128582
v -0.007673 0.031293 -0.129362
v -0.007434 0.034278 -0.125696
v -0.010910 0.016663 -0.139676
v -0.016577 0.023392 -0.129468
v -0.015686 0.029981 -0.123173
v -0.014770 0.023697 -0.131814
v -0.013983 0.030339 -0.125464
v -0.016933 0.019796 -0.132036
v -0.020042 0.019231 -0.125878
v -0.020395 0.015569 -0.127952
v -0.022853 0.015073 -0.120051
v -0.011156 0.008485 -0.142621
v -0.015709 0.008273 -0.139523
v -0.017640 0.008158 -0.137114
v -0.015347 0.016258 -0.136568
v -0.017466 0.012147 -0.135881
v -0.020882 0.007913 -0.130790
v -0.021011 0.003978 -0.131515
v -0.022359 0.003914 -0.127667
v -0.021057 0.000013 -0.131760
v -0.022408 0.000013 -0.127905
v -0.019479 0.004041 -0.134928
v -0.019522 0.000012 -0.135178
v -0.017229 0.016037 -0.134182
v -0.020675 0.011786 -0.129596
v -0.023395 0.007653 -0.122737
v -0.024718 0.014563 -0.110804
v -0.017754 -0.004079 -0.137863
v -0.017788 0.000011 -0.138116
v -0.015840 0.000010 -0.140532
v -0.017749 0.004101 -0.137863
v -0.015806 0.004159 -0.140278
v -0.008589 0.000007 -0.144247
v -0.003067 0.004395 -0.144089
v -0.008402 0.041523 -0.073466
v -0.010757 0.042802 -0.082949
v -0.011879 0.042026 -0.077417
v -0.013345 0.041945 -0.081941
v -0.014991 0.040399 -0.068329
v -0.005659 0.039504 -0.068412
v -0.007327 0.042349 -0.077837
v -0.009245 0.043538 -0.087636
v -0.012018 0.042694 -0.087716
v -0.014787 0.041273 -0.086420
v -0.017410 0.039240 -0.083666
v -0.019776 0.036682 -0.079459
v -0.039988 0.000024 0.054476
v -0.037517 0.003786 0.038367
v -0.035280 0.006777 0.023716
v -0.032834 0.012207 0.009882
v -0.031206 0.018107 0.009995
v -0.030547 0.017153 -0.003516
v -0.028614 0.022643 -0.003019
v -0.028229 0.022380 -0.016912
v -0.025898 0.027588 -0.015659
v -0.025445 0.028050 -0.030602
v -0.022509 0.032710 -0.028142
v -0.021108 0.035077 -0.061910
v -0.019532 0.036897 -0.059093
v -0.018365 0.038437 -0.075859
v -0.016756 0.039723 -0.072136
v -0.015930 0.040499 -0.079587
v -0.017709 0.038235 -0.056172
v -0.020632 0.034624 -0.026794
v -0.022705 0.032267 -0.014169
v -0.026006 0.027864 -0.002384
v -0.028920 0.023764 0.010158
v -0.031949 0.019745 0.023762
v -0.039257 -0.008196 0.054599
v -0.037661 0.000023 0.038357
v -0.035291 -0.006735 0.023715
v -0.035711 0.000022 0.023710
v -0.034168 0.000021 0.009791
v -0.033826 0.006153 0.009814
v -0.032748 0.005790 -0.004101
v -0.031913 0.011515 -0.003878
v -0.031133 0.011352 -0.018656
v -0.029934 0.016929 -0.017917
v -0.029122 0.017303 -0.034421
v -0.027572 0.022820 -0.032711
v -0.025484 0.025168 -0.071712
v -0.023620 0.030516 -0.067144
v -0.022073 0.032188 -0.086176
v -0.020871 0.033060 -0.094995
v -0.019271 0.033929 -0.103003
v -0.005683 0.043963 -0.103615
v -0.028473 0.006604 -0.080012
v -0.026697 0.007118 -0.102801
v -0.027880 0.003445 -0.092107
v -0.019620 0.022746 -0.123395
v -0.020809 0.028417 -0.109981
v -0.021992 0.022062 -0.115738
v -0.022531 0.027589 -0.101468
v -0.023799 0.021359 -0.106806
v -0.023821 0.026759 -0.092061
v -0.025144 0.020653 -0.096909
v -0.026868 0.019300 -0.075464
v -0.027856 0.013071 -0.078268
v -0.030212 0.011623 -0.035687
v -0.031871 0.005704 -0.019112
v -0.033041 0.000020 -0.004177
v -0.033837 -0.006113 0.009814
v -0.028637 0.003318 -0.080458
v -0.027937 0.000016 -0.092280
v -0.028695 0.000017 -0.080608
v -0.005749 0.032263 -0.027175
v -0.002737 0.027998 -0.023333
v -0.000217 0.023124 -0.019962
v 0.001850 0.017787 -0.017183
v 0.003448 0.012089 -0.015101
v -0.032030 -0.032483 0.093599
v 0.013630 -0.000002 -0.142826
v 0.013540 -0.007980 -0.142038
v 0.002006 -0.008862 -0.143065
v 0.013206 -0.018198 -0.139044
v 0.013005 -0.021577 -0.137230
v 0.001868 -0.021430 -0.138355
v 0.012769 -0.025545 -0.135100
v -0.007902 -0.028010 -0.132692
v -0.008082 -0.024491 -0.135650
v -0.002973 -0.024930 -0.136019
v -0.003006 -0.021137 -0.138497
v -0.008460 -0.012754 -0.142033
v -0.003050 -0.013001 -0.142194
v -0.008360 -0.016829 -0.140345
v 0.012757 -0.025757 -0.134986
v 0.012610 -0.027373 -0.133661
v 0.006746 -0.025479 -0.135690
v 0.006364 -0.032436 -0.129930
v 0.001800 -0.025265 -0.135956
v 0.012143 -0.032525 -0.129435
v 0.011802 -0.035067 -0.126352
v 0.005905 -0.038151 -0.122914
v 0.011370 -0.038292 -0.122439
v 0.005393 -0.042406 -0.114910
v 0.010827 -0.040919 -0.117522
v 0.009734 -0.044616 -0.107603
v 0.004848 -0.045030 -0.106226
v 0.010489 -0.042560 -0.114451
v 0.010505 -0.042481 -0.114597
v -0.007693 -0.031276 -0.129365
v -0.002933 -0.028493 -0.133151
v -0.010925 -0.016645 -0.139676
v -0.011165 -0.008467 -0.142621
v -0.008575 -0.004298 -0.143998
v -0.003031 -0.017148 -0.140563
v -0.008234 -0.020753 -0.138210
v -0.010538 -0.024238 -0.134932
v -0.016597 -0.023370 -0.129470
v -0.018924 -0.015783 -0.131297
v -0.017246 -0.016015 -0.134183
v -0.019369 -0.008013 -0.134189
v -0.017649 -0.008135 -0.137114
v -0.021016 -0.003953 -0.131515
v -0.023538 0.003848 -0.123425
v -0.023589 0.000014 -0.123656
v -0.023405 -0.007626 -0.122737
v -0.009308 -0.036623 -0.120885
v -0.010003 -0.030979 -0.128585
v -0.007455 -0.034261 -0.125701
v -0.005224 -0.044612 -0.098753
v -0.007324 -0.043669 -0.102616
v -0.005694 -0.043947 -0.103628
v -0.008426 -0.040939 -0.112120
v -0.006526 -0.041238 -0.113048
v -0.007183 -0.036935 -0.121735
v -0.011227 -0.004248 -0.143372
v -0.013563 -0.008363 -0.141374
v -0.013261 -0.016447 -0.138414
v -0.012776 -0.023966 -0.133650
v -0.012108 -0.030659 -0.127283
v -0.011245 -0.036287 -0.119560
v -0.010155 -0.040617 -0.110771
v -0.008799 -0.043370 -0.101241
v -0.008037 -0.044037 -0.096308
v -0.014558 -0.035553 -0.115549
v -0.017209 -0.034753 -0.109945
v -0.015707 -0.029960 -0.123177
v -0.018581 -0.029198 -0.117315
v -0.019641 -0.022722 -0.123397
v -0.014793 -0.041252 -0.086430
v -0.016128 -0.040022 -0.090815
v -0.017316 -0.038334 -0.095064
v -0.019292 -0.033909 -0.103008
v -0.020832 -0.028394 -0.109984
v -0.015811 -0.004138 -0.140278
v -0.013665 0.000010 -0.142383
v -0.013635 0.004214 -0.142129
v -0.013554 0.008382 -0.141374
v -0.013246 0.016467 -0.138413
v -0.012756 0.023985 -0.133649
v -0.012087 0.030679 -0.127279
v -0.002821 -0.034795 -0.126366
v -0.002746 -0.037475 -0.122514
v -0.002540 -0.041757 -0.114071
v -0.002243 -0.044428 -0.104915
v -0.001893 -0.045290 -0.095394
v 0.009560 -0.045091 -0.106023
v 0.009533 -0.045162 -0.105784
v 0.004283 -0.045912 -0.097195
v 0.008578 -0.045999 -0.097112
v 0.003702 -0.045020 -0.088165
v 0.008577 -0.045998 -0.097101
v 0.007587 -0.045100 -0.088111
v 0.007421 -0.044633 -0.086595
v 0.006654 -0.042486 -0.079621
v 0.003127 -0.042398 -0.079483
v 0.006636 -0.042437 -0.079462
v 0.006330 -0.040924 -0.076677
v 0.005786 -0.038232 -0.071723
v 0.002587 -0.038150 -0.071480
v 0.005762 -0.038113 -0.071504
v -0.002883 -0.031792 -0.129923
v 0.001640 -0.032185 -0.130051
v 0.001462 -0.037888 -0.122862
v 0.001287 -0.042153 -0.114667
v 0.001134 -0.044796 -0.105776
v 0.000990 -0.045670 -0.096531
v 0.000810 -0.044749 -0.087288
v 0.000598 -0.042105 -0.078400
v -0.001601 -0.044324 -0.085875
v -0.001388 -0.041647 -0.076721
v -0.001232 -0.037399 -0.068276
v 0.001039 -0.032327 -0.063853
v 0.000272 -0.035182 -0.066466
v 0.004395 -0.025499 -0.059048
v 0.003973 -0.018181 -0.055182
v 0.002918 -0.025548 -0.059076
v 0.002542 -0.017603 -0.054829
v 0.005024 -0.032536 -0.064782
v 0.004561 -0.027355 -0.060560
v 0.004401 -0.025563 -0.059100
v 0.003657 -0.008983 -0.052284
v 0.002310 -0.008983 -0.052199
v 0.003931 -0.017463 -0.054803
v 0.003940 -0.017610 -0.054880
v 0.003649 -0.008744 -0.052213
v 0.003642 -0.007977 -0.052139
v 0.003561 -0.000017 -0.051378
v 0.005360 -0.035075 -0.067842
v 0.002109 -0.032441 -0.064463
v 0.001714 -0.025490 -0.058701
v 0.000752 -0.025396 -0.058025
v 0.001419 -0.017562 -0.054416
v 0.000537 -0.017495 -0.053688
v 0.001236 -0.008961 -0.051760
v 0.000404 -0.008926 -0.051002
v 0.001171 -0.000016 -0.050821
v 0.000357 -0.000015 -0.050061
v 0.001242 0.008931 -0.051752
v 0.000409 0.008897 -0.050994
v 0.001431 0.017535 -0.054401
v 0.000548 0.017469 -0.053673
v 0.001732 0.025468 -0.058681
v 0.000768 0.025374 -0.058005
v 0.001920 0.029086 -0.061388
v -0.001116 -0.031752 -0.060859
v 0.000173 -0.032173 -0.063014
v -0.001068 -0.028469 -0.057626
v 0.000081 -0.028857 -0.059884
v -0.001027 -0.024920 -0.054754
v -0.000001 -0.025268 -0.057104
v -0.000962 -0.017157 -0.050201
v -0.000133 -0.017404 -0.052704
v -0.000921 -0.008751 -0.047383
v -0.000214 -0.008879 -0.049981
v -0.000242 -0.000015 -0.049043
v 0.000378 -0.037857 -0.070205
v -0.001170 -0.034738 -0.064420
v -0.002283 -0.034155 -0.061950
v -0.002040 -0.031201 -0.058278
v -0.002648 -0.030540 -0.055331
v -0.001627 -0.024465 -0.051976
v -0.003891 -0.043767 -0.084039
v -0.003162 -0.041046 -0.074619
v -0.004053 -0.038374 -0.067369
v -0.004193 -0.035259 -0.059726
v -0.008389 -0.041516 -0.073483
v -0.009133 -0.040645 -0.068434
v -0.010461 -0.041555 -0.072910
v -0.010754 -0.042784 -0.082963
v -0.009244 -0.043520 -0.087651
v -0.007316 -0.042341 -0.077855
v -0.007269 -0.044196 -0.091327
v -0.005841 -0.043099 -0.081417
v -0.004753 -0.044793 -0.093832
v -0.006331 -0.038618 -0.064364
v -0.006754 -0.037678 -0.059784
v -0.007898 -0.039338 -0.064046
v -0.002968 -0.029790 -0.052061
v -0.010276 -0.043384 -0.092575
v -0.001054 -0.000014 -0.043347
v -0.000552 -0.000013 -0.037021
v -0.001069 -0.004319 -0.043599
v -0.000592 -0.004102 -0.037276
v -0.001120 -0.008583 -0.044344
v -0.000719 -0.008155 -0.038032
v -0.001317 -0.016834 -0.047266
v -0.001205 -0.016006 -0.040985
v -0.001966 -0.023299 -0.045730
v -0.011712 -0.040274 -0.109011
v -0.010120 -0.043052 -0.099511
v -0.012250 -0.041536 -0.102231
v -0.011298 -0.042716 -0.097452
v -0.013269 -0.042004 -0.092448
v -0.012020 -0.042673 -0.087729
v -0.013345 -0.041923 -0.081953
v -0.011876 -0.042006 -0.077430
v -0.012669 -0.041206 -0.071218
v -0.026855 0.003578 -0.103379
v -0.026912 0.000016 -0.103574
v -0.026708 -0.007088 -0.102801
v -0.026099 0.014052 -0.100540
v -0.025294 0.007387 -0.113295
v -0.025447 0.003713 -0.113932
v -0.025502 0.000015 -0.114147
v -0.025305 -0.007357 -0.113295
v -0.024736 -0.014536 -0.110805
v -0.023822 -0.021333 -0.106807
v -0.022556 -0.027566 -0.101472
v -0.020893 -0.033040 -0.095000
v -0.018734 -0.037501 -0.087624
v -0.017422 -0.039222 -0.083674
v -0.015936 -0.040479 -0.079596
v -0.014317 -0.041151 -0.075429
v -0.012990 -0.035929 -0.117769
v -0.014004 -0.030318 -0.125467
v -0.014790 -0.023676 -0.131816
v -0.015363 -0.016236 -0.136569
v -0.015719 -0.008252 -0.139523
v -0.013640 -0.004195 -0.142129
v -0.011246 0.000009 -0.143625
v -0.011222 0.004265 -0.143372
v -0.013188 -0.040403 -0.064490
v -0.013620 -0.038865 -0.050151
v -0.014993 -0.040376 -0.068338
v -0.015694 -0.038892 -0.053181
v -0.016763 -0.039702 -0.072144
v -0.017720 -0.038215 -0.056177
v -0.018378 -0.038419 -0.075865
v -0.019549 -0.036880 -0.059097
v -0.019794 -0.036664 -0.079465
v -0.021130 -0.035062 -0.061914
v -0.022097 -0.032168 -0.086180
v -0.023648 -0.030499 -0.067147
v -0.023847 -0.026736 -0.092064
v -0.025513 -0.025146 -0.071714
v -0.025168 -0.020627 -0.096911
v -0.026894 -0.019273 -0.075466
v -0.026118 -0.014023 -0.100541
v -0.027876 -0.013040 -0.078269
v -0.028484 -0.006572 -0.080012
v -0.009776 -0.037126 -0.044130
v -0.011629 -0.038231 -0.047123
v -0.011452 -0.039859 -0.060645
v -0.006946 -0.035740 -0.049493
v -0.005695 -0.035699 -0.055687
v -0.004498 -0.031490 -0.042709
v -0.004717 -0.033428 -0.051793
v -0.002436 -0.026333 -0.036737
v -0.002993 -0.028111 -0.044755
v -0.001579 -0.021912 -0.038937
v -0.001444 -0.024627 -0.028357
v -0.000747 -0.020443 -0.031801
v 0.000444 -0.019033 -0.024493
v -0.000502 -0.015021 -0.034572
v 0.001891 -0.012977 -0.021595
v 0.002832 -0.006586 -0.019789
v -0.009830 -0.038849 -0.056841
v -0.008329 -0.037457 -0.053112
v -0.006505 -0.033881 -0.038357
v -0.003751 -0.029629 -0.033036
v 0.000431 -0.000012 -0.030917
v 0.003163 -0.000010 -0.019171
v 0.000373 -0.003845 -0.031153
v 0.000191 -0.007645 -0.031850
v 0.004904 -0.000010 -0.013362
v 0.004538 -0.006142 -0.013805
v 0.003502 -0.012118 -0.015101
v 0.001915 -0.017823 -0.017183
v -0.000154 -0.023162 -0.019963
v -0.002686 -0.028032 -0.023335
v -0.005717 -0.032284 -0.027177
v -0.009336 -0.035647 -0.031357
v -0.011395 -0.036835 -0.033530
v -0.013611 -0.037544 -0.035732
v -0.006965 -0.032909 -0.046822
v -0.008054 -0.034718 -0.050392
v -0.007722 -0.032906 -0.039112
v -0.022876 -0.023410 -0.095788
v -0.023467 -0.020341 -0.098093
v -0.024494 -0.019666 -0.087580
v -0.021671 -0.003753 -0.124292
v -0.021715 0.000013 -0.124524
v -0.023693 0.000014 -0.115262
v -0.005337 -0.043037 -0.093198
v -0.006555 -0.042739 -0.091907
v -0.005977 -0.042412 -0.087060
v -0.001427 -0.004402 -0.050472
v -0.001385 -0.008744 -0.051188
v -0.002408 -0.008712 -0.048193
v -0.015880 -0.003959 -0.137739
v -0.015910 0.000010 -0.137985
v -0.017602 0.000011 -0.135374
v -0.005828 0.033572 -0.056836
v -0.006082 0.032696 -0.052621
v -0.006854 0.034753 -0.056614
v -0.003193 0.027557 -0.055858
v -0.003234 0.030575 -0.059302
v -0.002074 0.031016 -0.062015
v -0.003225 0.020182 -0.046907
v -0.002992 0.016403 -0.044665
v -0.002866 0.015975 -0.041391
v -0.034836 0.010846 0.038569
v -0.033895 0.014336 0.038618
v -0.035588 0.015626 0.055194
v -0.006276 0.041027 0.049649
v -0.002665 0.041133 0.050084
v -0.000153 0.042169 0.060592
v -0.029246 0.005720 -0.037189
v -0.028588 0.011386 -0.036397
v -0.029531 0.011077 -0.019131
v 0.002843 0.026932 0.013118
v 0.006382 0.022242 0.013460
v 0.010793 0.024274 0.025501
v 0.001979 0.016483 -0.009962
v 0.003713 0.011183 -0.008455
v 0.005891 0.010827 -0.001739
v 0.004898 -0.005678 -0.007505
v 0.003766 -0.011219 -0.008451
v 0.005943 -0.010864 -0.001734
v 0.002137 -0.043441 0.077465
v 0.001735 -0.043057 0.071819
v -0.002425 -0.042884 0.071010
v -0.006296 -0.042613 0.075705
v -0.006533 -0.042242 0.070209
v -0.010539 -0.041143 0.069432
v -0.029257 -0.005688 -0.037189
v -0.029481 0.000017 -0.037459
v -0.030504 0.000018 -0.019745
v 0.008413 0.044364 -0.095282
v 0.008137 0.044112 -0.092774
v 0.004793 0.044131 -0.092859
v 0.005333 0.032799 -0.067352
v 0.005177 0.031337 -0.065935
v 0.004058 0.031381 -0.065941
v 0.004937 0.029101 -0.063767
v 0.004854 0.028123 -0.063019
v 0.003745 0.028152 -0.063027
v -0.042580 0.000025 0.083561
v -0.043795 0.000026 0.092302
v -0.043587 -0.004330 0.092325
v 0.010246 0.043259 0.098249
v 0.008923 0.043490 0.098104
v 0.009659 0.043374 0.092237
v 0.005424 0.044102 0.097718
v 0.004646 0.044148 0.097633
v 0.005408 0.044025 0.091552
v -0.004547 0.044135 0.096621
v -0.008280 0.043508 0.096210
v -0.007433 0.043406 0.089459
v -0.042368 0.004350 0.083599
v -0.043563 0.004381 0.092327
v -0.041739 0.008633 0.083712
v -0.042920 0.008683 0.092398
v -0.043534 0.004920 0.092330
v -0.040699 0.012835 0.083897
v -0.041849 0.012893 0.092515
v -0.042753 0.009707 0.092416
v -0.039455 0.019269 0.092778
v -0.040396 0.016987 0.092675
v -0.039258 0.016914 0.084151
v -0.041330 0.014723 0.092572
v -0.037429 0.020832 0.084469
v -0.038550 0.020921 0.092878
v -0.035230 0.024551 0.084848
v -0.036331 0.024654 0.093122
v -0.037111 0.023548 0.093036
v -0.026635 0.034173 0.086301
v -0.030874 0.031428 0.093723
v -0.029807 0.031254 0.085769
v -0.033777 0.028168 0.093403
v -0.032681 0.028036 0.085283
v -0.034140 0.027761 0.093363
v -0.023194 0.036765 0.086873
v -0.027254 0.034684 0.094121
v -0.027660 0.034318 0.094076
v -0.019518 0.039006 0.087480
v -0.023077 0.037661 0.094581
v -0.024165 0.036886 0.094461
v -0.015641 0.040872 0.088117
v -0.018788 0.040035 0.095053
v -0.020452 0.039114 0.094870
v -0.009373 0.043324 0.096089
v -0.012470 0.042431 0.095748
v -0.011600 0.042345 0.088778
v -0.014302 0.041903 0.095547
v -0.016542 0.040970 0.095300
v 0.013115 0.042421 0.098565
v 0.013827 0.042305 0.092906
v 0.014909 0.041897 0.098763
v 0.017872 0.040829 0.093551
v 0.017181 0.040942 0.099013
v 0.019632 0.039912 0.099283
v 0.021754 0.038961 0.094168
v 0.021093 0.039091 0.099444
v 0.023906 0.037511 0.099754
v 0.025437 0.036720 0.094750
v 0.024808 0.036863 0.099853
v 0.027858 0.034673 0.100189
v 0.028885 0.034127 0.095294
v 0.028292 0.034280 0.100237
v 0.032065 0.031207 0.095794
v 0.031511 0.031366 0.100592
v 0.031666 0.031225 0.100609
v 0.034947 0.027988 0.096246
v 0.034397 0.028119 0.100910
v 0.034910 0.027536 0.100966
v 0.037503 0.024501 0.096644
v 0.036958 0.024611 0.101192
v 0.037707 0.023542 0.101274
v 0.039709 0.020780 0.096986
v 0.039161 0.020868 0.101435
v 0.040169 0.019015 0.101546
v 0.041543 0.016861 0.097268
v 0.041010 0.016937 0.101638
v 0.042016 0.014455 0.101749
v 0.042989 0.012780 0.097488
v 0.042470 0.012842 0.101800
v 0.043341 0.009754 0.101896
v 0.044031 0.008578 0.097645
v 0.043526 0.008623 0.101916
v 0.044174 0.004659 0.101988
v 0.044660 0.004294 0.097739
v 0.044191 0.004321 0.101990
v 0.044869 -0.000031 0.097769
v 0.044405 -0.000030 0.102013
v 0.044655 -0.004354 0.097735
v 0.044166 -0.004379 0.101987
v 0.044417 -0.000259 0.102015
v 0.043232 -0.010214 0.101885
v 0.043500 -0.008678 0.101914
v 0.044022 -0.008637 0.097638
v 0.044120 -0.005134 0.101982
v 0.042975 -0.012836 0.097479
v 0.042442 -0.012895 0.101798
v 0.041525 -0.016914 0.097257
v 0.040983 -0.016989 0.101638
v 0.041841 -0.014937 0.101732
v 0.039686 -0.020829 0.096975
v 0.039133 -0.020918 0.101434
v 0.039958 -0.019440 0.101525
v 0.034584 -0.027928 0.100934
v 0.036928 -0.024661 0.101192
v 0.037475 -0.024545 0.096633
v 0.037449 -0.023935 0.101249
v 0.032029 -0.031240 0.095785
v 0.031461 -0.031400 0.100590
v 0.034367 -0.028171 0.100910
v 0.028846 -0.034154 0.095286
v 0.028228 -0.034294 0.100234
v 0.031325 -0.031551 0.100575
v 0.025395 -0.036741 0.094743
v 0.024746 -0.036873 0.099851
v 0.027472 -0.034964 0.100151
v 0.021710 -0.038976 0.094161
v 0.021034 -0.039101 0.099442
v 0.023455 -0.037778 0.099709
v 0.017826 -0.040838 0.093546
v 0.017123 -0.040950 0.099012
v 0.019188 -0.040110 0.099239
v 0.013781 -0.042307 0.092901
v 0.013058 -0.042429 0.098565
v 0.014433 -0.042045 0.098716
v 0.009612 -0.043370 0.092234
v 0.008867 -0.043500 0.098103
v 0.009717 -0.043362 0.098197
v 0.005361 -0.044015 0.091548
v 0.004590 -0.044157 0.097632
v 0.004925 -0.044141 0.097669
v 0.001067 -0.044235 0.090852
v 0.000265 -0.044362 0.097156
v -0.003226 -0.044023 0.090152
v -0.004054 -0.044125 0.096680
v -0.000196 -0.044384 0.097105
v -0.007477 -0.043381 0.089458
v -0.008329 -0.043471 0.096210
v -0.005079 -0.044056 0.096568
v -0.011641 -0.042315 0.088777
v -0.012516 -0.042396 0.095749
v -0.009858 -0.043196 0.096041
v -0.015681 -0.040839 0.088116
v -0.016587 -0.040937 0.095300
v -0.014771 -0.041718 0.095500
v -0.023498 -0.037377 0.094539
v -0.020498 -0.039084 0.094870
v -0.019555 -0.038969 0.087480
v -0.019271 -0.039782 0.095005
v -0.026666 -0.034130 0.086301
v -0.027645 -0.034350 0.094082
v -0.024212 -0.036856 0.094460
v -0.031255 -0.031024 0.093685
v -0.030902 -0.031349 0.093723
v -0.029835 -0.031209 0.085769
v -0.032706 -0.027989 0.085283
v -0.033790 -0.028109 0.093405
v -0.035252 -0.024503 0.084848
v -0.036345 -0.024599 0.093124
v -0.034452 -0.027348 0.093332
v -0.037448 -0.020782 0.084469
v -0.038565 -0.020869 0.092879
v -0.037369 -0.023111 0.093011
v -0.039273 -0.016864 0.084151
v -0.040414 -0.016938 0.092675
v -0.039672 -0.018792 0.092757
v -0.041747 -0.008583 0.083712
v -0.042846 -0.009262 0.092407
v -0.040711 -0.012784 0.083897
v -0.041868 -0.012844 0.092515
v -0.041473 -0.014290 0.092558
v -0.040905 -0.004219 0.073291
v -0.043583 -0.004429 0.092325
v -0.042942 -0.008633 0.092396
v -0.041108 0.000025 0.073238
v 0.013455 -0.000011 -0.141235
v 0.002862 0.000003 -0.142310
v 0.013455 -0.000180 -0.141235
v 0.002856 -0.004297 -0.142089
v 0.013424 -0.004350 -0.140966
v 0.013416 -0.005353 -0.140901
v 0.013415 -0.005562 -0.140888
v 0.002843 -0.008557 -0.141429
v 0.013350 -0.008650 -0.140316
v 0.013308 -0.010685 -0.139938
v 0.002821 -0.012736 -0.140338
v 0.013232 -0.012865 -0.139258
v 0.013132 -0.015744 -0.138360
v 0.002790 -0.016796 -0.138827
v 0.013128 -0.015855 -0.138326
v 0.013073 -0.016970 -0.137827
v 0.008020 -0.016950 -0.138400
v 0.012897 -0.020513 -0.136243
v 0.007892 -0.020881 -0.136529
v 0.012870 -0.020917 -0.136003
v 0.007737 -0.024612 -0.134281
v 0.012583 -0.025212 -0.133409
v 0.012605 -0.024955 -0.133605
v 0.012624 -0.024657 -0.133782
v 0.012336 -0.028134 -0.131177
v 0.007558 -0.028107 -0.131675
v 0.012259 -0.029051 -0.130477
v 0.007354 -0.031332 -0.128739
v 0.012014 -0.031345 -0.128260
v 0.011863 -0.032754 -0.126898
v 0.007128 -0.034256 -0.125499
v 0.011802 -0.033207 -0.126345
v 0.006881 -0.036852 -0.121988
v 0.011423 -0.036014 -0.122914
v 0.011660 -0.034262 -0.125055
v 0.006616 -0.039094 -0.118238
v 0.010945 -0.038786 -0.118582
v 0.011277 -0.036861 -0.121590
v 0.006040 -0.042430 -0.110170
v 0.010435 -0.041033 -0.113959
v 0.006335 -0.040960 -0.114286
v 0.010835 -0.039269 -0.117589
v 0.010869 -0.039120 -0.117894
v 0.009740 -0.043049 -0.107650
v 0.009900 -0.042725 -0.109107
v 0.009988 -0.042446 -0.109906
v 0.009525 -0.043480 -0.105705
v 0.005734 -0.043491 -0.105931
v 0.009348 -0.043838 -0.104093
v 0.005419 -0.044131 -0.101608
v 0.009054 -0.044110 -0.101429
v 0.008785 -0.044358 -0.098984
v 0.005094 -0.044344 -0.097243
v 0.008579 -0.044329 -0.097112
v 0.004760 -0.044127 -0.092879
v 0.008220 -0.044278 -0.093850
v 0.008578 -0.044329 -0.097102
v 0.004418 -0.043485 -0.088558
v 0.007659 -0.043598 -0.088760
v 0.008103 -0.044137 -0.092793
v 0.007112 -0.042328 -0.083783
v 0.007170 -0.042462 -0.084309
v 0.004070 -0.042424 -0.084321
v 0.007417 -0.043036 -0.086558
v 0.007632 -0.043533 -0.088506
v 0.006084 -0.038094 -0.074434
v 0.006294 -0.039097 -0.076344
v 0.005115 -0.039152 -0.076386
v 0.006325 -0.039245 -0.076626
v 0.005512 -0.041013 -0.080308
v 0.006584 -0.040485 -0.078986
v 0.006723 -0.040969 -0.080246
v 0.005887 -0.036862 -0.072636
v 0.004734 -0.036914 -0.072664
v 0.005618 -0.035187 -0.070189
v 0.004373 -0.034321 -0.069179
v 0.005504 -0.034284 -0.069154
v 0.004812 -0.027990 -0.062845
v 0.004830 -0.028168 -0.063007
v 0.003724 -0.028172 -0.063049
v 0.005150 -0.031384 -0.065928
v 0.004035 -0.031397 -0.065963
v 0.005192 -0.031804 -0.066309
v 0.005365 -0.033176 -0.067883
v 0.004592 -0.025180 -0.060834
v 0.003445 -0.024676 -0.060462
v 0.004551 -0.024650 -0.060456
v 0.003201 -0.020941 -0.058229
v 0.004309 -0.020909 -0.058249
v 0.004484 -0.023798 -0.059845
v 0.002996 -0.017005 -0.056370
v 0.002831 -0.012903 -0.054904
v 0.003997 -0.014507 -0.055392
v 0.004051 -0.015719 -0.055889
v 0.004107 -0.016976 -0.056404
v 0.004211 -0.019283 -0.057350
v 0.002700 -0.008675 -0.053837
v 0.003839 -0.009535 -0.054000
v 0.003945 -0.012886 -0.054938
v 0.002564 -0.000016 -0.052953
v 0.003731 -0.004434 -0.053193
v 0.002602 -0.004364 -0.053180
v 0.003750 -0.005341 -0.053336
v 0.003821 -0.008671 -0.053863
v 0.003742 0.004332 -0.053245
v 0.003699 0.000727 -0.052979
v 0.003703 -0.000015 -0.053010
v 0.002605 0.004333 -0.053176
v 0.003754 0.005354 -0.053320
v 0.003760 0.005875 -0.053359
v 0.002840 0.012874 -0.054893
v 0.003955 0.012852 -0.054932
v 0.003887 0.010946 -0.054331
v 0.004298 0.020578 -0.057993
v 0.004118 0.016955 -0.056370
v 0.003008 0.016978 -0.056356
v 0.004064 0.015869 -0.055883
v 0.004059 0.015746 -0.055844
v 0.003216 0.020916 -0.058212
v 0.004320 0.020907 -0.058189
v 0.004608 0.025217 -0.060793
v 0.004590 0.025009 -0.060633
v 0.003463 0.024653 -0.060443
v 0.004566 0.024644 -0.060416
v 0.005389 0.033211 -0.067858
v 0.004398 0.034307 -0.069155
v 0.005531 0.034257 -0.069139
v 0.004761 0.036903 -0.072640
v 0.005913 0.036859 -0.072604
v 0.005774 0.036053 -0.071340
v 0.005144 0.039144 -0.076361
v 0.006321 0.039121 -0.076301
v 0.006252 0.038819 -0.075676
v 0.005543 0.041009 -0.080284
v 0.006752 0.041012 -0.080204
v 0.006356 0.039273 -0.076614
v 0.007452 0.043053 -0.086554
v 0.007298 0.042745 -0.085157
v 0.004102 0.042423 -0.084298
v 0.007203 0.042445 -0.084294
v 0.006763 0.041060 -0.080303
v 0.007850 0.043851 -0.090172
v 0.004451 0.043486 -0.088536
v 0.007666 0.043481 -0.088495
v 0.008614 0.044332 -0.097102
v 0.008613 0.044333 -0.097092
v 0.005128 0.044349 -0.097225
v 0.009539 0.043589 -0.105505
v 0.009088 0.044141 -0.101413
v 0.005453 0.044138 -0.101591
v 0.008979 0.044276 -0.100416
v 0.009774 0.043039 -0.107646
v 0.009560 0.043538 -0.105702
v 0.005768 0.043499 -0.105916
v 0.010086 0.042312 -0.110480
v 0.010022 0.042461 -0.109899
v 0.006074 0.042439 -0.110158
v 0.010613 0.040462 -0.115275
v 0.010469 0.040967 -0.113965
v 0.006367 0.040968 -0.114276
v 0.011113 0.038064 -0.119823
v 0.010898 0.039095 -0.117868
v 0.006647 0.039102 -0.118230
v 0.010866 0.039248 -0.117578
v 0.011579 0.035151 -0.124064
v 0.011306 0.036859 -0.121577
v 0.006911 0.036861 -0.121981
v 0.012004 0.031763 -0.127940
v 0.011826 0.033178 -0.126321
v 0.007155 0.034264 -0.125494
v 0.011688 0.034280 -0.125060
v 0.007379 0.031339 -0.128736
v 0.012042 0.031379 -0.128287
v 0.007580 0.028113 -0.131673
v 0.012362 0.028157 -0.131205
v 0.007758 0.024617 -0.134279
v 0.012599 0.025182 -0.133369
v 0.012383 0.027944 -0.131398
v 0.002720 0.024414 -0.134607
v 0.012711 0.023748 -0.134392
v 0.012642 0.024639 -0.133756
v 0.013140 0.015721 -0.138314
v 0.013085 0.016962 -0.137807
v 0.002805 0.016803 -0.138827
v 0.012984 0.019225 -0.136883
v 0.002832 0.012743 -0.140338
v 0.013244 0.012870 -0.139271
v 0.013196 0.014467 -0.138826
v 0.002850 0.008563 -0.141430
v 0.013362 0.008655 -0.140354
v 0.013348 0.009424 -0.140230
v 0.013419 0.005346 -0.140887
v 0.002860 0.004303 -0.142089
v 0.013429 0.004782 -0.140979
v 0.013431 0.004349 -0.141004
v 0.013455 -0.000001 -0.141235
v 0.013455 0.000008 -0.141235
v 0.013455 0.000432 -0.141233
v -0.032549 0.000019 0.009665
v -0.034101 0.000020 0.023728
v -0.034000 -0.003262 0.023728
v -0.036065 0.000022 0.038503
v -0.038235 -0.003960 0.054780
v -0.030487 -0.019097 0.023736
v -0.031274 -0.020953 0.038756
v -0.027731 -0.025913 0.031114
v -0.036825 -0.011795 0.055003
v -0.035604 -0.015581 0.055193
v -0.033913 -0.014295 0.038617
v -0.033187 -0.009762 0.023730
v -0.038411 0.000023 0.054751
v -0.032228 -0.005930 0.009688
v -0.033694 -0.006529 0.023729
v -0.037705 -0.007911 0.054865
v -0.040292 -0.008425 0.073446
v -0.039275 -0.012552 0.073698
v -0.030260 -0.005525 -0.019589
v -0.031418 0.000018 -0.004467
v -0.031145 -0.005589 -0.004391
v -0.036626 -0.016123 0.064319
v -0.037866 -0.016564 0.074042
v -0.028609 -0.011356 -0.036398
v -0.029553 -0.011047 -0.019132
v -0.030344 -0.011165 -0.004171
v -0.031276 -0.011811 0.009751
v -0.032482 -0.012946 0.023731
v -0.032718 -0.017686 0.038680
v -0.034053 -0.019237 0.055432
v -0.034918 -0.019891 0.064669
v -0.036075 -0.020422 0.074471
v -0.029589 -0.024073 0.038845
v -0.032184 -0.022733 0.055716
v -0.030012 -0.026037 0.056043
v -0.032863 -0.023484 0.065085
v -0.030479 -0.026868 0.065561
v -0.033921 -0.024091 0.074979
v -0.031422 -0.027537 0.075560
v -0.028603 -0.030728 0.076207
v -0.027785 -0.030012 0.066094
v -0.027555 -0.029123 0.056411
v -0.027672 -0.027021 0.038947
v -0.004082 -0.042009 0.059972
v -0.006295 -0.041006 0.049648
v -0.007932 -0.041371 0.059364
v -0.009846 -0.040373 0.049222
v -0.011670 -0.040252 0.058785
v -0.014880 -0.038141 0.039745
v -0.025487 -0.033632 0.076912
v -0.024805 -0.032888 0.066677
v -0.024830 -0.031961 0.056817
v -0.025530 -0.029771 0.039065
v -0.023229 -0.036725 0.086873
v -0.018482 -0.038471 0.078470
v -0.022103 -0.036222 0.077669
v -0.021563 -0.035467 0.067307
v -0.018123 -0.038124 0.073235
v -0.014655 -0.040356 0.079309
v -0.023758 -0.031129 0.031212
v -0.023172 -0.032297 0.039199
v -0.020606 -0.034566 0.039352
v -0.021859 -0.034524 0.057258
v -0.018660 -0.036783 0.057733
v -0.018086 -0.037722 0.067978
v -0.014344 -0.040017 0.074026
v -0.010656 -0.041851 0.080182
v -0.002104 -0.043255 0.076581
v -0.002297 -0.043573 0.081998
v 0.001976 -0.043770 0.082921
v 0.007159 -0.005489 -0.001142
v 0.008443 -0.010968 0.005438
v 0.009737 -0.005541 0.005760
v 0.011520 -0.011639 0.013943
v 0.012908 -0.005892 0.014069
v 0.016652 -0.012847 0.025675
v 0.018213 -0.006523 0.025720
v 0.006249 -0.043525 0.083836
v 0.006376 -0.043180 0.078341
v 0.010476 -0.042853 0.084734
v 0.000914 -0.042625 0.066150
v 0.005893 -0.042777 0.072622
v 0.010568 -0.042490 0.079200
v 0.014616 -0.041766 0.085606
v -0.007601 -0.033015 0.001397
v -0.006039 -0.034190 0.012210
v -0.003591 -0.032747 0.012470
v -0.003293 -0.036241 0.024936
v -0.000566 -0.034886 0.025076
v 0.001459 -0.038701 0.041147
v 0.004635 -0.037451 0.041386
v 0.004488 -0.039929 0.050908
v 0.007948 -0.038730 0.051286
v 0.007584 -0.041073 0.061786
v 0.011343 -0.039919 0.062351
v 0.012844 -0.040460 0.068214
v 0.016615 -0.038948 0.068852
v 0.017908 -0.039451 0.074899
v 0.021636 -0.037583 0.075597
v 0.022455 -0.038028 0.081606
v 0.026067 -0.035805 0.082335
v 0.026129 -0.036182 0.088014
v 0.029546 -0.033611 0.088729
v 0.027048 -0.007274 0.042789
v 0.026267 -0.010825 0.042740
v 0.031772 -0.011370 0.053687
v 0.002028 -0.033228 0.025194
v 0.007683 -0.035864 0.041601
v 0.010583 -0.033975 0.041794
v 0.011282 -0.037178 0.051638
v 0.014464 -0.035299 0.051965
v 0.014975 -0.038396 0.062888
v 0.018451 -0.036525 0.063397
v 0.020227 -0.037079 0.069459
v 0.023648 -0.034875 0.070031
v 0.025168 -0.035369 0.076257
v 0.028475 -0.032831 0.076876
v 0.029448 -0.033249 0.083018
v 0.032567 -0.030385 0.083652
v 0.032697 -0.030725 0.089390
v 0.035552 -0.027550 0.089994
v 0.034915 -0.028027 0.096236
v 0.006767 -0.029170 0.025377
v 0.013315 -0.031809 0.041968
v 0.015861 -0.029390 0.042124
v 0.017470 -0.033119 0.052268
v 0.020277 -0.030659 0.052547
v 0.021741 -0.034329 0.063875
v 0.024818 -0.031830 0.064319
v 0.026849 -0.032356 0.070566
v 0.029802 -0.029547 0.071061
v 0.031525 -0.029994 0.077450
v 0.034290 -0.026882 0.077973
v 0.035393 -0.027240 0.084230
v 0.037902 -0.023841 0.084749
v 0.038086 -0.024117 0.090534
v 0.040273 -0.020459 0.091006
v 0.010837 -0.024313 0.025509
v 0.018202 -0.026741 0.042263
v 0.020322 -0.023884 0.042388
v 0.022863 -0.027944 0.052801
v 0.025206 -0.024995 0.053031
v 0.027655 -0.029051 0.064730
v 0.030228 -0.026015 0.065103
v 0.032479 -0.026472 0.071512
v 0.034857 -0.023159 0.071916
v 0.036745 -0.023524 0.078443
v 0.038867 -0.019950 0.078853
v 0.040069 -0.020222 0.085202
v 0.041874 -0.016415 0.085585
v 0.042093 -0.016608 0.091403
v 0.043529 -0.012602 0.091722
v 0.014162 -0.018825 0.025605
v 0.022204 -0.020841 0.042498
v 0.023832 -0.017633 0.042594
v 0.027286 -0.021837 0.053236
v 0.029085 -0.018496 0.053414
v 0.032513 -0.022751 0.065437
v 0.034488 -0.019285 0.065728
v 0.036913 -0.019636 0.072269
v 0.038626 -0.015936 0.072567
v 0.040635 -0.016193 0.079200
v 0.042031 -0.012286 0.079479
v 0.043298 -0.012455 0.085893
v 0.044326 -0.008379 0.086119
v 0.044565 -0.008478 0.091956
v 0.045191 -0.004275 0.092100
v -0.000240 0.021468 -0.011954
v 0.004014 0.015999 -0.002682
v 0.008394 0.010929 0.005432
v 0.006373 0.016152 0.004918
v 0.011474 0.011600 0.013936
v 0.009279 0.017095 0.013733
v 0.016612 0.012805 0.025668
v 0.014115 0.018783 0.025597
v 0.003736 0.021100 0.004237
v 0.000527 0.025685 0.003410
v -0.003250 0.029756 0.002457
v -0.026715 0.021821 -0.017385
v -0.026024 0.022327 -0.033391
v -0.024482 0.026830 -0.016132
v -0.023985 0.027366 -0.031267
v -0.023098 0.029135 -0.015417
v -0.022716 0.029667 -0.030073
v -0.021504 0.031215 -0.014643
v -0.021249 0.031732 -0.028798
v -0.019688 0.032950 -0.013810
v -0.019576 0.033443 -0.027451
v -0.017677 0.034169 -0.012913
v -0.017726 0.034635 -0.026035
v -0.015513 0.034731 -0.011958
v -0.015749 0.035175 -0.024557
v -0.013255 0.034624 -0.010969
v -0.013702 0.035070 -0.023037
v -0.010989 0.033930 -0.009978
v -0.011650 0.034400 -0.021505
v -0.008798 0.032772 -0.009003
v -0.009666 0.033277 -0.019986
v -0.004798 0.029512 -0.007139
v -0.006041 0.030080 -0.017056
v -0.001345 0.025456 -0.005432
v -0.002909 0.026049 -0.014348
v 0.001589 0.020903 -0.003930
v -0.027526 0.016950 -0.035117
v -0.028365 0.016522 -0.018390
v -0.027132 0.022005 -0.003322
v -0.024636 0.027020 -0.002695
v -0.023108 0.029323 -0.002325
v -0.021365 0.031402 -0.001913
v -0.019397 0.033140 -0.001449
v -0.017224 0.034372 -0.000928
v -0.014882 0.034953 -0.000355
v -0.012436 0.034859 0.000239
v -0.009981 0.034172 0.000826
v -0.007605 0.033018 0.001394
v -0.024589 0.028105 0.010213
v -0.022860 0.030399 0.010350
v -0.022109 0.032302 0.023844
v -0.019847 0.034316 0.023913
v -0.020919 0.032455 0.010519
v -0.017381 0.035982 0.024019
v -0.018760 0.034170 0.010729
v -0.014730 0.037181 0.024174
v -0.016401 0.035395 0.010993
v -0.011923 0.037794 0.024372
v -0.013872 0.035992 0.011301
v -0.009026 0.037793 0.024580
v -0.011241 0.035934 0.011620
v -0.006127 0.037244 0.024770
v -0.008604 0.035294 0.011925
v -0.003296 0.036244 0.024934
v -0.006043 0.034192 0.012207
v -0.000578 0.034878 0.025072
v -0.003605 0.032737 0.012466
v 0.002008 0.033211 0.025189
v -0.001307 0.031008 0.012703
v 0.006732 0.029139 0.025371
v 0.025163 0.014240 0.042669
v 0.023800 0.017588 0.042587
v 0.018745 -0.000019 0.025735
v 0.027677 -0.000024 0.042829
v 0.027511 0.003617 0.042817
v 0.033324 -0.000026 0.053851
v 0.033144 0.003800 0.053831
v 0.039137 -0.000029 0.066440
v 0.038942 0.003967 0.066408
v 0.018189 0.006483 0.025716
v 0.027030 0.007228 0.042785
v 0.026243 0.010778 0.042736
v 0.032618 0.007593 0.053774
v 0.031755 0.011320 0.053683
v 0.038369 0.007927 0.066317
v 0.037425 0.011814 0.066171
v 0.022171 0.020797 0.042491
v 0.020290 0.023843 0.042381
v 0.018172 0.026703 0.042257
v 0.015834 0.029356 0.042118
v 0.032632 -0.007645 0.053776
v 0.037436 -0.011869 0.066173
v 0.038377 -0.007983 0.066319
v 0.040958 -0.008132 0.072984
v 0.041550 -0.004100 0.073093
v 0.043650 -0.004167 0.079810
v 0.043854 -0.000031 0.079854
v 0.045157 -0.000031 0.086306
v 0.043648 0.004107 0.079810
v 0.044948 0.004163 0.086258
v 0.043037 0.008206 0.079683
v 0.044326 0.008319 0.086119
v 0.042028 0.012229 0.079478
v 0.043299 0.012397 0.085893
v 0.040633 0.016138 0.079199
v 0.041877 0.016360 0.085586
v 0.038866 0.019899 0.078852
v 0.040074 0.020171 0.085203
v 0.036746 0.023476 0.078442
v 0.037910 0.023794 0.084749
v 0.034293 0.026839 0.077973
v 0.035403 0.027197 0.084231
v 0.031530 0.029956 0.077450
v 0.032579 0.030348 0.083653
v 0.028483 0.032799 0.076877
v 0.029464 0.033218 0.083020
v 0.025180 0.035343 0.076258
v 0.026086 0.035780 0.082337
v 0.021650 0.037563 0.075599
v 0.022476 0.038009 0.081609
v 0.017926 0.039438 0.074901
v 0.018668 0.039884 0.080841
v 0.014039 0.040946 0.074170
v 0.014696 0.041384 0.080038
v 0.010024 0.042069 0.073410
v 0.010596 0.042492 0.079204
v 0.005919 0.042785 0.072626
v 0.006406 0.043188 0.078345
v 0.001763 0.043071 0.071823
v 0.000937 0.042640 0.066153
v 0.004977 0.042332 0.066862
v 0.008964 0.041594 0.067552
v 0.012859 0.040453 0.068217
v 0.016627 0.038935 0.068854
v 0.020235 0.037059 0.069460
v 0.023653 0.034848 0.070031
v 0.026851 0.032323 0.070565
v 0.029801 0.029509 0.071059
v 0.032476 0.026429 0.071510
v 0.034852 0.023112 0.071914
v 0.036906 0.019586 0.072267
v 0.038619 0.015882 0.072566
v 0.039972 0.012033 0.072806
v 0.040952 0.008075 0.072983
v 0.041546 0.004041 0.073092
v 0.041747 -0.000030 0.073130
v 0.038947 -0.004024 0.066409
v 0.033152 -0.003852 0.053832
v 0.027520 -0.003664 0.042819
v 0.025191 -0.014287 0.042675
v 0.030586 -0.014997 0.053565
v 0.036135 -0.015647 0.065975
v 0.039979 -0.012090 0.072807
v 0.043040 -0.008265 0.079684
v 0.044948 -0.004225 0.086258
v 0.045402 -0.000031 0.092150
v 0.045193 0.004213 0.092101
v 0.044568 0.008418 0.091957
v 0.043534 0.012544 0.091723
v 0.042101 0.016553 0.091405
v 0.040284 0.020408 0.091007
v 0.038100 0.024071 0.090536
v 0.035569 0.027508 0.089996
v 0.032717 0.030689 0.089393
v 0.029569 0.033581 0.088731
v 0.026155 0.036158 0.088017
v 0.022507 0.038395 0.087256
v 0.018660 0.040269 0.086452
v 0.014648 0.041761 0.085611
v 0.010510 0.042855 0.084738
v 0.003749 0.041837 0.061200
v 0.000944 0.040750 0.050508
v 0.007598 0.041074 0.061789
v 0.004495 0.039931 0.050909
v 0.011353 0.039913 0.062353
v 0.007950 0.038724 0.051286
v 0.014981 0.038382 0.062889
v 0.011279 0.037164 0.051637
v 0.018453 0.036504 0.063397
v 0.014456 0.035278 0.051963
v 0.021740 0.034302 0.063874
v 0.017457 0.033091 0.052265
v 0.024813 0.031797 0.064318
v 0.020260 0.030626 0.052543
v 0.027648 0.029012 0.064727
v 0.022843 0.027906 0.052796
v 0.030218 0.025973 0.065100
v 0.025184 0.024953 0.053026
v 0.032501 0.022705 0.065433
v 0.027263 0.021792 0.053230
v 0.034476 0.019235 0.065725
v 0.029063 0.018448 0.053409
v 0.036123 0.015595 0.065972
v 0.030565 0.014948 0.053561
v -0.023144 0.032326 0.039201
v -0.023728 0.031154 0.031214
v -0.024168 0.030022 0.023799
v -0.027476 0.023041 0.010004
v -0.004059 0.042029 0.059974
v -0.009823 0.040395 0.049223
v -0.007908 0.041394 0.059366
v -0.013247 0.039256 0.048830
v -0.018632 0.036813 0.057735
v -0.020578 0.034591 0.039354
v -0.017812 0.036557 0.039534
v 0.013293 0.031780 0.041963
v 0.010566 0.033952 0.041790
v 0.007672 0.035850 0.041598
v 0.004630 0.037444 0.041384
v 0.001461 0.038703 0.041147
v -0.001808 0.039582 0.040884
v -0.005139 0.040021 0.040596
v -0.008471 0.039951 0.040294
v -0.011731 0.039324 0.040002
v -0.014856 0.038163 0.039746
v -0.027697 0.024868 0.023754
v -0.027702 0.025944 0.031116
v -0.031251 0.020991 0.038757
v -0.032463 0.012983 0.023732
v -0.029988 0.026078 0.056045
v -0.029564 0.024109 0.038847
v -0.027529 0.029161 0.056413
v -0.027645 0.027054 0.038949
v -0.024804 0.031997 0.056819
v -0.002396 0.042903 0.071013
v 0.006284 0.043534 0.083841
v 0.002012 0.043784 0.082925
v 0.002168 0.043455 0.077469
v -0.002072 0.043274 0.076585
v -0.006504 0.042265 0.070212
v -0.011643 0.040277 0.058787
v -0.016511 0.037682 0.048476
v 0.000301 0.044403 0.097154
v 0.001113 0.044250 0.090855
v -0.002261 0.043593 0.082002
v -0.006264 0.042636 0.075709
v -0.010509 0.041169 0.069435
v -0.015228 0.038733 0.058244
v -0.022073 0.036260 0.077671
v -0.025458 0.033672 0.076914
v -0.021666 0.035908 0.072487
v -0.021535 0.035503 0.067309
v -0.018093 0.038157 0.073238
v -0.018450 0.038506 0.078472
v -0.014621 0.040387 0.079312
v -0.004002 0.044165 0.096681
v -0.003181 0.044044 0.090154
v -0.006488 0.042955 0.081084
v -0.010622 0.041878 0.080185
v -0.010357 0.041550 0.074854
v -0.014312 0.040047 0.074029
v -0.014371 0.039654 0.068690
v -0.018056 0.037754 0.067981
v -0.021831 0.034557 0.057260
v -0.025502 0.029802 0.039067
v -0.024778 0.032926 0.066679
v -0.027759 0.030053 0.066096
v -0.030455 0.026910 0.065563
v -0.028576 0.030771 0.076209
v -0.031399 0.027582 0.075562
v -0.028999 0.016683 -0.003812
v -0.030323 0.011197 -0.004170
v -0.029680 0.017570 0.009856
v -0.031256 0.011845 0.009752
v -0.030461 0.019130 0.023738
v -0.032697 0.017725 0.038681
v -0.034034 0.019281 0.055433
v -0.034900 0.019937 0.064670
v -0.036610 0.016170 0.064320
v -0.039264 0.012601 0.073698
v -0.036812 0.011840 0.055004
v -0.032162 0.022775 0.055717
v -0.032842 0.023528 0.065086
v -0.033900 0.024138 0.074980
v -0.037850 0.016612 0.074042
v -0.036057 0.020469 0.074472
v -0.033684 0.006568 0.023729
v -0.035515 0.007280 0.038532
v -0.035926 0.003664 0.038510
v -0.037696 0.007956 0.054865
v -0.038230 0.004006 0.054780
v -0.040284 0.008474 0.073446
v -0.040900 0.004269 0.073291
v -0.030250 0.005559 -0.019589
v -0.031134 0.005624 -0.004390
v -0.032217 0.005968 0.009688
v 0.001515 0.020923 -0.057894
v 0.001771 0.024648 -0.060163
v 0.000319 0.024657 -0.059461
v 0.000603 0.028115 -0.062156
v -0.000840 0.024668 -0.058416
v 0.000073 0.020951 -0.057117
v 0.001297 0.016992 -0.056000
v -0.002887 0.016760 -0.047929
v -0.002370 0.020898 -0.053214
v -0.002395 0.017001 -0.051084
v -0.001037 0.020980 -0.055989
v -0.001190 0.017065 -0.053958
v -0.000130 0.017031 -0.055154
v -0.000287 0.012931 -0.053596
v 0.001122 0.012891 -0.054500
v 0.000991 0.008658 -0.053403
v 0.002706 0.008644 -0.053829
v 0.003829 0.008632 -0.053887
v 0.000906 0.004339 -0.052721
v -0.000399 0.008690 -0.052459
v -0.001303 0.012962 -0.052349
v -0.002407 0.012913 -0.049405
v -0.002794 0.012727 -0.046189
v -0.002994 0.020608 -0.050136
v -0.003103 0.024223 -0.052789
v -0.002319 0.024559 -0.055769
v -0.002227 0.027940 -0.058719
v -0.000597 0.028097 -0.061203
v -0.000310 0.031245 -0.064311
v -0.004024 0.030027 -0.056210
v -0.003762 0.027036 -0.052710
v -0.003487 0.023741 -0.049597
v -0.003892 0.024870 -0.042181
v -0.004016 0.026401 -0.049357
v -0.003252 0.021763 -0.039348
v -0.003590 0.023156 -0.046278
v -0.002681 0.018453 -0.036892
v -0.003202 0.019667 -0.043614
v -0.002190 0.014971 -0.034839
v -0.004460 0.029364 -0.052818
v -0.002591 0.012120 -0.039633
v -0.001788 0.011349 -0.033211
v 0.000641 0.038842 -0.075193
v 0.003396 0.039089 -0.076235
v 0.003046 0.036852 -0.072487
v 0.002702 0.034264 -0.068975
v 0.001579 0.036761 -0.072036
v 0.001401 0.043248 -0.087793
v 0.001588 0.043909 -0.092217
v -0.001048 0.042852 -0.086452
v -0.001064 0.043540 -0.091017
v -0.003374 0.042317 -0.084704
v -0.003650 0.043038 -0.089422
v 0.001181 0.042171 -0.083455
v -0.001089 0.041750 -0.081973
v -0.003173 0.041185 -0.080073
v -0.005063 0.040499 -0.077507
v -0.006556 0.039727 -0.074083
v -0.005477 0.041660 -0.082233
v -0.007143 0.040910 -0.078795
v -0.005981 0.042424 -0.087043
v -0.007831 0.041715 -0.083584
v -0.006555 0.042754 -0.091891
v 0.001748 0.044143 -0.096685
v -0.001127 0.043796 -0.095626
v -0.003984 0.043325 -0.094181
v -0.004588 0.027743 -0.045361
v -0.004622 0.028593 -0.049189
v -0.004073 0.025951 -0.037226
v -0.003218 0.023194 -0.034518
v -0.002440 0.020250 -0.032103
v -0.001748 0.017139 -0.030006
v -0.001152 0.013887 -0.028251
v 0.001430 0.003258 -0.019246
v 0.003286 -0.000014 -0.013171
v 0.003178 0.003011 -0.013292
v 0.005301 -0.000014 -0.007180
v 0.004868 0.005647 -0.007507
v 0.007588 -0.000014 -0.000938
v 0.007129 0.005458 -0.001145
v 0.010189 -0.000015 0.005870
v 0.009708 0.005508 0.005756
v 0.013387 -0.000017 0.014112
v 0.012881 0.005856 0.014065
v 0.000198 0.012827 -0.021644
v 0.001826 0.011889 -0.015048
v -0.000472 0.015854 -0.023033
v 0.000241 0.017460 -0.017273
v -0.001249 0.018767 -0.024690
v -0.002123 0.021550 -0.026596
v -0.001776 0.022625 -0.020220
v -0.003087 0.024185 -0.028732
v -0.010417 0.037502 -0.057863
v -0.007988 0.035632 -0.055744
v -0.008093 0.034712 -0.050380
v -0.010025 0.038371 -0.063897
v -0.008472 0.038034 -0.065091
v -0.007644 0.036532 -0.060786
v -0.007021 0.037397 -0.065401
v -0.006419 0.035622 -0.061031
v -0.006074 0.038217 -0.069478
v -0.005672 0.036423 -0.065008
v -0.004755 0.038981 -0.072901
v -0.004548 0.037154 -0.068440
v -0.003062 0.039673 -0.075569
v -0.003050 0.037824 -0.071221
v -0.001197 0.040260 -0.077622
v -0.001375 0.038413 -0.073429
v 0.000927 0.040696 -0.079243
v 0.003749 0.040952 -0.080184
v -0.005976 0.030819 -0.043404
v -0.005266 0.028944 -0.033601
v -0.007010 0.032895 -0.046810
v -0.007763 0.032896 -0.039104
v 0.002059 0.028133 -0.062784
v 0.000915 0.031302 -0.065170
v 0.000005 0.034096 -0.067700
v -0.001859 0.033780 -0.065599
v -0.003202 0.033273 -0.063055
v -0.004239 0.032695 -0.060043
v -0.004894 0.032019 -0.056620
v -0.005226 0.031231 -0.052871
v -0.005323 0.030358 -0.048854
v -0.004995 0.028499 -0.040198
v -0.004136 0.026656 -0.031075
v -0.004187 0.027280 -0.023763
v -0.007172 0.042616 -0.096733
v -0.005837 0.042894 -0.097992
v -0.010245 0.041405 -0.097994
v -0.008362 0.042319 -0.095136
v -0.009422 0.042002 -0.093225
v -0.008602 0.042095 -0.088408
v -0.007794 0.041991 -0.101525
v -0.009088 0.041706 -0.099930
v -0.009778 0.040609 -0.104638
v -0.011030 0.040312 -0.102678
v -0.011756 0.038778 -0.107236
v -0.014046 0.038131 -0.102194
v -0.013155 0.039668 -0.097756
v -0.012196 0.040751 -0.093195
v -0.011195 0.041317 -0.088554
v -0.010203 0.041363 -0.083865
v -0.009267 0.040935 -0.079168
v -0.008421 0.040094 -0.074501
v -0.007677 0.038898 -0.069902
v -0.012416 0.036858 -0.111621
v -0.010415 0.039075 -0.109218
v -0.008384 0.040890 -0.106229
v -0.006347 0.042259 -0.102752
v -0.004356 0.043154 -0.098934
v -0.001222 0.043607 -0.100231
v 0.001884 0.043940 -0.101152
v 0.002005 0.043302 -0.105577
v -0.001332 0.042967 -0.104792
v -0.004737 0.042514 -0.103638
v -0.006831 0.041157 -0.107425
v -0.008928 0.039358 -0.110804
v -0.010994 0.037155 -0.113621
v -0.013013 0.034594 -0.115788
v -0.014368 0.034282 -0.113351
v -0.014967 0.031718 -0.117222
v 0.002120 0.042234 -0.109918
v -0.001439 0.041885 -0.109266
v -0.005101 0.041417 -0.108254
v -0.007276 0.039628 -0.111966
v -0.009423 0.037438 -0.115200
v -0.011518 0.034888 -0.117805
v -0.013550 0.032021 -0.119696
v -0.015503 0.028883 -0.120800
v 0.002229 0.040752 -0.114133
v -0.001536 0.040386 -0.113611
v -0.005436 0.039896 -0.112740
v -0.007683 0.037711 -0.116328
v -0.009871 0.035167 -0.119375
v -0.011989 0.032305 -0.121726
v -0.014030 0.029171 -0.123307
v -0.015977 0.025806 -0.124052
v 0.002333 0.038876 -0.118180
v -0.001625 0.038494 -0.117784
v -0.005742 0.037986 -0.117048
v -0.008052 0.035439 -0.120469
v -0.010275 0.032575 -0.123286
v -0.012410 0.029439 -0.125348
v -0.014455 0.026072 -0.126587
v -0.016392 0.022517 -0.126945
v 0.002429 0.036627 -0.122020
v -0.001707 0.036235 -0.121743
v -0.006022 0.035717 -0.121137
v -0.008388 0.032841 -0.124347
v -0.010638 0.029694 -0.126895
v -0.012785 0.026318 -0.128635
v -0.014826 0.022755 -0.129504
v -0.016748 0.019045 -0.129450
v 0.002517 0.034029 -0.125616
v -0.001783 0.033636 -0.125451
v -0.006277 0.033118 -0.124965
v -0.008691 0.029948 -0.127924
v -0.010962 0.026553 -0.130168
v -0.013112 0.022974 -0.131555
v -0.015145 0.019250 -0.132028
v -0.017044 0.015420 -0.131542
v -0.013952 0.007999 -0.139050
v -0.011985 0.008074 -0.140515
v -0.011863 0.012029 -0.139322
v -0.009739 0.012150 -0.140225
v -0.009595 0.016044 -0.138594
v -0.007218 0.016221 -0.139032
v -0.007076 0.020014 -0.136990
v -0.002091 0.016553 -0.139076
v -0.002040 0.020408 -0.137098
v 0.002768 0.020706 -0.136910
v 0.012883 0.020896 -0.135963
v -0.017455 0.007835 -0.134399
v -0.015778 0.007921 -0.137006
v -0.015622 0.011801 -0.135799
v -0.013815 0.011917 -0.137847
v -0.013628 0.015741 -0.136184
v -0.011698 0.015888 -0.137673
v -0.011492 0.019617 -0.135583
v -0.009416 0.019805 -0.136526
v -0.009205 0.023398 -0.134043
v -0.006909 0.023633 -0.134537
v -0.006721 0.027045 -0.131697
v -0.001984 0.024077 -0.134722
v -0.001921 0.027526 -0.131970
v 0.002663 0.027893 -0.131939
v -0.009847 0.008156 -0.141404
v -0.007333 0.012288 -0.140644
v -0.002133 0.012548 -0.140637
v 0.002595 0.031108 -0.128933
v -0.001854 0.030723 -0.128871
v -0.006510 0.030217 -0.128496
v -0.008964 0.026790 -0.131166
v -0.011246 0.023183 -0.133074
v -0.013393 0.019438 -0.134080
v -0.015411 0.015588 -0.134134
v -0.017281 0.011673 -0.133198
v -0.014857 0.036208 -0.106465
v -0.015589 0.033948 -0.110526
v -0.016247 0.031392 -0.114336
v -0.016834 0.028571 -0.117860
v -0.017354 0.025517 -0.121062
v -0.017808 0.022256 -0.123913
v -0.018198 0.018819 -0.126383
v -0.018523 0.015234 -0.128446
v -0.018782 0.011530 -0.130080
v -0.018973 0.007738 -0.131265
v -0.017563 0.003937 -0.135128
v -0.015875 0.003980 -0.137739
v -0.014039 0.004018 -0.139780
v -0.019273 0.032429 -0.095993
v -0.017658 0.033220 -0.103838
v -0.018339 0.034694 -0.092388
v -0.016812 0.035480 -0.099971
v -0.017295 0.036642 -0.088595
v -0.015873 0.037414 -0.095902
v -0.016141 0.038202 -0.084649
v -0.014839 0.038960 -0.091673
v -0.014900 0.039279 -0.080591
v -0.013728 0.040036 -0.087327
v -0.013617 0.039794 -0.076455
v -0.012575 0.040574 -0.082902
v -0.012352 0.039763 -0.072272
v -0.011435 0.040578 -0.078431
v -0.011149 0.039262 -0.068074
v -0.010359 0.040108 -0.073948
v -0.009371 0.039240 -0.069489
v -0.020500 0.031602 -0.087263
v -0.019498 0.033873 -0.083974
v -0.018371 0.035838 -0.080509
v -0.017119 0.037417 -0.076902
v -0.015768 0.038500 -0.073188
v -0.014372 0.039000 -0.069398
v -0.012995 0.038945 -0.065559
v -0.011672 0.038418 -0.061703
v -0.005295 0.034364 -0.060704
v -0.004400 0.035060 -0.064142
v -0.003117 0.035682 -0.067043
v -0.001609 0.036245 -0.069415
v 0.000329 0.036634 -0.071336
v 0.001244 0.034192 -0.068473
v 0.002371 0.031348 -0.065731
v -0.021413 0.030767 -0.077920
v -0.022094 0.029950 -0.068234
v -0.023885 0.024778 -0.072855
v -0.010571 0.035827 -0.045031
v -0.012082 0.036807 -0.048082
v -0.013644 0.037380 -0.051149
v -0.015232 0.037462 -0.054198
v -0.016819 0.036966 -0.057197
v -0.018346 0.035857 -0.060123
v -0.019751 0.034234 -0.062953
v -0.020999 0.032233 -0.065665
v -0.020841 0.027134 -0.102500
v -0.022167 0.026348 -0.093197
v -0.021489 0.024171 -0.105342
v -0.022851 0.023434 -0.095787
v -0.019087 0.027885 -0.110823
v -0.019682 0.024875 -0.113874
v -0.020201 0.021675 -0.116591
v -0.023859 0.022690 -0.085525
v -0.023151 0.025554 -0.083216
v -0.021386 0.029081 -0.090347
v -0.020104 0.029897 -0.099374
v -0.018414 0.030677 -0.107467
v -0.023444 0.020367 -0.098091
v -0.024470 0.019691 -0.087579
v -0.023950 0.017169 -0.100089
v -0.024990 0.016579 -0.089358
v -0.024371 0.013865 -0.101758
v -0.025422 0.013374 -0.090845
v -0.024706 0.010475 -0.103081
v -0.025232 0.019032 -0.076658
v -0.022053 0.021036 -0.107872
v -0.020646 0.018313 -0.118945
v -0.022535 0.017755 -0.110064
v -0.021017 0.014815 -0.120913
v -0.022937 0.014351 -0.111897
v -0.021313 0.011208 -0.122472
v -0.023257 0.010850 -0.113349
v -0.026198 0.012895 -0.079501
v -0.026546 0.009727 -0.080525
v -0.025765 0.010096 -0.092023
v -0.026803 0.006513 -0.081269
v -0.026018 0.006764 -0.092878
v -0.024953 0.007022 -0.104041
v -0.023493 0.007277 -0.114404
v -0.021530 0.007520 -0.123604
v -0.024983 0.023373 -0.052182
v -0.023094 0.028468 -0.048901
v -0.021922 0.030761 -0.047070
v -0.020574 0.032798 -0.045129
v -0.019041 0.034469 -0.043094
v -0.017358 0.035619 -0.040980
v -0.015585 0.036135 -0.038797
v -0.013772 0.036040 -0.036567
v -0.011966 0.035415 -0.034322
v -0.010214 0.034358 -0.032091
v -0.006994 0.031278 -0.027768
v 0.000748 0.009704 -0.020540
v 0.002429 0.008983 -0.014240
v -0.012062 0.004056 -0.141237
v -0.014070 0.000009 -0.140025
v -0.014044 -0.003999 -0.139780
v -0.013962 -0.007979 -0.139050
v -0.013828 -0.011897 -0.137847
v -0.015788 -0.007900 -0.137006
v -0.017568 -0.003915 -0.135128
v -0.019135 0.000012 -0.132228
v -0.019092 0.003888 -0.131986
v -0.013643 -0.015721 -0.136185
v -0.015636 -0.011780 -0.135800
v -0.017464 -0.007812 -0.134399
v -0.019097 -0.003865 -0.131986
v -0.020504 0.000012 -0.128595
v -0.020458 0.003835 -0.128357
v -0.018983 -0.007715 -0.131265
v -0.017294 -0.011650 -0.133199
v -0.015427 -0.015567 -0.134134
v -0.013411 -0.019418 -0.134081
v -0.007176 -0.042599 -0.096748
v -0.005843 -0.042878 -0.098007
v -0.007801 -0.041974 -0.101538
v -0.006356 -0.042243 -0.102766
v -0.008395 -0.040873 -0.106241
v -0.006843 -0.041141 -0.107436
v -0.008942 -0.039340 -0.110814
v -0.007291 -0.039612 -0.111976
v -0.009439 -0.037420 -0.115208
v -0.007700 -0.037694 -0.116337
v -0.009889 -0.035148 -0.119381
v -0.008071 -0.035421 -0.120476
v -0.010295 -0.032556 -0.123291
v -0.008407 -0.032823 -0.124352
v -0.010658 -0.029675 -0.126899
v -0.008711 -0.029930 -0.127927
v -0.010982 -0.026534 -0.130171
v -0.008983 -0.026772 -0.131169
v -0.011265 -0.023165 -0.133075
v -0.009224 -0.023381 -0.134044
v -0.011509 -0.019599 -0.135584
v -0.009434 -0.019788 -0.136527
v -0.011713 -0.015870 -0.137674
v -0.009610 -0.016028 -0.138594
v -0.011875 -0.012011 -0.139323
v -0.009752 -0.012133 -0.140225
v -0.011994 -0.008056 -0.140515
v -0.009856 -0.008140 -0.141404
v -0.012067 -0.004038 -0.141237
v -0.009920 -0.004082 -0.142118
v -0.012090 0.000009 -0.141480
v -0.009941 0.000008 -0.142358
v -0.009915 0.004098 -0.142118
v -0.007475 0.004146 -0.142514
v -0.007420 0.008252 -0.141809
v -0.002188 0.004236 -0.142448
v -0.002166 0.008430 -0.141766
v -0.009789 -0.040591 -0.104650
v -0.010429 -0.039057 -0.109228
v -0.011770 -0.038759 -0.107246
v -0.012433 -0.036839 -0.111629
v -0.014874 -0.036187 -0.106473
v 0.002886 0.006018 -0.013652
v 0.001164 0.006507 -0.019736
v -0.001486 0.007621 -0.032029
v -0.001294 0.003821 -0.031310
v -0.002384 0.008143 -0.038358
v -0.002252 0.004084 -0.037584
v -0.002722 0.008556 -0.044931
v -0.002675 0.004293 -0.044169
v -0.002411 0.008683 -0.048191
v -0.002411 0.004358 -0.047457
v -0.001380 0.008715 -0.051182
v -0.001424 0.004373 -0.050470
v -0.000465 0.004358 -0.051758
v -0.000488 -0.000014 -0.051519
v 0.000874 -0.000015 -0.052486
v -0.000468 -0.004387 -0.051761
v 0.000902 -0.004369 -0.052725
v -0.000405 -0.008719 -0.052466
v 0.000984 -0.008687 -0.053411
v -0.000297 -0.012958 -0.053606
v 0.001112 -0.012919 -0.054511
v -0.000142 -0.017057 -0.055167
v 0.001285 -0.017018 -0.056014
v 0.000058 -0.020975 -0.057134
v 0.001500 -0.020946 -0.057911
v 0.000301 -0.024677 -0.059480
v 0.001753 -0.024669 -0.060183
v 0.000583 -0.028133 -0.062177
v 0.002038 -0.028151 -0.062806
v 0.000893 -0.031317 -0.065193
v 0.002348 -0.031364 -0.065754
v 0.001220 -0.034203 -0.068497
v 0.002677 -0.034276 -0.068999
v 0.001553 -0.036770 -0.072061
v 0.003018 -0.036862 -0.072512
v 0.003367 -0.039095 -0.076260
v 0.003719 -0.040956 -0.080208
v -0.002197 0.000005 -0.142677
v -0.002192 -0.004226 -0.142448
v -0.002174 -0.008420 -0.141766
v -0.002145 -0.012537 -0.140637
v -0.002105 -0.016542 -0.139077
v 0.002750 -0.020698 -0.136911
v -0.002057 -0.020396 -0.137098
v 0.002700 -0.024405 -0.134608
v -0.002003 -0.024065 -0.134723
v 0.002640 -0.027883 -0.131941
v -0.001942 -0.027514 -0.131973
v 0.002570 -0.031098 -0.128936
v -0.001876 -0.030710 -0.128874
v 0.002490 -0.034018 -0.125621
v -0.001806 -0.033622 -0.125455
v 0.002401 -0.036616 -0.122027
v -0.001730 -0.036222 -0.121750
v 0.002304 -0.038865 -0.118188
v -0.001648 -0.038480 -0.117792
v 0.002199 -0.040741 -0.114143
v -0.001558 -0.040372 -0.113621
v 0.002089 -0.042223 -0.109931
v -0.001459 -0.041872 -0.109278
v 0.001975 -0.043291 -0.105592
v -0.001351 -0.042954 -0.104806
v 0.001854 -0.043931 -0.101169
v -0.001239 -0.043595 -0.100247
v 0.001718 -0.044134 -0.096703
v -0.001142 -0.043786 -0.095643
v 0.001560 -0.043903 -0.092237
v -0.001078 -0.043532 -0.091036
v 0.001373 -0.043245 -0.087815
v -0.001060 -0.042847 -0.086472
v 0.001154 -0.042170 -0.083478
v -0.001100 -0.041748 -0.081995
v 0.000902 -0.040698 -0.079267
v -0.001207 -0.040262 -0.077644
v 0.000617 -0.038847 -0.075218
v -0.001385 -0.038419 -0.073451
v 0.000306 -0.036643 -0.071360
v -0.001620 -0.036256 -0.069435
v -0.000017 -0.034108 -0.067722
v -0.001871 -0.033797 -0.065616
v -0.000331 -0.031261 -0.064332
v -0.002084 -0.031038 -0.062028
v -0.000615 -0.028117 -0.061222
v -0.002233 -0.027966 -0.058729
v -0.000857 -0.024690 -0.058433
v -0.002322 -0.024586 -0.055777
v -0.001051 -0.021004 -0.056003
v -0.002370 -0.020927 -0.053220
v -0.001201 -0.017091 -0.053969
v -0.002394 -0.017029 -0.051089
v -0.001311 -0.012990 -0.052358
v -0.002404 -0.012942 -0.049408
v -0.002781 -0.012755 -0.046195
v -0.002871 -0.016788 -0.047937
v -0.002977 -0.020635 -0.050146
v -0.003086 -0.024249 -0.052800
v -0.003178 -0.027581 -0.055871
v -0.003221 -0.030596 -0.059317
v -0.003191 -0.033289 -0.063072
v -0.003107 -0.035693 -0.067063
v -0.003041 -0.037829 -0.071241
v -0.003055 -0.039675 -0.075589
v -0.003168 -0.041182 -0.080093
v -0.003372 -0.042311 -0.084723
v -0.003652 -0.043028 -0.089440
v -0.003989 -0.043312 -0.094197
v -0.004364 -0.043139 -0.098949
v -0.004748 -0.042499 -0.103652
v -0.005115 -0.041401 -0.108266
v -0.005452 -0.039881 -0.112750
v -0.005760 -0.037970 -0.117056
v -0.006041 -0.035701 -0.121143
v -0.006297 -0.033101 -0.124970
v -0.006530 -0.030201 -0.128500
v -0.006740 -0.027029 -0.131699
v -0.006928 -0.023617 -0.134539
v -0.007093 -0.019999 -0.136991
v -0.007232 -0.016206 -0.139032
v -0.007345 -0.012274 -0.140644
v -0.007429 -0.008237 -0.141809
v -0.007480 -0.004132 -0.142514
v -0.007496 0.000007 -0.142751
v -0.007129 -0.040902 -0.078812
v -0.007823 -0.041702 -0.083600
v -0.009256 -0.040921 -0.079183
v -0.010002 -0.038362 -0.063910
v -0.008444 -0.038032 -0.065106
v -0.009349 -0.039232 -0.069504
v -0.007653 -0.038896 -0.069918
v -0.008404 -0.040086 -0.074517
v -0.006538 -0.039724 -0.074101
v -0.006052 -0.038219 -0.069497
v -0.004427 -0.029387 -0.052833
v -0.004863 -0.032037 -0.056635
v -0.005187 -0.031251 -0.052886
v -0.002566 -0.012149 -0.039639
v -0.002969 -0.016431 -0.044674
v -0.003199 -0.020209 -0.046917
v -0.003460 -0.023767 -0.049609
v -0.003736 -0.027060 -0.052724
v -0.003999 -0.030048 -0.056225
v -0.004218 -0.032712 -0.060060
v -0.004380 -0.035071 -0.064160
v -0.004530 -0.037161 -0.068459
v -0.004740 -0.038983 -0.072921
v -0.005051 -0.040496 -0.077527
v -0.005468 -0.041653 -0.082252
v -0.003982 -0.026426 -0.049370
v -0.004581 -0.028616 -0.049203
v -0.003844 -0.024897 -0.042192
v -0.002837 -0.016004 -0.041400
v -0.003170 -0.019695 -0.043624
v -0.002637 -0.018483 -0.036900
v -0.013131 -0.022954 -0.131557
v -0.015163 -0.019229 -0.132029
v -0.017061 -0.015397 -0.131543
v -0.018796 -0.011507 -0.130080
v -0.021540 -0.007494 -0.123604
v -0.023646 -0.003629 -0.115045
v -0.025162 0.000014 -0.104822
v -0.012805 -0.026298 -0.128637
v -0.014846 -0.022734 -0.129506
v -0.016766 -0.019022 -0.129451
v -0.018540 -0.015210 -0.128447
v -0.021327 -0.011182 -0.122472
v -0.023503 -0.007250 -0.114404
v -0.025113 -0.003499 -0.104626
v -0.026233 0.000015 -0.093573
v -0.012431 -0.029419 -0.125352
v -0.014475 -0.026051 -0.126590
v -0.016412 -0.022494 -0.126947
v -0.018217 -0.018796 -0.126384
v -0.021034 -0.014789 -0.120913
v -0.023272 -0.010823 -0.113350
v -0.024964 -0.006993 -0.104042
v -0.026182 -0.003367 -0.093398
v -0.027020 0.000015 -0.081874
v -0.026968 -0.003239 -0.081721
v -0.026029 -0.006735 -0.092878
v -0.024721 -0.010447 -0.103081
v -0.022955 -0.014325 -0.111897
v -0.020666 -0.018288 -0.118946
v -0.017829 -0.022233 -0.123915
v -0.015998 -0.025784 -0.124055
v -0.014050 -0.029150 -0.123311
v -0.012009 -0.032285 -0.121731
v -0.026813 -0.006482 -0.081269
v -0.025780 -0.010067 -0.092023
v -0.024390 -0.013838 -0.101759
v -0.022556 -0.017729 -0.110065
v -0.020222 -0.021651 -0.116592
v -0.017375 -0.025494 -0.121065
v -0.015524 -0.028861 -0.120804
v -0.013570 -0.032001 -0.119701
v -0.011536 -0.034868 -0.117811
v -0.021513 -0.024147 -0.105344
v -0.020865 -0.027111 -0.102503
v -0.019110 -0.027862 -0.110826
v -0.018436 -0.030654 -0.107471
v -0.016268 -0.031370 -0.114341
v -0.015609 -0.033927 -0.110532
v -0.014387 -0.034262 -0.113357
v -0.023885 -0.022667 -0.085526
v -0.022192 -0.026325 -0.093200
v -0.020128 -0.029875 -0.099378
v -0.017679 -0.033199 -0.103843
v -0.008365 -0.042301 -0.095150
v -0.009095 -0.041688 -0.099943
v -0.010252 -0.041386 -0.098007
v -0.011040 -0.040293 -0.102689
v -0.013166 -0.039648 -0.097766
v -0.014060 -0.038111 -0.102203
v -0.015889 -0.037393 -0.095911
v -0.016831 -0.035460 -0.099977
v -0.018359 -0.034674 -0.092394
v -0.019295 -0.032408 -0.095998
v -0.020524 -0.031582 -0.087267
v -0.021411 -0.029059 -0.090350
v -0.023178 -0.025532 -0.083218
v -0.014851 -0.038939 -0.091683
v -0.017312 -0.036622 -0.088602
v -0.016155 -0.038181 -0.084657
v -0.018390 -0.035818 -0.080515
v -0.017134 -0.037396 -0.076909
v -0.019188 -0.035008 -0.071888
v -0.018366 -0.035838 -0.060127
v -0.025012 -0.016552 -0.089359
v -0.025257 -0.019006 -0.076659
v -0.026218 -0.012867 -0.079501
v -0.027555 -0.016925 -0.035118
v -0.028395 -0.016497 -0.018391
v -0.029029 -0.016656 -0.003814
v -0.029708 -0.017541 0.009854
v -0.011011 -0.037136 -0.113629
v -0.013032 -0.034574 -0.115794
v -0.014988 -0.031697 -0.117227
v -0.016855 -0.028549 -0.117863
v -0.019705 -0.024851 -0.113876
v -0.022075 -0.021011 -0.107873
v -0.023972 -0.017143 -0.100090
v -0.025441 -0.013346 -0.090846
v -0.026562 -0.009697 -0.080526
v -0.019520 -0.033853 -0.083979
v -0.021440 -0.030748 -0.077924
v -0.020384 -0.033025 -0.074985
v -0.022123 -0.029932 -0.068236
v -0.021026 -0.032215 -0.065668
v -0.023127 -0.028452 -0.048903
v -0.021954 -0.030746 -0.047071
v -0.024022 -0.027351 -0.031268
v -0.022752 -0.029653 -0.030073
v -0.024522 -0.026816 -0.016133
v -0.023137 -0.029122 -0.015417
v -0.024675 -0.027005 -0.002696
v -0.023147 -0.029309 -0.002326
v -0.024626 -0.028087 0.010211
v -0.022896 -0.030383 0.010349
v -0.024200 -0.029999 0.023798
v -0.022140 -0.032281 0.023842
v -0.027727 -0.024840 0.023752
v -0.027510 -0.023018 0.010002
v -0.027168 -0.021985 -0.003323
v -0.026752 -0.021802 -0.017386
v -0.026059 -0.022308 -0.033392
v -0.025016 -0.023352 -0.052183
v -0.023914 -0.024757 -0.072857
v -0.019774 -0.034216 -0.062957
v -0.020602 -0.032782 -0.045131
v -0.019066 -0.034451 -0.043096
v -0.021283 -0.031718 -0.028799
v -0.019606 -0.033427 -0.027451
v -0.021541 -0.031202 -0.014643
v -0.019722 -0.032935 -0.013809
v -0.021403 -0.031388 -0.001912
v -0.019431 -0.033124 -0.001448
v -0.020953 -0.032439 0.010518
v -0.018792 -0.034152 0.010730
v -0.019876 -0.034296 0.023912
v -0.017408 -0.035962 0.024019
v -0.017838 -0.036534 0.039532
v -0.015256 -0.038706 0.058242
v -0.014401 -0.039624 0.068687
v -0.010389 -0.041523 0.074851
v -0.006523 -0.042931 0.081081
v -0.009423 -0.041983 -0.093239
v -0.012202 -0.040730 -0.093208
v -0.011197 -0.041296 -0.088567
v -0.013735 -0.040015 -0.087338
v -0.012576 -0.040552 -0.082914
v -0.014909 -0.039257 -0.080600
v -0.013619 -0.039771 -0.076466
v -0.015778 -0.038477 -0.073196
v -0.014376 -0.038977 -0.069407
v -0.016834 -0.036944 -0.057202
v -0.015240 -0.037438 -0.054204
v -0.017379 -0.035597 -0.040982
v -0.015598 -0.036110 -0.038799
v -0.017752 -0.034613 -0.026035
v -0.015768 -0.035150 -0.024557
v -0.017707 -0.034148 -0.012912
v -0.015536 -0.034706 -0.011956
v -0.017255 -0.034351 -0.000926
v -0.014907 -0.034928 -0.000352
v -0.016429 -0.035374 0.010995
v -0.013894 -0.035967 0.011304
v -0.014753 -0.037159 0.024175
v -0.011941 -0.037769 0.024374
v -0.011752 -0.039302 0.040002
v -0.008489 -0.039928 0.040294
v -0.007638 -0.042419 -0.090308
v -0.007951 -0.035637 -0.055757
v -0.006817 -0.034763 -0.056629
v -0.007610 -0.036536 -0.060801
v -0.006387 -0.035631 -0.061048
v -0.006993 -0.037401 -0.065417
v -0.005647 -0.036431 -0.065026
v -0.004132 -0.027309 -0.023766
v -0.004077 -0.026684 -0.031080
v -0.005211 -0.028968 -0.033608
v -0.004941 -0.028524 -0.040208
v -0.005926 -0.030839 -0.043415
v -0.005278 -0.030379 -0.048868
v -0.006041 -0.032712 -0.052635
v -0.005792 -0.033586 -0.056852
v -0.005267 -0.034377 -0.060721
v -0.001712 -0.022662 -0.020221
v -0.002060 -0.021584 -0.026600
v -0.003025 -0.024217 -0.028737
v -0.003160 -0.023225 -0.034526
v -0.004016 -0.025979 -0.037235
v -0.004541 -0.027768 -0.045373
v 0.000306 -0.017497 -0.017273
v -0.000414 -0.015888 -0.023035
v -0.001187 -0.018802 -0.024692
v -0.001695 -0.017171 -0.030011
v -0.002384 -0.020282 -0.032109
v -0.003205 -0.021792 -0.039358
v -0.003556 -0.023183 -0.046289
v -0.008599 -0.042078 -0.088423
v -0.010198 -0.041345 -0.083880
v -0.011430 -0.040558 -0.078443
v -0.010345 -0.040094 -0.073961
v -0.012346 -0.039743 -0.072283
v -0.011134 -0.039247 -0.068086
v -0.012989 -0.038923 -0.065568
v -0.011657 -0.038402 -0.061713
v -0.013641 -0.037357 -0.051155
v -0.012069 -0.036790 -0.048089
v -0.013775 -0.036017 -0.036570
v -0.011957 -0.035399 -0.034325
v -0.013710 -0.035047 -0.023037
v -0.011648 -0.034383 -0.021506
v -0.013269 -0.034600 -0.010968
v -0.010992 -0.033914 -0.009977
v -0.012451 -0.034836 0.000242
v -0.009987 -0.034156 0.000829
v -0.011255 -0.035911 0.011623
v -0.008609 -0.035279 0.011928
v -0.009037 -0.037772 0.024581
v -0.006131 -0.037230 0.024771
v -0.005152 -0.040002 0.040596
v -0.001816 -0.039570 0.040883
v -0.002680 -0.041116 0.050083
v 0.000932 -0.040739 0.050506
v -0.000174 -0.042153 0.060589
v 0.003732 -0.041828 0.061197
v 0.004955 -0.042324 0.066858
v 0.008945 -0.041593 0.067548
v 0.010001 -0.042068 0.073407
v 0.014018 -0.040952 0.074167
v 0.014670 -0.041390 0.080034
v 0.018644 -0.039896 0.080838
v 0.018629 -0.040280 0.086448
v 0.022479 -0.038412 0.087252
v -0.010392 -0.037493 -0.057875
v -0.010548 -0.035819 -0.045039
v -0.010195 -0.034351 -0.032094
v -0.009653 -0.033272 -0.019987
v -0.008791 -0.032768 -0.009002
v 0.002885 -0.026967 0.013125
v -0.001283 -0.031028 0.012708
v 0.000572 -0.025722 0.003416
v -0.003224 -0.029777 0.002461
v -0.001296 -0.025492 -0.005428
v -0.004769 -0.029532 -0.007137
v -0.002857 -0.026082 -0.014347
v -0.006007 -0.030098 -0.017056
v -0.006955 -0.031292 -0.027772
v -0.002409 -0.004387 -0.047458
v -0.002712 -0.008585 -0.044935
v -0.002669 -0.004323 -0.044171
v -0.002366 -0.008173 -0.038362
v -0.002243 -0.004114 -0.037586
v -0.001463 -0.007650 -0.032032
v -0.001282 -0.003850 -0.031311
v -0.000269 -0.007087 -0.025846
v -0.000048 -0.003565 -0.025228
v 0.001193 -0.006536 -0.019737
v 0.001445 -0.003287 -0.019246
v 0.002917 -0.006048 -0.013651
v 0.003194 -0.003039 -0.013292
v -0.001756 -0.011379 -0.033216
v -0.000626 -0.010548 -0.026860
v 0.000789 -0.009735 -0.020541
v 0.002472 -0.009015 -0.014239
v 0.009333 -0.017138 0.013741
v 0.006435 -0.022284 0.013468
v 0.006433 -0.016195 0.004925
v 0.003794 -0.021144 0.004244
v 0.004076 -0.016041 -0.002677
v 0.001650 -0.020945 -0.003925
v 0.002044 -0.016523 -0.009958
v -0.000177 -0.021508 -0.011952
v -0.002151 -0.015001 -0.034845
v -0.001106 -0.013918 -0.028255
v 0.000249 -0.012859 -0.021645
v 0.001879 -0.011923 -0.015047
v 0.001528 -0.000014 -0.019081
v 0.000024 -0.000014 -0.025019
v -0.001224 -0.000015 -0.031067
v -0.002204 -0.000015 -0.037324
v -0.002657 -0.000015 -0.043914
v -0.002410 -0.000015 -0.047212
v -0.001440 -0.000014 -0.050229
v -0.026963 0.003270 -0.081721
v -0.026176 0.003397 -0.093398
v -0.025107 0.003527 -0.104625
v -0.023640 0.003656 -0.115045
v -0.021666 0.003778 -0.124292
v 0.012720 -0.044761 -0.107317
v 0.011559 -0.046000 -0.096773
v 0.013820 -0.041108 -0.117294
v 0.014799 -0.035240 -0.126164
v 0.015605 -0.027472 -0.133449
v 0.016193 -0.018222 -0.138758
v 0.016532 -0.007991 -0.141803
v 0.016605 0.002672 -0.142420
v 0.016406 0.013190 -0.140577
v 0.015947 0.022998 -0.136372
v 0.015253 0.031565 -0.130032
v 0.014360 0.038431 -0.121900
v 0.013317 0.043225 -0.112413
v 0.012181 0.045689 -0.102083
v 0.011596 0.046000 -0.096775
v 0.011012 0.045689 -0.091466
v 0.009873 0.043227 -0.081136
v 0.008827 0.038434 -0.071649
v 0.007929 0.031569 -0.063516
v 0.007227 0.023003 -0.057176
v 0.006760 0.013196 -0.052971
v 0.006553 0.002678 -0.051127
v 0.006616 -0.007985 -0.051745
v 0.006947 -0.018217 -0.054789
v 0.007528 -0.027467 -0.060097
v 0.008327 -0.035236 -0.067382
v 0.009301 -0.041106 -0.076252
v 0.010398 -0.044759 -0.086228
v 0.014786 -0.033236 -0.126039
v 0.010397 -0.043109 -0.086211
v 0.008342 -0.033232 -0.067507
v 0.007028 -0.015742 -0.055508
v 0.008369 0.033236 -0.067509
v 0.010432 0.043111 -0.086213
v 0.012758 0.043109 -0.107336
v 0.014814 0.033232 -0.126040
v 0.016128 0.015742 -0.138039
v 0.016404 0.005349 -0.140585
v 0.016399 -0.005355 -0.140585
v 0.015587 0.025220 -0.133095
v 0.013852 0.039313 -0.117284
v 0.011596 0.044400 -0.096774
v 0.009335 0.039316 -0.076265
v 0.007589 0.025224 -0.060453
v 0.007040 0.015747 -0.055509
v 0.006756 0.005355 -0.052962
v 0.006751 -0.005349 -0.052962
v 0.007568 -0.025220 -0.060452
v 0.009303 -0.039313 -0.076263
v 0.011560 -0.044400 -0.096773
v 0.012723 -0.043110 -0.107335
v 0.013820 -0.039315 -0.117283
v 0.015567 -0.025224 -0.133094
v 0.016115 -0.015747 -0.138039
v -0.012280 -0.042547 0.109859
v -0.004973 -0.043811 0.110664
v -0.001264 -0.041011 0.111072
v 0.002442 -0.043814 0.111480
v 0.005816 -0.040391 0.111852
v 0.009751 -0.042556 0.112285
v 0.012682 -0.038543 0.112607
v 0.016743 -0.040074 0.113055
v 0.019125 -0.035523 0.113317
v 0.023218 -0.036439 0.113767
v 0.024949 -0.031425 0.113958
v 0.028988 -0.031755 0.114402
v 0.029976 -0.026371 0.114511
v 0.033889 -0.026157 0.114942
v 0.034055 -0.020515 0.114960
v 0.037780 -0.019807 0.115370
v 0.037062 -0.014036 0.115290
v 0.040547 -0.012886 0.115674
v 0.038904 -0.007130 0.115493
v 0.042112 -0.005595 0.115846
v 0.039526 -0.000007 0.115561
v 0.042430 0.001858 0.115880
v 0.038910 0.007116 0.115492
v 0.041491 0.009257 0.115777
v 0.037073 0.014023 0.115290
v 0.039323 0.016391 0.115537
v 0.034072 0.020505 0.114959
v 0.035987 0.023053 0.115170
v 0.029998 0.026364 0.114510
v 0.031581 0.029052 0.114684
v 0.024974 0.031422 0.113956
v 0.026230 0.034216 0.114095
v 0.019154 0.035525 0.113315
v 0.020088 0.038396 0.113418
v 0.012714 0.038550 0.112606
v 0.013333 0.041471 0.112674
v 0.005849 0.040403 0.111850
v 0.006158 0.043354 0.111884
v -0.001231 0.041029 0.111071
v -0.001229 0.043989 0.111070
v -0.008311 0.040409 0.110291
v -0.008618 0.043360 0.110257
v -0.015177 0.038561 0.109535
v -0.015794 0.041483 0.109467
v -0.021620 0.035542 0.108826
v -0.022552 0.038413 0.108723
v -0.027443 0.031443 0.108185
v -0.028696 0.034238 0.108047
v -0.032471 0.026389 0.107632
v -0.034052 0.029079 0.107457
v -0.036550 0.020534 0.107183
v -0.038463 0.023083 0.106972
v -0.039556 0.014054 0.106852
v -0.041804 0.016424 0.106605
v -0.041399 0.007149 0.106650
v -0.043978 0.009292 0.106366
v -0.042021 0.000026 0.106582
v -0.044923 0.001893 0.106262
v -0.041404 -0.007098 0.106650
v -0.044611 -0.005559 0.106297
v -0.039568 -0.014005 0.106853
v -0.043052 -0.012852 0.106469
v -0.036567 -0.020486 0.107184
v -0.040290 -0.019775 0.106774
v -0.032492 -0.026345 0.107633
v -0.036405 -0.026129 0.107202
v -0.027469 -0.031403 0.108186
v -0.031509 -0.031730 0.107741
v -0.021649 -0.035507 0.108827
v -0.025742 -0.036419 0.108377
v -0.015208 -0.038531 0.109536
v -0.019270 -0.040059 0.109089
v -0.008344 -0.040385 0.110292
v -0.001122 0.040029 0.110077
v 0.002162 0.040027 0.080257
v 0.005786 0.039418 0.110837
v 0.009069 0.039416 0.081017
v 0.012483 0.037610 0.111575
v 0.015766 0.037608 0.081755
v 0.018766 0.034659 0.112267
v 0.022049 0.034657 0.082447
v 0.024444 0.030656 0.112892
v 0.027728 0.030654 0.083072
v 0.029346 0.025721 0.113432
v 0.032629 0.025719 0.083612
v 0.033320 0.020005 0.113870
v 0.036604 0.020003 0.084050
v 0.036248 0.013682 0.114193
v 0.039532 0.013680 0.084373
v 0.038040 0.006943 0.114391
v 0.041324 0.006941 0.084571
v 0.038642 -0.000007 0.114457
v 0.041925 -0.000009 0.084638
v 0.038035 -0.006956 0.114391
v 0.041318 -0.006958 0.084571
v 0.036237 -0.013694 0.114193
v 0.039521 -0.013696 0.084374
v 0.033304 -0.020015 0.113871
v 0.036587 -0.020017 0.084051
v 0.029325 -0.025728 0.113433
v 0.032608 -0.025730 0.083613
v 0.024419 -0.030658 0.112893
v 0.027703 -0.030660 0.083074
v 0.018738 -0.034657 0.112268
v 0.022021 -0.034659 0.082448
v 0.012452 -0.037603 0.111576
v 0.015736 -0.037605 0.081756
v 0.005754 -0.039406 0.110839
v 0.009037 -0.039408 0.081019
v -0.001154 -0.040011 0.110078
v 0.002129 -0.040013 0.080258
v -0.008062 -0.039400 0.109317
v -0.004778 -0.039402 0.079498
v -0.014759 -0.037592 0.108580
v -0.011475 -0.037594 0.078760
v -0.021042 -0.034641 0.107888
v -0.017758 -0.034643 0.078068
v -0.026720 -0.030638 0.107262
v -0.023437 -0.030639 0.077443
v -0.031621 -0.025703 0.106722
v -0.028338 -0.025705 0.076903
v -0.035596 -0.019987 0.106284
v -0.032313 -0.019989 0.076465
v -0.038524 -0.013663 0.105962
v -0.035241 -0.013665 0.076142
v -0.040316 -0.006924 0.105764
v -0.037033 -0.006926 0.075944
v -0.040917 0.000025 0.105697
v -0.037634 0.000023 0.075877
v -0.040310 0.006974 0.105764
v -0.037027 0.006973 0.075944
v -0.038513 0.013712 0.105961
v -0.035229 0.013710 0.076141
v -0.035580 0.020033 0.106284
v -0.032296 0.020031 0.076464
v -0.031600 0.025746 0.106721
v -0.028317 0.025744 0.076902
v -0.026695 0.030677 0.107261
v -0.023412 0.030675 0.077441
v -0.021014 0.034676 0.107887
v -0.017730 0.034674 0.078067
v -0.014728 0.037621 0.108579
v -0.011445 0.037619 0.078759
v -0.008029 0.039424 0.109316
v -0.004746 0.039422 0.079496
v -0.008202 0.040056 0.079116
v -0.001326 0.041240 0.079873
v 0.002162 0.041387 0.080257
v 0.005651 0.041237 0.080641
v 0.012526 0.040048 0.081398
v 0.019103 0.037707 0.082122
v 0.025192 0.034282 0.082793
v 0.030618 0.029870 0.083391
v 0.035225 0.024600 0.083898
v 0.038880 0.018622 0.084301
v 0.041479 0.012108 0.084588
v 0.042946 0.005247 0.084750
v 0.041925 -0.000009 0.084638
v 0.043239 -0.001766 0.084782
v 0.042350 -0.008727 0.084685
v 0.040305 -0.015437 0.084460
v 0.037161 -0.021703 0.084114
v 0.033011 -0.027344 0.083658
v 0.027972 -0.032198 0.083103
v 0.022190 -0.036126 0.082467
v 0.015832 -0.039015 0.081767
v 0.009080 -0.040780 0.081024
v 0.002129 -0.041373 0.080258
v -0.004822 -0.040775 0.079493
v -0.011573 -0.039003 0.078749
v -0.017929 -0.036110 0.078049
v -0.023707 -0.032177 0.077413
v -0.028742 -0.027319 0.076858
v -0.032888 -0.021674 0.076401
v -0.036026 -0.015406 0.076055
v -0.038066 -0.008694 0.075830
v -0.037634 0.000023 0.075877
v -0.038950 -0.001732 0.075733
v -0.038651 0.005280 0.075765
v -0.037178 0.012140 0.075927
v -0.034574 0.018652 0.076213
v -0.030914 0.024627 0.076616
v -0.026303 0.029893 0.077123
v -0.020873 0.034300 0.077721
v -0.014781 0.037721 0.078391
v -0.006918 0.042373 0.096360
v 0.000302 0.042988 0.097155
v -0.001941 0.042834 0.084227
v -0.005512 0.042220 0.083834
v -0.009084 0.041605 0.083441
v -0.013931 0.040539 0.095588
v -0.012500 0.040392 0.083065
v -0.015917 0.039179 0.082689
v -0.020535 0.037539 0.094861
v -0.019080 0.037403 0.082340
v -0.022244 0.035627 0.081992
v -0.026540 0.033459 0.094200
v -0.025064 0.033338 0.081682
v -0.027884 0.031049 0.081372
v -0.031774 0.028417 0.093624
v -0.030279 0.028314 0.081108
v -0.032673 0.025579 0.080845
v -0.036085 0.022558 0.093149
v -0.034574 0.022476 0.080635
v -0.036475 0.019373 0.080426
v -0.039350 0.016050 0.092790
v -0.037827 0.015991 0.080278
v -0.039180 0.012610 0.080129
v -0.041474 0.009080 0.092557
v -0.039944 0.009047 0.080045
v -0.040709 0.005484 0.079961
v -0.042398 0.001850 0.092456
v -0.040864 0.001842 0.079944
v -0.041020 -0.001799 0.079927
v -0.042093 -0.005434 0.092490
v -0.040561 -0.005415 0.079978
v -0.040102 -0.009031 0.080029
v -0.040569 -0.012561 0.092658
v -0.039043 -0.012516 0.080146
v -0.037983 -0.016002 0.080263
v -0.037870 -0.019326 0.092955
v -0.036353 -0.019257 0.080442
v -0.034724 -0.022512 0.080622
v -0.034074 -0.025535 0.093374
v -0.032570 -0.025444 0.080859
v -0.030417 -0.028375 0.081096
v -0.029289 -0.031009 0.093901
v -0.027803 -0.030898 0.081384
v -0.025188 -0.033422 0.081673
v -0.023653 -0.035591 0.094522
v -0.022187 -0.035464 0.082003
v -0.019186 -0.037506 0.082334
v -0.017328 -0.039149 0.095219
v -0.015885 -0.039009 0.082697
v -0.012584 -0.040512 0.083061
v -0.010497 -0.041580 0.095971
v -0.009079 -0.041431 0.083447
v -0.005573 -0.042351 0.083833
v -0.003356 -0.042815 0.096757
v -0.001963 -0.042662 0.084230
v 0.001647 -0.042973 0.084628
v 0.003890 -0.042818 0.097555
v 0.005257 -0.042665 0.085025
v 0.008867 -0.042357 0.085423
v 0.011033 -0.041589 0.098341
v 0.012374 -0.041440 0.085809
v 0.015880 -0.040523 0.086195
v 0.017866 -0.039163 0.099094
v 0.019182 -0.039023 0.086558
v 0.022484 -0.037523 0.086922
v 0.024194 -0.035611 0.099790
v 0.025487 -0.035483 0.087252
v 0.028489 -0.033443 0.087583
v 0.029833 -0.031033 0.100411
v 0.031106 -0.030922 0.087871
v 0.033723 -0.028401 0.088159
v 0.034623 -0.025563 0.100938
v 0.035878 -0.025472 0.088396
v 0.038034 -0.022542 0.088633
v 0.038424 -0.019357 0.101356
v 0.039666 -0.019288 0.088813
v 0.041299 -0.016034 0.088992
v 0.041129 -0.012594 0.101653
v 0.042361 -0.012549 0.089109
v 0.043424 -0.009064 0.089226
v 0.042658 -0.005468 0.101821
v 0.043885 -0.005449 0.089276
v 0.044347 -0.001834 0.089327
v 0.042969 0.001815 0.101855
v 0.044195 0.001808 0.089310
v 0.044042 0.005449 0.089293
v 0.042052 0.009046 0.101754
v 0.043281 0.009013 0.089209
v 0.042519 0.012576 0.089125
v 0.039933 0.016018 0.101520
v 0.041169 0.015959 0.088976
v 0.039820 0.019342 0.088827
v 0.036673 0.022528 0.101161
v 0.037921 0.022446 0.088618
v 0.036023 0.025551 0.088409
v 0.032367 0.028391 0.100686
v 0.033630 0.028288 0.088145
v 0.031238 0.031025 0.087881
v 0.027137 0.033437 0.100110
v 0.028420 0.033316 0.087571
v 0.025602 0.035607 0.087261
v 0.021135 0.037522 0.099449
v 0.022440 0.037386 0.086912
v 0.019278 0.039165 0.086564
v 0.014534 0.040527 0.098722
v 0.015862 0.040381 0.086188
v 0.012446 0.041596 0.085812
v 0.007522 0.042367 0.097950
v 0.008876 0.042214 0.085418
v 0.005305 0.042831 0.085025
v 0.001682 0.042987 0.084626
v 0.007789 -0.045348 0.097985
v 0.000266 -0.045972 0.097156
v -0.007256 -0.045342 0.096328
v -0.014573 -0.043474 0.095522
v -0.021484 -0.040421 0.094761
v -0.027802 -0.036265 0.094065
v -0.033353 -0.031119 0.093454
v -0.037987 -0.025125 0.092943
v -0.041577 -0.018445 0.092547
v -0.044025 -0.011261 0.092277
v -0.045264 -0.003770 0.092140
v -0.045261 0.003824 0.092140
v -0.044016 0.011314 0.092277
v -0.041562 0.018495 0.092547
v -0.037966 0.025173 0.092942
v -0.033328 0.031163 0.093452
v -0.027772 0.036304 0.094064
v -0.021451 0.040455 0.094759
v -0.014537 0.043503 0.095521
v -0.007219 0.045364 0.096326
v 0.000304 0.045988 0.097155
v 0.007826 0.045358 0.097983
v 0.015143 0.043491 0.098789
v 0.022054 0.040438 0.099550
v 0.028372 0.036282 0.100246
v 0.033923 0.031136 0.100857
v 0.038557 0.025141 0.101368
v 0.042147 0.018461 0.101764
v 0.044595 0.011278 0.102034
v 0.045834 0.003787 0.102170
v 0.045831 -0.003807 0.102171
v 0.044586 -0.011297 0.102034
v 0.042132 -0.018479 0.101764
v 0.038536 -0.025156 0.101369
v 0.033898 -0.031147 0.100858
v 0.028342 -0.036288 0.100247
v 0.022021 -0.040439 0.099551
v 0.015107 -0.043486 0.098790
v 0.007782 0.045358 0.098380
v 0.015099 0.043491 0.099186
v 0.022010 0.040438 0.099947
v 0.028328 0.036282 0.100643
v 0.033879 0.031136 0.101255
v 0.038513 0.025141 0.101765
v 0.042103 0.018461 0.102161
v 0.044551 0.011278 0.102431
v 0.045790 0.003787 0.102568
v 0.045787 -0.003807 0.102568
v 0.044542 -0.011297 0.102432
v 0.042088 -0.018479 0.102162
v 0.038493 -0.025156 0.101766
v 0.033854 -0.031147 0.101256
v 0.028298 -0.036288 0.100645
v 0.021977 -0.040439 0.099949
v 0.015063 -0.043486 0.099188
v 0.007745 -0.045348 0.098382
v 0.000222 -0.045972 0.097554
v -0.007300 -0.045342 0.096726
v -0.014617 -0.043474 0.095920
v -0.021528 -0.040421 0.095159
v -0.027846 -0.036265 0.094463
v -0.033397 -0.031119 0.093851
v -0.038031 -0.025125 0.093341
v -0.041621 -0.018445 0.092945
v -0.044069 -0.011261 0.092675
v -0.045308 -0.003770 0.092538
v -0.045305 0.003824 0.092538
v -0.044059 0.011314 0.092674
v -0.041606 0.018495 0.092944
v -0.038010 0.025173 0.093340
v -0.033371 0.031163 0.093850
v -0.027816 0.036304 0.094461
v -0.021495 0.040455 0.095157
v -0.014581 0.043503 0.095918
v -0.007263 0.045364 0.096724
v 0.000260 0.045988 0.097552
v -0.021310 -0.039893 0.095786
v -0.024372 -0.036625 0.095449
v -0.027545 -0.035792 0.095099
v -0.028507 -0.033447 0.094993
v -0.033024 -0.030713 0.094496
v -0.032238 -0.029799 0.094582
v -0.037597 -0.024797 0.093992
v -0.035515 -0.025733 0.094221
v -0.038291 -0.021306 0.093915
v -0.041140 -0.018204 0.093601
v -0.040527 -0.016579 0.093669
v -0.043556 -0.011114 0.093335
v -0.043547 0.011166 0.093334
v -0.041420 0.014175 0.093568
v -0.041125 0.018254 0.093601
v -0.039463 0.019025 0.093784
v -0.037577 0.024844 0.093991
v -0.036949 0.023608 0.094060
v -0.032999 0.030757 0.094495
v -0.033914 0.027859 0.094394
v -0.030400 0.031720 0.094781
v -0.027515 0.035831 0.095098
v -0.026458 0.035136 0.095215
v -0.021277 0.039928 0.095785
v -0.022141 0.038058 0.095690
v -0.017511 0.040447 0.096199
v -0.014453 0.042935 0.096536
v -0.012633 0.042267 0.096736
v -0.007231 0.044772 0.097331
v -0.007575 0.043495 0.097293
v 0.000194 0.045388 0.098149
v -0.002408 0.044112 0.097862
v 0.002795 0.044110 0.098435
v 0.007618 0.044766 0.098966
v 0.007961 0.043488 0.099004
v 0.014839 0.042924 0.099761
v 0.033375 0.030730 0.101803
v 0.034288 0.027832 0.101904
v 0.037948 0.024813 0.102307
v 0.037319 0.023578 0.102238
v 0.041491 0.018220 0.102697
v 0.013018 0.042257 0.099561
v 0.017895 0.040432 0.100098
v 0.021661 0.039910 0.100512
v 0.022523 0.038040 0.100608
v 0.027896 0.035808 0.101199
v 0.026837 0.035114 0.101083
v 0.030777 0.031695 0.101517
v 0.039829 0.018993 0.102514
v 0.041783 0.014141 0.102730
v 0.043907 0.011131 0.102964
v 0.043152 0.009091 0.102881
v 0.045130 0.003738 0.103099
v 0.043918 0.003914 0.102966
v 0.045127 -0.003757 0.103099
v 0.044070 -0.001319 0.102983
v 0.043606 -0.006532 0.102932
v 0.043898 -0.011150 0.102964
v 0.042532 -0.011654 0.102814
v 0.041476 -0.018237 0.102698
v -0.042191 -0.011620 0.093485
v -0.043260 -0.006497 0.093367
v -0.044779 -0.003721 0.093200
v -0.043720 -0.001283 0.093316
v -0.044776 0.003774 0.093200
v -0.043564 0.003949 0.093333
v -0.042794 0.009126 0.093418
v 0.040864 -0.016612 0.102631
v 0.038624 -0.021337 0.102384
v 0.037928 -0.024828 0.102308
v 0.035845 -0.025762 0.102078
v 0.033349 -0.030740 0.101804
v 0.032565 -0.029826 0.101718
v 0.027866 -0.035814 0.101201
v -0.007267 -0.044750 0.097333
v -0.010157 -0.042931 0.097014
v -0.014488 -0.042907 0.096537
v -0.015133 -0.041401 0.096466
v -0.019893 -0.039289 0.095942
v 0.028830 -0.033470 0.101307
v 0.024693 -0.036645 0.100851
v 0.021628 -0.039911 0.100514
v 0.020212 -0.039305 0.100358
v 0.014804 -0.042919 0.099763
v 0.015450 -0.041413 0.099834
v 0.010473 -0.042940 0.099286
v 0.007582 -0.044756 0.098968
v 0.005351 -0.043864 0.098722
v 0.000157 -0.045372 0.098150
v 0.000157 -0.044172 0.098150
v -0.005036 -0.043859 0.097578
v -0.007214 0.043339 0.097534
v -0.002418 0.043912 0.098062
v -0.007562 0.043298 0.097496
v -0.012597 0.042076 0.096942
v -0.021128 0.038368 0.096002
v -0.017453 0.040264 0.096407
v -0.014368 0.041415 0.096747
v -0.022062 0.037886 0.095900
v -0.026359 0.034977 0.095427
v -0.032600 0.029032 0.094740
v -0.030284 0.031577 0.094995
v -0.027260 0.034196 0.095328
v -0.033781 0.027733 0.094610
v -0.036803 0.023501 0.094277
v -0.037039 0.023070 0.094251
v -0.039305 0.018939 0.094002
v -0.042566 0.009288 0.093644
v -0.041254 0.014111 0.093788
v -0.040332 0.016394 0.093889
v -0.042621 0.009085 0.093638
v -0.043388 0.003931 0.093554
v -0.043166 -0.005556 0.093579
v -0.043544 -0.001277 0.093537
v -0.043449 0.001890 0.093547
v -0.043086 -0.006468 0.093588
v -0.042021 -0.011567 0.093705
v -0.038830 -0.019747 0.094057
v -0.040364 -0.016504 0.093888
v -0.041596 -0.012834 0.093752
v -0.038139 -0.021209 0.094133
v -0.035375 -0.025617 0.094438
v -0.034979 -0.026109 0.094481
v -0.032114 -0.029664 0.094797
v -0.024339 -0.036416 0.095654
v -0.028399 -0.033295 0.095206
v -0.030055 -0.031676 0.095024
v -0.024283 -0.036459 0.095660
v -0.019824 -0.039111 0.096151
v -0.010868 -0.042511 0.097137
v -0.015085 -0.041213 0.096673
v -0.017839 -0.039991 0.096370
v -0.010132 -0.042737 0.097218
v -0.005035 -0.043661 0.097780
v 0.003839 -0.043752 0.098757
v 0.000136 -0.043972 0.098349
v -0.003568 -0.043749 0.097941
v 0.005306 -0.043665 0.098918
v 0.010404 -0.042745 0.099480
v 0.018114 -0.040006 0.100328
v 0.015359 -0.041226 0.100025
v 0.011140 -0.042520 0.099561
v 0.020100 -0.039127 0.100547
v 0.024560 -0.036479 0.101038
v 0.024616 -0.036436 0.101044
v 0.028679 -0.033319 0.101491
v 0.035265 -0.026137 0.102216
v 0.032396 -0.029691 0.101900
v 0.030336 -0.031701 0.101674
v 0.035662 -0.025646 0.102260
v 0.038428 -0.021240 0.102564
v 0.041892 -0.012868 0.102945
v 0.040658 -0.016537 0.102809
v 0.039121 -0.019779 0.102640
v 0.042319 -0.011601 0.102992
v 0.043388 -0.006503 0.103109
v 0.043758 0.001855 0.103149
v 0.043850 -0.001313 0.103160
v 0.043469 -0.005592 0.103118
v 0.043698 0.003896 0.103143
v 0.042936 0.009050 0.103058
v 0.042880 0.009253 0.103052
v 0.041572 0.014077 0.102908
v 0.037365 0.023039 0.102444
v 0.039628 0.018907 0.102693
v 0.040653 0.016361 0.102806
v 0.037129 0.023471 0.102418
v 0.034111 0.027706 0.102085
v 0.027595 0.034174 0.101368
v 0.030617 0.031552 0.101700
v 0.032931 0.029005 0.101955
v 0.026695 0.034955 0.101268
v 0.022400 0.037868 0.100795
v 0.014709 0.041403 0.099948
v 0.017793 0.040249 0.100288
v 0.021467 0.038350 0.100692
v 0.012938 0.042066 0.099753
v 0.007904 0.043292 0.099199
v 0.007557 0.043333 0.099161
v 0.002761 0.043910 0.098632
v 0.000172 0.043911 0.098347
v 0.000144 -0.043987 0.098273
v -0.005028 -0.043676 0.097703
v -0.010127 -0.042752 0.097142
v -0.015082 -0.041227 0.096596
v -0.019823 -0.039124 0.096074
v -0.024283 -0.036472 0.095583
v -0.028400 -0.033307 0.095129
v -0.032116 -0.029675 0.094720
v -0.035379 -0.025626 0.094360
v -0.038143 -0.021217 0.094056
v -0.040370 -0.016510 0.093810
v -0.042027 -0.011571 0.093627
v -0.043092 -0.006470 0.093510
v -0.043550 -0.001278 0.093459
v -0.043395 0.003933 0.093476
v -0.042628 0.009088 0.093560
v -0.041260 0.014116 0.093710
v -0.039310 0.018945 0.093925
v -0.036807 0.023509 0.094200
v -0.033785 0.027743 0.094533
v -0.030286 0.031588 0.094918
v -0.026360 0.034989 0.095350
v -0.022061 0.037899 0.095823
v -0.017451 0.040278 0.096330
v -0.012593 0.042091 0.096865
v -0.007556 0.043313 0.097420
v 0.002771 0.043925 0.098557
v -0.002411 0.043927 0.097986
v 0.007915 0.043307 0.099123
v 0.012951 0.042080 0.099678
v 0.017807 0.040263 0.100212
v 0.022416 0.037881 0.100720
v 0.026712 0.034967 0.101193
v 0.030636 0.031563 0.101625
v 0.034131 0.027715 0.102011
v 0.037150 0.023479 0.102343
v 0.039650 0.018913 0.102619
v 0.041595 0.014082 0.102833
v 0.042959 0.009053 0.102984
v 0.043722 0.003897 0.103068
v 0.043873 -0.001313 0.103085
v 0.043411 -0.006505 0.103035
v 0.042342 -0.011605 0.102917
v 0.040680 -0.016543 0.102735
v 0.038450 -0.021248 0.102489
v 0.035682 -0.025654 0.102185
v 0.032416 -0.029701 0.101825
v 0.028697 -0.033330 0.101416
v 0.024577 -0.036491 0.100963
v 0.020115 -0.039140 0.100472
v 0.015372 -0.041240 0.099949
v 0.010416 -0.042760 0.099404
v 0.005316 -0.043680 0.098842
v 0.005328 -0.043723 0.098778
v 0.010433 -0.042802 0.099341
v 0.015394 -0.041280 0.099887
v 0.020142 -0.039179 0.100409
v 0.024608 -0.036527 0.100901
v 0.028732 -0.033363 0.101355
v 0.032455 -0.029730 0.101764
v 0.035724 -0.025680 0.102124
v 0.038495 -0.021269 0.102429
v 0.040727 -0.016559 0.102674
v 0.042390 -0.011617 0.102857
v 0.043461 -0.006511 0.102975
v 0.043923 -0.001314 0.103025
v 0.043772 0.003901 0.103008
v 0.043008 0.009062 0.102924
v 0.041643 0.014096 0.102773
v 0.039696 0.018932 0.102559
v 0.037194 0.023502 0.102283
v 0.034172 0.027743 0.101950
v 0.030673 0.031594 0.101564
v 0.026745 0.035002 0.101132
v 0.022445 0.037918 0.100658
v 0.017832 0.040303 0.100150
v 0.012971 0.042122 0.099614
v 0.007930 0.043349 0.099059
v 0.002780 0.043969 0.098492
v -0.002406 0.043971 0.097921
v -0.007556 0.043356 0.097354
v -0.012598 0.042132 0.096799
v -0.017461 0.040317 0.096264
v -0.022076 0.037937 0.095756
v -0.026379 0.035023 0.095282
v -0.030309 0.031619 0.094850
v -0.033811 0.027770 0.094464
v -0.036836 0.023532 0.094131
v -0.039342 0.018964 0.093856
v -0.041293 0.014129 0.093641
v -0.042663 0.009097 0.093491
v -0.043430 0.003937 0.093407
v -0.043586 -0.001279 0.093390
v -0.043128 -0.006476 0.093441
v -0.042062 -0.011582 0.093558
v -0.040403 -0.016526 0.093741
v -0.038174 -0.021238 0.093987
v -0.035407 -0.025651 0.094292
v -0.032141 -0.029704 0.094652
v -0.028421 -0.033340 0.095062
v -0.024300 -0.036508 0.095516
v -0.019835 -0.039163 0.096007
v -0.015090 -0.041268 0.096530
v -0.010130 -0.042794 0.097076
v -0.005026 -0.043719 0.097638
v 0.000151 -0.044030 0.098208
v 0.005341 -0.043788 0.098736
v 0.010453 -0.042865 0.099299
v 0.015422 -0.041341 0.099846
v 0.020176 -0.039237 0.100369
v 0.024649 -0.036581 0.100862
v 0.028779 -0.033412 0.101316
v 0.032507 -0.029774 0.101727
v 0.035782 -0.025718 0.102087
v 0.038556 -0.021300 0.102392
v 0.040792 -0.016583 0.102638
v 0.042457 -0.011634 0.102821
v 0.043529 -0.006521 0.102939
v 0.043993 -0.001316 0.102989
v 0.043841 0.003907 0.102972
v 0.043076 0.009075 0.102888
v 0.041709 0.014116 0.102737
v 0.039759 0.018960 0.102522
v 0.037253 0.023537 0.102246
v 0.034227 0.027784 0.101912
v 0.030723 0.031640 0.101526
v 0.026789 0.035053 0.101093
v 0.022483 0.037974 0.100618
v 0.017863 0.040362 0.100110
v 0.012994 0.042184 0.099573
v 0.007946 0.043413 0.099018
v 0.002789 0.044033 0.098450
v -0.002405 0.044035 0.097878
v -0.007563 0.043419 0.097310
v -0.012612 0.042194 0.096754
v -0.017482 0.040377 0.096218
v -0.022104 0.037992 0.095709
v -0.026413 0.035075 0.095235
v -0.030349 0.031665 0.094802
v -0.033856 0.027811 0.094416
v -0.036886 0.023567 0.094082
v -0.039396 0.018992 0.093806
v -0.041350 0.014150 0.093592
v -0.042721 0.009110 0.093441
v -0.043490 0.003942 0.093357
v -0.043646 -0.001281 0.093340
v -0.043187 -0.006486 0.093391
v -0.042119 -0.011600 0.093508
v -0.040458 -0.016550 0.093692
v -0.038226 -0.021269 0.093938
v -0.035455 -0.025689 0.094243
v -0.032184 -0.029748 0.094604
v -0.028459 -0.033389 0.095014
v -0.024331 -0.036561 0.095469
v -0.019860 -0.039220 0.095961
v -0.015108 -0.041329 0.096484
v -0.010141 -0.042857 0.097031
v -0.005029 -0.043783 0.097594
v 0.000156 -0.044095 0.098165
v 0.038642 -0.000007 0.114457
v 0.039526 -0.000007 0.115561
v -0.040917 0.000025 0.105697
v -0.042021 0.000026 0.106582
v 0.024263 -0.042566 -0.084225
v 0.025067 -0.043827 -0.091533
v 0.025477 -0.041026 -0.095241
v 0.025884 -0.043827 -0.098948
v 0.026257 -0.040403 -0.102321
v 0.026689 -0.042567 -0.106256
v 0.027013 -0.038553 -0.109186
v 0.027460 -0.040083 -0.113247
v 0.027724 -0.035531 -0.115628
v 0.028174 -0.036445 -0.119720
v 0.028367 -0.031430 -0.121450
v 0.028811 -0.031759 -0.125490
v 0.028922 -0.026375 -0.126475
v 0.029353 -0.026160 -0.130388
v 0.029373 -0.020518 -0.130552
v 0.029784 -0.019808 -0.134276
v 0.029707 -0.014038 -0.133556
v 0.030091 -0.012887 -0.137041
v 0.029912 -0.007131 -0.135395
v 0.030266 -0.005595 -0.138603
v 0.029983 -0.000008 -0.136015
v 0.030303 0.001858 -0.138918
v 0.029918 0.007115 -0.135396
v 0.030203 0.009257 -0.137976
v 0.029718 0.014022 -0.133556
v 0.029967 0.016390 -0.135805
v 0.029390 0.020502 -0.130553
v 0.029602 0.023051 -0.132467
v 0.028943 0.026360 -0.126476
v 0.029119 0.029049 -0.128058
v 0.028392 0.031416 -0.121451
v 0.028531 0.034211 -0.122705
v 0.027753 0.035517 -0.115629
v 0.027857 0.038388 -0.116562
v 0.027045 0.038540 -0.109188
v 0.027114 0.041461 -0.109806
v 0.026290 0.040391 -0.102322
v 0.026325 0.043341 -0.102630
v 0.025510 0.041014 -0.095242
v 0.025512 0.043974 -0.095242
v 0.024730 0.040392 -0.088162
v 0.024698 0.043342 -0.087854
v 0.023974 0.038542 -0.081297
v 0.023907 0.041463 -0.080679
v 0.023263 0.035520 -0.074855
v 0.023162 0.038391 -0.073922
v 0.022621 0.031419 -0.069033
v 0.022484 0.034214 -0.067779
v 0.022065 0.026364 -0.064008
v 0.021892 0.029053 -0.062426
v 0.021614 0.020507 -0.059931
v 0.021404 0.023056 -0.058017
v 0.021281 0.014027 -0.056927
v 0.021034 0.016395 -0.054678
v 0.021075 0.007120 -0.055087
v 0.020792 0.009263 -0.052507
v 0.021004 -0.000003 -0.054468
v 0.020685 0.001864 -0.051565
v 0.021069 -0.007126 -0.055087
v 0.020717 -0.005589 -0.051880
v 0.021269 -0.014033 -0.056927
v 0.020886 -0.012881 -0.053442
v 0.021597 -0.020513 -0.059930
v 0.021187 -0.019803 -0.056206
v 0.022044 -0.026371 -0.064007
v 0.021613 -0.026155 -0.060094
v 0.022595 -0.031427 -0.069032
v 0.022150 -0.031755 -0.064992
v 0.023234 -0.035529 -0.074854
v 0.022783 -0.036442 -0.070761
v 0.023942 -0.038551 -0.081295
v 0.023494 -0.040080 -0.077234
v 0.024697 -0.040402 -0.088160
v 0.024516 0.040015 -0.095352
v -0.005304 0.040027 -0.098635
v 0.025276 0.039406 -0.102259
v -0.004544 0.039419 -0.105543
v 0.026013 0.037600 -0.108957
v -0.003807 0.037613 -0.112240
v 0.026704 0.034652 -0.115241
v -0.003116 0.034664 -0.118525
v 0.027328 0.030650 -0.120921
v -0.002492 0.030662 -0.124205
v 0.027865 0.025717 -0.125824
v -0.001954 0.025729 -0.129108
v 0.028301 0.020003 -0.129801
v -0.001519 0.020015 -0.133085
v 0.028621 0.013680 -0.132732
v -0.001199 0.013692 -0.136015
v 0.028816 0.006942 -0.134526
v -0.001004 0.006954 -0.137810
v 0.028880 -0.000008 -0.135130
v -0.000940 0.000004 -0.138414
v 0.028810 -0.006957 -0.134526
v -0.001010 -0.006945 -0.137809
v 0.028610 -0.013695 -0.132731
v -0.001210 -0.013683 -0.136015
v 0.028285 -0.020017 -0.129801
v -0.001535 -0.020005 -0.133084
v 0.027844 -0.025731 -0.125823
v -0.001975 -0.025719 -0.129107
v 0.027302 -0.030664 -0.120920
v -0.002517 -0.030652 -0.124204
v 0.026675 -0.034665 -0.115240
v -0.003144 -0.034653 -0.118523
v 0.025982 -0.037613 -0.108956
v -0.003838 -0.037600 -0.112239
v 0.025244 -0.039418 -0.102258
v -0.004576 -0.039405 -0.105541
v 0.024483 -0.040025 -0.095350
v -0.005337 -0.040013 -0.098634
v 0.023723 -0.039417 -0.088442
v -0.006097 -0.039405 -0.091726
v 0.022986 -0.037611 -0.081745
v -0.006834 -0.037599 -0.085028
v 0.022295 -0.034662 -0.075460
v -0.007524 -0.034650 -0.078744
v 0.021672 -0.030661 -0.069780
v -0.008148 -0.030649 -0.073064
v 0.021134 -0.025728 -0.064877
v -0.008686 -0.025715 -0.068161
v 0.020698 -0.020013 -0.060900
v -0.009122 -0.020001 -0.064184
v 0.020378 -0.013690 -0.057970
v -0.009442 -0.013678 -0.061253
v 0.020183 -0.006952 -0.056175
v -0.009637 -0.006940 -0.059459
v 0.020119 -0.000003 -0.055571
v -0.009700 0.000009 -0.058855
v 0.020189 0.006947 -0.056176
v -0.009631 0.006959 -0.059459
v 0.020389 0.013685 -0.057971
v -0.009431 0.013697 -0.061254
v 0.020714 0.020007 -0.060901
v -0.009105 0.020019 -0.064185
v 0.021155 0.025721 -0.064878
v -0.008665 0.025733 -0.068162
v 0.021697 0.030654 -0.069782
v -0.008123 0.030666 -0.073065
v 0.022324 0.034654 -0.075462
v -0.007496 0.034667 -0.078745
v 0.023017 0.037602 -0.081746
v -0.006803 0.037614 -0.085030
v 0.023755 0.039407 -0.088444
v -0.006065 0.039419 -0.091727
v -0.006445 0.040052 -0.088271
v -0.005687 0.041238 -0.095147
v -0.005303 0.041387 -0.098635
v -0.004919 0.041238 -0.102123
v -0.004163 0.040051 -0.108999
v -0.003439 0.037713 -0.115577
v -0.002770 0.034289 -0.121667
v -0.002174 0.029880 -0.127095
v -0.001669 0.024611 -0.131704
v -0.001269 0.018634 -0.135362
v -0.000985 0.012121 -0.137963
v -0.000826 0.005260 -0.139433
v -0.000796 -0.001752 -0.139729
v -0.000897 -0.008713 -0.138842
v -0.001124 -0.015424 -0.136799
v -0.001473 -0.021691 -0.133658
v -0.001932 -0.027334 -0.129510
v -0.002488 -0.032190 -0.124473
v -0.003126 -0.036120 -0.118693
v -0.003827 -0.039010 -0.112336
v -0.004572 -0.040778 -0.105585
v -0.005337 -0.041373 -0.098634
v -0.006102 -0.040777 -0.091682
v -0.006845 -0.039008 -0.084931
v -0.007544 -0.036117 -0.078574
v -0.008179 -0.032187 -0.072794
v -0.008731 -0.027330 -0.067758
v -0.009186 -0.021687 -0.063609
v -0.009529 -0.015419 -0.060469
v -0.009751 -0.008708 -0.058426
v -0.009846 -0.001747 -0.057540
v -0.009810 0.005266 -0.057836
v -0.009646 0.012126 -0.059306
v -0.009357 0.018639 -0.061907
v -0.008951 0.024615 -0.065565
v -0.008442 0.029883 -0.070174
v -0.007842 0.034292 -0.075602
v -0.007170 0.037715 -0.081693
v 0.010800 0.042362 -0.089554
v 0.011595 0.042980 -0.096774
v -0.001332 0.042831 -0.094531
v -0.001726 0.042215 -0.090960
v -0.002119 0.041599 -0.087389
v 0.010027 0.040526 -0.082542
v -0.002496 0.040385 -0.083973
v -0.002872 0.039171 -0.080557
v 0.009299 0.037524 -0.075939
v -0.003221 0.037393 -0.077394
v -0.003570 0.035616 -0.074231
v 0.008636 0.033442 -0.069936
v -0.003882 0.033326 -0.071412
v -0.004193 0.031037 -0.068593
v 0.008058 0.028398 -0.064704
v -0.004458 0.028301 -0.066199
v -0.004722 0.025565 -0.063805
v 0.007581 0.022537 -0.060395
v -0.004933 0.022461 -0.061906
v -0.005143 0.019357 -0.060006
v 0.007219 0.016028 -0.057133
v -0.005293 0.015975 -0.058655
v -0.005443 0.012593 -0.057304
v 0.006983 0.009058 -0.055011
v -0.005529 0.009030 -0.056541
v -0.005614 0.005467 -0.055777
v 0.006879 0.001827 -0.054090
v -0.005633 0.001825 -0.055624
v -0.005651 -0.001816 -0.055470
v 0.006910 -0.005456 -0.054398
v -0.005602 -0.005432 -0.055930
v -0.005553 -0.009047 -0.056390
v 0.007075 -0.012583 -0.055924
v -0.005437 -0.012532 -0.057451
v -0.005322 -0.016018 -0.058512
v 0.007369 -0.019347 -0.058626
v -0.005144 -0.019272 -0.060143
v -0.004965 -0.022527 -0.061774
v 0.007785 -0.025555 -0.062425
v -0.004729 -0.025458 -0.063928
v -0.004493 -0.028389 -0.066083
v 0.008310 -0.031028 -0.067212
v -0.004206 -0.030911 -0.068698
v -0.003919 -0.033433 -0.071314
v 0.008929 -0.035608 -0.072850
v -0.003590 -0.035474 -0.074316
v -0.003260 -0.037516 -0.077317
v 0.009624 -0.039163 -0.079176
v -0.002897 -0.039017 -0.080619
v -0.002534 -0.040519 -0.083920
v 0.010375 -0.041592 -0.086008
v -0.002149 -0.041437 -0.087426
v -0.001763 -0.042356 -0.090932
v 0.011161 -0.042825 -0.093150
v -0.001366 -0.042665 -0.094542
v -0.000968 -0.042975 -0.098152
v 0.011959 -0.042825 -0.100396
v -0.000571 -0.042666 -0.101762
v -0.000173 -0.042357 -0.105372
v 0.012746 -0.041594 -0.107538
v 0.000213 -0.041439 -0.108879
v 0.000600 -0.040521 -0.112385
v 0.013499 -0.039166 -0.114370
v 0.000964 -0.039019 -0.115686
v 0.001328 -0.037518 -0.118988
v 0.014197 -0.035611 -0.120696
v 0.001659 -0.035477 -0.121989
v 0.001991 -0.033436 -0.124991
v 0.014820 -0.031031 -0.126334
v 0.002280 -0.030915 -0.127607
v 0.002569 -0.028393 -0.130223
v 0.015349 -0.025559 -0.131121
v 0.002807 -0.025462 -0.132377
v 0.003046 -0.022532 -0.134532
v 0.015770 -0.019352 -0.134921
v 0.003227 -0.019277 -0.136163
v 0.003408 -0.016023 -0.137794
v 0.016070 -0.012588 -0.137623
v 0.003526 -0.012538 -0.138855
v 0.003644 -0.009052 -0.139916
v 0.016241 -0.005462 -0.139149
v 0.003696 -0.005437 -0.140376
v 0.003748 -0.001822 -0.140836
v 0.016278 0.001822 -0.139457
v 0.003733 0.001820 -0.140683
v 0.003717 0.005462 -0.140529
v 0.016180 0.009052 -0.138537
v 0.003635 0.009025 -0.139766
v 0.003552 0.012588 -0.139003
v 0.015949 0.016023 -0.136415
v 0.003405 0.015970 -0.137652
v 0.003258 0.019353 -0.136301
v 0.015592 0.022533 -0.133153
v 0.003050 0.022456 -0.134401
v 0.002842 0.025560 -0.132502
v 0.015120 0.028394 -0.128844
v 0.002579 0.028297 -0.130108
v 0.002317 0.031033 -0.127715
v 0.014546 0.033438 -0.123613
v 0.002007 0.033323 -0.124896
v 0.001698 0.035613 -0.122077
v 0.013887 0.037521 -0.117610
v 0.001350 0.037391 -0.118914
v 0.001003 0.039169 -0.115751
v 0.013161 0.040524 -0.111007
v 0.000627 0.040383 -0.112335
v 0.000252 0.041598 -0.108919
v 0.012390 0.042361 -0.103994
v -0.000141 0.042214 -0.105348
v -0.000534 0.042830 -0.101777
v -0.000933 0.042985 -0.098154
v 0.012387 -0.045353 -0.104295
v 0.011559 -0.045980 -0.096773
v 0.010731 -0.045352 -0.089250
v 0.009926 -0.043488 -0.081933
v 0.009166 -0.040437 -0.075020
v 0.008472 -0.036283 -0.068701
v 0.007862 -0.031139 -0.063148
v 0.007354 -0.025146 -0.058512
v 0.006962 -0.018467 -0.054919
v 0.006695 -0.011285 -0.052468
v 0.006561 -0.003794 -0.051226
v 0.006564 0.003800 -0.051226
v 0.006704 0.011290 -0.052469
v 0.006977 0.018473 -0.054920
v 0.007375 0.025151 -0.058512
v 0.007888 0.031144 -0.063149
v 0.008502 0.036287 -0.068703
v 0.009199 0.040440 -0.075022
v 0.009961 0.043490 -0.081934
v 0.010768 0.045353 -0.089252
v 0.011596 0.045980 -0.096775
v 0.012424 0.045353 -0.104297
v 0.013229 0.043488 -0.111614
v 0.013989 0.040437 -0.118527
v 0.014683 0.036283 -0.124846
v 0.015293 0.031139 -0.130400
v 0.015801 0.025146 -0.135036
v 0.016194 0.018467 -0.138628
v 0.016461 0.011285 -0.141079
v 0.016594 0.003794 -0.142321
v 0.016591 -0.003800 -0.142321
v 0.016451 -0.011290 -0.141079
v 0.016179 -0.018473 -0.138628
v 0.015780 -0.025151 -0.135035
v 0.015267 -0.031143 -0.130398
v 0.014654 -0.036286 -0.124845
v 0.013956 -0.040439 -0.118526
v 0.013194 -0.043490 -0.111613
v 0.012822 0.045352 -0.104253
v 0.013627 0.043488 -0.111571
v 0.014387 0.040437 -0.118483
v 0.015081 0.036283 -0.124802
v 0.015690 0.031139 -0.130356
v 0.016198 0.025146 -0.134992
v 0.016591 0.018467 -0.138585
v 0.016858 0.011285 -0.141035
v 0.016992 0.003794 -0.142278
v 0.016989 -0.003800 -0.142278
v 0.016849 -0.011290 -0.141035
v 0.016576 -0.018473 -0.138584
v 0.016178 -0.025151 -0.134991
v 0.015665 -0.031144 -0.130355
v 0.015051 -0.036287 -0.124801
v 0.014354 -0.040440 -0.118482
v 0.013591 -0.043490 -0.111569
v 0.012785 -0.045353 -0.104252
v 0.011956 -0.045980 -0.096729
v 0.011128 -0.045352 -0.089206
v 0.010323 -0.043488 -0.081889
v 0.009564 -0.040437 -0.074977
v 0.008869 -0.036283 -0.068657
v 0.008260 -0.031139 -0.063104
v 0.007752 -0.025146 -0.058468
v 0.007359 -0.018467 -0.054875
v 0.007092 -0.011285 -0.052424
v 0.006959 -0.003794 -0.051182
v 0.006962 0.003800 -0.051182
v 0.007101 0.011290 -0.052425
v 0.007374 0.018473 -0.054876
v 0.007773 0.025151 -0.058469
v 0.008286 0.031143 -0.063105
v 0.008899 0.036286 -0.068659
v 0.009597 0.040440 -0.074978
v 0.010359 0.043490 -0.081891
v 0.011165 0.045353 -0.089208
v 0.011994 0.045980 -0.096731
v 0.013000 0.044020 -0.100389
v 0.013407 0.044760 -0.104089
v 0.012590 0.045380 -0.096665
v 0.011772 0.044761 -0.089241
v 0.012180 0.044021 -0.092941
v 0.012590 0.044180 -0.096665
v 0.007752 -0.011138 -0.052937
v 0.008016 -0.018227 -0.055356
v 0.008078 -0.016471 -0.055916
v 0.008031 0.018231 -0.055356
v 0.007761 0.011143 -0.052937
v 0.007954 0.012939 -0.054675
v 0.008930 0.030737 -0.063478
v 0.008424 0.024823 -0.058902
v 0.008695 0.026273 -0.061358
v 0.008954 0.029190 -0.063699
v 0.009239 0.031898 -0.066279
v 0.009536 0.035813 -0.068959
v 0.010976 0.042922 -0.082019
v 0.010224 0.039912 -0.075196
v 0.010596 0.040259 -0.078576
v 0.010978 0.041657 -0.082035
v 0.011371 0.042755 -0.085600
v 0.011772 0.043545 -0.089243
v 0.015608 -0.035813 -0.124369
v 0.016213 -0.030737 -0.129850
v 0.015904 -0.031898 -0.127050
v 0.013371 -0.044762 -0.104088
v 0.014167 -0.042922 -0.111310
v 0.013773 -0.042755 -0.107729
v 0.008404 -0.024818 -0.058901
v 0.008905 -0.030733 -0.063477
v 0.008930 -0.029187 -0.063698
v 0.007943 -0.012935 -0.054674
v 0.007841 -0.009305 -0.053735
v 0.007620 -0.003745 -0.051711
v 0.007623 0.003750 -0.051711
v 0.007778 0.005614 -0.053105
v 0.007849 0.009310 -0.053735
v 0.017523 0.003744 -0.141618
v 0.017391 0.011137 -0.140392
v 0.017302 0.009305 -0.139593
v 0.017382 -0.011143 -0.140391
v 0.017520 -0.003751 -0.141617
v 0.017366 -0.005615 -0.140223
v 0.016719 -0.024823 -0.134426
v 0.017113 -0.018232 -0.137972
v 0.016881 -0.019893 -0.135876
v 0.016680 -0.023167 -0.134058
v 0.016449 -0.026273 -0.131971
v 0.016189 -0.029191 -0.129629
v 0.012144 -0.044021 -0.092939
v 0.011736 -0.044761 -0.089239
v 0.012553 -0.045380 -0.096663
v 0.008673 -0.026269 -0.061357
v 0.008445 -0.023162 -0.059269
v 0.008246 -0.019888 -0.057451
v 0.007773 -0.005609 -0.053105
v 0.007740 -0.001873 -0.052789
v 0.007741 0.001878 -0.052789
v 0.008092 0.016475 -0.055917
v 0.008262 0.019892 -0.057452
v 0.008464 0.023166 -0.059270
v 0.009548 0.034375 -0.069077
v 0.009879 0.036605 -0.072074
v 0.010229 0.038571 -0.075248
v 0.014580 0.040257 -0.114753
v 0.014952 0.039909 -0.118134
v 0.014202 0.042920 -0.111311
v 0.017127 0.018226 -0.137973
v 0.017065 0.016470 -0.137412
v 0.017200 0.012934 -0.138654
v 0.015595 -0.034376 -0.124252
v 0.015264 -0.036605 -0.121255
v 0.014919 -0.039912 -0.118132
v 0.014914 -0.038571 -0.118080
v 0.014547 -0.040260 -0.114752
v 0.014165 -0.041658 -0.111293
v 0.013371 -0.043545 -0.104085
v 0.012964 -0.044021 -0.100388
v 0.012554 -0.044180 -0.096663
v 0.013407 0.043544 -0.104087
v 0.013808 0.042753 -0.107731
v 0.014200 0.041655 -0.111295
v 0.014946 0.038568 -0.118082
v 0.015294 0.036602 -0.121256
v 0.015637 0.035809 -0.124370
v 0.015623 0.034372 -0.124253
v 0.016238 0.030733 -0.129851
v 0.015930 0.031894 -0.127051
v 0.016213 0.029186 -0.129630
v 0.016740 0.024818 -0.134427
v 0.016470 0.026268 -0.131972
v 0.016699 0.023161 -0.134059
v 0.016897 0.019887 -0.135877
v 0.017370 0.005609 -0.140223
v 0.017403 0.001872 -0.140539
v 0.017402 -0.001878 -0.140539
v 0.017295 -0.009311 -0.139593
v 0.017190 -0.012940 -0.138654
v 0.017052 -0.016476 -0.137412
v 0.010564 -0.040257 -0.078575
v 0.010191 -0.039909 -0.075195
v 0.010941 -0.042921 -0.082017
v 0.011737 -0.043544 -0.089242
v 0.011336 -0.042754 -0.085598
v 0.010944 -0.041656 -0.082034
v 0.010198 -0.038569 -0.075247
v 0.009849 -0.036602 -0.072072
v 0.009506 -0.035810 -0.068958
v 0.009520 -0.034372 -0.069076
v 0.009213 -0.031894 -0.066277
v 0.012380 0.043821 -0.092936
v 0.011975 0.043347 -0.089255
v 0.011575 0.042561 -0.085628
v 0.011184 0.041468 -0.082080
v 0.010804 0.040077 -0.078636
v 0.010439 0.038396 -0.075323
v 0.010090 0.036439 -0.072163
v 0.009761 0.034219 -0.069180
v 0.009453 0.031753 -0.066394
v 0.009169 0.029058 -0.063827
v 0.008911 0.026154 -0.061495
v 0.008681 0.023061 -0.059417
v 0.008480 0.019802 -0.057608
v 0.008311 0.016400 -0.056079
v 0.008173 0.012881 -0.054843
v 0.008069 0.009268 -0.053908
v 0.007998 0.005589 -0.053281
v 0.007962 0.001869 -0.052966
v 0.007961 -0.001864 -0.052966
v 0.007994 -0.005584 -0.053281
v 0.008061 -0.009263 -0.053908
v 0.008163 -0.012876 -0.054843
v 0.008297 -0.016396 -0.056079
v 0.008464 -0.019798 -0.057607
v 0.008662 -0.023057 -0.059417
v 0.008890 -0.026150 -0.061494
v 0.009145 -0.029055 -0.063826
v 0.009427 -0.031750 -0.066393
v 0.009733 -0.034217 -0.069179
v 0.010060 -0.036437 -0.072162
v 0.010407 -0.038394 -0.075322
v 0.010771 -0.040075 -0.078635
v 0.011150 -0.041467 -0.082078
v 0.011540 -0.042561 -0.085626
v 0.011939 -0.043347 -0.089254
v 0.012344 -0.043822 -0.092934
v 0.012752 -0.043980 -0.096642
v 0.013161 -0.043822 -0.100349
v 0.013566 -0.043348 -0.104030
v 0.013966 -0.042562 -0.107657
v 0.014357 -0.041469 -0.111205
v 0.014737 -0.040077 -0.114648
v 0.015102 -0.038397 -0.117962
v 0.015451 -0.036440 -0.121121
v 0.015780 -0.034220 -0.124105
v 0.016088 -0.031754 -0.126890
v 0.016372 -0.029059 -0.129458
v 0.016630 -0.026155 -0.131789
v 0.016860 -0.023062 -0.133867
v 0.017060 -0.019803 -0.135677
v 0.017230 -0.016401 -0.137205
v 0.017368 -0.012881 -0.138442
v 0.017472 -0.009269 -0.139377
v 0.017543 -0.005589 -0.140004
v 0.017579 -0.001870 -0.140319
v 0.017580 0.001863 -0.140319
v 0.017547 0.005583 -0.140004
v 0.017480 0.009263 -0.139377
v 0.017378 0.012875 -0.138442
v 0.017243 0.016395 -0.137206
v 0.017077 0.019797 -0.135678
v 0.016879 0.023056 -0.133868
v 0.016651 0.026149 -0.131790
v 0.016396 0.029054 -0.129459
v 0.016114 0.031749 -0.126892
v 0.015808 0.034216 -0.124106
v 0.015481 0.036436 -0.121123
v 0.015134 0.038393 -0.117963
v 0.014769 0.040074 -0.114650
v 0.014391 0.041466 -0.111207
v 0.014001 0.042560 -0.107659
v 0.013602 0.043347 -0.104031
v 0.013197 0.043821 -0.100351
v 0.012788 0.043980 -0.096643
v 0.012580 -0.044080 -0.096660
v 0.012989 -0.043922 -0.100376
v 0.013396 -0.043447 -0.104065
v 0.013796 -0.042659 -0.107701
v 0.014188 -0.041563 -0.111257
v 0.014569 -0.040168 -0.114708
v 0.014935 -0.038484 -0.118029
v 0.015285 -0.036523 -0.121196
v 0.015615 -0.034298 -0.124186
v 0.015923 -0.031826 -0.126978
v 0.016208 -0.029125 -0.129552
v 0.016466 -0.026214 -0.131888
v 0.016697 -0.023114 -0.133971
v 0.016898 -0.019848 -0.135785
v 0.017068 -0.016438 -0.137317
v 0.017206 -0.012911 -0.138556
v 0.017311 -0.009290 -0.139493
v 0.017381 -0.005602 -0.140122
v 0.017418 -0.001874 -0.140437
v 0.017419 0.001868 -0.140437
v 0.017386 0.005596 -0.140122
v 0.017318 0.009284 -0.139493
v 0.017216 0.012905 -0.138556
v 0.017082 0.016433 -0.137317
v 0.016914 0.019842 -0.135785
v 0.016716 0.023109 -0.133972
v 0.016488 0.026209 -0.131889
v 0.016232 0.029120 -0.129553
v 0.015949 0.031822 -0.126979
v 0.015643 0.034294 -0.124188
v 0.015315 0.036519 -0.121197
v 0.014967 0.038481 -0.118030
v 0.014602 0.040165 -0.114710
v 0.014222 0.041561 -0.111259
v 0.013831 0.042657 -0.107703
v 0.013431 0.043445 -0.104067
v 0.013025 0.043921 -0.100378
v 0.012616 0.044080 -0.096662
v 0.012207 0.043921 -0.092946
v 0.011801 0.043446 -0.089257
v 0.011400 0.042658 -0.085622
v 0.011008 0.041563 -0.082065
v 0.010628 0.040168 -0.078615
v 0.010261 0.038483 -0.075294
v 0.009912 0.036522 -0.072127
v 0.009581 0.034297 -0.069136
v 0.009273 0.031825 -0.066344
v 0.008989 0.029124 -0.063771
v 0.008730 0.026213 -0.061434
v 0.008500 0.023114 -0.059352
v 0.008299 0.019847 -0.057538
v 0.008128 0.016438 -0.056006
v 0.007991 0.012910 -0.054767
v 0.007886 0.009289 -0.053830
v 0.007815 0.005601 -0.053201
v 0.007779 0.001873 -0.052886
v 0.007777 -0.001868 -0.052886
v 0.007811 -0.005597 -0.053201
v 0.007878 -0.009284 -0.053829
v 0.007980 -0.012905 -0.054766
v 0.008115 -0.016433 -0.056005
v 0.008282 -0.019843 -0.057537
v 0.008481 -0.023109 -0.059351
v 0.008709 -0.026210 -0.061434
v 0.008965 -0.029121 -0.063770
v 0.009247 -0.031822 -0.066343
v 0.009553 -0.034294 -0.069135
v 0.009882 -0.036519 -0.072125
v 0.010230 -0.038481 -0.075292
v 0.010595 -0.040166 -0.078613
v 0.010974 -0.041561 -0.082064
v 0.011365 -0.042657 -0.085620
v 0.011765 -0.043446 -0.089256
v 0.012171 -0.043921 -0.092945
v 0.012653 -0.044007 -0.096652
v 0.013062 -0.043849 -0.100362
v 0.013467 -0.043375 -0.104045
v 0.013867 -0.042588 -0.107675
v 0.014259 -0.041494 -0.111225
v 0.014639 -0.040102 -0.114670
v 0.015004 -0.038420 -0.117986
v 0.015353 -0.036462 -0.121147
v 0.015683 -0.034241 -0.124133
v 0.015991 -0.031773 -0.126920
v 0.016275 -0.029077 -0.129489
v 0.016533 -0.026170 -0.131822
v 0.016763 -0.023076 -0.133901
v 0.016964 -0.019815 -0.135712
v 0.017133 -0.016411 -0.137241
v 0.017271 -0.012889 -0.138478
v 0.017376 -0.009274 -0.139414
v 0.017446 -0.005593 -0.140041
v 0.017482 -0.001871 -0.140356
v 0.017484 0.001865 -0.140356
v 0.017451 0.005587 -0.140042
v 0.017383 0.009268 -0.139414
v 0.017282 0.012883 -0.138479
v 0.017147 0.016405 -0.137242
v 0.016980 0.019809 -0.135712
v 0.016782 0.023070 -0.133902
v 0.016554 0.026165 -0.131823
v 0.016298 0.029072 -0.129490
v 0.016017 0.031769 -0.126921
v 0.015711 0.034237 -0.124134
v 0.015383 0.036458 -0.121149
v 0.015036 0.038417 -0.117987
v 0.014671 0.040099 -0.114672
v 0.014293 0.041492 -0.111226
v 0.013902 0.042586 -0.107676
v 0.013503 0.043373 -0.104047
v 0.013097 0.043848 -0.100364
v 0.012689 0.044006 -0.096654
v 0.012280 0.043848 -0.092944
v 0.011875 0.043374 -0.089262
v 0.011475 0.042587 -0.085632
v 0.011083 0.041494 -0.082082
v 0.010704 0.040101 -0.078636
v 0.010338 0.038420 -0.075321
v 0.009989 0.036461 -0.072159
v 0.009659 0.034240 -0.069174
v 0.009351 0.031773 -0.066387
v 0.009067 0.029076 -0.063818
v 0.008809 0.026170 -0.061485
v 0.008579 0.023075 -0.059406
v 0.008378 0.019814 -0.057595
v 0.008209 0.016410 -0.056065
v 0.008071 0.012888 -0.054828
v 0.007967 0.009274 -0.053893
v 0.007896 0.005592 -0.053265
v 0.007860 0.001870 -0.052950
v 0.007858 -0.001865 -0.052950
v 0.007891 -0.005587 -0.053265
v 0.007959 -0.009269 -0.053892
v 0.008060 -0.012884 -0.054828
v 0.008195 -0.016406 -0.056065
v 0.008362 -0.019810 -0.057594
v 0.008560 -0.023071 -0.059405
v 0.008788 -0.026166 -0.061484
v 0.009044 -0.029072 -0.063817
v 0.009325 -0.031769 -0.066386
v 0.009631 -0.034237 -0.069173
v 0.009959 -0.036459 -0.072158
v 0.010306 -0.038418 -0.075320
v 0.010671 -0.040099 -0.078635
v 0.011050 -0.041492 -0.082080
v 0.011440 -0.042586 -0.085630
v 0.011839 -0.043374 -0.089260
v 0.012245 -0.043848 -0.092943
v 0.028880 -0.000008 -0.135130
v 0.029983 -0.000008 -0.136015
v 0.025510 0.041014 -0.095242
v 0.020119 -0.000003 -0.055571
v 0.021004 -0.000003 -0.054468
v -0.002940 -0.044990 0.126280
v -0.000199 -0.044991 0.101381
v -0.010302 -0.044373 0.125470
v -0.007561 -0.044375 0.100570
v -0.017463 -0.042546 0.124681
v -0.014721 -0.042547 0.099781
v -0.024227 -0.039558 0.123936
v -0.021485 -0.039559 0.099036
v -0.030410 -0.035490 0.123255
v -0.027668 -0.035492 0.098355
v -0.035843 -0.030454 0.122656
v -0.033101 -0.030456 0.097757
v -0.040378 -0.024587 0.122157
v -0.037636 -0.024589 0.097257
v -0.043891 -0.018050 0.121769
v -0.041150 -0.018051 0.096870
v -0.046287 -0.011019 0.121505
v -0.043546 -0.011021 0.096606
v -0.047500 -0.003688 0.121371
v -0.044759 -0.003689 0.096472
v -0.047497 0.003744 0.121371
v -0.044756 0.003743 0.096471
v -0.046278 0.011075 0.121505
v -0.043537 0.011073 0.096605
v -0.043877 0.018103 0.121769
v -0.041135 0.018101 0.096869
v -0.040358 0.024638 0.122156
v -0.037616 0.024636 0.097256
v -0.035818 0.030501 0.122655
v -0.033076 0.030500 0.097756
v -0.030381 0.035533 0.123254
v -0.027639 0.035531 0.098354
v -0.024195 0.039595 0.123935
v -0.021453 0.039594 0.099035
v -0.017428 0.042578 0.124679
v -0.014687 0.042576 0.099780
v -0.010266 0.044399 0.125468
v -0.007524 0.044398 0.100568
v -0.002903 0.045010 0.126279
v -0.000162 0.045009 0.101379
v 0.004459 0.044393 0.127089
v 0.007200 0.044392 0.102190
v 0.011619 0.042566 0.127878
v 0.014361 0.042564 0.102978
v 0.018383 0.039578 0.128623
v 0.021125 0.039576 0.103723
v 0.024566 0.035510 0.129304
v 0.027308 0.035509 0.104404
v 0.029999 0.030474 0.129902
v 0.032741 0.030473 0.105003
v 0.034534 0.024608 0.130402
v 0.037276 0.024606 0.105503
v 0.038048 0.018070 0.130789
v 0.040789 0.018068 0.105890
v 0.040444 0.011039 0.131054
v 0.043185 0.011038 0.106154
v 0.041657 0.003708 0.131188
v 0.044398 0.003706 0.106288
v 0.041654 -0.003724 0.131188
v 0.044395 -0.003726 0.106288
v 0.040435 -0.011054 0.131054
v 0.043176 -0.011056 0.106154
v 0.038033 -0.018083 0.130790
v 0.040775 -0.018084 0.105890
v 0.034514 -0.024618 0.130403
v 0.037256 -0.024619 0.105503
v 0.029974 -0.030481 0.129903
v 0.032716 -0.030482 0.105004
v 0.024537 -0.035512 0.129305
v 0.027279 -0.035514 0.104406
v 0.018351 -0.039575 0.128624
v 0.021093 -0.039576 0.103725
v 0.011584 -0.042558 0.127879
v 0.014326 -0.042559 0.102980
v 0.004422 -0.044379 0.127091
v 0.007164 -0.044381 0.102191
v 0.040608 -0.011140 0.132582
v 0.040656 -0.011153 0.132587
v 0.041836 -0.003753 0.132717
v 0.041886 -0.003757 0.132722
v 0.041839 0.003737 0.132717
v 0.041889 0.003741 0.132722
v 0.040617 0.011125 0.132582
v 0.040665 0.011137 0.132587
v 0.038202 0.018210 0.132315
v 0.038248 0.018230 0.132320
v 0.034662 0.024799 0.131925
v 0.034703 0.024826 0.131930
v 0.030091 0.030711 0.131421
v 0.030128 0.030745 0.131425
v 0.024616 0.035786 0.130818
v 0.024646 0.035826 0.130822
v 0.018385 0.039886 0.130132
v 0.018408 0.039930 0.130135
v 0.011568 0.042897 0.129381
v 0.011584 0.042944 0.129383
v 0.004352 0.044739 0.128586
v 0.004360 0.044788 0.128587
v -0.003068 0.045360 0.127770
v -0.003067 0.045410 0.127770
v -0.010487 0.044745 0.126953
v -0.010495 0.044794 0.126952
v -0.017705 0.042909 0.126158
v -0.017721 0.042956 0.126156
v -0.024524 0.039903 0.125407
v -0.024548 0.039947 0.125405
v -0.030759 0.035809 0.124721
v -0.030789 0.035848 0.124718
v -0.036238 0.030738 0.124118
v -0.036275 0.030772 0.124114
v -0.040813 0.024830 0.123615
v -0.040855 0.024857 0.123610
v -0.044359 0.018244 0.123225
v -0.044405 0.018264 0.123220
v -0.046780 0.011161 0.122959
v -0.046828 0.011173 0.122953
v -0.048008 0.003773 0.122824
v -0.048058 0.003778 0.122818
v -0.048011 -0.003716 0.122824
v -0.048061 -0.003721 0.122819
v -0.046789 -0.011105 0.122959
v -0.046837 -0.011117 0.122954
v -0.044374 -0.018190 0.123225
v -0.044420 -0.018210 0.123220
v -0.040834 -0.024779 0.123616
v -0.040875 -0.024806 0.123611
v -0.036263 -0.030691 0.124119
v -0.036300 -0.030725 0.124115
v -0.030788 -0.035766 0.124722
v -0.030818 -0.035805 0.124719
v -0.024557 -0.039865 0.125409
v -0.024581 -0.039909 0.125406
v -0.017740 -0.042877 0.126160
v -0.017756 -0.042924 0.126158
v -0.010524 -0.044718 0.126954
v -0.010532 -0.044768 0.126953
v -0.003105 -0.045340 0.127771
v -0.003105 -0.045390 0.127771
v 0.004315 -0.044724 0.128588
v 0.004323 -0.044774 0.128589
v 0.011533 -0.042889 0.129383
v 0.011549 -0.042936 0.129385
v 0.018352 -0.039883 0.130133
v 0.018376 -0.039927 0.130136
v 0.024587 -0.035789 0.130820
v 0.024617 -0.035828 0.130823
v 0.030066 -0.030718 0.131423
v 0.030103 -0.030752 0.131427
v 0.034641 -0.024809 0.131926
v 0.034683 -0.024837 0.131931
v 0.038187 -0.018223 0.132316
v 0.038233 -0.018244 0.132321
v -0.007131 -0.043931 0.097348
v -0.007271 -0.044769 0.097332
v -0.014220 -0.042122 0.096567
v -0.014495 -0.042926 0.096537
v -0.020917 -0.039164 0.095829
v -0.021319 -0.039911 0.095785
v -0.027038 -0.035137 0.095155
v -0.027557 -0.035807 0.095098
v -0.032416 -0.030151 0.094563
v -0.033038 -0.030727 0.094494
v -0.036906 -0.024343 0.094068
v -0.037614 -0.024808 0.093990
v -0.040384 -0.017871 0.093685
v -0.041158 -0.018212 0.093599
v -0.042756 -0.010911 0.093423
v -0.043575 -0.011119 0.093333
v -0.043957 -0.003653 0.093290
v -0.044799 -0.003722 0.093198
v -0.043954 0.003705 0.093290
v -0.044796 0.003776 0.093197
v -0.042747 0.010962 0.093423
v -0.043566 0.011171 0.093332
v -0.040370 0.017920 0.093684
v -0.041143 0.018262 0.093599
v -0.036886 0.024390 0.094067
v -0.037593 0.024855 0.093989
v -0.032392 0.030194 0.094562
v -0.033013 0.030770 0.094493
v -0.027009 0.035176 0.095154
v -0.027528 0.035847 0.095097
v -0.020885 0.039197 0.095828
v -0.021286 0.039945 0.095784
v -0.014186 0.042150 0.096565
v -0.014460 0.042954 0.096535
v -0.007095 0.043954 0.097346
v -0.007234 0.044792 0.097331
v 0.000194 0.044558 0.098149
v 0.000194 0.045408 0.098149
v 0.007482 0.043948 0.098951
v 0.007621 0.044786 0.098966
v 0.014571 0.042139 0.099732
v 0.014846 0.042942 0.099762
v 0.021268 0.039180 0.100469
v 0.021670 0.039928 0.100514
v 0.027389 0.035153 0.101144
v 0.027908 0.035824 0.101201
v 0.032767 0.030168 0.101736
v 0.033389 0.030743 0.101805
v 0.037257 0.024360 0.102231
v 0.037965 0.024824 0.102309
v 0.040735 0.017887 0.102614
v 0.041509 0.018229 0.102699
v 0.043107 0.010927 0.102876
v 0.043926 0.011136 0.102966
v 0.044308 0.003669 0.103008
v 0.045150 0.003739 0.103101
v 0.044305 -0.003689 0.103009
v 0.045147 -0.003759 0.103101
v 0.043098 -0.010945 0.102876
v 0.043917 -0.011154 0.102966
v 0.040721 -0.017904 0.102615
v 0.041494 -0.018245 0.102700
v 0.037237 -0.024373 0.102232
v 0.037944 -0.024838 0.102310
v 0.032743 -0.030178 0.101737
v 0.033364 -0.030754 0.101806
v 0.027360 -0.035159 0.101145
v 0.027879 -0.035830 0.101202
v 0.021236 -0.039181 0.100471
v 0.021637 -0.039928 0.100515
v 0.014537 -0.042134 0.099733
v 0.014811 -0.042938 0.099764
v 0.007446 -0.043937 0.098953
v 0.007585 -0.044775 0.098968
v 0.000157 -0.044542 0.098150
v 0.000157 -0.045392 0.098150
v 0.000091 -0.045992 0.098747
v -0.010565 -0.045359 0.126346
v -0.007435 -0.045361 0.097918
v -0.017885 -0.043491 0.125540
v -0.014754 -0.043493 0.097112
v -0.024799 -0.040437 0.124779
v -0.021669 -0.040439 0.096350
v -0.031119 -0.036279 0.124082
v -0.027989 -0.036281 0.095654
v -0.036673 -0.031131 0.123470
v -0.033543 -0.031133 0.095042
v -0.041309 -0.025134 0.122960
v -0.038179 -0.025136 0.094531
v -0.044900 -0.018451 0.122564
v -0.041770 -0.018453 0.094136
v -0.047350 -0.011264 0.122294
v -0.044219 -0.011266 0.093865
v -0.048589 -0.003770 0.122157
v -0.045459 -0.003772 0.093728
v -0.048586 0.003827 0.122157
v -0.045456 0.003826 0.093728
v -0.047340 0.011321 0.122293
v -0.044210 0.011319 0.093865
v -0.044885 0.018505 0.122563
v -0.041755 0.018503 0.094135
v -0.041288 0.025185 0.122959
v -0.038158 0.025184 0.094531
v -0.036648 0.031179 0.123469
v -0.033517 0.031177 0.095041
v -0.031090 0.036322 0.124081
v -0.027959 0.036320 0.095653
v -0.024766 0.040475 0.124777
v -0.021636 0.040473 0.096349
v -0.017849 0.043524 0.125538
v -0.014719 0.043522 0.097110
v -0.010528 0.045386 0.126344
v -0.007398 0.045384 0.097916
v -0.003002 0.046010 0.127173
v 0.000129 0.046008 0.098745
v 0.004524 0.045380 0.128002
v 0.007654 0.045378 0.099574
v 0.011844 0.043512 0.128808
v 0.014974 0.043510 0.100380
v 0.018758 0.040457 0.129569
v 0.021888 0.040455 0.101141
v 0.025079 0.036299 0.130266
v 0.028209 0.036297 0.101837
v 0.030632 0.031151 0.130877
v 0.033763 0.031150 0.102449
v 0.035268 0.025154 0.131388
v 0.038398 0.025152 0.102960
v 0.038860 0.018471 0.131784
v 0.041990 0.018469 0.103356
v 0.041309 0.011284 0.132054
v 0.044439 0.011283 0.103626
v 0.042549 0.003790 0.132191
v 0.045679 0.003789 0.103763
v 0.042546 -0.003807 0.132191
v 0.045676 -0.003809 0.103763
v 0.041300 -0.011300 0.132055
v 0.044430 -0.011302 0.103626
v 0.038845 -0.018485 0.131785
v 0.041975 -0.018487 0.103357
v 0.035248 -0.025165 0.131389
v 0.038378 -0.025167 0.102961
v 0.030607 -0.031158 0.130879
v 0.033737 -0.031160 0.102450
v 0.025049 -0.036302 0.130267
v 0.028179 -0.036303 0.101839
v 0.018725 -0.040454 0.129571
v 0.021855 -0.040456 0.101143
v 0.011808 -0.043503 0.128809
v 0.014938 -0.043505 0.100381
v 0.004487 -0.045365 0.128003
v 0.007617 -0.045367 0.099575
v -0.003039 -0.045990 0.127175
v 0.000048 -0.044292 0.099144
v 0.000130 -0.044292 0.098399
v -0.007200 -0.043684 0.098346
v -0.007117 -0.043684 0.097601
v -0.014249 -0.041885 0.097570
v -0.014167 -0.041886 0.096824
v -0.020908 -0.038944 0.096836
v -0.020826 -0.038944 0.096091
v -0.026994 -0.034940 0.096166
v -0.026912 -0.034940 0.095421
v -0.032343 -0.029982 0.095577
v -0.032261 -0.029982 0.094831
v -0.036808 -0.024206 0.095085
v -0.036725 -0.024206 0.094339
v -0.040266 -0.017770 0.094704
v -0.040184 -0.017770 0.093958
v -0.042625 -0.010849 0.094443
v -0.042543 -0.010849 0.093698
v -0.043819 -0.003632 0.094311
v -0.043737 -0.003632 0.093566
v -0.043816 0.003685 0.094311
v -0.043734 0.003684 0.093566
v -0.042616 0.010901 0.094443
v -0.042534 0.010901 0.093698
v -0.040252 0.017820 0.094703
v -0.040170 0.017820 0.093957
v -0.036788 0.024253 0.095084
v -0.036706 0.024253 0.094338
v -0.032318 0.030025 0.095576
v -0.032236 0.030025 0.094830
v -0.026966 0.034978 0.096165
v -0.026884 0.034978 0.095419
v -0.020876 0.038978 0.096835
v -0.020794 0.038978 0.096090
v -0.014215 0.041914 0.097568
v -0.014133 0.041914 0.096823
v -0.007164 0.043707 0.098345
v -0.007082 0.043707 0.097599
v 0.000084 0.044308 0.099143
v 0.000166 0.044308 0.098397
v 0.007332 0.043701 0.099941
v 0.007414 0.043701 0.099195
v 0.014381 0.041902 0.100717
v 0.014463 0.041902 0.099971
v 0.021040 0.038961 0.101450
v 0.021122 0.038961 0.100705
v 0.027126 0.034956 0.102121
v 0.027209 0.034956 0.101375
v 0.032475 0.029999 0.102710
v 0.032557 0.029999 0.101964
v 0.036940 0.024223 0.103202
v 0.037022 0.024223 0.102456
v 0.040398 0.017787 0.103583
v 0.040480 0.017787 0.102838
v 0.042757 0.010866 0.103843
v 0.042839 0.010866 0.103098
v 0.043951 0.003649 0.103975
v 0.044033 0.003649 0.103230
v 0.043948 -0.003668 0.103975
v 0.044030 -0.003668 0.103230
v 0.042748 -0.010884 0.103844
v 0.042830 -0.010884 0.103098
v 0.040384 -0.017803 0.103584
v 0.040466 -0.017803 0.102838
v 0.036920 -0.024236 0.103203
v 0.037002 -0.024236 0.102457
v 0.032451 -0.030008 0.102711
v 0.032533 -0.030008 0.101966
v 0.027098 -0.034962 0.102122
v 0.027180 -0.034962 0.101377
v 0.021008 -0.038961 0.101452
v 0.021090 -0.038961 0.100706
v 0.014347 -0.041897 0.100718
v 0.014429 -0.041897 0.099973
v 0.007296 -0.043690 0.099942
v 0.007378 -0.043690 0.099197
v -0.041341 0.005360 0.094584
v -0.039847 0.012323 0.094748
v -0.037204 0.018932 0.095038
v -0.033489 0.024997 0.095447
v -0.028808 0.030342 0.095962
v -0.023297 0.034815 0.096569
v -0.017114 0.038287 0.097249
v -0.010437 0.040657 0.097984
v -0.003457 0.041859 0.098753
v 0.000083 0.042008 0.099143
v 0.003624 0.041856 0.099532
v 0.010602 0.040649 0.100301
v 0.017278 0.038273 0.101036
v 0.023458 0.034796 0.101717
v 0.028965 0.030319 0.102323
v 0.033641 0.024969 0.102839
v 0.037351 0.018902 0.103248
v 0.039989 0.012291 0.103538
v 0.041478 0.005326 0.103703
v 0.041775 -0.001791 0.103736
v 0.040873 -0.008857 0.103637
v 0.038797 -0.015667 0.103409
v 0.035606 -0.022027 0.103058
v 0.031394 -0.027753 0.102595
v 0.026279 -0.032680 0.102032
v 0.020411 -0.036666 0.101386
v 0.013958 -0.039598 0.100675
v 0.007105 -0.041390 0.099921
v 0.000049 -0.041992 0.099144
v -0.007006 -0.041385 0.098367
v -0.013858 -0.039587 0.097613
v -0.020309 -0.036650 0.096902
v -0.026174 -0.032658 0.096256
v -0.031284 -0.027727 0.095693
v -0.035492 -0.021998 0.095229
v -0.038678 -0.015636 0.094878
v -0.040748 -0.008824 0.094650
v -0.041645 -0.001757 0.094551
v 0.003450 -0.042141 0.101028
v 0.007124 -0.043641 0.101432
v 0.010480 -0.040931 0.101802
v 0.014166 -0.041850 0.102208
v 0.017205 -0.038543 0.102542
v 0.020820 -0.038917 0.102940
v 0.023432 -0.035047 0.103227
v 0.026903 -0.034922 0.103610
v 0.028983 -0.030542 0.103838
v 0.032250 -0.029974 0.104198
v 0.033696 -0.025158 0.104357
v 0.036714 -0.024209 0.104689
v 0.037438 -0.019050 0.104769
v 0.040174 -0.017783 0.105070
v 0.040100 -0.012394 0.105061
v 0.042536 -0.010872 0.105329
v 0.041605 -0.005381 0.105227
v 0.043734 -0.003663 0.105461
v 0.041911 0.001787 0.105260
v 0.043737 0.003645 0.105461
v 0.041008 0.008904 0.105160
v 0.042545 0.010854 0.105329
v 0.038922 0.015764 0.104930
v 0.040189 0.017767 0.105069
v 0.035714 0.022172 0.104576
v 0.036734 0.024196 0.104688
v 0.031476 0.027942 0.104109
v 0.032274 0.029965 0.104197
v 0.026329 0.032909 0.103542
v 0.026932 0.034917 0.103608
v 0.020423 0.036929 0.102891
v 0.020852 0.038917 0.102939
v 0.013925 0.039887 0.102176
v 0.014201 0.041855 0.102206
v 0.007025 0.041697 0.101416
v 0.007159 0.043652 0.101431
v -0.000081 0.042309 0.100634
v -0.000080 0.044259 0.100634
v -0.007187 0.041703 0.099851
v -0.007320 0.043658 0.099836
v -0.014089 0.039898 0.099091
v -0.014363 0.041867 0.099061
v -0.020589 0.036945 0.098376
v -0.021016 0.038934 0.098329
v -0.026499 0.032930 0.097725
v -0.027100 0.034939 0.097659
v -0.031649 0.027968 0.097159
v -0.032446 0.029991 0.097071
v -0.035892 0.022201 0.096692
v -0.036910 0.024226 0.096579
v -0.039106 0.015796 0.096338
v -0.040370 0.017800 0.096199
v -0.041197 0.008937 0.096108
v -0.042732 0.010889 0.095939
v -0.042105 0.001821 0.096009
v -0.043931 0.003680 0.095808
v -0.041806 -0.005347 0.096042
v -0.043934 -0.003628 0.095808
v -0.040306 -0.012362 0.096208
v -0.042741 -0.010837 0.095940
v -0.037650 -0.019020 0.096501
v -0.040385 -0.017750 0.096200
v -0.033913 -0.025131 0.096913
v -0.036930 -0.024179 0.096580
v -0.029204 -0.030518 0.097432
v -0.032471 -0.029948 0.097072
v -0.023657 -0.035028 0.098043
v -0.027128 -0.034900 0.097660
v -0.017433 -0.038529 0.098728
v -0.021048 -0.038900 0.098330
v -0.010710 -0.040922 0.099469
v -0.014397 -0.041838 0.099063
v -0.003681 -0.042138 0.100243
v -0.007356 -0.043635 0.099838
v -0.000116 -0.044241 0.100635
v -0.003623 -0.041839 0.099947
v -0.010601 -0.040632 0.099179
v -0.007112 -0.041235 0.099563
v -0.017277 -0.038256 0.098443
v -0.013939 -0.039444 0.098811
v -0.023457 -0.034779 0.097763
v -0.020367 -0.036518 0.098103
v -0.028965 -0.030302 0.097156
v -0.026211 -0.032541 0.097459
v -0.033641 -0.024952 0.096641
v -0.031303 -0.027627 0.096898
v -0.037351 -0.018885 0.096232
v -0.035496 -0.021919 0.096436
v -0.039988 -0.012274 0.095941
v -0.038669 -0.015579 0.096087
v -0.041477 -0.005309 0.095777
v -0.040733 -0.008792 0.095859
v -0.041775 0.001808 0.095743
v -0.041626 -0.001751 0.095760
v -0.040872 0.008874 0.095842
v -0.041324 0.005341 0.095793
v -0.038796 0.015684 0.096071
v -0.039834 0.012279 0.095956
v -0.035606 0.022044 0.096421
v -0.037201 0.018864 0.096246
v -0.031393 0.027770 0.096885
v -0.033499 0.024907 0.096653
v -0.020410 0.036683 0.098094
v -0.023345 0.034690 0.097771
v -0.026279 0.032697 0.097448
v -0.028836 0.030233 0.097166
v -0.017184 0.038149 0.098449
v -0.013957 0.039615 0.098804
v -0.010530 0.040511 0.099181
v 0.003479 0.041705 0.100724
v -0.000048 0.042008 0.100335
v -0.003576 0.041708 0.099947
v -0.007104 0.041407 0.099559
v 0.017084 0.038135 0.102222
v 0.013859 0.039604 0.101867
v 0.010433 0.040503 0.101490
v 0.007007 0.041401 0.101112
v 0.028730 0.030210 0.103505
v 0.026175 0.032675 0.103223
v 0.023242 0.034671 0.102900
v 0.020310 0.036667 0.102577
v 0.037086 0.018834 0.104426
v 0.035493 0.022015 0.104250
v 0.033389 0.024880 0.104018
v 0.031285 0.027744 0.103786
v 0.041197 0.005307 0.104879
v 0.040749 0.008840 0.104830
v 0.039714 0.012247 0.104715
v 0.038678 0.015653 0.104601
v 0.040595 -0.008825 0.104814
v 0.041342 -0.005343 0.104896
v 0.041494 -0.001785 0.104912
v 0.041645 0.001774 0.104929
v 0.037205 -0.018915 0.104441
v 0.038526 -0.015611 0.104586
v 0.039847 -0.012306 0.104732
v 0.033490 -0.024980 0.104032
v 0.035347 -0.021947 0.104237
v 0.028809 -0.030325 0.103517
v 0.031149 -0.027653 0.103775
v 0.023298 -0.034798 0.102911
v 0.026054 -0.032562 0.103214
v 0.017115 -0.038270 0.102230
v 0.020207 -0.036534 0.102571
v 0.010438 -0.040641 0.101495
v 0.013776 -0.039455 0.101863
v -0.000082 -0.041840 0.100337
v 0.003458 -0.041842 0.100727
v 0.006948 -0.041241 0.101111
v 0.023522 0.039995 -0.095461
v -0.003142 0.039461 -0.091773
v 0.022801 0.039450 -0.088917
v -0.003844 0.037839 -0.085408
v 0.022100 0.037829 -0.082551
v -0.004507 0.035186 -0.079394
v 0.021436 0.035175 -0.076537
v -0.005114 0.031573 -0.073897
v 0.020830 0.031562 -0.071040
v -0.005647 0.027099 -0.069065
v 0.020296 0.027088 -0.066209
v -0.006094 0.021886 -0.065032
v 0.019849 0.021875 -0.062175
v -0.006440 0.016076 -0.061906
v 0.019503 0.016065 -0.059050
v -0.006678 0.009828 -0.059774
v 0.019266 0.009817 -0.056917
v -0.006799 0.003311 -0.058693
v 0.019144 0.003301 -0.055836
v -0.006802 -0.003295 -0.058693
v 0.019141 -0.003305 -0.055836
v -0.006686 -0.009811 -0.059774
v 0.019258 -0.009822 -0.056917
v -0.006453 -0.016060 -0.061906
v 0.019490 -0.016070 -0.059049
v -0.006112 -0.021870 -0.065031
v 0.019832 -0.021881 -0.062174
v -0.005670 -0.027084 -0.069064
v 0.020274 -0.027094 -0.066208
v -0.005139 -0.031558 -0.073895
v 0.020804 -0.031569 -0.071039
v -0.004536 -0.035172 -0.079393
v 0.021408 -0.035183 -0.076536
v -0.003875 -0.037826 -0.085406
v 0.022069 -0.037837 -0.082550
v -0.003174 -0.039448 -0.091772
v 0.022769 -0.039459 -0.088915
v -0.002454 -0.039994 -0.098316
v 0.023489 -0.040005 -0.095460
v -0.001733 -0.039449 -0.104860
v 0.024210 -0.039460 -0.102004
v -0.001032 -0.037828 -0.111226
v 0.024912 -0.037838 -0.108370
v -0.000368 -0.035174 -0.117240
v 0.025575 -0.035185 -0.114383
v 0.000238 -0.031561 -0.122737
v 0.026182 -0.031572 -0.119881
v 0.000772 -0.027087 -0.127569
v 0.026715 -0.027098 -0.124712
v 0.001218 -0.021874 -0.131602
v 0.027162 -0.021885 -0.128745
v 0.001565 -0.016064 -0.134727
v 0.027508 -0.016075 -0.131871
v 0.001802 -0.009816 -0.136860
v 0.027745 -0.009827 -0.134003
v 0.001924 -0.003300 -0.137941
v 0.027867 -0.003310 -0.135084
v 0.001927 0.003306 -0.137941
v 0.027870 0.003296 -0.135084
v 0.001810 0.009823 -0.136860
v 0.027753 0.009812 -0.134004
v 0.001578 0.016071 -0.134728
v 0.027521 0.016061 -0.131871
v 0.001236 0.021882 -0.131603
v 0.027180 0.021871 -0.128746
v 0.000794 0.027095 -0.127570
v 0.026738 0.027085 -0.124713
v 0.000264 0.031570 -0.122738
v 0.026207 0.031559 -0.119882
v -0.000340 0.035184 -0.117241
v 0.025604 0.035173 -0.114384
v -0.001001 0.037838 -0.111228
v 0.024943 0.037827 -0.108371
v -0.001701 0.039460 -0.104862
v 0.024242 0.039449 -0.102005
v -0.002421 0.040006 -0.098318
v -0.004441 -0.037993 -0.098535
v -0.005125 -0.037475 -0.092318
v -0.004426 0.000007 -0.098536
v -0.003756 -0.037476 -0.104752
v -0.001883 -0.029982 -0.121735
v -0.002460 -0.033415 -0.116513
v -0.003090 -0.035935 -0.110800
v -0.000623 -0.015260 -0.133126
v -0.000952 -0.020779 -0.130157
v -0.001376 -0.025732 -0.126325
v -0.000280 0.003142 -0.136179
v -0.000282 -0.003134 -0.136178
v -0.000398 -0.009324 -0.135152
v -0.000935 0.020789 -0.130157
v -0.000611 0.015269 -0.133126
v -0.000390 0.009333 -0.135152
v -0.002433 0.033425 -0.116514
v -0.001859 0.029992 -0.121736
v -0.001355 0.025742 -0.126326
v -0.004410 0.038007 -0.098536
v -0.003726 0.037488 -0.104753
v -0.003061 0.035947 -0.110801
v -0.006391 0.033428 -0.080559
v -0.005761 0.035948 -0.086272
v -0.005095 0.037489 -0.092319
v -0.007899 0.020793 -0.066915
v -0.007475 0.025745 -0.070747
v -0.006968 0.029995 -0.075336
v -0.008569 0.003147 -0.060893
v -0.008454 0.009337 -0.061920
v -0.008228 0.015273 -0.063946
v -0.008241 -0.015256 -0.063945
v -0.008461 -0.009320 -0.061920
v -0.008572 -0.003129 -0.060893
v -0.006992 -0.029979 -0.075335
v -0.007496 -0.025728 -0.070746
v -0.007916 -0.020775 -0.066914
v -0.005791 -0.035934 -0.086271
v -0.006419 -0.033412 -0.080558
v 0.025478 -0.038006 -0.095241
v 0.026163 -0.037488 -0.101458
v 0.025494 -0.000006 -0.095241
v 0.024794 -0.037487 -0.089024
v 0.022927 -0.029991 -0.072041
v 0.023500 -0.033424 -0.077263
v 0.024128 -0.035946 -0.082976
v 0.021679 -0.015268 -0.060651
v 0.022003 -0.020788 -0.063620
v 0.022423 -0.025740 -0.067451
v 0.021350 0.003135 -0.057599
v 0.021347 -0.003141 -0.057599
v 0.021458 -0.009332 -0.058625
v 0.022020 0.020780 -0.063621
v 0.021691 0.015261 -0.060651
v 0.021466 0.009325 -0.058626
v 0.023528 0.033416 -0.077265
v 0.022951 0.029983 -0.072042
v 0.022444 0.025733 -0.067452
v 0.025509 0.037994 -0.095242
v 0.024824 0.037477 -0.089025
v 0.024158 0.035936 -0.082978
v 0.027487 0.033413 -0.113219
v 0.026859 0.035935 -0.107507
v 0.026193 0.037476 -0.101459
v 0.028984 0.020776 -0.126863
v 0.028564 0.025729 -0.123031
v 0.028060 0.029980 -0.118442
v 0.029640 0.003130 -0.132884
v 0.029529 0.009321 -0.131858
v 0.029308 0.015257 -0.129832
v 0.029296 -0.015272 -0.129831
v 0.029521 -0.009336 -0.131857
v 0.029637 -0.003146 -0.132884
v 0.028036 -0.029994 -0.118441
v 0.028543 -0.025744 -0.123031
v 0.028967 -0.020792 -0.126862
v 0.026829 -0.035947 -0.107505
v 0.027459 -0.033427 -0.113218
vn -0.027036 0.999630 -0.003040
vn -0.136069 0.990585 -0.015045
vn -0.190213 0.981518 -0.021006
vn -0.296279 0.954542 -0.032683
vn -0.348201 0.936633 -0.038399
vn -0.448407 0.892462 -0.049430
vn -0.496690 0.866200 -0.054745
vn -0.588303 0.806038 -0.064828
vn -0.631632 0.772138 -0.069597
vn -0.712153 0.697626 -0.078458
vn -0.749345 0.657014 -0.082551
vn -0.816577 0.570186 -0.089948
vn -0.846617 0.523969 -0.093253
vn -0.898726 0.427192 -0.098984
vn -0.920796 0.376632 -0.101411
vn -0.956361 0.272546 -0.105320
vn -0.969857 0.219021 -0.106803
vn -0.987909 0.110466 -0.108784
vn -0.992464 0.055436 -0.109282
vn -0.992509 -0.054629 -0.109280
vn -0.987999 -0.109662 -0.108780
vn -0.970036 -0.218232 -0.106795
vn -0.956583 -0.271769 -0.105310
vn -0.921103 -0.375883 -0.101397
vn -0.899075 -0.426461 -0.098968
vn -0.847045 -0.523281 -0.093233
vn -0.817042 -0.569522 -0.089927
vn -0.749881 -0.656405 -0.082526
vn -0.712723 -0.697047 -0.078432
vn -0.632263 -0.771624 -0.069568
vn -0.588962 -0.805559 -0.064798
vn -0.497398 -0.865795 -0.054713
vn -0.449136 -0.892097 -0.049397
vn -0.348966 -0.936350 -0.038365
vn -0.297059 -0.954301 -0.032648
vn -0.191015 -0.981363 -0.020970
vn -0.136878 -0.990474 -0.015009
vn -0.027853 -0.999608 -0.003003
vn 0.027036 -0.999630 0.003040
vn 0.136069 -0.990585 0.015045
vn 0.190213 -0.981518 0.021006
vn 0.296279 -0.954542 0.032683
vn 0.348201 -0.936633 0.038399
vn 0.448407 -0.892462 0.049430
vn 0.496690 -0.866200 0.054745
vn 0.588303 -0.806038 0.064828
vn 0.631632 -0.772138 0.069597
vn 0.712153 -0.697626 0.078458
vn 0.749345 -0.657015 0.082551
vn 0.816577 -0.570186 0.089948
vn 0.846617 -0.523969 0.093253
vn 0.898726 -0.427192 0.098984
vn 0.920796 -0.376632 0.101411
vn 0.956361 -0.272546 0.105320
vn 0.969857 -0.219021 0.106803
vn 0.987909 -0.110466 0.108784
vn 0.992464 -0.055436 0.109282
vn 0.992509 0.054629 0.109280
vn 0.987999 0.109662 0.108780
vn 0.970036 0.218232 0.106795
vn 0.956583 0.271769 0.105310
vn 0.921103 0.375883 0.101397
vn 0.899075 0.426461 0.098968
vn 0.847045 0.523281 0.093233
vn 0.817042 0.569522 0.089927
vn 0.749881 0.656405 0.082526
vn 0.712723 0.697047 0.078432
vn 0.632263 0.771624 0.069568
vn 0.588962 0.805559 0.064798
vn 0.497398 0.865795 0.054713
vn 0.449136 0.892097 0.049397
vn 0.348966 0.936350 0.038365
vn 0.297059 0.954301 0.032648
vn 0.191015 0.981363 0.020970
vn 0.136878 0.990474 0.015009
vn 0.027853 0.999608 0.003003
vn 0.109447 -0.000063 -0.993993
vn 0.109447 -0.000063 -0.993993
vn 0.109447 -0.000063 -0.993993
vn 0.109447 -0.000063 -0.993993
vn 0.109447 -0.000063 -0.993993
vn 0.109447 -0.000063 -0.993993
vn 0.109447 -0.000063 -0.993993
vn 0.109447 -0.000063 -0.993993
vn 0.109447 -0.000063 -0.993993
vn 0.109447 -0.000063 -0.993993
vn 0.109447 -0.000063 -0.993993
vn 0.109447 -0.000063 -0.993993
vn 0.109447 -0.000063 -0.993993
vn 0.109447 -0.000063 -0.993993
vn 0.109447 -0.000063 -0.993993
vn 0.109447 -0.000063 -0.993993
vn 0.109447 -0.000063 -0.993993
vn 0.109447 -0.000063 -0.993993
vn 0.109447 -0.000063 -0.993993
vn 0.109447 -0.000063 -0.993993
vn 0.109447 -0.000063 -0.993993
vn 0.109447 -0.000063 -0.993993
vn 0.109447 -0.000063 -0.993993
vn 0.109447 -0.000063 -0.993993
vn 0.109447 -0.000063 -0.993993
vn 0.109447 -0.000063 -0.993993
vn 0.109447 -0.000063 -0.993993
vn 0.109447 -0.000063 -0.993993
vn 0.109447 -0.000063 -0.993993
vn 0.109447 -0.000063 -0.993993
vn 0.109447 -0.000063 -0.993993
vn 0.109447 -0.000063 -0.993993
vn 0.109447 -0.000063 -0.993993
vn 0.109447 -0.000063 -0.993993
vn 0.109447 -0.000063 -0.993993
vn 0.109447 -0.000063 -0.993993
vn 0.109447 -0.000063 -0.993993
vn 0.109447 -0.000063 -0.993993
vn 0.109447 -0.000063 -0.993993
vn -0.109447 0.000063 0.993993
vn -0.109447 0.000063 0.993993
vn -0.109447 0.000063 0.993993
vn -0.109447 0.000063 0.993993
vn -0.109447 0.000063 0.993993
vn -0.109447 0.000063 0.993993
vn -0.109447 0.000063 0.993993
vn -0.109447 0.000063 0.993993
vn -0.109447 0.000063 0.993993
vn -0.109447 0.000063 0.993993
vn -0.109447 0.000063 0.993993
vn -0.109447 0.000063 0.993993
vn -0.109447 0.000063 0.993993
vn -0.109447 0.000063 0.993993
vn -0.109447 0.000063 0.993993
vn -0.109447 0.000063 0.993993
vn -0.109447 0.000063 0.993993
vn -0.109447 0.000063 0.993993
vn -0.109447 0.000063 0.993993
vn -0.109447 0.000063 0.993993
vn -0.109447 0.000063 0.993993
vn -0.109447 0.000063 0.993993
vn -0.109447 0.000063 0.993993
vn -0.109447 0.000063 0.993993
vn -0.109447 0.000063 0.993993
vn -0.109447 0.000063 0.993993
vn -0.109447 0.000063 0.993993
vn -0.109447 0.000063 0.993993
vn -0.109447 0.000063 0.993993
vn -0.109447 0.000063 0.993993
vn -0.109447 0.000063 0.993993
vn -0.109447 0.000063 0.993993
vn -0.109447 0.000063 0.993993
vn -0.109447 0.000063 0.993993
vn -0.109447 0.000063 0.993993
vn -0.109447 0.000063 0.993993
vn -0.109447 0.000063 0.993993
vn -0.109447 0.000063 0.993993
vn -0.109447 0.000063 0.993993
vn 0.600763 -0.759112 0.250664
vn 0.231007 -0.935090 0.268780
vn 0.149452 -0.944243 0.293377
vn 0.359356 -0.844591 0.396899
vn 0.545003 -0.734176 0.404916
vn 0.592646 -0.723203 0.354610
vn 0.764475 -0.567433 0.305938
vn -0.604469 -0.789956 -0.102894
vn -0.707073 -0.685789 -0.172457
vn -0.641868 -0.739233 -0.203813
vn -0.940725 -0.135421 -0.310962
vn -0.923504 -0.242424 -0.297274
vn -0.952150 -0.201668 -0.229654
vn -0.930445 -0.299308 -0.211394
vn 0.030716 -0.121207 -0.992152
vn 0.031295 -0.193393 -0.980622
vn -0.077467 -0.210201 -0.974584
vn 0.091638 -0.285054 -0.954121
vn 0.098590 -0.299745 -0.948911
vn 0.065535 -0.342731 -0.937145
vn -0.268845 0.960449 0.072521
vn 0.023025 0.995800 0.088614
vn -0.095466 0.989599 0.107607
vn 0.016931 0.307690 -0.951336
vn 0.005529 0.205856 -0.978567
vn -0.083010 0.236739 -0.968021
vn 0.095434 0.096101 -0.990786
vn 0.094836 -0.057628 -0.993824
vn 0.024144 -0.001414 -0.999708
vn -0.090906 0.132365 -0.987024
vn 0.050714 0.626408 -0.777844
vn 0.075447 0.578099 -0.812471
vn 0.035573 0.569329 -0.821340
vn -0.336253 0.875046 -0.348179
vn -0.211060 0.904629 -0.370271
vn -0.266766 0.846780 -0.460217
vn 0.816395 0.563657 0.125660
vn 0.663582 0.729588 0.165408
vn 0.717978 0.686917 0.112483
vn -0.018421 0.882949 0.469108
vn -0.018919 0.896646 0.442343
vn 0.029660 0.914391 0.403745
vn -0.017089 0.619196 0.785051
vn -0.015932 0.759378 0.650455
vn 0.158497 0.710772 0.685333
vn -0.813105 0.567865 -0.128018
vn -0.696879 0.708023 -0.114295
vn -0.729533 0.678094 -0.089272
vn -0.965139 0.224766 -0.134116
vn -0.941777 0.314516 -0.118894
vn -0.954043 0.273279 -0.122963
vn -0.852812 0.514409 -0.089971
vn -0.800621 0.594501 -0.074661
vn -0.842456 0.531910 -0.085670
vn -0.622816 0.781218 -0.042413
vn -0.681401 0.730179 -0.050310
vn -0.621248 0.782211 -0.046861
vn -0.683512 0.727858 -0.055085
vn 0.412606 0.906429 -0.090237
vn 0.425537 0.893676 -0.142342
vn 0.256253 0.960400 -0.109395
vn 0.836095 0.546509 0.047679
vn 0.930565 0.358430 0.074679
vn 0.900846 0.434130 -0.002592
vn 0.887336 0.335649 -0.316188
vn 0.898465 0.361866 -0.248624
vn 0.946758 0.192773 -0.257854
vn 0.797627 0.427200 -0.425784
vn 0.847142 0.289665 -0.445471
vn 0.853640 0.289540 -0.432973
vn -0.610718 0.791747 0.012671
vn -0.395557 0.918296 0.016343
vn -0.439171 0.897097 0.048430
vn 0.808316 0.417567 -0.415047
vn 0.879837 0.279702 -0.384257
vn 0.844733 0.528637 -0.083487
vn 0.733479 0.679254 -0.024950
vn 0.713851 0.693707 -0.095849
vn 0.875529 0.372066 -0.308245
vn 0.904291 0.262726 -0.336501
vn 0.922340 0.232945 -0.308263
vn 0.904632 0.335227 -0.263181
vn 0.939619 0.213189 -0.267706
vn 0.479934 -0.834930 -0.269363
vn 0.531551 -0.791236 -0.302323
vn 0.614636 -0.711725 -0.340104
vn 0.272559 -0.944152 -0.185169
vn 0.203063 -0.969783 -0.135230
vn 0.115929 -0.986108 -0.118957
vn 0.928734 -0.222327 -0.296688
vn 0.946849 -0.189595 -0.259866
vn 0.939984 -0.117858 -0.320220
vn 0.933708 -0.288509 -0.212018
vn -0.353816 -0.934454 -0.040137
vn -0.231678 -0.971217 -0.055341
vn -0.258887 -0.964979 -0.042357
vn -0.904225 -0.416260 -0.095421
vn -0.932578 -0.342387 -0.114321
vn -0.961496 -0.249724 -0.114729
vn -0.662903 -0.748271 0.025501
vn -0.463612 -0.884962 0.043653
vn -0.396474 -0.917940 0.013937
vn -0.979084 0.148311 -0.139276
vn -0.977561 0.159094 -0.138074
vn -0.961278 0.237504 -0.139777
vn 0.506240 0.862232 0.016645
vn 0.576760 0.815559 0.047037
vn 0.570762 0.821115 0.001050
vn 0.634097 0.772787 0.026853
vn 0.665833 0.744358 0.050957
vn 0.717920 0.695620 0.026547
vn 0.991499 0.100086 0.083148
vn 0.995442 -0.048820 0.081923
vn 0.995273 -0.001369 0.097111
vn 0.629934 -0.776549 0.012444
vn 0.570160 -0.820053 0.049298
vn 0.575967 -0.817449 0.006227
vn -0.104259 -0.992752 -0.059786
vn -0.170439 -0.984709 -0.036035
vn -0.169160 -0.983296 -0.067184
vn -0.984513 -0.098624 -0.144938
vn -0.990209 0.000817 -0.139588
vn -0.989176 -0.027682 -0.144097
vn -0.885102 -0.444291 -0.138564
vn -0.917155 -0.375691 -0.132976
vn -0.913298 -0.384522 -0.134278
vn -0.942757 -0.300831 -0.143913
vn -0.978534 -0.152593 -0.138519
vn -0.972301 -0.183828 -0.144357
vn -0.973254 -0.182787 -0.139159
vn -0.953282 -0.266601 -0.142045
vn -0.863410 -0.485012 -0.138876
vn -0.814071 -0.566458 -0.128116
vn -0.811764 -0.570640 -0.124136
vn -0.766746 -0.628730 -0.129614
vn -0.694138 -0.710290 -0.116875
vn -0.735518 -0.666300 -0.122705
vn -0.501098 -0.859432 -0.101381
vn -0.579461 -0.810195 -0.088369
vn -0.628938 -0.768734 -0.116128
vn -0.477990 -0.872632 -0.100198
vn -0.370734 -0.924422 -0.089446
vn -0.445696 -0.890017 -0.096050
vn -0.256024 -0.964473 -0.065138
vn -0.295050 -0.952526 -0.075105
vn -0.387736 -0.919663 -0.062288
vn -0.075075 -0.995700 -0.054264
vn 0.033402 -0.998237 -0.049066
vn 0.050875 -0.998602 -0.014353
vn 0.103665 -0.994202 -0.028552
vn 0.224341 -0.973880 -0.035058
vn 0.163553 -0.986533 -0.001794
vn 0.406323 -0.913564 -0.017384
vn 0.303668 -0.952713 -0.011100
vn 0.253101 -0.967430 -0.004507
vn 0.503302 -0.863972 0.015501
vn 0.462788 -0.886460 0.003871
vn 0.375873 -0.926215 0.029074
vn 0.671234 -0.740516 0.032879
vn 0.723865 -0.689338 0.028862
vn 0.772839 -0.632904 0.046393
vn 0.841361 -0.538298 0.048458
vn 0.807398 -0.584424 0.080972
vn 0.925353 -0.371601 0.075068
vn 0.916683 -0.385273 0.106102
vn 0.883470 -0.464356 0.062082
vn 0.862003 -0.501983 0.070460
vn 0.992101 -0.108056 0.063707
vn 0.978025 -0.171421 0.118667
vn 0.978005 -0.184708 0.096902
vn 0.958548 -0.276310 0.069564
vn 0.945939 -0.316293 0.071822
vn 0.979559 0.164306 0.116050
vn 0.980729 0.173490 0.089847
vn 0.959318 0.274228 0.067145
vn 0.947744 0.311871 0.067214
vn 0.919767 0.378236 0.104721
vn 0.885004 0.461776 0.059415
vn 0.864186 0.498853 0.065783
vn 0.763526 0.644854 0.034511
vn 0.778974 0.626508 0.026216
vn 0.811784 0.578318 0.080960
vn 0.408387 0.912624 -0.018384
vn 0.382777 0.923386 0.028994
vn 0.465367 0.885110 0.003693
vn 0.212541 0.976571 -0.033692
vn 0.256416 0.966542 -0.006888
vn 0.306840 0.951679 -0.012529
vn 0.089864 0.995321 -0.035504
vn 0.109062 0.992848 -0.048560
vn 0.171207 0.985235 0.000332
vn -0.162680 0.986021 -0.036036
vn -0.098773 0.993196 -0.061683
vn -0.156265 0.985563 -0.065175
vn -0.074008 0.995769 -0.054464
vn -0.441843 0.892215 -0.093418
vn -0.380595 0.922715 -0.061193
vn -0.376426 0.922025 -0.090403
vn -0.303075 0.949849 -0.077024
vn -0.269871 0.960086 -0.073518
vn -0.476798 0.873370 -0.099442
vn -0.509425 0.854549 -0.101155
vn -0.573610 0.814565 -0.086348
vn -0.637080 0.761440 -0.119744
vn -0.558497 0.823168 -0.102348
vn -0.628268 0.768470 -0.121383
vn -0.862538 0.486491 -0.139122
vn -0.807478 0.576686 -0.124150
vn -0.764869 0.631094 -0.129211
vn -0.734894 0.667174 -0.121694
vn -0.950143 0.275757 -0.145555
vn -0.949974 0.272443 -0.152720
vn -0.910756 0.388914 -0.138817
vn -0.918993 0.370536 -0.134742
vn -0.914553 0.382081 -0.132694
vn -0.883192 0.447879 -0.139201
vn -0.995095 0.083110 -0.053652
vn -0.998459 0.004166 -0.055337
vn -0.998310 -0.004972 -0.057899
vn -0.996115 -0.068466 -0.055389
vn -0.992805 -0.102398 -0.062078
vn -0.987612 -0.148401 -0.050983
vn -0.823637 -0.567112 0.002408
vn -0.611345 -0.791288 0.010995
vn -0.168926 -0.983854 0.059122
vn -0.113913 -0.993450 0.008955
vn -0.788800 -0.614649 0.000846
vn -0.754336 -0.656017 -0.024885
vn -0.872375 -0.488620 -0.014591
vn -0.857118 -0.514131 -0.031918
vn -0.933233 -0.357977 -0.030467
vn -0.917608 -0.395157 -0.042977
vn -0.964871 -0.259204 -0.042863
vn -0.955852 -0.288674 -0.054899
vn -0.980065 -0.192136 -0.050571
vn -0.976422 -0.206061 -0.064330
vn -0.755964 -0.652946 -0.046695
vn -0.686343 -0.725442 -0.051641
vn -0.844106 -0.533940 -0.048922
vn -0.814101 -0.577009 -0.065579
vn -0.893476 -0.444582 -0.063621
vn -0.878186 -0.470382 -0.086774
vn -0.941561 -0.327876 -0.077204
vn -0.896851 -0.442053 -0.015746
vn -0.947263 -0.318869 -0.031868
vn -0.972753 -0.227869 -0.042748
vn -0.971667 -0.219676 -0.087211
vn -0.931203 -0.351663 -0.095889
vn -0.822945 -0.563381 -0.073238
vn -0.835205 -0.544396 -0.077886
vn -0.786201 -0.614537 -0.065057
vn -0.827434 -0.551742 -0.104564
vn -0.885292 -0.451400 -0.111783
vn -0.811443 -0.578074 -0.085972
vn -0.730022 -0.677588 -0.089120
vn -0.740506 -0.669705 -0.056085
vn -0.766096 -0.640275 -0.056072
vn -0.666905 -0.744027 -0.040758
vn -0.647807 -0.760401 -0.046222
vn -0.602341 -0.796833 -0.047342
vn -0.519475 -0.853610 -0.038672
vn -0.589542 -0.806796 -0.039004
vn -0.575005 -0.817862 -0.021697
vn -0.532503 -0.844708 -0.053939
vn -0.475663 -0.877773 -0.057097
vn -0.404231 -0.913521 -0.045578
vn -0.094598 -0.994169 -0.051762
vn -0.363645 -0.930978 -0.032278
vn -0.092651 -0.989970 -0.106655
vn -0.335331 -0.939110 -0.074999
vn -0.096836 -0.988146 -0.119124
vn -0.302400 -0.949686 -0.081548
vn -0.114717 -0.988737 -0.096120
vn -0.259879 -0.963438 -0.065187
vn -0.766633 -0.637350 -0.077841
vn -0.694385 -0.716960 -0.061623
vn -0.589006 -0.805068 -0.070267
vn -0.470269 -0.881510 -0.042280
vn -0.407770 -0.911408 -0.055307
vn -0.545424 -0.837057 -0.042992
vn -0.637368 -0.768609 -0.054795
vn -0.099866 -0.993520 -0.054259
vn -0.087642 -0.992938 -0.079959
vn 0.088000 -0.991698 -0.093762
vn -0.219442 -0.973916 -0.057730
vn 0.017857 -0.997958 -0.061327
vn 0.177509 -0.978394 -0.106002
vn -0.927280 -0.352516 -0.126032
vn -0.555988 -0.825105 -0.100391
vn -0.385252 -0.918893 -0.084954
vn -0.193646 -0.978363 -0.072856
vn 0.170382 -0.984366 0.044639
vn 0.365549 -0.930004 0.038309
vn 0.378087 -0.925481 -0.023150
vn 0.709897 -0.697977 -0.094207
vn 0.726942 -0.686294 -0.023578
vn 0.815010 -0.560026 -0.148765
vn 0.841863 -0.533581 -0.080983
vn 0.874304 -0.439830 -0.205286
vn 0.903755 -0.402421 -0.145889
vn 0.907699 -0.330029 -0.259159
vn 0.674893 -0.716604 -0.176062
vn 0.776958 -0.588494 -0.223634
vn 0.839252 -0.473476 -0.267352
vn 0.880363 -0.363547 -0.304621
vn 0.912189 -0.237557 -0.333882
vn 0.932816 0.019316 -0.359836
vn 0.917936 0.008799 -0.396630
vn 0.929742 -0.113234 -0.350370
vn 0.909600 -0.133524 -0.393445
vn 0.884901 -0.264034 -0.383713
vn 0.847582 -0.384161 -0.366096
vn 0.796959 -0.499544 -0.339577
vn 0.726663 -0.616149 -0.303843
vn 0.612506 -0.746384 -0.260285
vn 0.944491 0.006829 -0.328468
vn 0.937250 -0.001913 -0.348652
vn 0.322016 -0.919537 -0.225293
vn 0.412818 -0.874819 -0.253521
vn 0.385044 -0.891175 -0.239891
vn 0.494079 -0.823654 -0.278352
vn 0.489909 -0.845018 -0.214322
vn 0.550039 -0.823204 -0.140684
vn 0.580614 -0.812059 -0.058715
vn 0.587654 -0.809052 0.009853
vn 0.106005 -0.985872 -0.129688
vn 0.195891 -0.964600 -0.176563
vn 0.260939 -0.943856 -0.202599
vn 0.320060 -0.931158 -0.174660
vn 0.363068 -0.926222 -0.101465
vn 0.162300 -0.986732 -0.004313
vn 0.163093 -0.983675 -0.076051
vn 0.138215 -0.980239 -0.141517
vn 0.099971 -0.981773 -0.161643
vn 0.029830 -0.990801 -0.131995
vn 0.451225 -0.867514 -0.209322
vn 0.370297 -0.908123 -0.195428
vn 0.419366 -0.892882 -0.163992
vn 0.327263 -0.936272 -0.127649
vn 0.009582 -0.998148 -0.060070
vn 0.210691 -0.975019 -0.070340
vn 0.208281 -0.976689 -0.051935
vn 0.395142 -0.915135 -0.079945
vn 0.394042 -0.918023 -0.044316
vn 0.501704 -0.848648 -0.167598
vn 0.534680 -0.807388 -0.249483
vn 0.618069 -0.714513 -0.327814
vn 0.601792 -0.755719 -0.258332
vn 0.663909 -0.684212 -0.301793
vn 0.652889 -0.727160 -0.212071
vn 0.716331 -0.688135 -0.115498
vn 0.562690 -0.821341 -0.093699
vn 0.579221 -0.789067 -0.204639
vn 0.714433 -0.584083 -0.385269
vn 0.722876 -0.583849 -0.369555
vn 0.788271 -0.451098 -0.418497
vn 0.796911 -0.456738 -0.395378
vn 0.840930 -0.313408 -0.441150
vn 0.853848 -0.309819 -0.418278
vn 0.874205 -0.170713 -0.454558
vn 0.888134 -0.157962 -0.431586
vn 0.888184 -0.010874 -0.459360
vn 0.902749 0.000605 -0.430168
vn 0.894732 0.009315 -0.446507
vn 0.885841 -0.134939 -0.443934
vn 0.858621 -0.271712 -0.434676
vn 0.815287 -0.401270 -0.417480
vn 0.755103 -0.526321 -0.390904
vn 0.673130 -0.649553 -0.353521
vn 0.583274 -0.747074 -0.318861
vn 0.755404 -0.616936 -0.220806
vn 0.825928 -0.516349 -0.226334
vn 0.834205 -0.537330 -0.124012
vn 0.904974 -0.349920 -0.242032
vn 0.903075 -0.417091 -0.102421
vn 0.562781 -0.825891 -0.034379
vn 0.710237 -0.703628 -0.021707
vn 0.831902 -0.554872 -0.007460
vn 0.898112 -0.439408 0.017770
vn 0.918574 -0.012113 -0.395063
vn 0.928769 -0.171556 -0.328569
vn 0.905039 -0.154552 -0.396255
vn 0.886242 -0.338091 -0.316654
vn 0.868773 -0.313297 -0.383508
vn 0.815748 -0.496748 -0.296306
vn 0.807432 -0.466424 -0.361251
vn 0.743604 -0.606485 -0.281478
vn 0.736944 -0.589554 -0.330666
vn 0.951821 -0.163909 -0.259174
vn 0.976974 -0.181111 -0.112781
vn 0.950846 -0.273124 -0.145929
vn 0.978606 -0.205707 0.003877
vn 0.953862 -0.298424 0.033008
vn 0.993520 -0.106051 0.040883
vn 0.949360 0.098777 -0.298260
vn 0.932586 0.125687 -0.338357
vn 0.563309 0.815688 -0.131667
vn 0.592675 0.803824 -0.051018
vn 0.602717 0.797384 0.030191
vn 0.321673 0.931040 -0.172313
vn 0.367539 0.924528 -0.100813
vn 0.384848 0.922700 -0.022715
vn 0.367677 0.928222 0.056723
vn 0.100490 0.982055 -0.159593
vn 0.139622 0.980403 -0.138980
vn 0.166666 0.983171 -0.074813
vn 0.167512 0.985866 -0.002921
vn 0.133904 0.988872 0.064817
vn -0.363067 0.931263 -0.030533
vn -0.574954 0.817922 -0.020768
vn -0.750278 0.660644 -0.025134
vn 0.924498 0.142539 -0.353535
vn 0.906727 0.150735 -0.393859
vn 0.883262 0.153564 -0.443020
vn 0.877562 0.146467 -0.456545
vn 0.887876 0.158974 -0.431745
vn 0.907574 0.135734 -0.397349
vn 0.943143 -0.000821 -0.332388
vn 0.835215 0.478822 -0.270454
vn 0.790315 0.510340 -0.339051
vn 0.720512 0.624170 -0.302116
vn 0.663983 0.661044 -0.349496
vn 0.548178 0.781047 -0.299108
vn 0.508643 0.806661 -0.300967
vn 0.369845 0.897593 -0.239878
vn 0.286214 0.938197 -0.194597
vn 0.101003 0.986084 -0.132050
vn 0.104176 0.987899 -0.114906
vn 0.931951 0.291825 -0.215189
vn 0.872743 0.441164 -0.209032
vn 0.774567 0.590874 -0.225641
vn 0.615847 0.745111 -0.256014
vn 0.438386 0.863029 -0.250994
vn 0.235706 0.953171 -0.189491
vn 0.903790 0.401210 -0.148978
vn 0.815839 0.558035 -0.151670
vn 0.674850 0.716490 -0.176689
vn 0.508456 0.835142 -0.209787
vn 0.260589 0.944442 -0.200304
vn 0.095341 0.983089 -0.156356
vn 0.975555 0.216916 0.035197
vn 0.973327 0.199302 -0.113637
vn 0.959313 0.282039 0.013140
vn 0.947103 0.285335 -0.146900
vn 0.983796 0.101098 -0.148072
vn 0.995824 0.089041 0.020157
vn 0.874283 0.294318 -0.386013
vn 0.929214 0.169597 -0.328326
vn 0.965131 0.014830 -0.261346
vn 0.993520 0.009490 -0.113261
vn 0.998918 0.021022 0.041493
vn 0.985123 -0.087844 -0.147707
vn 0.895627 0.421617 -0.141744
vn 0.815473 0.578718 -0.009460
vn 0.834864 0.537106 -0.120493
vn 0.827445 0.514747 -0.224435
vn 0.817625 0.494065 -0.295617
vn 0.816232 0.447576 -0.365295
vn 0.853587 0.310066 -0.418628
vn 0.690432 0.723029 -0.023073
vn 0.719497 0.685187 -0.113326
vn 0.720901 0.662737 -0.202685
vn 0.719777 0.641052 -0.266408
vn 0.732341 0.593099 -0.334529
vn 0.796920 0.456243 -0.395931
vn 0.233499 0.963798 -0.128732
vn 0.437691 0.880115 -0.183914
vn 0.300993 0.936306 -0.180928
vn 0.478458 0.844227 -0.241575
vn 0.468597 0.843788 -0.261608
vn 0.608667 0.726902 -0.318022
vn 0.634357 0.686714 -0.354986
vn 0.727952 0.559620 -0.396120
vn 0.746686 0.540500 -0.387710
vn 0.841273 0.397559 -0.366341
vn 0.716321 0.596106 -0.362688
vn 0.620686 0.727156 -0.293246
vn 0.593325 0.771762 -0.228800
vn 0.586459 0.790858 -0.174954
vn 0.577687 0.809714 -0.103154
vn 0.540471 0.840644 -0.034764
vn 0.074921 0.993919 -0.080694
vn 0.226723 0.970985 -0.076063
vn 0.369915 0.928038 -0.043694
vn -0.090195 0.991034 -0.098568
vn -0.095878 0.988397 -0.117805
vn -0.091997 0.990278 -0.104341
vn -0.092816 0.994429 -0.049971
vn -0.111417 0.993710 0.011229
vn -0.155503 0.985876 0.062187
vn -0.667879 0.742806 -0.046656
vn -0.755953 0.652637 -0.050987
vn -0.698792 0.713638 -0.049094
vn -0.796763 0.602070 -0.051783
vn -0.756731 0.651046 -0.059141
vn -0.398501 0.915554 -0.054391
vn -0.337641 0.940414 -0.040249
vn -0.446926 0.893778 -0.037662
vn -0.405295 0.912988 -0.046786
vn -0.913658 0.391799 -0.108266
vn -0.919538 0.376423 -0.112937
vn -0.886911 0.450772 -0.100964
vn -0.893685 0.436387 -0.104374
vn -0.803452 0.590030 -0.079565
vn -0.856822 0.506713 -0.095386
vn -0.842622 0.527563 -0.108011
vn -0.533459 0.844096 -0.054080
vn -0.604934 0.794761 -0.049098
vn -0.753958 0.653796 -0.064021
vn -0.754878 0.652200 -0.069244
vn -0.091159 0.992881 -0.076661
vn -0.071644 0.995832 -0.056439
vn 0.032262 0.998453 -0.045281
vn 0.182749 0.981845 -0.050826
vn -0.017060 0.998061 -0.059869
vn 0.042418 0.996999 -0.064765
vn -0.189404 0.980125 -0.058998
vn -0.302048 0.949809 -0.081422
vn -0.258325 0.963766 -0.066512
vn -0.231665 0.971452 -0.051107
vn -0.235628 0.970607 -0.049017
vn -0.588417 0.805486 -0.070406
vn -0.530417 0.846892 -0.037829
vn -0.522547 0.851681 -0.039808
vn -0.477058 0.876950 -0.058095
vn -0.335433 0.939178 -0.073689
vn -0.208625 0.975171 -0.074278
vn -0.367658 0.926459 -0.080631
vn -0.988935 0.051546 -0.139105
vn -0.984366 0.105181 -0.141280
vn -0.928526 0.348606 -0.127725
vn -0.830722 0.553875 -0.055897
vn -0.855494 0.513488 -0.066778
vn -0.986103 0.086317 -0.141954
vn -0.974968 0.180082 -0.130413
vn -0.960478 0.256278 -0.108643
vn 0.198670 0.173435 0.964599
vn 0.210455 -0.024432 0.977298
vn -0.060933 0.099252 0.993195
vn 0.901595 0.165403 0.399711
vn 0.979824 0.049598 0.193608
vn 0.934941 0.068022 0.348223
vn 0.988291 0.001878 0.152572
vn -0.066697 0.175488 0.982220
vn -0.077187 0.292457 0.953158
vn 0.177775 0.348674 0.920229
vn 0.007916 0.409599 0.912231
vn 0.126468 0.543033 0.830133
vn -0.056498 0.439748 0.896342
vn -0.103637 0.475002 0.873861
vn 0.027864 0.627380 0.778214
vn 0.837330 0.293457 0.461260
vn 0.927156 0.231482 0.294616
vn 0.966860 0.115503 0.227685
vn 0.716078 0.456187 0.528323
vn 0.803689 0.392073 0.447619
vn 0.731687 0.506696 0.455953
vn 0.865472 0.384700 0.320879
vn 0.463177 0.669362 0.580880
vn 0.498829 0.547117 0.672185
vn 0.994451 0.081876 0.066065
vn 0.969408 0.191942 0.152994
vn 0.987036 0.156358 0.036219
vn 0.924840 0.331646 0.186231
vn 0.932951 0.339859 0.118738
vn 0.954745 0.296353 0.025245
vn 0.002316 0.775298 0.631591
vn 0.133388 0.815830 0.562697
vn 0.239631 0.822703 0.515496
vn 0.365414 0.810877 0.457113
vn -0.035510 0.957866 0.285010
vn -0.000692 0.963975 0.265991
vn -0.020570 0.977484 0.210006
vn -0.043609 0.993624 0.103968
vn 0.084931 0.926639 0.366233
vn -0.038552 0.982019 0.184803
vn 0.079022 0.935049 0.345601
vn -0.063895 0.980314 0.186822
vn -0.134291 0.990909 -0.008090
vn -0.095899 0.995380 -0.004597
vn -0.044047 0.998755 0.023411
vn -0.038531 0.994895 0.093267
vn -0.067472 0.979674 0.188909
vn 0.139584 0.944136 0.298537
vn 0.115911 0.938308 0.325795
vn 0.368594 0.850117 0.376083
vn 0.631194 0.697153 0.339958
vn 0.762751 0.557623 0.327517
vn 0.696510 0.599863 0.393748
vn 0.433486 0.830300 0.350273
vn 0.509135 0.751610 0.419361
vn 0.631855 0.630264 0.451138
vn 0.749381 0.609047 0.259786
vn 0.526919 0.790876 0.311243
vn 0.478538 0.847226 0.230672
vn 0.840570 0.518296 0.157519
vn 0.990279 0.122911 -0.065117
vn 0.996956 0.058493 -0.051559
vn 0.999579 0.027644 0.008794
vn 0.977513 0.107240 -0.181572
vn 0.968138 0.053518 -0.244633
vn 0.982873 0.041174 -0.179627
vn 0.982249 0.009181 -0.187357
vn 0.993622 0.009370 -0.112374
vn 0.875097 0.483943 0.002226
vn 0.935670 0.348046 -0.058179
vn 0.948417 0.315438 -0.031686
vn 0.967430 0.223207 -0.119406
vn 0.981199 0.160452 -0.107252
vn 0.988005 0.069352 -0.137975
vn 0.994858 0.026462 -0.097761
vn 0.999098 0.008838 -0.041529
vn 0.870699 0.489166 0.050995
vn 0.750978 0.657497 0.061070
vn 0.544153 0.826213 0.145838
vn 0.453421 0.875017 0.169575
vn 0.368726 0.918787 0.140964
vn 0.273207 0.946775 0.170223
vn 0.151555 0.979620 0.131819
vn 0.041286 0.990085 0.134268
vn 0.282495 0.954870 0.091757
vn 0.568901 0.818715 0.077827
vn -0.019105 0.999487 -0.025710
vn -0.023622 0.995263 -0.094302
vn -0.037830 0.982254 -0.183701
vn -0.115620 0.974003 -0.194810
vn -0.028340 0.923058 -0.383616
vn 0.039248 0.974078 -0.222783
vn 0.021489 0.960585 -0.277154
vn 0.045636 0.898106 -0.437406
vn 0.041164 0.884020 -0.465633
vn -0.021563 0.843279 -0.537044
vn -0.112327 0.919256 -0.377295
vn -0.161435 0.963819 -0.212112
vn -0.173079 0.861420 -0.477492
vn -0.168870 0.910049 -0.378543
vn -0.080962 0.832935 -0.547417
vn -0.247969 0.936654 -0.247368
vn 0.009671 0.746906 -0.664860
vn -0.155489 0.985146 0.072874
vn -0.202458 0.976631 -0.072128
vn -0.282729 0.958470 -0.037403
vn -0.345314 0.930393 -0.122993
vn -0.442032 0.893187 -0.082607
vn -0.523564 0.838553 -0.150701
vn -0.611517 0.784754 -0.101038
vn -0.704602 0.690576 -0.163220
vn -0.770061 0.626531 -0.120271
vn -0.697142 0.650133 -0.302192
vn -0.514577 0.790272 -0.332687
vn -0.517224 0.762658 -0.388371
vn -0.366962 0.803214 -0.469240
vn -0.393211 0.896036 -0.206166
vn -0.491670 0.829304 -0.265546
vn -0.617272 0.758466 -0.209056
vn -0.626709 0.734722 -0.259651
vn -0.773160 0.600654 -0.203565
vn -0.549156 0.707126 -0.445421
vn -0.688272 0.632821 -0.354710
vn -0.833007 0.480716 -0.273881
vn -0.037440 0.980706 0.191870
vn -0.167669 0.981789 0.089316
vn -0.341830 0.939735 -0.007148
vn -0.507943 0.860251 -0.044298
vn -0.665970 0.743617 -0.059314
vn -0.809649 0.582058 -0.075345
vn 0.028492 0.879639 -0.474788
vn 0.047208 0.775125 -0.630042
vn 0.073496 0.757800 -0.648335
vn 0.054458 0.632507 -0.772638
vn -0.116860 0.340492 -0.932957
vn -0.159665 0.417801 -0.894399
vn -0.023103 0.413299 -0.910302
vn -0.045844 0.503815 -0.862594
vn 0.050898 0.482439 -0.874449
vn 0.062655 0.496330 -0.865870
vn -0.119960 0.783363 -0.609879
vn -0.049810 0.746145 -0.663918
vn -0.122529 0.724916 -0.677852
vn -0.095573 0.661819 -0.743547
vn -0.195559 0.676446 -0.710055
vn -0.197886 0.589214 -0.783370
vn 0.079283 0.285941 -0.954962
vn 0.081652 0.253417 -0.963905
vn 0.078681 0.293375 -0.952754
vn 0.073600 0.360287 -0.929934
vn 0.092539 0.383907 -0.918723
vn 0.072278 0.459400 -0.885284
vn 0.128091 0.126774 -0.983626
vn 0.130456 0.116010 -0.984644
vn 0.100982 0.076043 -0.991978
vn -0.153991 0.525919 -0.836479
vn -0.070477 0.586855 -0.806619
vn 0.015145 0.636415 -0.771199
vn -0.393890 0.600913 -0.695524
vn -0.385827 0.717596 -0.579822
vn -0.234814 0.724371 -0.648189
vn -0.231241 0.791983 -0.565058
vn -0.382045 0.446175 -0.809302
vn -0.808434 0.442624 -0.387968
vn -0.767811 0.509694 -0.388172
vn -0.676159 0.486379 -0.553394
vn -0.636924 0.603432 -0.479789
vn -0.826228 0.349925 -0.441475
vn -0.899731 0.302646 -0.314468
vn -0.897986 0.258665 -0.355969
vn -0.951943 0.208933 -0.223947
vn -0.358343 0.282793 -0.889729
vn -0.699873 0.220052 -0.679525
vn -0.824560 0.179382 -0.536584
vn -0.692049 0.330161 -0.641920
vn -0.849202 0.216437 -0.481675
vn -0.915129 0.144922 -0.376215
vn -0.924973 0.059642 -0.375324
vn -0.950962 0.073253 -0.300509
vn -0.921944 -0.017919 -0.386908
vn -0.957598 -0.029352 -0.286608
vn -0.882901 0.093216 -0.460213
vn -0.894163 -0.011480 -0.447594
vn -0.821530 0.308169 -0.479708
vn -0.920780 0.190119 -0.340617
vn -0.965045 0.128440 -0.228456
vn -0.972687 0.174067 -0.153561
vn -0.857330 -0.075970 -0.509131
vn -0.832089 0.008754 -0.554573
vn -0.740444 0.000469 -0.672118
vn -0.814109 0.076512 -0.575650
vn -0.717755 0.095120 -0.689768
vn -0.100458 0.011268 -0.994878
vn 0.020934 0.107293 -0.994007
vn 0.071110 0.983096 0.168718
vn -0.148558 0.983263 0.105474
vn -0.152547 0.983126 0.100964
vn -0.382521 0.922629 0.049321
vn -0.357356 0.931446 0.068601
vn 0.251725 0.928115 0.274295
vn 0.022264 0.981029 0.192580
vn -0.159908 0.981540 0.104924
vn -0.374659 0.926928 0.020878
vn -0.545454 0.838057 -0.011815
vn -0.696427 0.717142 -0.026400
vn -0.844415 0.534765 -0.031470
vn -0.988521 -0.050371 -0.142440
vn -0.988195 0.067464 -0.137545
vn -0.984457 0.129560 -0.118571
vn -0.972963 0.213106 -0.089049
vn -0.943609 0.321265 -0.079948
vn -0.956407 0.286680 -0.055683
vn -0.918233 0.393583 -0.044050
vn -0.932644 0.359498 -0.030601
vn -0.871283 0.490574 -0.014234
vn -0.887380 0.460878 -0.012128
vn -0.805866 0.592058 0.006926
vn -0.838163 0.545410 -0.003438
vn -0.702300 0.711521 0.022641
vn -0.720614 0.693324 0.004298
vn -0.579498 0.814232 0.034756
vn -0.541028 0.840750 0.020697
vn -0.526834 0.848635 0.047587
vn -0.647234 0.761718 0.029576
vn -0.781932 0.623364 0.000587
vn -0.848328 0.528586 -0.030613
vn -0.896202 0.438551 -0.067041
vn -0.918994 0.384905 -0.085433
vn -0.974160 -0.183247 -0.132037
vn -0.989632 -0.049466 -0.134842
vn -0.986365 -0.107772 -0.124375
vn -0.992528 0.013633 -0.121253
vn -0.995493 -0.002671 -0.094798
vn -0.989877 0.106558 -0.093749
vn -0.992889 0.097618 -0.068128
vn -0.979431 0.191447 -0.063746
vn -0.983281 0.174646 -0.051555
vn -0.964535 0.260425 -0.043017
vn -0.969793 0.240414 -0.041267
vn -0.942269 0.333543 -0.029641
vn -0.951504 0.304988 -0.040277
vn -0.906861 0.420746 -0.023983
vn -0.910453 0.410062 -0.054072
vn -0.876411 0.471341 -0.098700
vn -0.841324 0.519182 -0.150413
vn -0.216844 0.965769 -0.142368
vn -0.993137 0.098300 -0.063379
vn -0.990542 0.101860 -0.091935
vn -0.995424 0.054404 -0.078555
vn -0.876016 0.387532 -0.287080
vn -0.896570 0.402048 -0.185794
vn -0.930914 0.303293 -0.203498
vn -0.926511 0.355129 -0.124343
vn -0.955139 0.260086 -0.141650
vn -0.950989 0.300913 -0.071210
vn -0.973033 0.215482 -0.082308
vn -0.974503 0.218571 -0.050701
vn -0.987781 0.144832 -0.057559
vn -0.985544 0.162171 -0.049030
vn -0.994306 0.090340 -0.056527
vn -0.997586 -0.000499 -0.069435
vn -0.989299 -0.112545 -0.092853
vn -0.997644 0.039552 -0.056052
vn -0.996820 -0.025085 -0.075632
vn -0.997731 -0.031101 -0.059714
vn 0.734854 0.677608 0.028919
vn 0.864161 0.502035 -0.034427
vn 0.927368 0.359802 -0.102623
vn 0.953877 0.245145 -0.173269
vn 0.956553 0.159192 -0.244264
vn -0.665569 -0.737613 -0.113773
vn 0.115745 -0.050558 -0.991991
vn 0.105979 -0.095588 -0.989763
vn 0.080444 -0.214617 -0.973380
vn 0.076610 -0.460732 -0.884227
vn 0.081787 -0.475210 -0.876063
vn 0.051265 -0.482701 -0.874283
vn 0.101320 -0.482334 -0.870108
vn -0.209926 -0.661917 -0.719582
vn -0.146783 -0.588060 -0.795387
vn -0.071045 -0.587900 -0.805808
vn -0.046445 -0.505195 -0.861754
vn -0.138881 -0.319763 -0.937264
vn 0.007124 -0.330446 -0.943798
vn -0.106667 -0.414637 -0.903714
vn 0.058207 -0.620663 -0.781914
vn 0.053331 -0.637074 -0.768955
vn 0.045782 -0.596971 -0.800956
vn 0.015008 -0.707866 -0.706188
vn -0.013235 -0.626648 -0.779190
vn 0.074866 -0.689748 -0.720168
vn 0.029483 -0.774041 -0.632449
vn -0.015054 -0.835135 -0.549840
vn 0.054243 -0.852831 -0.519363
vn -0.030631 -0.921427 -0.387343
vn 0.051677 -0.869374 -0.491445
vn 0.035982 -0.952662 -0.301894
vn -0.041493 -0.978508 -0.201992
vn 0.038429 -0.957250 -0.286700
vn 0.002555 -0.882110 -0.471037
vn -0.187098 -0.726240 -0.661491
vn -0.082032 -0.673431 -0.734685
vn -0.385577 -0.401014 -0.830974
vn -0.341938 -0.260874 -0.902786
vn -0.088318 -0.107839 -0.990238
vn -0.001792 -0.393439 -0.919349
vn -0.172081 -0.508455 -0.843719
vn -0.396281 -0.564670 -0.723954
vn -0.802351 -0.435235 -0.408416
vn -0.866805 -0.287750 -0.407245
vn -0.800681 -0.311795 -0.511561
vn -0.873571 -0.177958 -0.452996
vn -0.819875 -0.177977 -0.544177
vn -0.908519 -0.065818 -0.412628
vn -0.974779 0.043052 -0.218981
vn -0.972172 -0.041456 -0.230569
vn -0.966826 -0.111400 -0.229864
vn -0.380606 -0.803835 -0.457152
vn -0.402885 -0.693442 -0.597346
vn -0.242400 -0.780142 -0.576733
vn -0.196416 -0.978356 -0.065112
vn -0.320063 -0.927953 -0.190954
vn -0.226635 -0.947178 -0.226914
vn -0.348096 -0.885805 -0.306884
vn -0.231576 -0.900889 -0.367113
vn -0.216140 -0.851866 -0.477082
vn -0.345935 -0.113062 -0.931422
vn -0.524590 -0.259286 -0.810911
vn -0.554638 -0.391246 -0.734373
vn -0.544183 -0.543811 -0.638854
vn -0.525407 -0.667381 -0.527778
vn -0.493126 -0.768788 -0.407176
vn -0.438549 -0.855511 -0.275274
vn -0.366904 -0.917528 -0.153377
vn -0.286837 -0.957515 -0.029832
vn -0.696482 -0.665742 -0.267767
vn -0.777647 -0.588605 -0.220928
vn -0.759270 -0.553205 -0.342743
vn -0.838259 -0.471598 -0.273711
vn -0.881286 -0.363232 -0.302319
vn -0.536679 -0.843686 -0.013035
vn -0.659734 -0.749038 -0.060780
vn -0.772257 -0.624753 -0.115338
vn -0.841069 -0.519586 -0.150446
vn -0.896550 -0.402043 -0.185901
vn -0.717822 -0.094288 -0.689813
vn -0.590118 0.000363 -0.807317
vn -0.557993 0.106148 -0.823029
vn -0.564419 0.255632 -0.784910
vn -0.550745 0.390882 -0.737490
vn -0.538877 0.544322 -0.642904
vn -0.486321 0.663973 -0.568007
vn -0.125905 -0.796526 -0.591350
vn -0.151122 -0.852553 -0.500316
vn -0.178659 -0.916114 -0.358910
vn -0.161352 -0.967579 -0.194308
vn -0.131360 -0.991333 0.001950
vn -0.007211 -0.957503 -0.288332
vn 0.006487 -0.995079 -0.098877
vn -0.041188 -0.999115 -0.008492
vn 0.008004 -0.999011 -0.043729
vn -0.021137 -0.981990 0.187748
vn -0.017327 -0.995092 0.097429
vn -0.003140 -0.992176 0.124811
vn -0.034864 -0.956685 0.289028
vn -0.005889 -0.949570 0.313500
vn 0.025353 -0.923711 0.382251
vn -0.057178 -0.884504 0.463015
vn -0.037231 -0.881402 0.470897
vn -0.008037 -0.858897 0.512085
vn 0.109526 -0.822910 0.557515
vn -0.052689 -0.777477 0.626701
vn -0.097733 -0.714833 -0.692432
vn -0.055445 -0.733085 -0.677874
vn -0.089613 -0.833491 -0.545218
vn -0.113132 -0.919074 -0.377498
vn -0.116652 -0.973820 -0.195108
vn -0.097095 -0.995262 -0.005085
vn -0.039512 -0.982101 0.184163
vn 0.084833 -0.926924 0.365534
vn -0.065086 -0.980346 0.186244
vn 0.111800 -0.931834 0.345235
vn 0.354134 -0.821123 0.447600
vn 0.457241 -0.615643 0.641805
vn 0.465366 -0.682964 0.563022
vn 0.000450 -0.468841 0.883283
vn -0.042868 -0.481014 0.875664
vn 0.083237 -0.560051 0.824266
vn 0.169625 -0.391904 0.904234
vn 0.033962 -0.670632 0.741013
vn -0.044951 -0.657020 0.752532
vn -0.093857 -0.633921 0.767682
vn -0.053246 -0.286134 0.956709
vn 0.181618 -0.220620 0.958302
vn -0.023302 -0.289757 0.956816
vn -0.073223 -0.469183 0.880060
vn -0.071082 -0.142691 0.987212
vn -0.044413 -0.097264 0.994267
vn -0.057067 -0.051487 0.997042
vn -0.026342 -0.773034 0.633818
vn 0.122401 -0.697892 0.705667
vn 0.337956 -0.515693 0.787303
vn 0.600170 -0.429064 0.675055
vn 0.445247 -0.334704 0.830499
vn 0.695058 -0.269142 0.666676
vn 0.515671 -0.162794 0.841179
vn 0.760642 -0.123030 0.637407
vn 0.539245 0.002925 0.842144
vn 0.779464 0.002470 0.626443
vn 0.516895 0.167980 0.839406
vn 0.761791 0.126704 0.635311
vn 0.451702 0.338622 0.825409
vn 0.698670 0.271903 0.661762
vn 0.410233 0.453372 0.791305
vn 0.617610 0.401951 0.676013
vn 0.393998 0.567991 0.722600
vn 0.712380 -0.521557 0.469567
vn 0.655334 -0.535977 0.532228
vn 0.830020 -0.386409 0.402187
vn 0.749204 -0.418770 0.513152
vn 0.931420 -0.212164 0.295708
vn 0.849650 -0.266135 0.455267
vn 0.968097 -0.113527 0.223383
vn 0.911739 -0.145713 0.384058
vn 0.983943 -0.045229 0.172656
vn 0.938617 -0.056172 0.340358
vn 0.934741 0.006401 0.355272
vn 0.231176 -0.840995 0.489169
vn 0.594169 -0.646787 0.478152
vn 0.698290 -0.600352 0.389832
vn 0.847982 -0.406184 0.340502
vn 0.913463 -0.337698 0.227038
vn 0.973302 -0.189058 0.130152
vn -0.068693 -0.979700 0.188331
vn 0.075204 -0.948235 0.308538
vn 0.427595 -0.834251 0.348121
vn 0.833315 -0.518282 0.192275
vn 0.109145 -0.979088 0.171679
vn 0.276309 -0.945339 0.173170
vn 0.054251 -0.988833 0.138802
vn -0.135044 -0.985839 0.099425
vn -0.161550 -0.981780 0.100048
vn 0.020366 -0.981200 0.191918
vn -0.165377 -0.982656 0.083897
vn -0.038844 -0.980775 0.191235
vn -0.150229 -0.985135 0.083303
vn 0.373973 -0.899183 0.227187
vn 0.594749 -0.781464 0.188651
vn 0.463657 -0.867876 0.178363
vn 0.958175 -0.272986 0.085900
vn -0.328606 -0.944454 0.004937
vn 0.998906 0.002370 -0.046699
vn 0.993180 0.002331 -0.116573
vn 0.999691 -0.004778 -0.024412
vn 0.993609 -0.005021 -0.112766
vn 0.999787 -0.019063 -0.007915
vn 0.995871 -0.018934 -0.088780
vn 0.998031 -0.055048 0.030074
vn 0.997128 -0.056140 -0.050827
vn 0.990685 -0.136173 0.000283
vn -0.507001 -0.827029 -0.242845
vn -0.404782 -0.902703 -0.145874
vn -0.515863 -0.844844 -0.141862
vn -0.434051 -0.898916 -0.059575
vn -0.498784 -0.865518 -0.045743
vn -0.365836 -0.930477 0.019382
vn -0.374079 -0.926417 0.042626
vn -0.212427 -0.972935 0.090953
vn -0.193150 -0.976319 0.097442
vn -0.992366 0.046417 -0.114259
vn -0.993794 -0.009385 -0.110845
vn -0.992941 -0.076748 -0.090432
vn -0.986063 0.140139 -0.089673
vn -0.982732 0.109791 -0.148940
vn -0.985566 0.046715 -0.162716
vn -0.986911 -0.021531 -0.159823
vn -0.983053 -0.087732 -0.160964
vn -0.972823 -0.173209 -0.153665
vn -0.955244 -0.259626 -0.141786
vn -0.926497 -0.355116 -0.124484
vn -0.876128 -0.471849 -0.098790
vn -0.809919 -0.582142 -0.071703
vn -0.690866 -0.722458 -0.027544
vn -0.552998 -0.833083 0.012837
vn -0.363360 -0.929714 0.060003
vn -0.594236 -0.721470 -0.355478
vn -0.643251 -0.615358 -0.455590
vn -0.677239 -0.494299 -0.544993
vn -0.700990 -0.351928 -0.620290
vn -0.689278 -0.233379 -0.685879
vn -0.558060 -0.105521 -0.823064
vn -0.383197 0.000229 -0.923667
vn -0.345864 0.113438 -0.931402
vn -0.056704 -0.992150 0.111455
vn 0.011855 -0.995198 0.097164
vn -0.314313 -0.946250 0.076280
vn -0.242988 -0.967179 0.074305
vn -0.540466 -0.840420 0.039893
vn -0.491242 -0.869580 0.050113
vn -0.701515 -0.712620 0.007024
vn -0.681091 -0.731774 0.024948
vn -0.831085 -0.555422 -0.028352
vn -0.830826 -0.556521 -0.003603
vn -0.896609 -0.440105 -0.048996
vn -0.899279 -0.436824 -0.021943
vn -0.944385 -0.321665 -0.068330
vn -0.948559 -0.314179 -0.039069
vn -0.969488 -0.231557 -0.080468
vn -0.973166 -0.224619 -0.049932
vn -0.984055 -0.154326 -0.088429
vn -0.987080 -0.149720 -0.057065
vn -0.994712 -0.083986 -0.059108
vn 0.535147 -0.839286 0.096006
vn 0.263348 -0.959038 0.104372
vn 0.192408 -0.972435 0.131719
vn 0.736342 -0.668184 0.106447
vn 0.726249 -0.667895 0.162720
vn 0.873017 -0.485252 0.048698
vn 0.869903 -0.480764 0.110160
vn 0.957680 -0.286978 -0.022200
vn 0.945047 -0.321836 0.057504
vn 0.984131 -0.174649 -0.031360
vn 0.949374 -0.304847 -0.075877
vn 0.979498 -0.176295 -0.097485
vn 0.971996 -0.175005 -0.156838
vn 0.986388 -0.086793 -0.139665
vn 0.973965 -0.116795 -0.194296
vn 0.974030 -0.040240 -0.222813
vn 0.326237 -0.934188 0.144439
vn 0.533852 -0.834527 0.136255
vn 0.735028 -0.675263 0.061268
vn 0.871607 -0.490193 0.003393
vn 0.979051 0.011611 -0.203283
vn 0.970439 0.001571 -0.241343
vn 0.979867 -0.013599 -0.199190
vn 0.984634 -0.019436 -0.173547
vn 0.955519 0.004408 -0.294897
vn 0.957072 -0.067798 -0.281808
vn 0.960468 -0.146742 -0.236577
vn 0.954770 -0.241802 -0.173051
vn 0.926934 -0.361057 -0.102130
vn 0.861097 -0.507319 -0.033752
vn 0.732554 -0.680275 0.024290
vn 0.577708 -0.814349 0.055573
vn 0.330308 -0.940732 0.076941
vn 0.092040 -0.992761 0.077162
vn -0.783063 0.612697 -0.106842
vn -0.621845 0.774795 -0.114028
vn -0.722831 0.687771 -0.066987
vn 0.955549 0.279699 0.093251
vn 0.966405 0.237054 0.099330
vn 0.971623 0.226130 0.069380
vn 0.963766 0.057602 0.260455
vn 0.972505 -0.009471 0.232690
vn 0.984977 -0.000515 0.172683
vn 0.188129 0.981276 -0.041290
vn 0.211579 0.976649 -0.037301
vn 0.137189 0.982861 -0.123139
vn -0.909412 0.041769 -0.413793
vn -0.899945 0.085420 -0.427553
vn -0.976270 0.047027 -0.211387
vn 0.795058 0.086576 0.600323
vn 0.780053 -0.000495 0.625713
vn 0.862374 -0.000563 0.506272
vn -0.778306 -0.595901 -0.197842
vn -0.867047 -0.488234 -0.099283
vn -0.747281 -0.647899 -0.147644
vn -0.909855 -0.307227 -0.278882
vn -0.822411 -0.447670 -0.351044
vn -0.705416 -0.523619 -0.477715
vn -0.993925 -0.099073 -0.047924
vn -0.997955 -0.061135 -0.018671
vn -0.996557 -0.050435 0.065808
vn 0.965211 -0.229012 0.126182
vn 0.940454 -0.319157 0.116985
vn 0.931138 -0.342127 0.126218
vn 0.091547 -0.992182 0.084821
vn -0.053050 -0.991354 0.120015
vn -0.022312 -0.995158 0.095727
vn 0.994951 -0.085079 0.053228
vn 0.985839 -0.160353 0.049086
vn 0.983287 -0.174626 0.051498
vn -0.729733 -0.612892 0.303072
vn -0.798436 -0.497705 0.338807
vn -0.747592 -0.538697 0.388473
vn -0.934499 -0.287155 0.210365
vn -0.945159 -0.183262 0.270352
vn -0.925799 -0.225321 0.303525
vn -0.945051 0.098296 0.311796
vn -0.943420 0.191012 0.271060
vn -0.923712 0.228887 0.307191
vn -0.021953 0.997708 0.064000
vn -0.037543 0.996464 0.075162
vn 0.071825 0.995271 0.065394
vn 0.192510 0.979341 0.061900
vn 0.182836 0.981609 0.054912
vn 0.293979 0.954549 0.049126
vn 0.995682 0.075658 0.053784
vn 0.998470 -0.005065 0.055063
vn 0.998306 -0.000938 0.058178
vn 0.006010 -0.998732 -0.049980
vn -0.002305 -0.993372 -0.114921
vn 0.029952 -0.994024 -0.104970
vn 0.056653 -0.718009 -0.693724
vn 0.046987 -0.693085 -0.719323
vn -0.035577 -0.712482 -0.700788
vn 0.010500 -0.665440 -0.746378
vn 0.060959 -0.607467 -0.792002
vn -0.051555 -0.643282 -0.763892
vn 0.990213 0.001181 0.139563
vn 0.990389 -0.018355 0.137087
vn 0.988935 0.050407 0.139524
vn -0.247328 -0.968928 -0.002672
vn -0.171984 -0.985097 -0.002116
vn -0.192125 -0.981009 0.026651
vn -0.152387 -0.988298 0.006725
vn -0.060108 -0.998113 0.012583
vn -0.092173 -0.995160 0.034064
vn 0.144844 -0.988693 0.038819
vn 0.161814 -0.986195 0.035157
vn 0.192365 -0.979373 0.061840
vn 0.986770 -0.082510 0.139561
vn 0.989309 -0.053587 0.135633
vn 0.973358 -0.181812 0.139709
vn 0.977696 -0.161847 0.133853
vn 0.979429 -0.147901 0.137274
vn 0.949917 -0.280142 0.138482
vn 0.952900 -0.274495 0.128975
vn 0.959734 -0.245753 0.136073
vn 0.894651 -0.427305 0.130419
vn 0.915170 -0.383053 0.125438
vn 0.916673 -0.375550 0.136649
vn 0.932000 -0.336722 0.134141
vn 0.874516 -0.466266 0.133482
vn 0.867501 -0.482556 0.120756
vn 0.823286 -0.552816 0.128819
vn 0.807635 -0.578431 0.114648
vn 0.848831 -0.513602 0.125299
vn 0.637626 -0.762191 0.111793
vn 0.687673 -0.718140 0.106680
vn 0.709677 -0.694471 0.118609
vn 0.734804 -0.669050 0.111513
vn 0.768586 -0.627351 0.125324
vn 0.796583 -0.592790 0.118555
vn 0.558623 -0.822935 0.103530
vn 0.586031 -0.804864 0.093603
vn 0.659181 -0.745186 0.100884
vn 0.473592 -0.875642 0.094661
vn 0.507238 -0.857639 0.084648
vn 0.572053 -0.815682 0.086132
vn 0.384262 -0.919352 0.084466
vn 0.421996 -0.903567 0.074071
vn 0.476759 -0.875988 0.073113
vn 0.241306 -0.969140 0.050381
vn 0.272149 -0.961158 0.045942
vn 0.290105 -0.954216 0.072881
vn 0.331964 -0.941225 0.062413
vn 0.378035 -0.923843 0.060026
vn -0.278847 -0.960211 -0.015445
vn -0.288796 -0.957209 0.018641
vn -0.340526 -0.940148 -0.012806
vn -0.382449 -0.923930 0.009334
vn -0.384508 -0.922646 -0.029621
vn -0.427824 -0.903580 -0.022566
vn -0.472127 -0.881530 0.000267
vn -0.486060 -0.873036 -0.039420
vn -0.513455 -0.857504 -0.032420
vn -0.556478 -0.830801 -0.010064
vn -0.578989 -0.813892 -0.048492
vn -0.593993 -0.803334 -0.042745
vn -0.630479 -0.776019 -0.017054
vn -0.668605 -0.741579 -0.055025
vn -0.696151 -0.717189 -0.031838
vn -0.667131 -0.743094 -0.052419
vn -0.740897 -0.668611 -0.063497
vn -0.763208 -0.644735 -0.042773
vn -0.745816 -0.662548 -0.069201
vn -0.801552 -0.593576 -0.071991
vn -0.822727 -0.565882 -0.053831
vn -0.813202 -0.575964 -0.083471
vn -0.855348 -0.511667 -0.081094
vn -0.874334 -0.480903 -0.065364
vn -0.871839 -0.479915 -0.097867
vn -0.899591 -0.427720 -0.088268
vn -0.917386 -0.390833 -0.075182
vn -0.920027 -0.377343 -0.105651
vn -0.936582 -0.337350 -0.094919
vn -0.951135 -0.297044 -0.084304
vn -0.955619 -0.272907 -0.110967
vn -0.964606 -0.243662 -0.100816
vn -0.975570 -0.199242 -0.092551
vn -0.980096 -0.162403 -0.114179
vn -0.982867 -0.150186 -0.106847
vn -0.989478 -0.108403 -0.095820
vn -0.992852 -0.049147 -0.108766
vn -0.994879 -0.016458 -0.099721
vn -0.992876 -0.049493 -0.108385
vn -0.991583 0.083990 -0.098530
vn 0.993993 -0.000404 0.109447
vn -0.992725 0.052573 -0.108322
vn -0.964233 0.244568 -0.102187
vn -0.977810 0.173320 -0.117674
vn -0.978316 0.184058 -0.094977
vn -0.982734 0.150910 -0.107050
vn -0.955282 0.282294 -0.088015
vn -0.952111 0.283894 -0.113529
vn -0.922870 0.376799 -0.079587
vn -0.915498 0.387946 -0.106594
vn -0.936189 0.337969 -0.096571
vn -0.880992 0.467870 -0.070364
vn -0.866517 0.489500 -0.097659
vn -0.899008 0.428560 -0.090121
vn -0.800887 0.594140 -0.074681
vn -0.806733 0.585208 -0.081937
vn -0.830608 0.553701 -0.059215
vn -0.854638 0.512445 -0.083632
vn -0.718379 0.694650 -0.037320
vn -0.738630 0.670970 -0.064994
vn -0.738236 0.671361 -0.065442
vn -0.646789 0.762239 -0.025627
vn -0.658009 0.750544 -0.060888
vn -0.665903 0.743948 -0.055815
vn -0.568384 0.822658 -0.013152
vn -0.569176 0.820625 -0.051133
vn -0.593019 0.803976 -0.044175
vn -0.484742 0.874655 -0.002069
vn -0.475771 0.878650 -0.040202
vn -0.512779 0.857866 -0.033527
vn -0.395577 0.918403 0.007434
vn -0.374072 0.926943 -0.029102
vn -0.426947 0.903973 -0.023450
vn -0.302548 0.952980 0.017157
vn -0.267630 0.963428 -0.013454
vn -0.339744 0.940414 -0.013958
vn -0.206508 0.978108 0.025676
vn -0.160639 0.987012 0.001447
vn -0.246794 0.969061 -0.003629
vn -0.118173 0.992305 0.036950
vn -0.051165 0.998573 0.015295
vn -0.151630 0.988418 0.006180
vn -0.025247 0.998858 0.040572
vn -0.048903 0.998705 0.014013
vn 0.076170 0.995826 0.050283
vn 0.064347 0.997644 0.023799
vn 0.048345 0.998446 0.027711
vn 0.176752 0.982389 0.060578
vn 0.173430 0.984223 0.035036
vn 0.145120 0.988635 0.039245
vn 0.275635 0.958624 0.071175
vn 0.282924 0.958005 0.046704
vn 0.241665 0.969029 0.050795
vn 0.370619 0.925105 0.082595
vn 0.388717 0.919294 0.061631
vn 0.332324 0.941096 0.062443
vn 0.507493 0.857481 0.084717
vn 0.486733 0.870264 0.075703
vn 0.460817 0.882609 0.093003
vn 0.422065 0.903535 0.074063
vn 0.612660 0.782846 0.108626
vn 0.639120 0.762429 0.101133
vn 0.584877 0.805803 0.092741
vn 0.734784 0.668977 0.112079
vn 0.667791 0.737248 0.102571
vn 0.686847 0.717399 0.116534
vn 0.754632 0.644452 0.123341
vn 0.744824 0.658276 0.109130
vn 0.815182 0.564747 0.128603
vn 0.814217 0.569226 0.114160
vn 0.796572 0.592730 0.118928
vn 0.867571 0.479120 0.133285
vn 0.872926 0.472646 0.120858
vn 0.848896 0.513499 0.125275
vn 0.910995 0.389152 0.136558
vn 0.919152 0.373120 0.126259
vn 0.894622 0.427375 0.130390
vn 0.972111 0.188441 0.139610
vn 0.959816 0.245658 0.135665
vn 0.945729 0.294053 0.138308
vn 0.955477 0.264823 0.130127
vn 0.932101 0.336442 0.134142
vn 0.983975 0.108777 0.141280
vn 0.979768 0.144707 0.138259
vn 0.979110 0.151539 0.135574
vn 0.989738 0.011798 0.142409
vn -0.125535 0.002198 0.992087
vn -0.088509 -0.007143 0.996050
vn -0.103328 0.057504 0.992984
vn -0.091026 0.087254 0.992019
vn -0.105129 0.064816 0.992344
vn -0.105129 0.064818 0.992344
vn -0.098959 0.164243 0.981444
vn -0.084719 0.193285 0.977478
vn -0.138282 0.200807 0.969822
vn -0.106213 0.247832 0.962963
vn -0.075357 0.296556 0.952038
vn -0.096369 0.299454 0.949231
vn -0.086425 0.324749 0.941843
vn -0.053089 0.383555 0.921991
vn -0.088417 0.347849 0.933372
vn -0.101391 0.410264 0.906313
vn -0.081586 0.409779 0.908529
vn -0.133398 0.439149 0.888456
vn -0.065502 0.468443 0.881062
vn -0.088314 0.514357 0.853017
vn -0.060113 0.553655 0.830574
vn -0.072032 0.609160 0.789769
vn -0.081062 0.560442 0.824217
vn -0.089258 0.512921 0.853783
vn -0.075860 0.605376 0.792316
vn -0.038600 0.630148 0.775515
vn -0.113391 0.669931 0.733713
vn -0.027583 0.702555 0.711095
vn -0.080221 0.697209 0.712365
vn -0.056764 0.731125 0.679878
vn -0.012850 0.770616 0.637170
vn -0.059129 0.775713 0.628310
vn 0.000675 0.830623 0.556835
vn -0.092951 0.810316 0.578574
vn -0.059129 0.775713 0.628309
vn 0.017496 0.878912 0.476662
vn -0.043143 0.856192 0.514853
vn -0.061946 0.843794 0.533080
vn 0.023354 0.954805 0.296314
vn -0.060472 0.930585 0.361046
vn 0.020743 0.916917 0.398538
vn -0.025518 0.901869 0.431254
vn -0.029889 0.900275 0.434295
vn 0.007039 0.976033 0.217511
vn -0.010599 0.966414 0.256771
vn -0.041693 0.944837 0.324876
vn -0.007160 0.973953 0.226637
vn 0.037806 0.977576 0.207161
vn -0.050123 0.990226 0.130156
vn 0.038350 0.993344 0.108619
vn -0.033283 0.994672 0.097572
vn 0.000181 0.998743 0.050120
vn 0.038872 0.999218 0.007264
vn 0.009774 0.999846 -0.014604
vn 0.035212 0.994919 -0.094321
vn 0.009232 0.998930 -0.045322
vn 0.009774 0.999846 -0.014605
vn 0.027491 0.981569 -0.189119
vn -0.002317 0.989810 -0.142378
vn -0.048198 0.990080 -0.131981
vn -0.023738 0.935136 -0.353492
vn 0.032135 0.969290 -0.243810
vn 0.011160 0.958417 -0.285155
vn 0.027412 0.969642 -0.242988
vn 0.034678 0.969274 -0.243525
vn 0.047948 0.857818 -0.511711
vn 0.047549 0.886419 -0.460435
vn 0.004519 0.883394 -0.468609
vn 0.055359 0.891777 -0.449075
vn 0.010568 0.921721 -0.387709
vn 0.048128 0.903846 -0.425142
vn -0.009696 0.935022 -0.354456
vn -0.011177 0.825282 -0.564610
vn -0.006705 0.836043 -0.548623
vn 0.017917 0.804205 -0.594082
vn -0.007058 0.775722 -0.631036
vn 0.067115 0.755700 -0.651469
vn 0.088503 0.590340 -0.802288
vn -0.015220 0.671417 -0.740923
vn -0.041531 0.638803 -0.768249
vn 0.004102 0.665960 -0.745977
vn -0.033513 0.712166 -0.701210
vn 0.058633 0.739978 -0.670070
vn 0.067115 0.755700 -0.651470
vn 0.072573 0.586989 -0.806335
vn -0.068850 0.553829 -0.829779
vn 0.078999 0.584186 -0.807766
vn -0.093161 0.468453 -0.878563
vn 0.015936 0.475187 -0.879741
vn 0.069349 0.510172 -0.857272
vn -0.117327 0.385736 -0.915118
vn -0.115846 0.292307 -0.949282
vn 0.062929 0.324859 -0.943666
vn 0.077642 0.381092 -0.921271
vn 0.077987 0.392332 -0.916512
vn 0.062259 0.426395 -0.902392
vn -0.140831 0.197742 -0.970085
vn -0.002224 0.246524 -0.969134
vn 0.020075 0.251054 -0.967765
vn -0.171052 -0.000746 -0.985262
vn 0.029200 0.027137 -0.999205
vn -0.174448 0.111134 -0.978375
vn 0.064780 0.156100 -0.985615
vn 0.083251 0.157468 -0.984009
vn 0.057589 -0.069560 -0.995914
vn 0.067755 -0.054527 -0.996211
vn -0.054619 0.041001 -0.997665
vn -0.164022 -0.113663 -0.979886
vn 0.069424 -0.074232 -0.994822
vn 0.092700 -0.171703 -0.980778
vn -0.115897 -0.296251 -0.948052
vn 0.067280 -0.302208 -0.950865
vn 0.006359 -0.241170 -0.970462
vn 0.019564 -0.445838 -0.894900
vn 0.065742 -0.410856 -0.909327
vn -0.098718 -0.389739 -0.915619
vn 0.069798 -0.400526 -0.913623
vn 0.067113 -0.311806 -0.947773
vn -0.098991 -0.475071 -0.874361
vn 0.057877 -0.513986 -0.855844
vn 0.082482 -0.610334 -0.787838
vn 0.074262 -0.551751 -0.830696
vn -0.059049 -0.558987 -0.827071
vn 0.068978 -0.514035 -0.854992
vn 0.063356 -0.764929 -0.640992
vn -0.009803 -0.778468 -0.627607
vn 0.050980 -0.776511 -0.628038
vn 0.005177 -0.838398 -0.545034
vn 0.020244 -0.843920 -0.536087
vn -0.004235 -0.812424 -0.583052
vn 0.008927 -0.887556 -0.460614
vn 0.046819 -0.901031 -0.431221
vn 0.033135 -0.854937 -0.517673
vn 0.013212 -0.927787 -0.372878
vn 0.053957 -0.901012 -0.430425
vn 0.043171 -0.901710 -0.430181
vn 0.025912 -0.974271 -0.223885
vn 0.027262 -0.966086 -0.256778
vn 0.003929 -0.954751 -0.297381
vn 0.007889 -0.944015 -0.329807
vn -0.036055 -0.935914 -0.350379
vn -0.038154 -0.989903 -0.136512
vn 0.019752 -0.980853 -0.193743
vn 0.021413 -0.976797 -0.213095
vn 0.006654 -0.999819 0.017828
vn 0.006654 -0.999819 0.017827
vn 0.036736 -0.999322 -0.002493
vn -0.020108 -0.990015 0.139520
vn -0.070327 -0.990300 0.119830
vn 0.035968 -0.994456 0.098807
vn 0.002508 -0.998936 0.046062
vn -0.006115 -0.969278 0.245892
vn -0.003605 -0.968688 0.248254
vn 0.037451 -0.980543 0.192696
vn -0.072129 -0.937685 0.339918
vn -0.007429 -0.968769 0.247854
vn 0.033393 -0.960041 0.277862
vn -0.030667 -0.904186 0.426038
vn -0.064496 -0.933379 0.353049
vn 0.024140 -0.928361 0.370896
vn -0.044033 -0.858204 0.511416
vn -0.034858 -0.885658 0.463028
vn 0.014951 -0.886633 0.462232
vn -0.034858 -0.885659 0.463026
vn -0.062120 -0.805171 0.589780
vn -0.114441 -0.823377 0.555836
vn 0.003195 -0.835983 0.548746
vn -0.054812 -0.741380 0.668844
vn -0.055115 -0.754683 0.653771
vn -0.010537 -0.776765 0.629703
vn -0.055115 -0.754683 0.653771
vn -0.017092 -0.716748 0.697122
vn -0.115812 -0.669540 0.733692
vn -0.036872 -0.651188 0.758020
vn -0.113403 -0.673118 0.730789
vn -0.049684 -0.584529 0.809850
vn -0.077423 -0.583040 0.808746
vn -0.074591 -0.593790 0.801155
vn -0.023234 -0.547974 0.836173
vn -0.070263 -0.489449 0.869197
vn -0.077423 -0.583041 0.808746
vn -0.084724 -0.379985 0.921105
vn -0.084724 -0.379985 0.921104
vn -0.059671 -0.397468 0.915674
vn -0.082157 -0.432495 0.897886
vn -0.073504 -0.298821 0.951474
vn -0.136976 -0.259913 0.955868
vn -0.086657 -0.334678 0.938340
vn -0.082556 -0.199887 0.976335
vn -0.099158 -0.160162 0.982098
vn -0.108980 -0.250910 0.961856
vn -0.097902 -0.156606 0.982797
vn -0.089118 -0.100058 0.990983
vn -0.100693 -0.116619 0.988059
vn -0.105675 -0.058751 0.992664
vn 0.993993 -0.000404 0.109447
vn -0.201739 -0.000657 0.979439
vn -0.103781 -0.052455 0.993216
vn 0.995343 -0.001461 0.096382
vn 0.991682 -0.032912 0.124432
vn 0.990711 0.051608 0.125810
vn 0.990463 -0.003420 0.137736
vn 0.987404 0.075825 0.138868
vn 0.917817 0.386125 0.092305
vn 0.886563 0.451447 0.101004
vn 0.846525 0.525298 0.086355
vn 0.954922 0.266581 0.130608
vn 0.929912 0.347991 0.119020
vn 0.949089 0.290322 0.122244
vn 0.971395 0.204121 0.121354
vn 0.989565 -0.011586 0.143619
vn 0.988744 0.115913 0.094602
vn 0.983621 0.126566 0.128342
vn 0.976077 0.170464 0.134967
vn 0.969234 0.202866 0.139395
vn 0.946990 0.290459 0.137270
vn 0.994492 0.088282 0.056505
vn 0.997617 -0.002344 0.068954
vn 0.993124 0.095583 0.067596
vn 0.922008 0.364952 0.129271
vn 0.914196 0.381943 0.135521
vn 0.986553 0.155827 0.049312
vn 0.983686 0.172351 0.051542
vn 0.979912 0.189165 0.063156
vn 0.972283 0.216745 0.087680
vn 0.953865 0.281177 0.105268
vn 0.927172 0.357540 0.111878
vn 0.897413 0.427270 0.109951
vn 0.880551 0.458288 0.120840
vn 0.872698 0.470156 0.131726
vn 0.848112 0.522656 0.086812
vn 0.857099 0.505782 0.097809
vn 0.809461 0.580989 0.084999
vn 0.833990 0.540277 0.112073
vn 0.779959 0.617367 0.102578
vn 0.823021 0.553628 0.127012
vn 0.765678 0.631671 0.121364
vn 0.701226 0.703633 0.114816
vn 0.718803 0.689001 0.092737
vn 0.754404 0.652427 0.072207
vn 0.801261 0.593683 0.074305
vn 0.083281 0.993828 0.073289
vn 0.091777 0.992085 0.085695
vn 0.216793 0.974733 0.053817
vn 0.256984 0.964779 0.056224
vn 0.342665 0.938418 0.044177
vn 0.396668 0.916780 0.046576
vn 0.630188 0.768975 0.107431
vn 0.650762 0.754736 0.082965
vn 0.691606 0.719761 0.060215
vn 0.754688 0.652999 0.063549
vn 0.540997 0.834686 0.103064
vn 0.475781 0.873703 0.101370
vn 0.552296 0.827367 0.102141
vn 0.568923 0.819104 0.073454
vn 0.479315 0.873682 0.083290
vn 0.393549 0.914714 0.091747
vn 0.757882 0.649749 0.058672
vn 0.682081 0.729571 0.049926
vn 0.623437 0.780739 0.042111
vn 0.620476 0.782631 0.049979
vn 0.539845 0.840681 0.042697
vn 0.485111 0.872787 0.053954
vn 0.389093 0.918325 0.072705
vn 0.301280 0.949999 0.082055
vn 0.085433 0.994460 0.061244
vn 0.102456 0.992642 0.064542
vn 0.000182 0.998295 0.058375
vn -0.933449 0.120725 0.337785
vn -0.905516 0.259737 0.335525
vn -0.925304 0.138512 0.353025
vn -0.880998 0.277717 0.383034
vn -0.907632 0.147728 0.392912
vn -0.857342 0.272212 0.436882
vn -0.884854 0.134958 0.445893
vn -0.100478 0.993483 0.053812
vn -0.125998 0.989616 0.069178
vn -0.198274 0.978867 0.050060
vn -0.022112 0.996274 0.083359
vn -0.135704 0.986671 0.089809
vn -0.225533 0.971294 0.075644
vn -0.292857 0.955031 0.046378
vn -0.556087 0.819302 0.139682
vn -0.430855 0.879247 0.203194
vn -0.551416 0.803255 0.225214
vn -0.381260 0.893638 0.236751
vn -0.476767 0.836467 0.270214
vn -0.333084 0.914218 0.230784
vn -0.427677 0.863712 0.266634
vn -0.288641 0.937609 0.193844
vn -0.384880 0.894191 0.228670
vn -0.284396 0.942903 0.173360
vn -0.378953 0.902481 0.204749
vn -0.346731 0.924442 0.158697
vn -0.435483 0.881392 0.183037
vn -0.423352 0.894857 0.141437
vn -0.506997 0.847331 0.158064
vn -0.495842 0.863112 0.095802
vn -0.575760 0.811282 0.101599
vn -0.552612 0.832823 0.032022
vn -0.629584 0.776506 0.025747
vn -0.876578 0.155626 0.455402
vn -0.862890 0.222849 0.453607
vn -0.873957 0.232996 0.426511
vn -0.583054 0.748921 0.314906
vn -0.486404 0.824408 0.289417
vn -0.577090 0.747315 0.329373
vn -0.469259 0.843565 0.261139
vn -0.543566 0.787350 0.290890
vn -0.464142 0.854164 0.234471
vn -0.540702 0.799355 0.262057
vn -0.516928 0.830823 0.206200
vn -0.591182 0.773700 0.227797
vn -0.584368 0.792683 0.173692
vn -0.655243 0.731628 0.188088
vn -0.649973 0.752432 0.106686
vn -0.718055 0.687074 0.111026
vn -0.700789 0.713120 0.018846
vn -0.765743 0.643044 0.011504
vn -0.777990 0.626670 -0.044900
vn -0.673188 0.646831 0.358368
vn -0.618615 0.705319 0.346181
vn -0.684475 0.623879 0.377185
vn -0.609018 0.726732 0.317738
vn -0.666540 0.662583 0.341626
vn -0.609257 0.739118 0.287247
vn -0.670165 0.674434 0.309868
vn -0.658278 0.710902 0.247565
vn -0.718232 0.643226 0.265337
vn -0.719394 0.664855 0.201099
vn -0.776603 0.593025 0.212624
vn -0.779569 0.615737 0.114628
vn -0.834085 0.538970 0.117531
vn -0.823817 0.566842 0.003998
vn -0.874514 0.484989 -0.003368
vn -0.753760 0.525485 0.394604
vn -0.718017 0.576516 0.389975
vn -0.764445 0.495128 0.412883
vn -0.716783 0.595621 0.362571
vn -0.760306 0.526348 0.380648
vn -0.723804 0.606050 0.329866
vn -0.770431 0.534671 0.347221
vn -0.771062 0.571398 0.281012
vn -0.816803 0.496060 0.294547
vn -0.826677 0.516768 0.222611
vn -0.869431 0.436708 0.231032
vn -0.881175 0.457362 0.119796
vn -0.920435 0.371534 0.121501
vn -0.917244 0.398194 -0.010228
vn -0.951548 0.307072 -0.016219
vn -0.813732 0.401497 0.420287
vn -0.792020 0.441290 0.421862
vn -0.823096 0.361617 0.437888
vn -0.797506 0.455191 0.395962
vn -0.828709 0.382445 0.408628
vn -0.810329 0.460797 0.361984
vn -0.843678 0.384940 0.374204
vn -0.855480 0.417807 0.305927
vn -0.887133 0.337141 0.315169
vn -0.904709 0.353428 0.237888
vn -0.932361 0.267503 0.243199
vn -0.951486 0.282154 0.122733
vn -0.973988 0.189932 0.123588
vn -0.976934 0.212512 -0.020963
vn -0.993035 0.115325 -0.024123
vn -0.905549 -0.398888 0.144461
vn -0.908404 -0.329239 0.257691
vn -0.908551 -0.252978 0.332473
vn -0.880821 -0.363230 0.303675
vn -0.884713 -0.265754 0.382960
vn -0.847950 -0.384058 0.365351
vn -0.853232 -0.288081 0.434747
vn -0.808679 -0.415546 0.416366
vn -0.840953 -0.471116 0.266173
vn -0.780382 -0.584449 0.222316
vn -0.674085 -0.717155 0.176913
vn 0.933431 -0.357464 0.030444
vn 0.937679 -0.346277 0.029173
vn 0.896518 -0.442663 0.017489
vn 0.910109 -0.413897 0.019787
vn 0.826880 -0.562353 0.005389
vn 0.847140 -0.531350 0.004523
vn 0.747689 -0.664038 -0.003874
vn 0.773655 -0.633548 -0.008658
vn 0.617181 -0.786733 -0.011804
vn 0.650272 -0.759324 -0.023935
vn 0.402956 -0.915091 -0.015320
vn 0.442757 -0.895766 -0.039620
vn 0.113342 -0.993501 -0.010512
vn 0.151964 -0.987121 -0.049996
vn -0.169083 -0.985597 0.002951
vn -0.142164 -0.988604 -0.049521
vn -0.386187 -0.922162 0.021832
vn -0.373869 -0.926648 -0.039303
vn -0.588250 -0.806639 0.057399
vn -0.595712 -0.803125 -0.010781
vn -0.715976 -0.691919 0.092879
vn -0.733335 -0.679483 0.022839
vn -0.818520 -0.555293 0.147225
vn -0.845364 -0.528183 0.079891
vn -0.876142 -0.436899 0.203700
vn 0.971710 -0.232362 0.042285
vn 0.964740 -0.259696 0.042834
vn 0.917839 -0.394653 0.042662
vn 0.875776 -0.481833 0.029218
vn 0.798102 -0.602086 0.022926
vn 0.713914 -0.699972 0.019107
vn 0.579920 -0.814418 0.020382
vn 0.368302 -0.929204 0.030563
vn 0.093007 -0.994394 0.050305
vn -0.169577 -0.982669 0.074873
vn -0.370667 -0.923340 0.100244
vn -0.550933 -0.823718 0.134016
vn 0.844815 -0.532792 0.049205
vn 0.756878 -0.651965 0.045593
vn 0.687017 -0.724780 0.051979
vn 0.603676 -0.795802 0.047686
vn 0.668788 -0.742074 0.045262
vn 0.477634 -0.876701 0.057105
vn 0.536260 -0.842370 0.053277
vn 0.303638 -0.949308 0.081355
vn 0.338387 -0.938090 0.074043
vn 0.095258 -0.988288 0.119219
vn 0.090990 -0.990192 0.106019
vn -0.103842 -0.981295 0.162101
vn -0.143546 -0.979527 0.141140
vn -0.265736 -0.942385 0.203213
vn -0.326524 -0.928994 0.174220
vn -0.389833 -0.888924 0.240510
vn -0.459337 -0.864399 0.204508
vn -0.485501 -0.830202 0.273959
vn -0.569050 -0.788484 0.233402
vn -0.585115 -0.748438 0.312220
vn -0.650667 -0.706335 0.278790
vn -0.664623 -0.660256 0.349770
vn -0.847475 -0.288882 0.445347
vn -0.825632 -0.353382 0.439833
vn -0.893723 -0.010111 0.448506
vn -0.888137 0.005590 0.459544
vn -0.884249 -0.071125 0.461568
vn -0.899798 0.000975 0.436306
vn -0.896979 -0.076933 0.435326
vn -0.914334 -0.010068 0.404837
vn -0.913052 -0.085130 0.398859
vn -0.882285 -0.153367 0.445030
vn -0.878036 -0.144150 0.456369
vn -0.864223 -0.215396 0.454668
vn -0.888526 -0.153952 0.432228
vn -0.874549 -0.229986 0.426931
vn -0.903431 -0.165531 0.395490
vn -0.887682 -0.244998 0.389868
vn -0.797085 -0.428676 0.425316
vn -0.768580 -0.486194 0.415813
vn -0.725554 -0.563590 0.394891
vn -0.690687 -0.614549 0.381157
vn -0.888205 0.156546 0.431955
vn -0.891418 0.228506 0.391355
vn -0.905975 0.148451 0.396449
vn -0.929406 0.170362 0.327385
vn -0.939981 0.085077 0.330450
vn -0.964230 0.089976 0.249330
vn -0.963718 -0.000253 0.266923
vn -0.988680 -0.000092 0.150039
vn -0.964161 -0.090240 0.249500
vn -0.987616 -0.095618 0.124385
vn -0.952163 -0.179483 0.247331
vn -0.973990 -0.189649 0.124005
vn -0.932315 -0.267223 0.243680
vn -0.951563 -0.281637 0.123321
vn -0.904759 -0.352886 0.238500
vn -0.920633 -0.370803 0.122227
vn -0.869627 -0.435935 0.231752
vn -0.881534 -0.456450 0.120628
vn -0.827061 -0.515806 0.223417
vn -0.834634 -0.537921 0.118432
vn -0.777203 -0.591927 0.213489
vn -0.780325 -0.614605 0.115563
vn -0.720228 -0.663680 0.201993
vn -0.719021 -0.685911 0.111962
vn -0.656313 -0.730437 0.188983
vn -0.651141 -0.751292 0.107589
vn -0.585665 -0.791535 0.174555
vn -0.577111 -0.810216 0.102439
vn -0.508497 -0.846282 0.158863
vn -0.497348 -0.862162 0.096550
vn -0.425017 -0.893956 0.142141
vn -0.412242 -0.906616 0.090022
vn -0.335367 -0.933794 0.124730
vn -0.322124 -0.943047 0.083054
vn -0.239556 -0.964954 0.107127
vn -0.227212 -0.970877 0.075982
vn -0.137376 -0.986415 0.090074
vn -0.127567 -0.989401 0.069366
vn -0.038942 -0.996401 0.075285
vn -0.040848 -0.995417 0.086472
vn -0.147722 -0.982965 0.109353
vn -0.252314 -0.958286 0.134260
vn -0.348602 -0.923625 0.159356
vn -0.437201 -0.880381 0.183805
vn -0.518432 -0.829677 0.207039
vn -0.592437 -0.772482 0.228671
vn -0.659269 -0.709677 0.248442
vn -0.718960 -0.642060 0.266188
vn -0.771541 -0.570358 0.281811
vn -0.817061 -0.495204 0.295270
vn -0.855558 -0.417188 0.306555
vn -0.887079 -0.336798 0.315688
vn -0.911647 -0.254484 0.322704
vn -0.929263 -0.170629 0.327652
vn -0.939883 -0.085635 0.330584
vn -0.939595 -0.000404 0.342287
vn -0.914320 0.067554 0.399319
vn -0.896855 0.079099 0.435194
vn -0.883838 0.077946 0.461253
vn -0.844389 0.300934 0.443222
vn -0.854142 0.308336 0.418772
vn -0.870677 0.307391 0.383970
vn -0.911776 0.254526 0.322307
vn -0.952248 0.179486 0.246998
vn -0.987639 0.095668 0.124166
vn -0.999851 0.007222 -0.015691
vn -0.994841 -0.098480 -0.024371
vn -0.980427 -0.195709 -0.021464
vn -0.956725 -0.290500 -0.016919
vn -0.924119 -0.381944 -0.011068
vn -0.883050 -0.469260 -0.004273
vn -0.834009 -0.551742 0.003091
vn -0.777513 -0.628776 0.010667
vn -0.714111 -0.699798 0.018126
vn -0.644340 -0.764324 0.025194
vn -0.568754 -0.821899 0.031653
vn -0.487880 -0.872111 0.037366
vn -0.402247 -0.914554 0.042280
vn -0.312330 -0.948837 0.046464
vn -0.218570 -0.974533 0.050128
vn -0.156328 -0.978787 0.132428
vn -0.182107 -0.970574 0.157554
vn -0.264731 -0.950147 0.164739
vn -0.293571 -0.935937 0.194521
vn -0.361829 -0.911305 0.196477
vn -0.390077 -0.891689 0.229631
vn -0.449019 -0.864268 0.226765
vn -0.474323 -0.840378 0.262264
vn -0.527307 -0.810490 0.255054
vn -0.548242 -0.783656 0.292085
vn -0.597337 -0.751152 0.280996
vn -0.613189 -0.722686 0.318941
vn -0.659599 -0.687223 0.304390
vn -0.670127 -0.658353 0.342784
vn -0.714460 -0.619539 0.325142
vn -0.719785 -0.591326 0.363653
vn -0.762252 -0.548787 0.343227
vn -0.762718 -0.522135 0.381622
vn -0.803254 -0.475535 0.358677
vn -0.799377 -0.451148 0.396813
vn -0.837704 -0.400255 0.371547
vn -0.830082 -0.378687 0.409341
vn -0.865799 -0.323316 0.381915
vn -0.855091 -0.304915 0.419341
vn 0.666679 -0.744197 0.041367
vn 0.766438 -0.639815 0.056657
vn 0.814635 -0.576207 0.065995
vn 0.893790 -0.443937 0.063712
vn 0.102414 -0.992262 0.070193
vn 0.238745 -0.969410 0.056977
vn 0.217145 -0.974721 0.052600
vn 0.370298 -0.928021 0.040706
vn 0.552055 -0.832821 0.040555
vn 0.619578 -0.783875 0.040783
vn 0.541613 -0.839500 0.043527
vn -0.629263 -0.692600 0.352610
vn -0.585974 -0.738133 0.334356
vn -0.505947 -0.809972 0.296588
vn -0.425124 -0.865894 0.263624
vn -0.328099 -0.916919 0.227180
vn -0.209651 -0.959633 0.187486
vn -0.064478 -0.987263 0.145445
vn 0.104871 -0.989012 0.104195
vn 0.278024 -0.957997 0.070316
vn 0.426540 -0.903079 0.050114
vn 0.878400 -0.469971 0.086842
vn 0.823092 -0.563116 0.073620
vn 0.881452 -0.463146 0.092398
vn 0.963135 -0.244056 0.113173
vn 0.810828 -0.578449 0.089188
vn 0.834901 -0.544792 0.078371
vn 0.756295 -0.649736 0.076558
vn 0.785905 -0.614860 0.065570
vn 0.694251 -0.716835 0.064522
vn 0.080738 -0.994568 0.065703
vn -0.121307 -0.991162 0.053690
vn -0.020959 -0.998108 0.057811
vn -0.023279 -0.997674 0.064069
vn 0.084398 -0.994547 0.061256
vn 0.208225 -0.976584 0.054092
vn 0.335163 -0.941186 0.042841
vn 0.449642 -0.892440 0.037070
vn -0.020875 -0.999575 0.020326
vn 0.007996 -0.999047 0.042902
vn 0.081376 -0.994671 0.063310
vn 0.191652 -0.979508 0.061916
vn 0.316082 -0.947359 0.051014
vn 0.421472 -0.905918 0.040917
vn 0.537740 -0.836216 0.107603
vn 0.624658 -0.773636 0.106253
vn 0.542143 -0.835474 0.089801
vn 0.583757 -0.808617 0.073255
vn 0.476388 -0.875507 0.080884
vn 0.461779 -0.881478 0.098773
vn 0.373936 -0.923143 0.089327
vn 0.048152 -0.998465 0.027355
vn 0.098783 -0.993624 0.054338
vn 0.183079 -0.980553 0.070703
vn 0.281059 -0.956376 0.079692
vn 0.293618 -0.953636 0.066084
vn 0.388334 -0.918641 0.072767
vn 0.413511 -0.908943 0.053206
vn 0.501952 -0.862876 0.059072
vn 0.624169 -0.779423 0.053974
vn 0.740301 -0.669897 0.056499
vn 0.659670 -0.746876 0.083732
vn 0.716020 -0.691619 0.094758
vn 0.777304 -0.620352 0.104697
vn 0.700092 -0.704452 0.116699
vn 0.764357 -0.632904 0.123251
vn 0.955734 -0.289131 0.054550
vn 0.978867 -0.194565 0.062959
vn 0.941491 -0.328096 0.077123
vn 0.971490 -0.220564 0.086940
vn 0.928495 -0.357355 0.100965
vn 0.921630 -0.372824 0.107707
vn 0.898057 -0.425020 0.113366
vn 0.878367 -0.461937 0.122823
vn 0.910091 -0.393608 0.129641
vn 0.946841 -0.291143 0.136848
vn 0.957870 -0.253815 0.134398
vn 0.858046 -0.503407 0.101678
vn 0.831529 -0.543620 0.114178
vn 0.821625 -0.555281 0.128822
vn 0.908811 -0.394166 0.136731
vn 0.871345 -0.472192 0.133388
vn 0.985463 -0.119254 0.121002
vn 0.977124 -0.166539 0.132261
vn 0.987213 -0.082472 0.136416
vn 0.973199 -0.183209 0.138990
vn 0.985314 -0.094435 0.142261
vn 0.971445 -0.190637 0.141255
vn 0.985223 -0.094596 0.142786
vn 0.994288 -0.090510 0.056564
vn 0.992611 -0.100773 0.067593
vn 0.989177 -0.113958 0.092429
vn -0.294366 -0.442282 -0.847192
vn -0.247924 -0.530711 -0.810481
vn -0.487237 -0.477431 -0.731204
vn -0.409714 -0.572434 -0.710249
vn -0.771956 -0.342266 -0.535665
vn -0.554284 -0.383739 -0.738589
vn -0.335735 -0.352316 -0.873587
vn -0.989415 -0.081151 -0.120304
vn -0.926901 -0.192501 -0.322177
vn -0.952697 -0.128704 -0.275325
vn -0.827381 -0.253415 -0.501220
vn -0.865127 -0.180839 -0.467817
vn -0.608562 -0.295045 -0.736615
vn -0.649437 -0.213690 -0.729772
vn -0.370546 -0.263147 -0.890758
vn -0.398446 -0.176003 -0.900146
vn -0.153706 -0.201387 -0.967377
vn 0.023936 -0.213116 -0.976734
vn -0.417535 -0.088585 -0.904333
vn -0.677179 -0.139595 -0.722455
vn -0.889592 -0.122531 -0.440014
vn -0.967645 -0.082631 -0.238401
vn -0.998781 -0.045712 -0.018645
vn -0.980888 -0.125782 -0.148451
vn -0.957246 -0.200478 -0.208540
vn -0.883388 -0.279080 -0.376484
vn -0.812665 -0.390941 -0.432135
vn -0.694102 -0.446972 -0.564303
vn -0.591414 -0.562164 -0.578101
vn -0.888047 -0.390582 -0.242524
vn -0.951081 -0.258988 -0.168432
vn -0.981214 -0.163618 -0.102220
vn -0.977589 -0.209650 0.019177
vn -0.970898 -0.232072 -0.059167
vn -0.988202 -0.145056 0.049139
vn -0.991526 -0.129910 -0.000120
vn -0.991554 -0.096591 0.086548
vn -0.995915 -0.079895 0.042079
vn -0.992236 -0.060115 0.108874
vn -0.919405 -0.355482 -0.168307
vn -0.995729 -0.033539 0.086017
vn -0.984558 -0.060205 0.164383
vn -0.152976 -0.870193 -0.468362
vn -0.056926 -0.874937 -0.480880
vn -0.077691 -0.828142 -0.555108
vn -0.105645 -0.765349 -0.634885
vn -0.167430 -0.811075 -0.560468
vn 0.037747 -0.981048 -0.190056
vn 0.067884 -0.993152 -0.095085
vn 0.063731 -0.979320 -0.192019
vn 0.108092 -0.988911 -0.101835
vn 0.071583 -0.978082 -0.195530
vn 0.129033 -0.985349 -0.111529
vn -0.007146 -0.958991 -0.283348
vn -0.004008 -0.960103 -0.279617
vn -0.012891 -0.961311 -0.275164
vn -0.068718 -0.961097 -0.267528
vn -0.165302 -0.953118 -0.253458
vn 0.044406 -0.978987 -0.199028
vn -0.015729 -0.979688 -0.199910
vn 0.130416 -0.983748 -0.123416
vn 0.110013 -0.984656 -0.135460
vn 0.204992 -0.977489 -0.049926
vn 0.086747 -0.996230 0.000972
vn 0.136219 -0.990635 -0.009317
vn 0.172251 -0.984856 -0.019727
vn -0.960784 -0.276617 -0.019417
vn -0.944787 -0.313203 -0.096344
vn -0.954670 -0.296793 0.022783
vn -0.972771 -0.223132 0.062673
vn -0.981363 -0.164067 0.100047
vn -0.983954 -0.117971 0.133853
vn -0.984523 -0.080857 0.155490
vn -0.971244 -0.013702 0.237693
vn -0.954102 0.009852 0.299320
vn -0.954902 -0.043753 0.293681
vn -0.944585 0.007373 0.328184
vn -0.945296 -0.089241 0.313771
vn -0.937541 0.001940 0.347868
vn -0.934797 -0.116991 0.335363
vn -0.933657 0.002958 0.358155
vn -0.926995 -0.132291 0.350970
vn -0.918319 0.005148 0.395809
vn -0.909461 -0.136770 0.392651
vn -0.974256 -0.110581 0.196462
vn -0.961412 -0.160048 0.223765
vn -0.972594 -0.161705 0.167069
vn -0.956304 -0.230588 0.179758
vn -0.972816 -0.191213 0.130640
vn -0.958928 -0.266400 0.097410
vn -0.932309 -0.345016 0.108457
vn -0.947351 -0.314850 0.058270
vn -0.500007 -0.856284 -0.129502
vn -0.539202 -0.826230 -0.163113
vn -0.651274 -0.749136 -0.120986
vn -0.344627 -0.921814 -0.177459
vn -0.342770 -0.914369 -0.215498
vn -0.513038 -0.832640 -0.208573
vn -0.430080 -0.868086 -0.247906
vn -0.609717 -0.754820 -0.241849
vn -0.342189 -0.893984 -0.289310
vn -0.535084 -0.790691 -0.297477
vn -0.218366 -0.920528 -0.323952
vn -0.403968 -0.841939 -0.357700
vn -0.134881 -0.928025 -0.347241
vn -0.299519 -0.864869 -0.402853
vn -0.102142 -0.926453 -0.362288
vn -0.234271 -0.870054 -0.433731
vn -0.069838 -0.925051 -0.373367
vn -0.032137 -0.917209 -0.397108
vn -0.870581 -0.488600 -0.057952
vn -0.852784 -0.521667 -0.024964
vn -0.791215 -0.605124 -0.088338
vn -0.730088 -0.680170 -0.065883
vn -0.199043 -0.615395 -0.762674
vn -0.326139 -0.663918 -0.672938
vn -0.467754 -0.676994 -0.568230
vn -0.560541 -0.661509 -0.498196
vn -0.681081 -0.608441 -0.407342
vn -0.773544 -0.551769 -0.311739
vn -0.847462 -0.484741 -0.216414
vn -0.888403 -0.436281 -0.142829
vn -0.922193 -0.381608 -0.062732
vn -0.922492 -0.385591 -0.018114
vn -0.912548 -0.408217 0.024804
vn -0.868104 -0.495203 0.034200
vn 0.259075 -0.965178 0.036209
vn 0.235753 -0.969660 0.064656
vn 0.435750 -0.897564 0.067084
vn 0.312151 -0.949401 0.034642
vn 0.322505 -0.946519 -0.009665
vn 0.213282 -0.974010 -0.076257
vn 0.325134 -0.936741 0.129632
vn 0.380498 -0.918276 0.109501
vn 0.443721 -0.876712 0.185708
vn 0.523266 -0.841268 0.135873
vn 0.590438 -0.783264 0.194630
vn 0.669472 -0.725728 0.158512
vn 0.594270 -0.796618 0.110648
vn 0.491592 -0.869263 0.052157
vn 0.362521 -0.931860 -0.014659
vn 0.218162 -0.972447 -0.082177
vn 0.065663 -0.987445 -0.143667
vn -0.097354 -0.975972 -0.194938
vn -0.245781 -0.941041 -0.232451
vn 0.648069 -0.721132 0.244898
vn 0.493181 -0.832115 0.253688
vn 0.371152 -0.904087 0.211832
vn 0.267560 -0.952118 0.147928
vn 0.186088 -0.978572 0.088140
vn 0.153977 -0.984381 0.085359
vn 0.097695 -0.990417 0.097620
vn 0.103061 -0.975633 0.193697
vn 0.164788 -0.969683 0.180442
vn 0.203107 -0.962049 0.182232
vn 0.295707 -0.925913 0.235036
vn 0.406577 -0.867332 0.287108
vn 0.531751 -0.785972 0.315418
vn 0.650516 -0.688204 0.321254
vn 0.722461 -0.636769 0.269398
vn 0.751511 -0.583133 0.308524
vn 0.103601 -0.952193 0.287393
vn 0.169405 -0.947002 0.272927
vn 0.213094 -0.938265 0.272487
vn 0.315314 -0.894692 0.316390
vn 0.433157 -0.827492 0.357256
vn 0.562300 -0.738063 0.372936
vn 0.680721 -0.634573 0.365974
vn 0.778149 -0.527114 0.341519
vn 0.099097 -0.920677 0.377536
vn 0.167431 -0.917307 0.361267
vn 0.215576 -0.908467 0.358071
vn 0.327316 -0.859067 0.393532
vn 0.452841 -0.784268 0.424099
vn 0.586882 -0.687635 0.427467
vn 0.705779 -0.579328 0.407744
vn 0.800389 -0.470316 0.371727
vn 0.089620 -0.881353 0.463881
vn 0.159038 -0.880859 0.445863
vn 0.211151 -0.872815 0.440010
vn 0.332964 -0.818629 0.467954
vn 0.467147 -0.736876 0.488659
vn 0.606930 -0.633790 0.479527
vn 0.726872 -0.521549 0.446814
vn 0.819112 -0.411914 0.399227
vn 0.075719 -0.834234 0.546187
vn 0.144924 -0.837356 0.527097
vn 0.200824 -0.830730 0.519189
vn 0.333394 -0.772557 0.540374
vn 0.477259 -0.684361 0.551247
vn 0.623465 -0.575563 0.529168
vn 0.744767 -0.460414 0.483054
vn 0.834854 -0.351208 0.423877
vn 0.058260 -0.779301 0.623936
vn 0.126088 -0.786334 0.604798
vn 0.185669 -0.781505 0.595632
vn 0.329651 -0.719894 0.610806
vn 0.484115 -0.625692 0.611672
vn 0.637204 -0.512058 0.575993
vn 0.759920 -0.395223 0.516062
vn 0.847902 -0.287626 0.445346
vn 0.670832 -0.194145 0.715745
vn 0.492626 -0.214959 0.843275
vn 0.492682 -0.313467 0.811790
vn 0.282664 -0.330349 0.900539
vn 0.292515 -0.426328 0.855967
vn 0.080767 -0.409389 0.908778
vn 0.101158 -0.501049 0.859486
vn 0.005753 -0.411636 0.911330
vn 0.028689 -0.501870 0.864467
vn -0.042366 -0.492010 0.869558
vn -0.101626 -0.493472 0.863804
vn 0.866071 -0.150516 0.476725
vn 0.790277 -0.171354 0.588302
vn 0.782723 -0.250804 0.569598
vn 0.665387 -0.283503 0.690570
vn 0.657971 -0.366390 0.657900
vn 0.492275 -0.404069 0.770969
vn 0.491029 -0.486198 0.722843
vn 0.303146 -0.513298 0.802887
vn 0.313549 -0.590996 0.743243
vn 0.123240 -0.584275 0.802144
vn 0.145598 -0.658741 0.738148
vn 0.053602 -0.584953 0.809294
vn 0.079082 -0.660237 0.746882
vn 0.016855 -0.646373 0.762835
vn 0.274587 -0.226253 0.934565
vn 0.063447 -0.310203 0.948551
vn -0.013876 -0.315180 0.948930
vn 0.038269 -0.716606 0.696428
vn 0.103707 -0.727372 0.678362
vn 0.166850 -0.724354 0.668934
vn 0.322709 -0.659657 0.678757
vn 0.488493 -0.559905 0.669239
vn 0.648611 -0.442514 0.619262
vn 0.772563 -0.325445 0.545189
vn 0.858335 -0.220783 0.463159
vn 0.729503 -0.658405 0.185280
vn 0.774106 -0.597706 0.208583
vn 0.819849 -0.523888 0.231059
vn 0.846418 -0.467600 0.254807
vn 0.867956 -0.412993 0.275845
vn 0.885644 -0.359029 0.294504
vn 0.900203 -0.304913 0.310906
vn 0.912090 -0.249898 0.325028
vn 0.921525 -0.193411 0.336725
vn 0.930953 -0.134069 0.339635
vn 0.870907 -0.076897 0.485394
vn 0.794990 -0.087524 0.600275
vn 0.674178 -0.099176 0.731880
vn 0.874657 -0.473280 0.104786
vn 0.836272 -0.524846 0.158703
vn 0.835169 -0.543118 0.086690
vn 0.794970 -0.591506 0.134699
vn 0.777688 -0.625451 0.063345
vn 0.737717 -0.666896 0.104991
vn 0.690206 -0.722888 0.032397
vn 0.655127 -0.752535 0.067082
vn 0.555499 -0.831474 -0.008486
vn 0.534902 -0.844712 0.018473
vn 0.368168 -0.928011 -0.056997
vn 0.375349 -0.926076 -0.038678
vn 0.149694 -0.983215 -0.104305
vn 0.192385 -0.976600 -0.096124
vn -0.071946 -0.987275 -0.141818
vn 0.002079 -0.989296 -0.145907
vn -0.161381 -0.970000 -0.181815
vn 0.897404 -0.435492 0.070798
vn 0.862541 -0.504593 0.037524
vn 0.801496 -0.597630 0.021056
vn 0.705309 -0.708889 -0.003862
vn 0.548431 -0.835383 -0.036871
vn 0.322734 -0.943555 -0.074474
vn 0.061301 -0.992354 -0.107128
vn -0.188866 -0.973740 -0.127120
vn -0.713881 -0.645644 -0.271142
vn -0.602908 -0.714458 -0.355038
vn -0.494083 -0.757427 -0.426834
vn -0.394154 -0.781986 -0.482846
vn -0.335298 -0.778468 -0.530625
vn -0.242493 -0.747142 -0.618851
vn -0.150698 -0.694196 -0.703834
vn 0.921299 -0.386628 0.041559
vn 0.912778 -0.407868 0.021909
vn 0.948490 -0.315116 0.032687
vn -0.549396 -0.830395 -0.092778
vn -0.267316 -0.957785 -0.105785
vn -0.011349 -0.995125 -0.097972
vn 0.276079 -0.958050 -0.076947
vn 0.530930 -0.846054 -0.048023
vn 0.704329 -0.709567 -0.020864
vn 0.807243 -0.590220 0.000191
vn 0.863167 -0.504788 0.011438
vn 0.924083 -0.359020 0.131057
vn 0.941675 -0.323990 0.090984
vn 0.940225 -0.310037 0.140902
vn 0.955367 -0.280115 0.093857
vn 0.891157 -0.409353 0.195624
vn 0.910090 -0.357136 0.210215
vn 0.925306 -0.306862 0.222809
vn 0.964257 -0.258179 0.059604
vn 0.943422 -0.326979 0.055128
vn 0.925497 -0.371627 0.073132
vn 0.902996 -0.412772 0.119237
vn 0.867227 -0.464753 0.178667
vn 0.966246 -0.237479 0.099860
vn 0.973171 -0.219003 0.070547
vn 0.974683 -0.197500 0.104817
vn 0.981143 -0.180749 0.068477
vn 0.981267 -0.158937 0.108879
vn 0.986334 -0.145304 0.077663
vn 0.986324 -0.120812 0.112111
vn 0.973208 -0.225788 0.043430
vn 0.952842 -0.264273 0.149173
vn 0.937592 -0.257587 0.233602
vn 0.962800 -0.220553 0.156115
vn 0.947457 -0.208418 0.242667
vn 0.970665 -0.177794 0.161864
vn 0.955165 -0.158667 0.249970
vn 0.976744 -0.135139 0.166459
vn 0.984300 -0.169327 0.049817
vn 0.992145 -0.113040 0.053577
vn 0.990606 -0.112798 0.077303
vn 0.995690 -0.072916 0.057311
vn 0.993887 -0.076921 0.079200
vn 0.990016 -0.082197 0.114512
vn 0.981183 -0.091781 0.169868
vn 0.963371 -0.111368 0.243954
vn 0.950004 -0.310484 0.033051
vn 0.919874 -0.391695 0.020176
vn 0.862620 -0.505826 0.005079
vn 0.795265 -0.606189 -0.009445
vn 0.681464 -0.731313 -0.028071
vn 0.487671 -0.871574 -0.050352
vn 0.207047 -0.975780 -0.070606
vn -0.091678 -0.992544 -0.080317
vn -0.338113 -0.937882 -0.077827
vn -0.585904 -0.808415 -0.056403
vn -0.739285 -0.672938 -0.024738
vn -0.972915 -0.088067 0.213732
vn -0.958517 -0.119372 0.258834
vn 0.492393 -0.109834 0.863415
vn 0.649523 -0.000400 0.760342
vn 0.674245 0.098395 0.731923
vn 0.670953 0.193483 0.715812
vn 0.665547 0.282949 0.690643
vn 0.790395 0.170552 0.588378
vn 0.870975 0.075829 0.485440
vn 0.913087 -0.000613 0.407764
vn 0.917794 -0.067994 0.391191
vn 0.658158 0.365934 0.657967
vn 0.782872 0.250140 0.569685
vn 0.866186 0.149611 0.476800
vn 0.929419 0.073469 0.361639
vn 0.946586 0.014499 0.322126
vn 0.948533 -0.068597 0.309160
vn 0.929791 0.120886 0.347672
vn 0.858477 0.220035 0.463252
vn 0.772729 0.324908 0.545275
vn 0.648816 0.442140 0.619314
vn 0.270356 0.961830 0.042320
vn 0.232570 0.970924 0.056731
vn 0.325714 0.936575 0.129375
vn 0.268315 0.951932 0.147761
vn 0.371595 0.903958 0.211606
vn 0.296319 0.925753 0.234896
vn 0.406962 0.867202 0.286954
vn 0.315846 0.894533 0.316309
vn 0.433509 0.827350 0.357158
vn 0.327797 0.858902 0.393492
vn 0.453174 0.784108 0.424039
vn 0.333411 0.818456 0.467940
vn 0.467467 0.736696 0.488624
vn 0.333814 0.772376 0.540373
vn 0.477567 0.684158 0.551233
vn 0.330046 0.719706 0.610813
vn 0.484410 0.625461 0.611674
vn 0.323080 0.659463 0.678770
vn 0.488771 0.559641 0.669257
vn 0.313890 0.590795 0.743259
vn 0.491283 0.485896 0.722874
vn 0.303451 0.513089 0.802905
vn 0.492497 0.403720 0.771011
vn 0.292774 0.426107 0.855988
vn 0.492861 0.313059 0.811839
vn 0.282870 0.330111 0.900562
vn 0.492754 0.214483 0.843321
vn 0.274730 0.225992 0.934586
vn 0.492461 0.109280 0.863447
vn 0.269241 0.115308 0.956145
vn 0.455764 -0.000272 0.890100
vn 0.230739 -0.000133 0.973016
vn 0.269168 -0.115603 0.956130
vn 0.042933 -0.094321 0.994616
vn 0.050472 -0.204614 0.977541
vn -0.038624 -0.108411 0.993356
vn -0.029003 -0.213657 0.976478
vn 0.443947 0.876659 0.185418
vn 0.493380 0.832059 0.253483
vn 0.601645 0.771498 0.206918
vn 0.636046 0.727954 0.255986
vn 0.726236 0.658480 0.197448
vn -0.958095 -0.072226 0.277194
vn -0.973505 -0.047815 0.223611
vn -0.982596 -0.022659 0.184370
vn -0.981894 -0.000601 0.189429
vn -0.995639 -0.016777 0.091772
vn -0.994528 -0.007278 0.104216
vn -0.999848 -0.017338 0.001736
vn -0.999865 -0.007286 0.014754
vn -0.976011 -0.049111 -0.212110
vn -0.980233 -0.023355 -0.196465
vn -0.904134 -0.074828 -0.420645
vn -0.911260 -0.032869 -0.410517
vn -0.692654 -0.068804 -0.717981
vn -0.734878 0.000511 -0.678200
vn -0.476988 0.000570 -0.878910
vn -0.692923 0.069839 -0.717621
vn -0.417522 0.089681 -0.904231
vn -0.677617 0.140526 -0.721864
vn -0.398389 0.177038 -0.899969
vn -0.650013 0.214513 -0.729018
vn -0.370458 0.264136 -0.890501
vn -0.609244 0.295759 -0.735764
vn -0.335600 0.353256 -0.873260
vn -0.555020 0.384351 -0.737718
vn -0.294162 0.443154 -0.846808
vn -0.487944 0.477971 -0.730380
vn -0.247636 0.531502 -0.810051
vn -0.410291 0.572936 -0.709511
vn -0.198664 0.616098 -0.762205
vn -0.326494 0.664401 -0.672289
vn -0.150229 0.694804 -0.703334
vn -0.242573 0.747599 -0.618267
vn -0.105094 0.765859 -0.634362
vn -0.153602 0.822354 -0.547850
vn -0.062664 0.822397 -0.565453
vn -0.061297 0.879021 -0.472826
vn -0.018529 0.925617 -0.378007
vn -0.041970 -0.000995 0.999118
vn -0.038703 0.106529 0.993556
vn -0.029141 0.211952 0.976846
vn -0.014049 0.313667 0.949429
vn 0.005575 0.410324 0.911923
vn -0.027000 0.485789 0.873659
vn 0.028540 0.500757 0.865117
vn -0.006125 0.569738 0.821804
vn 0.053524 0.584030 0.809965
vn 0.015711 0.647143 0.762207
vn 0.079124 0.659479 0.747547
vn 0.037388 0.717388 0.695670
vn 0.103923 0.726752 0.678993
vn 0.057760 0.780047 0.623049
vn 0.126534 0.785806 0.605391
vn 0.075708 0.834901 0.545169
vn 0.145659 0.836872 0.527664
vn 0.090183 0.881882 0.462764
vn 0.160116 0.880361 0.446461
vn 0.100287 0.921023 0.376377
vn 0.168903 0.916744 0.362010
vn 0.105403 0.952323 0.286307
vn 0.171305 0.946347 0.274012
vn 0.105371 0.975581 0.192716
vn 0.167088 0.969005 0.181965
vn 0.100328 0.990273 0.096403
vn 0.156452 0.983861 0.086837
vn 0.089645 0.995973 -0.000852
vn 0.138675 0.990302 -0.008400
vn 0.071164 0.992677 -0.097614
vn 0.110549 0.988660 -0.101636
vn 0.041638 0.980260 -0.193281
vn 0.066349 0.979043 -0.192545
vn -0.002412 0.957852 -0.287253
vn -0.001195 0.959725 -0.280939
vn -0.063927 0.923590 -0.378014
vn -0.099403 0.925838 -0.364613
vn -0.150115 0.875925 -0.458498
vn -0.232139 0.868903 -0.437171
vn -0.291817 0.801371 -0.522157
vn -0.392875 0.780013 -0.487062
vn -0.421662 0.706820 -0.567985
vn -0.559943 0.658913 -0.502293
vn -0.548802 0.596047 -0.586127
vn -0.705550 0.520681 -0.480719
vn -0.659471 0.480293 -0.578288
vn -0.813546 0.387662 -0.433428
vn -0.746432 0.371391 -0.552185
vn -0.884572 0.275622 -0.376251
vn -0.809752 0.276837 -0.517362
vn -0.927962 0.189228 -0.321059
vn -0.853457 0.198852 -0.481736
vn -0.953475 0.125825 -0.273960
vn -0.882243 0.136159 -0.450674
vn -0.968134 0.080231 -0.237234
vn -0.998669 0.040587 -0.031837
vn -0.992459 0.073808 -0.097860
vn -0.981800 0.122698 -0.144963
vn -0.958873 0.196527 -0.204791
vn -0.912291 0.302868 -0.275672
vn -0.825069 0.443987 -0.349480
vn -0.682671 0.606328 -0.407832
vn -0.493811 0.756590 -0.428629
vn -0.297744 0.864528 -0.404896
vn -0.132452 0.927706 -0.349025
vn -0.010132 0.960923 -0.276629
vn 0.074901 0.977596 -0.196715
vn 0.131200 0.984631 -0.115276
vn 0.163939 0.986141 -0.025508
vn 0.188941 0.979668 0.067465
vn 0.206768 0.964962 0.161540
vn 0.217848 0.942745 0.252538
vn 0.221789 0.914365 0.338743
vn 0.218914 0.880158 0.421187
vn 0.209972 0.839711 0.500796
vn 0.195913 0.792289 0.577838
vn 0.177810 0.737151 0.651914
vn 0.156836 0.673624 0.722242
vn 0.134277 0.601317 0.787647
vn 0.111488 0.520121 0.846785
vn 0.089886 0.430371 0.898166
vn 0.070865 0.332761 0.940345
vn 0.055752 0.228467 0.971954
vn 0.045700 0.118978 0.991845
vn 0.027593 0.013977 0.999521
vn -0.013384 0.979208 -0.202416
vn 0.120457 0.983676 -0.133686
vn 0.070589 0.986796 -0.145779
vn -0.351302 0.919773 -0.174943
vn -0.360085 0.907482 -0.216369
vn -0.187885 0.964816 -0.183926
vn -0.277078 0.932322 -0.232387
vn -0.095671 0.975782 -0.196716
vn -0.167028 0.952221 -0.255688
vn -0.348384 0.891253 -0.290341
vn -0.932025 0.332607 -0.143880
vn -0.853506 0.476575 -0.210721
vn -0.891884 0.430644 -0.138163
vn -0.996944 0.033218 0.070707
vn -0.998086 0.061526 0.006308
vn -0.994456 0.095682 -0.043620
vn -0.982551 0.158749 -0.096913
vn -0.953919 0.252376 -0.162310
vn -0.893239 0.382447 -0.236343
vn -0.781361 0.543357 -0.306982
vn -0.611945 0.707674 -0.353158
vn -0.411207 0.837991 -0.358720
vn -0.221793 0.918801 -0.326516
vn -0.068422 0.960314 -0.270401
vn 0.047699 0.978277 -0.201741
vn -0.975509 0.211760 -0.059502
vn -0.949337 0.305924 -0.071899
vn -0.977401 0.211315 0.005808
vn -0.995847 0.053981 0.073318
vn -0.995733 0.084261 0.037621
vn -0.991509 0.094183 0.089660
vn 0.637416 0.511757 0.576026
vn 0.760089 0.394800 0.516137
vn 0.848055 0.287026 0.445443
vn 0.923247 0.180071 0.339396
vn 0.961038 0.107075 0.254835
vn 0.984047 0.046098 0.171830
vn 0.993189 -0.000579 0.116517
vn 0.623678 0.575322 0.529179
vn 0.744929 0.460093 0.483111
vn 0.835001 0.350746 0.423970
vn 0.914281 0.237237 0.328342
vn 0.955475 0.158120 0.249131
vn 0.981308 0.091063 0.169532
vn 0.992403 0.041212 0.115926
vn 0.996730 -0.000640 0.080807
vn 0.607139 0.633601 0.479512
vn 0.727018 0.521318 0.446847
vn 0.819241 0.411581 0.399307
vn 0.902876 0.292793 0.314781
vn 0.947854 0.207885 0.241569
vn 0.976912 0.134542 0.165958
vn 0.990108 0.081347 0.114320
vn 0.996022 0.038512 0.080353
vn 0.998275 0.001030 0.058695
vn 0.997609 0.039950 0.056389
vn 0.993971 0.075926 0.079105
vn 0.986443 0.120107 0.111827
vn 0.970867 0.177282 0.161206
vn 0.938089 0.256979 0.232271
vn 0.888851 0.347294 0.298883
vn 0.800488 0.470100 0.371786
vn 0.705901 0.579177 0.407747
vn 0.587085 0.687490 0.427420
vn 0.995558 0.074829 0.057147
vn 0.990712 0.111958 0.077166
vn 0.981401 0.158362 0.108508
vn 0.963043 0.220060 0.155313
vn 0.925919 0.306130 0.221267
vn 0.871815 0.401420 0.280714
vn 0.778208 0.527008 0.341549
vn 0.680814 0.634491 0.365941
vn 0.562498 0.737955 0.372852
vn 0.940582 0.309437 0.139839
vn 0.924531 0.358295 0.129876
vn 0.892118 0.408152 0.193744
vn 0.868471 0.463193 0.176664
vn 0.825671 0.511932 0.237051
vn 0.799995 0.562636 0.208443
vn 0.716389 0.646149 0.263209
vn 0.961987 0.265928 0.062159
vn 0.941340 0.326351 0.085870
vn 0.903601 0.411817 0.117947
vn 0.837911 0.522859 0.156603
vn 0.305349 0.951858 0.026991
vn 0.380853 0.918168 0.109171
vn 0.455085 0.886473 0.084041
vn 0.538242 0.829278 0.150312
vn 0.600520 0.792290 0.107951
vn 0.674254 0.721900 0.155694
vn 0.740905 0.663700 0.102771
vn 0.797217 0.588965 0.132534
vn 0.836440 0.541397 0.085187
vn 0.875505 0.472019 0.103390
vn 0.904545 0.421783 0.062432
vn 0.920479 0.383309 0.076114
vn 0.945499 0.321593 0.051080
vn 0.659743 0.748693 0.064794
vn 0.779686 0.623123 0.061708
vn 0.693395 0.719909 0.030564
vn 0.800475 0.598555 0.031180
vn 0.709312 0.704893 -0.001827
vn 0.798962 0.601353 0.005811
vn 0.709933 0.703958 -0.020953
vn 0.980371 0.185150 0.067769
vn 0.974449 0.220144 0.044557
vn 0.985905 0.159231 0.051359
vn 0.970077 0.239067 0.042402
vn 0.965175 0.258041 0.043031
vn 0.957164 0.284269 0.055037
vn 0.944414 0.319078 0.079186
vn 0.531945 0.785896 0.315282
vn 0.650577 0.688184 0.321174
vn 0.751520 0.583126 0.308517
vn 0.851103 0.455989 0.260188
vn 0.910857 0.356188 0.208492
vn 0.953129 0.263765 0.148234
vn 0.974831 0.197007 0.104366
vn 0.986236 0.147566 0.074579
vn 0.992091 0.113563 0.053463
vn 0.857922 0.511275 0.050676
vn 0.920017 0.389569 0.042483
vn 0.868330 0.495271 0.026623
vn 0.924960 0.379303 0.024027
vn 0.873404 0.486904 0.009462
vn 0.917391 0.397440 0.020868
vn 0.861767 0.507277 0.005374
vn 0.906753 0.421232 0.019054
vn 0.845675 0.533680 0.004297
vn 0.892450 0.450794 0.017839
vn 0.825717 0.564062 0.005085
vn 0.871024 0.490149 0.032735
vn 0.797874 0.602385 0.022987
vn 0.838623 0.542027 0.054022
vn 0.758124 0.650446 0.046557
vn 0.798013 0.600424 0.051649
vn 0.699825 0.712650 0.048745
vn 0.856652 0.511594 0.066477
vn 0.897328 0.436365 0.066246
vn 0.919292 0.391181 0.043361
vn 0.933545 0.357149 0.030647
vn 0.942722 0.332019 0.032243
vn 0.951528 0.305790 0.032959
vn 0.950964 0.307257 0.035498
vn 0.816784 0.576923 -0.004862
vn 0.793966 0.607891 -0.009328
vn 0.679665 0.732979 -0.028232
vn 0.771105 0.636640 -0.009281
vn 0.646138 0.762807 -0.025128
vn 0.745285 0.666731 -0.004596
vn 0.612955 0.790009 -0.013103
vn 0.712532 0.701386 0.018880
vn 0.576879 0.816592 0.019716
vn 0.669025 0.741821 0.045893
vn 0.535008 0.843168 0.053240
vn 0.605861 0.794076 0.048738
vn 0.478159 0.876376 0.057690
vn 0.523078 0.851366 0.039559
vn 0.447563 0.893356 0.040030
vn 0.394394 0.917615 0.049353
vn 0.294417 0.953392 0.066044
vn 0.203873 0.976299 0.072641
vn 0.352441 0.935782 0.009899
vn 0.499350 0.864981 0.049567
vn 0.370525 0.928664 -0.017172
vn 0.541078 0.840818 0.016096
vn 0.381989 0.923255 -0.041051
vn 0.560077 0.828373 -0.010547
vn 0.373402 0.925786 -0.059093
vn 0.573143 0.818752 -0.033941
vn 0.354575 0.932293 -0.071466
vn 0.534410 0.843768 -0.049619
vn 0.282031 0.956176 -0.078654
vn 0.486323 0.872300 -0.050830
vn 0.208842 0.975344 -0.071336
vn 0.437846 0.898096 -0.041398
vn 0.149951 0.987323 -0.052041
vn 0.397717 0.917346 -0.017272
vn 0.110756 0.993765 -0.012816
vn 0.364493 0.930748 0.029197
vn 0.091672 0.994616 0.048330
vn 0.336473 0.938875 0.072795
vn 0.091269 0.990434 0.103487
vn 0.303017 0.949534 0.081029
vn 0.096260 0.988387 0.117582
vn 0.250583 0.965157 0.075364
vn 0.085196 0.990412 0.108745
vn 0.216132 0.974377 -0.062254
vn -0.569310 0.806486 -0.159585
vn -0.733376 0.660821 -0.159611
vn -0.510066 0.834600 -0.208027
vn -0.647912 0.725461 -0.232201
vn -0.467653 0.848992 -0.245995
vn -0.544124 0.785041 -0.296041
vn -0.862531 0.505077 0.030619
vn -0.922834 0.384588 0.021663
vn -0.847898 0.529876 -0.017311
vn -0.923195 0.384003 -0.015905
vn -0.853761 0.516828 -0.063098
vn -0.916053 0.395199 -0.068302
vn -0.847220 0.518696 -0.114772
vn -0.793347 0.577397 -0.192906
vn -0.722472 0.637769 -0.266991
vn -0.927752 0.359643 0.099664
vn -0.965892 0.240925 0.094913
vn -0.938011 0.341482 0.059372
vn -0.973093 0.221074 0.064931
vn -0.955233 0.294789 0.025098
vn -0.953247 0.301335 -0.022754
vn -0.955041 0.242165 0.171034
vn -0.976683 0.138955 0.163651
vn -0.967591 0.214749 0.132854
vn -0.983911 0.116263 0.135658
vn -0.981472 0.162120 0.102128
vn -0.988494 0.141695 0.052930
vn -0.990638 0.136410 -0.005373
vn 0.242219 0.968280 -0.061350
vn 0.225201 0.970640 -0.084512
vn 0.198568 0.975152 -0.098231
vn 0.006761 0.989027 -0.147579
vn 0.155283 0.982160 -0.106066
vn -0.066784 0.987459 -0.143052
vn 0.095585 0.989884 -0.104845
vn -0.156889 0.979530 -0.126125
vn -0.002581 0.995031 -0.099536
vn -0.258107 0.960155 -0.107163
vn -0.085513 0.993010 -0.081359
vn -0.330430 0.940502 -0.079193
vn -0.139424 0.988886 -0.051625
vn -0.368780 0.928599 -0.041297
vn -0.167151 0.985931 0.000696
vn -0.381580 0.924121 0.019927
vn -0.166837 0.983297 0.072754
vn -0.365203 0.925716 0.098372
vn -0.139578 0.980567 0.137867
vn -0.319810 0.931957 0.170817
vn -0.099439 0.982212 0.159283
vn -0.258492 0.945145 0.199707
vn -0.079214 0.985478 0.150193
vn -0.218668 0.956781 0.191717
vn -0.050902 0.991421 0.120391
vn -0.178148 0.971345 0.157330
vn -0.062129 0.992119 0.108816
vn -0.179195 0.973659 0.140986
vn -0.145931 0.983270 0.109016
vn -0.250391 0.958862 0.133746
vn -0.237763 0.965445 0.106699
vn -0.333595 0.934506 0.124151
vn -0.320439 0.943664 0.082564
vn -0.410622 0.907413 0.089393
vn -0.383723 0.922479 0.042297
vn -0.470510 0.881596 0.037542
vn -0.457439 0.879412 -0.131848
vn -0.535516 0.838779 -0.098345
vn -0.578507 0.813333 -0.061805
vn -0.593435 0.804666 -0.018659
vn -0.589541 0.806319 0.047871
vn -0.720212 0.625450 0.300177
vn -0.656442 0.708168 0.259965
vn -0.774122 0.592403 0.223145
vn -0.688337 0.703376 0.177353
vn -0.815248 0.559720 0.148608
vn -0.711827 0.696225 0.092587
vn -0.843925 0.530390 0.080482
vn -0.730844 0.682195 0.021820
vn -0.736238 0.676205 -0.026466
vn -0.980339 0.021291 -0.196167
vn -0.999830 0.018424 -0.000803
vn -0.999879 0.007796 0.013481
vn -0.995490 0.016199 0.093472
vn -0.994443 0.007054 0.105044
vn -0.986552 0.021982 0.161963
vn -0.984901 0.010222 0.172819
vn -0.977812 0.034048 0.206699
vn -0.975797 0.016502 0.218056
vn -0.967683 0.050579 0.247046
vn -0.965456 0.025213 0.259342
vn -0.956136 0.085900 0.280045
vn -0.957190 0.030081 0.287895
vn -0.988812 0.037801 0.144296
vn -0.980516 0.054722 0.188661
vn -0.970593 0.077939 0.227761
vn -0.962121 0.098766 0.254103
vn -0.842300 0.396803 0.364799
vn -0.790829 0.510741 0.337243
vn -0.876702 0.370597 0.306678
vn -0.835809 0.478976 0.268339
vn -0.906005 0.332915 0.261386
vn -0.873453 0.440947 0.206510
vn -0.933337 0.288704 0.213382
vn -0.904489 0.400546 0.146503
vn -0.990896 0.060759 0.120143
vn -0.982984 0.081259 0.164739
vn -0.972258 0.124823 0.197824
vn -0.958355 0.172943 0.227258
vn -0.963319 0.001490 0.268355
vn -0.974331 0.008624 0.224955
vn -0.984325 -0.000213 0.176364
vn -0.994076 -0.000034 0.108684
vn -0.999826 0.000186 0.018679
vn -0.981549 -0.001062 -0.191209
vn -0.923535 0.004660 -0.383486
vn 0.997625 -0.039472 0.056439
vn 0.995972 -0.039691 0.080400
vn 0.992348 -0.042257 0.116019
vn 0.983976 -0.047010 0.171993
vn 0.967872 -0.070973 0.241220
vn 0.022027 -0.980373 -0.195918
vn 0.014904 -0.999393 0.031503
vn 0.032971 -0.909537 -0.414314
vn 0.096689 -0.788114 -0.607888
vn 0.128898 -0.607304 -0.783943
vn 0.123458 -0.419665 -0.899244
vn 0.113223 -0.206016 -0.971976
vn 0.115278 0.025821 -0.992998
vn 0.141022 0.263297 -0.954352
vn 0.140189 0.490219 -0.860251
vn 0.114953 0.670391 -0.733050
vn 0.078027 0.818845 -0.568687
vn 0.037285 0.926935 -0.373364
vn 0.020546 0.980885 -0.193500
vn 0.993993 -0.000404 0.109447
vn -0.000941 0.988962 0.148165
vn 0.001824 0.944806 0.327625
vn -0.031720 0.833686 0.551327
vn -0.025433 0.765298 0.643174
vn -0.101480 0.530712 0.841455
vn -0.073923 0.319531 0.944688
vn -0.065527 0.070233 0.995376
vn -0.077182 -0.151970 0.985367
vn -0.093049 -0.367063 0.925531
vn -0.096334 -0.568042 0.817342
vn -0.042988 -0.745891 0.664679
vn -0.006427 -0.889248 0.457380
vn 0.007654 -0.967867 0.251348
vn -0.144298 0.743122 0.653412
vn -0.039260 0.972067 -0.231395
vn 0.011357 0.755351 -0.655222
vn 0.042459 0.362286 -0.931099
vn 0.000581 -0.743363 -0.668888
vn 0.021492 -0.962654 -0.269881
vn -0.089836 -0.971938 0.217408
vn -0.132326 -0.755278 0.641908
vn -0.082194 -0.379968 0.921341
vn -0.178176 -0.132039 0.975100
vn -0.171237 0.116315 0.978340
vn -0.153344 -0.576371 0.802672
vn -0.115435 -0.888406 0.444308
vn -0.067361 -0.997595 -0.016331
vn -0.019911 -0.879592 -0.475312
vn 0.017360 -0.564988 -0.824917
vn 0.042991 -0.354755 -0.933970
vn 0.052810 -0.094598 -0.994114
vn 0.071877 0.127301 -0.989256
vn 0.025514 0.576607 -0.816623
vn -0.015122 0.888619 -0.458397
vn -0.068294 0.997664 0.001622
vn -0.096427 0.965909 0.240255
vn -0.122015 0.879445 0.460097
vn -0.162052 0.564649 0.809266
vn -0.170363 0.343458 0.923587
vn -0.244534 -0.969418 -0.020762
vn -0.078795 -0.996888 -0.002327
vn -0.112814 0.193409 0.974611
vn 0.096961 -0.995150 0.016589
vn -0.153897 0.232887 0.960250
vn 0.259864 -0.965044 0.034061
vn -0.193371 0.221062 0.955897
vn 0.426892 -0.902777 0.052500
vn -0.230217 0.202535 0.951830
vn 0.568092 -0.820261 0.066661
vn -0.263324 0.177860 0.948170
vn 0.687925 -0.721067 0.082592
vn -0.291691 0.147780 0.945028
vn 0.801739 -0.590165 0.094449
vn -0.314459 0.113198 0.942498
vn 0.889254 -0.445351 0.104357
vn -0.330935 0.075153 0.940656
vn 0.953221 -0.281200 0.110888
vn -0.340618 0.034789 0.939558
vn 0.986480 -0.117513 0.114227
vn -0.109447 0.000063 0.993993
vn 0.991517 0.061138 0.114704
vn -0.338612 -0.048002 0.939701
vn 0.968234 0.224080 0.110954
vn -0.326964 -0.087931 0.940937
vn 0.921395 0.373245 0.108255
vn -0.308600 -0.125260 0.942908
vn 0.843529 0.527880 0.099005
vn -0.284064 -0.158858 0.945554
vn 0.742423 0.664096 0.088230
vn -0.254083 -0.187704 0.948794
vn 0.615396 0.784767 0.073680
vn -0.219550 -0.210916 0.952529
vn 0.476527 0.877231 0.058211
vn -0.181497 -0.227782 0.956648
vn 0.314168 0.948518 0.040154
vn -0.141064 -0.237776 0.961022
vn 0.154834 0.987704 0.021626
vn -0.099465 -0.240579 0.965520
vn -0.000335 0.999977 0.006734
vn -0.057952 -0.236087 0.970002
vn -0.171482 0.985105 -0.012766
vn -0.017778 -0.224414 0.974332
vn -0.335361 0.941600 -0.030366
vn 0.019840 -0.205889 0.978374
vn -0.493618 0.868332 -0.048387
vn 0.053757 -0.181051 0.982004
vn -0.631179 0.773028 -0.063570
vn 0.082939 -0.150627 0.985105
vn -0.757233 0.648505 -0.077715
vn 0.106486 -0.115516 0.987581
vn -0.853162 0.513987 -0.089066
vn 0.123667 -0.076761 0.989350
vn -0.922575 0.373995 -0.094781
vn 0.133938 -0.035518 0.990353
vn -0.972665 0.209136 -0.100921
vn -0.109447 0.000063 0.993993
vn -0.993922 0.039521 -0.102744
vn 0.132617 0.049447 0.989933
vn -0.985520 -0.135115 -0.102441
vn 0.121002 0.090608 0.988508
vn -0.948991 -0.299579 -0.098332
vn 0.102434 0.129211 0.986312
vn -0.881475 -0.463331 -0.091248
vn 0.077443 0.164078 0.983403
vn -0.793030 -0.603622 -0.082126
vn 0.046751 0.194137 0.979860
vn -0.689993 -0.720507 -0.069128
vn 0.011259 0.218455 0.975782
vn -0.557070 -0.828637 -0.055089
vn -0.027988 0.236268 0.971285
vn -0.408264 -0.912067 -0.038138
vn -0.069822 0.247001 0.966496
vn 0.028567 -0.999587 0.003209
vn -0.029384 -0.999563 -0.003172
vn -0.144401 -0.989393 -0.015837
vn -0.201467 -0.979245 -0.022121
vn -0.312981 -0.949136 -0.034402
vn -0.367429 -0.929174 -0.040398
vn -0.472052 -0.880041 -0.051921
vn -0.522226 -0.850870 -0.057447
vn -0.616779 -0.784206 -0.067863
vn -0.661156 -0.746713 -0.072751
vn -0.742766 -0.664543 -0.081742
vn -0.779997 -0.619867 -0.085845
vn -0.846184 -0.524689 -0.093138
vn -0.875139 -0.474187 -0.096330
vn -0.923891 -0.368892 -0.101705
vn -0.943689 -0.314099 -0.103888
vn -0.973527 -0.201886 -0.107180
vn -0.983566 -0.144467 -0.108289
vn -0.993582 -0.028747 -0.109400
vn -0.993558 0.029554 -0.109401
vn -0.983448 0.145267 -0.108295
vn -0.973361 0.202678 -0.107188
vn -0.943432 0.314866 -0.103900
vn -0.923589 0.369643 -0.101718
vn -0.874751 0.474898 -0.096347
vn -0.845755 0.525377 -0.093158
vn -0.779491 0.620501 -0.085868
vn -0.742222 0.665147 -0.081767
vn -0.660546 0.747250 -0.072779
vn -0.616138 0.784707 -0.067892
vn -0.521531 0.851294 -0.057479
vn -0.471332 0.880424 -0.051953
vn -0.366669 0.929472 -0.040432
vn -0.312205 0.949390 -0.034437
vn -0.200667 0.979409 -0.022157
vn -0.143592 0.989510 -0.015873
vn -0.028567 0.999587 -0.003209
vn 0.029384 0.999563 0.003172
vn 0.144401 0.989393 0.015837
vn 0.201467 0.979245 0.022121
vn 0.312981 0.949136 0.034402
vn 0.367429 0.929174 0.040398
vn 0.472052 0.880041 0.051921
vn 0.522226 0.850870 0.057447
vn 0.616779 0.784206 0.067863
vn 0.661156 0.746713 0.072751
vn 0.742766 0.664543 0.081742
vn 0.779998 0.619867 0.085845
vn 0.846184 0.524689 0.093138
vn 0.875139 0.474187 0.096330
vn 0.923891 0.368892 0.101705
vn 0.943689 0.314099 0.103888
vn 0.973527 0.201886 0.107180
vn 0.983566 0.144467 0.108289
vn 0.993582 0.028747 0.109400
vn 0.993558 -0.029554 0.109401
vn 0.983448 -0.145267 0.108295
vn 0.973361 -0.202678 0.107188
vn 0.943432 -0.314866 0.103900
vn 0.923589 -0.369643 0.101718
vn 0.874751 -0.474898 0.096347
vn 0.845755 -0.525377 0.093158
vn 0.779491 -0.620501 0.085868
vn 0.742222 -0.665147 0.081767
vn 0.660546 -0.747250 0.072779
vn 0.616138 -0.784707 0.067892
vn 0.521531 -0.851294 0.057479
vn 0.471332 -0.880424 0.051953
vn 0.366670 -0.929472 0.040432
vn 0.312205 -0.949390 0.034437
vn 0.200667 -0.979409 0.022157
vn 0.143592 -0.989510 0.015873
vn -0.197555 0.909446 -0.365897
vn -0.091014 0.930907 -0.353735
vn 0.024252 0.939589 -0.341445
vn 0.136166 0.934430 -0.329089
vn 0.246777 0.915811 -0.316845
vn 0.397612 0.867044 -0.300233
vn 0.538085 0.793332 -0.284761
vn 0.664155 0.696796 -0.270874
vn 0.772195 0.580215 -0.258971
vn 0.859096 0.446941 -0.249393
vn 0.927194 0.285923 -0.241991
vn 0.963964 0.118960 -0.237955
vn 0.109447 -0.000063 -0.993993
vn 0.970623 -0.040282 -0.237211
vn 0.950435 -0.198367 -0.239424
vn 0.903982 -0.350744 -0.244529
vn 0.832600 -0.493033 -0.252380
vn 0.738343 -0.621138 -0.262750
vn 0.623922 -0.731375 -0.275342
vn 0.492628 -0.820572 -0.289793
vn 0.348239 -0.886163 -0.305687
vn 0.194909 -0.926262 -0.322568
vn 0.037049 -0.939714 -0.339949
vn -0.120800 -0.926133 -0.357330
vn -0.258613 -0.891288 -0.372459
vn -0.394567 -0.833232 -0.387351
vn -0.528321 -0.747801 -0.402083
vn -0.645798 -0.640858 -0.415026
vn -0.752006 -0.502295 -0.426834
vn -0.829403 -0.350040 -0.435389
vn -0.875731 -0.197624 -0.440500
vn 0.109447 -0.000063 -0.993993
vn -0.895789 -0.039524 -0.442718
vn -0.889000 0.119713 -0.441981
vn -0.855560 0.275505 -0.438309
vn -0.796429 0.423371 -0.431807
vn -0.713310 0.559056 -0.422664
vn -0.608594 0.678658 -0.411141
vn -0.485292 0.778736 -0.397571
vn -0.346952 0.856410 -0.382344
vn -0.168031 0.985676 -0.014435
vn -0.000490 0.999967 0.008141
vn -0.084193 0.993083 -0.081839
vn -0.148885 0.974092 -0.170230
vn -0.243808 0.966425 -0.081118
vn -0.331200 0.943004 -0.032398
vn -0.310138 0.931921 -0.187982
vn -0.402562 0.910067 -0.098594
vn -0.484854 0.873204 -0.049312
vn -0.461987 0.862941 -0.204698
vn -0.549567 0.827529 -0.114775
vn -0.624572 0.778283 -0.064690
vn -0.600065 0.769135 -0.219895
vn -0.680591 0.721183 -0.129195
vn -0.746336 0.660973 -0.078090
vn -0.720399 0.653201 -0.233138
vn -0.791866 0.594090 -0.141439
vn -0.846642 0.524647 -0.089126
vn -0.819527 0.518477 -0.244044
vn -0.880191 0.449907 -0.151156
vn -0.922604 0.373229 -0.097480
vn -0.894597 0.368836 -0.252300
vn -0.943025 0.292780 -0.158064
vn -0.972038 0.211073 -0.102913
vn -0.943451 0.208584 -0.257669
vn -0.978560 0.127230 -0.161966
vn -0.993520 0.042845 -0.105268
vn -0.964681 0.042332 -0.259996
vn -0.985774 -0.041980 -0.162750
vn -0.986435 -0.126615 -0.104477
vn -0.957679 -0.125139 -0.259214
vn -0.964459 -0.209982 -0.160392
vn -0.950984 -0.292434 -0.100563
vn -0.922644 -0.289010 -0.255347
vn -0.915229 -0.371944 -0.154961
vn -0.888187 -0.449839 -0.093639
vn -0.860585 -0.444567 -0.248503
vn -0.839500 -0.523205 -0.146613
vn -0.799853 -0.594303 -0.083903
vn -0.784011 -0.591194 -0.189253
vn -0.740053 -0.649572 -0.174289
vn -0.688521 -0.721670 -0.071636
vn -0.673262 -0.717893 -0.177051
vn -0.620146 -0.767771 -0.161079
vn -0.557394 -0.828276 -0.057192
vn -0.542823 -0.823940 -0.162682
vn -0.482108 -0.863883 -0.145874
vn -0.410245 -0.911054 -0.040984
vn -0.396446 -0.906284 -0.146559
vn -0.329909 -0.935142 -0.129111
vn -0.251307 -0.967623 -0.023480
vn -0.231183 -0.956270 -0.179169
vn -0.162246 -0.984119 -0.072013
vn -0.085152 -0.996355 -0.005183
vn -0.066979 -0.984665 -0.161087
vn 0.005490 -0.998551 -0.053543
vn 0.083439 -0.996423 0.013380
vn 0.099632 -0.984733 -0.142741
vn 0.173237 -0.984255 -0.035073
vn 0.249618 -0.967826 0.031676
vn 0.263859 -0.956472 -0.124660
vn 0.336170 -0.941645 -0.017136
vn 0.408602 -0.911387 0.049178
vn 0.420977 -0.900695 -0.107364
vn 0.489602 -0.871946 -0.000246
vn 0.555818 -0.828729 0.065382
vn 0.566465 -0.819007 -0.091350
vn 0.629119 -0.777162 0.015110
vn 0.687032 -0.722229 0.079823
vn 0.696137 -0.713759 -0.077079
vn 0.750707 -0.660021 0.028490
vn 0.798468 -0.594953 0.092085
vn 0.806265 -0.587976 -0.064961
vn 0.850868 -0.523892 0.039510
vn 0.886921 -0.450561 0.101815
vn 0.893679 -0.445280 -0.055345
vn 0.926720 -0.372693 0.047852
vn 0.949846 -0.293207 0.108734
vn 0.955865 -0.289773 -0.048507
vn 0.976083 -0.210771 0.053277
vn 0.985432 -0.127417 0.112642
vn 0.991034 -0.125931 -0.044645
vn 0.997534 -0.042786 0.055629
vn 0.992657 0.042037 0.113426
vn 0.998174 0.041534 -0.043870
vn 0.990459 0.126429 0.054839
vn 0.971311 0.210283 0.111065
vn 0.977079 0.207803 -0.046203
vn 0.955059 0.292008 0.050930
vn 0.922010 0.372479 0.105627
vn 0.928825 0.370519 -0.000717
vn 0.898741 0.438438 0.006086
vn 0.846172 0.523959 0.097266
vn 0.853384 0.521205 -0.009033
vn 0.812308 0.583219 -0.003440
vn 0.745977 0.660366 0.086226
vn 0.753715 0.656897 -0.020016
vn 0.702796 0.711222 -0.015506
vn 0.624309 0.777776 0.072822
vn 0.632685 0.773691 -0.033350
vn 0.573357 0.818765 -0.029765
vn 0.484669 0.872810 0.057440
vn 0.493776 0.868227 -0.048651
vn 0.427714 0.902753 -0.045807
vn 0.331072 0.942735 0.040523
vn 0.340984 0.937786 -0.065479
vn 0.270057 0.960770 -0.063170
vn 0.167938 0.985540 0.022558
vn 0.178706 0.980366 -0.083350
vn 0.115166 0.990284 -0.077937
vn 0.018511 0.992380 -0.121815
vn 0.109447 -0.000063 -0.993993
vn 0.109447 -0.000063 -0.993993
vn 0.109447 -0.000063 -0.993993
vn 0.109447 -0.000063 -0.993993
vn 0.109447 -0.000063 -0.993993
vn 0.109447 -0.000063 -0.993993
vn 0.109447 -0.000063 -0.993993
vn 0.109447 -0.000063 -0.993993
vn 0.109447 -0.000063 -0.993993
vn 0.109447 -0.000063 -0.993993
vn 0.109447 -0.000063 -0.993993
vn 0.109447 -0.000063 -0.993993
vn 0.109447 -0.000063 -0.993993
vn 0.109447 -0.000063 -0.993993
vn 0.109447 -0.000063 -0.993993
vn 0.109447 -0.000063 -0.993993
vn 0.109447 -0.000063 -0.993993
vn 0.109447 -0.000063 -0.993993
vn 0.109447 -0.000063 -0.993993
vn 0.109447 -0.000063 -0.993993
vn 0.109447 -0.000063 -0.993993
vn 0.109447 -0.000063 -0.993993
vn 0.109447 -0.000063 -0.993993
vn 0.109447 -0.000063 -0.993993
vn 0.109447 -0.000063 -0.993993
vn 0.109447 -0.000063 -0.993993
vn 0.109447 -0.000063 -0.993993
vn 0.109447 -0.000063 -0.993993
vn 0.109447 -0.000063 -0.993993
vn 0.109447 -0.000063 -0.993993
vn 0.109447 -0.000063 -0.993993
vn 0.109447 -0.000063 -0.993993
vn 0.109447 -0.000063 -0.993993
vn 0.109447 -0.000063 -0.993993
vn 0.109447 -0.000063 -0.993993
vn 0.109447 -0.000063 -0.993993
vn 0.109447 -0.000063 -0.993993
vn 0.109447 -0.000063 -0.993993
vn 0.088938 0.845399 0.526679
vn 0.225264 0.809830 0.541693
vn 0.353913 0.752173 0.555861
vn 0.471373 0.673999 0.568800
vn 0.574441 0.577441 0.580154
vn 0.660306 0.465133 0.589616
vn 0.726626 0.340138 0.596927
vn 0.771591 0.205866 0.601886
vn 0.793976 0.065980 0.604359
vn 0.793168 -0.075706 0.604279
vn 0.769190 -0.215325 0.601649
vn 0.722698 -0.349070 0.596538
vn 0.654958 -0.473293 0.589087
vn 0.567819 -0.584605 0.579499
vn 0.463657 -0.679969 0.568036
vn 0.345313 -0.756784 0.555010
vn 0.216017 -0.812955 0.540777
vn 0.079294 -0.846952 0.525724
vn -0.061126 -0.857843 0.510263
vn -0.201413 -0.845334 0.494816
vn -0.337739 -0.809765 0.479804
vn -0.466388 -0.752108 0.465635
vn -0.583848 -0.673934 0.452697
vn -0.686916 -0.577376 0.441342
vn -0.772781 -0.465068 0.431881
vn -0.839101 -0.340073 0.424571
vn -0.884066 -0.205802 0.419611
vn -0.906450 -0.065915 0.417137
vn -0.905643 0.075771 0.417217
vn -0.881666 0.215390 0.419849
vn -0.835173 0.349135 0.424959
vn -0.767433 0.473358 0.432410
vn -0.680294 0.584669 0.441998
vn -0.576132 0.680034 0.453461
vn -0.457789 0.756849 0.466486
vn -0.328492 0.813020 0.480719
vn -0.191769 0.847016 0.495770
vn -0.051349 0.857908 0.511231
vn -0.241158 -0.272073 0.931568
vn -0.115220 -0.008941 0.993300
vn -0.309061 -0.282625 0.908077
vn -0.116258 -0.008214 0.993185
vn -0.348816 -0.240750 0.905741
vn -0.117317 -0.007473 0.993066
vn -0.352711 -0.173212 0.919561
vn -0.123727 -0.010686 0.992259
vn -0.118665 -0.005290 0.992920
vn -0.416527 -0.148962 0.896836
vn -0.119323 -0.004195 0.992847
vn -0.396052 -0.082925 0.914476
vn -0.399395 0.066635 0.914354
vn -0.119592 0.003297 0.992818
vn -0.424473 0.131647 0.895819
vn -0.119223 0.004520 0.992857
vn -0.391725 0.178727 0.902557
vn -0.118845 0.005783 0.992896
vn -0.331347 0.199031 0.922278
vn -0.124019 0.011511 0.992213
vn -0.117021 0.007620 0.993100
vn -0.321622 0.267591 0.908270
vn -0.116181 0.008598 0.993191
vn -0.255529 0.263733 0.930134
vn -0.118718 0.015208 0.992812
vn -0.113920 0.009781 0.993442
vn -0.224439 0.327746 0.917720
vn -0.112772 0.010323 0.993567
vn -0.167967 0.335634 0.926897
vn -0.111589 0.010883 0.993695
vn -0.112565 0.303101 0.946287
vn -0.110871 0.018492 0.993663
vn -0.109015 0.010785 0.993982
vn -0.055217 0.343850 0.937400
vn -0.107733 0.010812 0.994121
vn -0.013838 0.290744 0.956701
vn 0.111882 0.211579 0.970936
vn -0.101293 0.006981 0.994832
vn 0.181323 0.198087 0.963267
vn -0.100417 0.006042 0.994927
vn 0.169681 0.130072 0.976878
vn -0.104611 0.017113 0.994366
vn -0.105337 0.009948 0.994387
vn 0.054672 0.312466 0.948354
vn -0.104169 0.009452 0.994515
vn 0.098931 0.276146 0.956011
vn -0.102967 0.008944 0.994645
vn -0.096969 0.013485 0.995196
vn -0.093729 0.007966 0.995566
vn -0.099421 0.003690 0.995039
vn 0.232635 0.095363 0.967878
vn -0.099006 0.002486 0.995084
vn 0.236471 0.037799 0.970903
vn -0.098578 0.001251 0.995129
vn 0.197016 -0.016696 0.980258
vn -0.091288 -0.000125 0.995825
vn -0.098871 -0.001315 0.995099
vn 0.234979 -0.076090 0.969018
vn -0.098979 -0.002595 0.995086
vn 0.176467 -0.114677 0.977604
vn -0.126090 -0.004867 0.992007
vn -0.119949 -0.001725 0.992779
vn -0.449207 -0.038511 0.892597
vn -0.120105 -0.000463 0.992761
vn -0.446068 0.019155 0.894794
vn -0.120266 0.000822 0.992741
vn -0.126881 0.003405 0.991912
vn -0.093089 -0.006236 0.995638
vn -0.100016 -0.004927 0.994974
vn 0.194344 -0.183558 0.963606
vn -0.100628 -0.006042 0.994906
vn 0.155131 -0.225949 0.961708
vn -0.101252 -0.007185 0.994835
vn 0.087658 -0.234451 0.968168
vn -0.145801 -0.301017 0.942407
vn -0.111742 -0.010400 0.993683
vn -0.206130 -0.332913 0.920152
vn -0.112992 -0.010159 0.993544
vn -0.117076 -0.015666 0.992999
vn -0.097392 -0.013451 0.995155
vn -0.103318 -0.008710 0.994610
vn 0.070579 -0.301761 0.950768
vn -0.104335 -0.009485 0.994497
vn 0.002008 -0.285514 0.958373
vn -0.103039 -0.016271 0.994544
vn -0.106739 -0.010303 0.994234
vn -0.035698 -0.344174 0.938227
vn -0.107971 -0.010591 0.994098
vn -0.093333 -0.344563 0.934112
vn -0.109229 -0.010888 0.993957
vn -0.111206 -0.017896 0.993636
vn -0.117240 0.993029 -0.012202
vn -0.080566 0.996740 -0.004248
vn -0.226169 0.973832 -0.022316
vn -0.257238 0.966082 -0.022668
vn -0.453331 0.889840 -0.051730
vn -0.408214 0.911982 -0.040614
vn -0.345377 0.937555 -0.041288
vn -0.539039 0.840537 -0.054175
vn -0.564686 0.823411 -0.055896
vn -0.732795 0.675278 -0.083736
vn -0.688649 0.721560 -0.071507
vn -0.648355 0.757773 -0.073596
vn -0.790513 0.607315 -0.079097
vn -0.805934 0.586319 -0.081858
vn -0.870298 0.483146 -0.095663
vn -0.889380 0.447536 -0.093351
vn -0.958882 0.263977 -0.104217
vn -0.949535 0.297364 -0.099793
vn -0.920569 0.376199 -0.105006
vn -0.982579 0.152573 -0.106116
vn -0.987238 0.121334 -0.103145
vn -0.989958 -0.088394 -0.110319
vn -0.993665 -0.040105 -0.104979
vn -0.993173 0.030037 -0.112716
vn -0.976710 -0.188335 -0.102797
vn -0.970503 -0.219120 -0.100548
vn -0.897244 -0.429699 -0.101545
vn -0.922753 -0.372927 -0.097230
vn -0.941523 -0.319886 -0.105867
vn -0.856078 -0.509512 -0.086760
vn -0.841805 -0.532915 -0.085831
vn -0.772079 -0.629774 -0.085318
vn -0.745012 -0.662540 -0.077453
vn -0.603698 -0.794608 -0.064396
vn -0.629019 -0.774724 -0.064332
vn -0.692267 -0.717221 -0.079747
vn -0.507330 -0.860039 -0.054313
vn -0.481014 -0.875426 -0.047494
vn -0.290601 -0.956282 -0.032788
vn -0.334272 -0.941924 -0.032269
vn -0.400695 -0.914977 -0.047542
vn -0.191566 -0.981336 -0.016799
vn -0.160652 -0.986944 -0.011467
vn 0.058750 -0.998265 0.004016
vn -0.000881 -0.999990 0.004310
vn -0.059018 -0.998217 -0.008951
vn 0.149001 -0.988560 0.023426
vn 0.176995 -0.983861 0.026268
vn 0.400704 -0.915303 0.040699
vn 0.332528 -0.942195 0.041151
vn 0.290004 -0.956519 0.031141
vn 0.473819 -0.878452 0.061796
vn 0.492863 -0.867935 0.061435
vn 0.602737 -0.795099 0.067266
vn 0.627227 -0.775275 0.074396
vn 0.771639 -0.630402 0.084658
vn 0.743483 -0.663145 0.086442
vn 0.692457 -0.717784 0.072723
vn 0.833046 -0.544902 0.095479
vn 0.849694 -0.517782 0.099606
vn 0.941744 -0.320652 0.101496
vn 0.921501 -0.373676 0.105838
vn 0.897498 -0.430428 0.096070
vn 0.966627 -0.229971 0.112896
vn 0.972929 -0.201177 0.113738
vn 0.993928 0.029229 0.106080
vn 0.992669 -0.040912 0.113733
vn 0.990173 -0.089199 0.107710
vn 0.986470 0.114180 0.117643
vn 0.983791 0.137271 0.115379
vn 0.958926 0.263198 0.105770
vn 0.948713 0.296523 0.109625
vn 0.870650 0.482438 0.096030
vn 0.888744 0.446813 0.102435
vn 0.921664 0.375450 0.097838
vn 0.813337 0.574358 0.092711
vn 0.794334 0.600275 0.093292
vn 0.649443 0.757245 0.069302
vn 0.688289 0.721000 0.080105
vn 0.734000 0.674682 0.077770
vn 0.572998 0.816667 0.068763
vn 0.548143 0.833715 0.066772
vn 0.346839 0.937274 0.034931
vn 0.408004 0.911650 0.049259
vn 0.454440 0.889471 0.048223
vn 0.263403 0.963959 0.037446
vn 0.239735 0.970266 0.033335
vn 0.117884 0.992933 0.013687
vn 0.080361 0.996675 0.013471
vn 0.000804 0.999993 -0.003613
vn -0.048694 -0.928830 0.367292
vn -0.158586 -0.905953 0.392557
vn -0.256510 -0.898251 0.356859
vn -0.367353 -0.868738 0.332183
vn -0.464050 -0.812113 0.353738
vn -0.553978 -0.766848 0.324119
vn -0.645716 -0.701517 0.301536
vn -0.729251 -0.618662 0.292318
vn -0.785114 -0.520765 0.335261
vn -0.849213 -0.446150 0.282467
vn -0.899374 -0.341002 0.273577
vn -0.921703 -0.233752 0.309553
vn -0.949966 -0.137488 0.280466
vn -0.963605 -0.021297 0.266482
vn -0.949607 0.086651 0.301229
vn -0.940732 0.189222 0.281458
vn -0.914014 0.301035 0.271949
vn -0.869034 0.410033 0.276862
vn -0.803409 0.493482 0.333181
vn -0.755658 0.586303 0.291940
vn -0.677073 0.672890 0.297978
vn -0.585212 0.727975 0.357182
vn -0.509829 0.794931 0.328875
vn -0.406626 0.852776 0.327763
vn -0.304317 0.876397 0.373256
vn -0.205419 0.909112 0.362378
vn 0.026263 0.926488 0.375406
vn -0.091043 0.927522 0.362512
vn 0.123964 0.891732 0.435254
vn 0.230966 0.887019 0.399814
vn 0.340483 0.846140 0.410021
vn 0.421961 0.776434 0.468081
vn 0.514460 0.735036 0.441648
vn 0.607729 0.661474 0.439451
vn 0.664990 0.571304 0.481041
vn 0.734031 0.494145 0.465853
vn 0.795033 0.395246 0.460112
vn 0.820458 0.289293 0.493111
vn 0.855933 0.190924 0.480548
vn 0.878806 0.079867 0.470448
vn 0.882028 -0.037693 0.469688
vn 0.845117 -0.144331 0.514728
vn 0.847363 -0.245633 0.470786
vn 0.812180 -0.356207 0.462039
vn 0.747758 -0.446662 0.491275
vn 0.704863 -0.537651 0.462709
vn 0.637203 -0.630797 0.442795
vn 0.546822 -0.696895 0.464030
vn 0.471787 -0.765528 0.437474
vn 0.378444 -0.827539 0.414680
vn 0.270978 -0.874414 0.402456
vn 0.156012 -0.884893 0.438891
vn 0.066418 -0.920912 0.384070
vn 0.008170 -0.701761 0.712365
vn 0.090076 -0.686654 0.721383
vn 0.169629 -0.661903 0.730144
vn 0.245713 -0.627860 0.738524
vn 0.317261 -0.585003 0.746403
vn 0.383273 -0.533938 0.753666
vn 0.442820 -0.475378 0.760215
vn 0.495062 -0.410142 0.765961
vn 0.539264 -0.339146 0.770827
vn 0.574818 -0.263391 0.774732
vn 0.601218 -0.183938 0.777627
vn 0.618078 -0.101899 0.779485
vn 0.625180 -0.018431 0.780263
vn 0.622415 0.065296 0.779959
vn 0.609836 0.148108 0.778566
vn 0.587603 0.228840 0.776115
vn 0.556042 0.306362 0.772631
vn 0.515586 0.379584 0.768171
vn 0.466804 0.447477 0.762797
vn 0.410381 0.509087 0.756583
vn 0.347111 0.563550 0.749617
vn 0.277884 0.610106 0.741991
vn 0.203673 0.648103 0.733812
vn 0.125516 0.677004 0.725197
vn 0.044506 0.696392 0.716280
vn -0.038214 0.706009 0.707171
vn -0.121484 0.705715 0.698003
vn -0.204135 0.695515 0.688904
vn -0.285007 0.675551 0.680001
vn -0.362963 0.646103 0.671422
vn -0.436913 0.607592 0.663279
vn -0.505813 0.560547 0.655698
vn -0.568700 0.505634 0.648780
vn -0.624691 0.443627 0.642617
vn -0.672999 0.375392 0.637302
vn -0.712947 0.301888 0.632906
vn -0.743974 0.224146 0.629493
vn -0.765641 0.143258 0.627113
vn -0.777645 0.060360 0.625799
vn -0.779826 -0.023385 0.625559
vn -0.772138 -0.106800 0.626416
vn -0.754704 -0.188718 0.628337
vn -0.727760 -0.267985 0.631308
vn -0.691683 -0.343487 0.635288
vn -0.646985 -0.414168 0.640215
vn -0.594294 -0.479037 0.646017
vn -0.534341 -0.537175 0.652628
vn -0.467977 -0.587773 0.659940
vn -0.396132 -0.630128 0.667846
vn -0.319810 -0.663626 0.676256
vn -0.240086 -0.687814 0.685034
vn -0.158078 -0.702345 0.694063
vn -0.074937 -0.707015 0.703217
vn -0.052709 -0.379502 0.923689
vn -0.008428 -0.371072 0.928566
vn 0.034553 -0.357439 0.933297
vn 0.075631 -0.338789 0.937818
vn 0.114227 -0.315380 0.942066
vn 0.149800 -0.287543 0.945981
vn 0.181850 -0.255668 0.949507
vn 0.209926 -0.220203 0.952597
vn 0.233640 -0.181647 0.955205
vn 0.252656 -0.140541 0.957295
vn 0.266696 -0.097458 0.958841
vn 0.275575 -0.053008 0.959817
vn 0.279173 -0.007814 0.960209
vn 0.277429 0.037492 0.960014
vn 0.270371 0.082271 0.959235
vn 0.258107 0.125899 0.957878
vn 0.240791 0.167759 0.955969
vn 0.218671 0.207261 0.953533
vn 0.192067 0.243857 0.950602
vn 0.161346 0.277029 0.947218
vn 0.126944 0.306316 0.943428
vn 0.089341 0.331307 0.939284
vn 0.049062 0.351644 0.934848
vn 0.006673 0.367039 0.930182
vn -0.037227 0.377289 0.925347
vn -0.082023 0.382246 0.920413
vn -0.127088 0.381834 0.915451
vn -0.171789 0.376065 0.910529
vn -0.215497 0.365015 0.905718
vn -0.257600 0.348845 0.901083
vn -0.297505 0.327776 0.896690
vn -0.334653 0.302105 0.892603
vn -0.368524 0.272198 0.888875
vn -0.398643 0.238471 0.885560
vn -0.424583 0.201395 0.882706
vn -0.445984 0.161494 0.880351
vn -0.462545 0.119326 0.878529
vn -0.474025 0.075482 0.877270
vn -0.480272 0.030581 0.876587
vn -0.481201 -0.014749 0.876486
vn -0.476794 -0.059870 0.876974
vn -0.467115 -0.104152 0.878041
vn -0.452295 -0.146970 0.879676
vn -0.432545 -0.187723 0.881853
vn -0.408143 -0.225841 0.884542
vn -0.379428 -0.260786 0.887708
vn -0.346810 -0.292070 0.891301
vn -0.310743 -0.319256 0.895273
vn -0.271732 -0.341956 0.899571
vn -0.230327 -0.359858 0.904130
vn -0.187107 -0.372705 0.908891
vn -0.142681 -0.380321 0.913782
vn -0.097670 -0.382600 0.918737
vn -0.780071 0.021288 0.625329
vn -0.780098 -0.019949 0.625339
vn 0.625324 -0.021198 0.780077
vn 0.625350 0.020038 0.780088
vn -0.019751 -0.967687 0.251379
vn -0.001467 -0.996361 0.085217
vn 0.974693 0.192948 0.112889
vn 0.017096 -0.996372 -0.083370
vn 0.960349 0.232417 0.153988
vn 0.035404 -0.967719 -0.249533
vn 0.955992 0.220578 0.193457
vn 0.052929 -0.911227 -0.408491
vn 0.951916 0.202038 0.230296
vn 0.069169 -0.828520 -0.555671
vn 0.948246 0.177352 0.263393
vn 0.083655 -0.721978 -0.686840
vn 0.945091 0.147263 0.291748
vn 0.095971 -0.594667 -0.798224
vn 0.942546 0.112673 0.314502
vn 0.105762 -0.450248 -0.886618
vn 0.940688 0.074622 0.330964
vn 0.112748 -0.292876 -0.949480
vn 0.939573 0.034254 0.340631
vn 0.116726 -0.127079 -0.985000
vn 0.993993 -0.000404 0.109447
vn 0.117584 0.042373 -0.992159
vn 0.939680 -0.048535 0.338593
vn 0.115295 0.210607 -0.970748
vn 0.940900 -0.088460 0.326929
vn 0.109925 0.372782 -0.921385
vn 0.942855 -0.125783 0.308551
vn 0.101630 0.524232 -0.845489
vn 0.945486 -0.159372 0.284002
vn 0.090648 0.660601 -0.745244
vn 0.948713 -0.188207 0.254009
vn 0.077294 0.777966 -0.623534
vn 0.952439 -0.211408 0.219468
vn 0.061953 0.872950 -0.483859
vn 0.956550 -0.228260 0.181408
vn 0.045067 0.942821 -0.330239
vn 0.960921 -0.238241 0.140971
vn 0.027121 0.985568 -0.167093
vn 0.993993 -0.000404 0.109447
vn 0.008631 0.999962 0.000887
vn 0.969902 -0.236523 0.057860
vn -0.009871 0.985589 0.168867
vn 0.974236 -0.224836 0.017691
vn -0.027853 0.942863 0.332015
vn 0.978286 -0.206299 -0.019920
vn -0.044796 0.873012 0.485638
vn 0.981926 -0.181449 -0.053828
vn -0.060214 0.778045 0.625316
vn 0.985041 -0.151015 -0.082997
vn -0.073664 0.660696 0.747030
vn 0.987532 -0.115896 -0.106530
vn -0.084758 0.524340 0.847281
vn 0.989318 -0.077135 -0.123696
vn -0.093177 0.372899 0.923182
vn 0.990338 -0.035889 -0.133952
vn -0.098678 0.210730 0.972551
vn 0.993993 -0.000404 0.109447
vn -0.101105 0.042499 0.993968
vn 0.989954 0.049076 -0.132597
vn -0.100387 -0.126954 0.986816
vn 0.988547 0.090233 -0.120966
vn -0.096543 -0.292756 0.951301
vn 0.986367 0.128830 -0.102383
vn -0.089686 -0.450135 0.888445
vn 0.983473 0.163688 -0.077378
vn -0.080013 -0.594565 0.800056
vn 0.979943 0.193737 -0.046675
vn -0.067801 -0.721891 0.688677
vn 0.975875 0.218043 -0.011173
vn -0.053402 -0.828449 0.557512
vn 0.971386 0.235842 0.028080
vn -0.037230 -0.911175 0.410335
vn 0.966602 0.246560 0.069919
vn 0.002782 -0.999577 -0.028957
vn -0.003599 -0.999573 0.028994
vn -0.016259 -0.989442 0.144015
vn -0.022539 -0.979315 0.201085
vn -0.034807 -0.949243 0.312611
vn -0.040795 -0.929300 0.367066
vn -0.052297 -0.880203 0.471708
vn -0.057811 -0.851049 0.521894
vn -0.068198 -0.784417 0.616473
vn -0.073070 -0.746939 0.660865
vn -0.082026 -0.664798 0.742506
vn -0.086110 -0.620134 0.779755
vn -0.093363 -0.524979 0.845979
vn -0.096532 -0.474487 0.874953
vn -0.101862 -0.369209 0.923747
vn -0.104022 -0.314422 0.943567
vn -0.107267 -0.202220 0.973448
vn -0.108351 -0.144804 0.983510
vn -0.109412 -0.029087 0.993571
vn -0.109388 0.029214 0.993570
vn -0.108233 0.144929 0.983505
vn -0.107101 0.202344 0.973440
vn -0.103765 0.314542 0.943555
vn -0.101560 0.369326 0.923734
vn -0.096145 0.474598 0.874936
vn -0.092934 0.525086 0.845960
vn -0.085603 0.620233 0.779733
vn -0.081483 0.664892 0.742482
vn -0.072460 0.747023 0.660837
vn -0.067557 0.784496 0.616444
vn -0.057115 0.851115 0.521863
vn -0.051577 0.880262 0.471676
vn -0.040035 0.929346 0.367032
vn -0.034031 0.949283 0.312576
vn -0.021739 0.979340 0.201049
vn -0.015451 0.989460 0.143978
vn -0.002782 0.999577 0.028957
vn 0.003599 0.999573 -0.028994
vn 0.016259 0.989442 -0.144015
vn 0.022539 0.979315 -0.201085
vn 0.034807 0.949243 -0.312611
vn 0.040795 0.929300 -0.367066
vn 0.052297 0.880203 -0.471708
vn 0.057811 0.851049 -0.521894
vn 0.068198 0.784417 -0.616473
vn 0.073070 0.746939 -0.660865
vn 0.082026 0.664798 -0.742506
vn 0.086110 0.620134 -0.779755
vn 0.093363 0.524979 -0.845979
vn 0.096532 0.474487 -0.874953
vn 0.101862 0.369209 -0.923747
vn 0.104022 0.314422 -0.943567
vn 0.107267 0.202220 -0.973448
vn 0.108351 0.144804 -0.983510
vn 0.109412 0.029087 -0.993571
vn 0.109388 -0.029214 -0.993570
vn 0.108233 -0.144929 -0.983505
vn 0.107101 -0.202344 -0.973440
vn 0.103765 -0.314542 -0.943555
vn 0.101560 -0.369326 -0.923734
vn 0.096145 -0.474598 -0.874936
vn 0.092934 -0.525086 -0.845960
vn 0.085603 -0.620233 -0.779733
vn 0.081483 -0.664892 -0.742482
vn 0.072460 -0.747023 -0.660837
vn 0.067557 -0.784496 -0.616444
vn 0.057115 -0.851115 -0.521863
vn 0.051577 -0.880262 -0.471676
vn 0.040035 -0.929346 -0.367032
vn 0.034031 -0.949283 -0.312576
vn 0.021739 -0.979340 -0.201049
vn 0.015451 -0.989460 -0.143978
vn -0.365509 0.909525 0.197910
vn -0.353337 0.931023 0.091378
vn -0.341043 0.939744 -0.023885
vn -0.327236 0.933278 -0.148018
vn -0.315380 0.913526 -0.256915
vn -0.298395 0.861139 -0.411582
vn -0.282056 0.778649 -0.560490
vn -0.269786 0.689829 -0.671827
vn -0.257787 0.568211 -0.781462
vn -0.247958 0.423139 -0.871476
vn -0.241515 0.275245 -0.930543
vn -0.237903 0.119437 -0.963917
vn -0.237228 -0.039802 -0.970638
vn -0.239508 -0.197894 -0.950512
vn -0.244678 -0.350287 -0.904119
vn -0.251604 -0.478496 -0.841271
vn -0.262150 -0.611933 -0.746201
vn -0.275654 -0.731014 -0.624207
vn -0.290143 -0.820256 -0.492948
vn -0.306065 -0.885897 -0.348585
vn -0.322963 -0.926048 -0.195271
vn -0.340349 -0.939554 -0.037416
vn -0.357725 -0.926028 0.120439
vn -0.374590 -0.885857 0.273752
vn -0.390458 -0.820198 0.418113
vn -0.404874 -0.730939 0.549368
vn -0.416179 -0.632939 0.652827
vn -0.427048 -0.502406 0.751810
vn -0.435538 -0.350177 0.829266
vn -0.440584 -0.197778 0.875654
vn -0.442735 -0.039684 0.895774
vn -0.441930 0.119555 0.889047
vn -0.438191 0.275358 0.855667
vn -0.431626 0.423244 0.796595
vn -0.422425 0.558958 0.713529
vn -0.412103 0.667098 0.620606
vn -0.398273 0.772127 0.495176
vn -0.381978 0.856438 0.347287
vn -0.014014 0.985617 0.168415
vn 0.008568 0.999963 0.000880
vn -0.081415 0.993085 0.084580
vn -0.169814 0.974107 0.149265
vn -0.080705 0.966365 0.244185
vn -0.031996 0.942889 0.331568
vn -0.187584 0.931880 0.310501
vn -0.098206 0.909952 0.402918
vn -0.048939 0.873036 0.485194
vn -0.204329 0.862848 0.462324
vn -0.114422 0.827363 0.549889
vn -0.064358 0.778067 0.624876
vn -0.169811 0.774031 0.609951
vn -0.166002 0.726239 0.667098
vn -0.077808 0.660715 0.746594
vn -0.232859 0.653020 0.720654
vn -0.141186 0.593841 0.792098
vn -0.088902 0.524355 0.846846
vn -0.243822 0.518261 0.819729
vn -0.150964 0.449628 0.880366
vn -0.097321 0.372910 0.922750
vn -0.252143 0.368595 0.894741
vn -0.157939 0.292479 0.943139
vn -0.102823 0.210737 0.972120
vn -0.257580 0.208326 0.943532
vn -0.161912 0.126917 0.978609
vn -0.105250 0.042502 0.993537
vn -0.259978 0.042067 0.964698
vn -0.162768 -0.042295 0.985758
vn -0.104531 -0.126956 0.986385
vn -0.259268 -0.125401 0.957630
vn -0.160482 -0.210290 0.964377
vn -0.100688 -0.292762 0.950869
vn -0.255470 -0.289261 0.922531
vn -0.155120 -0.372235 0.915084
vn -0.093831 -0.450145 0.888012
vn -0.248693 -0.444796 0.860412
vn -0.146837 -0.523470 0.839296
vn -0.084157 -0.594579 0.799621
vn -0.189506 -0.591419 0.783780
vn -0.174567 -0.649787 0.739800
vn -0.071945 -0.721908 0.688239
vn -0.227064 -0.713368 0.662984
vn -0.122536 -0.776844 0.617656
vn -0.057545 -0.828469 0.557071
vn -0.212834 -0.818677 0.533357
vn -0.107217 -0.871693 0.478179
vn -0.041373 -0.911197 0.409889
vn -0.196852 -0.900433 0.387903
vn -0.090354 -0.941465 0.324777
vn -0.023893 -0.967710 0.250929
vn -0.179577 -0.956284 0.230810
vn -0.072433 -0.984152 0.161862
vn -0.005609 -0.996385 0.084763
vn -0.161507 -0.984622 0.066595
vn -0.053969 -0.998525 -0.005879
vn 0.012955 -0.996396 -0.083828
vn -0.143162 -0.984633 -0.100017
vn -0.035494 -0.984173 -0.173621
vn 0.031263 -0.967742 -0.249995
vn -0.125069 -0.956315 -0.264233
vn -0.017538 -0.941507 -0.336537
vn 0.048789 -0.911248 -0.408957
vn -0.107749 -0.900485 -0.421328
vn -0.000619 -0.871755 -0.489942
vn 0.065028 -0.828539 -0.556142
vn -0.091699 -0.818747 -0.566784
vn 0.014778 -0.776923 -0.629422
vn 0.079515 -0.721995 -0.687314
vn -0.077383 -0.713454 -0.696416
vn 0.028208 -0.659740 -0.750964
vn 0.091831 -0.594680 -0.798700
vn -0.014440 -0.591520 -0.806161
vn 0.000237 -0.531070 -0.847328
vn 0.101623 -0.450258 -0.887097
vn -0.055535 -0.444907 -0.893853
vn 0.047693 -0.372351 -0.926866
vn 0.108609 -0.292882 -0.949960
vn -0.048631 -0.289380 -0.955978
vn 0.053187 -0.210413 -0.976165
vn 0.112588 -0.127081 -0.985482
vn -0.044699 -0.125525 -0.991083
vn 0.055610 -0.042420 -0.997551
vn 0.113444 0.042376 -0.992640
vn -0.043852 0.041942 -0.998157
vn 0.054893 0.126792 -0.990409
vn 0.111155 0.210614 -0.971229
vn -0.046114 0.208204 -0.976998
vn 0.051055 0.292359 -0.954945
vn 0.105786 0.372793 -0.921865
vn -0.051421 0.368479 -0.928213
vn 0.044208 0.449515 -0.892178
vn 0.097490 0.524247 -0.845967
vn -0.059619 0.518155 -0.853206
vn 0.034548 0.593740 -0.803915
vn 0.086508 0.660620 -0.745720
vn -0.019736 0.657200 -0.753458
vn -0.015202 0.711503 -0.702518
vn 0.073154 0.777988 -0.624006
vn -0.083669 0.768916 -0.633852
vn 0.007975 0.827292 -0.561715
vn 0.057813 0.872974 -0.484328
vn -0.098830 0.862787 -0.495814
vn -0.008174 0.909900 -0.414746
vn 0.040926 0.942847 -0.330704
vn -0.065079 0.937947 -0.340618
vn -0.062760 0.960902 -0.269682
vn 0.022979 0.985595 -0.167553
vn -0.133255 0.974085 -0.182759
vn -0.040008 0.993995 -0.101846
vn -0.121391 0.992439 -0.018124
vn -0.993993 0.000404 -0.109447
vn -0.993993 0.000404 -0.109447
vn -0.993993 0.000404 -0.109447
vn -0.993993 0.000404 -0.109447
vn -0.993993 0.000404 -0.109447
vn -0.993993 0.000404 -0.109447
vn -0.993993 0.000404 -0.109447
vn -0.993993 0.000404 -0.109447
vn -0.993993 0.000404 -0.109447
vn -0.993993 0.000404 -0.109447
vn -0.993993 0.000404 -0.109447
vn -0.993993 0.000404 -0.109447
vn -0.993993 0.000404 -0.109447
vn -0.993993 0.000404 -0.109447
vn -0.993993 0.000404 -0.109447
vn -0.993993 0.000404 -0.109447
vn -0.993993 0.000404 -0.109447
vn -0.993993 0.000404 -0.109447
vn -0.993993 0.000404 -0.109447
vn -0.993993 0.000404 -0.109447
vn -0.993993 0.000404 -0.109447
vn -0.993993 0.000404 -0.109447
vn -0.993993 0.000404 -0.109447
vn -0.993993 0.000404 -0.109447
vn -0.993993 0.000404 -0.109447
vn -0.993993 0.000404 -0.109447
vn -0.993993 0.000404 -0.109447
vn -0.993993 0.000404 -0.109447
vn -0.993993 0.000404 -0.109447
vn -0.993993 0.000404 -0.109447
vn -0.993993 0.000404 -0.109447
vn -0.993993 0.000404 -0.109447
vn -0.993993 0.000404 -0.109447
vn -0.993993 0.000404 -0.109447
vn -0.993993 0.000404 -0.109447
vn -0.993993 0.000404 -0.109447
vn -0.993993 0.000404 -0.109447
vn -0.993993 0.000404 -0.109447
vn 0.527035 0.845212 -0.088609
vn 0.542034 0.809689 -0.224950
vn 0.556178 0.752076 -0.353621
vn 0.569083 0.673942 -0.471112
vn 0.580396 0.577420 -0.574218
vn 0.589810 0.465140 -0.660127
vn 0.597067 0.340168 -0.726496
vn 0.601969 0.205911 -0.771514
vn 0.604383 0.066032 -0.793953
vn 0.604242 -0.075655 -0.793201
vn 0.601552 -0.215283 -0.769278
vn 0.596384 -0.349044 -0.722837
vn 0.588880 -0.473291 -0.655146
vn 0.579245 -0.584632 -0.568050
vn 0.567741 -0.680032 -0.463925
vn 0.554683 -0.756889 -0.345611
vn 0.540425 -0.813105 -0.216336
vn 0.525357 -0.847148 -0.079625
vn 0.509892 -0.858088 0.060791
vn 0.494450 -0.845627 0.201083
vn 0.479454 -0.810105 0.337424
vn 0.465309 -0.752492 0.466095
vn 0.452404 -0.674358 0.583586
vn 0.441090 -0.577835 0.686692
vn 0.431677 -0.465556 0.772601
vn 0.424420 -0.340583 0.838970
vn 0.419517 -0.206326 0.883988
vn 0.417103 -0.066447 0.906427
vn 0.417244 0.075239 0.905675
vn 0.419935 0.214868 0.881752
vn 0.425103 0.348629 0.835312
vn 0.432607 0.472875 0.767620
vn 0.442242 0.584217 0.680524
vn 0.453746 0.679617 0.576399
vn 0.466804 0.756473 0.458085
vn 0.481061 0.812689 0.328810
vn 0.496127 0.846733 0.192099
vn 0.511593 0.857672 0.051683
vn 0.993990 0.016292 0.108255
vn 0.942164 0.330147 0.057709
vn 0.936134 0.333194 0.112405
vn 0.930145 0.327094 0.166850
vn 0.993679 0.016252 0.111076
vn 0.993519 0.029334 0.109816
vn 0.903202 -0.090442 0.419579
vn 0.905531 -0.141348 0.400043
vn 0.992159 -0.006867 0.124790
vn 0.903776 0.124663 0.409448
vn 0.902132 0.072169 0.425381
vn 0.992096 0.004273 0.125411
vn 0.909826 0.218311 0.352927
vn 0.906365 0.173834 0.385077
vn 0.992369 0.009360 0.122948
vn 0.991059 0.019093 0.132053
vn 0.992572 0.011517 0.121113
vn 0.914062 0.256852 0.313877
vn 0.924365 0.312015 0.219535
vn 0.918953 0.288381 0.269000
vn 0.993082 0.014750 0.116498
vn 0.992434 0.027534 0.119653
vn 0.993373 0.015733 0.113851
vn 0.992969 0.028846 0.114807
vn 0.960249 -0.257614 -0.107500
vn 0.964643 -0.219073 -0.146533
vn 0.995135 -0.012325 0.097750
vn 0.943902 -0.327856 0.039497
vn 0.949735 -0.312777 -0.013181
vn 0.994333 -0.016541 0.105012
vn 0.908765 -0.188214 0.372455
vn 0.912815 -0.229759 0.337609
vn 0.992489 -0.011648 0.121775
vn 0.990281 -0.009897 0.138726
vn 0.992066 -0.004162 0.125653
vn 0.901840 -0.036896 0.430493
vn 0.901480 0.017813 0.432453
vn 0.992033 0.001489 0.125968
vn 0.990274 0.005581 0.139016
vn 0.973929 0.036133 -0.223955
vn 0.972928 0.089679 -0.213002
vn 0.995641 0.003354 0.093209
vn 0.973015 -0.072932 -0.218912
vn 0.973961 -0.018576 -0.225952
vn 0.995673 -0.002297 0.092895
vn 0.968296 -0.174596 -0.178662
vn 0.971111 -0.125425 -0.203008
vn 0.995498 -0.007730 0.094468
vn 0.996366 -0.015826 0.083697
vn 0.995338 -0.010168 0.095914
vn 0.996032 -0.019900 0.086742
vn 0.993717 -0.017100 0.110608
vn 0.931883 -0.330909 0.148639
vn 0.937896 -0.333956 0.093940
vn 0.990746 -0.019506 0.134322
vn 0.992302 -0.009387 0.123485
vn 0.990469 -0.014864 0.136929
vn 0.990186 -0.004742 0.139677
vn 0.992023 -0.001350 0.126050
vn 0.990184 0.000464 0.139771
vn 0.990455 0.010474 0.137441
vn 0.992209 0.006922 0.124395
vn 0.990719 0.015018 0.135097
vn 0.991466 0.022594 0.128394
vn 0.992812 0.013331 0.118942
vn 0.991928 0.025432 0.124223
vn 0.994591 0.014944 0.102793
vn 0.953686 0.297203 -0.046408
vn 0.948069 0.318036 0.004278
vn 0.970991 0.140585 -0.193422
vn 0.995547 0.006059 0.094073
vn 0.996748 0.009089 0.080062
vn 0.995630 -0.023402 0.090401
vn 0.994895 -0.014139 0.099921
vn 0.955234 -0.289143 -0.062637
vn 0.995172 -0.026240 0.094573
vn 0.994625 -0.015558 0.102365
vn 0.994670 -0.028341 0.099143
vn 0.994136 -0.029653 0.103989
vn 0.994028 -0.017060 0.107786
vn 0.993587 -0.030142 0.108981
vn 0.994070 0.028987 0.104812
vn 0.994297 0.015852 0.105467
vn 0.994606 0.027813 0.099931
vn 0.995113 0.025841 0.095304
vn 0.994863 0.013595 0.100310
vn 0.949314 0.293456 -0.112637
vn 0.994990 0.012779 0.099152
vn 0.964587 0.228995 -0.130891
vn 0.995873 0.022886 0.087822
vn 0.995217 0.010840 0.097087
vn 0.968182 0.187451 -0.165788
vn 0.996251 0.018698 0.084462
vn 0.995404 0.008578 0.095378
vn 0.996545 0.014056 0.081857
vn 0.996858 0.003934 0.079112
vn 0.995683 0.000542 0.092813
vn 0.996872 -0.001271 0.079020
vn 0.996792 -0.006388 0.079776
vn 0.995611 -0.005081 0.093451
vn 0.996622 -0.011282 0.081352
vn 0.993116 -0.015752 0.116070
vn 0.920502 -0.297965 0.252771
vn 0.926031 -0.318798 0.202076
vn 0.993036 -0.029795 0.113984
vn 0.993410 -0.016660 0.113396
vn 0.992498 -0.028621 0.118865
vn 0.991988 -0.026649 0.123492
vn 0.992843 -0.014403 0.118553
vn 0.901828 -0.294208 0.316462
vn 0.992716 -0.013587 0.119710
vn 0.991104 -0.023694 0.130961
vn -0.001198 0.996377 0.085038
vn -0.014990 0.985648 0.168146
vn -0.019506 0.967738 0.251204
vn -0.032973 0.942947 0.331306
vn -0.037032 0.911258 0.410167
vn -0.049918 0.873119 0.484944
vn -0.053272 0.828563 0.557355
vn -0.065339 0.778173 0.624642
vn -0.067759 0.722032 0.688533
vn -0.078791 0.660841 0.746379
vn -0.080076 0.594729 0.799928
vn -0.089887 0.524497 0.846654
vn -0.089869 0.450317 0.888334
vn -0.098309 0.373064 0.922582
vn -0.096856 0.292950 0.951209
vn -0.103814 0.210899 0.971979
vn -0.100836 0.127155 0.986744
vn -0.106244 0.042667 0.993424
vn -0.101695 -0.042297 0.993916
vn -0.105528 -0.126793 0.986300
vn -0.099407 -0.210534 0.972519
vn -0.101688 -0.292605 0.950811
vn -0.094039 -0.372714 0.923169
vn -0.094834 -0.450000 0.887979
vn -0.085746 -0.524171 0.847286
vn -0.085162 -0.594449 0.799611
vn -0.074764 -0.660549 0.747051
vn -0.072952 -0.721797 0.688250
vn -0.061412 -0.777924 0.625350
vn -0.058555 -0.828380 0.557098
vn -0.046072 -0.872920 0.485683
vn -0.042384 -0.911132 0.409930
vn -0.029186 -0.942804 0.332068
vn -0.024905 -0.967672 0.250979
vn -0.011240 -0.985565 0.168924
vn -0.006621 -0.996375 0.084816
vn 0.007250 -0.999973 0.000945
vn 0.011942 -0.996413 -0.083775
vn 0.025752 -0.985614 -0.167038
vn 0.030251 -0.967787 -0.249948
vn 0.043734 -0.942901 -0.330190
vn 0.047778 -0.911319 -0.408920
vn 0.060678 -0.873062 -0.483819
vn 0.064019 -0.828634 -0.556118
vn 0.076097 -0.778107 -0.623505
vn 0.078508 -0.722111 -0.687308
vn 0.089548 -0.660767 -0.745230
vn 0.090826 -0.594814 -0.798716
vn 0.100643 -0.524419 -0.845492
vn 0.100621 -0.450406 -0.887136
vn 0.109063 -0.372984 -0.921406
vn 0.107609 -0.293040 -0.950025
vn 0.114566 -0.210819 -0.970788
vn 0.111591 -0.127244 -0.985574
vn 0.116994 -0.042588 -0.992219
vn 0.112451 0.042213 -0.992760
vn 0.116278 0.126867 -0.985081
vn 0.110165 0.210455 -0.971377
vn 0.112436 0.292672 -0.949580
vn 0.104798 0.372643 -0.922038
vn 0.105580 0.450057 -0.886736
vn 0.096506 0.524110 -0.846165
vn 0.095908 0.594495 -0.798359
vn 0.085525 0.660499 -0.745940
vn 0.083697 0.721831 -0.686990
vn 0.072174 0.777888 -0.624245
vn 0.069299 0.828400 -0.555833
vn 0.056834 0.872898 -0.484581
vn 0.053128 0.911138 -0.408662
vn 0.039949 0.942796 -0.330968
vn 0.035649 0.967664 -0.249710
vn 0.022003 0.985571 -0.167824
vn 0.017365 0.996352 -0.083550
vn 0.003512 0.999994 0.000158
vn 0.861059 -0.500197 0.091549
vn 0.865698 -0.498121 0.049425
vn 0.870305 -0.492454 0.007630
vn 0.874841 -0.483247 -0.033539
vn 0.879277 -0.470562 -0.073783
vn 0.883579 -0.454489 -0.112814
vn 0.887721 -0.435141 -0.150347
vn 0.891669 -0.412661 -0.186113
vn 0.895393 -0.387213 -0.219859
vn 0.898870 -0.358975 -0.251335
vn 0.902076 -0.328151 -0.280315
vn 0.904984 -0.294967 -0.306593
vn 0.907571 -0.259663 -0.329984
vn 0.909825 -0.222488 -0.350310
vn 0.911727 -0.183712 -0.367428
vn 0.913263 -0.143616 -0.381217
vn 0.914419 -0.102488 -0.391579
vn 0.915190 -0.060624 -0.398437
vn 0.915572 -0.018326 -0.401737
vn 0.915560 0.024102 -0.401458
vn 0.915152 0.066354 -0.397609
vn 0.914354 0.108125 -0.390212
vn 0.913172 0.149114 -0.379318
vn 0.911613 0.189026 -0.365009
vn 0.909686 0.227576 -0.347390
vn 0.907411 0.264482 -0.326581
vn 0.904801 0.299478 -0.302735
vn 0.901871 0.332319 -0.276031
vn 0.898649 0.362759 -0.246650
vn 0.895154 0.390585 -0.214811
vn 0.891412 0.415592 -0.180740
vn 0.887451 0.437604 -0.144684
vn 0.883301 0.456456 -0.106900
vn 0.878988 0.472018 -0.067665
vn 0.874541 0.484184 -0.027262
vn 0.870000 0.492852 0.014023
vn 0.865393 0.497966 0.055890
vn 0.860751 0.499497 0.098036
vn 0.856112 0.497421 0.140160
vn 0.851510 0.491754 0.181956
vn 0.846973 0.482547 0.223125
vn 0.842536 0.469862 0.263369
vn 0.838230 0.453789 0.302399
vn 0.834091 0.434441 0.339932
vn 0.830144 0.411961 0.375699
vn 0.826416 0.386513 0.409444
vn 0.822939 0.358275 0.440920
vn 0.819738 0.327451 0.469900
vn 0.816832 0.294266 0.496179
vn 0.814239 0.258963 0.519570
vn 0.811987 0.221788 0.539896
vn 0.810088 0.183012 0.557014
vn 0.808554 0.142916 0.570803
vn 0.807395 0.101788 0.581165
vn 0.806622 0.059924 0.588022
vn 0.806242 0.017626 0.591323
vn 0.806258 -0.024802 0.591044
vn 0.806663 -0.067054 0.587195
vn 0.807460 -0.108825 0.579798
vn 0.808644 -0.149814 0.568904
vn 0.810203 -0.189727 0.554595
vn 0.812125 -0.228276 0.536976
vn 0.814402 -0.265182 0.516167
vn 0.817015 -0.300178 0.492321
vn 0.819939 -0.333019 0.465616
vn 0.823162 -0.363459 0.436236
vn 0.826656 -0.391285 0.404396
vn 0.830398 -0.416292 0.370325
vn 0.834358 -0.438305 0.334269
vn 0.838513 -0.457156 0.296486
vn 0.842828 -0.472718 0.257251
vn 0.847269 -0.484884 0.216847
vn 0.851812 -0.493552 0.175562
vn 0.856421 -0.498666 0.133696
vn 0.496939 -0.866173 0.052877
vn 0.504974 -0.862900 -0.020115
vn 0.512952 -0.853412 -0.092569
vn 0.520826 -0.837770 -0.163958
vn 0.528529 -0.816093 -0.233771
vn 0.535995 -0.788544 -0.301509
vn 0.543172 -0.755319 -0.366684
vn 0.550030 -0.716647 -0.428817
vn 0.556510 -0.672811 -0.487465
vn 0.562555 -0.624132 -0.542210
vn 0.568128 -0.570957 -0.592654
vn 0.573204 -0.513665 -0.638424
vn 0.577715 -0.452680 -0.679210
vn 0.581649 -0.388433 -0.714706
vn 0.584971 -0.321389 -0.744660
vn 0.587664 -0.252030 -0.768852
vn 0.589702 -0.180857 -0.787110
vn 0.591073 -0.108382 -0.799303
vn 0.591766 -0.035128 -0.805344
vn 0.591776 0.038378 -0.805189
vn 0.591109 0.111607 -0.798833
vn 0.589764 0.184029 -0.786328
vn 0.587751 0.255123 -0.767764
vn 0.585085 0.324378 -0.743273
vn 0.581785 0.391294 -0.713032
vn 0.577866 0.455392 -0.677266
vn 0.573377 0.516203 -0.636218
vn 0.568328 0.573298 -0.590198
vn 0.562770 0.626258 -0.539528
vn 0.556737 0.674706 -0.484577
vn 0.550277 0.718290 -0.425740
vn 0.543438 0.756695 -0.363439
vn 0.536258 0.789650 -0.298128
vn 0.528802 0.816911 -0.230272
vn 0.521114 0.838286 -0.160364
vn 0.513243 0.853625 -0.088909
vn 0.505269 0.862806 -0.016416
vn 0.497234 0.865769 0.056590
vn 0.489192 0.862496 0.129581
vn 0.481207 0.853008 0.202034
vn 0.473348 0.837365 0.273425
vn 0.465659 0.815689 0.343239
vn 0.458186 0.788140 0.410976
vn 0.450984 0.754915 0.476148
vn 0.444127 0.716243 0.538282
vn 0.437657 0.672407 0.596931
vn 0.431606 0.623728 0.651675
vn 0.426027 0.570553 0.702118
vn 0.420977 0.513261 0.747891
vn 0.416456 0.452276 0.788677
vn 0.412522 0.388028 0.824172
vn 0.409193 0.320984 0.854125
vn 0.406502 0.251626 0.878317
vn 0.404462 0.180453 0.896575
vn 0.403089 0.107978 0.908769
vn 0.402392 0.034723 0.914809
vn 0.402376 -0.038783 0.914653
vn 0.403049 -0.112011 0.908298
vn 0.404399 -0.184433 0.895794
vn 0.406416 -0.255528 0.877230
vn 0.409087 -0.324782 0.852739
vn 0.412392 -0.391698 0.822499
vn 0.416297 -0.455796 0.786731
vn 0.420799 -0.516607 0.745685
vn 0.425838 -0.573702 0.699663
vn 0.431395 -0.626663 0.648994
vn 0.437423 -0.675111 0.594043
vn 0.443885 -0.718694 0.535205
vn 0.450734 -0.757099 0.472905
vn 0.457910 -0.790054 0.407594
vn 0.465374 -0.817315 0.339739
vn 0.473064 -0.838690 0.269832
vn 0.480917 -0.854030 0.198374
vn 0.488899 -0.863210 0.125882
vn 0.625339 0.020716 0.780078
vn 0.625331 -0.020520 0.780090
vn 0.704644 -0.707249 0.057230
vn 0.780069 -0.021288 -0.625331
vn 0.780097 0.019949 -0.625341
vn -0.025365 0.999624 0.010433
vn 0.027853 0.999608 0.003003
vn 0.138506 0.989952 0.028477
vn 0.191015 0.981363 0.020970
vn 0.298559 0.953277 0.046103
vn 0.348966 0.936350 0.038365
vn 0.450428 0.890599 0.062829
vn 0.497398 0.865795 0.054713
vn 0.589972 0.803628 0.078199
vn 0.632263 0.771624 0.069568
vn 0.713383 0.694736 0.091795
vn 0.749881 0.656405 0.082526
vn 0.817296 0.566894 0.103245
vn 0.847045 0.523281 0.093233
vn 0.898875 0.423588 0.112236
vn 0.921103 0.375883 0.101397
vn 0.955896 0.268728 0.118525
vn 0.970036 0.218232 0.106795
vn 0.986803 0.106538 0.121938
vn 0.992509 0.054628 0.109280
vn 0.990754 -0.058559 0.122383
vn 0.987909 -0.110466 0.108784
vn 0.967640 -0.222058 0.119849
vn 0.956361 -0.272546 0.105320
vn 0.918091 -0.379500 0.114403
vn 0.898726 -0.427193 0.098984
vn 0.843461 -0.526590 0.106195
vn 0.816577 -0.570186 0.089948
vn 0.745783 -0.659316 0.095448
vn 0.712153 -0.697626 0.078458
vn 0.627723 -0.774058 0.082456
vn 0.588304 -0.806038 0.064828
vn 0.492500 -0.867685 0.067573
vn 0.448407 -0.892462 0.049430
vn 0.343805 -0.937644 0.051205
vn 0.296279 -0.954542 0.032683
vn 0.185691 -0.982027 0.033798
vn 0.136069 -0.990585 0.015045
vn 0.022473 -0.999622 0.015827
vn -0.027853 -0.999608 -0.003003
vn -0.141397 -0.989950 -0.002217
vn -0.191015 -0.981363 -0.020970
vn -0.301450 -0.953276 -0.019842
vn -0.348966 -0.936350 -0.038365
vn -0.453320 -0.890598 -0.036568
vn -0.497398 -0.865795 -0.054713
vn -0.592863 -0.803627 -0.051938
vn -0.632263 -0.771624 -0.069568
vn -0.716274 -0.694735 -0.065534
vn -0.749881 -0.656405 -0.082526
vn -0.820187 -0.566892 -0.076984
vn -0.847045 -0.523281 -0.093233
vn -0.901766 -0.423586 -0.085975
vn -0.921103 -0.375883 -0.101397
vn -0.958788 -0.268726 -0.092264
vn -0.970036 -0.218232 -0.106795
vn -0.989695 -0.106536 -0.095677
vn -0.992509 -0.054628 -0.109280
vn -0.993645 0.058561 -0.096123
vn -0.987909 0.110466 -0.108784
vn -0.970531 0.222060 -0.093588
vn -0.956361 0.272546 -0.105320
vn -0.920983 0.379502 -0.088142
vn -0.898726 0.427193 -0.098984
vn -0.846352 0.526592 -0.079934
vn -0.816577 0.570186 -0.089948
vn -0.748674 0.659318 -0.069187
vn -0.712153 0.697626 -0.078458
vn -0.630614 0.774059 -0.056195
vn -0.588304 0.806038 -0.064828
vn -0.495392 0.867687 -0.041312
vn -0.448407 0.892462 -0.049430
vn -0.346696 0.937646 -0.024944
vn -0.296279 0.954542 -0.032683
vn -0.188583 0.982028 -0.007537
vn -0.136069 0.990585 -0.015045
vn -0.969336 0.213446 0.121775
vn 0.608594 -0.154691 0.778257
vn -0.991374 0.054139 0.119357
vn 0.624555 -0.038991 0.780007
vn -0.987049 -0.106644 0.119844
vn 0.621369 0.077773 0.779649
vn -0.956477 -0.264517 0.123221
vn 0.599123 0.192418 0.777192
vn -0.900493 -0.415174 0.129394
vn 0.558424 0.301815 0.772703
vn -0.820624 -0.554506 0.138197
vn 0.500381 0.402979 0.766307
vn -0.719049 -0.678713 0.149390
vn 0.426579 0.493154 0.758175
vn -0.598538 -0.784405 0.162666
vn 0.339031 0.569878 0.748530
vn -0.462379 -0.868701 0.177664
vn 0.240125 0.631057 0.737636
vn -0.314286 -0.929300 0.193973
vn 0.132557 0.675024 0.725790
vn -0.158297 -0.964550 0.211151
vn 0.019264 0.700581 0.713313
vn 0.001331 -0.973490 0.228727
vn -0.096666 0.707028 0.700548
vn 0.160245 -0.955874 0.246225
vn -0.212070 0.694190 0.687843
vn 0.314109 -0.912184 0.263164
vn -0.323799 0.662418 0.675542
vn 0.458727 -0.843612 0.279084
vn -0.428807 0.612579 0.663982
vn 0.590155 -0.752028 0.293549
vn -0.524228 0.546030 0.653480
vn 0.704806 -0.639931 0.306165
vn -0.607460 0.464589 0.644321
vn 0.799554 -0.510377 0.316589
vn -0.676234 0.370476 0.636754
vn 0.871814 -0.366901 0.324537
vn -0.728672 0.266259 0.630986
vn 0.919615 -0.213417 0.329791
vn -0.763343 0.154780 0.627176
vn 0.941654 -0.054110 0.332206
vn -0.779305 0.039080 0.625426
vn 0.937328 0.106672 0.331720
vn -0.776118 -0.077684 0.625784
vn 0.906756 0.264545 0.328344
vn -0.753872 -0.192329 0.628241
vn 0.850772 0.415203 0.322170
vn -0.713174 -0.301725 0.632728
vn 0.770903 0.554535 0.313367
vn -0.655131 -0.402890 0.639127
vn 0.669328 0.678742 0.302175
vn -0.581329 -0.493064 0.647259
vn 0.548817 0.784434 0.288900
vn -0.493781 -0.569788 0.656903
vn 0.412658 0.868730 0.273902
vn -0.394874 -0.630968 0.667797
vn 0.264565 0.929329 0.257591
vn -0.287307 -0.674935 0.679645
vn 0.108576 0.964579 0.240413
vn -0.174013 -0.700491 0.692121
vn -0.051052 0.973518 0.222836
vn -0.058083 -0.706939 0.704885
vn -0.209966 0.955903 0.205340
vn 0.057320 -0.694100 0.717593
vn -0.363830 0.912213 0.188402
vn 0.169049 -0.662329 0.729892
vn -0.508448 0.843641 0.172483
vn 0.274057 -0.612490 0.741451
vn -0.639876 0.752057 0.158017
vn 0.369478 -0.545941 0.751954
vn -0.754527 0.639959 0.145399
vn 0.452710 -0.464499 0.761113
vn -0.849275 0.510406 0.134975
vn 0.521484 -0.370387 0.768679
vn -0.921535 0.366930 0.127028
vn 0.573923 -0.266170 0.774446
vn 0.148829 0.216212 -0.964937
vn 0.027492 -0.377397 -0.925644
vn 0.183638 0.206295 -0.961103
vn -0.033240 -0.360073 -0.932332
vn 0.216351 0.190750 -0.957500
vn -0.090309 -0.332930 -0.938617
vn 0.246074 0.170000 -0.954226
vn -0.142159 -0.296706 -0.944328
vn 0.271996 0.144611 -0.951370
vn -0.187375 -0.252390 -0.949310
vn 0.293412 0.115276 -0.949011
vn -0.224724 -0.201192 -0.953426
vn 0.309736 0.082795 -0.947211
vn -0.253188 -0.144508 -0.956563
vn 0.320523 0.048054 -0.946021
vn -0.271989 -0.083882 -0.958638
vn 0.325479 0.012000 -0.945473
vn -0.280615 -0.020971 -0.959591
vn 0.324469 -0.024383 -0.945582
vn -0.278831 0.042511 -0.959399
vn 0.317520 -0.060102 -0.946345
vn -0.266685 0.104832 -0.958066
vn 0.304822 -0.094183 -0.947741
vn -0.244510 0.164291 -0.955627
vn 0.286722 -0.125698 -0.949732
vn -0.212907 0.219268 -0.952151
vn 0.263713 -0.153785 -0.952264
vn -0.172742 0.268262 -0.947732
vn 0.236422 -0.177679 -0.955267
vn -0.125110 0.309937 -0.942490
vn 0.205594 -0.196728 -0.958660
vn -0.071308 0.343156 -0.936568
vn 0.172070 -0.210412 -0.962351
vn -0.012805 0.367013 -0.930128
vn 0.136765 -0.218359 -0.966237
vn 0.048802 0.380857 -0.923345
vn 0.100640 -0.220351 -0.970215
vn 0.111834 0.384311 -0.916405
vn 0.064683 -0.216334 -0.974174
vn 0.174572 0.377280 -0.909497
vn 0.029874 -0.206418 -0.978008
vn 0.235304 0.359957 -0.902809
vn -0.002839 -0.190873 -0.981611
vn 0.292373 0.332813 -0.896523
vn -0.032562 -0.170123 -0.984885
vn 0.344223 0.296590 -0.890812
vn -0.058485 -0.144734 -0.987741
vn 0.389439 0.252274 -0.885830
vn -0.079900 -0.115399 -0.990101
vn 0.426788 0.201076 -0.881714
vn -0.096224 -0.082918 -0.991900
vn 0.455252 0.144391 -0.878577
vn -0.107011 -0.048177 -0.993090
vn 0.474052 0.083766 -0.876503
vn -0.111968 -0.012123 -0.993638
vn 0.482679 0.020855 -0.875549
vn -0.110958 0.024260 -0.993529
vn 0.480895 -0.042627 -0.875742
vn -0.104008 0.059979 -0.992766
vn 0.468749 -0.104948 -0.877075
vn -0.091311 0.094060 -0.991370
vn 0.446573 -0.164408 -0.879513
vn -0.073210 0.125575 -0.989379
vn 0.414971 -0.219384 -0.882989
vn -0.050201 0.153662 -0.986848
vn 0.374806 -0.268378 -0.887408
vn -0.022910 0.177556 -0.983844
vn 0.327173 -0.310053 -0.892650
vn 0.007918 0.196605 -0.980451
vn 0.273372 -0.343272 -0.898572
vn 0.041442 0.210289 -0.976761
vn 0.214869 -0.367129 -0.905012
vn 0.076747 0.218236 -0.972874
vn 0.153262 -0.380974 -0.911795
vn 0.112871 0.220228 -0.968896
vn 0.090229 -0.384428 -0.918735
vn -0.027853 -0.999608 -0.003003
vn -0.136878 -0.990474 -0.015009
vn -0.191014 -0.981363 -0.020970
vn -0.297058 -0.954301 -0.032648
vn -0.348966 -0.936350 -0.038365
vn -0.449136 -0.892097 -0.049397
vn -0.497398 -0.865795 -0.054713
vn -0.588962 -0.805559 -0.064798
vn -0.632263 -0.771624 -0.069568
vn -0.712723 -0.697047 -0.078432
vn -0.749881 -0.656405 -0.082526
vn -0.817042 -0.569522 -0.089927
vn -0.847045 -0.523281 -0.093233
vn -0.899075 -0.426461 -0.098968
vn -0.921103 -0.375883 -0.101397
vn -0.956583 -0.271769 -0.105310
vn -0.970036 -0.218232 -0.106795
vn -0.987999 -0.109662 -0.108780
vn -0.992509 -0.054628 -0.109280
vn -0.992464 0.055435 -0.109282
vn -0.987909 0.110465 -0.108784
vn -0.969857 0.219021 -0.106803
vn -0.956361 0.272546 -0.105320
vn -0.920795 0.376632 -0.101411
vn -0.898726 0.427192 -0.098984
vn -0.846617 0.523969 -0.093253
vn -0.816577 0.570186 -0.089948
vn -0.749345 0.657015 -0.082551
vn -0.712153 0.697627 -0.078458
vn -0.631632 0.772138 -0.069597
vn -0.588303 0.806038 -0.064828
vn -0.496691 0.866199 -0.054745
vn -0.448407 0.892462 -0.049430
vn -0.348201 0.936633 -0.038399
vn -0.296279 0.954542 -0.032683
vn -0.190212 0.981518 -0.021006
vn -0.136069 0.990585 -0.015045
vn -0.027036 0.999630 -0.003040
vn 0.027853 0.999608 0.003003
vn 0.136878 0.990474 0.015009
vn 0.191014 0.981363 0.020970
vn 0.297058 0.954301 0.032648
vn 0.348966 0.936350 0.038365
vn 0.449136 0.892097 0.049397
vn 0.497398 0.865795 0.054713
vn 0.588962 0.805559 0.064798
vn 0.632263 0.771624 0.069568
vn 0.712723 0.697047 0.078432
vn 0.749881 0.656405 0.082526
vn 0.817042 0.569522 0.089927
vn 0.847045 0.523281 0.093233
vn 0.899075 0.426461 0.098968
vn 0.921103 0.375883 0.101397
vn 0.956583 0.271769 0.105310
vn 0.970036 0.218232 0.106795
vn 0.987999 0.109662 0.108780
vn 0.992509 0.054628 0.109280
vn 0.992464 -0.055435 0.109282
vn 0.987909 -0.110465 0.108784
vn 0.969857 -0.219021 0.106803
vn 0.956361 -0.272546 0.105320
vn 0.920795 -0.376632 0.101411
vn 0.898726 -0.427192 0.098984
vn 0.846617 -0.523969 0.093253
vn 0.816577 -0.570186 0.089948
vn 0.749345 -0.657015 0.082551
vn 0.712153 -0.697627 0.078458
vn 0.631632 -0.772138 0.069597
vn 0.588303 -0.806038 0.064828
vn 0.496691 -0.866199 0.054745
vn 0.448407 -0.892462 0.049430
vn 0.348201 -0.936633 0.038399
vn 0.296278 -0.954542 0.032683
vn 0.190212 -0.981518 0.021006
vn 0.136069 -0.990585 0.015045
vn 0.027036 -0.999630 0.003040
vn 0.109447 -0.000063 -0.993993
vn 0.040245 0.969955 -0.239933
vn 0.109447 -0.000063 -0.993993
vn 0.198751 0.954464 -0.222478
vn 0.109447 -0.000063 -0.993993
vn 0.352561 0.912937 -0.205541
vn 0.109447 -0.000063 -0.993993
vn 0.497479 0.846507 -0.189580
vn 0.109447 -0.000063 -0.993993
vn 0.629552 0.756987 -0.175031
vn 0.109447 -0.000063 -0.993993
vn 0.745177 0.646816 -0.162294
vn 0.109447 -0.000063 -0.993993
vn 0.841201 0.519003 -0.151713
vn 0.109447 -0.000063 -0.993993
vn 0.915004 0.377032 -0.143578
vn 0.109447 -0.000063 -0.993993
vn 0.964573 0.224776 -0.138110
vn 0.109447 -0.000063 -0.993993
vn 0.988557 0.066388 -0.135457
vn 0.109447 -0.000063 -0.993993
vn 0.986299 -0.093811 -0.135695
vn 0.109447 -0.000063 -0.993993
vn 0.957863 -0.251452 -0.138817
vn 0.109447 -0.000063 -0.993993
vn 0.904024 -0.402233 -0.144738
vn 0.109447 -0.000063 -0.993993
vn 0.826251 -0.542044 -0.153292
vn 0.109447 -0.000063 -0.993993
vn 0.726664 -0.667069 -0.164249
vn 0.109447 -0.000063 -0.993993
vn 0.607981 -0.773899 -0.177310
vn 0.109447 -0.000063 -0.993993
vn 0.473439 -0.859620 -0.192118
vn 0.109447 -0.000063 -0.993993
vn 0.326708 -0.921892 -0.208271
vn 0.109447 -0.000063 -0.993993
vn 0.171789 -0.959019 -0.225326
vn 0.109447 -0.000063 -0.993993
vn 0.012910 -0.969986 -0.242820
vn 0.109447 -0.000063 -0.993993
vn -0.145596 -0.954495 -0.260273
vn 0.109447 -0.000063 -0.993993
vn -0.299406 -0.912968 -0.277212
vn 0.109447 -0.000063 -0.993993
vn -0.444324 -0.846538 -0.293172
vn 0.109447 -0.000063 -0.993993
vn -0.576397 -0.757017 -0.307720
vn 0.109447 -0.000063 -0.993993
vn -0.692022 -0.646847 -0.320459
vn 0.109447 -0.000063 -0.993993
vn -0.788046 -0.519033 -0.331040
vn 0.109447 -0.000063 -0.993993
vn -0.861849 -0.377062 -0.339177
vn 0.109447 -0.000063 -0.993993
vn -0.911418 -0.224807 -0.344643
vn 0.109447 -0.000063 -0.993993
vn -0.935402 -0.066419 -0.347292
vn 0.109447 -0.000063 -0.993993
vn -0.933145 0.093781 -0.347053
vn 0.109447 -0.000063 -0.993993
vn -0.904709 0.251421 -0.343933
vn 0.109447 -0.000063 -0.993993
vn -0.850869 0.402203 -0.338017
vn 0.109447 -0.000063 -0.993993
vn -0.773096 0.542013 -0.329461
vn 0.109447 -0.000063 -0.993993
vn -0.673509 0.667039 -0.318504
vn 0.109447 -0.000063 -0.993993
vn -0.554826 0.773869 -0.305442
vn 0.109447 -0.000063 -0.993993
vn -0.420284 0.859589 -0.290633
vn 0.109447 -0.000063 -0.993993
vn -0.273553 0.921862 -0.274482
vn 0.109447 -0.000063 -0.993993
vn -0.118635 0.958988 -0.257425
vn 0.109447 -0.000063 -0.993993
vn 0.109447 -0.000063 -0.993993
vn 0.109447 -0.000063 -0.993993
vn 0.109447 -0.000063 -0.993993
vn 0.109447 -0.000063 -0.993993
vn 0.109447 -0.000063 -0.993993
vn 0.109447 -0.000063 -0.993993
vn 0.109447 -0.000063 -0.993993
vn 0.109447 -0.000063 -0.993993
vn 0.109447 -0.000063 -0.993993
vn 0.109447 -0.000063 -0.993993
vn 0.109447 -0.000063 -0.993993
vn 0.109447 -0.000063 -0.993993
vn 0.109447 -0.000063 -0.993993
vn 0.109447 -0.000063 -0.993993
vn 0.109447 -0.000063 -0.993993
vn 0.109447 -0.000063 -0.993993
vn 0.109447 -0.000063 -0.993993
vn 0.109447 -0.000063 -0.993993
vn 0.109447 -0.000063 -0.993993
vn 0.109447 -0.000063 -0.993993
vn 0.109447 -0.000063 -0.993993
vn 0.109447 -0.000063 -0.993993
vn 0.109447 -0.000063 -0.993993
vn 0.109447 -0.000063 -0.993993
vn 0.109447 -0.000063 -0.993993
vn 0.109447 -0.000063 -0.993993
vn 0.109447 -0.000063 -0.993993
vn 0.109447 -0.000063 -0.993993
vn 0.109447 -0.000063 -0.993993
vn 0.109447 -0.000063 -0.993993
vn 0.109447 -0.000063 -0.993993
vn 0.109447 -0.000063 -0.993993
vn 0.109447 -0.000063 -0.993993
vn 0.109447 -0.000063 -0.993993
vn 0.109447 -0.000063 -0.993993
vn 0.109447 -0.000063 -0.993993
vn 0.109447 -0.000063 -0.993993
vn -0.109447 0.000063 0.993993
vn -0.142459 0.271512 0.951833
vn -0.109447 0.000063 0.993993
vn -0.186353 0.261612 0.947012
vn -0.109447 0.000063 0.993993
vn -0.228011 0.244558 0.942445
vn -0.109447 0.000063 0.993993
vn -0.266287 0.220823 0.938258
vn -0.109447 0.000063 0.993993
vn -0.300128 0.191065 0.934568
vn -0.109447 0.000063 0.993993
vn -0.328607 0.156111 0.931476
vn -0.109447 0.000063 0.993993
vn -0.350944 0.116928 0.929067
vn -0.109447 0.000063 0.993993
vn -0.366532 0.074600 0.927410
vn -0.109447 0.000063 0.993993
vn -0.374952 0.030299 0.926549
vn -0.109447 0.000063 0.993993
vn -0.375983 -0.014753 0.926509
vn -0.109447 0.000063 0.993993
vn -0.369611 -0.059314 0.927291
vn -0.109447 0.000063 0.993993
vn -0.356027 -0.102158 0.928875
vn -0.109447 0.000063 0.993993
vn -0.335620 -0.142110 0.931217
vn -0.109447 0.000063 0.993993
vn -0.308968 -0.178076 0.934253
vn -0.109447 0.000063 0.993993
vn -0.276822 -0.209077 0.937900
vn -0.109447 0.000063 0.993993
vn -0.240081 -0.234273 0.942060
vn -0.109447 0.000063 0.993993
vn -0.199771 -0.252989 0.946619
vn -0.109447 0.000063 0.993993
vn -0.157011 -0.264730 0.951455
vn -0.109447 0.000063 0.993993
vn -0.112987 -0.269195 0.956435
vn -0.109447 0.000063 0.993993
vn -0.068914 -0.266288 0.961427
vn -0.109447 0.000063 0.993993
vn -0.026005 -0.256116 0.966296
vn -0.109447 0.000063 0.993993
vn 0.014565 -0.238986 0.970914
vn -0.109447 0.000063 0.993993
vn 0.051689 -0.215398 0.975158
vn -0.109447 0.000063 0.993993
vn 0.084360 -0.186026 0.978917
vn -0.109447 0.000063 0.993993
vn 0.111700 -0.151704 0.982094
vn -0.109447 0.000063 0.993993
vn 0.132982 -0.113398 0.984610
vn -0.109447 0.000063 0.993993
vn 0.147647 -0.072179 0.986403
vn -0.109447 0.000063 0.993993
vn 0.155327 -0.029194 0.987432
vn -0.109447 0.000063 0.993993
vn 0.155845 0.014368 0.987677
vn -0.109447 0.000063 0.993993
vn 0.149224 0.057307 0.987141
vn -0.109447 0.000063 0.993993
vn 0.135683 0.098446 0.985849
vn -0.109447 0.000063 0.993993
vn 0.115634 0.136667 0.983845
vn -0.109447 0.000063 0.993993
vn 0.089662 0.170937 0.981194
vn -0.109447 0.000063 0.993993
vn 0.058516 0.200339 0.977978
vn -0.109447 0.000063 0.993993
vn 0.023082 0.224095 0.974294
vn -0.109447 0.000063 0.993993
vn -0.015642 0.241589 0.970253
vn -0.109447 0.000063 0.993993
vn -0.056574 0.252382 0.965972
vn -0.094000 0.330270 0.939194
vn 0.084704 0.996363 0.009262
vn 0.250860 0.967631 0.027559
vn 0.136960 0.956370 0.258067
vn 0.409799 0.911062 0.045063
vn 0.295263 0.914833 0.275499
vn 0.556949 0.828283 0.061271
vn 0.444311 0.846979 0.291916
vn 0.688077 0.721676 0.075718
vn 0.579817 0.754758 0.306843
vn 0.799410 0.594308 0.087983
vn 0.697882 0.640826 0.319849
vn 0.887746 0.449843 0.097719
vn 0.795109 0.508458 0.330563
vn 0.950542 0.292436 0.104644
vn 0.868702 0.361463 0.338676
vn 0.985994 0.126617 0.108557
vn 0.916543 0.204071 0.343955
vn 0.993080 -0.042845 0.109349
vn 0.937256 0.040808 0.346244
vn 0.971596 -0.211074 0.106995
vn 0.930245 -0.123629 0.345485
vn 0.922162 -0.373232 0.101562
vn 0.895712 -0.284509 0.341693
vn 0.846199 -0.524651 0.093207
vn 0.834652 -0.437203 0.334978
vn 0.745893 -0.660978 0.082171
vn 0.748819 -0.577320 0.325535
vn 0.432335 -0.836166 0.337510
vn 0.513354 -0.804173 0.299623
vn 0.624128 -0.778290 0.068772
vn 0.640682 -0.700827 0.313636
vn 0.409550 -0.879475 0.242472
vn 0.330753 -0.943012 0.036479
vn 0.216221 -0.939152 0.266913
vn -0.093024 -0.980249 0.174522
vn 0.018293 -0.999022 -0.040265
vn 0.093697 -0.973695 0.207700
vn 0.128944 -0.943870 0.304110
vn -0.392947 -0.906555 0.154111
vn -0.348999 -0.902750 0.251481
vn -0.235314 -0.956674 0.171471
vn -0.192781 -0.943739 0.268686
vn -0.671926 -0.730269 0.123382
vn -0.629805 -0.744783 0.220554
vn -0.539894 -0.830356 0.137928
vn -0.496084 -0.835789 0.235282
vn -0.876593 -0.470551 0.100832
vn -0.842261 -0.501727 0.197144
vn -0.785245 -0.609173 0.110897
vn -0.746315 -0.632351 0.207717
vn -0.983565 -0.157075 0.089033
vn -0.962095 -0.201349 0.183931
vn -0.943339 -0.318393 0.093473
vn -0.914885 -0.356669 0.189139
vn -0.980623 0.174349 0.089336
vn -0.975618 0.122034 0.182420
vn -0.996114 0.008763 0.087640
vn -0.982536 -0.040236 0.181672
vn -0.887378 0.450564 -0.097737
vn -0.937539 0.334919 0.094069
vn -0.941540 0.280794 0.186164
vn -0.798924 0.594958 -0.088007
vn -0.847575 0.509126 0.149690
vn -0.687487 0.722236 -0.075743
vn -0.750240 0.641415 0.160399
vn -0.556272 0.828736 -0.061304
vn -0.632082 0.755251 0.173403
vn -0.409054 0.911395 -0.045100
vn -0.496501 0.847361 0.188325
vn -0.250069 0.967835 -0.027597
vn -0.347397 0.915094 0.204737
vn -0.026045 0.970394 0.240119
vn -0.083889 0.996432 -0.009301
vn -0.189060 0.956503 0.222169
vn -0.002613 0.999620 0.027426
vn -0.014622 0.990538 0.136455
vn -0.020587 0.981453 0.190596
vn -0.032276 0.954440 0.296651
vn -0.037999 0.936514 0.348566
vn -0.049049 0.892308 0.448755
vn -0.054375 0.866029 0.497028
vn -0.064484 0.805836 0.588618
vn -0.069267 0.771921 0.631933
vn -0.078160 0.697382 0.712425
vn -0.082270 0.656757 0.749601
vn -0.089704 0.569906 0.816799
vn -0.093029 0.523679 0.846821
vn -0.098802 0.426884 0.898893
vn -0.101250 0.376316 0.920942
vn -0.105204 0.272218 0.956467
vn -0.106710 0.218688 0.969943
vn -0.108737 0.110127 0.987952
vn -0.109258 0.055095 0.992485
vn -0.109303 -0.054969 0.992487
vn -0.108827 -0.110001 0.987956
vn -0.106888 -0.218565 0.969951
vn -0.105427 -0.272097 0.956477
vn -0.101558 -0.376199 0.920956
vn -0.099151 -0.426770 0.898909
vn -0.093457 -0.523571 0.846841
vn -0.090170 -0.569802 0.816820
vn -0.082807 -0.656662 0.749625
vn -0.078730 -0.697292 0.712451
vn -0.069898 -0.771841 0.631962
vn -0.065142 -0.805761 0.588647
vn -0.055082 -0.865966 0.497060
vn -0.049778 -0.892251 0.448788
vn -0.038765 -0.936469 0.348601
vn -0.033056 -0.954403 0.296686
vn -0.021389 -0.981429 0.190632
vn -0.015432 -0.990521 0.136492
vn -0.003430 -0.999617 0.027463
vn 0.002613 -0.999620 -0.027426
vn 0.014622 -0.990538 -0.136455
vn 0.020587 -0.981453 -0.190596
vn 0.032276 -0.954440 -0.296651
vn 0.037999 -0.936514 -0.348566
vn 0.049049 -0.892308 -0.448755
vn 0.054375 -0.866029 -0.497028
vn 0.064484 -0.805836 -0.588618
vn 0.069267 -0.771921 -0.631933
vn 0.078160 -0.697382 -0.712425
vn 0.082270 -0.656757 -0.749601
vn 0.089704 -0.569906 -0.816799
vn 0.093029 -0.523679 -0.846821
vn 0.098802 -0.426884 -0.898893
vn 0.101250 -0.376316 -0.920942
vn 0.105204 -0.272218 -0.956467
vn 0.106710 -0.218688 -0.969943
vn 0.108737 -0.110127 -0.987952
vn 0.109258 -0.055095 -0.992485
vn 0.109303 0.054969 -0.992487
vn 0.108827 0.110001 -0.987956
vn 0.106888 0.218565 -0.969951
vn 0.105427 0.272097 -0.956477
vn 0.101558 0.376199 -0.920956
vn 0.099151 0.426770 -0.898909
vn 0.093457 0.523571 -0.846841
vn 0.090170 0.569802 -0.816820
vn 0.082807 0.656662 -0.749625
vn 0.078730 0.697292 -0.712451
vn 0.069898 0.771841 -0.631962
vn 0.065142 0.805761 -0.588647
vn 0.055082 0.865966 -0.497060
vn 0.049778 0.892251 -0.448788
vn 0.038765 0.936469 -0.348601
vn 0.033056 0.954403 -0.296686
vn 0.021389 0.981429 -0.190632
vn 0.015432 0.990521 -0.136492
vn 0.003430 0.999617 -0.027463
vn -0.993993 0.000404 -0.109447
vn -0.993993 0.000404 -0.109447
vn -0.993993 0.000404 -0.109447
vn -0.993993 0.000404 -0.109447
vn -0.993993 0.000404 -0.109447
vn -0.993993 0.000404 -0.109447
vn -0.993993 0.000404 -0.109447
vn -0.993993 0.000404 -0.109447
vn -0.993993 0.000404 -0.109447
vn -0.993993 0.000404 -0.109447
vn -0.993993 0.000404 -0.109447
vn -0.993993 0.000404 -0.109447
vn -0.993993 0.000404 -0.109447
vn -0.993993 0.000404 -0.109447
vn -0.993993 0.000404 -0.109447
vn -0.993993 0.000404 -0.109447
vn -0.993993 0.000404 -0.109447
vn -0.993993 0.000404 -0.109447
vn -0.993993 0.000404 -0.109447
vn -0.993993 0.000404 -0.109447
vn -0.993993 0.000404 -0.109447
vn -0.993993 0.000404 -0.109447
vn -0.993993 0.000404 -0.109447
vn -0.993993 0.000404 -0.109447
vn -0.993993 0.000404 -0.109447
vn -0.993993 0.000404 -0.109447
vn -0.993993 0.000404 -0.109447
vn -0.993993 0.000404 -0.109447
vn -0.993993 0.000404 -0.109447
vn -0.993993 0.000404 -0.109447
vn -0.993993 0.000404 -0.109447
vn -0.993993 0.000404 -0.109447
vn -0.993993 0.000404 -0.109447
vn -0.993993 0.000404 -0.109447
vn -0.993993 0.000404 -0.109447
vn -0.993993 0.000404 -0.109447
vn -0.993993 0.000404 -0.109447
vn -0.993993 0.000404 -0.109447
vn -0.993993 0.000404 -0.109447
vn 0.993993 -0.000404 0.109447
vn 0.993993 -0.000404 0.109447
vn 0.993993 -0.000404 0.109447
vn 0.993993 -0.000404 0.109447
vn 0.993993 -0.000404 0.109447
vn 0.993993 -0.000404 0.109447
vn 0.993993 -0.000404 0.109447
vn 0.993993 -0.000404 0.109447
vn 0.993993 -0.000404 0.109447
vn 0.993993 -0.000404 0.109447
vn 0.993993 -0.000404 0.109447
vn 0.993993 -0.000404 0.109447
vn 0.993993 -0.000404 0.109447
vn 0.993993 -0.000404 0.109447
vn 0.993993 -0.000404 0.109447
vn 0.993993 -0.000404 0.109447
vn 0.993993 -0.000404 0.109447
vn 0.993993 -0.000404 0.109447
vn 0.993993 -0.000404 0.109447
vn 0.993993 -0.000404 0.109447
vn 0.993993 -0.000404 0.109447
vn 0.993993 -0.000404 0.109447
vn 0.993993 -0.000404 0.109447
vn 0.993993 -0.000404 0.109447
vn 0.993993 -0.000404 0.109447
vn 0.993993 -0.000404 0.109447
vn 0.993993 -0.000404 0.109447
vn 0.993993 -0.000404 0.109447
vn 0.993993 -0.000404 0.109447
vn 0.993993 -0.000404 0.109447
vn 0.993993 -0.000404 0.109447
vn 0.993993 -0.000404 0.109447
vn 0.993993 -0.000404 0.109447
vn 0.993993 -0.000404 0.109447
vn 0.993993 -0.000404 0.109447
vn 0.993993 -0.000404 0.109447
vn 0.993993 -0.000404 0.109447
vn 0.993993 -0.000404 0.109447
vn 0.993993 -0.000404 0.109447
f 1//1 2//2 3//3
f 3//3 2//2 4//4
f 3//3 4//4 5//5
f 5//5 4//4 6//6
f 5//5 6//6 7//7
f 7//7 6//6 8//8
f 7//7 8//8 9//9
f 9//9 8//8 10//10
f 9//9 10//10 11//11
f 11//11 10//10 12//12
f 11//11 12//12 13//13
f 13//13 12//12 14//14
f 13//13 14//14 15//15
f 15//15 14//14 16//16
f 15//15 16//16 17//17
f 17//17 16//16 18//18
f 17//17 18//18 19//19
f 19//19 18//18 20//20
f 19//19 20//20 21//21
f 21//21 20//20 22//22
f 21//21 22//22 23//23
f 23//23 22//22 24//24
f 23//23 24//24 25//25
f 25//25 24//24 26//26
f 25//25 26//26 27//27
f 27//27 26//26 28//28
f 27//27 28//28 29//29
f 29//29 28//28 30//30
f 29//29 30//30 31//31
f 31//31 30//30 32//32
f 31//31 32//32 33//33
f 33//33 32//32 34//34
f 33//33 34//34 35//35
f 35//35 34//34 36//36
f 35//35 36//36 37//37
f 37//37 36//36 38//38
f 37//37 38//38 39//39
f 39//39 38//38 40//40
f 39//39 40//40 41//41
f 41//41 40//40 42//42
f 41//41 42//42 43//43
f 43//43 42//42 44//44
f 43//43 44//44 45//45
f 45//45 44//44 46//46
f 45//45 46//46 47//47
f 47//47 46//46 48//48
f 47//47 48//48 49//49
f 49//49 48//48 50//50
f 49//49 50//50 51//51
f 51//51 50//50 52//52
f 51//51 52//52 53//53
f 53//53 52//52 54//54
f 53//53 54//54 55//55
f 55//55 54//54 56//56
f 55//55 56//56 57//57
f 57//57 56//56 58//58
f 57//57 58//58 59//59
f 59//59 58//58 60//60
f 59//59 60//60 61//61
f 61//61 60//60 62//62
f 61//61 62//62 63//63
f 63//63 62//62 64//64
f 63//63 64//64 65//65
f 65//65 64//64 66//66
f 65//65 66//66 67//67
f 67//67 66//66 68//68
f 67//67 68//68 69//69
f 69//69 68//68 70//70
f 69//69 70//70 71//71
f 71//71 70//70 72//72
f 71//71 72//72 73//73
f 73//73 72//72 74//74
f 73//73 74//74 75//75
f 75//75 74//74 76//76
f 75//75 76//76 1//1
f 1//1 76//76 2//2
f 77//77 78//78 79//79
f 77//77 79//79 80//80
f 81//81 82//82 79//79
f 79//79 82//82 83//83
f 79//79 83//83 80//80
f 84//84 85//85 79//79
f 79//79 85//85 86//86
f 79//79 86//86 81//81
f 87//87 88//88 79//79
f 79//79 88//88 89//89
f 79//79 89//89 84//84
f 90//90 91//91 79//79
f 79//79 91//91 92//92
f 79//79 92//92 87//87
f 93//93 94//94 79//79
f 79//79 94//94 95//95
f 79//79 95//95 90//90
f 96//96 97//97 79//79
f 79//79 97//97 98//98
f 79//79 98//98 93//93
f 99//99 100//100 79//79
f 79//79 100//100 101//101
f 79//79 101//101 96//96
f 102//102 103//103 79//79
f 79//79 103//103 104//104
f 79//79 104//104 99//99
f 105//105 106//106 79//79
f 79//79 106//106 107//107
f 79//79 107//107 102//102
f 108//108 109//109 79//79
f 79//79 109//109 110//110
f 79//79 110//110 105//105
f 111//111 112//112 79//79
f 79//79 112//112 113//113
f 79//79 113//113 108//108
f 78//78 114//114 79//79
f 79//79 114//114 115//115
f 79//79 115//115 111//111
f 116//116 117//117 118//118
f 116//116 118//118 119//119
f 120//120 121//121 118//118
f 118//118 121//121 122//122
f 118//118 122//122 119//119
f 123//123 124//124 118//118
f 118//118 124//124 125//125
f 118//118 125//125 120//120
f 126//126 127//127 118//118
f 118//118 127//127 128//128
f 118//118 128//128 123//123
f 129//129 130//130 118//118
f 118//118 130//130 131//131
f 118//118 131//131 126//126
f 132//132 133//133 118//118
f 118//118 133//133 134//134
f 118//118 134//134 129//129
f 135//135 136//136 118//118
f 118//118 136//136 137//137
f 118//118 137//137 132//132
f 138//138 139//139 118//118
f 118//118 139//139 140//140
f 118//118 140//140 135//135
f 141//141 142//142 118//118
f 118//118 142//142 143//143
f 118//118 143//143 138//138
f 144//144 145//145 118//118
f 118//118 145//145 146//146
f 118//118 146//146 141//141
f 147//147 148//148 118//118
f 118//118 148//148 149//149
f 118//118 149//149 144//144
f 150//150 151//151 118//118
f 118//118 151//151 152//152
f 118//118 152//152 147//147
f 117//117 153//153 118//118
f 118//118 153//153 154//154
f 118//118 154//154 150//150
f 76//76 101//101 2//2
f 2//2 101//101 100//100
f 2//2 100//100 4//4
f 4//4 100//100 99//99
f 4//4 99//99 6//6
f 6//6 99//99 104//104
f 6//6 104//104 8//8
f 8//8 104//104 103//103
f 8//8 103//103 10//10
f 10//10 103//103 102//102
f 10//10 102//102 12//12
f 12//12 102//102 107//107
f 12//12 107//107 14//14
f 14//14 107//107 106//106
f 14//14 106//106 16//16
f 16//16 106//106 105//105
f 16//16 105//105 18//18
f 18//18 105//105 110//110
f 18//18 110//110 20//20
f 20//20 110//110 109//109
f 20//20 109//109 22//22
f 22//22 109//109 108//108
f 22//22 108//108 24//24
f 24//24 108//108 113//113
f 24//24 113//113 26//26
f 26//26 113//113 112//112
f 26//26 112//112 28//28
f 28//28 112//112 111//111
f 28//28 111//111 30//30
f 30//30 111//111 115//115
f 30//30 115//115 32//32
f 32//32 115//115 114//114
f 32//32 114//114 34//34
f 34//34 114//114 78//78
f 34//34 78//78 36//36
f 36//36 78//78 77//77
f 36//36 77//77 38//38
f 38//38 77//77 80//80
f 38//38 80//80 40//40
f 40//40 80//80 83//83
f 40//40 83//83 42//42
f 42//42 83//83 82//82
f 42//42 82//82 44//44
f 44//44 82//82 81//81
f 44//44 81//81 46//46
f 46//46 81//81 86//86
f 46//46 86//86 48//48
f 48//48 86//86 85//85
f 48//48 85//85 50//50
f 50//50 85//85 84//84
f 50//50 84//84 52//52
f 52//52 84//84 89//89
f 52//52 89//89 54//54
f 54//54 89//89 88//88
f 54//54 88//88 56//56
f 56//56 88//88 87//87
f 56//56 87//87 58//58
f 58//58 87//87 92//92
f 58//58 92//92 60//60
f 60//60 92//92 91//91
f 60//60 91//91 62//62
f 62//62 91//91 90//90
f 62//62 90//90 64//64
f 64//64 90//90 95//95
f 64//64 95//95 66//66
f 66//66 95//95 94//94
f 66//66 94//94 68//68
f 68//68 94//94 93//93
f 68//68 93//93 70//70
f 70//70 93//93 98//98
f 70//70 98//98 72//72
f 72//72 98//98 97//97
f 72//72 97//97 74//74
f 74//74 97//97 96//96
f 74//74 96//96 76//76
f 76//76 96//96 101//101
f 39//39 119//119 37//37
f 37//37 119//119 122//122
f 37//37 122//122 35//35
f 35//35 122//122 121//121
f 35//35 121//121 33//33
f 33//33 121//121 120//120
f 33//33 120//120 31//31
f 31//31 120//120 125//125
f 31//31 125//125 29//29
f 29//29 125//125 124//124
f 29//29 124//124 27//27
f 27//27 124//124 123//123
f 27//27 123//123 25//25
f 25//25 123//123 128//128
f 25//25 128//128 23//23
f 23//23 128//128 127//127
f 23//23 127//127 21//21
f 21//21 127//127 126//126
f 21//21 126//126 19//19
f 19//19 126//126 131//131
f 19//19 131//131 17//17
f 17//17 131//131 130//130
f 17//17 130//130 15//15
f 15//15 130//130 129//129
f 15//15 129//129 13//13
f 13//13 129//129 134//134
f 13//13 134//134 11//11
f 11//11 134//134 133//133
f 11//11 133//133 9//9
f 9//9 133//133 132//132
f 9//9 132//132 7//7
f 7//7 132//132 137//137
f 7//7 137//137 5//5
f 5//5 137//137 136//136
f 5//5 136//136 3//3
f 3//3 136//136 135//135
f 3//3 135//135 1//1
f 1//1 135//135 140//140
f 1//1 140//140 75//75
f 75//75 140//140 139//139
f 75//75 139//139 73//73
f 73//73 139//139 138//138
f 73//73 138//138 71//71
f 71//71 138//138 143//143
f 71//71 143//143 69//69
f 69//69 143//143 142//142
f 69//69 142//142 67//67
f 67//67 142//142 141//141
f 67//67 141//141 65//65
f 65//65 141//141 146//146
f 65//65 146//146 63//63
f 63//63 146//146 145//145
f 63//63 145//145 61//61
f 61//61 145//145 144//144
f 61//61 144//144 59//59
f 59//59 144//144 149//149
f 59//59 149//149 57//57
f 57//57 149//149 148//148
f 57//57 148//148 55//55
f 55//55 148//148 147//147
f 55//55 147//147 53//53
f 53//53 147//147 152//152
f 53//53 152//152 51//51
f 51//51 152//152 151//151
f 51//51 151//151 49//49
f 49//49 151//151 150//150
f 49//49 150//150 47//47
f 47//47 150//150 154//154
f 47//47 154//154 45//45
f 45//45 154//154 153//153
f 45//45 153//153 43//43
f 43//43 153//153 117//117
f 43//43 117//117 41//41
f 41//41 117//117 116//116
f 41//41 116//116 39//39
f 39//39 116//116 119//119
f 155//155 156//156 157//157
f 158//158 159//159 160//160
f 160//160 159//159 161//161
f 162//162 163//163 164//164
f 165//165 166//166 167//167
f 167//167 166//166 168//168
f 169//169 170//170 171//171
f 172//172 173//173 174//174
f 175//175 176//176 177//177
f 178//178 179//179 180//180
f 181//181 182//182 183//183
f 180//180 179//179 184//184
f 185//185 186//186 187//187
f 188//188 189//189 190//190
f 191//191 192//192 193//193
f 194//194 195//195 196//196
f 197//197 198//198 199//199
f 200//200 201//201 202//202
f 203//203 204//204 205//205
f 206//206 207//207 208//208
f 209//209 210//210 211//211
f 211//211 210//210 212//212
f 213//213 214//214 215//215
f 216//216 217//217 218//218
f 219//219 220//220 221//221
f 222//222 223//223 224//224
f 225//225 226//226 227//227
f 228//228 224//224 229//229
f 230//230 231//231 232//232
f 233//233 234//234 235//235
f 236//236 235//235 237//237
f 238//238 239//239 240//240
f 241//241 242//242 243//243
f 244//244 245//245 246//246
f 245//245 244//244 247//247
f 248//248 249//249 250//250
f 251//251 252//252 253//253
f 254//254 255//255 256//256
f 257//257 258//258 259//259
f 260//260 261//261 262//262
f 263//263 264//264 265//265
f 266//266 267//267 268//268
f 269//269 270//270 271//271
f 272//272 273//273 274//274
f 275//275 276//276 277//277
f 278//278 279//279 280//280
f 280//280 279//279 281//281
f 282//282 283//283 284//284
f 284//284 283//283 285//285
f 278//278 280//280 286//286
f 286//286 280//280 287//287
f 286//286 287//287 288//288
f 288//288 287//287 289//289
f 289//289 287//287 290//290
f 289//289 290//290 291//291
f 292//292 293//293 294//294
f 293//293 292//292 295//295
f 295//295 292//292 296//296
f 295//295 296//296 297//297
f 273//273 298//298 274//274
f 274//274 298//298 299//299
f 274//274 299//299 296//296
f 296//296 299//299 300//300
f 296//296 300//300 297//297
f 272//272 274//274 301//301
f 301//301 274//274 302//302
f 301//301 302//302 303//303
f 303//303 302//302 304//304
f 304//304 302//302 305//305
f 304//304 305//305 306//306
f 307//307 308//308 305//305
f 305//305 308//308 309//309
f 305//305 309//309 306//306
f 270//270 310//310 271//271
f 271//271 310//310 311//311
f 271//271 311//311 307//307
f 307//307 311//311 312//312
f 307//307 312//312 308//308
f 269//269 271//271 313//313
f 313//313 271//271 314//314
f 313//313 314//314 315//315
f 315//315 314//314 316//316
f 315//315 316//316 317//317
f 318//318 319//319 320//320
f 318//318 320//320 316//316
f 316//316 320//320 321//321
f 316//316 321//321 317//317
f 322//322 323//323 324//324
f 324//324 323//323 325//325
f 324//324 325//325 318//318
f 318//318 325//325 326//326
f 318//318 326//326 319//319
f 327//327 328//328 329//329
f 329//329 328//328 217//217
f 329//329 217//217 330//330
f 330//330 217//217 331//331
f 331//331 217//217 332//332
f 332//332 217//217 216//216
f 332//332 216//216 333//333
f 334//334 335//335 216//216
f 216//216 335//335 336//336
f 216//216 336//336 333//333
f 337//337 338//338 339//339
f 340//340 341//341 342//342
f 343//343 344//344 340//340
f 340//340 344//344 345//345
f 340//340 345//345 341//341
f 346//346 347//347 348//348
f 348//348 347//347 349//349
f 350//350 351//351 352//352
f 352//352 351//351 353//353
f 352//352 353//353 354//354
f 350//350 352//352 355//355
f 355//355 352//352 356//356
f 355//355 356//356 357//357
f 201//201 358//358 359//359
f 359//359 358//358 360//360
f 361//361 362//362 200//200
f 200//200 362//362 363//363
f 200//200 363//363 201//201
f 201//201 363//363 364//364
f 201//201 364//364 358//358
f 365//365 366//366 367//367
f 366//366 368//368 367//367
f 367//367 368//368 369//369
f 367//367 369//369 370//370
f 371//371 372//372 373//373
f 373//373 372//372 374//374
f 373//373 374//374 375//375
f 375//375 374//374 376//376
f 377//377 254//254 378//378
f 255//255 379//379 380//380
f 381//381 382//382 383//383
f 383//383 382//382 384//384
f 383//383 384//384 385//385
f 385//385 384//384 386//386
f 385//385 386//386 387//387
f 387//387 386//386 388//388
f 387//387 388//388 389//389
f 389//389 388//388 390//390
f 391//391 392//392 393//393
f 393//393 392//392 394//394
f 393//393 394//394 395//395
f 395//395 394//394 396//396
f 395//395 396//396 397//397
f 382//382 391//391 384//384
f 384//384 391//391 393//393
f 384//384 393//393 386//386
f 386//386 393//393 395//395
f 386//386 395//395 388//388
f 388//388 395//395 397//397
f 388//388 397//397 390//390
f 377//377 381//381 398//398
f 398//398 381//381 383//383
f 398//398 383//383 399//399
f 399//399 383//383 385//385
f 399//399 385//385 400//400
f 400//400 385//385 387//387
f 400//400 387//387 376//376
f 376//376 387//387 389//389
f 376//376 389//389 375//375
f 375//375 389//389 390//390
f 375//375 390//390 401//401
f 401//401 390//390 397//397
f 401//401 397//397 402//402
f 402//402 397//397 396//396
f 251//251 403//403 404//404
f 404//404 403//403 405//405
f 406//406 407//407 408//408
f 406//406 408//408 409//409
f 405//405 403//403 410//410
f 410//410 403//403 411//411
f 410//410 411//411 412//412
f 382//382 413//413 391//391
f 391//391 413//413 414//414
f 391//391 414//414 392//392
f 392//392 414//414 415//415
f 392//392 415//415 416//416
f 377//377 378//378 381//381
f 381//381 378//378 417//417
f 381//381 417//417 382//382
f 382//382 417//417 418//418
f 382//382 418//418 413//413
f 413//413 418//418 419//419
f 413//413 419//419 414//414
f 414//414 419//419 420//420
f 414//414 420//420 415//415
f 255//255 380//380 256//256
f 256//256 380//380 421//421
f 256//256 421//421 422//422
f 422//422 421//421 423//423
f 422//422 423//423 424//424
f 424//424 423//423 425//425
f 424//424 425//425 426//426
f 426//426 425//425 427//427
f 426//426 427//427 428//428
f 254//254 256//256 378//378
f 378//378 256//256 422//422
f 378//378 422//422 417//417
f 417//417 422//422 424//424
f 417//417 424//424 418//418
f 418//418 424//424 426//426
f 418//418 426//426 419//419
f 419//419 426//426 428//428
f 419//419 428//428 420//420
f 408//408 429//429 409//409
f 409//409 429//429 430//430
f 409//409 430//430 431//431
f 432//432 433//433 434//434
f 434//434 433//433 431//431
f 434//434 431//431 435//435
f 435//435 431//431 430//430
f 250//250 249//249 436//436
f 436//436 249//249 437//437
f 436//436 437//437 438//438
f 432//432 248//248 433//433
f 433//433 248//248 250//250
f 433//433 250//250 439//439
f 439//439 250//250 436//436
f 439//439 436//436 440//440
f 440//440 436//436 438//438
f 440//440 438//438 441//441
f 442//442 407//407 280//280
f 280//280 407//407 406//406
f 280//280 406//406 287//287
f 287//287 406//406 409//409
f 287//287 409//409 290//290
f 290//290 409//409 431//431
f 290//290 431//431 443//443
f 443//443 431//431 433//433
f 443//443 433//433 444//444
f 444//444 433//433 439//439
f 444//444 439//439 445//445
f 445//445 439//439 440//440
f 446//446 447//447 448//448
f 449//449 450//450 451//451
f 451//451 450//450 452//452
f 451//451 452//452 453//453
f 453//453 452//452 454//454
f 453//453 454//454 455//455
f 456//456 449//449 457//457
f 457//457 449//449 451//451
f 457//457 451//451 458//458
f 458//458 451//451 453//453
f 458//458 453//453 459//459
f 459//459 453//453 455//455
f 459//459 455//455 460//460
f 461//461 462//462 463//463
f 463//463 462//462 464//464
f 463//463 464//464 460//460
f 460//460 464//464 465//465
f 460//460 465//465 459//459
f 459//459 465//465 466//466
f 459//459 466//466 458//458
f 458//458 466//466 467//467
f 458//458 467//467 457//457
f 457//457 467//467 468//468
f 457//457 468//468 456//456
f 456//456 468//468 469//469
f 246//246 470//470 471//471
f 454//454 247//247 455//455
f 455//455 247//247 244//244
f 455//455 244//244 460//460
f 460//460 244//244 246//246
f 460//460 246//246 463//463
f 463//463 246//246 471//471
f 463//463 471//471 461//461
f 241//241 472//472 473//473
f 473//473 472//472 474//474
f 473//473 474//474 475//475
f 475//475 474//474 476//476
f 475//475 476//476 469//469
f 469//469 476//476 477//477
f 469//469 477//477 456//456
f 456//456 477//477 478//478
f 456//456 478//478 449//449
f 449//449 478//478 479//479
f 449//449 479//479 450//450
f 243//243 480//480 241//241
f 241//241 480//480 481//481
f 241//241 481//481 472//472
f 472//472 481//481 482//482
f 472//472 482//482 474//474
f 474//474 482//482 483//483
f 474//474 483//483 476//476
f 476//476 483//483 484//484
f 476//476 484//484 477//477
f 477//477 484//484 448//448
f 477//477 448//448 478//478
f 478//478 448//448 447//447
f 478//478 447//447 479//479
f 446//446 448//448 485//485
f 485//485 448//448 484//484
f 485//485 484//484 486//486
f 486//486 484//484 483//483
f 486//486 483//483 487//487
f 487//487 483//483 482//482
f 487//487 482//482 488//488
f 488//488 482//482 481//481
f 488//488 481//481 489//489
f 489//489 481//481 480//480
f 489//489 480//480 437//437
f 437//437 480//480 243//243
f 437//437 243//243 438//438
f 438//438 243//243 242//242
f 438//438 242//242 441//441
f 238//238 490//490 491//491
f 491//491 490//490 492//492
f 491//491 492//492 493//493
f 494//494 495//495 496//496
f 496//496 495//495 497//497
f 496//496 497//497 498//498
f 495//495 493//493 497//497
f 497//497 493//493 492//492
f 497//497 492//492 499//499
f 499//499 492//492 490//490
f 499//499 490//490 500//500
f 500//500 490//490 238//238
f 500//500 238//238 501//501
f 502//502 503//503 504//504
f 505//505 506//506 504//504
f 504//504 506//506 507//507
f 504//504 507//507 502//502
f 238//238 240//240 501//501
f 501//501 240//240 508//508
f 501//501 508//508 509//509
f 509//509 508//508 510//510
f 509//509 510//510 511//511
f 511//511 510//510 512//512
f 511//511 512//512 513//513
f 513//513 512//512 514//514
f 513//513 514//514 515//515
f 515//515 514//514 516//516
f 515//515 516//516 517//517
f 518//518 516//516 519//519
f 519//519 516//516 514//514
f 519//519 514//514 520//520
f 520//520 514//514 512//512
f 520//520 512//512 521//521
f 521//521 512//512 510//510
f 521//521 510//510 522//522
f 522//522 510//510 508//508
f 522//522 508//508 523//523
f 523//523 508//508 240//240
f 523//523 240//240 524//524
f 524//524 240//240 239//239
f 504//504 525//525 505//505
f 505//505 525//525 526//526
f 505//505 526//526 527//527
f 527//527 526//526 528//528
f 527//527 528//528 529//529
f 498//498 506//506 530//530
f 530//530 506//506 505//505
f 530//530 505//505 531//531
f 531//531 505//505 527//527
f 531//531 527//527 532//532
f 532//532 527//527 529//529
f 532//532 529//529 533//533
f 534//534 535//535 536//536
f 536//536 535//535 537//537
f 536//536 537//537 538//538
f 538//538 537//537 539//539
f 538//538 539//539 540//540
f 540//540 539//539 541//541
f 540//540 541//541 542//542
f 503//503 542//542 504//504
f 504//504 542//542 541//541
f 504//504 541//541 525//525
f 525//525 541//541 539//539
f 525//525 539//539 526//526
f 526//526 539//539 537//537
f 526//526 537//537 528//528
f 528//528 537//537 535//535
f 543//543 544//544 545//545
f 545//545 544//544 546//546
f 545//545 546//546 547//547
f 548//548 268//268 324//324
f 324//324 268//268 267//267
f 324//324 267//267 322//322
f 498//498 497//497 506//506
f 506//506 497//497 499//499
f 506//506 499//499 507//507
f 507//507 499//499 500//500
f 507//507 500//500 502//502
f 502//502 500//500 501//501
f 502//502 501//501 503//503
f 503//503 501//501 509//509
f 503//503 509//509 542//542
f 542//542 509//509 511//511
f 542//542 511//511 540//540
f 540//540 511//511 513//513
f 540//540 513//513 538//538
f 538//538 513//513 515//515
f 538//538 515//515 536//536
f 536//536 515//515 517//517
f 536//536 517//517 534//534
f 462//462 518//518 464//464
f 464//464 518//518 519//519
f 464//464 519//519 465//465
f 465//465 519//519 520//520
f 465//465 520//520 466//466
f 466//466 520//520 521//521
f 466//466 521//521 467//467
f 467//467 521//521 522//522
f 467//467 522//522 468//468
f 468//468 522//522 523//523
f 468//468 523//523 469//469
f 469//469 523//523 524//524
f 469//469 524//524 475//475
f 475//475 524//524 239//239
f 475//475 239//239 473//473
f 473//473 239//239 238//238
f 473//473 238//238 241//241
f 241//241 238//238 491//491
f 241//241 491//491 242//242
f 242//242 491//491 493//493
f 242//242 493//493 441//441
f 441//441 493//493 495//495
f 441//441 495//495 440//440
f 440//440 495//495 494//494
f 440//440 494//494 445//445
f 470//470 549//549 550//550
f 551//551 232//232 552//552
f 552//552 232//232 231//231
f 552//552 231//231 553//553
f 554//554 551//551 555//555
f 555//555 551//551 552//552
f 555//555 552//552 556//556
f 556//556 552//552 553//553
f 556//556 553//553 557//557
f 558//558 554//554 559//559
f 559//559 554//554 555//555
f 559//559 555//555 560//560
f 560//560 555//555 556//556
f 560//560 556//556 561//561
f 561//561 556//556 557//557
f 561//561 557//557 562//562
f 563//563 226//226 564//564
f 564//564 226//226 225//225
f 564//564 225//225 565//565
f 470//470 550//550 471//471
f 471//471 550//550 566//566
f 471//471 566//566 461//461
f 461//461 566//566 567//567
f 461//461 567//567 462//462
f 462//462 567//567 568//568
f 462//462 568//568 518//518
f 518//518 568//568 569//569
f 518//518 569//569 516//516
f 516//516 569//569 570//570
f 516//516 570//570 517//517
f 517//517 570//570 571//571
f 517//517 571//571 534//534
f 534//534 571//571 572//572
f 534//534 572//572 535//535
f 535//535 572//572 543//543
f 535//535 543//543 528//528
f 528//528 543//543 545//545
f 528//528 545//545 529//529
f 529//529 545//545 547//547
f 529//529 547//547 533//533
f 235//235 236//236 233//233
f 233//233 236//236 573//573
f 233//233 573//573 574//574
f 574//574 573//573 575//575
f 574//574 575//575 576//576
f 576//576 575//575 577//577
f 576//576 577//577 578//578
f 578//578 577//577 579//579
f 578//578 579//579 580//580
f 580//580 579//579 581//581
f 580//580 581//581 582//582
f 237//237 583//583 236//236
f 236//236 583//583 584//584
f 236//236 584//584 573//573
f 573//573 584//584 585//585
f 573//573 585//585 575//575
f 575//575 585//585 586//586
f 575//575 586//586 577//577
f 577//577 586//586 587//587
f 577//577 587//587 579//579
f 579//579 587//587 588//588
f 579//579 588//588 581//581
f 583//583 589//589 584//584
f 584//584 589//589 590//590
f 584//584 590//590 585//585
f 585//585 590//590 591//591
f 585//585 591//591 586//586
f 586//586 591//591 592//592
f 586//586 592//592 587//587
f 587//587 592//592 593//593
f 587//587 593//593 588//588
f 588//588 593//593 594//594
f 588//588 594//594 581//581
f 595//595 596//596 597//597
f 597//597 596//596 598//598
f 220//220 598//598 221//221
f 221//221 598//598 596//596
f 221//221 596//596 599//599
f 599//599 596//596 595//595
f 599//599 595//595 600//600
f 601//601 219//219 602//602
f 602//602 219//219 221//221
f 602//602 221//221 603//603
f 603//603 221//221 599//599
f 603//603 599//599 604//604
f 604//604 599//599 600//600
f 327//327 266//266 328//328
f 328//328 266//266 268//268
f 328//328 268//268 605//605
f 605//605 268//268 548//548
f 605//605 548//548 606//606
f 220//220 607//607 598//598
f 598//598 607//607 218//218
f 598//598 218//218 597//597
f 597//597 218//218 217//217
f 597//597 217//217 595//595
f 595//595 217//217 328//328
f 595//595 328//328 600//600
f 600//600 328//328 605//605
f 600//600 605//605 604//604
f 604//604 605//605 606//606
f 604//604 606//606 603//603
f 264//264 334//334 265//265
f 265//265 334//334 216//216
f 265//265 216//216 608//608
f 608//608 216//216 218//218
f 608//608 218//218 609//609
f 609//609 218//218 607//607
f 609//609 607//607 610//610
f 610//610 607//607 220//220
f 610//610 220//220 611//611
f 611//611 220//220 219//219
f 611//611 219//219 612//612
f 612//612 219//219 601//601
f 612//612 601//601 613//613
f 261//261 263//263 262//262
f 262//262 263//263 265//265
f 262//262 265//265 614//614
f 614//614 265//265 608//608
f 614//614 608//608 615//615
f 615//615 608//608 609//609
f 615//615 609//609 616//616
f 616//616 609//609 610//610
f 616//616 610//610 617//617
f 617//617 610//610 611//611
f 617//617 611//611 618//618
f 618//618 611//611 612//612
f 618//618 612//612 619//619
f 619//619 612//612 613//613
f 619//619 613//613 223//223
f 215//215 214//214 620//620
f 620//620 214//214 621//621
f 620//620 621//621 622//622
f 622//622 621//621 623//623
f 622//622 623//623 624//624
f 624//624 623//623 625//625
f 624//624 625//625 626//626
f 626//626 625//625 627//627
f 626//626 627//627 628//628
f 628//628 627//627 228//228
f 628//628 228//228 629//629
f 629//629 228//228 229//229
f 629//629 229//229 234//234
f 224//224 228//228 222//222
f 222//222 228//228 627//627
f 222//222 627//627 630//630
f 630//630 627//627 625//625
f 630//630 625//625 631//631
f 631//631 625//625 623//623
f 631//631 623//623 632//632
f 632//632 623//623 621//621
f 632//632 621//621 633//633
f 633//633 621//621 214//214
f 633//633 214//214 634//634
f 634//634 214//214 213//213
f 634//634 213//213 635//635
f 223//223 222//222 619//619
f 619//619 222//222 630//630
f 619//619 630//630 618//618
f 618//618 630//630 631//631
f 618//618 631//631 617//617
f 617//617 631//631 632//632
f 617//617 632//632 616//616
f 616//616 632//632 633//633
f 616//616 633//633 615//615
f 615//615 633//633 634//634
f 615//615 634//634 614//614
f 614//614 634//634 635//635
f 614//614 635//635 262//262
f 234//234 233//233 629//629
f 629//629 233//233 574//574
f 629//629 574//574 628//628
f 628//628 574//574 576//576
f 628//628 576//576 626//626
f 626//626 576//576 578//578
f 626//626 578//578 624//624
f 624//624 578//578 580//580
f 624//624 580//580 622//622
f 622//622 580//580 582//582
f 622//622 582//582 620//620
f 620//620 582//582 636//636
f 620//620 636//636 215//215
f 215//215 636//636 637//637
f 215//215 637//637 213//213
f 213//213 637//637 638//638
f 213//213 638//638 635//635
f 635//635 638//638 337//337
f 635//635 337//337 262//262
f 262//262 337//337 339//339
f 262//262 339//339 260//260
f 639//639 558//558 640//640
f 640//640 558//558 559//559
f 640//640 559//559 641//641
f 641//641 559//559 560//560
f 641//641 560//560 642//642
f 642//642 560//560 561//561
f 642//642 561//561 643//643
f 643//643 561//561 562//562
f 643//643 562//562 644//644
f 645//645 646//646 647//647
f 647//647 646//646 648//648
f 647//647 648//648 649//649
f 650//650 651//651 652//652
f 652//652 651//651 653//653
f 654//654 655//655 656//656
f 656//656 655//655 657//657
f 207//207 206//206 658//658
f 658//658 206//206 659//659
f 658//658 659//659 660//660
f 661//661 645//645 662//662
f 662//662 645//645 647//647
f 662//662 647//647 209//209
f 209//209 647//647 649//649
f 209//209 649//649 210//210
f 210//210 649//649 663//663
f 210//210 663//663 212//212
f 212//212 663//663 664//664
f 589//589 230//230 590//590
f 590//590 230//230 232//232
f 590//590 232//232 591//591
f 591//591 232//232 551//551
f 591//591 551//551 592//592
f 592//592 551//551 554//554
f 592//592 554//554 593//593
f 593//593 554//554 558//558
f 593//593 558//558 594//594
f 594//594 558//558 639//639
f 594//594 639//639 581//581
f 581//581 639//639 665//665
f 581//581 665//665 582//582
f 582//582 665//665 666//666
f 582//582 666//666 636//636
f 343//343 340//340 667//667
f 667//667 340//340 668//668
f 667//667 668//668 669//669
f 669//669 668//668 670//670
f 669//669 670//670 671//671
f 672//672 653//653 673//673
f 673//673 653//653 651//651
f 673//673 651//651 674//674
f 674//674 651//651 650//650
f 674//674 650//650 675//675
f 675//675 650//650 671//671
f 676//676 650//650 677//677
f 677//677 650//650 652//652
f 677//677 652//652 678//678
f 678//678 652//652 653//653
f 678//678 653//653 679//679
f 679//679 653//653 672//672
f 679//679 672//672 680//680
f 664//664 202//202 212//212
f 212//212 202//202 676//676
f 212//212 676//676 211//211
f 211//211 676//676 677//677
f 211//211 677//677 209//209
f 209//209 677//677 678//678
f 209//209 678//678 662//662
f 662//662 678//678 679//679
f 662//662 679//679 661//661
f 661//661 679//679 680//680
f 681//681 352//352 348//348
f 348//348 352//352 354//354
f 348//348 354//354 346//346
f 681//681 682//682 352//352
f 352//352 682//682 359//359
f 352//352 359//359 356//356
f 356//356 359//359 360//360
f 356//356 360//360 357//357
f 202//202 201//201 676//676
f 676//676 201//201 359//359
f 676//676 359//359 650//650
f 650//650 359//359 682//682
f 650//650 682//682 671//671
f 671//671 682//682 681//681
f 671//671 681//681 669//669
f 669//669 681//681 348//348
f 669//669 348//348 667//667
f 667//667 348//348 349//349
f 667//667 349//349 343//343
f 683//683 257//257 684//684
f 684//684 257//257 259//259
f 684//684 259//259 203//203
f 203//203 259//259 685//685
f 203//203 685//685 204//204
f 680//680 563//563 661//661
f 661//661 563//563 564//564
f 661//661 564//564 645//645
f 645//645 564//564 565//565
f 645//645 565//565 646//646
f 646//646 565//565 686//686
f 646//646 686//686 648//648
f 648//648 686//686 687//687
f 648//648 687//687 649//649
f 649//649 687//687 208//208
f 649//649 208//208 663//663
f 663//663 208//208 207//207
f 663//663 207//207 664//664
f 664//664 207//207 658//658
f 664//664 658//658 202//202
f 202//202 658//658 660//660
f 202//202 660//660 200//200
f 200//200 660//660 367//367
f 200//200 367//367 361//361
f 361//361 367//367 370//370
f 276//276 683//683 277//277
f 277//277 683//683 684//684
f 277//277 684//684 688//688
f 688//688 684//684 203//203
f 688//688 203//203 689//689
f 689//689 203//203 205//205
f 689//689 205//205 690//690
f 691//691 692//692 693//693
f 694//694 695//695 696//696
f 696//696 695//695 697//697
f 693//693 698//698 691//691
f 691//691 698//698 699//699
f 691//691 699//699 700//700
f 700//700 699//699 701//701
f 700//700 701//701 702//702
f 701//701 703//703 702//702
f 702//702 703//703 704//704
f 702//702 704//704 705//705
f 706//706 707//707 708//708
f 706//706 709//709 710//710
f 710//710 709//709 711//711
f 710//710 711//711 712//712
f 199//199 713//713 714//714
f 708//708 707//707 715//715
f 715//715 707//707 716//716
f 715//715 716//716 717//717
f 706//706 710//710 707//707
f 707//707 710//710 712//712
f 707//707 712//712 716//716
f 716//716 712//712 718//718
f 716//716 718//718 717//717
f 717//717 718//718 719//719
f 717//717 719//719 720//720
f 198//198 721//721 199//199
f 199//199 721//721 722//722
f 199//199 722//722 713//713
f 713//713 722//722 723//723
f 713//713 723//723 724//724
f 725//725 726//726 727//727
f 727//727 726//726 728//728
f 195//195 725//725 196//196
f 196//196 725//725 727//727
f 196//196 727//727 729//729
f 729//729 727//727 730//730
f 729//729 730//730 731//731
f 731//731 730//730 732//732
f 733//733 732//732 734//734
f 734//734 732//732 730//730
f 734//734 730//730 735//735
f 735//735 730//730 727//727
f 735//735 727//727 736//736
f 736//736 727//727 728//728
f 737//737 738//738 739//739
f 739//739 738//738 740//740
f 739//739 740//740 724//724
f 741//741 742//742 743//743
f 738//738 744//744 740//740
f 740//740 744//744 745//745
f 740//740 745//745 724//724
f 724//724 745//745 746//746
f 724//724 746//746 713//713
f 742//742 741//741 747//747
f 747//747 741//741 748//748
f 747//747 748//748 749//749
f 192//192 191//191 749//749
f 749//749 191//191 750//750
f 749//749 750//750 747//747
f 721//721 194//194 722//722
f 722//722 194//194 196//196
f 722//722 196//196 723//723
f 723//723 196//196 729//729
f 723//723 729//729 724//724
f 724//724 729//729 731//731
f 724//724 731//731 739//739
f 739//739 731//731 732//732
f 739//739 732//732 737//737
f 737//737 732//732 733//733
f 720//720 751//751 717//717
f 717//717 751//751 752//752
f 717//717 752//752 715//715
f 715//715 752//752 753//753
f 715//715 753//753 708//708
f 754//754 755//755 756//756
f 756//756 755//755 757//757
f 756//756 757//757 758//758
f 759//759 760//760 761//761
f 761//761 760//760 762//762
f 761//761 762//762 763//763
f 763//763 762//762 754//754
f 763//763 754//754 764//764
f 764//764 754//754 756//756
f 764//764 756//756 765//765
f 765//765 756//756 758//758
f 765//765 758//758 766//766
f 711//711 743//743 712//712
f 712//712 743//743 742//742
f 712//712 742//742 718//718
f 718//718 742//742 747//747
f 718//718 747//747 719//719
f 719//719 747//747 750//750
f 719//719 750//750 720//720
f 720//720 750//750 191//191
f 720//720 191//191 767//767
f 767//767 191//191 193//193
f 767//767 193//193 768//768
f 769//769 770//770 771//771
f 771//771 770//770 772//772
f 771//771 772//772 773//773
f 773//773 772//772 774//774
f 773//773 774//774 177//177
f 766//766 753//753 765//765
f 765//765 753//753 752//752
f 765//765 752//752 764//764
f 764//764 752//752 751//751
f 764//764 751//751 763//763
f 763//763 751//751 720//720
f 763//763 720//720 761//761
f 761//761 720//720 767//767
f 761//761 767//767 759//759
f 759//759 767//767 768//768
f 177//177 176//176 773//773
f 773//773 176//176 775//775
f 773//773 775//775 771//771
f 771//771 775//775 776//776
f 771//771 776//776 769//769
f 777//777 778//778 779//779
f 780//780 779//779 781//781
f 778//778 782//782 779//779
f 779//779 782//782 783//783
f 779//779 783//783 781//781
f 781//781 783//783 784//784
f 781//781 784//784 785//785
f 785//785 786//786 781//781
f 781//781 786//786 787//787
f 781//781 787//787 780//780
f 780//780 787//787 788//788
f 190//190 189//189 789//789
f 789//789 189//189 790//790
f 789//789 790//790 791//791
f 188//188 792//792 189//189
f 189//189 792//792 788//788
f 189//189 788//788 790//790
f 790//790 788//788 787//787
f 790//790 787//787 791//791
f 791//791 787//787 786//786
f 791//791 786//786 793//793
f 794//794 795//795 796//796
f 796//796 795//795 797//797
f 796//796 797//797 798//798
f 798//798 797//797 799//799
f 798//798 799//799 800//800
f 800//800 799//799 801//801
f 800//800 801//801 802//802
f 803//803 804//804 805//805
f 805//805 804//804 188//188
f 805//805 188//188 806//806
f 806//806 188//188 190//190
f 807//807 808//808 809//809
f 809//809 808//808 810//810
f 809//809 810//810 811//811
f 806//806 812//812 805//805
f 805//805 812//812 813//813
f 805//805 813//813 803//803
f 803//803 813//813 814//814
f 815//815 794//794 816//816
f 816//816 794//794 796//796
f 816//816 796//796 817//817
f 817//817 796//796 798//798
f 817//817 798//798 818//818
f 818//818 798//798 800//800
f 818//818 800//800 819//819
f 819//819 800//800 802//802
f 819//819 802//802 820//820
f 785//785 821//821 786//786
f 786//786 821//821 822//822
f 786//786 822//822 793//793
f 793//793 822//822 823//823
f 793//793 823//823 824//824
f 825//825 826//826 827//827
f 827//827 826//826 828//828
f 827//827 828//828 829//829
f 829//829 828//828 187//187
f 829//829 187//187 830//830
f 830//830 187//187 186//186
f 831//831 832//832 833//833
f 833//833 832//832 834//834
f 833//833 834//834 835//835
f 835//835 834//834 836//836
f 837//837 838//838 839//839
f 839//839 838//838 840//840
f 839//839 840//840 841//841
f 841//841 840//840 842//842
f 843//843 844//844 181//181
f 181//181 844//844 845//845
f 181//181 845//845 182//182
f 826//826 846//846 828//828
f 828//828 846//846 847//847
f 828//828 847//847 187//187
f 187//187 847//847 848//848
f 187//187 848//848 185//185
f 849//849 850//850 851//851
f 851//851 850//850 852//852
f 851//851 852//852 831//831
f 831//831 833//833 851//851
f 851//851 833//833 835//835
f 851//851 835//835 849//849
f 849//849 835//835 836//836
f 849//849 836//836 853//853
f 854//854 855//855 856//856
f 856//856 855//855 857//857
f 854//854 858//858 859//859
f 859//859 858//858 860//860
f 859//859 860//860 861//861
f 832//832 848//848 834//834
f 834//834 848//848 847//847
f 834//834 847//847 836//836
f 836//836 847//847 846//846
f 836//836 846//846 853//853
f 853//853 846//846 826//826
f 853//853 826//826 862//862
f 862//862 826//826 825//825
f 863//863 864//864 865//865
f 865//865 864//864 866//866
f 867//867 868//868 869//869
f 869//869 868//868 870//870
f 869//869 870//870 871//871
f 866//866 864//864 867//867
f 867//867 864//864 872//872
f 867//867 872//872 868//868
f 868//868 872//872 873//873
f 868//868 873//873 870//870
f 854//854 856//856 858//858
f 858//858 856//856 874//874
f 858//858 874//874 860//860
f 860//860 874//874 875//875
f 860//860 875//875 861//861
f 861//861 875//875 876//876
f 861//861 876//876 877//877
f 878//878 879//879 880//880
f 880//880 879//879 881//881
f 880//880 881//881 882//882
f 883//883 184//184 884//884
f 884//884 184//184 179//179
f 884//884 179//179 838//838
f 838//838 179//179 178//178
f 838//838 178//178 840//840
f 885//885 886//886 887//887
f 887//887 886//886 888//888
f 887//887 888//888 889//889
f 890//890 815//815 891//891
f 891//891 815//815 816//816
f 891//891 816//816 892//892
f 892//892 816//816 817//817
f 892//892 817//817 893//893
f 893//893 817//817 818//818
f 893//893 818//818 894//894
f 894//894 818//818 819//819
f 894//894 819//819 895//895
f 895//895 819//819 820//820
f 895//895 820//820 896//896
f 282//282 275//275 283//283
f 283//283 275//275 277//277
f 283//283 277//277 897//897
f 897//897 277//277 688//688
f 897//897 688//688 898//898
f 898//898 688//688 689//689
f 898//898 689//689 899//899
f 899//899 689//689 690//690
f 899//899 690//690 900//900
f 900//900 690//690 901//901
f 900//900 901//901 902//902
f 902//902 901//901 903//903
f 902//902 903//903 904//904
f 904//904 903//903 905//905
f 904//904 905//905 906//906
f 906//906 905//905 907//907
f 906//906 907//907 908//908
f 908//908 907//907 909//909
f 908//908 909//909 910//910
f 910//910 909//909 911//911
f 910//910 911//911 912//912
f 175//175 227//227 644//644
f 644//644 227//227 226//226
f 644//644 226//226 643//643
f 643//643 226//226 563//563
f 643//643 563//563 642//642
f 642//642 563//563 680//680
f 642//642 680//680 641//641
f 641//641 680//680 672//672
f 641//641 672//672 640//640
f 640//640 672//672 673//673
f 640//640 673//673 639//639
f 639//639 673//673 674//674
f 639//639 674//674 665//665
f 665//665 674//674 675//675
f 665//665 675//675 666//666
f 666//666 675//675 671//671
f 666//666 671//671 636//636
f 636//636 671//671 670//670
f 636//636 670//670 637//637
f 637//637 670//670 668//668
f 637//637 668//668 638//638
f 638//638 668//668 340//340
f 638//638 340//340 337//337
f 337//337 340//340 342//342
f 337//337 342//342 338//338
f 888//888 912//912 889//889
f 889//889 912//912 911//911
f 889//889 911//911 913//913
f 913//913 911//911 909//909
f 913//913 909//909 914//914
f 914//914 909//909 907//907
f 914//914 907//907 915//915
f 915//915 907//907 905//905
f 915//915 905//905 916//916
f 916//916 905//905 903//903
f 916//916 903//903 917//917
f 917//917 903//903 901//901
f 917//917 901//901 918//918
f 918//918 901//901 690//690
f 918//918 690//690 654//654
f 654//654 690//690 205//205
f 654//654 205//205 655//655
f 655//655 205//205 204//204
f 655//655 204//204 657//657
f 657//657 204//204 685//685
f 919//919 920//920 921//921
f 921//921 920//920 922//922
f 921//921 922//922 923//923
f 923//923 922//922 924//924
f 923//923 924//924 925//925
f 925//925 924//924 926//926
f 925//925 926//926 927//927
f 927//927 926//926 928//928
f 927//927 928//928 929//929
f 929//929 928//928 930//930
f 929//929 930//930 931//931
f 931//931 930//930 932//932
f 931//931 932//932 933//933
f 933//933 932//932 896//896
f 933//933 896//896 934//934
f 934//934 896//896 820//820
f 934//934 820//820 935//935
f 935//935 820//820 802//802
f 935//935 802//802 811//811
f 811//811 802//802 801//801
f 811//811 801//801 809//809
f 809//809 801//801 799//799
f 809//809 799//799 807//807
f 807//807 799//799 797//797
f 807//807 797//797 936//936
f 936//936 797//797 795//795
f 936//936 795//795 733//733
f 733//733 795//795 794//794
f 733//733 794//794 737//737
f 737//737 794//794 815//815
f 737//737 815//815 738//738
f 738//738 815//815 890//890
f 738//738 890//890 744//744
f 937//937 938//938 939//939
f 814//814 940//940 941//941
f 941//941 940//940 942//942
f 941//941 942//942 943//943
f 943//943 942//942 944//944
f 943//943 944//944 945//945
f 945//945 944//944 946//946
f 945//945 946//946 947//947
f 947//947 946//946 948//948
f 947//947 948//948 949//949
f 949//949 948//948 371//371
f 949//949 371//371 950//950
f 950//950 371//371 373//373
f 950//950 373//373 951//951
f 951//951 373//373 375//375
f 951//951 375//375 952//952
f 952//952 375//375 401//401
f 952//952 401//401 253//253
f 253//253 401//401 402//402
f 253//253 402//402 251//251
f 251//251 402//402 396//396
f 251//251 396//396 403//403
f 403//403 396//396 394//394
f 403//403 394//394 411//411
f 411//411 394//394 392//392
f 411//411 392//392 412//412
f 412//412 392//392 416//416
f 736//736 777//777 735//735
f 735//735 777//777 779//779
f 735//735 779//779 734//734
f 734//734 779//779 780//780
f 734//734 780//780 733//733
f 733//733 780//780 788//788
f 733//733 788//788 936//936
f 936//936 788//788 792//792
f 936//936 792//792 807//807
f 807//807 792//792 188//188
f 807//807 188//188 808//808
f 808//808 188//188 804//804
f 808//808 804//804 810//810
f 810//810 804//804 803//803
f 810//810 803//803 811//811
f 811//811 803//803 814//814
f 811//811 814//814 935//935
f 935//935 814//814 941//941
f 935//935 941//941 934//934
f 934//934 941//941 943//943
f 934//934 943//943 933//933
f 933//933 943//943 945//945
f 933//933 945//945 931//931
f 931//931 945//945 947//947
f 931//931 947//947 929//929
f 929//929 947//947 949//949
f 929//929 949//949 927//927
f 927//927 949//949 950//950
f 927//927 950//950 925//925
f 925//925 950//950 951//951
f 925//925 951//951 923//923
f 923//923 951//951 952//952
f 923//923 952//952 921//921
f 921//921 952//952 253//253
f 921//921 253//253 919//919
f 919//919 253//253 252//252
f 937//937 939//939 953//953
f 953//953 939//939 954//954
f 953//953 954//954 955//955
f 706//706 714//714 709//709
f 709//709 714//714 713//713
f 709//709 713//713 711//711
f 711//711 713//713 746//746
f 711//711 746//746 743//743
f 743//743 746//746 745//745
f 743//743 745//745 741//741
f 741//741 745//745 744//744
f 741//741 744//744 748//748
f 748//748 744//744 890//890
f 748//748 890//890 749//749
f 749//749 890//890 891//891
f 749//749 891//891 885//885
f 885//885 891//891 892//892
f 885//885 892//892 886//886
f 886//886 892//892 893//893
f 886//886 893//893 888//888
f 888//888 893//893 894//894
f 888//888 894//894 912//912
f 912//912 894//894 895//895
f 912//912 895//895 910//910
f 910//910 895//895 896//896
f 910//910 896//896 908//908
f 908//908 896//896 932//932
f 908//908 932//932 906//906
f 906//906 932//932 930//930
f 906//906 930//930 904//904
f 904//904 930//930 928//928
f 904//904 928//928 902//902
f 902//902 928//928 926//926
f 902//902 926//926 900//900
f 900//900 926//926 924//924
f 900//900 924//924 899//899
f 899//899 924//924 922//922
f 899//899 922//922 898//898
f 898//898 922//922 920//920
f 898//898 920//920 897//897
f 897//897 920//920 919//919
f 897//897 919//919 283//283
f 175//175 644//644 176//176
f 176//176 644//644 562//562
f 176//176 562//562 775//775
f 775//775 562//562 557//557
f 775//775 557//557 776//776
f 776//776 557//557 553//553
f 776//776 553//553 956//956
f 956//956 553//553 231//231
f 956//956 231//231 957//957
f 957//957 231//231 230//230
f 957//957 230//230 958//958
f 958//958 230//230 589//589
f 958//958 589//589 959//959
f 959//959 589//589 583//583
f 959//959 583//583 960//960
f 960//960 583//583 237//237
f 960//960 237//237 549//549
f 549//549 237//237 235//235
f 549//549 235//235 550//550
f 550//550 235//235 234//234
f 550//550 234//234 566//566
f 566//566 234//234 229//229
f 566//566 229//229 567//567
f 567//567 229//229 224//224
f 567//567 224//224 568//568
f 568//568 224//224 223//223
f 568//568 223//223 569//569
f 569//569 223//223 613//613
f 569//569 613//613 570//570
f 570//570 613//613 601//601
f 570//570 601//601 571//571
f 571//571 601//601 602//602
f 571//571 602//602 572//572
f 572//572 602//602 603//603
f 572//572 603//603 543//543
f 543//543 603//603 606//606
f 543//543 606//606 544//544
f 544//544 606//606 548//548
f 544//544 548//548 546//546
f 546//546 548//548 324//324
f 546//546 324//324 547//547
f 547//547 324//324 318//318
f 547//547 318//318 533//533
f 533//533 318//318 316//316
f 533//533 316//316 532//532
f 532//532 316//316 314//314
f 532//532 314//314 531//531
f 531//531 314//314 271//271
f 531//531 271//271 530//530
f 530//530 271//271 307//307
f 530//530 307//307 498//498
f 498//498 307//307 305//305
f 498//498 305//305 496//496
f 496//496 305//305 302//302
f 496//496 302//302 494//494
f 494//494 302//302 274//274
f 494//494 274//274 445//445
f 445//445 274//274 296//296
f 445//445 296//296 444//444
f 444//444 296//296 292//292
f 444//444 292//292 443//443
f 443//443 292//292 294//294
f 443//443 294//294 290//290
f 290//290 294//294 961//961
f 290//290 961//961 291//291
f 845//845 962//962 182//182
f 182//182 962//962 963//963
f 182//182 963//963 964//964
f 965//965 966//966 967//967
f 967//967 966//966 968//968
f 969//969 970//970 971//971
f 971//971 970//970 972//972
f 971//971 972//972 967//967
f 967//967 972//972 174//174
f 967//967 174//174 965//965
f 965//965 174//174 173//173
f 171//171 170//170 973//973
f 973//973 170//170 974//974
f 973//973 974//974 975//975
f 976//976 977//977 978//978
f 978//978 977//977 979//979
f 978//978 979//979 980//980
f 977//977 981//981 979//979
f 979//979 981//981 982//982
f 979//979 982//982 983//983
f 983//983 982//982 984//984
f 983//983 984//984 985//985
f 985//985 984//984 986//986
f 987//987 988//988 989//989
f 989//989 988//988 985//985
f 989//989 985//985 990//990
f 990//990 985//985 986//986
f 991//991 969//969 992//992
f 992//992 969//969 971//971
f 992//992 971//971 980//980
f 980//980 971//971 967//967
f 980//980 967//967 978//978
f 978//978 967//967 968//968
f 978//978 968//968 976//976
f 975//975 993//993 973//973
f 973//973 993//993 994//994
f 973//973 994//994 171//171
f 171//171 994//994 995//995
f 171//171 995//995 169//169
f 995//995 183//183 169//169
f 169//169 183//183 182//182
f 169//169 182//182 170//170
f 170//170 182//182 964//964
f 170//170 964//964 974//974
f 974//974 964//964 996//996
f 974//974 996//996 975//975
f 975//975 996//996 997//997
f 975//975 997//997 993//993
f 993//993 997//997 998//998
f 999//999 1000//1000 1001//1001
f 1001//1001 1000//1000 1002//1002
f 1001//1001 1002//1002 1003//1003
f 165//165 871//871 1004//1004
f 1004//1004 871//871 870//870
f 1004//1004 870//870 878//878
f 878//878 870//870 873//873
f 878//878 873//873 879//879
f 879//879 873//873 872//872
f 879//879 872//872 881//881
f 881//881 872//872 864//864
f 881//881 864//864 882//882
f 882//882 864//864 863//863
f 856//856 865//865 874//874
f 874//874 865//865 866//866
f 874//874 866//866 875//875
f 875//875 866//866 867//867
f 875//875 867//867 876//876
f 876//876 867//867 869//869
f 876//876 869//869 1005//1005
f 1005//1005 869//869 871//871
f 1005//1005 871//871 1006//1006
f 1006//1006 871//871 165//165
f 1006//1006 165//165 1007//1007
f 1007//1007 165//165 167//167
f 1008//1008 1009//1009 1010//1010
f 1011//1011 1012//1012 1013//1013
f 1013//1013 1012//1012 1014//1014
f 1013//1013 1014//1014 1015//1015
f 1015//1015 1014//1014 1008//1008
f 1015//1015 1008//1008 1016//1016
f 1016//1016 1008//1008 1010//1010
f 837//837 843//843 838//838
f 838//838 843//843 181//181
f 838//838 181//181 884//884
f 884//884 181//181 183//183
f 884//884 183//183 883//883
f 883//883 183//183 995//995
f 883//883 995//995 1017//1017
f 1017//1017 995//995 994//994
f 1017//1017 994//994 1018//1018
f 1018//1018 994//994 993//993
f 1018//1018 993//993 1019//1019
f 1019//1019 993//993 998//998
f 1019//1019 998//998 1020//1020
f 1020//1020 998//998 1009//1009
f 1020//1020 1009//1009 1021//1021
f 1021//1021 1009//1009 1008//1008
f 1021//1021 1008//1008 1022//1022
f 1022//1022 1008//1008 1014//1014
f 1022//1022 1014//1014 1023//1023
f 1023//1023 1014//1014 1012//1012
f 1023//1023 1012//1012 1024//1024
f 1024//1024 1012//1012 1011//1011
f 1024//1024 1011//1011 1025//1025
f 164//164 163//163 1026//1026
f 1026//1026 163//163 1027//1027
f 1026//1026 1027//1027 1028//1028
f 1028//1028 1027//1027 1029//1029
f 1028//1028 1029//1029 999//999
f 999//999 1029//1029 1030//1030
f 999//999 1030//1030 1000//1000
f 1031//1031 1032//1032 162//162
f 162//162 1032//1032 163//163
f 163//163 1032//1032 1033//1033
f 163//163 1033//1033 1027//1027
f 1027//1027 1033//1033 1034//1034
f 1027//1027 1034//1034 1029//1029
f 1029//1029 1034//1034 1035//1035
f 1029//1029 1035//1035 1030//1030
f 1035//1035 168//168 1030//1030
f 1030//1030 168//168 166//166
f 1030//1030 166//166 1000//1000
f 1000//1000 166//166 165//165
f 1000//1000 165//165 1002//1002
f 1002//1002 165//165 1004//1004
f 1002//1002 1004//1004 1003//1003
f 1003//1003 1004//1004 878//878
f 1003//1003 878//878 1036//1036
f 1036//1036 878//878 880//880
f 1036//1036 880//880 1037//1037
f 1037//1037 880//880 882//882
f 1037//1037 882//882 1038//1038
f 1038//1038 882//882 863//863
f 1038//1038 863//863 1039//1039
f 1039//1039 863//863 865//865
f 1039//1039 865//865 1040//1040
f 1040//1040 865//865 856//856
f 1040//1040 856//856 1041//1041
f 1041//1041 856//856 857//857
f 1041//1041 857//857 1042//1042
f 1010//1010 1043//1043 1016//1016
f 1016//1016 1043//1043 1044//1044
f 1016//1016 1044//1044 1015//1015
f 1015//1015 1044//1044 1045//1045
f 1015//1015 1045//1045 1013//1013
f 1013//1013 1045//1045 1046//1046
f 1013//1013 1046//1046 1011//1011
f 1011//1011 1046//1046 1047//1047
f 987//987 1048//1048 988//988
f 988//988 1048//1048 1049//1049
f 988//988 1049//1049 1050//1050
f 1050//1050 1049//1049 1051//1051
f 1050//1050 1051//1051 1052//1052
f 1052//1052 1051//1051 1053//1053
f 1052//1052 1053//1053 1054//1054
f 1055//1055 1056//1056 1057//1057
f 1057//1057 1056//1056 1058//1058
f 1059//1059 1060//1060 1061//1061
f 1061//1061 1060//1060 1062//1062
f 991//991 992//992 1063//1063
f 1063//1063 992//992 980//980
f 1063//1063 980//980 1064//1064
f 1064//1064 980//980 979//979
f 1064//1064 979//979 1065//1065
f 1065//1065 979//979 983//983
f 1065//1065 983//983 1066//1066
f 1066//1066 983//983 985//985
f 1066//1066 985//985 1067//1067
f 1067//1067 985//985 988//988
f 1067//1067 988//988 1068//1068
f 1068//1068 988//988 1050//1050
f 1068//1068 1050//1050 1069//1069
f 1069//1069 1050//1050 1052//1052
f 1069//1069 1052//1052 1070//1070
f 963//963 172//172 964//964
f 964//964 172//172 174//174
f 964//964 174//174 996//996
f 996//996 174//174 972//972
f 996//996 972//972 997//997
f 997//997 972//972 970//970
f 997//997 970//970 998//998
f 998//998 970//970 969//969
f 998//998 969//969 1009//1009
f 1009//1009 969//969 991//991
f 1009//1009 991//991 1010//1010
f 1010//1010 991//991 1063//1063
f 1010//1010 1063//1063 1043//1043
f 1043//1043 1063//1063 1064//1064
f 1043//1043 1064//1064 1044//1044
f 1044//1044 1064//1064 1065//1065
f 1044//1044 1065//1065 1045//1045
f 1045//1045 1065//1065 1066//1066
f 1045//1045 1066//1066 1046//1046
f 1046//1046 1066//1066 1067//1067
f 1046//1046 1067//1067 1047//1047
f 1047//1047 1067//1067 1068//1068
f 1047//1047 1068//1068 1071//1071
f 1071//1071 1068//1068 1069//1069
f 1071//1071 1069//1069 1072//1072
f 1072//1072 1069//1069 1070//1070
f 1072//1072 1070//1070 1073//1073
f 1074//1074 1075//1075 1061//1061
f 1076//1076 1077//1077 1078//1078
f 1078//1078 1077//1077 1079//1079
f 1080//1080 1081//1081 1078//1078
f 1078//1078 1081//1081 1082//1082
f 1078//1078 1082//1082 1076//1076
f 1083//1083 1084//1084 1085//1085
f 1085//1085 1084//1084 1079//1079
f 1085//1085 1079//1079 1086//1086
f 1086//1086 1079//1079 1077//1077
f 1083//1083 1087//1087 1084//1084
f 1084//1084 1087//1087 1088//1088
f 1084//1084 1088//1088 692//692
f 692//692 1088//1088 1089//1089
f 692//692 1089//1089 693//693
f 1062//1062 1090//1090 1061//1061
f 1061//1061 1090//1090 1091//1091
f 1061//1061 1091//1091 1074//1074
f 1074//1074 1091//1091 1092//1092
f 1074//1074 1092//1092 1093//1093
f 1093//1093 1092//1092 1094//1094
f 1093//1093 1094//1094 1095//1095
f 1095//1095 1094//1094 1096//1096
f 1095//1095 1096//1096 1097//1097
f 1097//1097 1096//1096 1098//1098
f 1097//1097 1098//1098 1099//1099
f 1099//1099 1098//1098 1100//1100
f 1099//1099 1100//1100 1101//1101
f 1101//1101 1100//1100 1102//1102
f 1101//1101 1102//1102 1103//1103
f 1103//1103 1102//1102 1104//1104
f 1103//1103 1104//1104 1105//1105
f 1090//1090 1080//1080 1091//1091
f 1091//1091 1080//1080 1078//1078
f 1091//1091 1078//1078 1092//1092
f 1092//1092 1078//1078 1079//1079
f 1092//1092 1079//1079 1094//1094
f 1094//1094 1079//1079 1084//1084
f 1094//1094 1084//1084 1096//1096
f 1096//1096 1084//1084 692//692
f 1096//1096 692//692 1098//1098
f 1098//1098 692//692 691//691
f 1098//1098 691//691 1100//1100
f 1100//1100 691//691 700//700
f 1100//1100 700//700 1102//1102
f 1102//1102 700//700 702//702
f 1102//1102 702//702 1104//1104
f 1104//1104 702//702 1106//1106
f 1104//1104 1106//1106 1105//1105
f 1107//1107 1108//1108 1109//1109
f 1109//1109 1108//1108 1110//1110
f 1109//1109 1110//1110 1111//1111
f 1111//1111 1110//1110 1112//1112
f 1111//1111 1112//1112 1113//1113
f 1113//1113 1112//1112 1114//1114
f 1113//1113 1114//1114 1115//1115
f 1115//1115 1114//1114 1116//1116
f 1115//1115 1116//1116 697//697
f 697//697 1116//1116 1117//1117
f 697//697 1117//1117 696//696
f 1107//1107 1075//1075 1108//1108
f 1108//1108 1075//1075 1074//1074
f 1108//1108 1074//1074 1110//1110
f 1110//1110 1074//1074 1093//1093
f 1110//1110 1093//1093 1112//1112
f 1112//1112 1093//1093 1095//1095
f 1112//1112 1095//1095 1114//1114
f 1114//1114 1095//1095 1097//1097
f 1114//1114 1097//1097 1116//1116
f 1116//1116 1097//1097 1099//1099
f 1116//1116 1099//1099 1117//1117
f 1117//1117 1099//1099 1101//1101
f 1117//1117 1101//1101 696//696
f 696//696 1101//1101 1103//1103
f 696//696 1103//1103 694//694
f 694//694 1103//1103 1105//1105
f 1054//1054 1055//1055 1052//1052
f 1052//1052 1055//1055 1057//1057
f 1052//1052 1057//1057 1070//1070
f 1070//1070 1057//1057 1118//1118
f 1070//1070 1118//1118 1073//1073
f 1073//1073 1118//1118 1119//1119
f 1073//1073 1119//1119 1120//1120
f 1120//1120 1119//1119 1121//1121
f 1120//1120 1121//1121 1122//1122
f 1122//1122 1121//1121 1123//1123
f 1124//1124 1125//1125 157//157
f 157//157 1125//1125 1126//1126
f 157//157 1126//1126 155//155
f 155//155 1126//1126 1127//1127
f 1128//1128 1129//1129 1130//1130
f 1130//1130 1131//1131 1128//1128
f 1128//1128 1131//1131 1132//1132
f 1128//1128 1132//1132 1133//1133
f 1133//1133 1132//1132 1134//1134
f 1133//1133 1134//1134 1135//1135
f 1135//1135 1134//1134 1136//1136
f 1135//1135 1136//1136 1124//1124
f 156//156 155//155 1137//1137
f 1137//1137 155//155 1138//1138
f 1137//1137 1138//1138 1139//1139
f 1124//1124 157//157 1135//1135
f 1135//1135 157//157 156//156
f 1135//1135 156//156 1133//1133
f 1133//1133 156//156 1137//1137
f 1133//1133 1137//1137 1128//1128
f 1128//1128 1137//1137 1139//1139
f 1128//1128 1139//1139 1129//1129
f 1125//1125 158//158 1126//1126
f 1126//1126 158//158 160//160
f 1126//1126 160//160 1127//1127
f 1127//1127 160//160 161//161
f 1127//1127 161//161 1140//1140
f 1131//1131 1141//1141 1132//1132
f 1132//1132 1141//1141 1025//1025
f 1132//1132 1025//1025 1134//1134
f 1134//1134 1025//1025 1011//1011
f 1134//1134 1011//1011 1136//1136
f 1136//1136 1011//1011 1047//1047
f 1136//1136 1047//1047 1124//1124
f 1124//1124 1047//1047 1071//1071
f 1124//1124 1071//1071 1125//1125
f 1125//1125 1071//1071 1072//1072
f 1125//1125 1072//1072 158//158
f 158//158 1072//1072 1073//1073
f 158//158 1073//1073 159//159
f 159//159 1073//1073 1120//1120
f 159//159 1120//1120 161//161
f 161//161 1120//1120 1122//1122
f 161//161 1122//1122 1140//1140
f 1140//1140 1122//1122 1123//1123
f 1142//1142 1143//1143 1144//1144
f 1144//1144 1143//1143 1145//1145
f 1144//1144 1145//1145 1146//1146
f 1146//1146 1145//1145 1147//1147
f 1146//1146 1147//1147 1148//1148
f 1148//1148 1147//1147 1149//1149
f 1148//1148 1149//1149 1123//1123
f 1123//1123 1149//1149 1150//1150
f 1123//1123 1150//1150 1140//1140
f 1058//1058 1059//1059 1057//1057
f 1057//1057 1059//1059 1061//1061
f 1057//1057 1061//1061 1118//1118
f 1118//1118 1061//1061 1075//1075
f 1118//1118 1075//1075 1119//1119
f 1119//1119 1075//1075 1107//1107
f 1119//1119 1107//1107 1121//1121
f 1121//1121 1107//1107 1109//1109
f 1121//1121 1109//1109 1123//1123
f 1123//1123 1109//1109 1111//1111
f 1123//1123 1111//1111 1148//1148
f 1148//1148 1111//1111 1113//1113
f 1148//1148 1113//1113 1146//1146
f 1146//1146 1113//1113 1115//1115
f 1146//1146 1115//1115 1144//1144
f 1144//1144 1115//1115 697//697
f 1144//1144 697//697 1142//1142
f 1151//1151 1152//1152 1153//1153
f 1153//1153 1152//1152 1154//1154
f 1153//1153 1154//1154 1155//1155
f 1155//1155 1154//1154 1156//1156
f 1155//1155 1156//1156 1157//1157
f 1157//1157 1156//1156 1158//1158
f 1157//1157 1158//1158 1159//1159
f 938//938 1160//1160 939//939
f 939//939 1160//1160 1161//1161
f 939//939 1161//1161 954//954
f 954//954 1161//1161 1162//1162
f 954//954 1162//1162 955//955
f 1163//1163 877//877 1164//1164
f 1164//1164 877//877 876//876
f 1164//1164 876//876 1165//1165
f 1165//1165 876//876 1005//1005
f 1165//1165 1005//1005 1166//1166
f 1166//1166 1005//1005 1006//1006
f 1166//1166 1006//1006 1167//1167
f 1167//1167 1006//1006 1007//1007
f 1167//1167 1007//1007 1168//1168
f 1168//1168 1007//1007 167//167
f 1168//1168 167//167 1169//1169
f 1169//1169 167//167 168//168
f 1169//1169 168//168 1170//1170
f 1170//1170 168//168 1035//1035
f 1170//1170 1035//1035 1171//1171
f 1171//1171 1035//1035 1034//1034
f 1171//1171 1034//1034 1172//1172
f 1172//1172 1034//1034 1033//1033
f 1172//1172 1033//1033 1173//1173
f 1173//1173 1033//1033 1032//1032
f 1173//1173 1032//1032 1174//1174
f 1174//1174 1032//1032 1031//1031
f 1174//1174 1031//1031 1175//1175
f 1159//1159 1175//1175 1157//1157
f 1157//1157 1175//1175 1031//1031
f 1157//1157 1031//1031 1155//1155
f 1155//1155 1031//1031 162//162
f 1155//1155 162//162 1153//1153
f 1153//1153 162//162 164//164
f 1153//1153 164//164 1151//1151
f 1151//1151 164//164 1026//1026
f 1151//1151 1026//1026 1176//1176
f 1176//1176 1026//1026 1028//1028
f 1176//1176 1028//1028 1177//1177
f 1177//1177 1028//1028 999//999
f 1177//1177 999//999 1178//1178
f 1178//1178 999//999 1001//1001
f 1178//1178 1001//1001 1179//1179
f 1179//1179 1001//1001 1003//1003
f 1179//1179 1003//1003 1180//1180
f 1180//1180 1003//1003 1036//1036
f 1180//1180 1036//1036 1181//1181
f 1181//1181 1036//1036 1037//1037
f 1181//1181 1037//1037 1182//1182
f 1182//1182 1037//1037 1038//1038
f 1182//1182 1038//1038 1183//1183
f 1183//1183 1038//1038 1039//1039
f 1183//1183 1039//1039 862//862
f 862//862 1039//1039 1040//1040
f 862//862 1040//1040 853//853
f 853//853 1040//1040 1041//1041
f 853//853 1041//1041 849//849
f 849//849 1041//1041 1042//1042
f 849//849 1042//1042 850//850
f 1184//1184 1185//1185 1186//1186
f 1186//1186 1185//1185 1187//1187
f 1186//1186 1187//1187 1188//1188
f 1188//1188 1187//1187 1189//1189
f 1188//1188 1189//1189 1190//1190
f 1190//1190 1189//1189 1191//1191
f 1190//1190 1191//1191 1192//1192
f 1192//1192 1191//1191 1193//1193
f 1192//1192 1193//1193 1194//1194
f 1194//1194 1193//1193 1195//1195
f 1194//1194 1195//1195 1196//1196
f 1196//1196 1195//1195 1197//1197
f 1196//1196 1197//1197 1198//1198
f 1198//1198 1197//1197 1199//1199
f 1198//1198 1199//1199 1200//1200
f 1200//1200 1199//1199 1201//1201
f 1200//1200 1201//1201 1162//1162
f 1162//1162 1201//1201 1202//1202
f 1162//1162 1202//1202 955//955
f 830//830 842//842 829//829
f 829//829 842//842 840//840
f 829//829 840//840 827//827
f 827//827 840//840 178//178
f 827//827 178//178 825//825
f 825//825 178//178 180//180
f 825//825 180//180 862//862
f 862//862 180//180 184//184
f 862//862 184//184 1183//1183
f 1183//1183 184//184 883//883
f 1183//1183 883//883 1182//1182
f 1182//1182 883//883 1017//1017
f 1182//1182 1017//1017 1181//1181
f 1181//1181 1017//1017 1018//1018
f 1181//1181 1018//1018 1180//1180
f 1180//1180 1018//1018 1019//1019
f 1180//1180 1019//1019 1179//1179
f 1179//1179 1019//1019 1020//1020
f 1179//1179 1020//1020 1178//1178
f 1178//1178 1020//1020 1021//1021
f 1178//1178 1021//1021 1177//1177
f 1177//1177 1021//1021 1022//1022
f 1177//1177 1022//1022 1176//1176
f 1176//1176 1022//1022 1023//1023
f 1176//1176 1023//1023 1151//1151
f 1151//1151 1023//1023 1024//1024
f 1151//1151 1024//1024 1152//1152
f 1152//1152 1024//1024 1025//1025
f 1152//1152 1025//1025 1154//1154
f 1154//1154 1025//1025 1141//1141
f 1154//1154 1141//1141 1156//1156
f 1156//1156 1141//1141 1131//1131
f 1156//1156 1131//1131 1158//1158
f 1158//1158 1131//1131 1130//1130
f 1158//1158 1130//1130 1159//1159
f 1159//1159 1130//1130 1184//1184
f 1159//1159 1184//1184 1175//1175
f 1175//1175 1184//1184 1186//1186
f 1175//1175 1186//1186 1174//1174
f 1174//1174 1186//1186 1188//1188
f 1174//1174 1188//1188 1173//1173
f 1173//1173 1188//1188 1190//1190
f 1173//1173 1190//1190 1172//1172
f 1172//1172 1190//1190 1192//1192
f 1172//1172 1192//1192 1171//1171
f 1171//1171 1192//1192 1194//1194
f 1171//1171 1194//1194 1170//1170
f 1170//1170 1194//1194 1196//1196
f 1170//1170 1196//1196 1169//1169
f 1169//1169 1196//1196 1198//1198
f 1169//1169 1198//1198 1168//1168
f 1168//1168 1198//1198 1200//1200
f 1168//1168 1200//1200 1167//1167
f 1167//1167 1200//1200 1162//1162
f 1167//1167 1162//1162 1166//1166
f 1166//1166 1162//1162 1161//1161
f 1166//1166 1161//1161 1165//1165
f 1165//1165 1161//1161 1160//1160
f 1165//1165 1160//1160 1164//1164
f 1164//1164 1160//1160 938//938
f 1164//1164 938//938 1163//1163
f 1163//1163 938//938 937//937
f 1203//1203 1204//1204 1205//1205
f 1206//1206 1207//1207 1208//1208
f 1208//1208 1207//1207 1209//1209
f 1208//1208 1209//1209 1210//1210
f 1210//1210 1209//1209 1211//1211
f 1210//1210 1211//1211 1212//1212
f 1213//1213 1214//1214 1215//1215
f 1215//1215 1214//1214 1216//1216
f 1215//1215 1216//1216 1217//1217
f 1217//1217 1216//1216 1218//1218
f 1205//1205 1219//1219 1203//1203
f 1203//1203 1219//1219 1220//1220
f 1203//1203 1220//1220 1221//1221
f 1221//1221 1220//1220 1206//1206
f 1221//1221 1206//1206 1222//1222
f 1222//1222 1206//1206 1208//1208
f 1222//1222 1208//1208 1213//1213
f 1213//1213 1208//1208 1210//1210
f 1213//1213 1210//1210 1214//1214
f 1214//1214 1210//1210 1212//1212
f 1214//1214 1212//1212 1216//1216
f 1223//1223 1224//1224 1225//1225
f 1225//1225 1224//1224 1218//1218
f 1225//1225 1218//1218 1226//1226
f 1226//1226 1218//1218 1216//1216
f 1143//1143 1223//1223 1145//1145
f 1145//1145 1223//1223 1225//1225
f 1145//1145 1225//1225 1147//1147
f 1147//1147 1225//1225 1226//1226
f 1147//1147 1226//1226 1149//1149
f 1149//1149 1226//1226 1216//1216
f 1149//1149 1216//1216 1150//1150
f 1150//1150 1216//1216 1212//1212
f 1150//1150 1212//1212 1140//1140
f 1140//1140 1212//1212 1211//1211
f 1140//1140 1211//1211 1127//1127
f 1127//1127 1211//1211 1209//1209
f 1127//1127 1209//1209 155//155
f 155//155 1209//1209 1207//1207
f 155//155 1207//1207 1138//1138
f 1138//1138 1207//1207 1206//1206
f 1138//1138 1206//1206 1139//1139
f 1139//1139 1206//1206 1220//1220
f 1139//1139 1220//1220 1129//1129
f 1129//1129 1220//1220 1219//1219
f 1129//1129 1219//1219 1130//1130
f 1130//1130 1219//1219 1205//1205
f 1130//1130 1205//1205 1184//1184
f 1184//1184 1205//1205 1204//1204
f 1184//1184 1204//1204 1185//1185
f 705//705 197//197 702//702
f 702//702 197//197 199//199
f 702//702 199//199 1106//1106
f 1106//1106 199//199 714//714
f 1106//1106 714//714 1105//1105
f 1105//1105 714//714 706//706
f 1105//1105 706//706 694//694
f 694//694 706//706 708//708
f 694//694 708//708 695//695
f 695//695 708//708 753//753
f 695//695 753//753 697//697
f 697//697 753//753 766//766
f 697//697 766//766 1142//1142
f 1142//1142 766//766 758//758
f 1142//1142 758//758 1143//1143
f 1143//1143 758//758 757//757
f 1143//1143 757//757 1223//1223
f 1223//1223 757//757 755//755
f 1223//1223 755//755 1224//1224
f 1224//1224 755//755 1227//1227
f 1224//1224 1227//1227 1218//1218
f 1218//1218 1227//1227 1228//1228
f 1218//1218 1228//1228 1217//1217
f 1217//1217 1228//1228 1229//1229
f 1217//1217 1229//1229 1215//1215
f 1215//1215 1229//1229 1230//1230
f 1215//1215 1230//1230 1213//1213
f 1213//1213 1230//1230 1231//1231
f 1213//1213 1231//1231 1222//1222
f 1222//1222 1231//1231 1232//1232
f 1222//1222 1232//1232 1221//1221
f 1221//1221 1232//1232 1233//1233
f 1221//1221 1233//1233 1203//1203
f 1203//1203 1233//1233 1234//1234
f 1203//1203 1234//1234 1204//1204
f 1204//1204 1234//1234 1235//1235
f 1204//1204 1235//1235 1185//1185
f 1185//1185 1235//1235 1236//1236
f 1185//1185 1236//1236 1187//1187
f 1187//1187 1236//1236 379//379
f 1187//1187 379//379 1189//1189
f 1189//1189 379//379 255//255
f 1189//1189 255//255 1191//1191
f 1191//1191 255//255 254//254
f 1191//1191 254//254 1193//1193
f 1193//1193 254//254 377//377
f 1193//1193 377//377 1195//1195
f 1195//1195 377//377 398//398
f 1195//1195 398//398 1197//1197
f 1197//1197 398//398 399//399
f 1197//1197 399//399 1199//1199
f 1199//1199 399//399 400//400
f 1199//1199 400//400 1201//1201
f 1201//1201 400//400 376//376
f 1201//1201 376//376 1202//1202
f 1202//1202 376//376 374//374
f 1202//1202 374//374 955//955
f 955//955 374//374 372//372
f 955//955 372//372 953//953
f 953//953 372//372 371//371
f 953//953 371//371 937//937
f 937//937 371//371 948//948
f 937//937 948//948 1163//1163
f 1163//1163 948//948 946//946
f 1163//1163 946//946 877//877
f 877//877 946//946 944//944
f 877//877 944//944 861//861
f 861//861 944//944 942//942
f 861//861 942//942 859//859
f 859//859 942//942 940//940
f 859//859 940//940 854//854
f 854//854 940//940 814//814
f 854//854 814//814 855//855
f 855//855 814//814 813//813
f 855//855 813//813 857//857
f 857//857 813//813 812//812
f 857//857 812//812 1042//1042
f 1042//1042 812//812 806//806
f 1042//1042 806//806 850//850
f 850//850 806//806 190//190
f 850//850 190//190 852//852
f 852//852 190//190 789//789
f 852//852 789//789 831//831
f 831//831 789//789 791//791
f 831//831 791//791 832//832
f 832//832 791//791 793//793
f 832//832 793//793 848//848
f 848//848 793//793 824//824
f 848//848 824//824 185//185
f 258//258 365//365 259//259
f 259//259 365//365 367//367
f 259//259 367//367 685//685
f 685//685 367//367 660//660
f 685//685 660//660 657//657
f 657//657 660//660 659//659
f 657//657 659//659 656//656
f 656//656 659//659 206//206
f 656//656 206//206 654//654
f 654//654 206//206 208//208
f 654//654 208//208 918//918
f 918//918 208//208 687//687
f 918//918 687//687 917//917
f 917//917 687//687 686//686
f 917//917 686//686 916//916
f 916//916 686//686 565//565
f 916//916 565//565 915//915
f 915//915 565//565 225//225
f 915//915 225//225 914//914
f 914//914 225//225 227//227
f 914//914 227//227 913//913
f 913//913 227//227 175//175
f 913//913 175//175 889//889
f 889//889 175//175 177//177
f 889//889 177//177 887//887
f 887//887 177//177 774//774
f 887//887 774//774 885//885
f 885//885 774//774 772//772
f 885//885 772//772 749//749
f 749//749 772//772 770//770
f 749//749 770//770 192//192
f 192//192 770//770 769//769
f 192//192 769//769 193//193
f 193//193 769//769 776//776
f 193//193 776//776 768//768
f 768//768 776//776 956//956
f 768//768 956//956 759//759
f 759//759 956//956 957//957
f 759//759 957//957 760//760
f 760//760 957//957 958//958
f 760//760 958//958 762//762
f 762//762 958//958 959//959
f 762//762 959//959 754//754
f 754//754 959//959 960//960
f 754//754 960//960 755//755
f 755//755 960//960 549//549
f 755//755 549//549 1227//1227
f 1227//1227 549//549 470//470
f 1227//1227 470//470 1228//1228
f 1228//1228 470//470 246//246
f 1228//1228 246//246 1229//1229
f 1229//1229 246//246 245//245
f 1229//1229 245//245 1230//1230
f 1230//1230 245//245 247//247
f 1230//1230 247//247 1231//1231
f 1231//1231 247//247 454//454
f 1231//1231 454//454 1232//1232
f 1232//1232 454//454 452//452
f 1232//1232 452//452 1233//1233
f 1233//1233 452//452 450//450
f 1233//1233 450//450 1234//1234
f 1234//1234 450//450 479//479
f 1234//1234 479//479 1235//1235
f 1235//1235 479//479 447//447
f 1235//1235 447//447 1236//1236
f 1236//1236 447//447 446//446
f 1236//1236 446//446 379//379
f 379//379 446//446 485//485
f 379//379 485//485 380//380
f 380//380 485//485 486//486
f 380//380 486//486 421//421
f 421//421 486//486 487//487
f 421//421 487//487 423//423
f 423//423 487//487 488//488
f 423//423 488//488 425//425
f 425//425 488//488 489//489
f 425//425 489//489 427//427
f 427//427 489//489 437//437
f 427//427 437//437 428//428
f 428//428 437//437 249//249
f 428//428 249//249 420//420
f 420//420 249//249 248//248
f 420//420 248//248 415//415
f 415//415 248//248 432//432
f 415//415 432//432 416//416
f 416//416 432//432 434//434
f 416//416 434//434 412//412
f 412//412 434//434 435//435
f 412//412 435//435 410//410
f 410//410 435//435 430//430
f 410//410 430//430 405//405
f 405//405 430//430 429//429
f 405//405 429//429 404//404
f 404//404 429//429 408//408
f 404//404 408//408 251//251
f 251//251 408//408 407//407
f 251//251 407//407 252//252
f 252//252 407//407 442//442
f 252//252 442//442 919//919
f 919//919 442//442 280//280
f 919//919 280//280 283//283
f 283//283 280//280 281//281
f 283//283 281//281 285//285
f 1237//1237 1238//1238 1239//1239
f 1240//1240 1241//1241 1242//1242
f 1243//1243 1244//1244 1245//1245
f 1246//1246 1247//1247 1248//1248
f 1249//1249 1250//1250 1251//1251
f 1252//1252 1253//1253 1254//1254
f 1255//1255 1256//1256 1257//1257
f 1258//1258 1259//1259 1260//1260
f 1261//1261 1262//1262 1263//1263
f 1264//1264 1265//1265 1266//1266
f 1267//1267 1268//1268 1269//1269
f 1270//1270 1271//1271 1272//1272
f 1273//1273 1274//1274 1275//1275
f 1276//1276 1277//1277 1278//1278
f 1279//1279 1280//1280 1281//1281
f 1282//1282 1283//1283 1284//1284
f 1285//1285 1286//1286 1287//1287
f 1288//1288 1289//1289 1290//1290
f 1291//1291 1292//1292 1293//1293
f 1294//1294 1295//1295 1296//1296
f 1297//1297 1298//1298 1299//1299
f 1300//1300 1301//1301 1302//1302
f 1303//1303 1304//1304 1305//1305
f 1306//1306 1307//1307 1308//1308
f 1309//1309 1310//1310 1311//1311
f 1312//1312 1313//1313 1301//1301
f 1314//1314 1315//1315 1316//1316
f 1317//1317 1318//1318 1319//1319
f 1320//1320 1321//1321 1322//1322
f 1322//1322 1321//1321 1323//1323
f 1324//1324 1325//1325 1320//1320
f 1326//1326 1327//1327 1328//1328
f 1329//1329 1330//1330 1331//1331
f 1331//1331 1330//1330 1332//1332
f 1331//1331 1332//1332 1333//1333
f 1333//1333 1332//1332 1334//1334
f 1335//1335 1336//1336 1329//1329
f 1329//1329 1336//1336 1337//1337
f 1329//1329 1337//1337 1330//1330
f 1338//1338 1339//1339 1335//1335
f 1335//1335 1339//1339 1340//1340
f 1335//1335 1340//1340 1336//1336
f 1341//1341 1342//1342 1338//1338
f 1338//1338 1342//1342 1343//1343
f 1338//1338 1343//1343 1339//1339
f 1344//1344 1345//1345 1346//1346
f 1346//1346 1345//1345 1347//1347
f 1346//1346 1347//1347 1341//1341
f 1341//1341 1347//1347 1348//1348
f 1341//1341 1348//1348 1342//1342
f 1349//1349 1350//1350 1351//1351
f 1351//1351 1350//1350 1352//1352
f 1351//1351 1352//1352 1353//1353
f 1353//1353 1352//1352 1354//1354
f 1354//1354 1352//1352 1355//1355
f 1354//1354 1355//1355 1356//1356
f 1356//1356 1355//1355 1357//1357
f 1357//1357 1355//1355 1358//1358
f 1357//1357 1358//1358 1359//1359
f 1359//1359 1358//1358 1360//1360
f 1360//1360 1358//1358 1361//1361
f 1360//1360 1361//1361 1362//1362
f 1362//1362 1361//1361 1363//1363
f 1362//1362 1363//1363 1364//1364
f 1364//1364 1363//1363 1365//1365
f 1365//1365 1363//1363 1366//1366
f 1365//1365 1366//1366 1367//1367
f 1367//1367 1366//1366 1368//1368
f 1368//1368 1366//1366 1369//1369
f 1368//1368 1369//1369 1370//1370
f 1370//1370 1369//1369 1371//1371
f 1371//1371 1369//1369 1372//1372
f 1371//1371 1372//1372 1373//1373
f 1373//1373 1372//1372 1374//1374
f 1374//1374 1372//1372 1375//1375
f 1374//1374 1375//1375 1376//1376
f 1376//1376 1375//1375 1377//1377
f 1377//1377 1375//1375 1378//1378
f 1377//1377 1378//1378 1379//1379
f 1379//1379 1378//1378 1380//1380
f 1380//1380 1378//1378 1381//1381
f 1380//1380 1381//1381 1382//1382
f 1382//1382 1381//1381 1383//1383
f 1383//1383 1381//1381 1384//1384
f 1383//1383 1384//1384 1385//1385
f 1385//1385 1384//1384 1386//1386
f 1385//1385 1386//1386 1387//1387
f 1388//1388 1389//1389 1390//1390
f 1391//1391 1392//1392 1393//1393
f 1393//1393 1392//1392 1394//1394
f 1395//1395 1396//1396 1391//1391
f 1397//1397 1398//1398 1399//1399
f 1400//1400 1401//1401 1402//1402
f 1403//1403 1404//1404 1405//1405
f 1405//1405 1404//1404 1406//1406
f 1407//1407 1408//1408 1409//1409
f 1410//1410 1411//1411 1412//1412
f 1413//1413 1414//1414 1415//1415
f 1416//1416 1417//1417 1418//1418
f 1419//1419 1420//1420 1421//1421
f 1422//1422 1423//1423 1424//1424
f 1425//1425 1426//1426 1427//1427
f 1428//1428 1429//1429 1430//1430
f 1431//1431 1432//1432 1429//1429
f 1433//1433 1434//1434 1435//1435
f 1436//1436 1437//1437 1438//1438
f 1439//1439 1440//1440 1441//1441
f 1442//1442 1443//1443 1444//1444
f 1445//1445 1446//1446 1447//1447
f 1447//1447 1446//1446 1448//1448
f 1449//1449 1450//1450 1451//1451
f 1452//1452 1453//1453 1454//1454
f 1454//1454 1453//1453 1450//1450
f 1455//1455 1456//1456 1452//1452
f 1457//1457 1458//1458 1459//1459
f 1460//1460 1461//1461 1462//1462
f 1463//1463 1464//1464 1465//1465
f 1466//1466 1467//1467 1468//1468
f 1468//1468 1467//1467 1469//1469
f 1468//1468 1469//1469 1470//1470
f 1471//1471 1472//1472 1466//1466
f 1466//1466 1472//1472 1473//1473
f 1466//1466 1473//1473 1467//1467
f 1300//1300 1302//1302 1474//1474
f 1475//1475 1476//1476 1477//1477
f 1477//1477 1476//1476 1478//1478
f 1477//1477 1478//1478 1479//1479
f 1479//1479 1478//1478 1480//1480
f 1480//1480 1478//1478 1481//1481
f 1481//1481 1478//1478 1482//1482
f 1481//1481 1482//1482 1483//1483
f 1483//1483 1482//1482 1484//1484
f 1484//1484 1482//1482 1485//1485
f 1484//1484 1485//1485 1486//1486
f 1486//1486 1485//1485 1487//1487
f 1487//1487 1485//1485 1488//1488
f 1487//1487 1488//1488 1489//1489
f 1490//1490 1491//1491 1492//1492
f 1492//1492 1491//1491 1493//1493
f 1492//1492 1493//1493 1494//1494
f 1494//1494 1493//1493 1495//1495
f 1496//1496 1497//1497 1495//1495
f 1495//1495 1497//1497 1498//1498
f 1495//1495 1498//1498 1494//1494
f 1496//1496 1495//1495 1499//1499
f 1499//1499 1495//1495 1500//1500
f 1499//1499 1500//1500 1501//1501
f 1501//1501 1500//1500 1502//1502
f 1501//1501 1502//1502 1503//1503
f 1503//1503 1502//1502 1504//1504
f 1504//1504 1502//1502 1505//1505
f 1504//1504 1505//1505 1506//1506
f 1507//1507 1508//1508 1505//1505
f 1505//1505 1508//1508 1509//1509
f 1505//1505 1509//1509 1506//1506
f 1510//1510 1511//1511 1507//1507
f 1507//1507 1511//1511 1512//1512
f 1507//1507 1512//1512 1508//1508
f 1513//1513 1514//1514 1515//1515
f 1515//1515 1514//1514 1516//1516
f 1515//1515 1516//1516 1510//1510
f 1510//1510 1516//1516 1517//1517
f 1510//1510 1517//1517 1511//1511
f 1518//1518 1519//1519 1513//1513
f 1513//1513 1519//1519 1520//1520
f 1513//1513 1520//1520 1514//1514
f 1518//1518 1513//1513 1521//1521
f 1521//1521 1513//1513 1522//1522
f 1521//1521 1522//1522 1523//1523
f 1523//1523 1522//1522 1524//1524
f 1523//1523 1524//1524 1525//1525
f 1525//1525 1524//1524 1526//1526
f 1526//1526 1524//1524 1527//1527
f 1526//1526 1527//1527 1528//1528
f 1529//1529 1530//1530 1527//1527
f 1527//1527 1530//1530 1531//1531
f 1527//1527 1531//1531 1528//1528
f 1532//1532 1533//1533 1529//1529
f 1529//1529 1533//1533 1534//1534
f 1529//1529 1534//1534 1530//1530
f 1535//1535 1536//1536 1537//1537
f 1537//1537 1536//1536 1538//1538
f 1537//1537 1538//1538 1532//1532
f 1532//1532 1538//1538 1539//1539
f 1532//1532 1539//1539 1533//1533
f 1540//1540 1541//1541 1542//1542
f 1542//1542 1541//1541 1543//1543
f 1542//1542 1543//1543 1544//1544
f 1544//1544 1543//1543 1545//1545
f 1544//1544 1545//1545 1546//1546
f 1540//1540 1542//1542 1547//1547
f 1547//1547 1542//1542 1548//1548
f 1547//1547 1548//1548 1549//1549
f 1549//1549 1548//1548 1550//1550
f 1549//1549 1550//1550 1551//1551
f 1552//1552 1553//1553 1554//1554
f 1554//1554 1553//1553 1555//1555
f 1554//1554 1555//1555 1556//1556
f 1556//1556 1555//1555 1557//1557
f 1556//1556 1557//1557 1550//1550
f 1550//1550 1557//1557 1558//1558
f 1550//1550 1558//1558 1551//1551
f 1552//1552 1554//1554 1559//1559
f 1559//1559 1554//1554 1560//1560
f 1559//1559 1560//1560 1561//1561
f 1562//1562 1563//1563 1560//1560
f 1560//1560 1563//1563 1564//1564
f 1560//1560 1564//1564 1561//1561
f 1565//1565 1566//1566 1567//1567
f 1567//1567 1568//1568 1565//1565
f 1565//1565 1568//1568 1569//1569
f 1565//1565 1569//1569 1562//1562
f 1562//1562 1569//1569 1570//1570
f 1562//1562 1570//1570 1563//1563
f 1571//1571 1572//1572 1566//1566
f 1566//1566 1572//1572 1573//1573
f 1566//1566 1573//1573 1567//1567
f 1574//1574 1575//1575 1576//1576
f 1576//1576 1575//1575 1577//1577
f 1576//1576 1577//1577 1571//1571
f 1571//1571 1577//1577 1578//1578
f 1571//1571 1578//1578 1572//1572
f 1579//1579 1580//1580 1574//1574
f 1574//1574 1580//1580 1581//1581
f 1574//1574 1581//1581 1575//1575
f 1579//1579 1582//1582 1583//1583
f 1583//1583 1582//1582 1584//1584
f 1585//1585 1586//1586 1587//1587
f 1588//1588 1589//1589 1590//1590
f 1590//1590 1589//1589 1591//1591
f 1590//1590 1591//1591 1592//1592
f 1593//1593 1594//1594 1588//1588
f 1595//1595 1596//1596 1597//1597
f 1597//1597 1596//1596 1598//1598
f 1597//1597 1598//1598 1594//1594
f 1294//1294 1296//1296 1599//1599
f 1600//1600 1601//1601 1599//1599
f 1602//1602 1603//1603 1604//1604
f 1605//1605 1606//1606 1607//1607
f 1608//1608 1609//1609 1610//1610
f 1611//1611 1612//1612 1613//1613
f 1613//1613 1612//1612 1614//1614
f 1613//1613 1614//1614 1608//1608
f 1608//1608 1614//1614 1615//1615
f 1608//1608 1615//1615 1609//1609
f 1292//1292 1616//1616 1617//1617
f 1617//1617 1616//1616 1618//1618
f 1617//1617 1618//1618 1611//1611
f 1619//1619 1620//1620 1621//1621
f 1621//1621 1620//1620 1291//1291
f 1622//1622 1623//1623 1624//1624
f 1624//1624 1623//1623 1625//1625
f 1626//1626 1627//1627 1628//1628
f 1628//1628 1627//1627 1622//1622
f 1629//1629 1630//1630 1631//1631
f 1631//1631 1630//1630 1626//1626
f 1632//1632 1633//1633 1634//1634
f 1634//1634 1633//1633 1629//1629
f 1635//1635 1636//1636 1637//1637
f 1637//1637 1636//1636 1638//1638
f 1637//1637 1638//1638 1632//1632
f 1639//1639 1640//1640 1641//1641
f 1641//1641 1640//1640 1635//1635
f 1642//1642 1643//1643 1644//1644
f 1644//1644 1643//1643 1645//1645
f 1644//1644 1645//1645 1639//1639
f 1646//1646 1647//1647 1642//1642
f 1648//1648 1649//1649 1647//1647
f 1650//1650 1651//1651 1652//1652
f 1653//1653 1654//1654 1650//1650
f 1650//1650 1654//1654 1655//1655
f 1650//1650 1655//1655 1651//1651
f 1656//1656 1657//1657 1658//1658
f 1658//1658 1657//1657 1659//1659
f 1660//1660 1661//1661 1662//1662
f 1663//1663 1664//1664 1665//1665
f 1666//1666 1667//1667 1668//1668
f 1668//1668 1667//1667 1669//1669
f 1475//1475 1670//1670 1476//1476
f 1476//1476 1670//1670 1671//1671
f 1476//1476 1671//1671 1672//1672
f 1673//1673 1674//1674 1675//1675
f 1675//1675 1674//1674 1676//1676
f 1675//1675 1676//1676 1677//1677
f 1678//1678 1679//1679 1680//1680
f 1681//1681 1682//1682 1683//1683
f 1681//1681 1683//1683 1684//1684
f 1676//1676 1685//1685 1677//1677
f 1677//1677 1685//1685 1474//1474
f 1677//1677 1474//1474 1471//1471
f 1471//1471 1474//1474 1302//1302
f 1471//1471 1302//1302 1472//1472
f 1686//1686 1687//1687 1684//1684
f 1684//1684 1687//1687 1688//1688
f 1684//1684 1688//1688 1681//1681
f 1681//1681 1688//1688 1689//1689
f 1681//1681 1689//1689 1690//1690
f 1691//1691 1692//1692 1693//1693
f 1693//1693 1692//1692 1673//1673
f 1693//1693 1673//1673 1686//1686
f 1686//1686 1673//1673 1675//1675
f 1686//1686 1675//1675 1687//1687
f 1687//1687 1675//1675 1677//1677
f 1687//1687 1677//1677 1688//1688
f 1688//1688 1677//1677 1471//1471
f 1688//1688 1471//1471 1689//1689
f 1689//1689 1471//1471 1466//1466
f 1689//1689 1466//1466 1690//1690
f 1690//1690 1466//1466 1468//1468
f 1682//1682 1681//1681 1694//1694
f 1694//1694 1681//1681 1690//1690
f 1694//1694 1690//1690 1695//1695
f 1695//1695 1690//1690 1468//1468
f 1695//1695 1468//1468 1463//1463
f 1463//1463 1468//1468 1470//1470
f 1463//1463 1470//1470 1464//1464
f 1696//1696 1691//1691 1697//1697
f 1697//1697 1691//1691 1693//1693
f 1697//1697 1693//1693 1698//1698
f 1698//1698 1693//1693 1686//1686
f 1698//1698 1686//1686 1699//1699
f 1699//1699 1686//1686 1684//1684
f 1699//1699 1684//1684 1700//1700
f 1700//1700 1684//1684 1683//1683
f 1700//1700 1683//1683 1701//1701
f 1701//1701 1683//1683 1682//1682
f 1701//1701 1682//1682 1702//1702
f 1702//1702 1682//1682 1694//1694
f 1702//1702 1694//1694 1703//1703
f 1703//1703 1694//1694 1695//1695
f 1703//1703 1695//1695 1704//1704
f 1704//1704 1695//1695 1463//1463
f 1704//1704 1463//1463 1460//1460
f 1460//1460 1463//1463 1465//1465
f 1460//1460 1465//1465 1461//1461
f 1705//1705 1706//1706 1707//1707
f 1707//1707 1706//1706 1708//1708
f 1707//1707 1708//1708 1709//1709
f 1709//1709 1708//1708 1710//1710
f 1709//1709 1710//1710 1711//1711
f 1711//1711 1710//1710 1457//1457
f 1711//1711 1457//1457 1455//1455
f 1455//1455 1457//1457 1459//1459
f 1455//1455 1459//1459 1456//1456
f 1452//1452 1454//1454 1455//1455
f 1455//1455 1454//1454 1712//1712
f 1455//1455 1712//1712 1711//1711
f 1711//1711 1712//1712 1713//1713
f 1711//1711 1713//1713 1709//1709
f 1709//1709 1713//1713 1714//1714
f 1709//1709 1714//1714 1707//1707
f 1707//1707 1714//1714 1715//1715
f 1707//1707 1715//1715 1705//1705
f 1716//1716 1717//1717 1718//1718
f 1718//1718 1717//1717 1719//1719
f 1718//1718 1719//1719 1720//1720
f 1720//1720 1719//1719 1721//1721
f 1450//1450 1449//1449 1454//1454
f 1454//1454 1449//1449 1722//1722
f 1454//1454 1722//1722 1712//1712
f 1712//1712 1722//1722 1723//1723
f 1712//1712 1723//1723 1713//1713
f 1713//1713 1723//1723 1724//1724
f 1713//1713 1724//1724 1714//1714
f 1714//1714 1724//1724 1725//1725
f 1714//1714 1725//1725 1715//1715
f 1715//1715 1725//1725 1680//1680
f 1715//1715 1680//1680 1705//1705
f 1705//1705 1680//1680 1679//1679
f 1705//1705 1679//1679 1706//1706
f 1445//1445 1447//1447 1726//1726
f 1726//1726 1447//1447 1727//1727
f 1726//1726 1727//1727 1728//1728
f 1729//1729 1728//1728 1730//1730
f 1730//1730 1728//1728 1727//1727
f 1730//1730 1727//1727 1731//1731
f 1731//1731 1727//1727 1447//1447
f 1731//1731 1447//1447 1442//1442
f 1442//1442 1447//1447 1448//1448
f 1442//1442 1448//1448 1443//1443
f 1732//1732 1733//1733 1734//1734
f 1734//1734 1733//1733 1735//1735
f 1734//1734 1735//1735 1736//1736
f 1736//1736 1735//1735 1729//1729
f 1736//1736 1729//1729 1737//1737
f 1737//1737 1729//1729 1730//1730
f 1737//1737 1730//1730 1738//1738
f 1738//1738 1730//1730 1731//1731
f 1738//1738 1731//1731 1739//1739
f 1739//1739 1731//1731 1442//1442
f 1739//1739 1442//1442 1439//1439
f 1439//1439 1442//1442 1444//1444
f 1439//1439 1444//1444 1440//1440
f 1286//1286 1285//1285 1740//1740
f 1740//1740 1285//1285 1741//1741
f 1740//1740 1741//1741 1742//1742
f 1742//1742 1741//1741 1433//1433
f 1742//1742 1433//1433 1431//1431
f 1431//1431 1433//1433 1435//1435
f 1431//1431 1435//1435 1432//1432
f 1279//1279 1281//1281 1743//1743
f 1743//1743 1281//1281 1744//1744
f 1743//1743 1744//1744 1745//1745
f 1745//1745 1744//1744 1746//1746
f 1745//1745 1746//1746 1747//1747
f 1747//1747 1746//1746 1748//1748
f 1747//1747 1748//1748 1749//1749
f 1429//1429 1428//1428 1431//1431
f 1431//1431 1428//1428 1750//1750
f 1431//1431 1750//1750 1742//1742
f 1742//1742 1750//1750 1282//1282
f 1742//1742 1282//1282 1740//1740
f 1740//1740 1282//1282 1284//1284
f 1740//1740 1284//1284 1286//1286
f 1283//1283 1282//1282 1751//1751
f 1751//1751 1282//1282 1750//1750
f 1751//1751 1750//1750 1752//1752
f 1752//1752 1750//1750 1428//1428
f 1752//1752 1428//1428 1425//1425
f 1425//1425 1428//1428 1430//1430
f 1425//1425 1430//1430 1426//1426
f 1720//1720 1287//1287 1718//1718
f 1718//1718 1287//1287 1286//1286
f 1718//1718 1286//1286 1716//1716
f 1716//1716 1286//1286 1284//1284
f 1716//1716 1284//1284 1753//1753
f 1753//1753 1284//1284 1283//1283
f 1753//1753 1283//1283 1754//1754
f 1754//1754 1283//1283 1751//1751
f 1754//1754 1751//1751 1755//1755
f 1755//1755 1751//1751 1752//1752
f 1755//1755 1752//1752 1756//1756
f 1756//1756 1752//1752 1425//1425
f 1756//1756 1425//1425 1422//1422
f 1422//1422 1425//1425 1427//1427
f 1422//1422 1427//1427 1423//1423
f 1757//1757 1758//1758 1759//1759
f 1759//1759 1758//1758 1760//1760
f 1759//1759 1760//1760 1761//1761
f 1761//1761 1760//1760 1762//1762
f 1761//1761 1762//1762 1763//1763
f 1763//1763 1762//1762 1764//1764
f 1763//1763 1764//1764 1765//1765
f 1765//1765 1764//1764 1766//1766
f 1765//1765 1766//1766 1767//1767
f 1767//1767 1766//1766 1768//1768
f 1767//1767 1768//1768 1769//1769
f 1769//1769 1768//1768 1770//1770
f 1769//1769 1770//1770 1771//1771
f 1771//1771 1770//1770 1772//1772
f 1771//1771 1772//1772 1773//1773
f 1773//1773 1772//1772 1774//1774
f 1773//1773 1774//1774 1775//1775
f 1775//1775 1774//1774 1413//1413
f 1775//1775 1413//1413 1410//1410
f 1410//1410 1413//1413 1415//1415
f 1410//1410 1415//1415 1411//1411
f 1776//1776 1777//1777 1778//1778
f 1779//1779 1780//1780 1781//1781
f 1781//1781 1780//1780 1782//1782
f 1781//1781 1782//1782 1783//1783
f 1783//1783 1782//1782 1784//1784
f 1783//1783 1784//1784 1785//1785
f 1785//1785 1784//1784 1786//1786
f 1785//1785 1786//1786 1787//1787
f 1787//1787 1786//1786 1788//1788
f 1787//1787 1788//1788 1789//1789
f 1789//1789 1788//1788 1790//1790
f 1789//1789 1790//1790 1791//1791
f 1791//1791 1790//1790 1792//1792
f 1791//1791 1792//1792 1793//1793
f 1793//1793 1792//1792 1407//1407
f 1793//1793 1407//1407 1794//1794
f 1794//1794 1407//1407 1409//1409
f 1794//1794 1409//1409 1403//1403
f 1795//1795 1796//1796 1797//1797
f 1797//1797 1796//1796 1798//1798
f 1797//1797 1798//1798 1799//1799
f 1799//1799 1798//1798 1800//1800
f 1799//1799 1800//1800 1801//1801
f 1801//1801 1800//1800 1802//1802
f 1801//1801 1802//1802 1803//1803
f 1803//1803 1802//1802 1804//1804
f 1803//1803 1804//1804 1805//1805
f 1805//1805 1804//1804 1806//1806
f 1805//1805 1806//1806 1807//1807
f 1807//1807 1806//1806 1808//1808
f 1807//1807 1808//1808 1809//1809
f 1809//1809 1808//1808 1405//1405
f 1809//1809 1405//1405 1400//1400
f 1400//1400 1405//1405 1406//1406
f 1400//1400 1406//1406 1401//1401
f 1810//1810 1811//1811 1812//1812
f 1812//1812 1811//1811 1813//1813
f 1812//1812 1813//1813 1814//1814
f 1814//1814 1813//1813 1815//1815
f 1814//1814 1815//1815 1816//1816
f 1816//1816 1815//1815 1817//1817
f 1816//1816 1817//1817 1818//1818
f 1818//1818 1817//1817 1819//1819
f 1818//1818 1819//1819 1820//1820
f 1820//1820 1819//1819 1821//1821
f 1820//1820 1821//1821 1822//1822
f 1822//1822 1821//1821 1823//1823
f 1822//1822 1823//1823 1824//1824
f 1824//1824 1823//1823 1397//1397
f 1824//1824 1397//1397 1395//1395
f 1395//1395 1397//1397 1399//1399
f 1395//1395 1399//1399 1396//1396
f 1825//1825 1826//1826 1827//1827
f 1827//1827 1826//1826 1828//1828
f 1827//1827 1828//1828 1829//1829
f 1829//1829 1828//1828 1830//1830
f 1829//1829 1830//1830 1831//1831
f 1831//1831 1830//1830 1832//1832
f 1831//1831 1832//1832 1833//1833
f 1833//1833 1832//1832 1834//1834
f 1833//1833 1834//1834 1835//1835
f 1835//1835 1834//1834 1836//1836
f 1835//1835 1836//1836 1837//1837
f 1837//1837 1836//1836 1838//1838
f 1837//1837 1838//1838 1839//1839
f 1839//1839 1838//1838 1393//1393
f 1839//1839 1393//1393 1388//1388
f 1388//1388 1393//1393 1394//1394
f 1388//1388 1394//1394 1389//1389
f 1840//1840 1276//1276 1841//1841
f 1276//1276 1278//1278 1841//1841
f 1841//1841 1278//1278 1842//1842
f 1841//1841 1842//1842 1843//1843
f 1843//1843 1842//1842 1844//1844
f 1843//1843 1844//1844 1845//1845
f 1845//1845 1844//1844 1846//1846
f 1845//1845 1846//1846 1847//1847
f 1848//1848 1274//1274 1849//1849
f 1849//1849 1274//1274 1273//1273
f 1849//1849 1273//1273 1850//1850
f 1851//1851 1852//1852 1853//1853
f 1853//1853 1852//1852 1854//1854
f 1853//1853 1854//1854 1855//1855
f 1855//1855 1854//1854 1856//1856
f 1855//1855 1856//1856 1857//1857
f 1857//1857 1856//1856 1858//1858
f 1857//1857 1858//1858 1859//1859
f 1859//1859 1858//1858 1860//1860
f 1859//1859 1860//1860 1861//1861
f 1861//1861 1860//1860 1862//1862
f 1861//1861 1862//1862 1863//1863
f 1863//1863 1862//1862 1864//1864
f 1863//1863 1864//1864 1865//1865
f 1865//1865 1864//1864 1866//1866
f 1865//1865 1866//1866 1867//1867
f 1867//1867 1866//1866 1868//1868
f 1867//1867 1868//1868 1869//1869
f 1869//1869 1868//1868 1870//1870
f 1869//1869 1870//1870 1871//1871
f 1871//1871 1870//1870 1872//1872
f 1871//1871 1872//1872 1873//1873
f 1873//1873 1872//1872 1874//1874
f 1873//1873 1874//1874 1875//1875
f 1875//1875 1874//1874 1840//1840
f 1271//1271 1876//1876 1877//1877
f 1878//1878 1851//1851 1879//1879
f 1879//1879 1851//1851 1853//1853
f 1879//1879 1853//1853 1880//1880
f 1880//1880 1853//1853 1855//1855
f 1880//1880 1855//1855 1881//1881
f 1881//1881 1855//1855 1857//1857
f 1881//1881 1857//1857 1882//1882
f 1882//1882 1857//1857 1859//1859
f 1882//1882 1859//1859 1883//1883
f 1883//1883 1859//1859 1861//1861
f 1883//1883 1861//1861 1884//1884
f 1884//1884 1861//1861 1863//1863
f 1884//1884 1863//1863 1885//1885
f 1885//1885 1863//1863 1865//1865
f 1885//1885 1865//1865 1886//1886
f 1886//1886 1865//1865 1867//1867
f 1886//1886 1867//1867 1887//1887
f 1887//1887 1867//1867 1869//1869
f 1887//1887 1869//1869 1850//1850
f 1850//1850 1869//1869 1871//1871
f 1850//1850 1871//1871 1849//1849
f 1849//1849 1871//1871 1873//1873
f 1849//1849 1873//1873 1848//1848
f 1848//1848 1873//1873 1875//1875
f 1888//1888 1889//1889 1890//1890
f 1890//1890 1889//1889 1891//1891
f 1891//1891 1889//1889 1892//1892
f 1891//1891 1892//1892 1893//1893
f 1893//1893 1892//1892 1894//1894
f 1893//1893 1894//1894 1895//1895
f 1895//1895 1894//1894 1896//1896
f 1895//1895 1896//1896 1897//1897
f 1897//1897 1896//1896 1898//1898
f 1897//1897 1898//1898 1899//1899
f 1899//1899 1898//1898 1900//1900
f 1899//1899 1900//1900 1901//1901
f 1901//1901 1900//1900 1902//1902
f 1901//1901 1902//1902 1903//1903
f 1903//1903 1902//1902 1904//1904
f 1903//1903 1904//1904 1905//1905
f 1905//1905 1904//1904 1906//1906
f 1905//1905 1906//1906 1907//1907
f 1907//1907 1906//1906 1908//1908
f 1907//1907 1908//1908 1909//1909
f 1846//1846 1910//1910 1911//1911
f 1912//1912 1913//1913 1914//1914
f 1914//1914 1913//1913 1915//1915
f 1914//1914 1915//1915 1916//1916
f 1916//1916 1915//1915 1917//1917
f 1916//1916 1917//1917 1918//1918
f 1919//1919 1920//1920 1921//1921
f 1921//1921 1920//1920 1922//1922
f 1921//1921 1922//1922 1923//1923
f 1923//1923 1922//1922 1924//1924
f 1923//1923 1924//1924 1925//1925
f 1846//1846 1911//1911 1847//1847
f 1847//1847 1911//1911 1926//1926
f 1847//1847 1926//1926 1927//1927
f 1840//1840 1841//1841 1875//1875
f 1875//1875 1841//1841 1843//1843
f 1875//1875 1843//1843 1848//1848
f 1848//1848 1843//1843 1845//1845
f 1848//1848 1845//1845 1274//1274
f 1274//1274 1845//1845 1847//1847
f 1274//1274 1847//1847 1275//1275
f 1275//1275 1847//1847 1927//1927
f 1275//1275 1927//1927 1928//1928
f 1928//1928 1929//1929 1275//1275
f 1275//1275 1929//1929 1909//1909
f 1275//1275 1909//1909 1273//1273
f 1273//1273 1909//1909 1908//1908
f 1273//1273 1908//1908 1850//1850
f 1850//1850 1908//1908 1906//1906
f 1850//1850 1906//1906 1887//1887
f 1887//1887 1906//1906 1904//1904
f 1887//1887 1904//1904 1886//1886
f 1886//1886 1904//1904 1902//1902
f 1886//1886 1902//1902 1885//1885
f 1885//1885 1902//1902 1900//1900
f 1885//1885 1900//1900 1884//1884
f 1884//1884 1900//1900 1898//1898
f 1884//1884 1898//1898 1883//1883
f 1883//1883 1898//1898 1896//1896
f 1883//1883 1896//1896 1882//1882
f 1882//1882 1896//1896 1894//1894
f 1882//1882 1894//1894 1881//1881
f 1881//1881 1894//1894 1892//1892
f 1881//1881 1892//1892 1880//1880
f 1880//1880 1892//1892 1889//1889
f 1880//1880 1889//1889 1879//1879
f 1879//1879 1889//1889 1888//1888
f 1879//1879 1888//1888 1878//1878
f 1776//1776 1778//1778 1930//1930
f 1930//1930 1778//1778 1931//1931
f 1930//1930 1931//1931 1932//1932
f 1932//1932 1931//1931 1933//1933
f 1932//1932 1933//1933 1934//1934
f 1934//1934 1933//1933 1935//1935
f 1934//1934 1935//1935 1936//1936
f 1936//1936 1935//1935 1937//1937
f 1936//1936 1937//1937 1938//1938
f 1938//1938 1937//1937 1939//1939
f 1938//1938 1939//1939 1940//1940
f 1940//1940 1939//1939 1941//1941
f 1940//1940 1941//1941 1942//1942
f 1942//1942 1941//1941 1943//1943
f 1942//1942 1943//1943 1944//1944
f 1944//1944 1943//1943 1945//1945
f 1944//1944 1945//1945 1946//1946
f 1946//1946 1945//1945 1947//1947
f 1946//1946 1947//1947 1948//1948
f 1948//1948 1947//1947 1949//1949
f 1948//1948 1949//1949 1950//1950
f 1950//1950 1949//1949 1951//1951
f 1950//1950 1951//1951 1952//1952
f 1952//1952 1951//1951 1953//1953
f 1952//1952 1953//1953 1954//1954
f 1954//1954 1953//1953 1955//1955
f 1954//1954 1955//1955 1956//1956
f 1956//1956 1955//1955 1957//1957
f 1956//1956 1957//1957 1958//1958
f 1958//1958 1957//1957 1959//1959
f 1958//1958 1959//1959 1960//1960
f 1960//1960 1959//1959 1961//1961
f 1960//1960 1961//1961 1962//1962
f 1962//1962 1961//1961 1963//1963
f 1962//1962 1963//1963 1964//1964
f 1964//1964 1963//1963 1965//1965
f 1964//1964 1965//1965 1966//1966
f 1966//1966 1965//1965 1967//1967
f 1966//1966 1967//1967 1968//1968
f 1968//1968 1969//1969 1966//1966
f 1966//1966 1969//1969 1970//1970
f 1966//1966 1970//1970 1964//1964
f 1964//1964 1970//1970 1971//1971
f 1964//1964 1971//1971 1962//1962
f 1962//1962 1971//1971 1972//1972
f 1962//1962 1972//1972 1960//1960
f 1960//1960 1972//1972 1973//1973
f 1960//1960 1973//1973 1958//1958
f 1958//1958 1973//1973 1974//1974
f 1958//1958 1974//1974 1956//1956
f 1956//1956 1974//1974 1975//1975
f 1956//1956 1975//1975 1954//1954
f 1954//1954 1975//1975 1976//1976
f 1954//1954 1976//1976 1952//1952
f 1952//1952 1976//1976 1977//1977
f 1952//1952 1977//1977 1950//1950
f 1950//1950 1977//1977 1978//1978
f 1950//1950 1978//1978 1948//1948
f 1948//1948 1978//1978 1979//1979
f 1948//1948 1979//1979 1946//1946
f 1946//1946 1979//1979 1980//1980
f 1946//1946 1980//1980 1944//1944
f 1944//1944 1980//1980 1981//1981
f 1944//1944 1981//1981 1942//1942
f 1942//1942 1981//1981 1982//1982
f 1942//1942 1982//1982 1940//1940
f 1940//1940 1982//1982 1983//1983
f 1940//1940 1983//1983 1938//1938
f 1938//1938 1983//1983 1984//1984
f 1938//1938 1984//1984 1936//1936
f 1936//1936 1984//1984 1985//1985
f 1936//1936 1985//1985 1934//1934
f 1934//1934 1985//1985 1986//1986
f 1934//1934 1986//1986 1932//1932
f 1932//1932 1986//1986 1987//1987
f 1932//1932 1987//1987 1930//1930
f 1930//1930 1987//1987 1988//1988
f 1930//1930 1988//1988 1776//1776
f 1776//1776 1988//1988 1749//1749
f 1776//1776 1749//1749 1777//1777
f 1777//1777 1749//1749 1748//1748
f 1748//1748 1989//1989 1777//1777
f 1777//1777 1989//1989 1990//1990
f 1777//1777 1990//1990 1778//1778
f 1778//1778 1990//1990 1991//1991
f 1778//1778 1991//1991 1931//1931
f 1931//1931 1991//1991 1992//1992
f 1931//1931 1992//1992 1933//1933
f 1933//1933 1992//1992 1993//1993
f 1933//1933 1993//1993 1935//1935
f 1935//1935 1993//1993 1994//1994
f 1935//1935 1994//1994 1937//1937
f 1937//1937 1994//1994 1995//1995
f 1937//1937 1995//1995 1939//1939
f 1939//1939 1995//1995 1996//1996
f 1939//1939 1996//1996 1941//1941
f 1941//1941 1996//1996 1997//1997
f 1941//1941 1997//1997 1943//1943
f 1943//1943 1997//1997 1998//1998
f 1943//1943 1998//1998 1945//1945
f 1945//1945 1998//1998 1999//1999
f 1945//1945 1999//1999 1947//1947
f 1947//1947 1999//1999 2000//2000
f 1947//1947 2000//2000 1949//1949
f 1949//1949 2000//2000 2001//2001
f 1949//1949 2001//2001 1951//1951
f 1951//1951 2001//2001 2002//2002
f 1951//1951 2002//2002 1953//1953
f 1953//1953 2002//2002 2003//2003
f 1953//1953 2003//2003 1955//1955
f 1955//1955 2003//2003 2004//2004
f 1955//1955 2004//2004 1957//1957
f 1957//1957 2004//2004 2005//2005
f 1957//1957 2005//2005 1959//1959
f 1959//1959 2005//2005 2006//2006
f 1959//1959 2006//2006 1961//1961
f 1961//1961 2006//2006 2007//2007
f 1961//1961 2007//2007 1963//1963
f 1963//1963 2007//2007 2008//2008
f 1963//1963 2008//2008 1965//1965
f 1965//1965 2008//2008 2009//2009
f 1965//1965 2009//2009 1967//1967
f 1995//1995 1386//1386 1996//1996
f 1996//1996 1386//1386 1384//1384
f 1996//1996 1384//1384 1997//1997
f 1997//1997 1384//1384 1381//1381
f 1997//1997 1381//1381 1998//1998
f 1998//1998 1381//1381 1378//1378
f 1998//1998 1378//1378 1999//1999
f 1999//1999 1378//1378 1375//1375
f 1999//1999 1375//1375 2000//2000
f 2000//2000 1375//1375 1372//1372
f 2000//2000 1372//1372 2001//2001
f 2001//2001 1372//1372 1369//1369
f 2001//2001 1369//1369 2002//2002
f 2002//2002 1369//1369 1366//1366
f 2002//2002 1366//1366 2003//2003
f 2003//2003 1366//1366 1363//1363
f 2003//2003 1363//1363 2004//2004
f 2004//2004 1363//1363 1361//1361
f 2004//2004 1361//1361 2005//2005
f 2005//2005 1361//1361 1358//1358
f 2005//2005 1358//1358 2006//2006
f 2006//2006 1358//1358 1355//1355
f 2006//2006 1355//1355 2007//2007
f 2007//2007 1355//1355 1352//1352
f 2007//2007 1352//1352 2008//2008
f 2008//2008 1352//1352 1350//1350
f 2008//2008 1350//1350 2009//2009
f 1269//1269 1268//1268 2010//2010
f 2010//2010 1268//1268 2011//2011
f 2010//2010 2011//2011 2012//2012
f 2012//2012 2011//2011 2013//2013
f 2012//2012 2013//2013 2014//2014
f 2014//2014 2013//2013 2015//2015
f 2014//2014 2015//2015 2016//2016
f 2016//2016 2015//2015 2017//2017
f 2016//2016 2017//2017 2018//2018
f 2018//2018 2017//2017 2019//2019
f 2018//2018 2019//2019 2020//2020
f 2020//2020 2019//2019 2021//2021
f 2020//2020 2021//2021 2022//2022
f 2022//2022 2021//2021 2023//2023
f 2022//2022 2023//2023 2024//2024
f 2024//2024 2023//2023 2025//2025
f 2024//2024 2025//2025 2026//2026
f 2026//2026 2025//2025 2027//2027
f 2026//2026 2027//2027 2028//2028
f 2028//2028 2027//2027 2029//2029
f 2028//2028 2029//2029 2030//2030
f 2030//2030 2029//2029 2031//2031
f 2030//2030 2031//2031 2032//2032
f 2032//2032 2031//2031 2033//2033
f 2032//2032 2033//2033 1925//1925
f 2034//2034 2035//2035 1890//1890
f 1890//1890 2035//2035 2036//2036
f 1890//1890 2036//2036 1888//1888
f 1888//1888 2036//2036 2037//2037
f 1888//1888 2037//2037 1878//1878
f 1267//1267 2038//2038 2039//2039
f 2039//2039 2038//2038 2040//2040
f 2039//2039 2040//2040 2041//2041
f 2042//2042 2043//2043 2044//2044
f 1929//1929 2045//2045 1909//1909
f 1909//1909 2045//2045 2046//2046
f 1909//1909 2046//2046 1907//1907
f 1907//1907 2046//2046 2047//2047
f 1907//1907 2047//2047 1905//1905
f 1905//1905 2047//2047 2048//2048
f 1905//1905 2048//2048 1903//1903
f 1903//1903 2048//2048 2049//2049
f 1903//1903 2049//2049 1901//1901
f 1901//1901 2049//2049 2050//2050
f 1901//1901 2050//2050 1899//1899
f 1899//1899 2050//2050 2051//2051
f 1899//1899 2051//2051 1897//1897
f 1897//1897 2051//2051 2052//2052
f 1897//1897 2052//2052 1895//1895
f 1895//1895 2052//2052 2053//2053
f 1895//1895 2053//2053 1893//1893
f 1893//1893 2053//2053 2054//2054
f 1893//1893 2054//2054 1891//1891
f 1891//1891 2054//2054 2044//2044
f 1891//1891 2044//2044 1890//1890
f 1890//1890 2044//2044 2043//2043
f 1890//1890 2043//2043 2034//2034
f 2034//2034 2043//2043 2042//2042
f 2055//2055 2056//2056 2057//2057
f 1265//1265 1264//1264 2058//2058
f 2059//2059 2060//2060 2061//2061
f 2061//2061 2060//2060 2062//2062
f 2061//2061 2062//2062 2063//2063
f 1267//1267 1269//1269 2038//2038
f 2038//2038 1269//1269 2064//2064
f 2038//2038 2064//2064 2040//2040
f 1304//1304 1306//1306 1305//1305
f 1305//1305 1306//1306 1308//1308
f 1305//1305 1308//1308 2065//2065
f 2065//2065 1308//1308 2066//2066
f 2065//2065 2066//2066 2067//2067
f 2067//2067 2066//2066 2068//2068
f 2067//2067 2068//2068 2064//2064
f 2064//2064 2068//2068 2069//2069
f 2064//2064 2069//2069 2040//2040
f 2040//2040 2069//2069 2070//2070
f 2040//2040 2070//2070 2041//2041
f 2041//2041 2070//2070 2071//2071
f 1307//1307 2072//2072 1308//1308
f 1308//1308 2072//2072 2073//2073
f 1308//1308 2073//2073 2066//2066
f 2066//2066 2073//2073 2074//2074
f 2066//2066 2074//2074 2068//2068
f 2068//2068 2074//2074 2075//2075
f 2068//2068 2075//2075 2069//2069
f 2069//2069 2075//2075 2076//2076
f 2069//2069 2076//2076 2070//2070
f 2070//2070 2076//2076 2077//2077
f 2070//2070 2077//2077 2071//2071
f 2078//2078 2079//2079 2080//2080
f 2080//2080 2079//2079 2081//2081
f 2080//2080 2081//2081 2082//2082
f 2078//2078 2080//2080 2083//2083
f 2083//2083 2080//2080 2082//2082
f 2083//2083 2082//2082 2084//2084
f 2085//2085 1309//1309 2086//2086
f 2086//2086 1309//1309 1311//1311
f 2086//2086 1311//1311 2087//2087
f 2087//2087 1311//1311 2088//2088
f 2087//2087 2088//2088 2089//2089
f 2089//2089 2088//2088 2090//2090
f 2089//2089 2090//2090 2091//2091
f 2091//2091 2090//2090 2092//2092
f 2091//2091 2092//2092 2042//2042
f 2042//2042 2092//2092 2093//2093
f 2042//2042 2093//2093 2034//2034
f 2034//2034 2093//2093 2094//2094
f 2034//2034 2094//2094 2035//2035
f 2035//2035 2094//2094 2056//2056
f 2035//2035 2056//2056 2036//2036
f 2036//2036 2056//2056 2055//2055
f 2036//2036 2055//2055 2037//2037
f 2072//2072 2085//2085 2073//2073
f 2073//2073 2085//2085 2086//2086
f 2073//2073 2086//2086 2074//2074
f 2074//2074 2086//2086 2087//2087
f 2074//2074 2087//2087 2075//2075
f 2075//2075 2087//2087 2089//2089
f 2075//2075 2089//2089 2076//2076
f 2076//2076 2089//2089 2091//2091
f 2076//2076 2091//2091 2077//2077
f 2077//2077 2091//2091 2042//2042
f 2077//2077 2042//2042 2071//2071
f 2071//2071 2042//2042 2044//2044
f 2071//2071 2044//2044 2041//2041
f 2041//2041 2044//2044 2054//2054
f 2041//2041 2054//2054 2039//2039
f 2039//2039 2054//2054 2053//2053
f 2039//2039 2053//2053 1267//1267
f 1267//1267 2053//2053 2052//2052
f 1267//1267 2052//2052 1268//1268
f 1268//1268 2052//2052 2051//2051
f 1268//1268 2051//2051 2011//2011
f 2011//2011 2051//2051 2050//2050
f 2011//2011 2050//2050 2013//2013
f 2013//2013 2050//2050 2049//2049
f 2013//2013 2049//2049 2015//2015
f 2015//2015 2049//2049 2048//2048
f 2015//2015 2048//2048 2017//2017
f 2017//2017 2048//2048 2047//2047
f 2017//2017 2047//2047 2019//2019
f 2019//2019 2047//2047 2046//2046
f 2019//2019 2046//2046 2021//2021
f 2021//2021 2046//2046 2045//2045
f 2021//2021 2045//2045 2023//2023
f 2023//2023 2045//2045 1929//1929
f 2023//2023 1929//1929 2025//2025
f 2025//2025 1929//1929 1928//1928
f 2025//2025 1928//1928 2027//2027
f 2027//2027 1928//1928 1927//1927
f 2027//2027 1927//1927 2029//2029
f 2029//2029 1927//1927 1926//1926
f 2029//2029 1926//1926 2031//2031
f 2031//2031 1926//1926 1911//1911
f 2031//2031 1911//1911 2033//2033
f 2033//2033 1911//1911 1910//1910
f 2063//2063 2095//2095 2061//2061
f 2061//2061 2095//2095 2096//2096
f 2061//2061 2096//2096 2059//2059
f 2059//2059 2096//2096 2097//2097
f 2063//2063 2081//2081 2095//2095
f 2095//2095 2081//2081 2079//2079
f 2095//2095 2079//2079 2096//2096
f 2096//2096 2079//2079 2098//2098
f 2096//2096 2098//2098 2097//2097
f 2097//2097 2098//2098 2099//2099
f 1271//1271 1877//1877 1272//1272
f 1272//1272 1877//1877 2100//2100
f 1272//1272 2100//2100 2101//2101
f 2101//2101 2100//2100 2102//2102
f 2101//2101 2102//2102 2103//2103
f 2103//2103 2102//2102 2104//2104
f 2103//2103 2104//2104 2058//2058
f 2058//2058 2104//2104 2105//2105
f 2058//2058 2105//2105 1265//1265
f 1265//1265 2105//2105 2106//2106
f 1265//1265 2106//2106 1266//1266
f 1266//1266 2106//2106 2107//2107
f 1266//1266 2107//2107 2108//2108
f 2108//2108 2109//2109 1266//1266
f 1266//1266 2109//2109 2110//2110
f 1266//1266 2110//2110 1264//1264
f 1333//1333 2099//2099 1331//1331
f 1331//1331 2099//2099 2098//2098
f 1331//1331 2098//2098 1329//1329
f 1329//1329 2098//2098 2079//2079
f 1329//1329 2079//2079 1335//1335
f 1335//1335 2079//2079 2078//2078
f 1335//1335 2078//2078 1338//1338
f 1338//1338 2078//2078 2083//2083
f 1338//1338 2083//2083 1341//1341
f 1341//1341 2083//2083 2084//2084
f 1341//1341 2084//2084 1346//1346
f 1310//1310 1344//1344 1311//1311
f 1311//1311 1344//1344 1346//1346
f 1311//1311 1346//1346 2088//2088
f 2088//2088 1346//1346 2084//2084
f 2088//2088 2084//2084 2090//2090
f 2090//2090 2084//2084 2082//2082
f 2090//2090 2082//2082 2092//2092
f 2092//2092 2082//2082 2081//2081
f 2092//2092 2081//2081 2093//2093
f 2093//2093 2081//2081 2063//2063
f 2093//2093 2063//2063 2094//2094
f 2094//2094 2063//2063 2062//2062
f 2094//2094 2062//2062 2056//2056
f 2056//2056 2062//2062 2060//2060
f 2056//2056 2060//2060 2057//2057
f 2057//2057 2060//2060 2059//2059
f 2057//2057 2059//2059 2111//2111
f 2111//2111 2059//2059 2097//2097
f 2111//2111 2097//2097 2112//2112
f 2112//2112 2097//2097 2099//2099
f 2112//2112 2099//2099 2113//2113
f 2113//2113 2099//2099 1333//1333
f 2113//2113 1333//1333 1326//1326
f 1326//1326 1333//1333 1334//1334
f 1326//1326 1334//1334 1327//1327
f 1320//1320 1322//1322 1324//1324
f 1324//1324 1322//1322 2114//2114
f 1324//1324 2114//2114 2115//2115
f 2107//2107 2115//2115 2108//2108
f 2108//2108 2115//2115 2114//2114
f 2108//2108 2114//2114 2109//2109
f 2109//2109 2114//2114 1322//1322
f 2109//2109 1322//1322 1317//1317
f 1317//1317 1322//1322 1323//1323
f 1317//1317 1323//1323 1318//1318
f 2116//2116 2117//2117 2118//2118
f 2118//2118 2117//2117 2119//2119
f 2118//2118 2119//2119 2120//2120
f 2120//2120 2119//2119 2121//2121
f 2120//2120 2121//2121 2122//2122
f 2122//2122 2121//2121 1314//1314
f 2122//2122 1314//1314 1312//1312
f 1312//1312 1314//1314 1316//1316
f 1312//1312 1316//1316 1313//1313
f 1270//1270 1272//1272 2123//2123
f 2123//2123 1272//1272 2101//2101
f 2123//2123 2101//2101 2124//2124
f 2124//2124 2101//2101 2103//2103
f 2124//2124 2103//2103 2125//2125
f 2125//2125 2103//2103 2058//2058
f 2125//2125 2058//2058 2116//2116
f 2116//2116 2058//2058 1264//1264
f 2116//2116 1264//1264 2117//2117
f 2117//2117 1264//1264 2110//2110
f 2117//2117 2110//2110 2119//2119
f 2119//2119 2110//2110 2109//2109
f 2119//2119 2109//2109 2121//2121
f 2121//2121 2109//2109 1317//1317
f 2121//2121 1317//1317 1314//1314
f 1314//1314 1317//1317 1319//1319
f 1314//1314 1319//1319 1315//1315
f 1588//1588 1590//1590 1593//1593
f 1593//1593 1590//1590 2126//2126
f 1593//1593 2126//2126 2127//2127
f 2127//2127 2126//2126 2128//2128
f 2127//2127 2128//2128 2129//2129
f 2130//2130 2128//2128 2131//2131
f 2131//2131 2128//2128 2126//2126
f 2131//2131 2126//2126 2132//2132
f 2132//2132 2126//2126 1590//1590
f 2132//2132 1590//1590 1585//1585
f 1585//1585 1590//1590 1592//1592
f 1585//1585 1592//1592 1586//1586
f 2133//2133 2134//2134 2135//2135
f 2135//2135 2134//2134 2136//2136
f 2135//2135 2136//2136 2137//2137
f 2137//2137 2136//2136 2138//2138
f 2137//2137 2138//2138 2139//2139
f 2139//2139 2138//2138 2140//2140
f 2139//2139 2140//2140 2141//2141
f 2141//2141 2140//2140 2142//2142
f 2141//2141 2142//2142 1582//1582
f 1582//1582 2142//2142 2143//2143
f 1582//1582 2143//2143 1584//1584
f 2134//2134 2130//2130 2136//2136
f 2136//2136 2130//2130 2131//2131
f 2136//2136 2131//2131 2138//2138
f 2138//2138 2131//2131 2132//2132
f 2138//2138 2132//2132 2140//2140
f 2140//2140 2132//2132 1585//1585
f 2140//2140 1585//1585 2142//2142
f 2142//2142 1585//1585 1587//1587
f 2142//2142 1587//1587 2143//2143
f 1579//1579 1574//1574 1582//1582
f 1582//1582 1574//1574 2144//2144
f 1582//1582 2144//2144 2141//2141
f 2141//2141 2144//2144 2145//2145
f 2141//2141 2145//2145 2139//2139
f 2139//2139 2145//2145 2146//2146
f 2139//2139 2146//2146 2137//2137
f 2137//2137 2146//2146 2147//2147
f 2137//2137 2147//2147 2135//2135
f 2135//2135 2147//2147 2148//2148
f 2135//2135 2148//2148 2133//2133
f 1262//1262 1261//1261 2149//2149
f 2149//2149 1261//1261 2150//2150
f 2149//2149 2150//2150 2151//2151
f 2151//2151 2150//2150 2152//2152
f 2151//2151 2152//2152 2153//2153
f 2153//2153 2152//2152 2154//2154
f 2153//2153 2154//2154 2129//2129
f 2155//2155 1259//1259 2156//2156
f 2156//2156 1259//1259 1258//1258
f 2156//2156 1258//1258 2157//2157
f 2158//2158 2159//2159 2160//2160
f 2160//2160 2159//2159 2161//2161
f 2160//2160 2161//2161 2162//2162
f 2162//2162 2161//2161 2163//2163
f 2162//2162 2163//2163 2164//2164
f 2165//2165 2155//2155 2159//2159
f 2159//2159 2155//2155 2156//2156
f 2159//2159 2156//2156 2161//2161
f 2161//2161 2156//2156 2157//2157
f 2161//2161 2157//2157 2163//2163
f 2129//2129 2128//2128 2153//2153
f 2153//2153 2128//2128 2130//2130
f 2153//2153 2130//2130 2151//2151
f 2151//2151 2130//2130 2134//2134
f 2151//2151 2134//2134 2149//2149
f 2149//2149 2134//2134 2133//2133
f 2149//2149 2133//2133 1262//1262
f 1262//1262 2133//2133 2148//2148
f 1262//1262 2148//2148 1263//1263
f 1263//1263 2148//2148 2166//2166
f 1263//1263 2166//2166 2167//2167
f 2168//2168 2169//2169 2170//2170
f 2170//2170 2169//2169 1602//1602
f 2170//2170 1602//1602 1600//1600
f 1600//1600 1602//1602 1604//1604
f 1600//1600 1604//1604 1601//1601
f 1599//1599 1296//1296 1600//1600
f 1600//1600 1296//1296 2171//2171
f 1600//1600 2171//2171 2170//2170
f 2170//2170 2171//2171 2172//2172
f 2170//2170 2172//2172 2168//2168
f 1292//1292 1617//1617 1293//1293
f 1293//1293 1617//1617 2173//2173
f 1293//1293 2173//2173 2174//2174
f 2174//2174 2173//2173 2175//2175
f 2174//2174 2175//2175 2176//2176
f 2176//2176 2175//2175 2177//2177
f 2176//2176 2177//2177 2178//2178
f 1611//1611 1613//1613 1617//1617
f 1617//1617 1613//1613 2179//2179
f 1617//1617 2179//2179 2173//2173
f 2173//2173 2179//2179 2180//2180
f 2173//2173 2180//2180 2175//2175
f 2175//2175 2180//2180 2181//2181
f 2175//2175 2181//2181 2177//2177
f 2182//2182 2183//2183 2184//2184
f 2184//2184 2183//2183 2185//2185
f 2184//2184 2185//2185 2186//2186
f 2186//2186 2185//2185 2187//2187
f 2186//2186 2187//2187 2188//2188
f 1291//1291 1293//1293 1621//1621
f 1621//1621 1293//1293 2174//2174
f 1621//1621 2174//2174 2189//2189
f 2189//2189 2174//2174 2176//2176
f 2189//2189 2176//2176 2190//2190
f 2190//2190 2176//2176 2178//2178
f 2190//2190 2178//2178 2191//2191
f 2158//2158 2192//2192 2159//2159
f 2159//2159 2192//2192 2193//2193
f 2159//2159 2193//2193 2165//2165
f 2194//2194 2192//2192 2195//2195
f 2195//2195 2192//2192 2158//2158
f 2195//2195 2158//2158 2196//2196
f 2196//2196 2158//2158 2160//2160
f 2196//2196 2160//2160 2197//2197
f 2197//2197 2160//2160 2162//2162
f 2197//2197 2162//2162 2198//2198
f 2198//2198 2162//2162 2164//2164
f 2199//2199 2200//2200 2201//2201
f 2201//2201 2200//2200 2202//2202
f 2201//2201 2202//2202 2203//2203
f 2203//2203 2202//2202 2204//2204
f 2203//2203 2204//2204 2205//2205
f 2205//2205 2204//2204 2206//2206
f 2205//2205 2206//2206 2207//2207
f 2207//2207 2206//2206 2208//2208
f 2207//2207 2208//2208 2209//2209
f 2209//2209 2208//2208 1912//1912
f 2209//2209 1912//1912 1919//1919
f 1919//1919 1912//1912 1914//1914
f 1919//1919 1914//1914 1920//1920
f 1920//1920 1914//1914 1916//1916
f 1920//1920 1916//1916 1922//1922
f 1922//1922 1916//1916 1918//1918
f 1922//1922 1918//1918 1924//1924
f 2210//2210 2211//2211 2212//2212
f 2212//2212 2211//2211 2213//2213
f 2212//2212 2213//2213 2214//2214
f 2214//2214 2213//2213 2215//2215
f 2215//2215 2213//2213 2216//2216
f 2215//2215 2216//2216 2217//2217
f 2217//2217 2194//2194 2215//2215
f 2215//2215 2194//2194 2195//2195
f 2215//2215 2195//2195 2214//2214
f 2214//2214 2195//2195 2196//2196
f 2214//2214 2196//2196 2212//2212
f 2212//2212 2196//2196 2197//2197
f 2212//2212 2197//2197 2210//2210
f 2210//2210 2197//2197 2198//2198
f 2210//2210 2198//2198 2167//2167
f 2167//2167 2198//2198 2164//2164
f 2167//2167 2164//2164 1263//1263
f 1263//1263 2164//2164 2163//2163
f 1263//1263 2163//2163 1261//1261
f 1261//1261 2163//2163 2157//2157
f 1261//1261 2157//2157 2150//2150
f 2150//2150 2157//2157 1258//1258
f 2150//2150 1258//1258 2152//2152
f 2152//2152 1258//1258 1260//1260
f 2152//2152 1260//1260 2154//2154
f 2218//2218 2219//2219 2220//2220
f 2220//2220 2219//2219 1257//1257
f 2221//2221 2222//2222 2223//2223
f 2223//2223 2222//2222 2224//2224
f 2223//2223 2224//2224 2225//2225
f 2225//2225 2224//2224 2226//2226
f 2225//2225 2226//2226 2227//2227
f 2227//2227 2226//2226 2228//2228
f 2227//2227 2228//2228 2229//2229
f 2229//2229 2228//2228 2230//2230
f 2229//2229 2230//2230 2231//2231
f 2231//2231 2230//2230 2232//2232
f 2231//2231 2232//2232 2233//2233
f 2233//2233 2232//2232 2234//2234
f 2233//2233 2234//2234 2168//2168
f 2168//2168 2234//2234 2235//2235
f 2168//2168 2235//2235 2169//2169
f 2169//2169 2235//2235 1605//1605
f 2169//2169 1605//1605 1602//1602
f 1602//1602 1605//1605 1607//1607
f 1602//1602 1607//1607 1603//1603
f 2236//2236 2237//2237 2238//2238
f 2238//2238 2237//2237 2239//2239
f 1594//1594 1593//1593 1597//1597
f 1597//1597 1593//1593 2127//2127
f 1597//1597 2127//2127 2240//2240
f 2240//2240 2127//2127 2129//2129
f 2240//2240 2129//2129 2241//2241
f 2241//2241 2129//2129 2154//2154
f 2241//2241 2154//2154 2242//2242
f 2242//2242 2154//2154 1260//1260
f 2242//2242 1260//1260 2243//2243
f 2243//2243 1260//1260 1259//1259
f 2243//2243 1259//1259 2244//2244
f 2244//2244 1259//1259 2155//2155
f 2244//2244 2155//2155 2245//2245
f 2245//2245 2155//2155 2165//2165
f 2245//2245 2165//2165 2246//2246
f 2246//2246 2165//2165 2193//2193
f 2246//2246 2193//2193 2247//2247
f 2247//2247 2193//2193 2192//2192
f 2247//2247 2192//2192 2248//2248
f 2248//2248 2192//2192 2194//2194
f 2248//2248 2194//2194 2249//2249
f 2249//2249 2194//2194 2217//2217
f 2249//2249 2217//2217 2250//2250
f 2250//2250 2217//2217 2216//2216
f 2250//2250 2216//2216 2251//2251
f 2252//2252 2253//2253 2191//2191
f 2254//2254 2255//2255 2256//2256
f 2256//2256 2255//2255 2188//2188
f 2256//2256 2188//2188 2257//2257
f 2257//2257 2188//2188 2187//2187
f 2253//2253 2252//2252 2258//2258
f 2258//2258 2252//2252 2259//2259
f 2258//2258 2259//2259 2260//2260
f 2260//2260 2259//2259 2261//2261
f 2260//2260 2261//2261 2262//2262
f 2181//2181 2182//2182 2177//2177
f 2177//2177 2182//2182 2184//2184
f 2177//2177 2184//2184 2178//2178
f 2178//2178 2184//2184 2186//2186
f 2178//2178 2186//2186 2191//2191
f 2191//2191 2186//2186 2188//2188
f 2191//2191 2188//2188 2252//2252
f 2252//2252 2188//2188 2255//2255
f 2252//2252 2255//2255 2259//2259
f 2259//2259 2255//2255 2254//2254
f 2259//2259 2254//2254 2261//2261
f 2263//2263 2262//2262 2264//2264
f 2264//2264 2262//2262 2261//2261
f 2264//2264 2261//2261 2265//2265
f 2265//2265 2261//2261 2254//2254
f 2265//2265 2254//2254 2266//2266
f 2266//2266 2254//2254 2256//2256
f 2266//2266 2256//2256 2267//2267
f 2267//2267 2256//2256 2257//2257
f 2267//2267 2257//2257 2268//2268
f 2268//2268 2257//2257 2187//2187
f 2268//2268 2187//2187 2269//2269
f 2269//2269 2187//2187 2185//2185
f 2269//2269 2185//2185 2270//2270
f 2270//2270 2185//2185 2183//2183
f 2263//2263 2271//2271 2262//2262
f 2262//2262 2271//2271 2272//2272
f 2262//2262 2272//2272 2260//2260
f 2260//2260 2272//2272 2273//2273
f 2260//2260 2273//2273 2258//2258
f 2258//2258 2273//2273 2274//2274
f 2258//2258 2274//2274 2253//2253
f 2253//2253 2274//2274 2275//2275
f 2253//2253 2275//2275 2191//2191
f 2191//2191 2275//2275 2276//2276
f 2191//2191 2276//2276 2190//2190
f 2190//2190 2276//2276 2277//2277
f 2190//2190 2277//2277 2189//2189
f 2189//2189 2277//2277 1624//1624
f 2189//2189 1624//1624 1621//1621
f 1621//1621 1624//1624 1625//1625
f 1621//1621 1625//1625 1619//1619
f 1622//1622 1624//1624 1628//1628
f 1628//1628 1624//1624 2277//2277
f 1628//1628 2277//2277 2278//2278
f 2278//2278 2277//2277 2276//2276
f 2278//2278 2276//2276 2279//2279
f 2279//2279 2276//2276 2275//2275
f 2279//2279 2275//2275 2280//2280
f 2280//2280 2275//2275 2274//2274
f 2280//2280 2274//2274 2281//2281
f 2281//2281 2274//2274 2273//2273
f 2281//2281 2273//2273 2282//2282
f 2282//2282 2273//2273 2272//2272
f 2282//2282 2272//2272 2283//2283
f 2283//2283 2272//2272 2271//2271
f 2283//2283 2271//2271 2284//2284
f 2284//2284 2271//2271 2285//2285
f 2284//2284 2285//2285 2286//2286
f 1626//1626 1628//1628 1631//1631
f 1631//1631 1628//1628 2278//2278
f 1631//1631 2278//2278 2287//2287
f 2287//2287 2278//2278 2279//2279
f 2287//2287 2279//2279 2288//2288
f 2288//2288 2279//2279 2280//2280
f 2288//2288 2280//2280 2289//2289
f 2289//2289 2280//2280 2281//2281
f 2289//2289 2281//2281 2290//2290
f 2290//2290 2281//2281 2282//2282
f 2290//2290 2282//2282 2291//2291
f 2291//2291 2282//2282 2283//2283
f 2291//2291 2283//2283 2292//2292
f 2292//2292 2283//2283 2284//2284
f 2292//2292 2284//2284 2293//2293
f 2293//2293 2284//2284 2286//2286
f 2293//2293 2286//2286 2294//2294
f 1629//1629 1631//1631 1634//1634
f 1634//1634 1631//1631 2287//2287
f 1634//1634 2287//2287 2295//2295
f 2295//2295 2287//2287 2288//2288
f 2295//2295 2288//2288 2296//2296
f 2296//2296 2288//2288 2289//2289
f 2296//2296 2289//2289 2297//2297
f 2297//2297 2289//2289 2290//2290
f 2297//2297 2290//2290 2298//2298
f 2298//2298 2290//2290 2291//2291
f 2298//2298 2291//2291 2299//2299
f 2299//2299 2291//2291 2292//2292
f 2299//2299 2292//2292 2300//2300
f 2300//2300 2292//2292 2293//2293
f 2300//2300 2293//2293 2301//2301
f 2301//2301 2293//2293 2294//2294
f 2301//2301 2294//2294 2302//2302
f 1632//1632 1634//1634 1637//1637
f 1637//1637 1634//1634 2295//2295
f 1637//1637 2295//2295 2303//2303
f 2303//2303 2295//2295 2296//2296
f 2303//2303 2296//2296 2304//2304
f 2304//2304 2296//2296 2297//2297
f 2304//2304 2297//2297 2305//2305
f 2305//2305 2297//2297 2298//2298
f 2305//2305 2298//2298 2306//2306
f 2306//2306 2298//2298 2299//2299
f 2306//2306 2299//2299 2307//2307
f 2307//2307 2299//2299 2300//2300
f 2307//2307 2300//2300 2308//2308
f 2308//2308 2300//2300 2301//2301
f 2308//2308 2301//2301 2309//2309
f 2309//2309 2301//2301 2302//2302
f 2309//2309 2302//2302 2310//2310
f 1635//1635 1637//1637 1641//1641
f 1641//1641 1637//1637 2303//2303
f 1641//1641 2303//2303 2311//2311
f 2311//2311 2303//2303 2304//2304
f 2311//2311 2304//2304 2312//2312
f 2312//2312 2304//2304 2305//2305
f 2312//2312 2305//2305 2313//2313
f 2313//2313 2305//2305 2306//2306
f 2313//2313 2306//2306 2314//2314
f 2314//2314 2306//2306 2307//2307
f 2314//2314 2307//2307 2315//2315
f 2315//2315 2307//2307 2308//2308
f 2315//2315 2308//2308 2316//2316
f 2316//2316 2308//2308 2309//2309
f 2316//2316 2309//2309 2317//2317
f 2317//2317 2309//2309 2310//2310
f 2317//2317 2310//2310 2318//2318
f 1639//1639 1641//1641 1644//1644
f 1644//1644 1641//1641 2311//2311
f 1644//1644 2311//2311 2319//2319
f 2319//2319 2311//2311 2312//2312
f 2319//2319 2312//2312 2320//2320
f 2320//2320 2312//2312 2313//2313
f 2320//2320 2313//2313 2321//2321
f 2321//2321 2313//2313 2314//2314
f 2321//2321 2314//2314 2322//2322
f 2322//2322 2314//2314 2315//2315
f 2322//2322 2315//2315 2323//2323
f 2323//2323 2315//2315 2316//2316
f 2323//2323 2316//2316 2324//2324
f 2324//2324 2316//2316 2317//2317
f 2324//2324 2317//2317 2325//2325
f 2325//2325 2317//2317 2318//2318
f 2325//2325 2318//2318 2326//2326
f 2327//2327 2328//2328 2329//2329
f 2329//2329 2328//2328 2330//2330
f 2329//2329 2330//2330 2331//2331
f 2331//2331 2330//2330 2332//2332
f 2331//2331 2332//2332 2333//2333
f 2333//2333 2332//2332 2334//2334
f 2333//2333 2334//2334 2335//2335
f 2335//2335 2334//2334 1658//1658
f 2335//2335 1658//1658 2336//2336
f 2336//2336 1658//1658 1659//1659
f 2336//2336 1659//1659 2337//2337
f 2338//2338 2339//2339 2340//2340
f 2340//2340 2339//2339 2341//2341
f 2340//2340 2341//2341 2342//2342
f 2342//2342 2341//2341 2343//2343
f 2342//2342 2343//2343 2344//2344
f 2344//2344 2343//2343 2345//2345
f 2344//2344 2345//2345 2346//2346
f 2346//2346 2345//2345 2347//2347
f 2346//2346 2347//2347 2348//2348
f 2348//2348 2347//2347 2349//2349
f 2348//2348 2349//2349 2350//2350
f 2350//2350 2349//2349 1653//1653
f 2350//2350 1653//1653 2351//2351
f 2351//2351 1653//1653 1650//1650
f 2351//2351 1650//1650 1648//1648
f 1648//1648 1650//1650 1652//1652
f 1648//1648 1652//1652 1649//1649
f 2328//2328 2352//2352 2330//2330
f 2330//2330 2352//2352 2353//2353
f 2330//2330 2353//2353 2332//2332
f 2332//2332 2353//2353 2354//2354
f 2332//2332 2354//2354 2334//2334
f 2334//2334 2354//2354 1660//1660
f 2334//2334 1660//1660 1658//1658
f 1658//1658 1660//1660 1662//1662
f 1658//1658 1662//1662 1656//1656
f 2339//2339 2327//2327 2341//2341
f 2341//2341 2327//2327 2329//2329
f 2341//2341 2329//2329 2343//2343
f 2343//2343 2329//2329 2331//2331
f 2343//2343 2331//2331 2345//2345
f 2345//2345 2331//2331 2333//2333
f 2345//2345 2333//2333 2347//2347
f 2347//2347 2333//2333 2335//2335
f 2347//2347 2335//2335 2349//2349
f 2349//2349 2335//2335 2336//2336
f 2349//2349 2336//2336 1653//1653
f 1653//1653 2336//2336 2337//2337
f 1653//1653 2337//2337 1654//1654
f 1642//1642 1644//1644 1646//1646
f 1646//1646 1644//1644 2319//2319
f 1646//1646 2319//2319 2355//2355
f 2355//2355 2319//2319 2320//2320
f 2355//2355 2320//2320 2356//2356
f 2356//2356 2320//2320 2321//2321
f 2356//2356 2321//2321 2357//2357
f 2357//2357 2321//2321 2322//2322
f 2357//2357 2322//2322 2358//2358
f 2358//2358 2322//2322 2323//2323
f 2358//2358 2323//2323 2359//2359
f 2359//2359 2323//2323 2324//2324
f 2359//2359 2324//2324 2360//2360
f 2360//2360 2324//2324 2325//2325
f 2360//2360 2325//2325 2361//2361
f 2361//2361 2325//2325 2326//2326
f 2361//2361 2326//2326 2362//2362
f 1647//1647 1646//1646 1648//1648
f 1648//1648 1646//1646 2355//2355
f 1648//1648 2355//2355 2351//2351
f 2351//2351 2355//2355 2356//2356
f 2351//2351 2356//2356 2350//2350
f 2350//2350 2356//2356 2357//2357
f 2350//2350 2357//2357 2348//2348
f 2348//2348 2357//2357 2358//2358
f 2348//2348 2358//2358 2346//2346
f 2346//2346 2358//2358 2359//2359
f 2346//2346 2359//2359 2344//2344
f 2344//2344 2359//2359 2360//2360
f 2344//2344 2360//2360 2342//2342
f 2342//2342 2360//2360 2361//2361
f 2342//2342 2361//2361 2340//2340
f 2340//2340 2361//2361 2362//2362
f 2340//2340 2362//2362 2338//2338
f 2263//2263 2363//2363 2271//2271
f 2271//2271 2363//2363 2364//2364
f 2271//2271 2364//2364 2285//2285
f 2285//2285 2364//2364 2365//2365
f 2285//2285 2365//2365 2286//2286
f 2286//2286 2365//2365 2366//2366
f 2286//2286 2366//2366 2294//2294
f 2294//2294 2366//2366 2367//2367
f 2294//2294 2367//2367 2302//2302
f 2302//2302 2367//2367 2368//2368
f 2302//2302 2368//2368 2310//2310
f 2310//2310 2368//2368 2369//2369
f 2310//2310 2369//2369 2318//2318
f 2318//2318 2369//2369 2370//2370
f 2318//2318 2370//2370 2326//2326
f 2326//2326 2370//2370 2371//2371
f 2326//2326 2371//2371 2362//2362
f 2362//2362 2371//2371 2372//2372
f 2362//2362 2372//2372 2338//2338
f 2373//2373 1254//1254 2374//2374
f 2374//2374 1254//1254 1253//1253
f 2374//2374 1253//1253 2375//2375
f 2376//2376 2377//2377 2378//2378
f 2378//2378 2377//2377 2379//2379
f 2378//2378 2379//2379 2380//2380
f 2380//2380 2379//2379 2381//2381
f 2380//2380 2381//2381 2382//2382
f 2382//2382 2381//2381 2383//2383
f 2382//2382 2383//2383 2384//2384
f 2384//2384 2383//2383 2385//2385
f 2384//2384 2385//2385 2386//2386
f 2386//2386 2385//2385 2387//2387
f 2386//2386 2387//2387 2388//2388
f 2388//2388 2387//2387 2389//2389
f 2388//2388 2389//2389 2390//2390
f 2390//2390 2389//2389 2391//2391
f 2390//2390 2391//2391 2221//2221
f 2221//2221 2391//2391 2392//2392
f 2221//2221 2392//2392 2222//2222
f 2393//2393 2376//2376 2394//2394
f 2394//2394 2376//2376 2378//2378
f 2394//2394 2378//2378 2395//2395
f 2395//2395 2378//2378 2380//2380
f 2395//2395 2380//2380 2396//2396
f 2396//2396 2380//2380 2382//2382
f 2396//2396 2382//2382 2397//2397
f 2397//2397 2382//2382 2384//2384
f 2397//2397 2384//2384 2398//2398
f 2398//2398 2384//2384 2386//2386
f 2398//2398 2386//2386 2399//2399
f 2399//2399 2386//2386 2388//2388
f 2399//2399 2388//2388 2400//2400
f 2400//2400 2388//2388 2390//2390
f 2400//2400 2390//2390 2218//2218
f 2218//2218 2390//2390 2221//2221
f 2218//2218 2221//2221 2219//2219
f 2219//2219 2221//2221 2223//2223
f 2219//2219 2223//2223 1257//1257
f 1257//1257 2223//2223 2225//2225
f 1257//1257 2225//2225 1255//1255
f 1255//1255 2225//2225 2227//2227
f 1255//1255 2227//2227 2401//2401
f 2401//2401 2227//2227 2229//2229
f 2401//2401 2229//2229 2402//2402
f 2402//2402 2229//2229 2231//2231
f 2402//2402 2231//2231 2403//2403
f 2403//2403 2231//2231 2233//2233
f 2403//2403 2233//2233 2404//2404
f 2404//2404 2233//2233 2168//2168
f 2404//2404 2168//2168 2405//2405
f 2405//2405 2168//2168 2172//2172
f 2405//2405 2172//2172 2406//2406
f 2406//2406 2172//2172 2171//2171
f 2406//2406 2171//2171 2407//2407
f 2407//2407 2171//2171 1296//1296
f 2407//2407 1296//1296 1299//1299
f 1299//1299 1296//1296 1295//1295
f 1299//1299 1295//1295 1297//1297
f 2393//2393 2394//2394 2408//2408
f 2408//2408 2394//2394 2409//2409
f 2408//2408 2409//2409 2410//2410
f 1256//1256 2236//2236 1257//1257
f 1257//1257 2236//2236 2238//2238
f 1257//1257 2238//2238 2220//2220
f 2220//2220 2238//2238 2239//2239
f 2220//2220 2239//2239 2218//2218
f 2218//2218 2239//2239 2411//2411
f 2218//2218 2411//2411 2400//2400
f 2400//2400 2411//2411 2412//2412
f 2400//2400 2412//2412 2399//2399
f 2399//2399 2412//2412 2413//2413
f 2399//2399 2413//2413 2398//2398
f 2398//2398 2413//2413 2414//2414
f 2398//2398 2414//2414 2397//2397
f 2397//2397 2414//2414 2415//2415
f 2397//2397 2415//2415 2396//2396
f 2396//2396 2415//2415 2416//2416
f 2396//2396 2416//2416 2395//2395
f 2395//2395 2416//2416 2417//2417
f 2395//2395 2417//2417 2394//2394
f 2394//2394 2417//2417 2418//2418
f 2394//2394 2418//2418 2409//2409
f 2419//2419 2420//2420 2421//2421
f 2421//2421 2420//2420 2422//2422
f 2423//2423 2419//2419 2424//2424
f 2424//2424 2419//2419 2421//2421
f 2424//2424 2421//2421 2425//2425
f 2426//2426 2422//2422 2427//2427
f 2427//2427 2422//2422 2420//2420
f 2427//2427 2420//2420 2428//2428
f 2428//2428 2420//2420 2419//2419
f 2428//2428 2419//2419 2429//2429
f 2429//2429 2419//2419 2423//2423
f 2429//2429 2423//2423 2430//2430
f 2431//2431 2432//2432 2433//2433
f 2433//2433 2432//2432 2434//2434
f 2433//2433 2434//2434 2435//2435
f 2435//2435 2434//2434 2436//2436
f 2435//2435 2436//2436 2437//2437
f 2438//2438 2426//2426 2410//2410
f 2410//2410 2426//2426 2427//2427
f 2410//2410 2427//2427 2408//2408
f 2408//2408 2427//2427 2428//2428
f 2408//2408 2428//2428 2393//2393
f 2393//2393 2428//2428 2429//2429
f 2393//2393 2429//2429 2376//2376
f 2376//2376 2429//2429 2430//2430
f 2376//2376 2430//2430 2377//2377
f 2425//2425 2439//2439 2440//2440
f 2440//2440 2439//2439 2441//2441
f 2440//2440 2441//2441 2442//2442
f 2442//2442 2441//2441 2443//2443
f 2442//2442 2443//2443 2444//2444
f 2444//2444 2443//2443 2445//2445
f 2439//2439 2431//2431 2441//2441
f 2441//2441 2431//2431 2433//2433
f 2441//2441 2433//2433 2443//2443
f 2443//2443 2433//2433 2435//2435
f 2443//2443 2435//2435 2445//2445
f 2445//2445 2435//2435 2437//2437
f 2446//2446 2447//2447 2448//2448
f 2425//2425 2421//2421 2439//2439
f 2439//2439 2421//2421 2422//2422
f 2439//2439 2422//2422 2431//2431
f 2431//2431 2422//2422 2426//2426
f 2431//2431 2426//2426 2432//2432
f 2432//2432 2426//2426 2438//2438
f 2432//2432 2438//2438 2434//2434
f 2434//2434 2438//2438 2446//2446
f 2434//2434 2446//2446 2436//2436
f 2436//2436 2446//2446 2448//2448
f 2436//2436 2448//2448 2437//2437
f 1270//1270 2449//2449 2447//2447
f 2447//2447 2449//2449 2450//2450
f 2447//2447 2450//2450 2448//2448
f 2448//2448 2450//2450 2451//2451
f 2448//2448 2451//2451 2437//2437
f 2437//2437 2451//2451 2452//2452
f 2437//2437 2452//2452 2445//2445
f 2445//2445 2452//2452 2453//2453
f 2445//2445 2453//2453 2444//2444
f 1270//1270 2447//2447 1271//1271
f 1271//1271 2447//2447 2446//2446
f 1271//1271 2446//2446 1876//1876
f 1876//1876 2446//2446 2438//2438
f 1876//1876 2438//2438 2454//2454
f 2454//2454 2438//2438 2410//2410
f 2454//2454 2410//2410 2455//2455
f 2455//2455 2410//2410 2409//2409
f 2455//2455 2409//2409 2456//2456
f 2456//2456 2409//2409 2418//2418
f 2456//2456 2418//2418 2457//2457
f 2457//2457 2418//2418 2417//2417
f 2457//2457 2417//2417 2458//2458
f 2458//2458 2417//2417 2416//2416
f 2458//2458 2416//2416 2459//2459
f 2459//2459 2416//2416 2415//2415
f 2459//2459 2415//2415 2460//2460
f 2460//2460 2415//2415 2414//2414
f 2460//2460 2414//2414 2461//2461
f 2461//2461 2414//2414 2413//2413
f 2461//2461 2413//2413 2462//2462
f 2462//2462 2413//2413 2412//2412
f 2462//2462 2412//2412 2463//2463
f 2463//2463 2412//2412 2411//2411
f 2463//2463 2411//2411 2464//2464
f 2464//2464 2411//2411 2239//2239
f 2464//2464 2239//2239 2251//2251
f 2251//2251 2239//2239 2237//2237
f 2251//2251 2237//2237 2250//2250
f 2250//2250 2237//2237 2236//2236
f 2250//2250 2236//2236 2249//2249
f 2249//2249 2236//2236 1256//1256
f 2249//2249 1256//1256 2248//2248
f 2248//2248 1256//1256 1255//1255
f 2248//2248 1255//1255 2247//2247
f 2247//2247 1255//1255 2401//2401
f 2247//2247 2401//2401 2246//2246
f 2246//2246 2401//2401 2402//2402
f 2246//2246 2402//2402 2245//2245
f 2245//2245 2402//2402 2403//2403
f 2245//2245 2403//2403 2244//2244
f 2244//2244 2403//2403 2404//2404
f 2244//2244 2404//2404 2243//2243
f 2243//2243 2404//2404 2405//2405
f 2243//2243 2405//2405 2242//2242
f 2242//2242 2405//2405 2406//2406
f 2242//2242 2406//2406 2241//2241
f 2241//2241 2406//2406 2407//2407
f 2241//2241 2407//2407 2240//2240
f 2240//2240 2407//2407 1299//1299
f 2240//2240 1299//1299 1597//1597
f 1597//1597 1299//1299 1298//1298
f 1597//1597 1298//1298 1595//1595
f 2167//2167 2465//2465 2210//2210
f 2210//2210 2465//2465 2466//2466
f 2210//2210 2466//2466 2211//2211
f 2211//2211 2466//2466 1277//1277
f 2211//2211 1277//1277 2213//2213
f 2213//2213 1277//1277 1276//1276
f 2213//2213 1276//1276 2216//2216
f 2216//2216 1276//1276 1840//1840
f 2216//2216 1840//1840 2251//2251
f 2251//2251 1840//1840 1874//1874
f 2251//2251 1874//1874 2464//2464
f 2464//2464 1874//1874 1872//1872
f 2464//2464 1872//1872 2463//2463
f 2463//2463 1872//1872 1870//1870
f 2463//2463 1870//1870 2462//2462
f 2462//2462 1870//1870 1868//1868
f 2462//2462 1868//1868 2461//2461
f 2461//2461 1868//1868 1866//1866
f 2461//2461 1866//1866 2460//2460
f 2460//2460 1866//1866 1864//1864
f 2460//2460 1864//1864 2459//2459
f 2459//2459 1864//1864 1862//1862
f 2459//2459 1862//1862 2458//2458
f 2458//2458 1862//1862 1860//1860
f 2458//2458 1860//1860 2457//2457
f 2457//2457 1860//1860 1858//1858
f 2457//2457 1858//1858 2456//2456
f 2456//2456 1858//1858 1856//1856
f 2456//2456 1856//1856 2455//2455
f 2455//2455 1856//1856 1854//1854
f 2455//2455 1854//1854 2454//2454
f 2454//2454 1854//1854 1852//1852
f 2454//2454 1852//1852 1876//1876
f 1876//1876 1852//1852 1851//1851
f 1876//1876 1851//1851 1877//1877
f 1877//1877 1851//1851 1878//1878
f 1877//1877 1878//1878 2100//2100
f 2100//2100 1878//1878 2037//2037
f 2100//2100 2037//2037 2102//2102
f 2102//2102 2037//2037 2055//2055
f 2102//2102 2055//2055 2104//2104
f 2104//2104 2055//2055 2057//2057
f 2104//2104 2057//2057 2105//2105
f 2105//2105 2057//2057 2111//2111
f 2105//2105 2111//2111 2106//2106
f 2106//2106 2111//2111 2112//2112
f 2106//2106 2112//2112 2107//2107
f 2107//2107 2112//2112 2113//2113
f 2107//2107 2113//2113 2115//2115
f 2115//2115 2113//2113 1326//1326
f 2115//2115 1326//1326 1324//1324
f 1324//1324 1326//1326 1328//1328
f 1324//1324 1328//1328 1325//1325
f 2467//2467 2375//2375 2468//2468
f 2468//2468 2375//2375 1253//1253
f 2468//2468 1253//1253 2469//2469
f 2469//2469 1253//1253 1252//1252
f 2469//2469 1252//1252 2470//2470
f 2471//2471 2470//2470 2472//2472
f 2472//2472 2470//2470 1252//1252
f 2472//2472 1252//1252 2473//2473
f 2473//2473 1252//1252 1254//1254
f 2473//2473 1254//1254 2474//2474
f 2474//2474 1254//1254 2373//2373
f 2474//2474 2373//2373 2475//2475
f 2476//2476 2471//2471 2477//2477
f 2477//2477 2471//2471 2472//2472
f 2477//2477 2472//2472 2478//2478
f 2478//2478 2472//2472 2473//2473
f 2478//2478 2473//2473 2479//2479
f 2479//2479 2473//2473 2474//2474
f 2479//2479 2474//2474 2480//2480
f 2480//2480 2474//2474 2475//2475
f 2480//2480 2475//2475 2481//2481
f 2481//2481 1244//1244 2480//2480
f 2480//2480 1244//1244 1243//1243
f 2480//2480 1243//1243 2479//2479
f 2479//2479 1243//1243 2482//2482
f 2479//2479 2482//2482 2478//2478
f 2478//2478 2482//2482 2483//2483
f 2478//2478 2483//2483 2477//2477
f 2477//2477 2483//2483 2484//2484
f 2477//2477 2484//2484 2476//2476
f 2476//2476 2484//2484 2485//2485
f 1247//1247 1246//1246 2486//2486
f 2486//2486 1246//1246 2487//2487
f 2486//2486 2487//2487 2488//2488
f 2488//2488 2487//2487 2489//2489
f 2488//2488 2489//2489 2490//2490
f 2490//2490 2489//2489 2491//2491
f 2490//2490 2491//2491 2492//2492
f 2492//2492 2491//2491 2493//2493
f 2492//2492 2493//2493 2494//2494
f 2494//2494 2493//2493 2495//2495
f 2494//2494 2495//2495 2496//2496
f 2496//2496 2495//2495 2497//2497
f 2496//2496 2497//2497 2498//2498
f 2498//2498 2497//2497 2499//2499
f 2498//2498 2499//2499 2500//2500
f 2500//2500 2499//2499 2501//2501
f 2500//2500 2501//2501 2502//2502
f 2502//2502 2501//2501 2503//2503
f 2502//2502 2503//2503 2504//2504
f 2504//2504 2503//2503 2505//2505
f 2504//2504 2505//2505 2506//2506
f 2506//2506 2505//2505 2507//2507
f 2506//2506 2507//2507 2508//2508
f 2508//2508 2507//2507 2509//2509
f 2508//2508 2509//2509 2510//2510
f 2510//2510 2509//2509 2511//2511
f 2510//2510 2511//2511 2512//2512
f 2512//2512 2511//2511 2513//2513
f 2512//2512 2513//2513 2514//2514
f 2514//2514 2513//2513 2515//2515
f 2514//2514 2515//2515 2516//2516
f 2516//2516 2515//2515 2517//2517
f 2516//2516 2517//2517 2518//2518
f 2518//2518 2517//2517 2519//2519
f 2518//2518 2519//2519 2520//2520
f 2520//2520 2519//2519 2521//2521
f 2520//2520 2521//2521 2522//2522
f 2522//2522 2521//2521 1667//1667
f 2522//2522 1667//1667 1663//1663
f 1663//1663 1667//1667 1666//1666
f 1663//1663 1666//1666 1664//1664
f 2523//2523 2524//2524 2525//2525
f 2525//2525 2524//2524 2526//2526
f 2525//2525 2526//2526 2527//2527
f 2203//2203 2528//2528 2201//2201
f 2201//2201 2528//2528 2529//2529
f 2201//2201 2529//2529 2199//2199
f 2199//2199 2529//2529 2530//2530
f 2199//2199 2530//2530 2531//2531
f 2531//2531 2530//2530 2532//2532
f 2531//2531 2532//2532 2533//2533
f 2533//2533 2532//2532 2534//2534
f 2533//2533 2534//2534 2535//2535
f 2535//2535 2534//2534 2536//2536
f 2535//2535 2536//2536 2537//2537
f 2537//2537 2536//2536 2538//2538
f 2537//2537 2538//2538 2539//2539
f 2539//2539 2538//2538 2540//2540
f 2539//2539 2540//2540 2541//2541
f 2541//2541 2540//2540 2542//2542
f 2541//2541 2542//2542 2543//2543
f 2543//2543 2542//2542 2544//2544
f 2543//2543 2544//2544 2545//2545
f 2545//2545 2544//2544 2546//2546
f 2545//2545 2546//2546 2547//2547
f 2547//2547 2546//2546 2548//2548
f 2547//2547 2548//2548 2549//2549
f 2549//2549 2548//2548 2550//2550
f 2549//2549 2550//2550 2551//2551
f 2551//2551 2550//2550 2552//2552
f 2551//2551 2552//2552 2553//2553
f 2553//2553 2552//2552 2554//2554
f 2553//2553 2554//2554 2555//2555
f 2555//2555 2554//2554 2556//2556
f 2555//2555 2556//2556 2557//2557
f 2557//2557 2556//2556 2558//2558
f 2557//2557 2558//2558 2559//2559
f 2559//2559 2558//2558 2560//2560
f 2559//2559 2560//2560 2561//2561
f 2561//2561 2560//2560 2562//2562
f 2561//2561 2562//2562 2563//2563
f 1925//1925 2033//2033 1923//1923
f 1923//1923 2033//2033 1910//1910
f 1923//1923 1910//1910 1921//1921
f 1921//1921 1910//1910 1846//1846
f 1921//1921 1846//1846 1919//1919
f 1919//1919 1846//1846 1844//1844
f 1919//1919 1844//1844 2209//2209
f 2209//2209 1844//1844 1842//1842
f 2209//2209 1842//1842 2207//2207
f 2207//2207 1842//1842 1278//1278
f 2207//2207 1278//1278 2205//2205
f 2205//2205 1278//1278 1277//1277
f 2205//2205 1277//1277 2203//2203
f 2203//2203 1277//1277 2466//2466
f 2203//2203 2466//2466 2528//2528
f 2528//2528 2466//2466 2465//2465
f 2528//2528 2465//2465 2529//2529
f 2529//2529 2465//2465 2167//2167
f 2529//2529 2167//2167 2530//2530
f 2530//2530 2167//2167 2166//2166
f 2530//2530 2166//2166 2532//2532
f 2532//2532 2166//2166 2148//2148
f 2532//2532 2148//2148 2534//2534
f 2534//2534 2148//2148 2147//2147
f 2534//2534 2147//2147 2536//2536
f 2536//2536 2147//2147 2146//2146
f 2536//2536 2146//2146 2538//2538
f 2538//2538 2146//2146 2145//2145
f 2538//2538 2145//2145 2540//2540
f 2540//2540 2145//2145 2144//2144
f 2540//2540 2144//2144 2542//2542
f 2542//2542 2144//2144 1574//1574
f 2542//2542 1574//1574 2544//2544
f 2544//2544 1574//1574 1576//1576
f 2544//2544 1576//1576 2546//2546
f 2546//2546 1576//1576 1571//1571
f 2546//2546 1571//1571 2548//2548
f 2548//2548 1571//1571 1566//1566
f 2548//2548 1566//1566 2550//2550
f 2550//2550 1566//1566 1565//1565
f 2550//2550 1565//1565 2552//2552
f 2552//2552 1565//1565 1562//1562
f 2552//2552 1562//1562 2554//2554
f 2554//2554 1562//1562 1560//1560
f 2554//2554 1560//1560 2556//2556
f 2556//2556 1560//1560 1554//1554
f 2556//2556 1554//1554 2558//2558
f 2558//2558 1554//1554 1556//1556
f 2558//2558 1556//1556 2560//2560
f 2560//2560 1556//1556 1550//1550
f 2560//2560 1550//1550 2562//2562
f 2562//2562 1550//1550 1548//1548
f 2562//2562 1548//1548 2563//2563
f 2563//2563 1548//1548 1542//1542
f 2563//2563 1542//1542 2564//2564
f 2564//2564 1542//1542 1544//1544
f 2564//2564 1544//1544 1537//1537
f 1537//1537 1544//1544 1546//1546
f 1537//1537 1546//1546 1535//1535
f 1476//1476 2565//2565 1478//1478
f 1478//1478 2565//2565 2566//2566
f 1478//1478 2566//2566 1482//1482
f 1482//1482 2566//2566 2567//2567
f 1482//1482 2567//2567 1485//1485
f 1485//1485 2567//2567 2568//2568
f 1485//1485 2568//2568 1488//1488
f 1488//1488 2568//2568 2569//2569
f 1488//1488 2569//2569 2570//2570
f 2570//2570 2569//2569 2571//2571
f 2570//2570 2571//2571 2572//2572
f 2572//2572 2571//2571 2573//2573
f 2572//2572 2573//2573 2574//2574
f 2574//2574 2573//2573 2575//2575
f 2574//2574 2575//2575 2576//2576
f 2576//2576 2575//2575 2577//2577
f 2576//2576 2577//2577 2578//2578
f 2578//2578 2577//2577 2579//2579
f 2578//2578 2579//2579 2580//2580
f 2580//2580 2579//2579 2581//2581
f 2580//2580 2581//2581 2582//2582
f 2582//2582 2581//2581 2583//2583
f 2582//2582 2583//2583 2584//2584
f 2584//2584 2583//2583 2585//2585
f 2584//2584 2585//2585 2586//2586
f 2586//2586 2585//2585 2587//2587
f 2586//2586 2587//2587 2588//2588
f 2588//2588 2587//2587 2589//2589
f 2588//2588 2589//2589 2590//2590
f 2590//2590 2589//2589 2591//2591
f 2590//2590 2591//2591 2592//2592
f 2592//2592 2591//2591 2593//2593
f 2592//2592 2593//2593 2594//2594
f 2594//2594 2593//2593 2595//2595
f 2594//2594 2595//2595 2596//2596
f 2596//2596 2595//2595 2597//2597
f 2596//2596 2597//2597 2598//2598
f 2598//2598 2597//2597 2599//2599
f 2598//2598 2599//2599 2600//2600
f 2600//2600 2599//2599 2601//2601
f 2600//2600 2601//2601 2602//2602
f 2602//2602 2601//2601 2603//2603
f 2602//2602 2603//2603 2604//2604
f 2604//2604 2603//2603 2605//2605
f 2604//2604 2605//2605 2606//2606
f 2606//2606 2605//2605 2607//2607
f 2606//2606 2607//2607 2608//2608
f 2608//2608 2607//2607 2609//2609
f 2608//2608 2609//2609 2610//2610
f 2610//2610 2609//2609 2611//2611
f 2610//2610 2611//2611 2612//2612
f 2612//2612 2611//2611 2613//2613
f 2612//2612 2613//2613 2614//2614
f 2614//2614 2613//2613 2615//2615
f 2614//2614 2615//2615 2616//2616
f 2616//2616 2615//2615 2617//2617
f 2616//2616 2617//2617 2618//2618
f 2618//2618 2617//2617 2619//2619
f 2618//2618 2619//2619 1250//1250
f 2620//2620 2619//2619 2621//2621
f 2621//2621 2619//2619 2617//2617
f 2621//2621 2617//2617 2622//2622
f 2622//2622 2617//2617 2615//2615
f 2622//2622 2615//2615 2623//2623
f 2623//2623 2615//2615 2613//2613
f 2623//2623 2613//2613 2624//2624
f 2624//2624 2613//2613 2611//2611
f 2624//2624 2611//2611 2625//2625
f 2625//2625 2611//2611 2609//2609
f 2625//2625 2609//2609 2626//2626
f 2626//2626 2609//2609 2607//2607
f 2626//2626 2607//2607 2627//2627
f 2627//2627 2607//2607 2605//2605
f 2627//2627 2605//2605 2628//2628
f 2628//2628 2605//2605 2603//2603
f 2628//2628 2603//2603 2629//2629
f 2629//2629 2603//2603 2601//2601
f 2629//2629 2601//2601 2630//2630
f 2630//2630 2601//2601 2599//2599
f 2630//2630 2599//2599 2631//2631
f 2631//2631 2599//2599 2597//2597
f 2631//2631 2597//2597 2632//2632
f 2632//2632 2597//2597 2595//2595
f 2632//2632 2595//2595 2633//2633
f 2633//2633 2595//2595 2593//2593
f 2633//2633 2593//2593 2634//2634
f 2634//2634 2593//2593 2591//2591
f 2634//2634 2591//2591 2635//2635
f 2635//2635 2591//2591 2589//2589
f 2635//2635 2589//2589 2636//2636
f 2636//2636 2589//2589 2587//2587
f 2636//2636 2587//2587 2637//2637
f 2637//2637 2587//2587 2585//2585
f 2637//2637 2585//2585 2638//2638
f 2638//2638 2585//2585 2583//2583
f 2638//2638 2583//2583 2639//2639
f 2639//2639 2583//2583 2581//2581
f 2639//2639 2581//2581 2640//2640
f 2640//2640 2581//2581 2579//2579
f 2640//2640 2579//2579 2641//2641
f 2641//2641 2579//2579 2577//2577
f 2641//2641 2577//2577 2642//2642
f 2642//2642 2577//2577 2575//2575
f 2642//2642 2575//2575 2643//2643
f 2643//2643 2575//2575 2573//2573
f 2643//2643 2573//2573 2644//2644
f 2644//2644 2573//2573 2571//2571
f 2644//2644 2571//2571 2645//2645
f 2645//2645 2571//2571 2569//2569
f 2645//2645 2569//2569 2646//2646
f 2646//2646 2569//2569 2568//2568
f 2646//2646 2568//2568 2647//2647
f 2647//2647 2568//2568 2567//2567
f 2647//2647 2567//2567 2648//2648
f 2648//2648 2567//2567 2566//2566
f 2648//2648 2566//2566 2649//2649
f 2649//2649 2566//2566 2565//2565
f 2650//2650 2651//2651 2652//2652
f 2653//2653 2654//2654 2655//2655
f 2655//2655 2654//2654 2656//2656
f 2655//2655 2656//2656 2657//2657
f 2650//2650 2657//2657 2658//2658
f 2658//2658 2657//2657 2656//2656
f 2658//2658 2656//2656 2659//2659
f 2660//2660 2661//2661 2662//2662
f 2663//2663 2620//2620 2664//2664
f 2664//2664 2620//2620 2621//2621
f 2664//2664 2621//2621 2665//2665
f 2665//2665 2621//2621 2622//2622
f 2665//2665 2622//2622 2666//2666
f 2666//2666 2622//2622 2623//2623
f 2666//2666 2623//2623 2667//2667
f 2667//2667 2623//2623 2624//2624
f 2667//2667 2624//2624 2668//2668
f 2668//2668 2624//2624 2625//2625
f 2668//2668 2625//2625 2669//2669
f 2669//2669 2625//2625 2626//2626
f 2669//2669 2626//2626 2670//2670
f 2670//2670 2626//2626 2627//2627
f 2670//2670 2627//2627 2671//2671
f 2671//2671 2627//2627 2628//2628
f 2671//2671 2628//2628 2672//2672
f 2672//2672 2628//2628 2629//2629
f 2672//2672 2629//2629 2673//2673
f 2673//2673 2629//2629 2630//2630
f 2673//2673 2630//2630 2674//2674
f 2674//2674 2630//2630 2631//2631
f 2674//2674 2631//2631 1248//1248
f 1248//1248 2631//2631 2632//2632
f 1248//1248 2632//2632 1246//1246
f 1246//1246 2632//2632 2633//2633
f 1246//1246 2633//2633 2487//2487
f 2487//2487 2633//2633 2634//2634
f 2487//2487 2634//2634 2489//2489
f 2489//2489 2634//2634 2635//2635
f 2489//2489 2635//2635 2491//2491
f 2491//2491 2635//2635 2636//2636
f 2491//2491 2636//2636 2493//2493
f 2493//2493 2636//2636 2637//2637
f 2493//2493 2637//2637 2495//2495
f 2495//2495 2637//2637 2638//2638
f 2495//2495 2638//2638 2497//2497
f 2497//2497 2638//2638 2639//2639
f 2497//2497 2639//2639 2499//2499
f 2499//2499 2639//2639 2640//2640
f 2499//2499 2640//2640 2501//2501
f 2501//2501 2640//2640 2641//2641
f 2501//2501 2641//2641 2503//2503
f 2503//2503 2641//2641 2642//2642
f 2503//2503 2642//2642 2505//2505
f 2505//2505 2642//2642 2643//2643
f 2505//2505 2643//2643 2507//2507
f 2507//2507 2643//2643 2644//2644
f 2507//2507 2644//2644 2509//2509
f 2509//2509 2644//2644 2645//2645
f 2509//2509 2645//2645 2511//2511
f 2511//2511 2645//2645 2646//2646
f 2511//2511 2646//2646 2513//2513
f 2513//2513 2646//2646 2647//2647
f 2513//2513 2647//2647 2515//2515
f 2515//2515 2647//2647 2648//2648
f 2515//2515 2648//2648 2517//2517
f 2517//2517 2648//2648 2649//2649
f 2517//2517 2649//2649 2519//2519
f 2519//2519 2649//2649 2565//2565
f 2519//2519 2565//2565 2521//2521
f 2521//2521 2565//2565 1476//1476
f 2521//2521 1476//1476 1667//1667
f 1667//1667 1476//1476 1672//1672
f 1667//1667 1672//1672 1669//1669
f 2675//2675 2660//2660 2676//2676
f 2675//2675 2676//2676 2677//2677
f 2678//2678 2679//2679 2680//2680
f 2681//2681 2485//2485 2682//2682
f 2682//2682 2485//2485 2484//2484
f 2682//2682 2484//2484 2683//2683
f 2683//2683 2484//2484 2483//2483
f 2683//2683 2483//2483 2684//2684
f 2684//2684 2483//2483 2482//2482
f 2684//2684 2482//2482 2685//2685
f 2685//2685 2482//2482 1243//1243
f 2685//2685 1243//1243 2686//2686
f 2686//2686 1243//1243 1245//1245
f 2686//2686 1245//1245 2687//2687
f 2688//2688 2681//2681 2689//2689
f 2689//2689 2681//2681 2682//2682
f 2689//2689 2682//2682 2690//2690
f 2690//2690 2682//2682 2683//2683
f 2690//2690 2683//2683 2691//2691
f 2691//2691 2683//2683 2684//2684
f 2691//2691 2684//2684 2692//2692
f 2692//2692 2684//2684 2685//2685
f 2692//2692 2685//2685 2693//2693
f 2693//2693 2685//2685 2686//2686
f 2693//2693 2686//2686 2694//2694
f 2694//2694 2686//2686 2687//2687
f 2694//2694 2687//2687 2695//2695
f 2696//2696 2688//2688 2697//2697
f 2697//2697 2688//2688 2689//2689
f 2697//2697 2689//2689 2698//2698
f 2698//2698 2689//2689 2690//2690
f 2698//2698 2690//2690 2699//2699
f 2699//2699 2690//2690 2691//2691
f 2699//2699 2691//2691 2700//2700
f 2700//2700 2691//2691 2692//2692
f 2700//2700 2692//2692 2701//2701
f 2701//2701 2692//2692 2693//2693
f 2701//2701 2693//2693 2702//2702
f 2702//2702 2693//2693 2694//2694
f 2702//2702 2694//2694 2703//2703
f 2703//2703 2694//2694 2695//2695
f 2703//2703 2695//2695 2704//2704
f 2704//2704 2705//2705 2703//2703
f 2703//2703 2705//2705 2706//2706
f 2703//2703 2706//2706 2702//2702
f 2702//2702 2706//2706 2707//2707
f 2702//2702 2707//2707 2701//2701
f 2701//2701 2707//2707 2708//2708
f 2701//2701 2708//2708 2700//2700
f 2700//2700 2708//2708 2709//2709
f 2700//2700 2709//2709 2699//2699
f 2699//2699 2709//2709 2710//2710
f 2699//2699 2710//2710 2698//2698
f 2698//2698 2710//2710 2711//2711
f 2698//2698 2711//2711 2697//2697
f 2697//2697 2711//2711 2712//2712
f 2697//2697 2712//2712 2696//2696
f 2696//2696 2712//2712 2713//2713
f 2705//2705 2714//2714 2706//2706
f 2706//2706 2714//2714 2715//2715
f 2706//2706 2715//2715 2707//2707
f 2707//2707 2715//2715 2716//2716
f 2707//2707 2716//2716 2708//2708
f 2708//2708 2716//2716 2717//2717
f 2708//2708 2717//2717 2709//2709
f 2709//2709 2717//2717 2718//2718
f 2709//2709 2718//2718 2710//2710
f 2710//2710 2718//2718 2719//2719
f 2710//2710 2719//2719 2711//2711
f 2711//2711 2719//2719 2720//2720
f 2711//2711 2720//2720 2712//2712
f 2712//2712 2720//2720 2721//2721
f 2712//2712 2721//2721 2713//2713
f 2713//2713 2721//2721 2722//2722
f 1241//1241 1240//1240 2723//2723
f 2723//2723 1240//1240 2724//2724
f 2723//2723 2724//2724 2725//2725
f 2725//2725 2724//2724 2726//2726
f 2725//2725 2726//2726 2727//2727
f 2727//2727 2726//2726 2728//2728
f 2727//2727 2728//2728 2729//2729
f 1242//1242 2730//2730 1240//1240
f 1240//1240 2730//2730 2731//2731
f 1240//1240 2731//2731 2724//2724
f 2724//2724 2731//2731 2732//2732
f 2724//2724 2732//2732 2726//2726
f 2726//2726 2732//2732 2733//2733
f 2726//2726 2733//2733 2728//2728
f 2728//2728 2733//2733 2527//2527
f 2728//2728 2527//2527 2729//2729
f 2729//2729 2527//2527 2526//2526
f 2734//2734 2735//2735 2736//2736
f 2736//2736 2735//2735 2737//2737
f 2736//2736 2737//2737 2738//2738
f 2738//2738 2737//2737 2739//2739
f 2738//2738 2739//2739 2740//2740
f 2740//2740 2739//2739 2741//2741
f 2740//2740 2741//2741 2742//2742
f 2742//2742 2741//2741 2743//2743
f 2742//2742 2743//2743 2744//2744
f 2744//2744 2743//2743 2745//2745
f 2744//2744 2745//2745 2746//2746
f 2747//2747 2748//2748 2749//2749
f 2749//2749 2748//2748 2750//2750
f 2749//2749 2750//2750 2751//2751
f 2751//2751 2750//2750 2752//2752
f 2751//2751 2752//2752 2753//2753
f 1241//1241 2754//2754 1242//1242
f 1242//1242 2754//2754 2755//2755
f 1242//1242 2755//2755 2730//2730
f 2730//2730 2755//2755 2746//2746
f 2730//2730 2746//2746 2731//2731
f 2731//2731 2746//2746 2745//2745
f 2731//2731 2745//2745 2732//2732
f 2732//2732 2745//2745 2743//2743
f 2732//2732 2743//2743 2733//2733
f 2733//2733 2743//2743 2741//2741
f 2733//2733 2741//2741 2527//2527
f 2527//2527 2741//2741 2739//2739
f 2527//2527 2739//2739 2525//2525
f 2525//2525 2739//2739 2737//2737
f 2525//2525 2737//2737 2523//2523
f 2523//2523 2737//2737 2735//2735
f 2754//2754 2756//2756 2755//2755
f 2755//2755 2756//2756 1696//1696
f 2755//2755 1696//1696 2757//2757
f 2757//2757 1696//1696 1697//1697
f 2757//2757 1697//1697 2758//2758
f 2758//2758 1697//1697 1698//1698
f 2758//2758 1698//1698 2759//2759
f 2759//2759 1698//1698 1699//1699
f 2759//2759 1699//1699 2760//2760
f 2760//2760 1699//1699 1700//1700
f 2760//2760 1700//1700 1678//1678
f 1678//1678 1700//1700 1701//1701
f 1678//1678 1701//1701 1679//1679
f 1679//1679 1701//1701 1702//1702
f 1679//1679 1702//1702 1706//1706
f 1706//1706 1702//1702 1703//1703
f 1706//1706 1703//1703 1708//1708
f 1708//1708 1703//1703 1704//1704
f 1708//1708 1704//1704 1710//1710
f 1710//1710 1704//1704 1460//1460
f 1710//1710 1460//1460 1457//1457
f 1457//1457 1460//1460 1462//1462
f 1457//1457 1462//1462 1458//1458
f 2524//2524 2761//2761 2526//2526
f 2526//2526 2761//2761 2762//2762
f 2526//2526 2762//2762 2729//2729
f 2729//2729 2762//2762 2763//2763
f 2729//2729 2763//2763 2727//2727
f 2727//2727 2763//2763 2764//2764
f 2727//2727 2764//2764 2725//2725
f 2725//2725 2764//2764 2765//2765
f 2725//2725 2765//2765 2723//2723
f 2723//2723 2765//2765 2766//2766
f 2723//2723 2766//2766 1241//1241
f 1241//1241 2766//2766 2767//2767
f 1241//1241 2767//2767 2754//2754
f 2754//2754 2767//2767 2768//2768
f 2754//2754 2768//2768 2756//2756
f 2756//2756 2768//2768 2769//2769
f 2756//2756 2769//2769 1696//1696
f 1696//1696 2769//2769 1288//1288
f 1696//1696 1288//1288 1691//1691
f 1691//1691 1288//1288 1290//1290
f 1691//1691 1290//1290 1692//1692
f 2770//2770 2771//2771 2772//2772
f 2772//2772 2771//2771 2773//2773
f 2772//2772 2773//2773 2774//2774
f 2774//2774 2773//2773 2775//2775
f 2774//2774 2775//2775 2776//2776
f 2776//2776 2775//2775 2777//2777
f 2776//2776 2777//2777 2778//2778
f 2778//2778 2777//2777 2779//2779
f 2778//2778 2779//2779 2780//2780
f 2780//2780 2779//2779 2781//2781
f 2780//2780 2781//2781 2782//2782
f 2782//2782 2781//2781 2783//2783
f 2782//2782 2783//2783 2784//2784
f 2784//2784 2783//2783 2785//2785
f 2784//2784 2785//2785 2786//2786
f 1734//1734 2786//2786 1732//1732
f 1732//1732 2786//2786 2785//2785
f 1732//1732 2785//2785 2787//2787
f 2787//2787 2785//2785 2783//2783
f 2787//2787 2783//2783 2788//2788
f 2788//2788 2783//2783 2781//2781
f 2788//2788 2781//2781 2789//2789
f 2789//2789 2781//2781 2779//2779
f 2789//2789 2779//2779 2790//2790
f 2790//2790 2779//2779 2777//2777
f 2790//2790 2777//2777 2791//2791
f 2791//2791 2777//2777 2775//2775
f 2791//2791 2775//2775 2792//2792
f 2792//2792 2775//2775 2773//2773
f 2792//2792 2773//2773 2793//2793
f 2793//2793 2773//2773 2771//2771
f 2752//2752 2794//2794 2753//2753
f 2753//2753 2794//2794 2795//2795
f 2753//2753 2795//2795 2796//2796
f 2796//2796 2795//2795 2797//2797
f 2796//2796 2797//2797 2798//2798
f 2798//2798 2797//2797 2799//2799
f 2798//2798 2799//2799 2800//2800
f 2800//2800 2799//2799 2801//2801
f 2800//2800 2801//2801 2802//2802
f 2802//2802 2801//2801 2803//2803
f 2802//2802 2803//2803 2804//2804
f 2804//2804 2803//2803 2805//2805
f 2804//2804 2805//2805 2806//2806
f 2806//2806 2805//2805 2807//2807
f 2806//2806 2807//2807 1721//1721
f 1721//1721 2807//2807 2808//2808
f 1721//1721 2808//2808 1720//1720
f 1720//1720 2808//2808 2809//2809
f 1720//1720 2809//2809 1287//1287
f 1287//1287 2809//2809 2810//2810
f 1287//1287 2810//2810 1285//1285
f 1285//1285 2810//2810 2811//2811
f 1285//1285 2811//2811 1741//1741
f 1741//1741 2811//2811 1436//1436
f 1741//1741 1436//1436 1433//1433
f 1433//1433 1436//1436 1438//1438
f 1433//1433 1438//1438 1434//1434
f 2812//2812 2813//2813 2814//2814
f 2814//2814 2813//2813 2815//2815
f 2814//2814 2815//2815 2816//2816
f 2816//2816 2815//2815 2817//2817
f 2816//2816 2817//2817 2818//2818
f 2818//2818 2817//2817 2819//2819
f 2818//2818 2819//2819 2820//2820
f 2820//2820 2819//2819 2821//2821
f 2820//2820 2821//2821 2822//2822
f 2822//2822 2821//2821 2823//2823
f 2822//2822 2823//2823 2824//2824
f 2824//2824 2823//2823 2825//2825
f 2824//2824 2825//2825 2826//2826
f 2826//2826 2825//2825 2827//2827
f 2826//2826 2827//2827 2828//2828
f 2828//2828 2827//2827 2829//2829
f 2828//2828 2829//2829 2830//2830
f 2830//2830 2829//2829 2831//2831
f 2830//2830 2831//2831 2832//2832
f 2832//2832 2831//2831 2833//2833
f 2832//2832 2833//2833 2834//2834
f 2834//2834 2833//2833 2835//2835
f 2834//2834 2835//2835 2836//2836
f 2813//2813 2747//2747 2815//2815
f 2815//2815 2747//2747 2749//2749
f 2815//2815 2749//2749 2817//2817
f 2817//2817 2749//2749 2751//2751
f 2817//2817 2751//2751 2819//2819
f 2819//2819 2751//2751 2753//2753
f 2819//2819 2753//2753 2821//2821
f 2821//2821 2753//2753 2796//2796
f 2821//2821 2796//2796 2823//2823
f 2823//2823 2796//2796 2798//2798
f 2823//2823 2798//2798 2825//2825
f 2825//2825 2798//2798 2800//2800
f 2825//2825 2800//2800 2827//2827
f 2827//2827 2800//2800 2802//2802
f 2827//2827 2802//2802 2829//2829
f 2829//2829 2802//2802 2804//2804
f 2829//2829 2804//2804 2831//2831
f 2831//2831 2804//2804 2806//2806
f 2831//2831 2806//2806 2833//2833
f 2833//2833 2806//2806 1721//1721
f 2833//2833 1721//1721 2835//2835
f 2835//2835 1721//1721 1719//1719
f 2835//2835 1719//1719 2836//2836
f 2836//2836 1719//1719 1717//1717
f 2748//2748 2770//2770 2750//2750
f 2750//2750 2770//2770 2772//2772
f 2750//2750 2772//2772 2752//2752
f 2752//2752 2772//2772 2774//2774
f 2752//2752 2774//2774 2794//2794
f 2794//2794 2774//2774 2776//2776
f 2794//2794 2776//2776 2795//2795
f 2795//2795 2776//2776 2778//2778
f 2795//2795 2778//2778 2797//2797
f 2797//2797 2778//2778 2780//2780
f 2797//2797 2780//2780 2799//2799
f 2799//2799 2780//2780 2782//2782
f 2799//2799 2782//2782 2801//2801
f 2801//2801 2782//2782 2784//2784
f 2801//2801 2784//2784 2803//2803
f 2803//2803 2784//2784 2786//2786
f 2803//2803 2786//2786 2805//2805
f 2805//2805 2786//2786 1734//1734
f 2805//2805 1734//1734 2807//2807
f 2807//2807 1734//1734 1736//1736
f 2807//2807 1736//1736 2808//2808
f 2808//2808 1736//1736 1737//1737
f 2808//2808 1737//1737 2809//2809
f 2809//2809 1737//1737 1738//1738
f 2809//2809 1738//1738 2810//2810
f 2810//2810 1738//1738 1739//1739
f 2810//2810 1739//1739 2811//2811
f 2811//2811 1739//1739 1439//1439
f 2811//2811 1439//1439 1436//1436
f 1436//1436 1439//1439 1441//1441
f 1436//1436 1441//1441 1437//1437
f 2837//2837 2734//2734 2812//2812
f 2812//2812 2734//2734 2736//2736
f 2812//2812 2736//2736 2813//2813
f 2813//2813 2736//2736 2738//2738
f 2813//2813 2738//2738 2747//2747
f 2747//2747 2738//2738 2740//2740
f 2747//2747 2740//2740 2748//2748
f 2748//2748 2740//2740 2742//2742
f 2748//2748 2742//2742 2770//2770
f 2770//2770 2742//2742 2744//2744
f 2770//2770 2744//2744 2771//2771
f 2771//2771 2744//2744 2746//2746
f 2771//2771 2746//2746 2793//2793
f 2793//2793 2746//2746 2755//2755
f 2793//2793 2755//2755 2792//2792
f 2792//2792 2755//2755 2757//2757
f 2792//2792 2757//2757 2791//2791
f 2791//2791 2757//2757 2758//2758
f 2791//2791 2758//2758 2790//2790
f 2790//2790 2758//2758 2759//2759
f 2790//2790 2759//2759 2789//2789
f 2789//2789 2759//2759 2760//2760
f 2789//2789 2760//2760 2788//2788
f 2788//2788 2760//2760 1678//1678
f 2788//2788 1678//1678 2787//2787
f 2787//2787 1678//1678 1680//1680
f 2787//2787 1680//1680 1732//1732
f 1732//1732 1680//1680 1725//1725
f 1732//1732 1725//1725 1733//1733
f 1733//1733 1725//1725 1724//1724
f 1733//1733 1724//1724 1735//1735
f 1735//1735 1724//1724 1723//1723
f 1735//1735 1723//1723 1729//1729
f 1729//1729 1723//1723 1722//1722
f 1729//1729 1722//1722 1728//1728
f 1728//1728 1722//1722 1449//1449
f 1728//1728 1449//1449 1726//1726
f 1726//1726 1449//1449 1451//1451
f 1726//1726 1451//1451 1445//1445
f 1238//1238 1237//1237 2838//2838
f 2838//2838 1237//1237 2839//2839
f 2838//2838 2839//2839 2840//2840
f 2840//2840 2839//2839 2841//2841
f 2840//2840 2841//2841 2842//2842
f 2842//2842 2841//2841 2843//2843
f 2842//2842 2843//2843 2659//2659
f 2844//2844 2845//2845 2846//2846
f 2846//2846 2845//2845 2847//2847
f 2846//2846 2847//2847 2848//2848
f 2848//2848 2847//2847 2849//2849
f 2848//2848 2849//2849 2850//2850
f 2850//2850 2849//2849 2662//2662
f 2850//2850 2662//2662 2851//2851
f 2851//2851 2662//2662 2661//2661
f 2851//2851 2661//2661 2852//2852
f 2853//2853 2854//2854 2855//2855
f 2855//2855 2854//2854 2856//2856
f 2855//2855 2856//2856 2857//2857
f 2857//2857 2856//2856 2677//2677
f 2857//2857 2677//2677 2858//2858
f 2858//2858 2677//2677 2676//2676
f 2859//2859 2860//2860 2861//2861
f 2861//2861 2860//2860 2862//2862
f 2861//2861 2862//2862 2863//2863
f 2863//2863 2862//2862 2680//2680
f 2863//2863 2680//2680 2864//2864
f 2864//2864 2680//2680 2679//2679
f 2864//2864 2679//2679 2865//2865
f 2837//2837 2866//2866 2651//2651
f 2651//2651 2866//2866 2867//2867
f 2651//2651 2867//2867 2652//2652
f 2652//2652 2867//2867 2868//2868
f 2652//2652 2868//2868 2869//2869
f 2869//2869 2868//2868 2870//2870
f 2869//2869 2870//2870 2871//2871
f 2871//2871 2870//2870 2872//2872
f 2871//2871 2872//2872 2873//2873
f 2873//2873 2872//2872 2874//2874
f 2873//2873 2874//2874 2875//2875
f 2875//2875 2874//2874 2876//2876
f 2875//2875 2876//2876 2877//2877
f 2877//2877 2876//2876 2878//2878
f 2877//2877 2878//2878 2879//2879
f 2879//2879 2878//2878 2880//2880
f 2879//2879 2880//2880 2881//2881
f 2881//2881 2880//2880 2882//2882
f 2881//2881 2882//2882 2883//2883
f 2883//2883 2882//2882 2884//2884
f 2883//2883 2884//2884 2885//2885
f 2885//2885 2884//2884 2886//2886
f 2885//2885 2886//2886 2887//2887
f 2887//2887 2886//2886 2888//2888
f 2887//2887 2888//2888 2889//2889
f 2889//2889 2888//2888 2890//2890
f 2889//2889 2890//2890 2891//2891
f 2891//2891 2890//2890 2892//2892
f 2891//2891 2892//2892 2893//2893
f 2893//2893 2892//2892 2894//2894
f 2893//2893 2894//2894 2895//2895
f 2895//2895 2894//2894 2896//2896
f 2895//2895 2896//2896 2897//2897
f 2897//2897 2896//2896 2898//2898
f 2897//2897 2898//2898 2899//2899
f 2899//2899 2898//2898 2900//2900
f 2899//2899 2900//2900 2901//2901
f 2901//2901 2900//2900 1419//1419
f 2901//2901 1419//1419 1416//1416
f 1416//1416 1419//1419 1421//1421
f 1416//1416 1421//1421 1417//1417
f 2650//2650 2652//2652 2657//2657
f 2657//2657 2652//2652 2869//2869
f 2657//2657 2869//2869 2655//2655
f 2655//2655 2869//2869 2871//2871
f 2655//2655 2871//2871 2653//2653
f 2653//2653 2871//2871 2873//2873
f 2653//2653 2873//2873 2902//2902
f 2902//2902 2873//2873 2875//2875
f 2902//2902 2875//2875 2903//2903
f 2903//2903 2875//2875 2877//2877
f 2903//2903 2877//2877 2904//2904
f 2904//2904 2877//2877 2879//2879
f 2904//2904 2879//2879 2905//2905
f 2905//2905 2879//2879 2881//2881
f 2905//2905 2881//2881 2906//2906
f 2906//2906 2881//2881 2883//2883
f 2906//2906 2883//2883 1757//1757
f 1757//1757 2883//2883 2885//2885
f 1757//1757 2885//2885 1758//1758
f 1758//1758 2885//2885 2887//2887
f 1758//1758 2887//2887 1760//1760
f 1760//1760 2887//2887 2889//2889
f 1760//1760 2889//2889 1762//1762
f 1762//1762 2889//2889 2891//2891
f 1762//1762 2891//2891 1764//1764
f 1764//1764 2891//2891 2893//2893
f 1764//1764 2893//2893 1766//1766
f 1766//1766 2893//2893 2895//2895
f 1766//1766 2895//2895 1768//1768
f 1768//1768 2895//2895 2897//2897
f 1768//1768 2897//2897 1770//1770
f 1770//1770 2897//2897 2899//2899
f 1770//1770 2899//2899 1772//1772
f 1772//1772 2899//2899 2901//2901
f 1772//1772 2901//2901 1774//1774
f 1774//1774 2901//2901 1416//1416
f 1774//1774 1416//1416 1413//1413
f 1413//1413 1416//1416 1418//1418
f 1413//1413 1418//1418 1414//1414
f 1403//1403 1405//1405 1794//1794
f 1794//1794 1405//1405 1808//1808
f 1794//1794 1808//1808 1793//1793
f 1793//1793 1808//1808 1806//1806
f 1793//1793 1806//1806 1791//1791
f 1791//1791 1806//1806 1804//1804
f 1791//1791 1804//1804 1789//1789
f 1789//1789 1804//1804 1802//1802
f 1789//1789 1802//1802 1787//1787
f 1787//1787 1802//1802 1800//1800
f 1787//1787 1800//1800 1785//1785
f 1785//1785 1800//1800 1798//1798
f 1785//1785 1798//1798 1783//1783
f 1783//1783 1798//1798 1796//1796
f 1783//1783 1796//1796 1781//1781
f 1781//1781 1796//1796 1795//1795
f 1781//1781 1795//1795 1779//1779
f 1779//1779 1795//1795 2907//2907
f 1779//1779 2907//2907 2908//2908
f 2908//2908 2907//2907 2909//2909
f 2908//2908 2909//2909 2910//2910
f 2910//2910 2909//2909 2911//2911
f 2910//2910 2911//2911 2912//2912
f 2912//2912 2911//2911 2913//2913
f 2912//2912 2913//2913 2914//2914
f 2914//2914 2913//2913 2844//2844
f 2914//2914 2844//2844 2915//2915
f 2915//2915 2844//2844 2846//2846
f 2915//2915 2846//2846 1239//1239
f 1239//1239 2846//2846 2848//2848
f 1239//1239 2848//2848 1237//1237
f 1237//1237 2848//2848 2850//2850
f 1237//1237 2850//2850 2839//2839
f 2839//2839 2850//2850 2851//2851
f 2839//2839 2851//2851 2841//2841
f 2841//2841 2851//2851 2852//2852
f 2841//2841 2852//2852 2843//2843
f 2659//2659 2656//2656 2842//2842
f 2842//2842 2656//2656 2654//2654
f 2842//2842 2654//2654 2840//2840
f 2840//2840 2654//2654 2653//2653
f 2840//2840 2653//2653 2838//2838
f 2838//2838 2653//2653 2902//2902
f 2838//2838 2902//2902 1238//1238
f 1238//1238 2902//2902 2903//2903
f 1238//1238 2903//2903 1239//1239
f 1239//1239 2903//2903 2904//2904
f 1239//1239 2904//2904 2915//2915
f 2915//2915 2904//2904 2905//2905
f 2915//2915 2905//2905 2914//2914
f 2914//2914 2905//2905 2906//2906
f 2914//2914 2906//2906 2912//2912
f 2912//2912 2906//2906 1757//1757
f 2912//2912 1757//1757 2910//2910
f 2910//2910 1757//1757 1759//1759
f 2910//2910 1759//1759 2908//2908
f 2908//2908 1759//1759 1761//1761
f 2908//2908 1761//1761 1779//1779
f 1779//1779 1761//1761 1763//1763
f 1779//1779 1763//1763 1780//1780
f 1780//1780 1763//1763 1765//1765
f 1780//1780 1765//1765 1782//1782
f 1782//1782 1765//1765 1767//1767
f 1782//1782 1767//1767 1784//1784
f 1784//1784 1767//1767 1769//1769
f 1784//1784 1769//1769 1786//1786
f 1786//1786 1769//1769 1771//1771
f 1786//1786 1771//1771 1788//1788
f 1788//1788 1771//1771 1773//1773
f 1788//1788 1773//1773 1790//1790
f 1790//1790 1773//1773 1775//1775
f 1790//1790 1775//1775 1792//1792
f 1792//1792 1775//1775 1410//1410
f 1792//1792 1410//1410 1407//1407
f 1407//1407 1410//1410 1412//1412
f 1407//1407 1412//1412 1408//1408
f 1249//1249 1251//1251 2916//2916
f 2916//2916 1251//1251 2917//2917
f 2916//2916 2917//2917 2918//2918
f 2918//2918 2917//2917 2919//2919
f 2918//2918 2919//2919 2920//2920
f 2920//2920 2919//2919 2921//2921
f 2920//2920 2921//2921 2922//2922
f 2922//2922 2921//2921 2923//2923
f 2922//2922 2923//2923 2924//2924
f 2924//2924 2923//2923 2925//2925
f 2924//2924 2925//2925 2926//2926
f 2926//2926 2925//2925 2927//2927
f 2926//2926 2927//2927 2928//2928
f 1250//1250 2619//2619 1251//1251
f 1251//1251 2619//2619 2620//2620
f 1251//1251 2620//2620 2917//2917
f 2917//2917 2620//2620 2663//2663
f 2917//2917 2663//2663 2919//2919
f 2919//2919 2663//2663 2929//2929
f 2919//2919 2929//2929 2921//2921
f 2921//2921 2929//2929 2930//2930
f 2921//2921 2930//2930 2923//2923
f 2923//2923 2930//2930 2931//2931
f 2923//2923 2931//2931 2925//2925
f 2925//2925 2931//2931 2932//2932
f 2925//2925 2932//2932 2927//2927
f 1391//1391 1393//1393 1395//1395
f 1395//1395 1393//1393 1838//1838
f 1395//1395 1838//1838 1824//1824
f 1824//1824 1838//1838 1836//1836
f 1824//1824 1836//1836 1822//1822
f 1822//1822 1836//1836 1834//1834
f 1822//1822 1834//1834 1820//1820
f 1820//1820 1834//1834 1832//1832
f 1820//1820 1832//1832 1818//1818
f 1818//1818 1832//1832 1830//1830
f 1818//1818 1830//1830 1816//1816
f 1816//1816 1830//1830 1828//1828
f 1816//1816 1828//1828 1814//1814
f 1814//1814 1828//1828 1826//1826
f 1814//1814 1826//1826 1812//1812
f 1812//1812 1826//1826 1825//1825
f 1812//1812 1825//1825 1810//1810
f 1810//1810 1825//1825 2933//2933
f 1810//1810 2933//2933 2934//2934
f 2934//2934 2933//2933 2935//2935
f 2934//2934 2935//2935 2936//2936
f 2936//2936 2935//2935 2937//2937
f 2936//2936 2937//2937 2938//2938
f 2938//2938 2937//2937 2939//2939
f 2938//2938 2939//2939 2940//2940
f 2940//2940 2939//2939 2859//2859
f 2940//2940 2859//2859 2853//2853
f 2853//2853 2859//2859 2861//2861
f 2853//2853 2861//2861 2854//2854
f 2854//2854 2861//2861 2863//2863
f 2854//2854 2863//2863 2856//2856
f 2856//2856 2863//2863 2864//2864
f 2856//2856 2864//2864 2677//2677
f 2677//2677 2864//2864 2865//2865
f 2677//2677 2865//2865 2675//2675
f 2678//2678 2680//2680 2941//2941
f 2941//2941 2680//2680 2862//2862
f 2941//2941 2862//2862 2942//2942
f 2942//2942 2862//2862 2860//2860
f 2942//2942 2860//2860 2943//2943
f 2943//2943 2860//2860 2859//2859
f 2943//2943 2859//2859 2944//2944
f 2944//2944 2859//2859 2939//2939
f 2944//2944 2939//2939 1280//1280
f 1280//1280 2939//2939 2937//2937
f 1280//1280 2937//2937 1281//1281
f 1281//1281 2937//2937 2935//2935
f 1281//1281 2935//2935 1744//1744
f 1744//1744 2935//2935 2933//2933
f 1744//1744 2933//2933 1746//1746
f 1746//1746 2933//2933 1825//1825
f 1746//1746 1825//1825 1748//1748
f 1748//1748 1825//1825 1827//1827
f 1748//1748 1827//1827 1989//1989
f 1989//1989 1827//1827 1829//1829
f 1989//1989 1829//1829 1990//1990
f 1990//1990 1829//1829 1831//1831
f 1990//1990 1831//1831 1991//1991
f 1991//1991 1831//1831 1833//1833
f 1991//1991 1833//1833 1992//1992
f 1992//1992 1833//1833 1835//1835
f 1992//1992 1835//1835 1993//1993
f 1993//1993 1835//1835 1837//1837
f 1993//1993 1837//1837 1994//1994
f 1994//1994 1837//1837 1839//1839
f 1994//1994 1839//1839 1995//1995
f 1995//1995 1839//1839 1388//1388
f 1995//1995 1388//1388 1386//1386
f 1386//1386 1388//1388 1390//1390
f 1386//1386 1390//1390 1387//1387
f 2660//2660 2662//2662 2676//2676
f 2676//2676 2662//2662 2849//2849
f 2676//2676 2849//2849 2858//2858
f 2858//2858 2849//2849 2847//2847
f 2858//2858 2847//2847 2857//2857
f 2857//2857 2847//2847 2845//2845
f 2857//2857 2845//2845 2855//2855
f 2855//2855 2845//2845 2844//2844
f 2855//2855 2844//2844 2853//2853
f 2853//2853 2844//2844 2913//2913
f 2853//2853 2913//2913 2940//2940
f 2940//2940 2913//2913 2911//2911
f 2940//2940 2911//2911 2938//2938
f 2938//2938 2911//2911 2909//2909
f 2938//2938 2909//2909 2936//2936
f 2936//2936 2909//2909 2907//2907
f 2936//2936 2907//2907 2934//2934
f 2934//2934 2907//2907 1795//1795
f 2934//2934 1795//1795 1810//1810
f 1810//1810 1795//1795 1797//1797
f 1810//1810 1797//1797 1811//1811
f 1811//1811 1797//1797 1799//1799
f 1811//1811 1799//1799 1813//1813
f 1813//1813 1799//1799 1801//1801
f 1813//1813 1801//1801 1815//1815
f 1815//1815 1801//1801 1803//1803
f 1815//1815 1803//1803 1817//1817
f 1817//1817 1803//1803 1805//1805
f 1817//1817 1805//1805 1819//1819
f 1819//1819 1805//1805 1807//1807
f 1819//1819 1807//1807 1821//1821
f 1821//1821 1807//1807 1809//1809
f 1821//1821 1809//1809 1823//1823
f 1823//1823 1809//1809 1400//1400
f 1823//1823 1400//1400 1397//1397
f 1397//1397 1400//1400 1402//1402
f 1397//1397 1402//1402 1398//1398
f 2837//2837 2812//2812 2866//2866
f 2866//2866 2812//2812 2814//2814
f 2866//2866 2814//2814 2867//2867
f 2867//2867 2814//2814 2816//2816
f 2867//2867 2816//2816 2868//2868
f 2868//2868 2816//2816 2818//2818
f 2868//2868 2818//2818 2870//2870
f 2870//2870 2818//2818 2820//2820
f 2870//2870 2820//2820 2872//2872
f 2872//2872 2820//2820 2822//2822
f 2872//2872 2822//2822 2874//2874
f 2874//2874 2822//2822 2824//2824
f 2874//2874 2824//2824 2876//2876
f 2876//2876 2824//2824 2826//2826
f 2876//2876 2826//2826 2878//2878
f 2878//2878 2826//2826 2828//2828
f 2878//2878 2828//2828 2880//2880
f 2880//2880 2828//2828 2830//2830
f 2880//2880 2830//2830 2882//2882
f 2882//2882 2830//2830 2832//2832
f 2882//2882 2832//2832 2884//2884
f 2884//2884 2832//2832 2834//2834
f 2884//2884 2834//2834 2886//2886
f 2886//2886 2834//2834 2836//2836
f 2886//2886 2836//2836 2888//2888
f 2888//2888 2836//2836 1717//1717
f 2888//2888 1717//1717 2890//2890
f 2890//2890 1717//1717 1716//1716
f 2890//2890 1716//1716 2892//2892
f 2892//2892 1716//1716 1753//1753
f 2892//2892 1753//1753 2894//2894
f 2894//2894 1753//1753 1754//1754
f 2894//2894 1754//1754 2896//2896
f 2896//2896 1754//1754 1755//1755
f 2896//2896 1755//1755 2898//2898
f 2898//2898 1755//1755 1756//1756
f 2898//2898 1756//1756 2900//2900
f 2900//2900 1756//1756 1422//1422
f 2900//2900 1422//1422 1419//1419
f 1419//1419 1422//1422 1424//1424
f 1419//1419 1424//1424 1420//1420
f 2928//2928 2945//2945 2926//2926
f 2926//2926 2945//2945 2946//2946
f 2926//2926 2946//2946 2924//2924
f 2924//2924 2946//2946 2947//2947
f 2924//2924 2947//2947 2922//2922
f 2922//2922 2947//2947 2948//2948
f 2922//2922 2948//2948 2920//2920
f 2920//2920 2948//2948 2949//2949
f 2920//2920 2949//2949 2918//2918
f 2918//2918 2949//2949 2950//2950
f 2918//2918 2950//2950 2916//2916
f 2916//2916 2950//2950 2951//2951
f 2916//2916 2951//2951 1249//1249
f 2761//2761 2722//2722 2762//2762
f 2762//2762 2722//2722 2721//2721
f 2762//2762 2721//2721 2763//2763
f 2763//2763 2721//2721 2720//2720
f 2763//2763 2720//2720 2764//2764
f 2764//2764 2720//2720 2719//2719
f 2764//2764 2719//2719 2765//2765
f 2765//2765 2719//2719 2718//2718
f 2765//2765 2718//2718 2766//2766
f 2766//2766 2718//2718 2717//2717
f 2766//2766 2717//2717 2767//2767
f 2767//2767 2717//2717 2716//2716
f 2767//2767 2716//2716 2768//2768
f 2768//2768 2716//2716 2715//2715
f 2768//2768 2715//2715 2769//2769
f 2769//2769 2715//2715 2714//2714
f 2769//2769 2714//2714 1288//1288
f 1288//1288 2714//2714 2705//2705
f 1288//1288 2705//2705 1289//1289
f 1289//1289 2705//2705 2704//2704
f 1289//1289 2704//2704 2952//2952
f 2952//2952 2704//2704 2695//2695
f 2952//2952 2695//2695 2953//2953
f 2953//2953 2695//2695 2687//2687
f 2953//2953 2687//2687 2954//2954
f 2954//2954 2687//2687 1245//1245
f 2954//2954 1245//1245 2955//2955
f 2955//2955 1245//1245 1244//1244
f 2955//2955 1244//1244 2956//2956
f 2956//2956 1244//1244 2481//2481
f 2956//2956 2481//2481 2372//2372
f 2372//2372 2481//2481 2475//2475
f 2372//2372 2475//2475 2338//2338
f 2338//2338 2475//2475 2373//2373
f 2338//2338 2373//2373 2339//2339
f 2339//2339 2373//2373 2374//2374
f 2339//2339 2374//2374 2327//2327
f 2327//2327 2374//2374 2375//2375
f 2327//2327 2375//2375 2328//2328
f 2328//2328 2375//2375 2467//2467
f 2328//2328 2467//2467 2352//2352
f 1301//1301 1300//1300 1312//1312
f 1312//1312 1300//1300 1474//1474
f 1312//1312 1474//1474 2122//2122
f 2122//2122 1474//1474 1685//1685
f 2122//2122 1685//1685 2120//2120
f 2120//2120 1685//1685 1676//1676
f 2120//2120 1676//1676 2118//2118
f 2118//2118 1676//1676 1674//1674
f 2118//2118 1674//1674 2116//2116
f 2116//2116 1674//1674 1673//1673
f 2116//2116 1673//1673 2125//2125
f 2125//2125 1673//1673 1692//1692
f 2125//2125 1692//1692 2124//2124
f 2124//2124 1692//1692 1290//1290
f 2124//2124 1290//1290 2123//2123
f 2123//2123 1290//1290 1289//1289
f 2123//2123 1289//1289 1270//1270
f 1270//1270 1289//1289 2952//2952
f 1270//1270 2952//2952 2449//2449
f 2449//2449 2952//2952 2953//2953
f 2449//2449 2953//2953 2450//2450
f 2450//2450 2953//2953 2954//2954
f 2450//2450 2954//2954 2451//2451
f 2451//2451 2954//2954 2955//2955
f 2451//2451 2955//2955 2452//2452
f 2452//2452 2955//2955 2956//2956
f 2452//2452 2956//2956 2453//2453
f 2453//2453 2956//2956 2372//2372
f 2453//2453 2372//2372 2444//2444
f 2444//2444 2372//2372 2371//2371
f 2444//2444 2371//2371 2442//2442
f 2442//2442 2371//2371 2370//2370
f 2442//2442 2370//2370 2440//2440
f 2440//2440 2370//2370 2369//2369
f 2440//2440 2369//2369 2425//2425
f 2425//2425 2369//2369 2368//2368
f 2425//2425 2368//2368 2424//2424
f 2424//2424 2368//2368 2367//2367
f 2424//2424 2367//2367 2423//2423
f 2423//2423 2367//2367 2366//2366
f 2423//2423 2366//2366 2430//2430
f 2430//2430 2366//2366 2365//2365
f 2430//2430 2365//2365 2377//2377
f 2377//2377 2365//2365 2364//2364
f 2377//2377 2364//2364 2379//2379
f 2379//2379 2364//2364 2363//2363
f 2379//2379 2363//2363 2381//2381
f 2381//2381 2363//2363 2263//2263
f 2381//2381 2263//2263 2383//2383
f 2383//2383 2263//2263 2264//2264
f 2383//2383 2264//2264 2385//2385
f 2385//2385 2264//2264 2265//2265
f 2385//2385 2265//2265 2387//2387
f 2387//2387 2265//2265 2266//2266
f 2387//2387 2266//2266 2389//2389
f 2389//2389 2266//2266 2267//2267
f 2389//2389 2267//2267 2391//2391
f 2391//2391 2267//2267 2268//2268
f 2391//2391 2268//2268 2392//2392
f 2392//2392 2268//2268 2269//2269
f 2392//2392 2269//2269 2222//2222
f 2222//2222 2269//2269 2270//2270
f 2222//2222 2270//2270 2224//2224
f 2224//2224 2270//2270 2183//2183
f 2224//2224 2183//2183 2226//2226
f 2226//2226 2183//2183 2182//2182
f 2226//2226 2182//2182 2228//2228
f 2228//2228 2182//2182 2181//2181
f 2228//2228 2181//2181 2230//2230
f 2230//2230 2181//2181 2180//2180
f 2230//2230 2180//2180 2232//2232
f 2232//2232 2180//2180 2179//2179
f 2232//2232 2179//2179 2234//2234
f 2234//2234 2179//2179 1613//1613
f 2234//2234 1613//1613 2235//2235
f 2235//2235 1613//1613 1608//1608
f 2235//2235 1608//1608 1605//1605
f 1605//1605 1608//1608 1610//1610
f 1605//1605 1610//1610 1606//1606
f 1349//1349 1303//1303 1350//1350
f 1350//1350 1303//1303 1305//1305
f 1350//1350 1305//1305 2009//2009
f 2009//2009 1305//1305 2065//2065
f 2009//2009 2065//2065 1967//1967
f 1967//1967 2065//2065 2067//2067
f 1967//1967 2067//2067 1968//1968
f 1968//1968 2067//2067 2064//2064
f 1968//1968 2064//2064 1969//1969
f 1969//1969 2064//2064 1269//1269
f 1969//1969 1269//1269 1970//1970
f 1970//1970 1269//1269 2010//2010
f 1970//1970 2010//2010 1971//1971
f 1971//1971 2010//2010 2012//2012
f 1971//1971 2012//2012 1972//1972
f 1972//1972 2012//2012 2014//2014
f 1972//1972 2014//2014 1973//1973
f 1973//1973 2014//2014 2016//2016
f 1973//1973 2016//2016 1974//1974
f 1974//1974 2016//2016 2018//2018
f 1974//1974 2018//2018 1975//1975
f 1975//1975 2018//2018 2020//2020
f 1975//1975 2020//2020 1976//1976
f 1976//1976 2020//2020 2022//2022
f 1976//1976 2022//2022 1977//1977
f 1977//1977 2022//2022 2024//2024
f 1977//1977 2024//2024 1978//1978
f 1978//1978 2024//2024 2026//2026
f 1978//1978 2026//2026 1979//1979
f 1979//1979 2026//2026 2028//2028
f 1979//1979 2028//2028 1980//1980
f 1980//1980 2028//2028 2030//2030
f 1980//1980 2030//2030 1981//1981
f 1981//1981 2030//2030 2032//2032
f 1981//1981 2032//2032 1982//1982
f 1982//1982 2032//2032 1925//1925
f 1982//1982 1925//1925 1983//1983
f 1983//1983 1925//1925 1924//1924
f 1983//1983 1924//1924 1984//1984
f 1984//1984 1924//1924 1918//1918
f 1984//1984 1918//1918 1985//1985
f 1985//1985 1918//1918 1917//1917
f 1985//1985 1917//1917 1986//1986
f 1986//1986 1917//1917 1915//1915
f 1986//1986 1915//1915 1987//1987
f 1987//1987 1915//1915 1913//1913
f 1987//1987 1913//1913 1988//1988
f 1988//1988 1913//1913 1912//1912
f 1988//1988 1912//1912 1749//1749
f 1749//1749 1912//1912 2208//2208
f 1749//1749 2208//2208 1747//1747
f 1747//1747 2208//2208 2206//2206
f 1747//1747 2206//2206 1745//1745
f 1745//1745 2206//2206 2204//2204
f 1745//1745 2204//2204 1743//1743
f 1743//1743 2204//2204 2202//2202
f 1743//1743 2202//2202 1279//1279
f 1279//1279 2202//2202 2200//2200
f 1490//1490 1489//1489 1491//1491
f 1491//1491 1489//1489 1488//1488
f 1491//1491 1488//1488 1493//1493
f 1493//1493 1488//1488 2570//2570
f 1493//1493 2570//2570 1495//1495
f 1495//1495 2570//2570 2572//2572
f 1495//1495 2572//2572 1500//1500
f 1500//1500 2572//2572 2574//2574
f 1500//1500 2574//2574 1502//1502
f 1502//1502 2574//2574 2576//2576
f 1502//1502 2576//2576 1505//1505
f 1505//1505 2576//2576 2578//2578
f 1505//1505 2578//2578 1507//1507
f 1507//1507 2578//2578 2580//2580
f 1507//1507 2580//2580 1510//1510
f 1510//1510 2580//2580 2582//2582
f 1510//1510 2582//2582 1515//1515
f 1515//1515 2582//2582 2584//2584
f 1515//1515 2584//2584 1513//1513
f 1513//1513 2584//2584 2586//2586
f 1513//1513 2586//2586 1522//1522
f 1522//1522 2586//2586 2588//2588
f 1522//1522 2588//2588 1524//1524
f 1524//1524 2588//2588 2590//2590
f 1524//1524 2590//2590 1527//1527
f 1527//1527 2590//2590 2592//2592
f 1527//1527 2592//2592 1529//1529
f 1529//1529 2592//2592 2594//2594
f 1529//1529 2594//2594 1532//1532
f 1532//1532 2594//2594 2596//2596
f 1532//1532 2596//2596 1537//1537
f 1537//1537 2596//2596 2598//2598
f 1537//1537 2598//2598 2564//2564
f 2564//2564 2598//2598 2600//2600
f 2564//2564 2600//2600 2563//2563
f 2563//2563 2600//2600 2602//2602
f 2563//2563 2602//2602 2561//2561
f 2561//2561 2602//2602 2604//2604
f 2561//2561 2604//2604 2559//2559
f 2559//2559 2604//2604 2606//2606
f 2559//2559 2606//2606 2557//2557
f 2557//2557 2606//2606 2608//2608
f 2557//2557 2608//2608 2555//2555
f 2555//2555 2608//2608 2610//2610
f 2555//2555 2610//2610 2553//2553
f 2553//2553 2610//2610 2612//2612
f 2553//2553 2612//2612 2551//2551
f 2551//2551 2612//2612 2614//2614
f 2551//2551 2614//2614 2549//2549
f 2549//2549 2614//2614 2616//2616
f 2549//2549 2616//2616 2547//2547
f 2547//2547 2616//2616 2618//2618
f 2547//2547 2618//2618 2545//2545
f 2545//2545 2618//2618 1250//1250
f 2545//2545 1250//1250 2543//2543
f 2543//2543 1250//1250 1249//1249
f 2543//2543 1249//1249 2541//2541
f 2541//2541 1249//1249 2951//2951
f 2541//2541 2951//2951 2539//2539
f 2539//2539 2951//2951 2950//2950
f 2539//2539 2950//2950 2537//2537
f 2537//2537 2950//2950 2949//2949
f 2537//2537 2949//2949 2535//2535
f 2535//2535 2949//2949 2948//2948
f 2535//2535 2948//2948 2533//2533
f 2533//2533 2948//2948 2947//2947
f 2533//2533 2947//2947 2531//2531
f 2531//2531 2947//2947 2946//2946
f 2531//2531 2946//2946 2199//2199
f 2199//2199 2946//2946 2945//2945
f 2199//2199 2945//2945 2200//2200
f 2200//2200 2945//2945 2928//2928
f 2200//2200 2928//2928 1279//1279
f 1279//1279 2928//2928 2927//2927
f 1279//1279 2927//2927 1280//1280
f 1280//1280 2927//2927 2932//2932
f 1280//1280 2932//2932 2944//2944
f 2944//2944 2932//2932 2931//2931
f 2944//2944 2931//2931 2943//2943
f 2943//2943 2931//2931 2930//2930
f 2943//2943 2930//2930 2942//2942
f 2942//2942 2930//2930 2929//2929
f 2942//2942 2929//2929 2941//2941
f 2941//2941 2929//2929 2663//2663
f 2941//2941 2663//2663 2678//2678
f 2678//2678 2663//2663 2664//2664
f 2678//2678 2664//2664 2679//2679
f 2679//2679 2664//2664 2665//2665
f 2679//2679 2665//2665 2865//2865
f 2865//2865 2665//2665 2666//2666
f 2865//2865 2666//2666 2675//2675
f 2675//2675 2666//2666 2667//2667
f 2675//2675 2667//2667 2660//2660
f 2660//2660 2667//2667 2668//2668
f 2660//2660 2668//2668 2661//2661
f 2661//2661 2668//2668 2669//2669
f 2661//2661 2669//2669 2852//2852
f 2852//2852 2669//2669 2670//2670
f 2852//2852 2670//2670 2843//2843
f 2843//2843 2670//2670 2671//2671
f 2843//2843 2671//2671 2659//2659
f 2659//2659 2671//2671 2672//2672
f 2659//2659 2672//2672 2658//2658
f 2658//2658 2672//2672 2673//2673
f 2658//2658 2673//2673 2650//2650
f 2650//2650 2673//2673 2674//2674
f 2650//2650 2674//2674 2651//2651
f 2651//2651 2674//2674 1248//1248
f 2651//2651 1248//1248 2837//2837
f 2837//2837 1248//1248 1247//1247
f 2837//2837 1247//1247 2734//2734
f 2734//2734 1247//1247 2486//2486
f 2734//2734 2486//2486 2735//2735
f 2735//2735 2486//2486 2488//2488
f 2735//2735 2488//2488 2523//2523
f 2523//2523 2488//2488 2490//2490
f 2523//2523 2490//2490 2524//2524
f 2524//2524 2490//2490 2492//2492
f 2524//2524 2492//2492 2761//2761
f 2761//2761 2492//2492 2494//2494
f 2761//2761 2494//2494 2722//2722
f 2722//2722 2494//2494 2496//2496
f 2722//2722 2496//2496 2713//2713
f 2713//2713 2496//2496 2498//2498
f 2713//2713 2498//2498 2696//2696
f 2696//2696 2498//2498 2500//2500
f 2696//2696 2500//2500 2688//2688
f 2688//2688 2500//2500 2502//2502
f 2688//2688 2502//2502 2681//2681
f 2681//2681 2502//2502 2504//2504
f 2681//2681 2504//2504 2485//2485
f 2485//2485 2504//2504 2506//2506
f 2485//2485 2506//2506 2476//2476
f 2476//2476 2506//2506 2508//2508
f 2476//2476 2508//2508 2471//2471
f 2471//2471 2508//2508 2510//2510
f 2471//2471 2510//2510 2470//2470
f 2470//2470 2510//2510 2512//2512
f 2470//2470 2512//2512 2469//2469
f 2469//2469 2512//2512 2514//2514
f 2469//2469 2514//2514 2468//2468
f 2468//2468 2514//2514 2516//2516
f 2468//2468 2516//2516 2467//2467
f 2467//2467 2516//2516 2518//2518
f 2467//2467 2518//2518 2352//2352
f 2352//2352 2518//2518 2520//2520
f 2352//2352 2520//2520 2353//2353
f 2353//2353 2520//2520 2522//2522
f 2353//2353 2522//2522 2354//2354
f 2354//2354 2522//2522 1663//1663
f 2354//2354 1663//1663 1660//1660
f 1660//1660 1663//1663 1665//1665
f 1660//1660 1665//1665 1661//1661
f 1049//1049 2957//2957 1051//1051
f 1051//1051 2957//2957 2958//2958
f 1049//1049 1048//1048 2957//2957
f 2957//2957 1048//1048 987//987
f 2957//2957 987//987 2959//2959
f 2959//2959 987//987 989//989
f 989//989 990//990 2959//2959
f 2959//2959 990//990 986//986
f 2959//2959 986//986 2960//2960
f 2960//2960 986//986 984//984
f 977//977 2961//2961 981//981
f 981//981 2961//2961 2960//2960
f 981//981 2960//2960 982//982
f 982//982 2960//2960 984//984
f 977//977 976//976 2961//2961
f 2961//2961 976//976 968//968
f 2961//2961 968//968 2962//2962
f 2962//2962 968//968 966//966
f 966//966 965//965 2962//2962
f 2962//2962 965//965 173//173
f 2962//2962 173//173 2963//2963
f 173//173 172//172 2963//2963
f 2963//2963 172//172 963//963
f 2963//2963 963//963 2964//2964
f 2964//2964 963//963 962//962
f 962//962 845//845 2964//2964
f 2964//2964 845//845 844//844
f 2964//2964 844//844 2965//2965
f 2965//2965 844//844 843//843
f 2965//2965 843//843 837//837
f 842//842 2966//2966 841//841
f 841//841 2966//2966 2965//2965
f 841//841 2965//2965 839//839
f 839//839 2965//2965 837//837
f 842//842 830//830 2966//2966
f 2966//2966 830//830 186//186
f 2966//2966 186//186 2967//2967
f 2967//2967 186//186 185//185
f 822//822 2968//2968 823//823
f 823//823 2968//2968 2967//2967
f 823//823 2967//2967 824//824
f 824//824 2967//2967 185//185
f 822//822 821//821 2968//2968
f 2968//2968 821//821 785//785
f 2968//2968 785//785 2969//2969
f 785//785 784//784 2969//2969
f 2969//2969 784//784 783//783
f 2969//2969 783//783 2970//2970
f 783//783 782//782 2970//2970
f 2970//2970 782//782 778//778
f 2970//2970 778//778 2971//2971
f 2971//2971 778//778 777//777
f 2971//2971 777//777 2972//2972
f 2972//2972 777//777 736//736
f 736//736 728//728 2972//2972
f 2972//2972 728//728 726//726
f 2972//2972 726//726 2973//2973
f 194//194 2974//2974 195//195
f 195//195 2974//2974 2973//2973
f 195//195 2973//2973 725//725
f 725//725 2973//2973 726//726
f 194//194 721//721 2974//2974
f 2974//2974 721//721 198//198
f 2974//2974 198//198 2975//2975
f 2975//2975 198//198 197//197
f 2975//2975 197//197 2976//2976
f 2976//2976 197//197 705//705
f 705//705 704//704 2976//2976
f 2976//2976 704//704 703//703
f 2976//2976 703//703 2977//2977
f 2977//2977 703//703 701//701
f 701//701 699//699 2977//2977
f 2977//2977 699//699 698//698
f 2977//2977 698//698 2978//2978
f 1088//1088 2979//2979 1089//1089
f 1089//1089 2979//2979 2978//2978
f 1089//1089 2978//2978 693//693
f 693//693 2978//2978 698//698
f 1088//1088 1087//1087 2979//2979
f 2979//2979 1087//1087 1083//1083
f 2979//2979 1083//1083 2980//2980
f 2980//2980 1083//1083 1085//1085
f 1085//1085 1086//1086 2980//2980
f 2980//2980 1086//1086 1077//1077
f 2980//2980 1077//1077 2981//2981
f 2981//2981 1077//1077 1076//1076
f 1076//1076 1082//1082 2981//2981
f 2981//2981 1082//1082 1081//1081
f 2981//2981 1081//1081 2982//2982
f 2982//2982 1081//1081 1080//1080
f 2982//2982 1080//1080 1090//1090
f 1059//1059 2983//2983 1060//1060
f 1060//1060 2983//2983 2982//2982
f 1060//1060 2982//2982 1062//1062
f 1062//1062 2982//2982 1090//1090
f 1059//1059 1058//1058 2983//2983
f 2983//2983 1058//1058 1056//1056
f 2983//2983 1056//1056 2984//2984
f 1056//1056 1055//1055 2984//2984
f 2984//2984 1055//1055 1054//1054
f 2984//2984 1054//1054 2958//2958
f 2958//2958 1054//1054 1053//1053
f 2958//2958 1053//1053 1051//1051
f 1504//1504 1506//1506 2985//2985
f 1539//1539 1538//1538 2986//2986
f 1551//1551 1558//1558 2987//2987
f 1569//1569 1568//1568 2988//2988
f 1294//1294 1599//1599 2989//2989
f 1612//1612 1611//1611 2990//2990
f 1627//1627 1626//1626 2991//2991
f 1645//1645 1643//1643 2992//2992
f 1657//1657 1656//1656 2993//2993
f 1664//1664 1666//1666 2994//2994
f 2994//2994 1666//1666 1668//1668
f 2994//2994 1668//1668 1669//1669
f 1669//1669 1672//1672 2994//2994
f 2994//2994 1672//1672 1671//1671
f 2994//2994 1671//1671 2995//2995
f 2995//2995 1671//1671 1670//1670
f 2995//2995 1670//1670 1475//1475
f 1475//1475 1477//1477 2995//2995
f 2995//2995 1477//1477 1479//1479
f 2995//2995 1479//1479 1480//1480
f 1656//1656 1662//1662 2993//2993
f 2993//2993 1662//1662 1661//1661
f 2993//2993 1661//1661 2994//2994
f 2994//2994 1661//1661 1665//1665
f 2994//2994 1665//1665 1664//1664
f 1652//1652 1651//1651 2996//2996
f 2996//2996 1651//1651 1655//1655
f 1655//1655 1654//1654 2996//2996
f 2996//2996 1654//1654 2337//2337
f 2996//2996 2337//2337 2993//2993
f 2993//2993 2337//2337 1659//1659
f 2993//2993 1659//1659 1657//1657
f 1643//1643 1642//1642 2992//2992
f 2992//2992 1642//1642 1647//1647
f 2992//2992 1647//1647 2996//2996
f 2996//2996 1647//1647 1649//1649
f 2996//2996 1649//1649 1652//1652
f 1632//1632 1638//1638 2997//2997
f 2997//2997 1638//1638 1636//1636
f 1636//1636 1635//1635 2997//2997
f 2997//2997 1635//1635 1640//1640
f 2997//2997 1640//1640 2992//2992
f 2992//2992 1640//1640 1639//1639
f 2992//2992 1639//1639 1645//1645
f 1626//1626 1630//1630 2991//2991
f 2991//2991 1630//1630 1629//1629
f 2991//2991 1629//1629 2997//2997
f 2997//2997 1629//1629 1633//1633
f 2997//2997 1633//1633 1632//1632
f 1625//1625 1623//1623 2998//2998
f 2998//2998 1623//1623 2991//2991
f 2991//2991 1623//1623 1622//1622
f 2991//2991 1622//1622 1627//1627
f 1611//1611 1618//1618 2990//2990
f 2990//2990 1618//1618 1616//1616
f 2990//2990 1616//1616 2998//2998
f 2998//2998 1616//1616 1292//1292
f 2998//2998 1292//1292 1291//1291
f 1291//1291 1620//1620 2998//2998
f 2998//2998 1620//1620 1619//1619
f 2998//2998 1619//1619 1625//1625
f 1609//1609 1615//1615 2999//2999
f 2999//2999 1615//1615 2990//2990
f 2990//2990 1615//1615 1614//1614
f 2990//2990 1614//1614 1612//1612
f 1607//1607 1606//1606 2999//2999
f 2999//2999 1606//1606 1610//1610
f 2999//2999 1610//1610 1609//1609
f 1599//1599 1601//1601 2989//2989
f 2989//2989 1601//1601 1604//1604
f 2989//2989 1604//1604 2999//2999
f 2999//2999 1604//1604 1603//1603
f 2999//2999 1603//1603 1607//1607
f 1298//1298 1297//1297 3000//3000
f 3000//3000 1297//1297 2989//2989
f 2989//2989 1297//1297 1295//1295
f 2989//2989 1295//1295 1294//1294
f 1586//1586 1592//1592 3001//3001
f 3001//3001 1592//1592 1591//1591
f 1598//1598 1596//1596 3000//3000
f 3000//3000 1596//1596 1595//1595
f 3000//3000 1595//1595 1298//1298
f 1591//1591 1589//1589 3001//3001
f 3001//3001 1589//1589 1588//1588
f 3001//3001 1588//1588 3000//3000
f 3000//3000 1588//1588 1594//1594
f 3000//3000 1594//1594 1598//1598
f 3002//3002 1584//1584 2143//2143
f 3002//3002 2143//2143 3001//3001
f 3001//3001 2143//2143 1587//1587
f 3001//3001 1587//1587 1586//1586
f 1580//1580 1579//1579 3002//3002
f 3002//3002 1579//1579 1583//1583
f 3002//3002 1583//1583 1584//1584
f 1578//1578 1577//1577 3003//3003
f 3003//3003 1577//1577 1575//1575
f 3003//3003 1575//1575 3002//3002
f 3002//3002 1575//1575 1581//1581
f 3002//3002 1581//1581 1580//1580
f 1568//1568 1567//1567 2988//2988
f 2988//2988 1567//1567 1573//1573
f 2988//2988 1573//1573 3003//3003
f 3003//3003 1573//1573 1572//1572
f 3003//3003 1572//1572 1578//1578
f 1552//1552 1559//1559 3004//3004
f 3004//3004 1559//1559 1561//1561
f 1561//1561 1564//1564 3004//3004
f 3004//3004 1564//1564 1563//1563
f 3004//3004 1563//1563 2988//2988
f 2988//2988 1563//1563 1570//1570
f 2988//2988 1570//1570 1569//1569
f 1558//1558 1557//1557 2987//2987
f 2987//2987 1557//1557 1555//1555
f 2987//2987 1555//1555 3004//3004
f 3004//3004 1555//1555 1553//1553
f 3004//3004 1553//1553 1552//1552
f 1545//1545 1543//1543 3005//3005
f 3005//3005 1543//1543 1541//1541
f 1541//1541 1540//1540 3005//3005
f 3005//3005 1540//1540 1547//1547
f 3005//3005 1547//1547 2987//2987
f 2987//2987 1547//1547 1549//1549
f 2987//2987 1549//1549 1551//1551
f 1538//1538 1536//1536 2986//2986
f 2986//2986 1536//1536 1535//1535
f 2986//2986 1535//1535 3005//3005
f 3005//3005 1535//1535 1546//1546
f 3005//3005 1546//1546 1545//1545
f 3006//3006 1530//1530 1534//1534
f 3006//3006 1534//1534 2986//2986
f 2986//2986 1534//1534 1533//1533
f 2986//2986 1533//1533 1539//1539
f 1521//1521 1523//1523 3007//3007
f 1526//1526 1528//1528 3006//3006
f 3006//3006 1528//1528 1531//1531
f 3006//3006 1531//1531 1530//1530
f 3007//3007 1523//1523 3006//3006
f 3006//3006 1523//1523 1525//1525
f 3006//3006 1525//1525 1526//1526
f 3008//3008 1514//1514 3007//3007
f 3007//3007 1514//1514 1520//1520
f 1520//1520 1519//1519 3007//3007
f 3007//3007 1519//1519 1518//1518
f 3007//3007 1518//1518 1521//1521
f 1511//1511 1517//1517 3008//3008
f 3008//3008 1517//1517 1516//1516
f 3008//3008 1516//1516 1514//1514
f 1506//1506 1509//1509 2985//2985
f 2985//2985 1509//1509 1508//1508
f 2985//2985 1508//1508 3008//3008
f 3008//3008 1508//1508 1512//1512
f 3008//3008 1512//1512 1511//1511
f 1499//1499 1501//1501 3009//3009
f 3009//3009 1501//1501 2985//2985
f 2985//2985 1501//1501 1503//1503
f 2985//2985 1503//1503 1504//1504
f 1498//1498 1497//1497 3009//3009
f 3009//3009 1497//1497 1496//1496
f 3009//3009 1496//1496 1499//1499
f 1486//1486 1487//1487 3010//3010
f 3010//3010 1487//1487 1489//1489
f 1489//1489 1490//1490 3010//3010
f 3010//3010 1490//1490 1492//1492
f 3010//3010 1492//1492 3009//3009
f 3009//3009 1492//1492 1494//1494
f 3009//3009 1494//1494 1498//1498
f 1480//1480 1481//1481 2995//2995
f 2995//2995 1481//1481 1483//1483
f 2995//2995 1483//1483 3010//3010
f 3010//3010 1483//1483 1484//1484
f 3010//3010 1484//1484 1486//1486
f 2993//2993 2966//2966 2996//2996
f 2996//2996 2966//2966 2967//2967
f 2996//2996 2967//2967 2992//2992
f 2992//2992 2967//2967 2968//2968
f 2992//2992 2968//2968 2997//2997
f 2997//2997 2968//2968 2969//2969
f 2997//2997 2969//2969 2991//2991
f 2991//2991 2969//2969 2970//2970
f 2991//2991 2970//2970 2998//2998
f 2998//2998 2970//2970 2971//2971
f 2998//2998 2971//2971 2990//2990
f 2971//2971 2972//2972 2990//2990
f 2990//2990 2972//2972 2973//2973
f 2990//2990 2973//2973 2999//2999
f 2999//2999 2973//2973 2974//2974
f 2999//2999 2974//2974 2989//2989
f 2989//2989 2974//2974 2975//2975
f 2989//2989 2975//2975 3000//3000
f 3000//3000 2975//2975 2976//2976
f 3000//3000 2976//2976 3001//3001
f 3001//3001 2976//2976 2977//2977
f 3001//3001 2977//2977 3002//3002
f 3002//3002 2977//2977 2978//2978
f 3002//3002 2978//2978 3003//3003
f 3003//3003 2978//2978 2979//2979
f 3003//3003 2979//2979 2988//2988
f 2988//2988 2979//2979 2980//2980
f 2988//2988 2980//2980 3004//3004
f 3004//3004 2980//2980 2981//2981
f 3004//3004 2981//2981 2987//2987
f 2987//2987 2981//2981 2982//2982
f 2987//2987 2982//2982 3005//3005
f 3005//3005 2982//2982 2983//2983
f 3005//3005 2983//2983 2986//2986
f 2986//2986 2983//2983 2984//2984
f 2986//2986 2984//2984 3006//3006
f 3006//3006 2984//2984 2958//2958
f 3006//3006 2958//2958 3007//3007
f 3007//3007 2958//2958 2957//2957
f 3007//3007 2957//2957 3008//3008
f 3008//3008 2957//2957 2959//2959
f 3008//3008 2959//2959 2985//2985
f 2985//2985 2959//2959 2960//2960
f 2985//2985 2960//2960 3009//3009
f 3009//3009 2960//2960 2961//2961
f 3009//3009 2961//2961 3010//3010
f 3010//3010 2961//2961 2962//2962
f 3010//3010 2962//2962 2995//2995
f 2995//2995 2962//2962 2963//2963
f 2995//2995 2963//2963 2994//2994
f 2994//2994 2963//2963 2964//2964
f 2994//2994 2964//2964 2993//2993
f 2993//2993 2964//2964 2965//2965
f 2993//2993 2965//2965 2966//2966
f 281//281 1469//1469 285//285
f 285//285 1469//1469 1467//1467
f 285//285 1467//1467 284//284
f 284//284 1467//1467 282//282
f 282//282 1467//1467 1473//1473
f 282//282 1473//1473 275//275
f 1396//1396 1399//1399 326//326
f 269//269 313//313 1412//1412
f 272//272 1438//1438 273//273
f 273//273 1438//1438 1437//1437
f 273//273 1437//1437 298//298
f 298//298 1437//1437 1441//1441
f 298//298 1441//1441 299//299
f 311//311 1421//1421 312//312
f 312//312 1421//1421 1420//1420
f 312//312 1420//1420 308//308
f 1441//1441 1440//1440 299//299
f 299//299 1440//1440 1444//1444
f 299//299 1444//1444 300//300
f 300//300 1444//1444 1443//1443
f 300//300 1443//1443 297//297
f 291//291 1456//1456 289//289
f 289//289 1456//1456 1459//1459
f 289//289 1459//1459 288//288
f 288//288 1459//1459 1458//1458
f 288//288 1458//1458 286//286
f 286//286 1458//1458 1462//1462
f 286//286 1462//1462 278//278
f 1462//1462 1461//1461 278//278
f 278//278 1461//1461 1465//1465
f 278//278 1465//1465 279//279
f 279//279 1465//1465 1464//1464
f 279//279 1464//1464 281//281
f 281//281 1464//1464 1470//1470
f 281//281 1470//1470 1469//1469
f 1473//1473 1472//1472 275//275
f 275//275 1472//1472 1302//1302
f 275//275 1302//1302 276//276
f 276//276 1302//1302 1301//1301
f 276//276 1301//1301 683//683
f 683//683 1301//1301 1313//1313
f 683//683 1313//1313 257//257
f 257//257 1313//1313 1316//1316
f 257//257 1316//1316 258//258
f 258//258 1316//1316 1315//1315
f 258//258 1315//1315 365//365
f 365//365 1315//1315 1319//1319
f 365//365 1319//1319 366//366
f 366//366 1319//1319 1318//1318
f 366//366 1318//1318 368//368
f 368//368 1318//1318 1323//1323
f 368//368 1323//1323 369//369
f 369//369 1323//1323 1321//1321
f 369//369 1321//1321 370//370
f 1321//1321 1320//1320 370//370
f 370//370 1320//1320 1325//1325
f 370//370 1325//1325 361//361
f 361//361 1325//1325 1328//1328
f 361//361 1328//1328 362//362
f 362//362 1328//1328 1327//1327
f 362//362 1327//1327 363//363
f 353//353 1345//1345 354//354
f 354//354 1345//1345 1344//1344
f 354//354 1344//1344 346//346
f 346//346 1344//1344 1310//1310
f 346//346 1310//1310 347//347
f 342//342 1351//1351 338//338
f 338//338 1351//1351 1353//1353
f 338//338 1353//1353 339//339
f 326//326 1399//1399 319//319
f 319//319 1399//1399 1398//1398
f 319//319 1398//1398 320//320
f 1398//1398 1402//1402 320//320
f 320//320 1402//1402 1401//1401
f 320//320 1401//1401 321//321
f 321//321 1401//1401 1406//1406
f 321//321 1406//1406 317//317
f 317//317 1406//1406 1404//1404
f 317//317 1404//1404 315//315
f 1412//1412 1411//1411 269//269
f 269//269 1411//1411 1415//1415
f 269//269 1415//1415 270//270
f 270//270 1415//1415 1414//1414
f 270//270 1414//1414 310//310
f 310//310 1414//1414 1418//1418
f 310//310 1418//1418 311//311
f 311//311 1418//1418 1417//1417
f 311//311 1417//1417 1421//1421
f 1420//1420 1424//1424 308//308
f 308//308 1424//1424 1423//1423
f 308//308 1423//1423 309//309
f 309//309 1423//1423 1427//1427
f 309//309 1427//1427 306//306
f 306//306 1427//1427 1426//1426
f 306//306 1426//1426 304//304
f 1426//1426 1430//1430 304//304
f 304//304 1430//1430 1429//1429
f 304//304 1429//1429 303//303
f 303//303 1429//1429 1432//1432
f 303//303 1432//1432 301//301
f 301//301 1432//1432 1435//1435
f 301//301 1435//1435 272//272
f 272//272 1435//1435 1434//1434
f 272//272 1434//1434 1438//1438
f 1443//1443 1448//1448 297//297
f 297//297 1448//1448 1446//1446
f 297//297 1446//1446 295//295
f 295//295 1446//1446 1445//1445
f 295//295 1445//1445 293//293
f 293//293 1445//1445 1451//1451
f 293//293 1451//1451 294//294
f 294//294 1451//1451 1450//1450
f 294//294 1450//1450 961//961
f 961//961 1450//1450 1453//1453
f 961//961 1453//1453 291//291
f 291//291 1453//1453 1452//1452
f 291//291 1452//1452 1456//1456
f 350//350 1342//1342 351//351
f 351//351 1342//1342 1348//1348
f 351//351 1348//1348 353//353
f 353//353 1348//1348 1347//1347
f 353//353 1347//1347 1345//1345
f 1310//1310 1309//1309 347//347
f 347//347 1309//1309 2085//2085
f 347//347 2085//2085 349//349
f 349//349 2085//2085 2072//2072
f 349//349 2072//2072 343//343
f 343//343 2072//2072 1307//1307
f 343//343 1307//1307 344//344
f 344//344 1307//1307 1306//1306
f 344//344 1306//1306 345//345
f 345//345 1306//1306 1304//1304
f 345//345 1304//1304 341//341
f 341//341 1304//1304 1303//1303
f 341//341 1303//1303 342//342
f 342//342 1303//1303 1349//1349
f 342//342 1349//1349 1351//1351
f 1353//1353 1354//1354 339//339
f 339//339 1354//1354 1356//1356
f 339//339 1356//1356 260//260
f 260//260 1356//1356 1357//1357
f 260//260 1357//1357 261//261
f 261//261 1357//1357 1359//1359
f 261//261 1359//1359 263//263
f 1359//1359 1360//1360 263//263
f 263//263 1360//1360 1362//1362
f 263//263 1362//1362 264//264
f 264//264 1362//1362 1364//1364
f 264//264 1364//1364 334//334
f 1364//1364 1365//1365 334//334
f 334//334 1365//1365 1367//1367
f 334//334 1367//1367 335//335
f 335//335 1367//1367 1368//1368
f 335//335 1368//1368 336//336
f 336//336 1368//1368 1370//1370
f 336//336 1370//1370 333//333
f 333//333 1370//1370 1371//1371
f 333//333 1371//1371 332//332
f 1396//1396 326//326 1391//1391
f 1391//1391 326//326 325//325
f 1391//1391 325//325 1392//1392
f 1392//1392 325//325 323//323
f 1392//1392 323//323 1394//1394
f 1394//1394 323//323 322//322
f 1394//1394 322//322 1389//1389
f 1389//1389 322//322 267//267
f 1389//1389 267//267 1390//1390
f 1404//1404 1403//1403 315//315
f 315//315 1403//1403 1409//1409
f 315//315 1409//1409 313//313
f 313//313 1409//1409 1408//1408
f 313//313 1408//1408 1412//1412
f 1327//1327 1334//1334 363//363
f 363//363 1334//1334 1332//1332
f 363//363 1332//1332 364//364
f 364//364 1332//1332 1330//1330
f 364//364 1330//1330 358//358
f 358//358 1330//1330 1337//1337
f 358//358 1337//1337 360//360
f 360//360 1337//1337 1336//1336
f 360//360 1336//1336 357//357
f 357//357 1336//1336 1340//1340
f 357//357 1340//1340 355//355
f 355//355 1340//1340 1339//1339
f 355//355 1339//1339 350//350
f 350//350 1339//1339 1343//1343
f 350//350 1343//1343 1342//1342
f 1371//1371 1373//1373 332//332
f 332//332 1373//1373 1374//1374
f 332//332 1374//1374 331//331
f 331//331 1374//1374 1376//1376
f 331//331 1376//1376 330//330
f 1376//1376 1377//1377 330//330
f 330//330 1377//1377 1379//1379
f 330//330 1379//1379 329//329
f 329//329 1379//1379 1380//1380
f 329//329 1380//1380 327//327
f 327//327 1380//1380 1382//1382
f 327//327 1382//1382 266//266
f 1382//1382 1383//1383 266//266
f 266//266 1383//1383 1385//1385
f 266//266 1385//1385 267//267
f 267//267 1385//1385 1387//1387
f 267//267 1387//1387 1390//1390
f 3011//3011 3012//3012 3013//3013
f 3013//3013 3012//3012 3014//3014
f 3013//3013 3014//3014 3015//3015
f 3015//3015 3014//3014 3016//3016
f 3015//3015 3016//3016 3017//3017
f 3017//3017 3016//3016 3018//3018
f 3017//3017 3018//3018 3019//3019
f 3019//3019 3018//3018 3020//3020
f 3019//3019 3020//3020 3021//3021
f 3021//3021 3020//3020 3022//3022
f 3021//3021 3022//3022 3023//3023
f 3023//3023 3022//3022 3024//3024
f 3023//3023 3024//3024 3025//3025
f 3025//3025 3024//3024 3026//3026
f 3025//3025 3026//3026 3027//3027
f 3027//3027 3026//3026 3028//3028
f 3027//3027 3028//3028 3029//3029
f 3029//3029 3028//3028 3030//3030
f 3029//3029 3030//3030 3031//3031
f 3031//3031 3030//3030 3032//3032
f 3031//3031 3032//3032 3033//3033
f 3033//3033 3032//3032 3034//3034
f 3033//3033 3034//3034 3035//3035
f 3035//3035 3034//3034 3036//3036
f 3035//3035 3036//3036 3037//3037
f 3037//3037 3036//3036 3038//3038
f 3037//3037 3038//3038 3039//3039
f 3039//3039 3038//3038 3040//3040
f 3039//3039 3040//3040 3041//3041
f 3041//3041 3040//3040 3042//3042
f 3041//3041 3042//3042 3043//3043
f 3043//3043 3042//3042 3044//3044
f 3043//3043 3044//3044 3045//3045
f 3045//3045 3044//3044 3046//3046
f 3045//3045 3046//3046 3047//3047
f 3047//3047 3046//3046 3048//3048
f 3047//3047 3048//3048 3049//3049
f 3049//3049 3048//3048 3050//3050
f 3049//3049 3050//3050 3051//3051
f 3051//3051 3050//3050 3052//3052
f 3051//3051 3052//3052 3053//3053
f 3053//3053 3052//3052 3054//3054
f 3053//3053 3054//3054 3055//3055
f 3055//3055 3054//3054 3056//3056
f 3055//3055 3056//3056 3057//3057
f 3057//3057 3056//3056 3058//3058
f 3057//3057 3058//3058 3059//3059
f 3059//3059 3058//3058 3060//3060
f 3059//3059 3060//3060 3061//3061
f 3061//3061 3060//3060 3062//3062
f 3061//3061 3062//3062 3063//3063
f 3063//3063 3062//3062 3064//3064
f 3063//3063 3064//3064 3065//3065
f 3065//3065 3064//3064 3066//3066
f 3065//3065 3066//3066 3067//3067
f 3067//3067 3066//3066 3068//3068
f 3067//3067 3068//3068 3069//3069
f 3069//3069 3068//3068 3070//3070
f 3069//3069 3070//3070 3071//3071
f 3071//3071 3070//3070 3072//3072
f 3071//3071 3072//3072 3073//3073
f 3073//3073 3072//3072 3074//3074
f 3073//3073 3074//3074 3075//3075
f 3075//3075 3074//3074 3076//3076
f 3075//3075 3076//3076 3077//3077
f 3077//3077 3076//3076 3078//3078
f 3077//3077 3078//3078 3079//3079
f 3079//3079 3078//3078 3080//3080
f 3079//3079 3080//3080 3081//3081
f 3081//3081 3080//3080 3082//3082
f 3081//3081 3082//3082 3083//3083
f 3083//3083 3082//3082 3011//3011
f 3083//3083 3011//3011 3013//3013
f 3084//3084 3085//3085 3086//3086
f 3086//3086 3085//3085 3087//3087
f 3086//3086 3087//3087 3088//3088
f 3088//3088 3087//3087 3089//3089
f 3088//3088 3089//3089 3090//3090
f 3090//3090 3089//3089 3091//3091
f 3090//3090 3091//3091 3092//3092
f 3092//3092 3091//3091 3093//3093
f 3092//3092 3093//3093 3094//3094
f 3094//3094 3093//3093 3095//3095
f 3094//3094 3095//3095 3096//3096
f 3096//3096 3095//3095 3097//3097
f 3096//3096 3097//3097 3098//3098
f 3098//3098 3097//3097 3099//3099
f 3098//3098 3099//3099 3100//3100
f 3100//3100 3099//3099 3101//3101
f 3100//3100 3101//3101 3102//3102
f 3102//3102 3101//3101 3103//3103
f 3102//3102 3103//3103 3104//3104
f 3104//3104 3103//3103 3105//3105
f 3104//3104 3105//3105 3106//3106
f 3106//3106 3105//3105 3107//3107
f 3106//3106 3107//3107 3108//3108
f 3108//3108 3107//3107 3109//3109
f 3108//3108 3109//3109 3110//3110
f 3110//3110 3109//3109 3111//3111
f 3110//3110 3111//3111 3112//3112
f 3112//3112 3111//3111 3113//3113
f 3112//3112 3113//3113 3114//3114
f 3114//3114 3113//3113 3115//3115
f 3114//3114 3115//3115 3116//3116
f 3116//3116 3115//3115 3117//3117
f 3116//3116 3117//3117 3118//3118
f 3118//3118 3117//3117 3119//3119
f 3118//3118 3119//3119 3120//3120
f 3120//3120 3119//3119 3121//3121
f 3120//3120 3121//3121 3122//3122
f 3122//3122 3121//3121 3123//3123
f 3122//3122 3123//3123 3124//3124
f 3124//3124 3123//3123 3125//3125
f 3124//3124 3125//3125 3126//3126
f 3126//3126 3125//3125 3127//3127
f 3126//3126 3127//3127 3128//3128
f 3128//3128 3127//3127 3129//3129
f 3128//3128 3129//3129 3130//3130
f 3130//3130 3129//3129 3131//3131
f 3130//3130 3131//3131 3132//3132
f 3132//3132 3131//3131 3133//3133
f 3132//3132 3133//3133 3134//3134
f 3134//3134 3133//3133 3135//3135
f 3134//3134 3135//3135 3136//3136
f 3136//3136 3135//3135 3137//3137
f 3136//3136 3137//3137 3138//3138
f 3138//3138 3137//3137 3139//3139
f 3138//3138 3139//3139 3140//3140
f 3140//3140 3139//3139 3141//3141
f 3140//3140 3141//3141 3142//3142
f 3142//3142 3141//3141 3143//3143
f 3142//3142 3143//3143 3144//3144
f 3144//3144 3143//3143 3145//3145
f 3144//3144 3145//3145 3146//3146
f 3146//3146 3145//3145 3147//3147
f 3146//3146 3147//3147 3148//3148
f 3148//3148 3147//3147 3149//3149
f 3148//3148 3149//3149 3150//3150
f 3150//3150 3149//3149 3151//3151
f 3150//3150 3151//3151 3152//3152
f 3152//3152 3151//3151 3153//3153
f 3152//3152 3153//3153 3154//3154
f 3154//3154 3153//3153 3155//3155
f 3154//3154 3155//3155 3084//3084
f 3084//3084 3155//3155 3085//3085
f 3153//3153 3156//3156 3155//3155
f 3155//3155 3156//3156 3157//3157
f 3155//3155 3157//3157 3085//3085
f 3157//3157 3158//3158 3085//3085
f 3085//3085 3158//3158 3159//3159
f 3085//3085 3159//3159 3087//3087
f 3087//3087 3159//3159 3160//3160
f 3087//3087 3160//3160 3089//3089
f 3089//3089 3160//3160 3161//3161
f 3089//3089 3161//3161 3091//3091
f 3091//3091 3161//3161 3162//3162
f 3091//3091 3162//3162 3093//3093
f 3093//3093 3162//3162 3163//3163
f 3093//3093 3163//3163 3095//3095
f 3095//3095 3163//3163 3164//3164
f 3095//3095 3164//3164 3097//3097
f 3097//3097 3164//3164 3165//3165
f 3097//3097 3165//3165 3099//3099
f 3099//3099 3165//3165 3166//3166
f 3099//3099 3166//3166 3101//3101
f 3101//3101 3166//3166 3167//3167
f 3101//3101 3167//3167 3168//3168
f 3168//3168 3167//3167 3169//3169
f 3168//3168 3169//3169 3105//3105
f 3105//3105 3169//3169 3170//3170
f 3105//3105 3170//3170 3107//3107
f 3107//3107 3170//3170 3171//3171
f 3107//3107 3171//3171 3109//3109
f 3109//3109 3171//3171 3172//3172
f 3109//3109 3172//3172 3111//3111
f 3111//3111 3172//3172 3173//3173
f 3111//3111 3173//3173 3113//3113
f 3113//3113 3173//3173 3174//3174
f 3113//3113 3174//3174 3115//3115
f 3115//3115 3174//3174 3175//3175
f 3115//3115 3175//3175 3117//3117
f 3117//3117 3175//3175 3176//3176
f 3117//3117 3176//3176 3119//3119
f 3119//3119 3176//3176 3177//3177
f 3119//3119 3177//3177 3121//3121
f 3121//3121 3177//3177 3178//3178
f 3121//3121 3178//3178 3123//3123
f 3123//3123 3178//3178 3179//3179
f 3123//3123 3179//3179 3125//3125
f 3125//3125 3179//3179 3180//3180
f 3125//3125 3180//3180 3127//3127
f 3127//3127 3180//3180 3181//3181
f 3127//3127 3181//3181 3129//3129
f 3129//3129 3181//3181 3182//3182
f 3129//3129 3182//3182 3131//3131
f 3131//3131 3182//3182 3183//3183
f 3131//3131 3183//3183 3133//3133
f 3133//3133 3183//3183 3184//3184
f 3133//3133 3184//3184 3135//3135
f 3135//3135 3184//3184 3185//3185
f 3135//3135 3185//3185 3137//3137
f 3137//3137 3185//3185 3186//3186
f 3137//3137 3186//3186 3187//3187
f 3187//3187 3186//3186 3188//3188
f 3187//3187 3188//3188 3141//3141
f 3141//3141 3188//3188 3189//3189
f 3141//3141 3189//3189 3143//3143
f 3143//3143 3189//3189 3190//3190
f 3143//3143 3190//3190 3145//3145
f 3145//3145 3190//3190 3191//3191
f 3145//3145 3191//3191 3147//3147
f 3147//3147 3191//3191 3192//3192
f 3147//3147 3192//3192 3149//3149
f 3149//3149 3192//3192 3193//3193
f 3149//3149 3193//3193 3151//3151
f 3151//3151 3193//3193 3194//3194
f 3151//3151 3194//3194 3153//3153
f 3153//3153 3194//3194 3195//3195
f 3153//3153 3195//3195 3156//3156
f 3196//3196 3197//3197 3198//3198
f 3198//3198 3199//3199 3196//3196
f 3196//3196 3199//3199 3200//3200
f 3196//3196 3200//3200 3201//3201
f 3200//3200 3202//3202 3201//3201
f 3201//3201 3202//3202 3203//3203
f 3201//3201 3203//3203 3204//3204
f 3203//3203 3205//3205 3204//3204
f 3204//3204 3205//3205 3206//3206
f 3204//3204 3206//3206 3207//3207
f 3206//3206 3208//3208 3207//3207
f 3207//3207 3208//3208 3209//3209
f 3207//3207 3209//3209 3210//3210
f 3209//3209 3211//3211 3210//3210
f 3210//3210 3211//3211 3212//3212
f 3210//3210 3212//3212 3213//3213
f 3212//3212 3214//3214 3213//3213
f 3213//3213 3214//3214 3215//3215
f 3213//3213 3215//3215 3216//3216
f 3215//3215 3217//3217 3216//3216
f 3216//3216 3217//3217 3218//3218
f 3216//3216 3218//3218 3219//3219
f 3218//3218 3220//3220 3219//3219
f 3219//3219 3220//3220 3221//3221
f 3219//3219 3221//3221 3222//3222
f 3221//3221 3223//3223 3222//3222
f 3222//3222 3223//3223 3224//3224
f 3222//3222 3224//3224 3225//3225
f 3224//3224 3226//3226 3225//3225
f 3225//3225 3226//3226 3227//3227
f 3225//3225 3227//3227 3228//3228
f 3227//3227 3229//3229 3228//3228
f 3228//3228 3229//3229 3230//3230
f 3228//3228 3230//3230 3231//3231
f 3230//3230 3232//3232 3231//3231
f 3231//3231 3232//3232 3233//3233
f 3231//3231 3233//3233 3234//3234
f 3233//3233 3235//3235 3234//3234
f 3234//3234 3235//3235 3236//3236
f 3234//3234 3236//3236 3237//3237
f 3236//3236 3238//3238 3237//3237
f 3237//3237 3238//3238 3239//3239
f 3237//3237 3239//3239 3240//3240
f 3239//3239 3241//3241 3240//3240
f 3240//3240 3241//3241 3242//3242
f 3240//3240 3242//3242 3243//3243
f 3242//3242 3244//3244 3243//3243
f 3243//3243 3244//3244 3245//3245
f 3243//3243 3245//3245 3246//3246
f 3245//3245 3247//3247 3246//3246
f 3246//3246 3247//3247 3248//3248
f 3246//3246 3248//3248 3249//3249
f 3248//3248 3250//3250 3249//3249
f 3249//3249 3250//3250 3251//3251
f 3249//3249 3251//3251 3252//3252
f 3251//3251 3253//3253 3252//3252
f 3252//3252 3253//3253 3254//3254
f 3252//3252 3254//3254 3255//3255
f 3254//3254 3256//3256 3255//3255
f 3255//3255 3256//3256 3257//3257
f 3255//3255 3257//3257 3258//3258
f 3257//3257 3259//3259 3258//3258
f 3258//3258 3259//3259 3260//3260
f 3258//3258 3260//3260 3261//3261
f 3260//3260 3262//3262 3261//3261
f 3261//3261 3262//3262 3263//3263
f 3261//3261 3263//3263 3264//3264
f 3263//3263 3265//3265 3264//3264
f 3264//3264 3265//3265 3266//3266
f 3264//3264 3266//3266 3267//3267
f 3266//3266 3268//3268 3267//3267
f 3267//3267 3268//3268 3269//3269
f 3267//3267 3269//3269 3270//3270
f 3269//3269 3271//3271 3270//3270
f 3270//3270 3271//3271 3272//3272
f 3270//3270 3272//3272 3273//3273
f 3272//3272 3274//3274 3273//3273
f 3273//3273 3274//3274 3275//3275
f 3273//3273 3275//3275 3276//3276
f 3275//3275 3277//3277 3276//3276
f 3276//3276 3277//3277 3278//3278
f 3276//3276 3278//3278 3279//3279
f 3278//3278 3280//3280 3279//3279
f 3279//3279 3280//3280 3281//3281
f 3279//3279 3281//3281 3282//3282
f 3281//3281 3283//3283 3282//3282
f 3282//3282 3283//3283 3284//3284
f 3282//3282 3284//3284 3285//3285
f 3284//3284 3286//3286 3285//3285
f 3285//3285 3286//3286 3287//3287
f 3285//3285 3287//3287 3288//3288
f 3287//3287 3289//3289 3288//3288
f 3288//3288 3289//3289 3290//3290
f 3288//3288 3290//3290 3291//3291
f 3290//3290 3292//3292 3291//3291
f 3291//3291 3292//3292 3293//3293
f 3291//3291 3293//3293 3294//3294
f 3293//3293 3295//3295 3294//3294
f 3294//3294 3295//3295 3296//3296
f 3294//3294 3296//3296 3297//3297
f 3296//3296 3298//3298 3297//3297
f 3297//3297 3298//3298 3299//3299
f 3297//3297 3299//3299 3300//3300
f 3299//3299 3301//3301 3300//3300
f 3300//3300 3301//3301 3302//3302
f 3300//3300 3302//3302 3303//3303
f 3302//3302 3304//3304 3303//3303
f 3303//3303 3304//3304 3305//3305
f 3303//3303 3305//3305 3197//3197
f 3197//3197 3305//3305 3306//3306
f 3197//3197 3306//3306 3198//3198
f 3307//3307 3308//3308 3249//3249
f 3249//3249 3308//3308 3309//3309
f 3249//3249 3309//3309 3246//3246
f 3246//3246 3309//3309 3310//3310
f 3246//3246 3310//3310 3243//3243
f 3243//3243 3310//3310 3311//3311
f 3243//3243 3311//3311 3240//3240
f 3240//3240 3311//3311 3312//3312
f 3240//3240 3312//3312 3237//3237
f 3237//3237 3312//3312 3313//3313
f 3237//3237 3313//3313 3234//3234
f 3234//3234 3313//3313 3314//3314
f 3234//3234 3314//3314 3231//3231
f 3231//3231 3314//3314 3315//3315
f 3231//3231 3315//3315 3228//3228
f 3228//3228 3315//3315 3316//3316
f 3228//3228 3316//3316 3225//3225
f 3225//3225 3316//3316 3317//3317
f 3225//3225 3317//3317 3222//3222
f 3222//3222 3317//3317 3318//3318
f 3222//3222 3318//3318 3219//3219
f 3219//3219 3318//3318 3319//3319
f 3219//3219 3319//3319 3216//3216
f 3216//3216 3319//3319 3320//3320
f 3216//3216 3320//3320 3213//3213
f 3213//3213 3320//3320 3321//3321
f 3213//3213 3321//3321 3210//3210
f 3210//3210 3321//3321 3322//3322
f 3210//3210 3322//3322 3207//3207
f 3207//3207 3322//3322 3323//3323
f 3207//3207 3323//3323 3204//3204
f 3204//3204 3323//3323 3324//3324
f 3204//3204 3324//3324 3201//3201
f 3201//3201 3324//3324 3325//3325
f 3201//3201 3325//3325 3196//3196
f 3196//3196 3325//3325 3326//3326
f 3196//3196 3326//3326 3197//3197
f 3197//3197 3326//3326 3327//3327
f 3197//3197 3327//3327 3303//3303
f 3303//3303 3327//3327 3328//3328
f 3303//3303 3328//3328 3300//3300
f 3300//3300 3328//3328 3329//3329
f 3300//3300 3329//3329 3297//3297
f 3297//3297 3329//3329 3330//3330
f 3297//3297 3330//3330 3294//3294
f 3294//3294 3330//3330 3331//3331
f 3294//3294 3331//3331 3291//3291
f 3291//3291 3331//3331 3332//3332
f 3291//3291 3332//3332 3288//3288
f 3288//3288 3332//3332 3333//3333
f 3288//3288 3333//3333 3285//3285
f 3285//3285 3333//3333 3334//3334
f 3285//3285 3334//3334 3282//3282
f 3282//3282 3334//3334 3335//3335
f 3282//3282 3335//3335 3279//3279
f 3279//3279 3335//3335 3336//3336
f 3279//3279 3336//3336 3276//3276
f 3276//3276 3336//3336 3337//3337
f 3276//3276 3337//3337 3273//3273
f 3273//3273 3337//3337 3338//3338
f 3273//3273 3338//3338 3270//3270
f 3270//3270 3338//3338 3339//3339
f 3270//3270 3339//3339 3267//3267
f 3267//3267 3339//3339 3340//3340
f 3267//3267 3340//3340 3264//3264
f 3264//3264 3340//3340 3341//3341
f 3264//3264 3341//3341 3261//3261
f 3261//3261 3341//3341 3342//3342
f 3261//3261 3342//3342 3258//3258
f 3258//3258 3342//3342 3343//3343
f 3258//3258 3343//3343 3255//3255
f 3255//3255 3343//3343 3344//3344
f 3255//3255 3344//3344 3252//3252
f 3252//3252 3344//3344 3307//3307
f 3252//3252 3307//3307 3249//3249
f 3327//3327 3345//3345 3328//3328
f 3328//3328 3345//3345 3346//3346
f 3328//3328 3346//3346 3329//3329
f 3329//3329 3346//3346 3347//3347
f 3329//3329 3347//3347 3330//3330
f 3330//3330 3347//3347 3348//3348
f 3330//3330 3348//3348 3331//3331
f 3331//3331 3348//3348 3349//3349
f 3331//3331 3349//3349 3332//3332
f 3332//3332 3349//3349 3350//3350
f 3332//3332 3350//3350 3333//3333
f 3333//3333 3350//3350 3351//3351
f 3333//3333 3351//3351 3334//3334
f 3334//3334 3351//3351 3352//3352
f 3334//3334 3352//3352 3335//3335
f 3335//3335 3352//3352 3353//3353
f 3335//3335 3353//3353 3336//3336
f 3336//3336 3353//3353 3354//3354
f 3336//3336 3354//3354 3337//3337
f 3337//3337 3354//3354 3355//3355
f 3337//3337 3355//3355 3338//3338
f 3338//3338 3355//3355 3356//3356
f 3338//3338 3356//3356 3339//3339
f 3339//3339 3356//3356 3357//3357
f 3339//3339 3357//3357 3340//3340
f 3340//3340 3357//3357 3358//3358
f 3340//3340 3358//3358 3341//3341
f 3341//3341 3358//3358 3359//3359
f 3341//3341 3359//3359 3342//3342
f 3342//3342 3359//3359 3360//3360
f 3342//3342 3360//3360 3343//3343
f 3343//3343 3360//3360 3361//3361
f 3343//3343 3361//3361 3344//3344
f 3344//3344 3361//3361 3362//3362
f 3344//3344 3362//3362 3307//3307
f 3307//3307 3362//3362 3363//3363
f 3307//3307 3363//3363 3308//3308
f 3308//3308 3363//3363 3364//3364
f 3308//3308 3364//3364 3309//3309
f 3309//3309 3364//3364 3365//3365
f 3309//3309 3365//3365 3310//3310
f 3310//3310 3365//3365 3366//3366
f 3310//3310 3366//3366 3311//3311
f 3311//3311 3366//3366 3367//3367
f 3311//3311 3367//3367 3312//3312
f 3312//3312 3367//3367 3368//3368
f 3312//3312 3368//3368 3313//3313
f 3313//3313 3368//3368 3369//3369
f 3313//3313 3369//3369 3314//3314
f 3314//3314 3369//3369 3370//3370
f 3314//3314 3370//3370 3315//3315
f 3315//3315 3370//3370 3371//3371
f 3315//3315 3371//3371 3316//3316
f 3316//3316 3371//3371 3372//3372
f 3316//3316 3372//3372 3317//3317
f 3317//3317 3372//3372 3373//3373
f 3317//3317 3373//3373 3318//3318
f 3318//3318 3373//3373 3374//3374
f 3318//3318 3374//3374 3319//3319
f 3319//3319 3374//3374 3375//3375
f 3319//3319 3375//3375 3320//3320
f 3320//3320 3375//3375 3376//3376
f 3320//3320 3376//3376 3321//3321
f 3321//3321 3376//3376 3377//3377
f 3321//3321 3377//3377 3322//3322
f 3322//3322 3377//3377 3378//3378
f 3322//3322 3378//3378 3323//3323
f 3323//3323 3378//3378 3379//3379
f 3323//3323 3379//3379 3324//3324
f 3324//3324 3379//3379 3380//3380
f 3324//3324 3380//3380 3325//3325
f 3325//3325 3380//3380 3381//3381
f 3325//3325 3381//3381 3326//3326
f 3326//3326 3381//3381 3382//3382
f 3326//3326 3382//3382 3327//3327
f 3327//3327 3382//3382 3345//3345
f 3383//3383 3384//3384 3385//3385
f 3385//3385 3384//3384 3386//3386
f 3385//3385 3386//3386 3387//3387
f 3387//3387 3386//3386 3388//3388
f 3387//3387 3388//3388 3389//3389
f 3388//3388 3390//3390 3389//3389
f 3389//3389 3390//3390 3391//3391
f 3389//3389 3391//3391 3392//3392
f 3392//3392 3391//3391 3393//3393
f 3392//3392 3393//3393 3394//3394
f 3395//3395 3396//3396 3397//3397
f 3397//3397 3396//3396 3398//3398
f 3397//3397 3398//3398 3399//3399
f 3399//3399 3398//3398 3400//3400
f 3399//3399 3400//3400 3401//3401
f 3400//3400 3402//3402 3401//3401
f 3401//3401 3402//3402 3403//3403
f 3401//3401 3403//3403 3404//3404
f 3404//3404 3403//3403 3405//3405
f 3404//3404 3405//3405 3406//3406
f 3405//3405 3407//3407 3406//3406
f 3406//3406 3407//3407 3408//3408
f 3406//3406 3408//3408 3409//3409
f 3409//3409 3408//3408 3410//3410
f 3409//3409 3410//3410 3411//3411
f 3411//3411 3410//3410 3412//3412
f 3411//3411 3412//3412 3413//3413
f 3412//3412 3414//3414 3413//3413
f 3413//3413 3414//3414 3415//3415
f 3413//3413 3415//3415 3416//3416
f 3416//3416 3415//3415 3417//3417
f 3416//3416 3417//3417 3418//3418
f 3419//3419 3420//3420 3421//3421
f 3421//3421 3420//3420 3422//3422
f 3421//3421 3422//3422 3423//3423
f 3417//3417 3424//3424 3418//3418
f 3418//3418 3424//3424 3425//3425
f 3418//3418 3425//3425 3426//3426
f 3426//3426 3425//3425 3427//3427
f 3426//3426 3427//3427 3428//3428
f 3428//3428 3427//3427 3429//3429
f 3428//3428 3429//3429 3419//3419
f 3419//3419 3429//3429 3430//3430
f 3419//3419 3430//3430 3420//3420
f 3422//3422 3431//3431 3423//3423
f 3423//3423 3431//3431 3432//3432
f 3423//3423 3432//3432 3433//3433
f 3433//3433 3432//3432 3434//3434
f 3433//3433 3434//3434 3435//3435
f 3435//3435 3434//3434 3436//3436
f 3435//3435 3436//3436 3437//3437
f 3436//3436 3438//3438 3437//3437
f 3437//3437 3438//3438 3439//3439
f 3437//3437 3439//3439 3440//3440
f 3440//3440 3439//3439 3441//3441
f 3440//3440 3441//3441 3442//3442
f 3393//3393 3443//3443 3394//3394
f 3394//3394 3443//3443 3444//3444
f 3394//3394 3444//3444 3445//3445
f 3445//3445 3444//3444 3446//3446
f 3445//3445 3446//3446 3447//3447
f 3447//3447 3446//3446 3448//3448
f 3447//3447 3448//3448 3395//3395
f 3395//3395 3448//3448 3449//3449
f 3395//3395 3449//3449 3396//3396
f 3441//3441 3450//3450 3442//3442
f 3442//3442 3450//3450 3451//3451
f 3442//3442 3451//3451 3452//3452
f 3452//3452 3451//3451 3453//3453
f 3452//3452 3453//3453 3454//3454
f 3454//3454 3453//3453 3455//3455
f 3454//3454 3455//3455 3456//3456
f 3457//3457 3458//3458 3459//3459
f 3459//3459 3458//3458 3460//3460
f 3459//3459 3460//3460 3383//3383
f 3383//3383 3460//3460 3461//3461
f 3383//3383 3461//3461 3384//3384
f 3455//3455 3462//3462 3456//3456
f 3456//3456 3462//3462 3463//3463
f 3456//3456 3463//3463 3464//3464
f 3464//3464 3463//3463 3465//3465
f 3464//3464 3465//3465 3466//3466
f 3465//3465 3467//3467 3466//3466
f 3466//3466 3467//3467 3468//3468
f 3466//3466 3468//3468 3469//3469
f 3469//3469 3468//3468 3470//3470
f 3469//3469 3470//3470 3471//3471
f 3471//3471 3470//3470 3472//3472
f 3471//3471 3472//3472 3457//3457
f 3457//3457 3472//3472 3473//3473
f 3457//3457 3473//3473 3458//3458
f 3474//3474 3052//3052 3475//3475
f 3475//3475 3052//3052 3050//3050
f 3474//3474 3476//3476 3052//3052
f 3052//3052 3476//3476 3477//3477
f 3052//3052 3477//3477 3054//3054
f 3478//3478 3056//3056 3479//3479
f 3479//3479 3056//3056 3054//3054
f 3479//3479 3054//3054 3480//3480
f 3480//3480 3054//3054 3477//3477
f 3478//3478 3481//3481 3056//3056
f 3056//3056 3481//3481 3482//3482
f 3056//3056 3482//3482 3058//3058
f 3483//3483 3060//3060 3484//3484
f 3484//3484 3060//3060 3058//3058
f 3484//3484 3058//3058 3485//3485
f 3485//3485 3058//3058 3482//3482
f 3483//3483 3486//3486 3060//3060
f 3060//3060 3486//3486 3487//3487
f 3060//3060 3487//3487 3062//3062
f 3487//3487 3488//3488 3062//3062
f 3062//3062 3488//3488 3489//3489
f 3062//3062 3489//3489 3064//3064
f 3490//3490 3066//3066 3491//3491
f 3491//3491 3066//3066 3064//3064
f 3491//3491 3064//3064 3492//3492
f 3492//3492 3064//3064 3489//3489
f 3490//3490 3493//3493 3066//3066
f 3066//3066 3493//3493 3494//3494
f 3066//3066 3494//3494 3068//3068
f 3495//3495 3070//3070 3496//3496
f 3496//3496 3070//3070 3068//3068
f 3496//3496 3068//3068 3497//3497
f 3497//3497 3068//3068 3494//3494
f 3495//3495 3498//3498 3070//3070
f 3070//3070 3498//3498 3499//3499
f 3070//3070 3499//3499 3072//3072
f 3500//3500 3074//3074 3501//3501
f 3501//3501 3074//3074 3072//3072
f 3501//3501 3072//3072 3502//3502
f 3502//3502 3072//3072 3499//3499
f 3500//3500 3503//3503 3074//3074
f 3074//3074 3503//3503 3504//3504
f 3074//3074 3504//3504 3076//3076
f 3504//3504 3505//3505 3076//3076
f 3076//3076 3505//3505 3506//3506
f 3076//3076 3506//3506 3078//3078
f 3507//3507 3080//3080 3508//3508
f 3508//3508 3080//3080 3078//3078
f 3508//3508 3078//3078 3509//3509
f 3509//3509 3078//3078 3506//3506
f 3507//3507 3510//3510 3080//3080
f 3080//3080 3510//3510 3511//3511
f 3080//3080 3511//3511 3082//3082
f 3512//3512 3011//3011 3513//3513
f 3513//3513 3011//3011 3082//3082
f 3513//3513 3082//3082 3514//3514
f 3514//3514 3082//3082 3511//3511
f 3512//3512 3515//3515 3011//3011
f 3011//3011 3515//3515 3516//3516
f 3011//3011 3516//3516 3012//3012
f 3517//3517 3014//3014 3518//3518
f 3518//3518 3014//3014 3012//3012
f 3518//3518 3012//3012 3519//3519
f 3519//3519 3012//3012 3516//3516
f 3517//3517 3520//3520 3014//3014
f 3014//3014 3520//3520 3521//3521
f 3014//3014 3521//3521 3016//3016
f 3522//3522 3018//3018 3523//3523
f 3523//3523 3018//3018 3016//3016
f 3523//3523 3016//3016 3524//3524
f 3524//3524 3016//3016 3521//3521
f 3522//3522 3525//3525 3018//3018
f 3018//3018 3525//3525 3526//3526
f 3018//3018 3526//3526 3020//3020
f 3526//3526 3527//3527 3020//3020
f 3020//3020 3527//3527 3528//3528
f 3020//3020 3528//3528 3022//3022
f 3529//3529 3024//3024 3530//3530
f 3530//3530 3024//3024 3022//3022
f 3530//3530 3022//3022 3531//3531
f 3531//3531 3022//3022 3528//3528
f 3529//3529 3532//3532 3024//3024
f 3024//3024 3532//3532 3533//3533
f 3024//3024 3533//3533 3026//3026
f 3534//3534 3028//3028 3535//3535
f 3535//3535 3028//3028 3026//3026
f 3535//3535 3026//3026 3536//3536
f 3536//3536 3026//3026 3533//3533
f 3534//3534 3537//3537 3028//3028
f 3028//3028 3537//3537 3538//3538
f 3028//3028 3538//3538 3030//3030
f 3539//3539 3032//3032 3540//3540
f 3540//3540 3032//3032 3030//3030
f 3540//3540 3030//3030 3541//3541
f 3541//3541 3030//3030 3538//3538
f 3539//3539 3542//3542 3032//3032
f 3032//3032 3542//3542 3543//3543
f 3032//3032 3543//3543 3034//3034
f 3543//3543 3544//3544 3034//3034
f 3034//3034 3544//3544 3545//3545
f 3034//3034 3545//3545 3036//3036
f 3546//3546 3038//3038 3547//3547
f 3547//3547 3038//3038 3036//3036
f 3547//3547 3036//3036 3548//3548
f 3548//3548 3036//3036 3545//3545
f 3546//3546 3549//3549 3038//3038
f 3038//3038 3549//3549 3550//3550
f 3038//3038 3550//3550 3040//3040
f 3551//3551 3042//3042 3552//3552
f 3552//3552 3042//3042 3040//3040
f 3552//3552 3040//3040 3553//3553
f 3553//3553 3040//3040 3550//3550
f 3551//3551 3554//3554 3042//3042
f 3042//3042 3554//3554 3555//3555
f 3042//3042 3555//3555 3044//3044
f 3556//3556 3046//3046 3557//3557
f 3557//3557 3046//3046 3044//3044
f 3557//3557 3044//3044 3558//3558
f 3558//3558 3044//3044 3555//3555
f 3556//3556 3559//3559 3046//3046
f 3046//3046 3559//3559 3560//3560
f 3046//3046 3560//3560 3048//3048
f 3560//3560 3561//3561 3048//3048
f 3048//3048 3561//3561 3562//3562
f 3048//3048 3562//3562 3050//3050
f 3050//3050 3562//3562 3563//3563
f 3050//3050 3563//3563 3475//3475
f 3382//3382 3416//3416 3345//3345
f 3345//3345 3416//3416 3418//3418
f 3345//3345 3418//3418 3346//3346
f 3346//3346 3418//3418 3426//3426
f 3346//3346 3426//3426 3347//3347
f 3347//3347 3426//3426 3428//3428
f 3347//3347 3428//3428 3348//3348
f 3348//3348 3428//3428 3419//3419
f 3348//3348 3419//3419 3349//3349
f 3349//3349 3419//3419 3421//3421
f 3349//3349 3421//3421 3350//3350
f 3350//3350 3421//3421 3423//3423
f 3350//3350 3423//3423 3351//3351
f 3351//3351 3423//3423 3433//3433
f 3351//3351 3433//3433 3352//3352
f 3352//3352 3433//3433 3435//3435
f 3352//3352 3435//3435 3353//3353
f 3353//3353 3435//3435 3437//3437
f 3353//3353 3437//3437 3354//3354
f 3354//3354 3437//3437 3440//3440
f 3354//3354 3440//3440 3355//3355
f 3355//3355 3440//3440 3442//3442
f 3355//3355 3442//3442 3356//3356
f 3356//3356 3442//3442 3452//3452
f 3356//3356 3452//3452 3357//3357
f 3357//3357 3452//3452 3454//3454
f 3357//3357 3454//3454 3358//3358
f 3358//3358 3454//3454 3456//3456
f 3358//3358 3456//3456 3359//3359
f 3359//3359 3456//3456 3464//3464
f 3359//3359 3464//3464 3360//3360
f 3360//3360 3464//3464 3466//3466
f 3360//3360 3466//3466 3361//3361
f 3361//3361 3466//3466 3469//3469
f 3361//3361 3469//3469 3362//3362
f 3362//3362 3469//3469 3471//3471
f 3362//3362 3471//3471 3363//3363
f 3363//3363 3471//3471 3457//3457
f 3363//3363 3457//3457 3364//3364
f 3364//3364 3457//3457 3459//3459
f 3364//3364 3459//3459 3365//3365
f 3365//3365 3459//3459 3383//3383
f 3365//3365 3383//3383 3366//3366
f 3366//3366 3383//3383 3385//3385
f 3366//3366 3385//3385 3367//3367
f 3367//3367 3385//3385 3387//3387
f 3367//3367 3387//3387 3368//3368
f 3368//3368 3387//3387 3389//3389
f 3368//3368 3389//3389 3369//3369
f 3369//3369 3389//3389 3392//3392
f 3369//3369 3392//3392 3370//3370
f 3370//3370 3392//3392 3394//3394
f 3370//3370 3394//3394 3371//3371
f 3371//3371 3394//3394 3445//3445
f 3371//3371 3445//3445 3372//3372
f 3372//3372 3445//3445 3447//3447
f 3372//3372 3447//3447 3373//3373
f 3373//3373 3447//3447 3395//3395
f 3373//3373 3395//3395 3374//3374
f 3374//3374 3395//3395 3397//3397
f 3374//3374 3397//3397 3375//3375
f 3375//3375 3397//3397 3399//3399
f 3375//3375 3399//3399 3376//3376
f 3376//3376 3399//3399 3401//3401
f 3376//3376 3401//3401 3377//3377
f 3377//3377 3401//3401 3404//3404
f 3377//3377 3404//3404 3378//3378
f 3378//3378 3404//3404 3406//3406
f 3378//3378 3406//3406 3379//3379
f 3379//3379 3406//3406 3409//3409
f 3379//3379 3409//3409 3380//3380
f 3380//3380 3409//3409 3411//3411
f 3380//3380 3411//3411 3381//3381
f 3381//3381 3411//3411 3413//3413
f 3381//3381 3413//3413 3382//3382
f 3382//3382 3413//3413 3416//3416
f 3564//3564 3519//3519 3565//3565
f 3565//3565 3519//3519 3516//3516
f 3565//3565 3516//3516 3566//3566
f 3516//3516 3515//3515 3566//3566
f 3566//3566 3515//3515 3512//3512
f 3566//3566 3512//3512 3567//3567
f 3512//3512 3513//3513 3567//3567
f 3567//3567 3513//3513 3514//3514
f 3567//3567 3514//3514 3568//3568
f 3568//3568 3514//3514 3511//3511
f 3568//3568 3511//3511 3569//3569
f 3511//3511 3510//3510 3569//3569
f 3569//3569 3510//3510 3507//3507
f 3569//3569 3507//3507 3570//3570
f 3507//3507 3508//3508 3570//3570
f 3570//3570 3508//3508 3509//3509
f 3570//3570 3509//3509 3571//3571
f 3509//3509 3506//3506 3571//3571
f 3571//3571 3506//3506 3505//3505
f 3571//3571 3505//3505 3572//3572
f 3572//3572 3505//3505 3504//3504
f 3572//3572 3504//3504 3573//3573
f 3504//3504 3503//3503 3573//3573
f 3573//3573 3503//3503 3500//3500
f 3573//3573 3500//3500 3574//3574
f 3500//3500 3501//3501 3574//3574
f 3574//3574 3501//3501 3502//3502
f 3574//3574 3502//3502 3575//3575
f 3575//3575 3502//3502 3499//3499
f 3575//3575 3499//3499 3576//3576
f 3499//3499 3498//3498 3576//3576
f 3576//3576 3498//3498 3495//3495
f 3576//3576 3495//3495 3577//3577
f 3495//3495 3496//3496 3577//3577
f 3577//3577 3496//3496 3497//3497
f 3577//3577 3497//3497 3578//3578
f 3578//3578 3497//3497 3494//3494
f 3578//3578 3494//3494 3579//3579
f 3494//3494 3493//3493 3579//3579
f 3579//3579 3493//3493 3490//3490
f 3579//3579 3490//3490 3580//3580
f 3490//3490 3491//3491 3580//3580
f 3580//3580 3491//3491 3492//3492
f 3580//3580 3492//3492 3581//3581
f 3492//3492 3489//3489 3581//3581
f 3581//3581 3489//3489 3488//3488
f 3581//3581 3488//3488 3582//3582
f 3582//3582 3488//3488 3487//3487
f 3582//3582 3487//3487 3583//3583
f 3487//3487 3486//3486 3583//3583
f 3583//3583 3486//3486 3483//3483
f 3583//3583 3483//3483 3584//3584
f 3483//3483 3484//3484 3584//3584
f 3584//3584 3484//3484 3485//3485
f 3584//3584 3485//3485 3585//3585
f 3585//3585 3485//3485 3482//3482
f 3585//3585 3482//3482 3586//3586
f 3482//3482 3481//3481 3586//3586
f 3586//3586 3481//3481 3478//3478
f 3586//3586 3478//3478 3587//3587
f 3478//3478 3479//3479 3587//3587
f 3587//3587 3479//3479 3480//3480
f 3587//3587 3480//3480 3588//3588
f 3588//3588 3480//3480 3477//3477
f 3588//3588 3477//3477 3589//3589
f 3563//3563 3590//3590 3591//3591
f 3477//3477 3476//3476 3589//3589
f 3589//3589 3476//3476 3474//3474
f 3589//3589 3474//3474 3591//3591
f 3591//3591 3474//3474 3475//3475
f 3591//3591 3475//3475 3563//3563
f 3563//3563 3562//3562 3590//3590
f 3590//3590 3562//3562 3561//3561
f 3590//3590 3561//3561 3592//3592
f 3592//3592 3561//3561 3560//3560
f 3592//3592 3560//3560 3593//3593
f 3560//3560 3559//3559 3593//3593
f 3593//3593 3559//3559 3556//3556
f 3593//3593 3556//3556 3594//3594
f 3556//3556 3557//3557 3594//3594
f 3594//3594 3557//3557 3558//3558
f 3594//3594 3558//3558 3595//3595
f 3595//3595 3558//3558 3555//3555
f 3595//3595 3555//3555 3596//3596
f 3555//3555 3554//3554 3596//3596
f 3596//3596 3554//3554 3551//3551
f 3596//3596 3551//3551 3597//3597
f 3551//3551 3552//3552 3597//3597
f 3597//3597 3552//3552 3553//3553
f 3597//3597 3553//3553 3598//3598
f 3598//3598 3553//3553 3550//3550
f 3598//3598 3550//3550 3599//3599
f 3550//3550 3549//3549 3599//3599
f 3599//3599 3549//3549 3546//3546
f 3599//3599 3546//3546 3600//3600
f 3546//3546 3547//3547 3600//3600
f 3600//3600 3547//3547 3548//3548
f 3600//3600 3548//3548 3601//3601
f 3601//3601 3548//3548 3545//3545
f 3601//3601 3545//3545 3602//3602
f 3545//3545 3544//3544 3602//3602
f 3602//3602 3544//3544 3543//3543
f 3602//3602 3543//3543 3603//3603
f 3543//3543 3542//3542 3603//3603
f 3603//3603 3542//3542 3539//3539
f 3603//3603 3539//3539 3604//3604
f 3539//3539 3540//3540 3604//3604
f 3604//3604 3540//3540 3541//3541
f 3604//3604 3541//3541 3605//3605
f 3605//3605 3541//3541 3538//3538
f 3605//3605 3538//3538 3606//3606
f 3538//3538 3537//3537 3606//3606
f 3606//3606 3537//3537 3534//3534
f 3606//3606 3534//3534 3607//3607
f 3534//3534 3535//3535 3607//3607
f 3607//3607 3535//3535 3536//3536
f 3607//3607 3536//3536 3608//3608
f 3608//3608 3536//3536 3533//3533
f 3608//3608 3533//3533 3609//3609
f 3533//3533 3532//3532 3609//3609
f 3609//3609 3532//3532 3529//3529
f 3609//3609 3529//3529 3610//3610
f 3529//3529 3530//3530 3610//3610
f 3610//3610 3530//3530 3531//3531
f 3610//3610 3531//3531 3611//3611
f 3611//3611 3531//3531 3528//3528
f 3611//3611 3528//3528 3612//3612
f 3528//3528 3527//3527 3612//3612
f 3612//3612 3527//3527 3526//3526
f 3612//3612 3526//3526 3613//3613
f 3526//3526 3525//3525 3613//3613
f 3613//3613 3525//3525 3522//3522
f 3613//3613 3522//3522 3614//3614
f 3522//3522 3523//3523 3614//3614
f 3614//3614 3523//3523 3524//3524
f 3614//3614 3524//3524 3615//3615
f 3615//3615 3524//3524 3521//3521
f 3615//3615 3521//3521 3616//3616
f 3521//3521 3520//3520 3616//3616
f 3616//3616 3520//3520 3517//3517
f 3616//3616 3517//3517 3564//3564
f 3564//3564 3517//3517 3518//3518
f 3564//3564 3518//3518 3519//3519
f 3616//3616 3617//3617 3615//3615
f 3615//3615 3617//3617 3618//3618
f 3615//3615 3618//3618 3614//3614
f 3614//3614 3618//3618 3619//3619
f 3614//3614 3619//3619 3613//3613
f 3613//3613 3619//3619 3620//3620
f 3613//3613 3620//3620 3612//3612
f 3612//3612 3620//3620 3621//3621
f 3612//3612 3621//3621 3611//3611
f 3611//3611 3621//3621 3622//3622
f 3611//3611 3622//3622 3610//3610
f 3610//3610 3622//3622 3623//3623
f 3610//3610 3623//3623 3609//3609
f 3609//3609 3623//3623 3624//3624
f 3609//3609 3624//3624 3608//3608
f 3608//3608 3624//3624 3625//3625
f 3608//3608 3625//3625 3607//3607
f 3607//3607 3625//3625 3626//3626
f 3607//3607 3626//3626 3606//3606
f 3606//3606 3626//3626 3627//3627
f 3606//3606 3627//3627 3605//3605
f 3605//3605 3627//3627 3628//3628
f 3605//3605 3628//3628 3604//3604
f 3604//3604 3628//3628 3629//3629
f 3604//3604 3629//3629 3603//3603
f 3603//3603 3629//3629 3630//3630
f 3603//3603 3630//3630 3602//3602
f 3602//3602 3630//3630 3631//3631
f 3602//3602 3631//3631 3601//3601
f 3601//3601 3631//3631 3632//3632
f 3601//3601 3632//3632 3600//3600
f 3600//3600 3632//3632 3633//3633
f 3600//3600 3633//3633 3599//3599
f 3599//3599 3633//3633 3634//3634
f 3599//3599 3634//3634 3598//3598
f 3598//3598 3634//3634 3635//3635
f 3598//3598 3635//3635 3597//3597
f 3597//3597 3635//3635 3636//3636
f 3597//3597 3636//3636 3596//3596
f 3596//3596 3636//3636 3637//3637
f 3596//3596 3637//3637 3595//3595
f 3595//3595 3637//3637 3638//3638
f 3595//3595 3638//3638 3594//3594
f 3594//3594 3638//3638 3639//3639
f 3594//3594 3639//3639 3593//3593
f 3593//3593 3639//3639 3640//3640
f 3593//3593 3640//3640 3592//3592
f 3592//3592 3640//3640 3641//3641
f 3592//3592 3641//3641 3590//3590
f 3590//3590 3641//3641 3642//3642
f 3590//3590 3642//3642 3591//3591
f 3591//3591 3642//3642 3643//3643
f 3591//3591 3643//3643 3589//3589
f 3589//3589 3643//3643 3644//3644
f 3589//3589 3644//3644 3588//3588
f 3588//3588 3644//3644 3645//3645
f 3588//3588 3645//3645 3587//3587
f 3587//3587 3645//3645 3646//3646
f 3587//3587 3646//3646 3586//3586
f 3586//3586 3646//3646 3647//3647
f 3586//3586 3647//3647 3585//3585
f 3585//3585 3647//3647 3648//3648
f 3585//3585 3648//3648 3584//3584
f 3584//3584 3648//3648 3649//3649
f 3584//3584 3649//3649 3583//3583
f 3583//3583 3649//3649 3650//3650
f 3583//3583 3650//3650 3582//3582
f 3582//3582 3650//3650 3651//3651
f 3582//3582 3651//3651 3581//3581
f 3581//3581 3651//3651 3652//3652
f 3581//3581 3652//3652 3580//3580
f 3580//3580 3652//3652 3653//3653
f 3580//3580 3653//3653 3579//3579
f 3579//3579 3653//3653 3654//3654
f 3579//3579 3654//3654 3578//3578
f 3578//3578 3654//3654 3655//3655
f 3578//3578 3655//3655 3577//3577
f 3577//3577 3655//3655 3656//3656
f 3577//3577 3656//3656 3576//3576
f 3576//3576 3656//3656 3657//3657
f 3576//3576 3657//3657 3575//3575
f 3575//3575 3657//3657 3658//3658
f 3575//3575 3658//3658 3574//3574
f 3574//3574 3658//3658 3659//3659
f 3574//3574 3659//3659 3573//3573
f 3573//3573 3659//3659 3660//3660
f 3573//3573 3660//3660 3572//3572
f 3572//3572 3660//3660 3661//3661
f 3572//3572 3661//3661 3571//3571
f 3571//3571 3661//3661 3662//3662
f 3571//3571 3662//3662 3570//3570
f 3570//3570 3662//3662 3663//3663
f 3570//3570 3663//3663 3569//3569
f 3569//3569 3663//3663 3664//3664
f 3569//3569 3664//3664 3568//3568
f 3568//3568 3664//3664 3665//3665
f 3568//3568 3665//3665 3567//3567
f 3567//3567 3665//3665 3666//3666
f 3567//3567 3666//3666 3566//3566
f 3566//3566 3666//3666 3667//3667
f 3566//3566 3667//3667 3565//3565
f 3565//3565 3667//3667 3668//3668
f 3565//3565 3668//3668 3564//3564
f 3564//3564 3668//3668 3669//3669
f 3564//3564 3669//3669 3616//3616
f 3616//3616 3669//3669 3617//3617
f 3617//3617 3670//3670 3618//3618
f 3618//3618 3670//3670 3671//3671
f 3618//3618 3671//3671 3619//3619
f 3619//3619 3671//3671 3672//3672
f 3619//3619 3672//3672 3620//3620
f 3620//3620 3672//3672 3673//3673
f 3620//3620 3673//3673 3621//3621
f 3621//3621 3673//3673 3674//3674
f 3621//3621 3674//3674 3622//3622
f 3622//3622 3674//3674 3675//3675
f 3622//3622 3675//3675 3623//3623
f 3623//3623 3675//3675 3676//3676
f 3623//3623 3676//3676 3624//3624
f 3624//3624 3676//3676 3677//3677
f 3624//3624 3677//3677 3625//3625
f 3625//3625 3677//3677 3678//3678
f 3625//3625 3678//3678 3626//3626
f 3626//3626 3678//3678 3679//3679
f 3626//3626 3679//3679 3627//3627
f 3627//3627 3679//3679 3680//3680
f 3627//3627 3680//3680 3628//3628
f 3628//3628 3680//3680 3681//3681
f 3628//3628 3681//3681 3629//3629
f 3629//3629 3681//3681 3682//3682
f 3629//3629 3682//3682 3630//3630
f 3630//3630 3682//3682 3683//3683
f 3630//3630 3683//3683 3631//3631
f 3631//3631 3683//3683 3684//3684
f 3631//3631 3684//3684 3632//3632
f 3632//3632 3684//3684 3685//3685
f 3632//3632 3685//3685 3633//3633
f 3633//3633 3685//3685 3686//3686
f 3633//3633 3686//3686 3634//3634
f 3634//3634 3686//3686 3687//3687
f 3634//3634 3687//3687 3635//3635
f 3635//3635 3687//3687 3688//3688
f 3635//3635 3688//3688 3636//3636
f 3636//3636 3688//3688 3689//3689
f 3636//3636 3689//3689 3637//3637
f 3637//3637 3689//3689 3690//3690
f 3637//3637 3690//3690 3638//3638
f 3638//3638 3690//3690 3691//3691
f 3638//3638 3691//3691 3639//3639
f 3639//3639 3691//3691 3692//3692
f 3639//3639 3692//3692 3640//3640
f 3640//3640 3692//3692 3693//3693
f 3640//3640 3693//3693 3641//3641
f 3641//3641 3693//3693 3694//3694
f 3641//3641 3694//3694 3642//3642
f 3642//3642 3694//3694 3695//3695
f 3642//3642 3695//3695 3643//3643
f 3643//3643 3695//3695 3696//3696
f 3643//3643 3696//3696 3644//3644
f 3644//3644 3696//3696 3697//3697
f 3644//3644 3697//3697 3645//3645
f 3645//3645 3697//3697 3698//3698
f 3645//3645 3698//3698 3646//3646
f 3646//3646 3698//3698 3699//3699
f 3646//3646 3699//3699 3647//3647
f 3647//3647 3699//3699 3700//3700
f 3647//3647 3700//3700 3648//3648
f 3648//3648 3700//3700 3701//3701
f 3648//3648 3701//3701 3649//3649
f 3649//3649 3701//3701 3702//3702
f 3649//3649 3702//3702 3650//3650
f 3650//3650 3702//3702 3703//3703
f 3650//3650 3703//3703 3651//3651
f 3651//3651 3703//3703 3704//3704
f 3651//3651 3704//3704 3652//3652
f 3652//3652 3704//3704 3705//3705
f 3652//3652 3705//3705 3653//3653
f 3653//3653 3705//3705 3706//3706
f 3653//3653 3706//3706 3654//3654
f 3654//3654 3706//3706 3707//3707
f 3654//3654 3707//3707 3655//3655
f 3655//3655 3707//3707 3708//3708
f 3655//3655 3708//3708 3656//3656
f 3656//3656 3708//3708 3709//3709
f 3656//3656 3709//3709 3657//3657
f 3657//3657 3709//3709 3710//3710
f 3657//3657 3710//3710 3658//3658
f 3658//3658 3710//3710 3711//3711
f 3658//3658 3711//3711 3659//3659
f 3659//3659 3711//3711 3712//3712
f 3659//3659 3712//3712 3660//3660
f 3660//3660 3712//3712 3713//3713
f 3660//3660 3713//3713 3661//3661
f 3661//3661 3713//3713 3714//3714
f 3661//3661 3714//3714 3662//3662
f 3662//3662 3714//3714 3715//3715
f 3662//3662 3715//3715 3663//3663
f 3663//3663 3715//3715 3716//3716
f 3663//3663 3716//3716 3664//3664
f 3664//3664 3716//3716 3717//3717
f 3664//3664 3717//3717 3665//3665
f 3665//3665 3717//3717 3718//3718
f 3665//3665 3718//3718 3666//3666
f 3666//3666 3718//3718 3719//3719
f 3666//3666 3719//3719 3667//3667
f 3667//3667 3719//3719 3720//3720
f 3667//3667 3720//3720 3668//3668
f 3668//3668 3720//3720 3721//3721
f 3668//3668 3721//3721 3669//3669
f 3669//3669 3721//3721 3722//3722
f 3669//3669 3722//3722 3617//3617
f 3617//3617 3722//3722 3670//3670
f 3670//3670 3470//3470 3671//3671
f 3671//3671 3470//3470 3468//3468
f 3671//3671 3468//3468 3672//3672
f 3672//3672 3468//3468 3467//3467
f 3672//3672 3467//3467 3673//3673
f 3673//3673 3467//3467 3465//3465
f 3673//3673 3465//3465 3674//3674
f 3674//3674 3465//3465 3463//3463
f 3674//3674 3463//3463 3675//3675
f 3675//3675 3463//3463 3462//3462
f 3675//3675 3462//3462 3676//3676
f 3676//3676 3462//3462 3455//3455
f 3676//3676 3455//3455 3677//3677
f 3677//3677 3455//3455 3453//3453
f 3677//3677 3453//3453 3678//3678
f 3678//3678 3453//3453 3451//3451
f 3678//3678 3451//3451 3679//3679
f 3679//3679 3451//3451 3450//3450
f 3679//3679 3450//3450 3680//3680
f 3680//3680 3450//3450 3441//3441
f 3680//3680 3441//3441 3681//3681
f 3681//3681 3441//3441 3439//3439
f 3681//3681 3439//3439 3682//3682
f 3682//3682 3439//3439 3438//3438
f 3682//3682 3438//3438 3683//3683
f 3683//3683 3438//3438 3436//3436
f 3683//3683 3436//3436 3684//3684
f 3684//3684 3436//3436 3434//3434
f 3684//3684 3434//3434 3685//3685
f 3685//3685 3434//3434 3432//3432
f 3685//3685 3432//3432 3686//3686
f 3686//3686 3432//3432 3431//3431
f 3686//3686 3431//3431 3687//3687
f 3687//3687 3431//3431 3422//3422
f 3687//3687 3422//3422 3688//3688
f 3688//3688 3422//3422 3420//3420
f 3688//3688 3420//3420 3689//3689
f 3689//3689 3420//3420 3430//3430
f 3689//3689 3430//3430 3690//3690
f 3690//3690 3430//3430 3429//3429
f 3690//3690 3429//3429 3691//3691
f 3691//3691 3429//3429 3427//3427
f 3691//3691 3427//3427 3692//3692
f 3692//3692 3427//3427 3425//3425
f 3692//3692 3425//3425 3693//3693
f 3693//3693 3425//3425 3424//3424
f 3693//3693 3424//3424 3694//3694
f 3694//3694 3424//3424 3417//3417
f 3694//3694 3417//3417 3695//3695
f 3695//3695 3417//3417 3415//3415
f 3695//3695 3415//3415 3696//3696
f 3696//3696 3415//3415 3414//3414
f 3696//3696 3414//3414 3697//3697
f 3697//3697 3414//3414 3412//3412
f 3697//3697 3412//3412 3698//3698
f 3698//3698 3412//3412 3410//3410
f 3698//3698 3410//3410 3699//3699
f 3699//3699 3410//3410 3408//3408
f 3699//3699 3408//3408 3700//3700
f 3700//3700 3408//3408 3407//3407
f 3700//3700 3407//3407 3701//3701
f 3701//3701 3407//3407 3405//3405
f 3701//3701 3405//3405 3702//3702
f 3702//3702 3405//3405 3403//3403
f 3702//3702 3403//3403 3703//3703
f 3703//3703 3403//3403 3402//3402
f 3703//3703 3402//3402 3704//3704
f 3704//3704 3402//3402 3400//3400
f 3704//3704 3400//3400 3705//3705
f 3705//3705 3400//3400 3398//3398
f 3705//3705 3398//3398 3706//3706
f 3706//3706 3398//3398 3396//3396
f 3706//3706 3396//3396 3707//3707
f 3707//3707 3396//3396 3449//3449
f 3707//3707 3449//3449 3708//3708
f 3708//3708 3449//3449 3448//3448
f 3708//3708 3448//3448 3709//3709
f 3709//3709 3448//3448 3446//3446
f 3709//3709 3446//3446 3710//3710
f 3710//3710 3446//3446 3444//3444
f 3710//3710 3444//3444 3711//3711
f 3711//3711 3444//3444 3443//3443
f 3711//3711 3443//3443 3712//3712
f 3712//3712 3443//3443 3393//3393
f 3712//3712 3393//3393 3713//3713
f 3713//3713 3393//3393 3391//3391
f 3713//3713 3391//3391 3714//3714
f 3714//3714 3391//3391 3390//3390
f 3714//3714 3390//3390 3715//3715
f 3715//3715 3390//3390 3388//3388
f 3715//3715 3388//3388 3716//3716
f 3716//3716 3388//3388 3386//3386
f 3716//3716 3386//3386 3717//3717
f 3717//3717 3386//3386 3384//3384
f 3717//3717 3384//3384 3718//3718
f 3718//3718 3384//3384 3461//3461
f 3718//3718 3461//3461 3719//3719
f 3719//3719 3461//3461 3460//3460
f 3719//3719 3460//3460 3720//3720
f 3720//3720 3460//3460 3458//3458
f 3720//3720 3458//3458 3721//3721
f 3721//3721 3458//3458 3473//3473
f 3721//3721 3473//3473 3722//3722
f 3722//3722 3473//3473 3472//3472
f 3722//3722 3472//3472 3670//3670
f 3670//3670 3472//3472 3470//3470
f 3179//3179 3178//3178 3250//3250
f 3250//3250 3248//3248 3179//3179
f 3179//3179 3248//3248 3247//3247
f 3179//3179 3247//3247 3180//3180
f 3180//3180 3247//3247 3245//3245
f 3180//3180 3245//3245 3181//3181
f 3245//3245 3244//3244 3181//3181
f 3181//3181 3244//3244 3242//3242
f 3181//3181 3242//3242 3182//3182
f 3242//3242 3241//3241 3182//3182
f 3182//3182 3241//3241 3239//3239
f 3182//3182 3239//3239 3183//3183
f 3239//3239 3238//3238 3183//3183
f 3183//3183 3238//3238 3236//3236
f 3183//3183 3236//3236 3184//3184
f 3184//3184 3236//3236 3235//3235
f 3235//3235 3233//3233 3184//3184
f 3184//3184 3233//3233 3232//3232
f 3184//3184 3232//3232 3185//3185
f 3232//3232 3230//3230 3185//3185
f 3185//3185 3230//3230 3229//3229
f 3185//3185 3229//3229 3186//3186
f 3229//3229 3227//3227 3186//3186
f 3186//3186 3227//3227 3226//3226
f 3186//3186 3226//3226 3188//3188
f 3226//3226 3224//3224 3188//3188
f 3188//3188 3224//3224 3223//3223
f 3188//3188 3223//3223 3189//3189
f 3223//3223 3221//3221 3189//3189
f 3189//3189 3221//3221 3220//3220
f 3189//3189 3220//3220 3190//3190
f 3220//3220 3218//3218 3190//3190
f 3190//3190 3218//3218 3217//3217
f 3190//3190 3217//3217 3191//3191
f 3217//3217 3215//3215 3191//3191
f 3191//3191 3215//3215 3214//3214
f 3191//3191 3214//3214 3192//3192
f 3214//3214 3212//3212 3192//3192
f 3192//3192 3212//3212 3211//3211
f 3192//3192 3211//3211 3193//3193
f 3211//3211 3209//3209 3193//3193
f 3193//3193 3209//3209 3208//3208
f 3193//3193 3208//3208 3194//3194
f 3208//3208 3206//3206 3194//3194
f 3194//3194 3206//3206 3205//3205
f 3194//3194 3205//3205 3195//3195
f 3205//3205 3203//3203 3195//3195
f 3195//3195 3203//3203 3202//3202
f 3195//3195 3202//3202 3156//3156
f 3202//3202 3200//3200 3156//3156
f 3156//3156 3200//3200 3199//3199
f 3156//3156 3199//3199 3157//3157
f 3157//3157 3199//3199 3198//3198
f 3157//3157 3198//3198 3158//3158
f 3158//3158 3198//3198 3306//3306
f 3158//3158 3306//3306 3159//3159
f 3159//3159 3306//3306 3305//3305
f 3159//3159 3305//3305 3160//3160
f 3305//3305 3304//3304 3160//3160
f 3160//3160 3304//3304 3302//3302
f 3160//3160 3302//3302 3161//3161
f 3302//3302 3301//3301 3161//3161
f 3161//3161 3301//3301 3299//3299
f 3161//3161 3299//3299 3162//3162
f 3299//3299 3298//3298 3162//3162
f 3162//3162 3298//3298 3296//3296
f 3162//3162 3296//3296 3163//3163
f 3296//3296 3295//3295 3163//3163
f 3163//3163 3295//3295 3293//3293
f 3163//3163 3293//3293 3164//3164
f 3293//3293 3292//3292 3164//3164
f 3164//3164 3292//3292 3290//3290
f 3164//3164 3290//3290 3165//3165
f 3290//3290 3289//3289 3165//3165
f 3165//3165 3289//3289 3287//3287
f 3165//3165 3287//3287 3166//3166
f 3166//3166 3287//3287 3286//3286
f 3286//3286 3284//3284 3166//3166
f 3166//3166 3284//3284 3283//3283
f 3166//3166 3283//3283 3167//3167
f 3283//3283 3281//3281 3167//3167
f 3167//3167 3281//3281 3280//3280
f 3167//3167 3280//3280 3169//3169
f 3280//3280 3278//3278 3169//3169
f 3169//3169 3278//3278 3277//3277
f 3169//3169 3277//3277 3170//3170
f 3277//3277 3275//3275 3170//3170
f 3170//3170 3275//3275 3274//3274
f 3170//3170 3274//3274 3171//3171
f 3274//3274 3272//3272 3171//3171
f 3171//3171 3272//3272 3271//3271
f 3171//3171 3271//3271 3172//3172
f 3271//3271 3269//3269 3172//3172
f 3172//3172 3269//3269 3268//3268
f 3172//3172 3268//3268 3173//3173
f 3268//3268 3266//3266 3173//3173
f 3173//3173 3266//3266 3265//3265
f 3173//3173 3265//3265 3174//3174
f 3265//3265 3263//3263 3174//3174
f 3174//3174 3263//3263 3262//3262
f 3174//3174 3262//3262 3175//3175
f 3262//3262 3260//3260 3175//3175
f 3175//3175 3260//3260 3259//3259
f 3175//3175 3259//3259 3176//3176
f 3259//3259 3257//3257 3176//3176
f 3176//3176 3257//3257 3256//3256
f 3176//3176 3256//3256 3177//3177
f 3256//3256 3254//3254 3177//3177
f 3177//3177 3254//3254 3253//3253
f 3177//3177 3253//3253 3178//3178
f 3178//3178 3253//3253 3251//3251
f 3178//3178 3251//3251 3250//3250
f 3118//3118 3015//3015 3116//3116
f 3116//3116 3015//3015 3017//3017
f 3116//3116 3017//3017 3114//3114
f 3114//3114 3017//3017 3019//3019
f 3114//3114 3019//3019 3112//3112
f 3112//3112 3019//3019 3021//3021
f 3112//3112 3021//3021 3110//3110
f 3110//3110 3021//3021 3023//3023
f 3110//3110 3023//3023 3108//3108
f 3108//3108 3023//3023 3025//3025
f 3108//3108 3025//3025 3106//3106
f 3106//3106 3025//3025 3027//3027
f 3106//3106 3027//3027 3104//3104
f 3104//3104 3027//3027 3029//3029
f 3104//3104 3029//3029 3723//3723
f 3723//3723 3029//3029 3724//3724
f 3723//3723 3724//3724 3100//3100
f 3100//3100 3724//3724 3033//3033
f 3100//3100 3033//3033 3098//3098
f 3098//3098 3033//3033 3035//3035
f 3098//3098 3035//3035 3096//3096
f 3096//3096 3035//3035 3037//3037
f 3096//3096 3037//3037 3094//3094
f 3094//3094 3037//3037 3039//3039
f 3094//3094 3039//3039 3092//3092
f 3092//3092 3039//3039 3041//3041
f 3092//3092 3041//3041 3090//3090
f 3090//3090 3041//3041 3043//3043
f 3090//3090 3043//3043 3088//3088
f 3088//3088 3043//3043 3045//3045
f 3088//3088 3045//3045 3086//3086
f 3086//3086 3045//3045 3047//3047
f 3086//3086 3047//3047 3084//3084
f 3084//3084 3047//3047 3049//3049
f 3084//3084 3049//3049 3154//3154
f 3154//3154 3049//3049 3051//3051
f 3154//3154 3051//3051 3152//3152
f 3152//3152 3051//3051 3053//3053
f 3152//3152 3053//3053 3150//3150
f 3150//3150 3053//3053 3055//3055
f 3150//3150 3055//3055 3148//3148
f 3148//3148 3055//3055 3057//3057
f 3148//3148 3057//3057 3146//3146
f 3146//3146 3057//3057 3059//3059
f 3146//3146 3059//3059 3144//3144
f 3144//3144 3059//3059 3061//3061
f 3144//3144 3061//3061 3142//3142
f 3142//3142 3061//3061 3063//3063
f 3142//3142 3063//3063 3140//3140
f 3140//3140 3063//3063 3065//3065
f 3140//3140 3065//3065 3725//3725
f 3725//3725 3065//3065 3726//3726
f 3725//3725 3726//3726 3136//3136
f 3136//3136 3726//3726 3069//3069
f 3136//3136 3069//3069 3134//3134
f 3134//3134 3069//3069 3071//3071
f 3134//3134 3071//3071 3132//3132
f 3132//3132 3071//3071 3073//3073
f 3132//3132 3073//3073 3130//3130
f 3130//3130 3073//3073 3075//3075
f 3130//3130 3075//3075 3128//3128
f 3128//3128 3075//3075 3077//3077
f 3128//3128 3077//3077 3126//3126
f 3126//3126 3077//3077 3079//3079
f 3126//3126 3079//3079 3124//3124
f 3124//3124 3079//3079 3081//3081
f 3124//3124 3081//3081 3122//3122
f 3122//3122 3081//3081 3083//3083
f 3122//3122 3083//3083 3120//3120
f 3120//3120 3083//3083 3013//3013
f 3120//3120 3013//3013 3118//3118
f 3118//3118 3013//3013 3015//3015
f 3727//3727 3728//3728 3729//3729
f 3729//3729 3728//3728 3730//3730
f 3729//3729 3730//3730 3731//3731
f 3731//3731 3730//3730 3732//3732
f 3731//3731 3732//3732 3733//3733
f 3733//3733 3732//3732 3734//3734
f 3733//3733 3734//3734 3735//3735
f 3735//3735 3734//3734 3736//3736
f 3735//3735 3736//3736 3737//3737
f 3737//3737 3736//3736 3738//3738
f 3737//3737 3738//3738 3739//3739
f 3739//3739 3738//3738 3740//3740
f 3739//3739 3740//3740 3741//3741
f 3741//3741 3740//3740 3742//3742
f 3741//3741 3742//3742 3743//3743
f 3743//3743 3742//3742 3744//3744
f 3743//3743 3744//3744 3745//3745
f 3745//3745 3744//3744 3746//3746
f 3745//3745 3746//3746 3747//3747
f 3747//3747 3746//3746 3748//3748
f 3747//3747 3748//3748 3749//3749
f 3749//3749 3748//3748 3750//3750
f 3749//3749 3750//3750 3751//3751
f 3751//3751 3750//3750 3752//3752
f 3751//3751 3752//3752 3753//3753
f 3753//3753 3752//3752 3754//3754
f 3753//3753 3754//3754 3755//3755
f 3755//3755 3754//3754 3756//3756
f 3755//3755 3756//3756 3757//3757
f 3757//3757 3756//3756 3758//3758
f 3757//3757 3758//3758 3759//3759
f 3759//3759 3758//3758 3760//3760
f 3759//3759 3760//3760 3761//3761
f 3761//3761 3760//3760 3762//3762
f 3761//3761 3762//3762 3763//3763
f 3763//3763 3762//3762 3764//3764
f 3763//3763 3764//3764 3765//3765
f 3765//3765 3764//3764 3766//3766
f 3765//3765 3766//3766 3767//3767
f 3767//3767 3766//3766 3768//3768
f 3767//3767 3768//3768 3769//3769
f 3769//3769 3768//3768 3770//3770
f 3769//3769 3770//3770 3771//3771
f 3771//3771 3770//3770 3772//3772
f 3771//3771 3772//3772 3773//3773
f 3773//3773 3772//3772 3774//3774
f 3773//3773 3774//3774 3775//3775
f 3775//3775 3774//3774 3776//3776
f 3775//3775 3776//3776 3777//3777
f 3777//3777 3776//3776 3778//3778
f 3777//3777 3778//3778 3779//3779
f 3779//3779 3778//3778 3780//3780
f 3779//3779 3780//3780 3781//3781
f 3781//3781 3780//3780 3782//3782
f 3781//3781 3782//3782 3783//3783
f 3783//3783 3782//3782 3784//3784
f 3783//3783 3784//3784 3785//3785
f 3785//3785 3784//3784 3786//3786
f 3785//3785 3786//3786 3787//3787
f 3787//3787 3786//3786 3788//3788
f 3787//3787 3788//3788 3789//3789
f 3789//3789 3788//3788 3790//3790
f 3789//3789 3790//3790 3791//3791
f 3791//3791 3790//3790 3792//3792
f 3791//3791 3792//3792 3793//3793
f 3793//3793 3792//3792 3794//3794
f 3793//3793 3794//3794 3795//3795
f 3795//3795 3794//3794 3796//3796
f 3795//3795 3796//3796 3797//3797
f 3797//3797 3796//3796 3798//3798
f 3797//3797 3798//3798 3799//3799
f 3799//3799 3798//3798 3727//3727
f 3799//3799 3727//3727 3729//3729
f 3800//3800 3801//3801 3802//3802
f 3802//3802 3801//3801 3803//3803
f 3802//3802 3803//3803 3804//3804
f 3804//3804 3803//3803 3805//3805
f 3804//3804 3805//3805 3806//3806
f 3806//3806 3805//3805 3807//3807
f 3806//3806 3807//3807 3808//3808
f 3808//3808 3807//3807 3809//3809
f 3808//3808 3809//3809 3810//3810
f 3810//3810 3809//3809 3811//3811
f 3810//3810 3811//3811 3812//3812
f 3812//3812 3811//3811 3813//3813
f 3812//3812 3813//3813 3814//3814
f 3814//3814 3813//3813 3815//3815
f 3814//3814 3815//3815 3816//3816
f 3816//3816 3815//3815 3817//3817
f 3816//3816 3817//3817 3818//3818
f 3818//3818 3817//3817 3819//3819
f 3818//3818 3819//3819 3820//3820
f 3820//3820 3819//3819 3821//3821
f 3820//3820 3821//3821 3822//3822
f 3822//3822 3821//3821 3823//3823
f 3822//3822 3823//3823 3824//3824
f 3824//3824 3823//3823 3825//3825
f 3824//3824 3825//3825 3826//3826
f 3826//3826 3825//3825 3827//3827
f 3826//3826 3827//3827 3828//3828
f 3828//3828 3827//3827 3829//3829
f 3828//3828 3829//3829 3830//3830
f 3830//3830 3829//3829 3831//3831
f 3830//3830 3831//3831 3832//3832
f 3832//3832 3831//3831 3833//3833
f 3832//3832 3833//3833 3834//3834
f 3834//3834 3833//3833 3835//3835
f 3834//3834 3835//3835 3836//3836
f 3836//3836 3835//3835 3837//3837
f 3836//3836 3837//3837 3838//3838
f 3838//3838 3837//3837 3839//3839
f 3838//3838 3839//3839 3840//3840
f 3840//3840 3839//3839 3841//3841
f 3840//3840 3841//3841 3842//3842
f 3842//3842 3841//3841 3843//3843
f 3842//3842 3843//3843 3844//3844
f 3844//3844 3843//3843 3845//3845
f 3844//3844 3845//3845 3846//3846
f 3846//3846 3845//3845 3847//3847
f 3846//3846 3847//3847 3848//3848
f 3848//3848 3847//3847 3849//3849
f 3848//3848 3849//3849 3850//3850
f 3850//3850 3849//3849 3851//3851
f 3850//3850 3851//3851 3852//3852
f 3852//3852 3851//3851 3853//3853
f 3852//3852 3853//3853 3854//3854
f 3854//3854 3853//3853 3855//3855
f 3854//3854 3855//3855 3856//3856
f 3856//3856 3855//3855 3857//3857
f 3856//3856 3857//3857 3858//3858
f 3858//3858 3857//3857 3859//3859
f 3858//3858 3859//3859 3860//3860
f 3860//3860 3859//3859 3861//3861
f 3860//3860 3861//3861 3862//3862
f 3862//3862 3861//3861 3863//3863
f 3862//3862 3863//3863 3864//3864
f 3864//3864 3863//3863 3865//3865
f 3864//3864 3865//3865 3866//3866
f 3866//3866 3865//3865 3867//3867
f 3866//3866 3867//3867 3868//3868
f 3868//3868 3867//3867 3869//3869
f 3868//3868 3869//3869 3870//3870
f 3870//3870 3869//3869 3871//3871
f 3870//3870 3871//3871 3800//3800
f 3800//3800 3871//3871 3801//3801
f 3869//3869 3872//3872 3871//3871
f 3871//3871 3872//3872 3873//3873
f 3871//3871 3873//3873 3801//3801
f 3873//3873 3874//3874 3801//3801
f 3801//3801 3874//3874 3875//3875
f 3801//3801 3875//3875 3803//3803
f 3803//3803 3875//3875 3876//3876
f 3803//3803 3876//3876 3805//3805
f 3805//3805 3876//3876 3877//3877
f 3805//3805 3877//3877 3807//3807
f 3807//3807 3877//3877 3878//3878
f 3807//3807 3878//3878 3809//3809
f 3809//3809 3878//3878 3879//3879
f 3809//3809 3879//3879 3811//3811
f 3811//3811 3879//3879 3880//3880
f 3811//3811 3880//3880 3813//3813
f 3813//3813 3880//3880 3881//3881
f 3813//3813 3881//3881 3815//3815
f 3815//3815 3881//3881 3882//3882
f 3815//3815 3882//3882 3817//3817
f 3817//3817 3882//3882 3883//3883
f 3817//3817 3883//3883 3819//3819
f 3819//3819 3883//3883 3884//3884
f 3819//3819 3884//3884 3821//3821
f 3821//3821 3884//3884 3885//3885
f 3821//3821 3885//3885 3823//3823
f 3823//3823 3885//3885 3886//3886
f 3823//3823 3886//3886 3825//3825
f 3825//3825 3886//3886 3887//3887
f 3825//3825 3887//3887 3827//3827
f 3827//3827 3887//3887 3888//3888
f 3827//3827 3888//3888 3829//3829
f 3829//3829 3888//3888 3889//3889
f 3829//3829 3889//3889 3831//3831
f 3831//3831 3889//3889 3890//3890
f 3831//3831 3890//3890 3833//3833
f 3833//3833 3890//3890 3891//3891
f 3833//3833 3891//3891 3835//3835
f 3835//3835 3891//3891 3892//3892
f 3835//3835 3892//3892 3837//3837
f 3837//3837 3892//3892 3893//3893
f 3837//3837 3893//3893 3839//3839
f 3839//3839 3893//3893 3894//3894
f 3839//3839 3894//3894 3841//3841
f 3841//3841 3894//3894 3895//3895
f 3841//3841 3895//3895 3843//3843
f 3843//3843 3895//3895 3896//3896
f 3843//3843 3896//3896 3845//3845
f 3845//3845 3896//3896 3897//3897
f 3845//3845 3897//3897 3847//3847
f 3847//3847 3897//3897 3898//3898
f 3847//3847 3898//3898 3849//3849
f 3849//3849 3898//3898 3899//3899
f 3849//3849 3899//3899 3851//3851
f 3851//3851 3899//3899 3900//3900
f 3851//3851 3900//3900 3853//3853
f 3853//3853 3900//3900 3901//3901
f 3853//3853 3901//3901 3855//3855
f 3855//3855 3901//3901 3902//3902
f 3855//3855 3902//3902 3857//3857
f 3857//3857 3902//3902 3903//3903
f 3857//3857 3903//3903 3859//3859
f 3859//3859 3903//3903 3904//3904
f 3859//3859 3904//3904 3861//3861
f 3861//3861 3904//3904 3905//3905
f 3861//3861 3905//3905 3863//3863
f 3863//3863 3905//3905 3906//3906
f 3863//3863 3906//3906 3865//3865
f 3865//3865 3906//3906 3907//3907
f 3865//3865 3907//3907 3867//3867
f 3867//3867 3907//3907 3908//3908
f 3867//3867 3908//3908 3869//3869
f 3869//3869 3908//3908 3909//3909
f 3869//3869 3909//3909 3872//3872
f 3910//3910 3911//3911 3912//3912
f 3912//3912 3913//3913 3910//3910
f 3910//3910 3913//3913 3914//3914
f 3910//3910 3914//3914 3915//3915
f 3914//3914 3916//3916 3915//3915
f 3915//3915 3916//3916 3917//3917
f 3915//3915 3917//3917 3918//3918
f 3917//3917 3919//3919 3918//3918
f 3918//3918 3919//3919 3920//3920
f 3918//3918 3920//3920 3921//3921
f 3920//3920 3922//3922 3921//3921
f 3921//3921 3922//3922 3923//3923
f 3921//3921 3923//3923 3924//3924
f 3923//3923 3925//3925 3924//3924
f 3924//3924 3925//3925 3926//3926
f 3924//3924 3926//3926 3927//3927
f 3926//3926 3928//3928 3927//3927
f 3927//3927 3928//3928 3929//3929
f 3927//3927 3929//3929 3930//3930
f 3929//3929 3931//3931 3930//3930
f 3930//3930 3931//3931 3932//3932
f 3930//3930 3932//3932 3933//3933
f 3932//3932 3934//3934 3933//3933
f 3933//3933 3934//3934 3935//3935
f 3933//3933 3935//3935 3936//3936
f 3935//3935 3937//3937 3936//3936
f 3936//3936 3937//3937 3938//3938
f 3936//3936 3938//3938 3939//3939
f 3938//3938 3940//3940 3939//3939
f 3939//3939 3940//3940 3941//3941
f 3939//3939 3941//3941 3942//3942
f 3941//3941 3943//3943 3942//3942
f 3942//3942 3943//3943 3944//3944
f 3942//3942 3944//3944 3945//3945
f 3944//3944 3946//3946 3945//3945
f 3945//3945 3946//3946 3947//3947
f 3945//3945 3947//3947 3948//3948
f 3947//3947 3949//3949 3948//3948
f 3948//3948 3949//3949 3950//3950
f 3948//3948 3950//3950 3951//3951
f 3950//3950 3952//3952 3951//3951
f 3951//3951 3952//3952 3953//3953
f 3951//3951 3953//3953 3954//3954
f 3953//3953 3955//3955 3954//3954
f 3954//3954 3955//3955 3956//3956
f 3954//3954 3956//3956 3957//3957
f 3956//3956 3958//3958 3957//3957
f 3957//3957 3958//3958 3959//3959
f 3957//3957 3959//3959 3960//3960
f 3959//3959 3961//3961 3960//3960
f 3960//3960 3961//3961 3962//3962
f 3960//3960 3962//3962 3963//3963
f 3962//3962 3964//3964 3963//3963
f 3963//3963 3964//3964 3965//3965
f 3963//3963 3965//3965 3966//3966
f 3965//3965 3967//3967 3966//3966
f 3966//3966 3967//3967 3968//3968
f 3966//3966 3968//3968 3969//3969
f 3968//3968 3970//3970 3969//3969
f 3969//3969 3970//3970 3971//3971
f 3969//3969 3971//3971 3972//3972
f 3971//3971 3973//3973 3972//3972
f 3972//3972 3973//3973 3974//3974
f 3972//3972 3974//3974 3975//3975
f 3974//3974 3976//3976 3975//3975
f 3975//3975 3976//3976 3977//3977
f 3975//3975 3977//3977 3978//3978
f 3977//3977 3979//3979 3978//3978
f 3978//3978 3979//3979 3980//3980
f 3978//3978 3980//3980 3981//3981
f 3980//3980 3982//3982 3981//3981
f 3981//3981 3982//3982 3983//3983
f 3981//3981 3983//3983 3984//3984
f 3983//3983 3985//3985 3984//3984
f 3984//3984 3985//3985 3986//3986
f 3984//3984 3986//3986 3987//3987
f 3986//3986 3988//3988 3987//3987
f 3987//3987 3988//3988 3989//3989
f 3987//3987 3989//3989 3990//3990
f 3989//3989 3991//3991 3990//3990
f 3990//3990 3991//3991 3992//3992
f 3990//3990 3992//3992 3993//3993
f 3992//3992 3994//3994 3993//3993
f 3993//3993 3994//3994 3995//3995
f 3993//3993 3995//3995 3996//3996
f 3995//3995 3997//3997 3996//3996
f 3996//3996 3997//3997 3998//3998
f 3996//3996 3998//3998 3999//3999
f 3998//3998 4000//4000 3999//3999
f 3999//3999 4000//4000 4001//4001
f 3999//3999 4001//4001 4002//4002
f 4001//4001 4003//4003 4002//4002
f 4002//4002 4003//4003 4004//4004
f 4002//4002 4004//4004 4005//4005
f 4004//4004 4006//4006 4005//4005
f 4005//4005 4006//4006 4007//4007
f 4005//4005 4007//4007 4008//4008
f 4007//4007 4009//4009 4008//4008
f 4008//4008 4009//4009 4010//4010
f 4008//4008 4010//4010 4011//4011
f 4010//4010 4012//4012 4011//4011
f 4011//4011 4012//4012 4013//4013
f 4011//4011 4013//4013 4014//4014
f 4013//4013 4015//4015 4014//4014
f 4014//4014 4015//4015 4016//4016
f 4014//4014 4016//4016 4017//4017
f 4016//4016 4018//4018 4017//4017
f 4017//4017 4018//4018 4019//4019
f 4017//4017 4019//4019 3911//3911
f 3911//3911 4019//4019 4020//4020
f 3911//3911 4020//4020 3912//3912
f 4021//4021 4022//4022 3963//3963
f 3963//3963 4022//4022 4023//4023
f 3963//3963 4023//4023 3960//3960
f 3960//3960 4023//4023 4024//4024
f 3960//3960 4024//4024 3957//3957
f 3957//3957 4024//4024 4025//4025
f 3957//3957 4025//4025 3954//3954
f 3954//3954 4025//4025 4026//4026
f 3954//3954 4026//4026 3951//3951
f 3951//3951 4026//4026 4027//4027
f 3951//3951 4027//4027 3948//3948
f 3948//3948 4027//4027 4028//4028
f 3948//3948 4028//4028 3945//3945
f 3945//3945 4028//4028 4029//4029
f 3945//3945 4029//4029 3942//3942
f 3942//3942 4029//4029 4030//4030
f 3942//3942 4030//4030 3939//3939
f 3939//3939 4030//4030 4031//4031
f 3939//3939 4031//4031 3936//3936
f 3936//3936 4031//4031 4032//4032
f 3936//3936 4032//4032 3933//3933
f 3933//3933 4032//4032 4033//4033
f 3933//3933 4033//4033 3930//3930
f 3930//3930 4033//4033 4034//4034
f 3930//3930 4034//4034 3927//3927
f 3927//3927 4034//4034 4035//4035
f 3927//3927 4035//4035 3924//3924
f 3924//3924 4035//4035 4036//4036
f 3924//3924 4036//4036 3921//3921
f 3921//3921 4036//4036 4037//4037
f 3921//3921 4037//4037 3918//3918
f 3918//3918 4037//4037 4038//4038
f 3918//3918 4038//4038 3915//3915
f 3915//3915 4038//4038 4039//4039
f 3915//3915 4039//4039 3910//3910
f 3910//3910 4039//4039 4040//4040
f 3910//3910 4040//4040 3911//3911
f 3911//3911 4040//4040 4041//4041
f 3911//3911 4041//4041 4017//4017
f 4017//4017 4041//4041 4042//4042
f 4017//4017 4042//4042 4014//4014
f 4014//4014 4042//4042 4043//4043
f 4014//4014 4043//4043 4011//4011
f 4011//4011 4043//4043 4044//4044
f 4011//4011 4044//4044 4008//4008
f 4008//4008 4044//4044 4045//4045
f 4008//4008 4045//4045 4005//4005
f 4005//4005 4045//4045 4046//4046
f 4005//4005 4046//4046 4002//4002
f 4002//4002 4046//4046 4047//4047
f 4002//4002 4047//4047 3999//3999
f 3999//3999 4047//4047 4048//4048
f 3999//3999 4048//4048 3996//3996
f 3996//3996 4048//4048 4049//4049
f 3996//3996 4049//4049 3993//3993
f 3993//3993 4049//4049 4050//4050
f 3993//3993 4050//4050 3990//3990
f 3990//3990 4050//4050 4051//4051
f 3990//3990 4051//4051 3987//3987
f 3987//3987 4051//4051 4052//4052
f 3987//3987 4052//4052 3984//3984
f 3984//3984 4052//4052 4053//4053
f 3984//3984 4053//4053 3981//3981
f 3981//3981 4053//4053 4054//4054
f 3981//3981 4054//4054 3978//3978
f 3978//3978 4054//4054 4055//4055
f 3978//3978 4055//4055 3975//3975
f 3975//3975 4055//4055 4056//4056
f 3975//3975 4056//4056 3972//3972
f 3972//3972 4056//4056 4057//4057
f 3972//3972 4057//4057 3969//3969
f 3969//3969 4057//4057 4058//4058
f 3969//3969 4058//4058 3966//3966
f 3966//3966 4058//4058 4021//4021
f 3966//3966 4021//4021 3963//3963
f 4041//4041 4059//4059 4042//4042
f 4042//4042 4059//4059 4060//4060
f 4042//4042 4060//4060 4043//4043
f 4043//4043 4060//4060 4061//4061
f 4043//4043 4061//4061 4044//4044
f 4044//4044 4061//4061 4062//4062
f 4044//4044 4062//4062 4045//4045
f 4045//4045 4062//4062 4063//4063
f 4045//4045 4063//4063 4046//4046
f 4046//4046 4063//4063 4064//4064
f 4046//4046 4064//4064 4047//4047
f 4047//4047 4064//4064 4065//4065
f 4047//4047 4065//4065 4048//4048
f 4048//4048 4065//4065 4066//4066
f 4048//4048 4066//4066 4049//4049
f 4049//4049 4066//4066 4067//4067
f 4049//4049 4067//4067 4050//4050
f 4050//4050 4067//4067 4068//4068
f 4050//4050 4068//4068 4051//4051
f 4051//4051 4068//4068 4069//4069
f 4051//4051 4069//4069 4052//4052
f 4052//4052 4069//4069 4070//4070
f 4052//4052 4070//4070 4053//4053
f 4053//4053 4070//4070 4071//4071
f 4053//4053 4071//4071 4054//4054
f 4054//4054 4071//4071 4072//4072
f 4054//4054 4072//4072 4055//4055
f 4055//4055 4072//4072 4073//4073
f 4055//4055 4073//4073 4056//4056
f 4056//4056 4073//4073 4074//4074
f 4056//4056 4074//4074 4057//4057
f 4057//4057 4074//4074 4075//4075
f 4057//4057 4075//4075 4058//4058
f 4058//4058 4075//4075 4076//4076
f 4058//4058 4076//4076 4021//4021
f 4021//4021 4076//4076 4077//4077
f 4021//4021 4077//4077 4022//4022
f 4022//4022 4077//4077 4078//4078
f 4022//4022 4078//4078 4023//4023
f 4023//4023 4078//4078 4079//4079
f 4023//4023 4079//4079 4024//4024
f 4024//4024 4079//4079 4080//4080
f 4024//4024 4080//4080 4025//4025
f 4025//4025 4080//4080 4081//4081
f 4025//4025 4081//4081 4026//4026
f 4026//4026 4081//4081 4082//4082
f 4026//4026 4082//4082 4027//4027
f 4027//4027 4082//4082 4083//4083
f 4027//4027 4083//4083 4028//4028
f 4028//4028 4083//4083 4084//4084
f 4028//4028 4084//4084 4029//4029
f 4029//4029 4084//4084 4085//4085
f 4029//4029 4085//4085 4030//4030
f 4030//4030 4085//4085 4086//4086
f 4030//4030 4086//4086 4031//4031
f 4031//4031 4086//4086 4087//4087
f 4031//4031 4087//4087 4032//4032
f 4032//4032 4087//4087 4088//4088
f 4032//4032 4088//4088 4033//4033
f 4033//4033 4088//4088 4089//4089
f 4033//4033 4089//4089 4034//4034
f 4034//4034 4089//4089 4090//4090
f 4034//4034 4090//4090 4035//4035
f 4035//4035 4090//4090 4091//4091
f 4035//4035 4091//4091 4036//4036
f 4036//4036 4091//4091 4092//4092
f 4036//4036 4092//4092 4037//4037
f 4037//4037 4092//4092 4093//4093
f 4037//4037 4093//4093 4038//4038
f 4038//4038 4093//4093 4094//4094
f 4038//4038 4094//4094 4039//4039
f 4039//4039 4094//4094 4095//4095
f 4039//4039 4095//4095 4040//4040
f 4040//4040 4095//4095 4096//4096
f 4040//4040 4096//4096 4041//4041
f 4041//4041 4096//4096 4059//4059
f 4097//4097 4098//4098 4099//4099
f 4100//4100 4101//4101 4099//4099
f 4099//4099 4101//4101 4102//4102
f 4099//4099 4102//4102 4097//4097
f 4103//4103 4104//4104 4105//4105
f 4106//4106 4107//4107 4108//4108
f 4109//4109 4110//4110 4111//4111
f 4111//4111 4112//4112 4109//4109
f 4109//4109 4112//4112 4113//4113
f 4109//4109 4113//4113 4114//4114
f 4115//4115 4116//4116 4117//4117
f 4117//4117 4118//4118 4115//4115
f 4115//4115 4118//4118 4119//4119
f 4115//4115 4119//4119 4100//4100
f 4100//4100 4119//4119 4120//4120
f 4100//4100 4120//4120 4101//4101
f 4121//4121 4122//4122 4123//4123
f 4124//4124 4125//4125 4126//4126
f 4127//4127 4128//4128 4129//4129
f 4105//4105 4130//4130 4103//4103
f 4103//4103 4130//4130 4131//4131
f 4103//4103 4131//4131 4132//4132
f 4133//4133 4134//4134 4107//4107
f 4107//4107 4134//4134 4135//4135
f 4107//4107 4135//4135 4108//4108
f 4136//4136 4137//4137 4138//4138
f 4139//4139 4140//4140 4141//4141
f 4142//4142 4143//4143 4144//4144
f 4144//4144 4145//4145 4142//4142
f 4142//4142 4145//4145 4146//4146
f 4142//4142 4146//4146 4122//4122
f 4122//4122 4146//4146 4147//4147
f 4122//4122 4147//4147 4123//4123
f 4148//4148 4149//4149 4150//4150
f 4129//4129 4151//4151 4127//4127
f 4127//4127 4151//4151 4152//4152
f 4127//4127 4152//4152 4104//4104
f 4104//4104 4152//4152 4153//4153
f 4104//4104 4153//4153 4105//4105
f 4131//4131 4154//4154 4132//4132
f 4132//4132 4154//4154 4155//4155
f 4132//4132 4155//4155 4133//4133
f 4133//4133 4155//4155 4156//4156
f 4133//4133 4156//4156 4134//4134
f 4108//4108 4157//4157 4106//4106
f 4106//4106 4157//4157 4158//4158
f 4106//4106 4158//4158 4110//4110
f 4110//4110 4158//4158 4159//4159
f 4110//4110 4159//4159 4111//4111
f 4113//4113 4160//4160 4114//4114
f 4114//4114 4160//4160 4161//4161
f 4114//4114 4161//4161 4116//4116
f 4116//4116 4161//4161 4162//4162
f 4116//4116 4162//4162 4117//4117
f 4163//4163 4164//4164 4165//4165
f 4166//4166 4167//4167 4137//4137
f 4137//4137 4167//4167 4168//4168
f 4137//4137 4168//4168 4138//4138
f 4123//4123 4169//4169 4121//4121
f 4121//4121 4169//4169 4170//4170
f 4121//4121 4170//4170 4171//4171
f 4170//4170 4172//4172 4171//4171
f 4171//4171 4172//4172 4173//4173
f 4171//4171 4173//4173 4125//4125
f 4125//4125 4173//4173 4174//4174
f 4125//4125 4174//4174 4126//4126
f 4126//4126 4175//4175 4124//4124
f 4124//4124 4175//4175 4176//4176
f 4124//4124 4176//4176 4150//4150
f 4150//4150 4176//4176 4177//4177
f 4150//4150 4177//4177 4148//4148
f 4097//4097 4178//4178 4098//4098
f 4098//4098 4178//4178 4179//4179
f 4098//4098 4179//4179 4165//4165
f 4165//4165 4179//4179 4180//4180
f 4165//4165 4180//4180 4163//4163
f 4163//4163 4181//4181 4164//4164
f 4164//4164 4181//4181 4182//4182
f 4164//4164 4182//4182 4183//4183
f 4183//4183 4182//4182 4184//4184
f 4183//4183 4184//4184 4185//4185
f 4184//4184 4186//4186 4185//4185
f 4185//4185 4186//4186 4187//4187
f 4185//4185 4187//4187 4188//4188
f 4187//4187 4189//4189 4188//4188
f 4188//4188 4189//4189 4190//4190
f 4188//4188 4190//4190 4166//4166
f 4166//4166 4190//4190 4191//4191
f 4166//4166 4191//4191 4167//4167
f 4138//4138 4192//4192 4136//4136
f 4136//4136 4192//4192 4193//4193
f 4136//4136 4193//4193 4140//4140
f 4140//4140 4193//4193 4194//4194
f 4140//4140 4194//4194 4141//4141
f 4141//4141 4195//4195 4139//4139
f 4139//4139 4195//4195 4196//4196
f 4139//4139 4196//4196 4143//4143
f 4143//4143 4196//4196 4197//4197
f 4143//4143 4197//4197 4144//4144
f 4198//4198 4199//4199 4200//4200
f 4148//4148 4201//4201 4149//4149
f 4149//4149 4201//4201 4202//4202
f 4149//4149 4202//4202 4200//4200
f 4200//4200 4202//4202 4203//4203
f 4200//4200 4203//4203 4198//4198
f 4198//4198 4204//4204 4199//4199
f 4199//4199 4204//4204 4205//4205
f 4199//4199 4205//4205 4206//4206
f 4206//4206 4205//4205 4207//4207
f 4206//4206 4207//4207 4128//4128
f 4128//4128 4207//4207 4208//4208
f 4128//4128 4208//4208 4129//4129
f 4209//4209 3768//3768 3766//3766
f 4209//4209 4210//4210 3768//3768
f 3768//3768 4210//4210 4211//4211
f 3768//3768 4211//4211 3770//3770
f 4211//4211 4212//4212 3770//3770
f 3770//3770 4212//4212 4213//4213
f 3770//3770 4213//4213 3772//3772
f 4213//4213 4214//4214 3772//3772
f 3772//3772 4214//4214 4215//4215
f 3772//3772 4215//4215 3774//3774
f 4215//4215 4216//4216 3774//3774
f 3774//3774 4216//4216 4217//4217
f 3774//3774 4217//4217 3776//3776
f 4217//4217 4218//4218 3776//3776
f 3776//3776 4218//4218 4219//4219
f 3776//3776 4219//4219 3778//3778
f 4219//4219 4220//4220 3778//3778
f 3778//3778 4220//4220 4221//4221
f 3778//3778 4221//4221 3780//3780
f 4221//4221 4222//4222 3780//3780
f 3780//3780 4222//4222 4223//4223
f 3780//3780 4223//4223 3782//3782
f 4223//4223 4224//4224 3782//3782
f 3782//3782 4224//4224 4225//4225
f 3782//3782 4225//4225 3784//3784
f 4225//4225 4226//4226 3784//3784
f 3784//3784 4226//4226 4227//4227
f 3784//3784 4227//4227 3786//3786
f 4227//4227 4228//4228 3786//3786
f 3786//3786 4228//4228 4229//4229
f 3786//3786 4229//4229 3788//3788
f 4229//4229 4230//4230 3788//3788
f 3788//3788 4230//4230 4231//4231
f 3788//3788 4231//4231 3790//3790
f 4231//4231 4232//4232 3790//3790
f 3790//3790 4232//4232 4233//4233
f 3790//3790 4233//4233 3792//3792
f 4233//4233 4234//4234 3792//3792
f 3792//3792 4234//4234 4235//4235
f 3792//3792 4235//4235 3794//3794
f 4235//4235 4236//4236 3794//3794
f 3794//3794 4236//4236 4237//4237
f 3794//3794 4237//4237 3796//3796
f 4237//4237 4238//4238 3796//3796
f 3796//3796 4238//4238 4239//4239
f 3796//3796 4239//4239 3798//3798
f 4239//4239 4240//4240 3798//3798
f 3798//3798 4240//4240 4241//4241
f 3798//3798 4241//4241 3727//3727
f 4241//4241 4242//4242 3727//3727
f 3727//3727 4242//4242 4243//4243
f 3727//3727 4243//4243 3728//3728
f 4243//4243 4244//4244 3728//3728
f 3728//3728 4244//4244 4245//4245
f 3728//3728 4245//4245 3730//3730
f 4245//4245 4246//4246 3730//3730
f 3730//3730 4246//4246 4247//4247
f 3730//3730 4247//4247 3732//3732
f 4247//4247 4248//4248 3732//3732
f 3732//3732 4248//4248 4249//4249
f 3732//3732 4249//4249 3734//3734
f 4249//4249 4250//4250 3734//3734
f 3734//3734 4250//4250 4251//4251
f 3734//3734 4251//4251 3736//3736
f 4251//4251 4252//4252 3736//3736
f 3736//3736 4252//4252 4253//4253
f 3736//3736 4253//4253 3738//3738
f 4253//4253 4254//4254 3738//3738
f 3738//3738 4254//4254 4255//4255
f 3738//3738 4255//4255 3740//3740
f 4255//4255 4256//4256 3740//3740
f 3740//3740 4256//4256 4257//4257
f 3740//3740 4257//4257 3742//3742
f 4257//4257 4258//4258 3742//3742
f 3742//3742 4258//4258 4259//4259
f 3742//3742 4259//4259 3744//3744
f 4259//4259 4260//4260 3744//3744
f 3744//3744 4260//4260 4261//4261
f 3744//3744 4261//4261 3746//3746
f 4261//4261 4262//4262 3746//3746
f 3746//3746 4262//4262 4263//4263
f 3746//3746 4263//4263 3748//3748
f 4263//4263 4264//4264 3748//3748
f 3748//3748 4264//4264 4265//4265
f 3748//3748 4265//4265 3750//3750
f 4265//4265 4266//4266 3750//3750
f 3750//3750 4266//4266 4267//4267
f 3750//3750 4267//4267 3752//3752
f 4267//4267 4268//4268 3752//3752
f 3752//3752 4268//4268 4269//4269
f 3752//3752 4269//4269 3754//3754
f 4269//4269 4270//4270 3754//3754
f 3754//3754 4270//4270 4271//4271
f 3754//3754 4271//4271 3756//3756
f 4271//4271 4272//4272 3756//3756
f 3756//3756 4272//4272 4273//4273
f 3756//3756 4273//4273 3758//3758
f 4273//4273 4274//4274 3758//3758
f 3758//3758 4274//4274 4275//4275
f 3758//3758 4275//4275 3760//3760
f 4275//4275 4276//4276 3760//3760
f 3760//3760 4276//4276 4277//4277
f 3760//3760 4277//4277 3762//3762
f 4277//4277 4278//4278 3762//3762
f 3762//3762 4278//4278 4279//4279
f 3762//3762 4279//4279 3764//3764
f 4279//4279 4280//4280 3764//3764
f 3764//3764 4280//4280 4281//4281
f 3764//3764 4281//4281 3766//3766
f 3766//3766 4281//4281 4282//4282
f 3766//3766 4282//4282 4209//4209
f 4096//4096 4098//4098 4059//4059
f 4059//4059 4098//4098 4165//4165
f 4059//4059 4165//4165 4060//4060
f 4060//4060 4165//4165 4164//4164
f 4060//4060 4164//4164 4061//4061
f 4061//4061 4164//4164 4183//4183
f 4061//4061 4183//4183 4062//4062
f 4062//4062 4183//4183 4185//4185
f 4062//4062 4185//4185 4063//4063
f 4063//4063 4185//4185 4188//4188
f 4063//4063 4188//4188 4064//4064
f 4064//4064 4188//4188 4166//4166
f 4064//4064 4166//4166 4065//4065
f 4065//4065 4166//4166 4137//4137
f 4065//4065 4137//4137 4066//4066
f 4066//4066 4137//4137 4136//4136
f 4066//4066 4136//4136 4067//4067
f 4067//4067 4136//4136 4140//4140
f 4067//4067 4140//4140 4068//4068
f 4068//4068 4140//4140 4139//4139
f 4068//4068 4139//4139 4069//4069
f 4069//4069 4139//4139 4143//4143
f 4069//4069 4143//4143 4070//4070
f 4070//4070 4143//4143 4142//4142
f 4070//4070 4142//4142 4071//4071
f 4071//4071 4142//4142 4122//4122
f 4071//4071 4122//4122 4072//4072
f 4072//4072 4122//4122 4121//4121
f 4072//4072 4121//4121 4073//4073
f 4073//4073 4121//4121 4171//4171
f 4073//4073 4171//4171 4074//4074
f 4074//4074 4171//4171 4125//4125
f 4074//4074 4125//4125 4075//4075
f 4075//4075 4125//4125 4124//4124
f 4075//4075 4124//4124 4076//4076
f 4076//4076 4124//4124 4150//4150
f 4076//4076 4150//4150 4077//4077
f 4077//4077 4150//4150 4149//4149
f 4077//4077 4149//4149 4078//4078
f 4078//4078 4149//4149 4200//4200
f 4078//4078 4200//4200 4079//4079
f 4079//4079 4200//4200 4199//4199
f 4079//4079 4199//4199 4080//4080
f 4080//4080 4199//4199 4206//4206
f 4080//4080 4206//4206 4081//4081
f 4081//4081 4206//4206 4128//4128
f 4081//4081 4128//4128 4082//4082
f 4082//4082 4128//4128 4127//4127
f 4082//4082 4127//4127 4083//4083
f 4083//4083 4127//4127 4104//4104
f 4083//4083 4104//4104 4084//4084
f 4084//4084 4104//4104 4103//4103
f 4084//4084 4103//4103 4085//4085
f 4085//4085 4103//4103 4132//4132
f 4085//4085 4132//4132 4086//4086
f 4086//4086 4132//4132 4133//4133
f 4086//4086 4133//4133 4087//4087
f 4087//4087 4133//4133 4107//4107
f 4087//4087 4107//4107 4088//4088
f 4088//4088 4107//4107 4106//4106
f 4088//4088 4106//4106 4089//4089
f 4089//4089 4106//4106 4110//4110
f 4089//4089 4110//4110 4090//4090
f 4090//4090 4110//4110 4109//4109
f 4090//4090 4109//4109 4091//4091
f 4091//4091 4109//4109 4114//4114
f 4091//4091 4114//4114 4092//4092
f 4092//4092 4114//4114 4116//4116
f 4092//4092 4116//4116 4093//4093
f 4093//4093 4116//4116 4115//4115
f 4093//4093 4115//4115 4094//4094
f 4094//4094 4115//4115 4100//4100
f 4094//4094 4100//4100 4095//4095
f 4095//4095 4100//4100 4099//4099
f 4095//4095 4099//4099 4096//4096
f 4096//4096 4099//4099 4098//4098
f 4283//4283 4177//4177 4284//4284
f 4284//4284 4177//4177 4176//4176
f 4284//4284 4176//4176 4285//4285
f 4285//4285 4176//4176 4175//4175
f 4285//4285 4175//4175 4286//4286
f 4286//4286 4175//4175 4126//4126
f 4286//4286 4126//4126 4287//4287
f 4287//4287 4126//4126 4174//4174
f 4287//4287 4174//4174 4288//4288
f 4288//4288 4174//4174 4173//4173
f 4288//4288 4173//4173 4289//4289
f 4289//4289 4173//4173 4172//4172
f 4289//4289 4172//4172 4290//4290
f 4290//4290 4172//4172 4170//4170
f 4290//4290 4170//4170 4291//4291
f 4291//4291 4170//4170 4169//4169
f 4291//4291 4169//4169 4292//4292
f 4292//4292 4169//4169 4123//4123
f 4292//4292 4123//4123 4293//4293
f 4293//4293 4123//4123 4147//4147
f 4293//4293 4147//4147 4294//4294
f 4294//4294 4147//4147 4146//4146
f 4294//4294 4146//4146 4295//4295
f 4295//4295 4146//4146 4145//4145
f 4295//4295 4145//4145 4296//4296
f 4296//4296 4145//4145 4144//4144
f 4296//4296 4144//4144 4297//4297
f 4297//4297 4144//4144 4197//4197
f 4297//4297 4197//4197 4298//4298
f 4298//4298 4197//4197 4196//4196
f 4298//4298 4196//4196 4299//4299
f 4299//4299 4196//4196 4195//4195
f 4299//4299 4195//4195 4300//4300
f 4300//4300 4195//4195 4141//4141
f 4300//4300 4141//4141 4301//4301
f 4301//4301 4141//4141 4194//4194
f 4301//4301 4194//4194 4302//4302
f 4302//4302 4194//4194 4193//4193
f 4302//4302 4193//4193 4303//4303
f 4303//4303 4193//4193 4192//4192
f 4303//4303 4192//4192 4304//4304
f 4304//4304 4192//4192 4138//4138
f 4304//4304 4138//4138 4305//4305
f 4305//4305 4138//4138 4168//4168
f 4305//4305 4168//4168 4306//4306
f 4306//4306 4168//4168 4167//4167
f 4306//4306 4167//4167 4307//4307
f 4307//4307 4167//4167 4191//4191
f 4307//4307 4191//4191 4308//4308
f 4308//4308 4191//4191 4190//4190
f 4308//4308 4190//4190 4309//4309
f 4309//4309 4190//4190 4189//4189
f 4309//4309 4189//4189 4310//4310
f 4310//4310 4189//4189 4187//4187
f 4310//4310 4187//4187 4311//4311
f 4311//4311 4187//4187 4186//4186
f 4311//4311 4186//4186 4312//4312
f 4312//4312 4186//4186 4184//4184
f 4312//4312 4184//4184 4313//4313
f 4313//4313 4184//4184 4182//4182
f 4313//4313 4182//4182 4314//4314
f 4314//4314 4182//4182 4181//4181
f 4314//4314 4181//4181 4315//4315
f 4315//4315 4181//4181 4163//4163
f 4315//4315 4163//4163 4316//4316
f 4316//4316 4163//4163 4180//4180
f 4316//4316 4180//4180 4317//4317
f 4317//4317 4180//4180 4179//4179
f 4317//4317 4179//4179 4318//4318
f 4318//4318 4179//4179 4178//4178
f 4318//4318 4178//4178 4319//4319
f 4319//4319 4178//4178 4097//4097
f 4319//4319 4097//4097 4320//4320
f 4320//4320 4097//4097 4102//4102
f 4320//4320 4102//4102 4321//4321
f 4321//4321 4102//4102 4101//4101
f 4321//4321 4101//4101 4322//4322
f 4322//4322 4101//4101 4120//4120
f 4322//4322 4120//4120 4323//4323
f 4323//4323 4120//4120 4119//4119
f 4323//4323 4119//4119 4324//4324
f 4324//4324 4119//4119 4118//4118
f 4324//4324 4118//4118 4325//4325
f 4325//4325 4118//4118 4117//4117
f 4325//4325 4117//4117 4326//4326
f 4326//4326 4117//4117 4162//4162
f 4326//4326 4162//4162 4327//4327
f 4327//4327 4162//4162 4161//4161
f 4327//4327 4161//4161 4328//4328
f 4328//4328 4161//4161 4160//4160
f 4328//4328 4160//4160 4329//4329
f 4329//4329 4160//4160 4113//4113
f 4329//4329 4113//4113 4330//4330
f 4330//4330 4113//4113 4112//4112
f 4330//4330 4112//4112 4331//4331
f 4331//4331 4112//4112 4111//4111
f 4331//4331 4111//4111 4332//4332
f 4332//4332 4111//4111 4159//4159
f 4332//4332 4159//4159 4333//4333
f 4333//4333 4159//4159 4158//4158
f 4333//4333 4158//4158 4334//4334
f 4334//4334 4158//4158 4157//4157
f 4334//4334 4157//4157 4335//4335
f 4335//4335 4157//4157 4108//4108
f 4335//4335 4108//4108 4336//4336
f 4336//4336 4108//4108 4135//4135
f 4336//4336 4135//4135 4337//4337
f 4337//4337 4135//4135 4134//4134
f 4337//4337 4134//4134 4338//4338
f 4338//4338 4134//4134 4156//4156
f 4338//4338 4156//4156 4339//4339
f 4339//4339 4156//4156 4155//4155
f 4339//4339 4155//4155 4340//4340
f 4340//4340 4155//4155 4154//4154
f 4340//4340 4154//4154 4341//4341
f 4341//4341 4154//4154 4131//4131
f 4341//4341 4131//4131 4342//4342
f 4342//4342 4131//4131 4130//4130
f 4342//4342 4130//4130 4343//4343
f 4343//4343 4130//4130 4105//4105
f 4343//4343 4105//4105 4344//4344
f 4344//4344 4105//4105 4153//4153
f 4344//4344 4153//4153 4345//4345
f 4345//4345 4153//4153 4152//4152
f 4345//4345 4152//4152 4346//4346
f 4346//4346 4152//4152 4151//4151
f 4346//4346 4151//4151 4347//4347
f 4347//4347 4151//4151 4129//4129
f 4347//4347 4129//4129 4348//4348
f 4348//4348 4129//4129 4208//4208
f 4348//4348 4208//4208 4349//4349
f 4349//4349 4208//4208 4207//4207
f 4349//4349 4207//4207 4350//4350
f 4350//4350 4207//4207 4205//4205
f 4350//4350 4205//4205 4351//4351
f 4351//4351 4205//4205 4204//4204
f 4351//4351 4204//4204 4352//4352
f 4352//4352 4204//4204 4198//4198
f 4352//4352 4198//4198 4353//4353
f 4353//4353 4198//4198 4203//4203
f 4353//4353 4203//4203 4354//4354
f 4354//4354 4203//4203 4202//4202
f 4354//4354 4202//4202 4355//4355
f 4355//4355 4202//4202 4201//4201
f 4355//4355 4201//4201 4356//4356
f 4356//4356 4201//4201 4148//4148
f 4356//4356 4148//4148 4283//4283
f 4283//4283 4148//4148 4177//4177
f 4357//4357 4283//4283 4358//4358
f 4358//4358 4283//4283 4284//4284
f 4358//4358 4284//4284 4359//4359
f 4359//4359 4284//4284 4285//4285
f 4359//4359 4285//4285 4360//4360
f 4360//4360 4285//4285 4286//4286
f 4360//4360 4286//4286 4361//4361
f 4361//4361 4286//4286 4287//4287
f 4361//4361 4287//4287 4362//4362
f 4362//4362 4287//4287 4288//4288
f 4362//4362 4288//4288 4363//4363
f 4363//4363 4288//4288 4289//4289
f 4363//4363 4289//4289 4364//4364
f 4364//4364 4289//4289 4290//4290
f 4364//4364 4290//4290 4365//4365
f 4365//4365 4290//4290 4291//4291
f 4365//4365 4291//4291 4366//4366
f 4366//4366 4291//4291 4292//4292
f 4366//4366 4292//4292 4367//4367
f 4367//4367 4292//4292 4293//4293
f 4367//4367 4293//4293 4368//4368
f 4368//4368 4293//4293 4294//4294
f 4368//4368 4294//4294 4369//4369
f 4369//4369 4294//4294 4295//4295
f 4369//4369 4295//4295 4370//4370
f 4370//4370 4295//4295 4296//4296
f 4370//4370 4296//4296 4371//4371
f 4371//4371 4296//4296 4297//4297
f 4371//4371 4297//4297 4372//4372
f 4372//4372 4297//4297 4298//4298
f 4372//4372 4298//4298 4373//4373
f 4373//4373 4298//4298 4299//4299
f 4373//4373 4299//4299 4374//4374
f 4374//4374 4299//4299 4300//4300
f 4374//4374 4300//4300 4375//4375
f 4375//4375 4300//4300 4301//4301
f 4375//4375 4301//4301 4376//4376
f 4376//4376 4301//4301 4302//4302
f 4376//4376 4302//4302 4377//4377
f 4377//4377 4302//4302 4303//4303
f 4377//4377 4303//4303 4378//4378
f 4378//4378 4303//4303 4304//4304
f 4378//4378 4304//4304 4379//4379
f 4379//4379 4304//4304 4305//4305
f 4379//4379 4305//4305 4380//4380
f 4380//4380 4305//4305 4306//4306
f 4380//4380 4306//4306 4381//4381
f 4381//4381 4306//4306 4307//4307
f 4381//4381 4307//4307 4382//4382
f 4382//4382 4307//4307 4308//4308
f 4382//4382 4308//4308 4383//4383
f 4383//4383 4308//4308 4309//4309
f 4383//4383 4309//4309 4384//4384
f 4384//4384 4309//4309 4310//4310
f 4384//4384 4310//4310 4385//4385
f 4385//4385 4310//4310 4311//4311
f 4385//4385 4311//4311 4386//4386
f 4386//4386 4311//4311 4312//4312
f 4386//4386 4312//4312 4387//4387
f 4387//4387 4312//4312 4313//4313
f 4387//4387 4313//4313 4388//4388
f 4388//4388 4313//4313 4314//4314
f 4388//4388 4314//4314 4389//4389
f 4389//4389 4314//4314 4315//4315
f 4389//4389 4315//4315 4390//4390
f 4390//4390 4315//4315 4316//4316
f 4390//4390 4316//4316 4391//4391
f 4391//4391 4316//4316 4317//4317
f 4391//4391 4317//4317 4392//4392
f 4392//4392 4317//4317 4318//4318
f 4392//4392 4318//4318 4393//4393
f 4393//4393 4318//4318 4319//4319
f 4393//4393 4319//4319 4394//4394
f 4394//4394 4319//4319 4320//4320
f 4394//4394 4320//4320 4395//4395
f 4395//4395 4320//4320 4321//4321
f 4395//4395 4321//4321 4396//4396
f 4396//4396 4321//4321 4322//4322
f 4396//4396 4322//4322 4397//4397
f 4397//4397 4322//4322 4323//4323
f 4397//4397 4323//4323 4398//4398
f 4398//4398 4323//4323 4324//4324
f 4398//4398 4324//4324 4399//4399
f 4399//4399 4324//4324 4325//4325
f 4399//4399 4325//4325 4400//4400
f 4400//4400 4325//4325 4326//4326
f 4400//4400 4326//4326 4401//4401
f 4401//4401 4326//4326 4327//4327
f 4401//4401 4327//4327 4402//4402
f 4402//4402 4327//4327 4328//4328
f 4402//4402 4328//4328 4403//4403
f 4403//4403 4328//4328 4329//4329
f 4403//4403 4329//4329 4404//4404
f 4404//4404 4329//4329 4330//4330
f 4404//4404 4330//4330 4405//4405
f 4405//4405 4330//4330 4331//4331
f 4405//4405 4331//4331 4406//4406
f 4406//4406 4331//4331 4332//4332
f 4406//4406 4332//4332 4407//4407
f 4407//4407 4332//4332 4333//4333
f 4407//4407 4333//4333 4408//4408
f 4408//4408 4333//4333 4334//4334
f 4408//4408 4334//4334 4409//4409
f 4409//4409 4334//4334 4335//4335
f 4409//4409 4335//4335 4410//4410
f 4410//4410 4335//4335 4336//4336
f 4410//4410 4336//4336 4411//4411
f 4411//4411 4336//4336 4337//4337
f 4411//4411 4337//4337 4412//4412
f 4412//4412 4337//4337 4338//4338
f 4412//4412 4338//4338 4413//4413
f 4413//4413 4338//4338 4339//4339
f 4413//4413 4339//4339 4414//4414
f 4414//4414 4339//4339 4340//4340
f 4414//4414 4340//4340 4415//4415
f 4415//4415 4340//4340 4341//4341
f 4415//4415 4341//4341 4416//4416
f 4416//4416 4341//4341 4342//4342
f 4416//4416 4342//4342 4417//4417
f 4417//4417 4342//4342 4343//4343
f 4417//4417 4343//4343 4418//4418
f 4418//4418 4343//4343 4344//4344
f 4418//4418 4344//4344 4419//4419
f 4419//4419 4344//4344 4345//4345
f 4419//4419 4345//4345 4420//4420
f 4420//4420 4345//4345 4346//4346
f 4420//4420 4346//4346 4421//4421
f 4421//4421 4346//4346 4347//4347
f 4421//4421 4347//4347 4422//4422
f 4422//4422 4347//4347 4348//4348
f 4422//4422 4348//4348 4423//4423
f 4423//4423 4348//4348 4349//4349
f 4423//4423 4349//4349 4424//4424
f 4424//4424 4349//4349 4350//4350
f 4424//4424 4350//4350 4425//4425
f 4425//4425 4350//4350 4351//4351
f 4425//4425 4351//4351 4426//4426
f 4426//4426 4351//4351 4352//4352
f 4426//4426 4352//4352 4427//4427
f 4427//4427 4352//4352 4353//4353
f 4427//4427 4353//4353 4428//4428
f 4428//4428 4353//4353 4354//4354
f 4428//4428 4354//4354 4429//4429
f 4429//4429 4354//4354 4355//4355
f 4429//4429 4355//4355 4430//4430
f 4430//4430 4355//4355 4356//4356
f 4430//4430 4356//4356 4357//4357
f 4357//4357 4356//4356 4283//4283
f 4245//4245 4357//4357 4246//4246
f 4246//4246 4357//4357 4358//4358
f 4246//4246 4358//4358 4247//4247
f 4247//4247 4358//4358 4359//4359
f 4247//4247 4359//4359 4248//4248
f 4248//4248 4359//4359 4360//4360
f 4248//4248 4360//4360 4249//4249
f 4249//4249 4360//4360 4361//4361
f 4249//4249 4361//4361 4250//4250
f 4250//4250 4361//4361 4362//4362
f 4250//4250 4362//4362 4251//4251
f 4251//4251 4362//4362 4363//4363
f 4251//4251 4363//4363 4252//4252
f 4252//4252 4363//4363 4364//4364
f 4252//4252 4364//4364 4253//4253
f 4253//4253 4364//4364 4365//4365
f 4253//4253 4365//4365 4254//4254
f 4254//4254 4365//4365 4366//4366
f 4254//4254 4366//4366 4255//4255
f 4255//4255 4366//4366 4367//4367
f 4255//4255 4367//4367 4256//4256
f 4256//4256 4367//4367 4368//4368
f 4256//4256 4368//4368 4257//4257
f 4257//4257 4368//4368 4369//4369
f 4257//4257 4369//4369 4258//4258
f 4258//4258 4369//4369 4370//4370
f 4258//4258 4370//4370 4259//4259
f 4259//4259 4370//4370 4371//4371
f 4259//4259 4371//4371 4260//4260
f 4260//4260 4371//4371 4372//4372
f 4260//4260 4372//4372 4261//4261
f 4261//4261 4372//4372 4373//4373
f 4261//4261 4373//4373 4262//4262
f 4262//4262 4373//4373 4374//4374
f 4262//4262 4374//4374 4263//4263
f 4263//4263 4374//4374 4375//4375
f 4263//4263 4375//4375 4264//4264
f 4264//4264 4375//4375 4376//4376
f 4264//4264 4376//4376 4265//4265
f 4265//4265 4376//4376 4377//4377
f 4265//4265 4377//4377 4266//4266
f 4266//4266 4377//4377 4378//4378
f 4266//4266 4378//4378 4267//4267
f 4267//4267 4378//4378 4379//4379
f 4267//4267 4379//4379 4268//4268
f 4268//4268 4379//4379 4380//4380
f 4268//4268 4380//4380 4269//4269
f 4269//4269 4380//4380 4381//4381
f 4269//4269 4381//4381 4270//4270
f 4270//4270 4381//4381 4382//4382
f 4270//4270 4382//4382 4271//4271
f 4271//4271 4382//4382 4383//4383
f 4271//4271 4383//4383 4272//4272
f 4272//4272 4383//4383 4384//4384
f 4272//4272 4384//4384 4273//4273
f 4273//4273 4384//4384 4385//4385
f 4273//4273 4385//4385 4274//4274
f 4274//4274 4385//4385 4386//4386
f 4274//4274 4386//4386 4275//4275
f 4275//4275 4386//4386 4387//4387
f 4275//4275 4387//4387 4276//4276
f 4276//4276 4387//4387 4388//4388
f 4276//4276 4388//4388 4277//4277
f 4277//4277 4388//4388 4389//4389
f 4277//4277 4389//4389 4278//4278
f 4278//4278 4389//4389 4390//4390
f 4278//4278 4390//4390 4279//4279
f 4279//4279 4390//4390 4391//4391
f 4279//4279 4391//4391 4280//4280
f 4280//4280 4391//4391 4392//4392
f 4280//4280 4392//4392 4281//4281
f 4281//4281 4392//4392 4393//4393
f 4281//4281 4393//4393 4282//4282
f 4282//4282 4393//4393 4394//4394
f 4282//4282 4394//4394 4209//4209
f 4209//4209 4394//4394 4395//4395
f 4209//4209 4395//4395 4210//4210
f 4210//4210 4395//4395 4396//4396
f 4210//4210 4396//4396 4211//4211
f 4211//4211 4396//4396 4397//4397
f 4211//4211 4397//4397 4212//4212
f 4212//4212 4397//4397 4398//4398
f 4212//4212 4398//4398 4213//4213
f 4213//4213 4398//4398 4399//4399
f 4213//4213 4399//4399 4214//4214
f 4214//4214 4399//4399 4400//4400
f 4214//4214 4400//4400 4215//4215
f 4215//4215 4400//4400 4401//4401
f 4215//4215 4401//4401 4216//4216
f 4216//4216 4401//4401 4402//4402
f 4216//4216 4402//4402 4217//4217
f 4217//4217 4402//4402 4403//4403
f 4217//4217 4403//4403 4218//4218
f 4218//4218 4403//4403 4404//4404
f 4218//4218 4404//4404 4219//4219
f 4219//4219 4404//4404 4405//4405
f 4219//4219 4405//4405 4220//4220
f 4220//4220 4405//4405 4406//4406
f 4220//4220 4406//4406 4221//4221
f 4221//4221 4406//4406 4407//4407
f 4221//4221 4407//4407 4222//4222
f 4222//4222 4407//4407 4408//4408
f 4222//4222 4408//4408 4223//4223
f 4223//4223 4408//4408 4409//4409
f 4223//4223 4409//4409 4224//4224
f 4224//4224 4409//4409 4410//4410
f 4224//4224 4410//4410 4225//4225
f 4225//4225 4410//4410 4411//4411
f 4225//4225 4411//4411 4226//4226
f 4226//4226 4411//4411 4412//4412
f 4226//4226 4412//4412 4227//4227
f 4227//4227 4412//4412 4413//4413
f 4227//4227 4413//4413 4228//4228
f 4228//4228 4413//4413 4414//4414
f 4228//4228 4414//4414 4229//4229
f 4229//4229 4414//4414 4415//4415
f 4229//4229 4415//4415 4230//4230
f 4230//4230 4415//4415 4416//4416
f 4230//4230 4416//4416 4231//4231
f 4231//4231 4416//4416 4417//4417
f 4231//4231 4417//4417 4232//4232
f 4232//4232 4417//4417 4418//4418
f 4232//4232 4418//4418 4233//4233
f 4233//4233 4418//4418 4419//4419
f 4233//4233 4419//4419 4234//4234
f 4234//4234 4419//4419 4420//4420
f 4234//4234 4420//4420 4235//4235
f 4235//4235 4420//4420 4421//4421
f 4235//4235 4421//4421 4236//4236
f 4236//4236 4421//4421 4422//4422
f 4236//4236 4422//4422 4237//4237
f 4237//4237 4422//4422 4423//4423
f 4237//4237 4423//4423 4238//4238
f 4238//4238 4423//4423 4424//4424
f 4238//4238 4424//4424 4239//4239
f 4239//4239 4424//4424 4425//4425
f 4239//4239 4425//4425 4240//4240
f 4240//4240 4425//4425 4426//4426
f 4240//4240 4426//4426 4241//4241
f 4241//4241 4426//4426 4427//4427
f 4241//4241 4427//4427 4242//4242
f 4242//4242 4427//4427 4428//4428
f 4242//4242 4428//4428 4243//4243
f 4243//4243 4428//4428 4429//4429
f 4243//4243 4429//4429 4244//4244
f 4244//4244 4429//4429 4430//4430
f 4244//4244 4430//4430 4245//4245
f 4245//4245 4430//4430 4357//4357
f 3894//3894 3893//3893 3964//3964
f 3964//3964 3962//3962 3894//3894
f 3894//3894 3962//3962 3961//3961
f 3894//3894 3961//3961 3895//3895
f 3961//3961 3959//3959 3895//3895
f 3895//3895 3959//3959 3958//3958
f 3895//3895 3958//3958 3896//3896
f 3958//3958 3956//3956 3896//3896
f 3896//3896 3956//3956 3955//3955
f 3896//3896 3955//3955 3897//3897
f 3955//3955 3953//3953 3897//3897
f 3897//3897 3953//3953 3952//3952
f 3897//3897 3952//3952 3898//3898
f 3898//3898 3952//3952 3950//3950
f 3898//3898 3950//3950 3899//3899
f 3899//3899 3950//3950 3949//3949
f 3949//3949 3947//3947 3899//3899
f 3899//3899 3947//3947 3946//3946
f 3899//3899 3946//3946 3900//3900
f 3946//3946 3944//3944 3900//3900
f 3900//3900 3944//3944 3943//3943
f 3900//3900 3943//3943 3901//3901
f 3943//3943 3941//3941 3901//3901
f 3901//3901 3941//3941 3940//3940
f 3901//3901 3940//3940 3902//3902
f 3940//3940 3938//3938 3902//3902
f 3902//3902 3938//3938 3937//3937
f 3902//3902 3937//3937 3903//3903
f 3937//3937 3935//3935 3903//3903
f 3903//3903 3935//3935 3934//3934
f 3903//3903 3934//3934 3904//3904
f 3934//3934 3932//3932 3904//3904
f 3904//3904 3932//3932 3931//3931
f 3904//3904 3931//3931 3905//3905
f 3931//3931 3929//3929 3905//3905
f 3905//3905 3929//3929 3928//3928
f 3905//3905 3928//3928 3906//3906
f 3928//3928 3926//3926 3906//3906
f 3906//3906 3926//3926 3925//3925
f 3906//3906 3925//3925 3907//3907
f 3907//3907 3925//3925 3923//3923
f 3907//3907 3923//3923 3908//3908
f 3908//3908 3923//3923 3922//3922
f 3922//3922 3920//3920 3908//3908
f 3908//3908 3920//3920 3919//3919
f 3908//3908 3919//3919 3909//3909
f 3919//3919 3917//3917 3909//3909
f 3909//3909 3917//3917 3916//3916
f 3909//3909 3916//3916 3872//3872
f 3916//3916 3914//3914 3872//3872
f 3872//3872 3914//3914 3913//3913
f 3872//3872 3913//3913 3873//3873
f 3873//3873 3913//3913 3912//3912
f 3873//3873 3912//3912 3874//3874
f 3874//3874 3912//3912 4020//4020
f 3874//3874 4020//4020 3875//3875
f 4020//4020 4019//4019 3875//3875
f 3875//3875 4019//4019 4018//4018
f 3875//3875 4018//4018 3876//3876
f 3876//3876 4018//4018 4016//4016
f 3876//3876 4016//4016 3877//3877
f 3877//3877 4016//4016 4015//4015
f 4015//4015 4013//4013 3877//3877
f 3877//3877 4013//4013 4012//4012
f 3877//3877 4012//4012 3878//3878
f 4012//4012 4010//4010 3878//3878
f 3878//3878 4010//4010 4009//4009
f 3878//3878 4009//4009 3879//3879
f 3879//3879 4009//4009 4007//4007
f 3879//3879 4007//4007 3880//3880
f 3880//3880 4007//4007 4006//4006
f 4006//4006 4004//4004 3880//3880
f 3880//3880 4004//4004 4003//4003
f 3880//3880 4003//4003 3881//3881
f 4003//4003 4001//4001 3881//3881
f 3881//3881 4001//4001 4000//4000
f 3881//3881 4000//4000 3882//3882
f 4000//4000 3998//3998 3882//3882
f 3882//3882 3998//3998 3997//3997
f 3882//3882 3997//3997 3883//3883
f 3997//3997 3995//3995 3883//3883
f 3883//3883 3995//3995 3994//3994
f 3883//3883 3994//3994 3884//3884
f 3994//3994 3992//3992 3884//3884
f 3884//3884 3992//3992 3991//3991
f 3884//3884 3991//3991 3885//3885
f 3991//3991 3989//3989 3885//3885
f 3885//3885 3989//3989 3988//3988
f 3885//3885 3988//3988 3886//3886
f 3988//3988 3986//3986 3886//3886
f 3886//3886 3986//3986 3985//3985
f 3886//3886 3985//3985 3887//3887
f 3887//3887 3985//3985 3983//3983
f 3887//3887 3983//3983 3888//3888
f 3888//3888 3983//3983 3982//3982
f 3982//3982 3980//3980 3888//3888
f 3888//3888 3980//3980 3979//3979
f 3888//3888 3979//3979 3889//3889
f 3979//3979 3977//3977 3889//3889
f 3889//3889 3977//3977 3976//3976
f 3889//3889 3976//3976 3890//3890
f 3976//3976 3974//3974 3890//3890
f 3890//3890 3974//3974 3973//3973
f 3890//3890 3973//3973 3891//3891
f 3973//3973 3971//3971 3891//3891
f 3891//3891 3971//3971 3970//3970
f 3891//3891 3970//3970 3892//3892
f 3970//3970 3968//3968 3892//3892
f 3892//3892 3968//3968 3967//3967
f 3892//3892 3967//3967 3893//3893
f 3893//3893 3967//3967 3965//3965
f 3893//3893 3965//3965 3964//3964
f 3834//3834 3731//3731 3832//3832
f 3832//3832 3731//3731 3733//3733
f 3832//3832 3733//3733 3830//3830
f 3830//3830 3733//3733 3735//3735
f 3830//3830 3735//3735 3828//3828
f 3828//3828 3735//3735 3737//3737
f 3828//3828 3737//3737 3826//3826
f 3826//3826 3737//3737 3739//3739
f 3826//3826 3739//3739 3824//3824
f 3824//3824 3739//3739 3741//3741
f 3824//3824 3741//3741 3822//3822
f 3822//3822 3741//3741 3743//3743
f 3822//3822 3743//3743 3820//3820
f 3820//3820 3743//3743 3745//3745
f 3820//3820 3745//3745 4431//4431
f 4431//4431 3745//3745 4432//4432
f 4431//4431 4432//4432 3816//3816
f 3816//3816 4432//4432 3749//3749
f 3816//3816 3749//3749 3814//3814
f 3814//3814 3749//3749 3751//3751
f 3814//3814 3751//3751 3812//3812
f 3812//3812 3751//3751 3753//3753
f 3812//3812 3753//3753 3810//3810
f 3810//3810 3753//3753 3755//3755
f 3810//3810 3755//3755 3808//3808
f 3808//3808 3755//3755 3757//3757
f 3808//3808 3757//3757 3806//3806
f 3806//3806 3757//3757 3759//3759
f 3806//3806 3759//3759 3804//3804
f 3804//3804 3759//3759 3761//3761
f 3804//3804 3761//3761 3802//3802
f 3802//3802 3761//3761 3763//3763
f 3802//3802 3763//3763 3800//3800
f 3800//3800 3763//3763 4433//4433
f 3800//3800 4433//4433 3870//3870
f 3870//3870 4433//4433 3767//3767
f 3870//3870 3767//3767 3868//3868
f 3868//3868 3767//3767 3769//3769
f 3868//3868 3769//3769 3866//3866
f 3866//3866 3769//3769 3771//3771
f 3866//3866 3771//3771 3864//3864
f 3864//3864 3771//3771 3773//3773
f 3864//3864 3773//3773 3862//3862
f 3862//3862 3773//3773 3775//3775
f 3862//3862 3775//3775 3860//3860
f 3860//3860 3775//3775 3777//3777
f 3860//3860 3777//3777 3858//3858
f 3858//3858 3777//3777 3779//3779
f 3858//3858 3779//3779 3856//3856
f 3856//3856 3779//3779 3781//3781
f 3856//3856 3781//3781 4434//4434
f 4434//4434 3781//3781 4435//4435
f 4434//4434 4435//4435 3852//3852
f 3852//3852 4435//4435 3785//3785
f 3852//3852 3785//3785 3850//3850
f 3850//3850 3785//3785 3787//3787
f 3850//3850 3787//3787 3848//3848
f 3848//3848 3787//3787 3789//3789
f 3848//3848 3789//3789 3846//3846
f 3846//3846 3789//3789 3791//3791
f 3846//3846 3791//3791 3844//3844
f 3844//3844 3791//3791 3793//3793
f 3844//3844 3793//3793 3842//3842
f 3842//3842 3793//3793 3795//3795
f 3842//3842 3795//3795 3840//3840
f 3840//3840 3795//3795 3797//3797
f 3840//3840 3797//3797 3838//3838
f 3838//3838 3797//3797 3799//3799
f 3838//3838 3799//3799 3836//3836
f 3836//3836 3799//3799 3729//3729
f 3836//3836 3729//3729 3834//3834
f 3834//3834 3729//3729 3731//3731
f 4436//4436 4437//4437 4438//4438
f 4438//4438 4437//4437 4439//4439
f 4438//4438 4439//4439 4440//4440
f 4440//4440 4439//4439 4441//4441
f 4440//4440 4441//4441 4442//4442
f 4442//4442 4441//4441 4443//4443
f 4442//4442 4443//4443 4444//4444
f 4444//4444 4443//4443 4445//4445
f 4444//4444 4445//4445 4446//4446
f 4446//4446 4445//4445 4447//4447
f 4446//4446 4447//4447 4448//4448
f 4448//4448 4447//4447 4449//4449
f 4448//4448 4449//4449 4450//4450
f 4450//4450 4449//4449 4451//4451
f 4450//4450 4451//4451 4452//4452
f 4452//4452 4451//4451 4453//4453
f 4452//4452 4453//4453 4454//4454
f 4454//4454 4453//4453 4455//4455
f 4454//4454 4455//4455 4456//4456
f 4456//4456 4455//4455 4457//4457
f 4456//4456 4457//4457 4458//4458
f 4458//4458 4457//4457 4459//4459
f 4458//4458 4459//4459 4460//4460
f 4460//4460 4459//4459 4461//4461
f 4460//4460 4461//4461 4462//4462
f 4462//4462 4461//4461 4463//4463
f 4462//4462 4463//4463 4464//4464
f 4464//4464 4463//4463 4465//4465
f 4464//4464 4465//4465 4466//4466
f 4466//4466 4465//4465 4467//4467
f 4466//4466 4467//4467 4468//4468
f 4468//4468 4467//4467 4469//4469
f 4468//4468 4469//4469 4470//4470
f 4470//4470 4469//4469 4471//4471
f 4470//4470 4471//4471 4472//4472
f 4472//4472 4471//4471 4473//4473
f 4472//4472 4473//4473 4474//4474
f 4474//4474 4473//4473 4475//4475
f 4474//4474 4475//4475 4476//4476
f 4476//4476 4475//4475 4477//4477
f 4476//4476 4477//4477 4478//4478
f 4478//4478 4477//4477 4479//4479
f 4478//4478 4479//4479 4480//4480
f 4480//4480 4479//4479 4481//4481
f 4480//4480 4481//4481 4482//4482
f 4482//4482 4481//4481 4483//4483
f 4482//4482 4483//4483 4484//4484
f 4484//4484 4483//4483 4485//4485
f 4484//4484 4485//4485 4486//4486
f 4486//4486 4485//4485 4487//4487
f 4486//4486 4487//4487 4488//4488
f 4488//4488 4487//4487 4489//4489
f 4488//4488 4489//4489 4490//4490
f 4490//4490 4489//4489 4491//4491
f 4490//4490 4491//4491 4492//4492
f 4492//4492 4491//4491 4493//4493
f 4492//4492 4493//4493 4494//4494
f 4494//4494 4493//4493 4495//4495
f 4494//4494 4495//4495 4496//4496
f 4496//4496 4495//4495 4497//4497
f 4496//4496 4497//4497 4498//4498
f 4498//4498 4497//4497 4499//4499
f 4498//4498 4499//4499 4500//4500
f 4500//4500 4499//4499 4501//4501
f 4500//4500 4501//4501 4502//4502
f 4502//4502 4501//4501 4503//4503
f 4502//4502 4503//4503 4504//4504
f 4504//4504 4503//4503 4505//4505
f 4504//4504 4505//4505 4506//4506
f 4506//4506 4505//4505 4507//4507
f 4506//4506 4507//4507 4508//4508
f 4508//4508 4507//4507 4509//4509
f 4508//4508 4509//4509 4510//4510
f 4510//4510 4509//4509 4511//4511
f 4510//4510 4511//4511 4436//4436
f 4436//4436 4511//4511 4437//4437
f 4512//4512 4513//4513 4514//4514
f 4514//4514 4513//4513 4515//4515
f 4514//4514 4515//4515 4516//4516
f 4516//4516 4515//4515 4517//4517
f 4516//4516 4517//4517 4518//4518
f 4518//4518 4517//4517 4519//4519
f 4518//4518 4519//4519 4520//4520
f 4520//4520 4519//4519 4521//4521
f 4520//4520 4521//4521 4522//4522
f 4522//4522 4521//4521 4523//4523
f 4522//4522 4523//4523 4524//4524
f 4524//4524 4523//4523 4525//4525
f 4524//4524 4525//4525 4526//4526
f 4526//4526 4525//4525 4527//4527
f 4526//4526 4527//4527 4528//4528
f 4528//4528 4527//4527 4529//4529
f 4528//4528 4529//4529 4530//4530
f 4530//4530 4529//4529 4531//4531
f 4530//4530 4531//4531 4532//4532
f 4532//4532 4531//4531 4533//4533
f 4532//4532 4533//4533 4534//4534
f 4534//4534 4533//4533 4535//4535
f 4534//4534 4535//4535 4536//4536
f 4536//4536 4535//4535 4537//4537
f 4536//4536 4537//4537 4538//4538
f 4538//4538 4537//4537 4539//4539
f 4538//4538 4539//4539 4540//4540
f 4540//4540 4539//4539 4541//4541
f 4540//4540 4541//4541 4542//4542
f 4542//4542 4541//4541 4543//4543
f 4542//4542 4543//4543 4544//4544
f 4544//4544 4543//4543 4545//4545
f 4544//4544 4545//4545 4546//4546
f 4546//4546 4545//4545 4547//4547
f 4546//4546 4547//4547 4548//4548
f 4548//4548 4547//4547 4549//4549
f 4548//4548 4549//4549 4550//4550
f 4550//4550 4549//4549 4551//4551
f 4550//4550 4551//4551 4552//4552
f 4552//4552 4551//4551 4553//4553
f 4552//4552 4553//4553 4554//4554
f 4554//4554 4553//4553 4555//4555
f 4554//4554 4555//4555 4556//4556
f 4556//4556 4555//4555 4557//4557
f 4556//4556 4557//4557 4558//4558
f 4558//4558 4557//4557 4559//4559
f 4558//4558 4559//4559 4560//4560
f 4560//4560 4559//4559 4561//4561
f 4560//4560 4561//4561 4562//4562
f 4562//4562 4561//4561 4563//4563
f 4562//4562 4563//4563 4564//4564
f 4564//4564 4563//4563 4565//4565
f 4564//4564 4565//4565 4566//4566
f 4566//4566 4565//4565 4567//4567
f 4566//4566 4567//4567 4568//4568
f 4568//4568 4567//4567 4569//4569
f 4568//4568 4569//4569 4570//4570
f 4570//4570 4569//4569 4571//4571
f 4570//4570 4571//4571 4572//4572
f 4572//4572 4571//4571 4573//4573
f 4572//4572 4573//4573 4574//4574
f 4574//4574 4573//4573 4575//4575
f 4574//4574 4575//4575 4576//4576
f 4576//4576 4575//4575 4577//4577
f 4576//4576 4577//4577 4578//4578
f 4578//4578 4577//4577 4579//4579
f 4578//4578 4579//4579 4580//4580
f 4580//4580 4579//4579 4581//4581
f 4580//4580 4581//4581 4582//4582
f 4582//4582 4581//4581 4583//4583
f 4582//4582 4583//4583 4584//4584
f 4584//4584 4583//4583 4585//4585
f 4584//4584 4585//4585 4586//4586
f 4586//4586 4585//4585 4587//4587
f 4586//4586 4587//4587 4512//4512
f 4512//4512 4587//4587 4513//4513
f 4588//4588 4589//4589 4590//4590
f 4590//4590 4589//4589 4591//4591
f 4590//4590 4591//4591 4592//4592
f 4592//4592 4591//4591 4593//4593
f 4592//4592 4593//4593 4594//4594
f 4594//4594 4593//4593 4595//4595
f 4594//4594 4595//4595 4596//4596
f 4596//4596 4595//4595 4597//4597
f 4596//4596 4597//4597 4598//4598
f 4598//4598 4597//4597 4599//4599
f 4598//4598 4599//4599 4600//4600
f 4600//4600 4599//4599 4601//4601
f 4600//4600 4601//4601 4602//4602
f 4602//4602 4601//4601 4603//4603
f 4602//4602 4603//4603 4604//4604
f 4604//4604 4603//4603 4605//4605
f 4604//4604 4605//4605 4606//4606
f 4606//4606 4605//4605 4607//4607
f 4606//4606 4607//4607 4608//4608
f 4608//4608 4607//4607 4609//4609
f 4608//4608 4609//4609 4610//4610
f 4610//4610 4609//4609 4611//4611
f 4610//4610 4611//4611 4612//4612
f 4612//4612 4611//4611 4613//4613
f 4612//4612 4613//4613 4614//4614
f 4614//4614 4613//4613 4615//4615
f 4614//4614 4615//4615 4616//4616
f 4616//4616 4615//4615 4617//4617
f 4616//4616 4617//4617 4618//4618
f 4618//4618 4617//4617 4619//4619
f 4618//4618 4619//4619 4620//4620
f 4620//4620 4619//4619 4621//4621
f 4620//4620 4621//4621 4622//4622
f 4622//4622 4621//4621 4623//4623
f 4622//4622 4623//4623 4624//4624
f 4624//4624 4623//4623 4625//4625
f 4624//4624 4625//4625 4626//4626
f 4626//4626 4625//4625 4627//4627
f 4626//4626 4627//4627 4628//4628
f 4628//4628 4627//4627 4629//4629
f 4628//4628 4629//4629 4630//4630
f 4630//4630 4629//4629 4631//4631
f 4630//4630 4631//4631 4632//4632
f 4632//4632 4631//4631 4633//4633
f 4632//4632 4633//4633 4634//4634
f 4634//4634 4633//4633 4635//4635
f 4634//4634 4635//4635 4636//4636
f 4636//4636 4635//4635 4637//4637
f 4636//4636 4637//4637 4638//4638
f 4638//4638 4637//4637 4639//4639
f 4638//4638 4639//4639 4640//4640
f 4640//4640 4639//4639 4641//4641
f 4640//4640 4641//4641 4642//4642
f 4642//4642 4641//4641 4643//4643
f 4642//4642 4643//4643 4644//4644
f 4644//4644 4643//4643 4645//4645
f 4644//4644 4645//4645 4646//4646
f 4646//4646 4645//4645 4647//4647
f 4646//4646 4647//4647 4648//4648
f 4648//4648 4647//4647 4649//4649
f 4648//4648 4649//4649 4650//4650
f 4650//4650 4649//4649 4651//4651
f 4650//4650 4651//4651 4652//4652
f 4652//4652 4651//4651 4653//4653
f 4652//4652 4653//4653 4654//4654
f 4654//4654 4653//4653 4655//4655
f 4654//4654 4655//4655 4656//4656
f 4656//4656 4655//4655 4657//4657
f 4656//4656 4657//4657 4658//4658
f 4658//4658 4657//4657 4659//4659
f 4658//4658 4659//4659 4660//4660
f 4660//4660 4659//4659 4661//4661
f 4660//4660 4661//4661 4662//4662
f 4662//4662 4661//4661 4663//4663
f 4662//4662 4663//4663 4588//4588
f 4588//4588 4663//4663 4589//4589
f 4664//4664 4665//4665 4666//4666
f 4666//4666 4665//4665 4667//4667
f 4666//4666 4667//4667 4668//4668
f 4668//4668 4667//4667 4669//4669
f 4668//4668 4669//4669 4670//4670
f 4670//4670 4669//4669 4671//4671
f 4670//4670 4671//4671 4672//4672
f 4672//4672 4671//4671 4673//4673
f 4672//4672 4673//4673 4674//4674
f 4674//4674 4673//4673 4675//4675
f 4674//4674 4675//4675 4676//4676
f 4676//4676 4675//4675 4677//4677
f 4676//4676 4677//4677 4678//4678
f 4678//4678 4677//4677 4679//4679
f 4678//4678 4679//4679 4680//4680
f 4680//4680 4679//4679 4681//4681
f 4680//4680 4681//4681 4682//4682
f 4682//4682 4681//4681 4683//4683
f 4682//4682 4683//4683 4684//4684
f 4684//4684 4683//4683 4685//4685
f 4684//4684 4685//4685 4686//4686
f 4686//4686 4685//4685 4687//4687
f 4686//4686 4687//4687 4688//4688
f 4688//4688 4687//4687 4689//4689
f 4688//4688 4689//4689 4690//4690
f 4690//4690 4689//4689 4691//4691
f 4690//4690 4691//4691 4692//4692
f 4692//4692 4691//4691 4693//4693
f 4692//4692 4693//4693 4694//4694
f 4694//4694 4693//4693 4695//4695
f 4694//4694 4695//4695 4696//4696
f 4696//4696 4695//4695 4697//4697
f 4696//4696 4697//4697 4698//4698
f 4698//4698 4697//4697 4699//4699
f 4698//4698 4699//4699 4700//4700
f 4700//4700 4699//4699 4701//4701
f 4700//4700 4701//4701 4702//4702
f 4702//4702 4701//4701 4703//4703
f 4702//4702 4703//4703 4704//4704
f 4704//4704 4703//4703 4705//4705
f 4704//4704 4705//4705 4706//4706
f 4706//4706 4705//4705 4707//4707
f 4706//4706 4707//4707 4708//4708
f 4708//4708 4707//4707 4709//4709
f 4708//4708 4709//4709 4710//4710
f 4710//4710 4709//4709 4711//4711
f 4710//4710 4711//4711 4712//4712
f 4712//4712 4711//4711 4713//4713
f 4712//4712 4713//4713 4714//4714
f 4714//4714 4713//4713 4715//4715
f 4714//4714 4715//4715 4716//4716
f 4716//4716 4715//4715 4717//4717
f 4716//4716 4717//4717 4718//4718
f 4718//4718 4717//4717 4719//4719
f 4718//4718 4719//4719 4720//4720
f 4720//4720 4719//4719 4721//4721
f 4720//4720 4721//4721 4722//4722
f 4722//4722 4721//4721 4723//4723
f 4722//4722 4723//4723 4724//4724
f 4724//4724 4723//4723 4725//4725
f 4724//4724 4725//4725 4726//4726
f 4726//4726 4725//4725 4727//4727
f 4726//4726 4727//4727 4728//4728
f 4728//4728 4727//4727 4729//4729
f 4728//4728 4729//4729 4730//4730
f 4730//4730 4729//4729 4731//4731
f 4730//4730 4731//4731 4732//4732
f 4732//4732 4731//4731 4733//4733
f 4732//4732 4733//4733 4734//4734
f 4734//4734 4733//4733 4735//4735
f 4734//4734 4735//4735 4736//4736
f 4736//4736 4735//4735 4737//4737
f 4736//4736 4737//4737 4738//4738
f 4738//4738 4737//4737 4739//4739
f 4738//4738 4739//4739 4664//4664
f 4664//4664 4739//4739 4665//4665
f 4739//4739 4571//4571 4665//4665
f 4665//4665 4571//4571 4569//4569
f 4665//4665 4569//4569 4667//4667
f 4667//4667 4569//4569 4567//4567
f 4667//4667 4567//4567 4669//4669
f 4669//4669 4567//4567 4565//4565
f 4669//4669 4565//4565 4671//4671
f 4671//4671 4565//4565 4563//4563
f 4671//4671 4563//4563 4673//4673
f 4673//4673 4563//4563 4561//4561
f 4673//4673 4561//4561 4675//4675
f 4675//4675 4561//4561 4559//4559
f 4675//4675 4559//4559 4677//4677
f 4677//4677 4559//4559 4557//4557
f 4677//4677 4557//4557 4679//4679
f 4679//4679 4557//4557 4555//4555
f 4679//4679 4555//4555 4681//4681
f 4681//4681 4555//4555 4553//4553
f 4681//4681 4553//4553 4683//4683
f 4683//4683 4553//4553 4551//4551
f 4683//4683 4551//4551 4685//4685
f 4685//4685 4551//4551 4549//4549
f 4685//4685 4549//4549 4687//4687
f 4687//4687 4549//4549 4547//4547
f 4687//4687 4547//4547 4689//4689
f 4689//4689 4547//4547 4545//4545
f 4689//4689 4545//4545 4691//4691
f 4691//4691 4545//4545 4543//4543
f 4691//4691 4543//4543 4693//4693
f 4693//4693 4543//4543 4541//4541
f 4693//4693 4541//4541 4695//4695
f 4695//4695 4541//4541 4539//4539
f 4695//4695 4539//4539 4697//4697
f 4697//4697 4539//4539 4537//4537
f 4697//4697 4537//4537 4699//4699
f 4699//4699 4537//4537 4535//4535
f 4699//4699 4535//4535 4701//4701
f 4701//4701 4535//4535 4533//4533
f 4701//4701 4533//4533 4703//4703
f 4703//4703 4533//4533 4531//4531
f 4703//4703 4531//4531 4705//4705
f 4705//4705 4531//4531 4529//4529
f 4705//4705 4529//4529 4707//4707
f 4707//4707 4529//4529 4527//4527
f 4707//4707 4527//4527 4709//4709
f 4709//4709 4527//4527 4525//4525
f 4709//4709 4525//4525 4711//4711
f 4711//4711 4525//4525 4523//4523
f 4711//4711 4523//4523 4713//4713
f 4713//4713 4523//4523 4521//4521
f 4713//4713 4521//4521 4715//4715
f 4715//4715 4521//4521 4519//4519
f 4715//4715 4519//4519 4717//4717
f 4717//4717 4519//4519 4517//4517
f 4717//4717 4517//4517 4719//4719
f 4719//4719 4517//4517 4515//4515
f 4719//4719 4515//4515 4721//4721
f 4721//4721 4515//4515 4513//4513
f 4721//4721 4513//4513 4723//4723
f 4723//4723 4513//4513 4587//4587
f 4723//4723 4587//4587 4725//4725
f 4725//4725 4587//4587 4585//4585
f 4725//4725 4585//4585 4727//4727
f 4727//4727 4585//4585 4583//4583
f 4727//4727 4583//4583 4729//4729
f 4729//4729 4583//4583 4581//4581
f 4729//4729 4581//4581 4731//4731
f 4731//4731 4581//4581 4579//4579
f 4731//4731 4579//4579 4733//4733
f 4733//4733 4579//4579 4577//4577
f 4733//4733 4577//4577 4735//4735
f 4735//4735 4577//4577 4575//4575
f 4735//4735 4575//4575 4737//4737
f 4737//4737 4575//4575 4573//4573
f 4737//4737 4573//4573 4739//4739
f 4739//4739 4573//4573 4571//4571
f 4702//4702 4623//4623 4700//4700
f 4700//4700 4623//4623 4621//4621
f 4700//4700 4621//4621 4698//4698
f 4698//4698 4621//4621 4619//4619
f 4698//4698 4619//4619 4696//4696
f 4696//4696 4619//4619 4617//4617
f 4696//4696 4617//4617 4694//4694
f 4694//4694 4617//4617 4615//4615
f 4694//4694 4615//4615 4692//4692
f 4692//4692 4615//4615 4613//4613
f 4692//4692 4613//4613 4690//4690
f 4690//4690 4613//4613 4611//4611
f 4690//4690 4611//4611 4688//4688
f 4688//4688 4611//4611 4609//4609
f 4688//4688 4609//4609 4686//4686
f 4686//4686 4609//4609 4607//4607
f 4686//4686 4607//4607 4684//4684
f 4684//4684 4607//4607 4605//4605
f 4684//4684 4605//4605 4682//4682
f 4682//4682 4605//4605 4603//4603
f 4682//4682 4603//4603 4680//4680
f 4680//4680 4603//4603 4601//4601
f 4680//4680 4601//4601 4678//4678
f 4678//4678 4601//4601 4599//4599
f 4678//4678 4599//4599 4676//4676
f 4676//4676 4599//4599 4597//4597
f 4676//4676 4597//4597 4674//4674
f 4674//4674 4597//4597 4595//4595
f 4674//4674 4595//4595 4672//4672
f 4672//4672 4595//4595 4593//4593
f 4672//4672 4593//4593 4670//4670
f 4670//4670 4593//4593 4591//4591
f 4670//4670 4591//4591 4668//4668
f 4668//4668 4591//4591 4589//4589
f 4668//4668 4589//4589 4666//4666
f 4666//4666 4589//4589 4663//4663
f 4666//4666 4663//4663 4664//4664
f 4664//4664 4663//4663 4661//4661
f 4664//4664 4661//4661 4738//4738
f 4738//4738 4661//4661 4659//4659
f 4738//4738 4659//4659 4736//4736
f 4736//4736 4659//4659 4657//4657
f 4736//4736 4657//4657 4734//4734
f 4734//4734 4657//4657 4655//4655
f 4734//4734 4655//4655 4732//4732
f 4732//4732 4655//4655 4653//4653
f 4732//4732 4653//4653 4730//4730
f 4730//4730 4653//4653 4651//4651
f 4730//4730 4651//4651 4728//4728
f 4728//4728 4651//4651 4649//4649
f 4728//4728 4649//4649 4726//4726
f 4726//4726 4649//4649 4647//4647
f 4726//4726 4647//4647 4724//4724
f 4724//4724 4647//4647 4645//4645
f 4724//4724 4645//4645 4722//4722
f 4722//4722 4645//4645 4643//4643
f 4722//4722 4643//4643 4720//4720
f 4720//4720 4643//4643 4641//4641
f 4720//4720 4641//4641 4718//4718
f 4718//4718 4641//4641 4639//4639
f 4718//4718 4639//4639 4716//4716
f 4716//4716 4639//4639 4637//4637
f 4716//4716 4637//4637 4714//4714
f 4714//4714 4637//4637 4635//4635
f 4714//4714 4635//4635 4712//4712
f 4712//4712 4635//4635 4633//4633
f 4712//4712 4633//4633 4710//4710
f 4710//4710 4633//4633 4631//4631
f 4710//4710 4631//4631 4708//4708
f 4708//4708 4631//4631 4629//4629
f 4708//4708 4629//4629 4706//4706
f 4706//4706 4629//4629 4627//4627
f 4706//4706 4627//4627 4704//4704
f 4704//4704 4627//4627 4625//4625
f 4704//4704 4625//4625 4702//4702
f 4702//4702 4625//4625 4623//4623
f 4740//4740 4741//4741 4742//4742
f 4742//4742 4741//4741 4743//4743
f 4742//4742 4743//4743 4744//4744
f 4744//4744 4743//4743 4745//4745
f 4744//4744 4745//4745 4746//4746
f 4746//4746 4745//4745 4747//4747
f 4746//4746 4747//4747 4748//4748
f 4748//4748 4747//4747 4749//4749
f 4748//4748 4749//4749 4750//4750
f 4750//4750 4749//4749 4751//4751
f 4750//4750 4751//4751 4752//4752
f 4752//4752 4751//4751 4753//4753
f 4752//4752 4753//4753 4754//4754
f 4754//4754 4753//4753 4755//4755
f 4754//4754 4755//4755 4756//4756
f 4756//4756 4755//4755 4757//4757
f 4756//4756 4757//4757 4758//4758
f 4758//4758 4757//4757 4759//4759
f 4758//4758 4759//4759 4760//4760
f 4760//4760 4759//4759 4761//4761
f 4760//4760 4761//4761 4762//4762
f 4762//4762 4761//4761 4763//4763
f 4762//4762 4763//4763 4764//4764
f 4764//4764 4763//4763 4765//4765
f 4764//4764 4765//4765 4766//4766
f 4766//4766 4765//4765 4767//4767
f 4766//4766 4767//4767 4768//4768
f 4768//4768 4767//4767 4769//4769
f 4768//4768 4769//4769 4770//4770
f 4770//4770 4769//4769 4771//4771
f 4770//4770 4771//4771 4772//4772
f 4772//4772 4771//4771 4773//4773
f 4772//4772 4773//4773 4774//4774
f 4774//4774 4773//4773 4775//4775
f 4774//4774 4775//4775 4776//4776
f 4776//4776 4775//4775 4777//4777
f 4776//4776 4777//4777 4778//4778
f 4778//4778 4777//4777 4779//4779
f 4778//4778 4779//4779 4780//4780
f 4780//4780 4779//4779 4781//4781
f 4780//4780 4781//4781 4782//4782
f 4782//4782 4781//4781 4783//4783
f 4782//4782 4783//4783 4784//4784
f 4784//4784 4783//4783 4785//4785
f 4784//4784 4785//4785 4786//4786
f 4786//4786 4785//4785 4787//4787
f 4786//4786 4787//4787 4788//4788
f 4788//4788 4787//4787 4789//4789
f 4788//4788 4789//4789 4790//4790
f 4790//4790 4789//4789 4791//4791
f 4790//4790 4791//4791 4792//4792
f 4792//4792 4791//4791 4793//4793
f 4792//4792 4793//4793 4794//4794
f 4794//4794 4793//4793 4795//4795
f 4794//4794 4795//4795 4796//4796
f 4796//4796 4795//4795 4797//4797
f 4796//4796 4797//4797 4798//4798
f 4798//4798 4797//4797 4799//4799
f 4798//4798 4799//4799 4800//4800
f 4800//4800 4799//4799 4801//4801
f 4800//4800 4801//4801 4802//4802
f 4802//4802 4801//4801 4803//4803
f 4802//4802 4803//4803 4804//4804
f 4804//4804 4803//4803 4805//4805
f 4804//4804 4805//4805 4806//4806
f 4806//4806 4805//4805 4807//4807
f 4806//4806 4807//4807 4808//4808
f 4808//4808 4807//4807 4809//4809
f 4808//4808 4809//4809 4810//4810
f 4810//4810 4809//4809 4811//4811
f 4810//4810 4811//4811 4812//4812
f 4812//4812 4811//4811 4813//4813
f 4812//4812 4813//4813 4814//4814
f 4814//4814 4813//4813 4815//4815
f 4814//4814 4815//4815 4740//4740
f 4740//4740 4815//4815 4741//4741
f 4816//4816 4760//4760 4817//4817
f 4817//4817 4760//4760 4762//4762
f 4817//4817 4762//4762 4818//4818
f 4818//4818 4762//4762 4764//4764
f 4818//4818 4764//4764 4819//4819
f 4819//4819 4764//4764 4766//4766
f 4819//4819 4766//4766 4820//4820
f 4820//4820 4766//4766 4768//4768
f 4820//4820 4768//4768 4821//4821
f 4821//4821 4768//4768 4770//4770
f 4821//4821 4770//4770 4822//4822
f 4822//4822 4770//4770 4772//4772
f 4822//4822 4772//4772 4823//4823
f 4823//4823 4772//4772 4774//4774
f 4823//4823 4774//4774 4824//4824
f 4824//4824 4774//4774 4776//4776
f 4824//4824 4776//4776 4825//4825
f 4825//4825 4776//4776 4778//4778
f 4825//4825 4778//4778 4826//4826
f 4826//4826 4778//4778 4780//4780
f 4826//4826 4780//4780 4827//4827
f 4827//4827 4780//4780 4782//4782
f 4827//4827 4782//4782 4828//4828
f 4828//4828 4782//4782 4784//4784
f 4828//4828 4784//4784 4829//4829
f 4829//4829 4784//4784 4786//4786
f 4829//4829 4786//4786 4830//4830
f 4830//4830 4786//4786 4788//4788
f 4830//4830 4788//4788 4831//4831
f 4831//4831 4788//4788 4790//4790
f 4831//4831 4790//4790 4832//4832
f 4832//4832 4790//4790 4792//4792
f 4832//4832 4792//4792 4833//4833
f 4833//4833 4792//4792 4794//4794
f 4833//4833 4794//4794 4834//4834
f 4834//4834 4794//4794 4796//4796
f 4834//4834 4796//4796 4835//4835
f 4835//4835 4796//4796 4798//4798
f 4835//4835 4798//4798 4836//4836
f 4836//4836 4798//4798 4800//4800
f 4836//4836 4800//4800 4837//4837
f 4837//4837 4800//4800 4802//4802
f 4837//4837 4802//4802 4838//4838
f 4838//4838 4802//4802 4804//4804
f 4838//4838 4804//4804 4839//4839
f 4839//4839 4804//4804 4806//4806
f 4839//4839 4806//4806 4840//4840
f 4840//4840 4806//4806 4808//4808
f 4840//4840 4808//4808 4841//4841
f 4841//4841 4808//4808 4810//4810
f 4841//4841 4810//4810 4842//4842
f 4842//4842 4810//4810 4812//4812
f 4842//4842 4812//4812 4843//4843
f 4843//4843 4812//4812 4814//4814
f 4843//4843 4814//4814 4844//4844
f 4844//4844 4814//4814 4740//4740
f 4844//4844 4740//4740 4845//4845
f 4845//4845 4740//4740 4742//4742
f 4845//4845 4742//4742 4846//4846
f 4846//4846 4742//4742 4744//4744
f 4846//4846 4744//4744 4847//4847
f 4847//4847 4744//4744 4746//4746
f 4847//4847 4746//4746 4848//4848
f 4848//4848 4746//4746 4748//4748
f 4848//4848 4748//4748 4849//4849
f 4849//4849 4748//4748 4750//4750
f 4849//4849 4750//4750 4850//4850
f 4850//4850 4750//4750 4752//4752
f 4850//4850 4752//4752 4851//4851
f 4851//4851 4752//4752 4754//4754
f 4851//4851 4754//4754 4852//4852
f 4852//4852 4754//4754 4756//4756
f 4852//4852 4756//4756 4853//4853
f 4853//4853 4756//4756 4758//4758
f 4853//4853 4758//4758 4816//4816
f 4816//4816 4758//4758 4760//4760
f 4854//4854 4855//4855 4856//4856
f 4856//4856 4855//4855 4857//4857
f 4856//4856 4857//4857 4858//4858
f 4858//4858 4857//4857 4859//4859
f 4858//4858 4859//4859 4860//4860
f 4860//4860 4859//4859 4861//4861
f 4860//4860 4861//4861 4862//4862
f 4862//4862 4861//4861 4863//4863
f 4862//4862 4863//4863 4864//4864
f 4864//4864 4863//4863 4865//4865
f 4864//4864 4865//4865 4866//4866
f 4866//4866 4865//4865 4867//4867
f 4866//4866 4867//4867 4868//4868
f 4868//4868 4867//4867 4869//4869
f 4868//4868 4869//4869 4870//4870
f 4870//4870 4869//4869 4871//4871
f 4870//4870 4871//4871 4872//4872
f 4872//4872 4871//4871 4873//4873
f 4872//4872 4873//4873 4874//4874
f 4874//4874 4873//4873 4875//4875
f 4874//4874 4875//4875 4876//4876
f 4876//4876 4875//4875 4877//4877
f 4876//4876 4877//4877 4878//4878
f 4878//4878 4877//4877 4879//4879
f 4878//4878 4879//4879 4880//4880
f 4880//4880 4879//4879 4881//4881
f 4880//4880 4881//4881 4882//4882
f 4882//4882 4881//4881 4883//4883
f 4882//4882 4883//4883 4884//4884
f 4884//4884 4883//4883 4885//4885
f 4884//4884 4885//4885 4886//4886
f 4886//4886 4885//4885 4887//4887
f 4886//4886 4887//4887 4888//4888
f 4888//4888 4887//4887 4889//4889
f 4888//4888 4889//4889 4890//4890
f 4890//4890 4889//4889 4891//4891
f 4890//4890 4891//4891 4892//4892
f 4892//4892 4891//4891 4893//4893
f 4892//4892 4893//4893 4894//4894
f 4894//4894 4893//4893 4895//4895
f 4894//4894 4895//4895 4896//4896
f 4896//4896 4895//4895 4897//4897
f 4896//4896 4897//4897 4898//4898
f 4898//4898 4897//4897 4899//4899
f 4898//4898 4899//4899 4900//4900
f 4900//4900 4899//4899 4901//4901
f 4900//4900 4901//4901 4902//4902
f 4902//4902 4901//4901 4903//4903
f 4902//4902 4903//4903 4904//4904
f 4904//4904 4903//4903 4905//4905
f 4904//4904 4905//4905 4906//4906
f 4906//4906 4905//4905 4907//4907
f 4906//4906 4907//4907 4908//4908
f 4908//4908 4907//4907 4909//4909
f 4908//4908 4909//4909 4910//4910
f 4910//4910 4909//4909 4911//4911
f 4910//4910 4911//4911 4912//4912
f 4912//4912 4911//4911 4913//4913
f 4912//4912 4913//4913 4914//4914
f 4914//4914 4913//4913 4915//4915
f 4914//4914 4915//4915 4916//4916
f 4916//4916 4915//4915 4917//4917
f 4916//4916 4917//4917 4918//4918
f 4918//4918 4917//4917 4919//4919
f 4918//4918 4919//4919 4920//4920
f 4920//4920 4919//4919 4921//4921
f 4920//4920 4921//4921 4922//4922
f 4922//4922 4921//4921 4923//4923
f 4922//4922 4923//4923 4924//4924
f 4924//4924 4923//4923 4925//4925
f 4924//4924 4925//4925 4926//4926
f 4926//4926 4925//4925 4927//4927
f 4926//4926 4927//4927 4854//4854
f 4854//4854 4927//4927 4928//4928
f 4854//4854 4928//4928 4855//4855
f 4844//4844 4845//4845 4929//4929
f 4846//4846 4930//4930 4845//4845
f 4845//4845 4930//4930 4931//4931
f 4845//4845 4931//4931 4929//4929
f 4847//4847 4932//4932 4846//4846
f 4846//4846 4932//4932 4933//4933
f 4846//4846 4933//4933 4930//4930
f 4848//4848 4934//4934 4847//4847
f 4847//4847 4934//4934 4935//4935
f 4847//4847 4935//4935 4932//4932
f 4849//4849 4936//4936 4848//4848
f 4848//4848 4936//4936 4937//4937
f 4848//4848 4937//4937 4934//4934
f 4850//4850 4938//4938 4849//4849
f 4849//4849 4938//4938 4939//4939
f 4849//4849 4939//4939 4936//4936
f 4851//4851 4940//4940 4850//4850
f 4850//4850 4940//4940 4941//4941
f 4850//4850 4941//4941 4938//4938
f 4852//4852 4942//4942 4851//4851
f 4851//4851 4942//4942 4943//4943
f 4851//4851 4943//4943 4940//4940
f 4853//4853 4944//4944 4852//4852
f 4852//4852 4944//4944 4945//4945
f 4852//4852 4945//4945 4942//4942
f 4816//4816 4946//4946 4853//4853
f 4853//4853 4946//4946 4947//4947
f 4853//4853 4947//4947 4944//4944
f 4817//4817 4948//4948 4816//4816
f 4816//4816 4948//4948 4949//4949
f 4816//4816 4949//4949 4946//4946
f 4818//4818 4950//4950 4817//4817
f 4817//4817 4950//4950 4951//4951
f 4817//4817 4951//4951 4948//4948
f 4819//4819 4952//4952 4818//4818
f 4818//4818 4952//4952 4953//4953
f 4818//4818 4953//4953 4950//4950
f 4820//4820 4954//4954 4819//4819
f 4819//4819 4954//4954 4955//4955
f 4819//4819 4955//4955 4952//4952
f 4956//4956 4957//4957 4821//4821
f 4821//4821 4957//4957 4958//4958
f 4821//4821 4958//4958 4820//4820
f 4820//4820 4958//4958 4959//4959
f 4820//4820 4959//4959 4954//4954
f 4956//4956 4821//4821 4960//4960
f 4960//4960 4821//4821 4822//4822
f 4960//4960 4822//4822 4961//4961
f 4961//4961 4822//4822 4823//4823
f 4961//4961 4823//4823 4962//4962
f 4826//4826 4963//4963 4825//4825
f 4825//4825 4963//4963 4964//4964
f 4825//4825 4964//4964 4824//4824
f 4824//4824 4964//4964 4965//4965
f 4824//4824 4965//4965 4823//4823
f 4823//4823 4965//4965 4966//4966
f 4823//4823 4966//4966 4962//4962
f 4827//4827 4828//4828 4967//4967
f 4967//4967 4968//4968 4827//4827
f 4827//4827 4968//4968 4969//4969
f 4827//4827 4969//4969 4826//4826
f 4826//4826 4969//4969 4970//4970
f 4826//4826 4970//4970 4963//4963
f 4829//4829 4830//4830 4971//4971
f 4971//4971 4972//4972 4829//4829
f 4829//4829 4972//4972 4973//4973
f 4829//4829 4973//4973 4828//4828
f 4828//4828 4973//4973 4974//4974
f 4828//4828 4974//4974 4967//4967
f 4831//4831 4832//4832 4975//4975
f 4975//4975 4976//4976 4831//4831
f 4831//4831 4976//4976 4977//4977
f 4831//4831 4977//4977 4830//4830
f 4830//4830 4977//4977 4978//4978
f 4830//4830 4978//4978 4971//4971
f 4833//4833 4834//4834 4979//4979
f 4979//4979 4980//4980 4833//4833
f 4833//4833 4980//4980 4981//4981
f 4833//4833 4981//4981 4832//4832
f 4832//4832 4981//4981 4982//4982
f 4832//4832 4982//4982 4975//4975
f 4835//4835 4836//4836 4983//4983
f 4983//4983 4984//4984 4835//4835
f 4835//4835 4984//4984 4985//4985
f 4835//4835 4985//4985 4834//4834
f 4834//4834 4985//4985 4986//4986
f 4834//4834 4986//4986 4979//4979
f 4838//4838 4987//4987 4837//4837
f 4837//4837 4987//4987 4988//4988
f 4837//4837 4988//4988 4836//4836
f 4836//4836 4988//4988 4989//4989
f 4836//4836 4989//4989 4983//4983
f 4839//4839 4990//4990 4838//4838
f 4838//4838 4990//4990 4991//4991
f 4838//4838 4991//4991 4987//4987
f 4840//4840 4992//4992 4839//4839
f 4839//4839 4992//4992 4993//4993
f 4839//4839 4993//4993 4990//4990
f 4841//4841 4994//4994 4840//4840
f 4840//4840 4994//4994 4995//4995
f 4840//4840 4995//4995 4992//4992
f 4842//4842 4996//4996 4841//4841
f 4841//4841 4996//4996 4997//4997
f 4841//4841 4997//4997 4994//4994
f 4843//4843 4998//4998 4842//4842
f 4842//4842 4998//4998 4999//4999
f 4842//4842 4999//4999 4996//4996
f 4929//4929 5000//5000 4844//4844
f 4844//4844 5000//5000 5001//5001
f 4844//4844 5001//5001 4843//4843
f 4843//4843 5001//5001 5002//5002
f 4843//4843 5002//5002 4998//4998
f 4743//4743 4588//4588 4745//4745
f 4745//4745 4588//4588 4590//4590
f 4745//4745 4590//4590 4747//4747
f 4747//4747 4590//4590 4592//4592
f 4747//4747 4592//4592 4749//4749
f 4749//4749 4592//4592 4594//4594
f 4749//4749 4594//4594 4751//4751
f 4751//4751 4594//4594 4596//4596
f 4751//4751 4596//4596 4753//4753
f 4753//4753 4596//4596 4598//4598
f 4753//4753 4598//4598 4755//4755
f 4755//4755 4598//4598 4600//4600
f 4755//4755 4600//4600 4757//4757
f 4757//4757 4600//4600 4602//4602
f 4757//4757 4602//4602 4759//4759
f 4759//4759 4602//4602 4604//4604
f 4759//4759 4604//4604 4761//4761
f 4761//4761 4604//4604 4606//4606
f 4761//4761 4606//4606 4763//4763
f 4763//4763 4606//4606 4608//4608
f 4763//4763 4608//4608 4765//4765
f 4765//4765 4608//4608 4610//4610
f 4765//4765 4610//4610 4767//4767
f 4767//4767 4610//4610 4612//4612
f 4767//4767 4612//4612 4769//4769
f 4769//4769 4612//4612 4614//4614
f 4769//4769 4614//4614 4771//4771
f 4771//4771 4614//4614 4616//4616
f 4771//4771 4616//4616 4773//4773
f 4773//4773 4616//4616 4618//4618
f 4773//4773 4618//4618 4775//4775
f 4775//4775 4618//4618 4620//4620
f 4775//4775 4620//4620 4777//4777
f 4777//4777 4620//4620 4622//4622
f 4777//4777 4622//4622 4779//4779
f 4779//4779 4622//4622 4624//4624
f 4779//4779 4624//4624 4781//4781
f 4781//4781 4624//4624 4626//4626
f 4781//4781 4626//4626 4783//4783
f 4783//4783 4626//4626 4628//4628
f 4783//4783 4628//4628 4785//4785
f 4785//4785 4628//4628 4630//4630
f 4785//4785 4630//4630 4787//4787
f 4787//4787 4630//4630 4632//4632
f 4787//4787 4632//4632 4789//4789
f 4789//4789 4632//4632 4634//4634
f 4789//4789 4634//4634 4791//4791
f 4791//4791 4634//4634 4636//4636
f 4791//4791 4636//4636 4793//4793
f 4793//4793 4636//4636 4638//4638
f 4793//4793 4638//4638 4795//4795
f 4795//4795 4638//4638 4640//4640
f 4795//4795 4640//4640 4797//4797
f 4797//4797 4640//4640 4642//4642
f 4797//4797 4642//4642 4799//4799
f 4799//4799 4642//4642 4644//4644
f 4799//4799 4644//4644 4801//4801
f 4801//4801 4644//4644 4646//4646
f 4801//4801 4646//4646 4803//4803
f 4803//4803 4646//4646 4648//4648
f 4803//4803 4648//4648 4805//4805
f 4805//4805 4648//4648 4650//4650
f 4805//4805 4650//4650 4807//4807
f 4807//4807 4650//4650 4652//4652
f 4807//4807 4652//4652 4809//4809
f 4809//4809 4652//4652 4654//4654
f 4809//4809 4654//4654 4811//4811
f 4811//4811 4654//4654 4656//4656
f 4811//4811 4656//4656 4813//4813
f 4813//4813 4656//4656 4658//4658
f 4813//4813 4658//4658 4815//4815
f 4815//4815 4658//4658 4660//4660
f 4815//4815 4660//4660 4741//4741
f 4741//4741 4660//4660 4662//4662
f 4741//4741 4662//4662 4743//4743
f 4743//4743 4662//4662 4588//4588
f 4888//4888 4890//4890 4963//4963
f 4963//4963 4970//4970 4888//4888
f 4888//4888 4970//4970 4969//4969
f 4888//4888 4969//4969 4886//4886
f 4969//4969 4968//4968 4886//4886
f 4886//4886 4968//4968 4967//4967
f 4886//4886 4967//4967 4884//4884
f 4967//4967 4974//4974 4884//4884
f 4884//4884 4974//4974 4973//4973
f 4884//4884 4973//4973 4882//4882
f 4977//4977 4878//4878 4880//4880
f 4973//4973 4972//4972 4882//4882
f 4882//4882 4972//4972 4971//4971
f 4882//4882 4971//4971 4880//4880
f 4880//4880 4971//4971 4978//4978
f 4880//4880 4978//4978 4977//4977
f 4981//4981 4874//4874 4876//4876
f 4977//4977 4976//4976 4878//4878
f 4878//4878 4976//4976 4975//4975
f 4878//4878 4975//4975 4876//4876
f 4876//4876 4975//4975 4982//4982
f 4876//4876 4982//4982 4981//4981
f 4981//4981 4980//4980 4874//4874
f 4874//4874 4980//4980 4979//4979
f 4874//4874 4979//4979 4872//4872
f 4983//4983 4868//4868 4870//4870
f 4979//4979 4986//4986 4872//4872
f 4872//4872 4986//4986 4985//4985
f 4872//4872 4985//4985 4870//4870
f 4870//4870 4985//4985 4984//4984
f 4870//4870 4984//4984 4983//4983
f 4983//4983 4989//4989 4868//4868
f 4868//4868 4989//4989 4988//4988
f 4868//4868 4988//4988 4866//4866
f 4988//4988 4987//4987 4866//4866
f 4866//4866 4987//4987 4991//4991
f 4866//4866 4991//4991 4864//4864
f 4991//4991 4990//4990 4864//4864
f 4864//4864 4990//4990 4993//4993
f 4864//4864 4993//4993 4862//4862
f 4993//4993 4992//4992 4862//4862
f 4862//4862 4992//4992 4995//4995
f 4862//4862 4995//4995 4860//4860
f 4999//4999 4856//4856 4858//4858
f 4995//4995 4994//4994 4860//4860
f 4860//4860 4994//4994 4997//4997
f 4860//4860 4997//4997 4858//4858
f 4858//4858 4997//4997 4996//4996
f 4858//4858 4996//4996 4999//4999
f 4999//4999 4998//4998 4856//4856
f 4856//4856 4998//4998 5002//5002
f 4856//4856 5002//5002 4854//4854
f 5002//5002 5001//5001 4854//4854
f 4854//4854 5001//5001 5000//5000
f 4854//4854 5000//5000 4926//4926
f 4933//4933 4922//4922 4924//4924
f 5000//5000 4929//4929 4926//4926
f 4926//4926 4929//4929 4931//4931
f 4926//4926 4931//4931 4924//4924
f 4924//4924 4931//4931 4930//4930
f 4924//4924 4930//4930 4933//4933
f 4937//4937 4918//4918 4920//4920
f 4933//4933 4932//4932 4922//4922
f 4922//4922 4932//4932 4935//4935
f 4922//4922 4935//4935 4920//4920
f 4920//4920 4935//4935 4934//4934
f 4920//4920 4934//4934 4937//4937
f 4941//4941 4914//4914 4916//4916
f 4937//4937 4936//4936 4918//4918
f 4918//4918 4936//4936 4939//4939
f 4918//4918 4939//4939 4916//4916
f 4916//4916 4939//4939 4938//4938
f 4916//4916 4938//4938 4941//4941
f 4945//4945 4910//4910 4912//4912
f 4941//4941 4940//4940 4914//4914
f 4914//4914 4940//4940 4943//4943
f 4914//4914 4943//4943 4912//4912
f 4912//4912 4943//4943 4942//4942
f 4912//4912 4942//4942 4945//4945
f 4945//4945 4944//4944 4910//4910
f 4910//4910 4944//4944 4947//4947
f 4910//4910 4947//4947 4908//4908
f 4951//4951 4904//4904 4906//4906
f 4947//4947 4946//4946 4908//4908
f 4908//4908 4946//4946 4949//4949
f 4908//4908 4949//4949 4906//4906
f 4906//4906 4949//4949 4948//4948
f 4906//4906 4948//4948 4951//4951
f 4951//4951 4950//4950 4904//4904
f 4904//4904 4950//4950 4953//4953
f 4904//4904 4953//4953 4902//4902
f 4959//4959 4898//4898 4900//4900
f 4953//4953 4952//4952 4902//4902
f 4902//4902 4952//4952 4955//4955
f 4902//4902 4955//4955 4900//4900
f 4900//4900 4955//4955 4954//4954
f 4900//4900 4954//4954 4959//4959
f 4960//4960 4894//4894 4896//4896
f 4959//4959 4958//4958 4898//4898
f 4898//4898 4958//4958 4957//4957
f 4898//4898 4957//4957 4896//4896
f 4896//4896 4957//4957 4956//4956
f 4896//4896 4956//4956 4960//4960
f 4960//4960 4961//4961 4894//4894
f 4894//4894 4961//4961 4962//4962
f 4894//4894 4962//4962 4892//4892
f 4962//4962 4966//4966 4892//4892
f 4892//4892 4966//4966 4965//4965
f 4892//4892 4965//4965 4890//4890
f 4890//4890 4965//4965 4964//4964
f 4890//4890 4964//4964 4963//4963
f 4893//4893 4473//4473 4895//4895
f 4895//4895 4473//4473 4471//4471
f 4895//4895 4471//4471 4897//4897
f 4897//4897 4471//4471 4469//4469
f 4897//4897 4469//4469 4899//4899
f 4899//4899 4469//4469 4467//4467
f 4899//4899 4467//4467 4901//4901
f 4901//4901 4467//4467 4465//4465
f 4901//4901 4465//4465 4903//4903
f 4903//4903 4465//4465 4463//4463
f 4903//4903 4463//4463 4905//4905
f 4905//4905 4463//4463 4461//4461
f 4905//4905 4461//4461 4907//4907
f 4907//4907 4461//4461 4459//4459
f 4907//4907 4459//4459 4909//4909
f 4909//4909 4459//4459 4457//4457
f 4909//4909 4457//4457 4911//4911
f 4911//4911 4457//4457 4455//4455
f 4911//4911 4455//4455 4913//4913
f 4913//4913 4455//4455 4453//4453
f 4913//4913 4453//4453 4915//4915
f 4915//4915 4453//4453 4451//4451
f 4915//4915 4451//4451 4917//4917
f 4917//4917 4451//4451 4449//4449
f 4917//4917 4449//4449 4919//4919
f 4919//4919 4449//4449 4447//4447
f 4919//4919 4447//4447 4921//4921
f 4921//4921 4447//4447 4445//4445
f 4921//4921 4445//4445 4923//4923
f 4923//4923 4445//4445 4443//4443
f 4923//4923 4443//4443 4925//4925
f 4925//4925 4443//4443 4441//4441
f 4925//4925 4441//4441 4927//4927
f 4927//4927 4441//4441 4439//4439
f 4927//4927 4439//4439 4928//4928
f 4928//4928 4439//4439 4437//4437
f 4928//4928 4437//4437 4855//4855
f 4855//4855 4437//4437 4511//4511
f 4855//4855 4511//4511 4857//4857
f 4857//4857 4511//4511 4509//4509
f 4857//4857 4509//4509 4859//4859
f 4859//4859 4509//4509 4507//4507
f 4859//4859 4507//4507 4861//4861
f 4861//4861 4507//4507 4505//4505
f 4861//4861 4505//4505 4863//4863
f 4863//4863 4505//4505 4503//4503
f 4863//4863 4503//4503 4865//4865
f 4865//4865 4503//4503 4501//4501
f 4865//4865 4501//4501 4867//4867
f 4867//4867 4501//4501 4499//4499
f 4867//4867 4499//4499 4869//4869
f 4869//4869 4499//4499 4497//4497
f 4869//4869 4497//4497 4871//4871
f 4871//4871 4497//4497 4495//4495
f 4871//4871 4495//4495 4873//4873
f 4873//4873 4495//4495 4493//4493
f 4873//4873 4493//4493 4875//4875
f 4875//4875 4493//4493 4491//4491
f 4875//4875 4491//4491 4877//4877
f 4877//4877 4491//4491 4489//4489
f 4877//4877 4489//4489 4879//4879
f 4879//4879 4489//4489 4487//4487
f 4879//4879 4487//4487 4881//4881
f 4881//4881 4487//4487 4485//4485
f 4881//4881 4485//4485 4883//4883
f 4883//4883 4485//4485 4483//4483
f 4883//4883 4483//4483 4885//4885
f 4885//4885 4483//4483 4481//4481
f 4885//4885 4481//4481 4887//4887
f 4887//4887 4481//4481 4479//4479
f 4887//4887 4479//4479 4889//4889
f 4889//4889 4479//4479 4477//4477
f 4889//4889 4477//4477 4891//4891
f 4891//4891 4477//4477 4475//4475
f 4891//4891 4475//4475 4893//4893
f 4893//4893 4475//4475 4473//4473
f 4472//4472 4536//4536 4470//4470
f 4470//4470 4536//4536 4538//4538
f 4470//4470 4538//4538 4468//4468
f 4468//4468 4538//4538 4540//4540
f 4468//4468 4540//4540 4466//4466
f 4466//4466 4540//4540 4542//4542
f 4466//4466 4542//4542 4464//4464
f 4464//4464 4542//4542 4544//4544
f 4464//4464 4544//4544 4462//4462
f 4462//4462 4544//4544 4546//4546
f 4462//4462 4546//4546 4460//4460
f 4460//4460 4546//4546 4548//4548
f 4460//4460 4548//4548 4458//4458
f 4458//4458 4548//4548 4550//4550
f 4458//4458 4550//4550 4456//4456
f 4456//4456 4550//4550 4552//4552
f 4456//4456 4552//4552 4454//4454
f 4454//4454 4552//4552 4554//4554
f 4454//4454 4554//4554 4452//4452
f 4452//4452 4554//4554 4556//4556
f 4452//4452 4556//4556 4450//4450
f 4450//4450 4556//4556 4558//4558
f 4450//4450 4558//4558 4448//4448
f 4448//4448 4558//4558 4560//4560
f 4448//4448 4560//4560 4446//4446
f 4446//4446 4560//4560 4562//4562
f 4446//4446 4562//4562 4444//4444
f 4444//4444 4562//4562 4564//4564
f 4444//4444 4564//4564 4442//4442
f 4442//4442 4564//4564 4566//4566
f 4442//4442 4566//4566 4440//4440
f 4440//4440 4566//4566 4568//4568
f 4440//4440 4568//4568 4438//4438
f 4438//4438 4568//4568 4570//4570
f 4438//4438 4570//4570 4436//4436
f 4436//4436 4570//4570 4572//4572
f 4436//4436 4572//4572 4510//4510
f 4510//4510 4572//4572 4574//4574
f 4510//4510 4574//4574 4508//4508
f 4508//4508 4574//4574 4576//4576
f 4508//4508 4576//4576 4506//4506
f 4506//4506 4576//4576 4578//4578
f 4506//4506 4578//4578 4504//4504
f 4504//4504 4578//4578 4580//4580
f 4504//4504 4580//4580 4502//4502
f 4502//4502 4580//4580 4582//4582
f 4502//4502 4582//4582 4500//4500
f 4500//4500 4582//4582 4584//4584
f 4500//4500 4584//4584 4498//4498
f 4498//4498 4584//4584 4586//4586
f 4498//4498 4586//4586 4496//4496
f 4496//4496 4586//4586 4512//4512
f 4496//4496 4512//4512 4494//4494
f 4494//4494 4512//4512 4514//4514
f 4494//4494 4514//4514 4492//4492
f 4492//4492 4514//4514 4516//4516
f 4492//4492 4516//4516 4490//4490
f 4490//4490 4516//4516 4518//4518
f 4490//4490 4518//4518 4488//4488
f 4488//4488 4518//4518 4520//4520
f 4488//4488 4520//4520 4486//4486
f 4486//4486 4520//4520 4522//4522
f 4486//4486 4522//4522 4484//4484
f 4484//4484 4522//4522 4524//4524
f 4484//4484 4524//4524 4482//4482
f 4482//4482 4524//4524 4526//4526
f 4482//4482 4526//4526 4480//4480
f 4480//4480 4526//4526 4528//4528
f 4480//4480 4528//4528 4478//4478
f 4478//4478 4528//4528 4530//4530
f 4478//4478 4530//4530 4476//4476
f 4476//4476 4530//4530 4532//4532
f 4476//4476 4532//4532 4474//4474
f 4474//4474 4532//4532 4534//4534
f 4474//4474 4534//4534 4472//4472
f 4472//4472 4534//4534 4536//4536
f 5003//5003 5004//5004 5005//5005
f 5005//5005 5004//5004 5006//5006
f 5005//5005 5006//5006 5007//5007
f 5007//5007 5006//5006 5008//5008
f 5007//5007 5008//5008 5009//5009
f 5009//5009 5008//5008 5010//5010
f 5009//5009 5010//5010 5011//5011
f 5011//5011 5010//5010 5012//5012
f 5011//5011 5012//5012 5013//5013
f 5013//5013 5012//5012 5014//5014
f 5013//5013 5014//5014 5015//5015
f 5015//5015 5014//5014 5016//5016
f 5015//5015 5016//5016 5017//5017
f 5017//5017 5016//5016 5018//5018
f 5017//5017 5018//5018 5019//5019
f 5019//5019 5018//5018 5020//5020
f 5019//5019 5020//5020 5021//5021
f 5021//5021 5020//5020 5022//5022
f 5021//5021 5022//5022 5023//5023
f 5023//5023 5022//5022 5024//5024
f 5023//5023 5024//5024 5025//5025
f 5025//5025 5024//5024 5026//5026
f 5025//5025 5026//5026 5027//5027
f 5027//5027 5026//5026 5028//5028
f 5027//5027 5028//5028 5029//5029
f 5029//5029 5028//5028 5030//5030
f 5029//5029 5030//5030 5031//5031
f 5031//5031 5030//5030 5032//5032
f 5031//5031 5032//5032 5033//5033
f 5033//5033 5032//5032 5034//5034
f 5033//5033 5034//5034 5035//5035
f 5035//5035 5034//5034 5036//5036
f 5035//5035 5036//5036 5037//5037
f 5037//5037 5036//5036 5038//5038
f 5037//5037 5038//5038 5039//5039
f 5039//5039 5038//5038 5040//5040
f 5039//5039 5040//5040 5041//5041
f 5041//5041 5040//5040 5042//5042
f 5041//5041 5042//5042 5043//5043
f 5043//5043 5042//5042 5044//5044
f 5043//5043 5044//5044 5045//5045
f 5045//5045 5044//5044 5046//5046
f 5045//5045 5046//5046 5047//5047
f 5047//5047 5046//5046 5048//5048
f 5047//5047 5048//5048 5049//5049
f 5049//5049 5048//5048 5050//5050
f 5049//5049 5050//5050 5051//5051
f 5051//5051 5050//5050 5052//5052
f 5051//5051 5052//5052 5053//5053
f 5053//5053 5052//5052 5054//5054
f 5053//5053 5054//5054 5055//5055
f 5055//5055 5054//5054 5056//5056
f 5055//5055 5056//5056 5057//5057
f 5057//5057 5056//5056 5058//5058
f 5057//5057 5058//5058 5059//5059
f 5059//5059 5058//5058 5060//5060
f 5059//5059 5060//5060 5061//5061
f 5061//5061 5060//5060 5062//5062
f 5061//5061 5062//5062 5063//5063
f 5063//5063 5062//5062 5064//5064
f 5063//5063 5064//5064 5065//5065
f 5065//5065 5064//5064 5066//5066
f 5065//5065 5066//5066 5067//5067
f 5067//5067 5066//5066 5068//5068
f 5067//5067 5068//5068 5069//5069
f 5069//5069 5068//5068 5070//5070
f 5069//5069 5070//5070 5071//5071
f 5071//5071 5070//5070 5072//5072
f 5071//5071 5072//5072 5073//5073
f 5073//5073 5072//5072 5074//5074
f 5073//5073 5074//5074 5075//5075
f 5075//5075 5074//5074 5076//5076
f 5075//5075 5076//5076 5077//5077
f 5077//5077 5076//5076 5078//5078
f 5077//5077 5078//5078 5003//5003
f 5003//5003 5078//5078 5004//5004
f 5079//5079 5080//5080 5081//5081
f 5079//5079 5081//5081 5082//5082
f 5083//5083 5084//5084 5081//5081
f 5081//5081 5084//5084 5085//5085
f 5081//5081 5085//5085 5082//5082
f 5086//5086 5087//5087 5081//5081
f 5081//5081 5087//5087 5088//5088
f 5081//5081 5088//5088 5083//5083
f 5089//5089 5090//5090 5081//5081
f 5081//5081 5090//5090 5091//5091
f 5081//5081 5091//5091 5086//5086
f 5092//5092 5093//5093 5081//5081
f 5081//5081 5093//5093 5094//5094
f 5081//5081 5094//5094 5089//5089
f 5095//5095 5096//5096 5081//5081
f 5081//5081 5096//5096 5097//5097
f 5081//5081 5097//5097 5092//5092
f 5098//5098 5099//5099 5081//5081
f 5081//5081 5099//5099 5100//5100
f 5081//5081 5100//5100 5095//5095
f 5101//5101 5102//5102 5081//5081
f 5081//5081 5102//5102 5103//5103
f 5081//5081 5103//5103 5098//5098
f 5104//5104 5105//5105 5081//5081
f 5081//5081 5105//5105 5106//5106
f 5081//5081 5106//5106 5101//5101
f 5107//5107 5108//5108 5081//5081
f 5081//5081 5108//5108 5109//5109
f 5081//5081 5109//5109 5104//5104
f 5110//5110 5111//5111 5081//5081
f 5081//5081 5111//5111 5112//5112
f 5081//5081 5112//5112 5107//5107
f 5113//5113 5114//5114 5081//5081
f 5081//5081 5114//5114 5115//5115
f 5081//5081 5115//5115 5110//5110
f 5080//5080 5116//5116 5081//5081
f 5081//5081 5116//5116 5117//5117
f 5081//5081 5117//5117 5113//5113
f 5118//5118 5119//5119 5120//5120
f 5118//5118 5120//5120 5121//5121
f 5122//5122 5123//5123 5120//5120
f 5120//5120 5123//5123 5124//5124
f 5120//5120 5124//5124 5121//5121
f 5125//5125 5126//5126 5120//5120
f 5120//5120 5126//5126 5127//5127
f 5120//5120 5127//5127 5122//5122
f 5128//5128 5129//5129 5120//5120
f 5120//5120 5129//5129 5130//5130
f 5120//5120 5130//5130 5125//5125
f 5131//5131 5132//5132 5120//5120
f 5120//5120 5132//5132 5133//5133
f 5120//5120 5133//5133 5128//5128
f 5134//5134 5135//5135 5120//5120
f 5120//5120 5135//5135 5136//5136
f 5120//5120 5136//5136 5131//5131
f 5137//5137 5138//5138 5120//5120
f 5120//5120 5138//5138 5139//5139
f 5120//5120 5139//5139 5134//5134
f 5140//5140 5141//5141 5120//5120
f 5120//5120 5141//5141 5142//5142
f 5120//5120 5142//5142 5137//5137
f 5143//5143 5144//5144 5120//5120
f 5120//5120 5144//5144 5145//5145
f 5120//5120 5145//5145 5140//5140
f 5146//5146 5147//5147 5120//5120
f 5120//5120 5147//5147 5148//5148
f 5120//5120 5148//5148 5143//5143
f 5149//5149 5150//5150 5120//5120
f 5120//5120 5150//5150 5151//5151
f 5120//5120 5151//5151 5146//5146
f 5152//5152 5153//5153 5120//5120
f 5120//5120 5153//5153 5154//5154
f 5120//5120 5154//5154 5149//5149
f 5119//5119 5155//5155 5120//5120
f 5120//5120 5155//5155 5156//5156
f 5120//5120 5156//5156 5152//5152
f 5078//5078 5103//5103 5004//5004
f 5004//5004 5103//5103 5102//5102
f 5004//5004 5102//5102 5006//5006
f 5006//5006 5102//5102 5101//5101
f 5006//5006 5101//5101 5008//5008
f 5008//5008 5101//5101 5106//5106
f 5008//5008 5106//5106 5010//5010
f 5010//5010 5106//5106 5105//5105
f 5010//5010 5105//5105 5012//5012
f 5012//5012 5105//5105 5104//5104
f 5012//5012 5104//5104 5014//5014
f 5014//5014 5104//5104 5109//5109
f 5014//5014 5109//5109 5016//5016
f 5016//5016 5109//5109 5108//5108
f 5016//5016 5108//5108 5018//5018
f 5018//5018 5108//5108 5107//5107
f 5018//5018 5107//5107 5020//5020
f 5020//5020 5107//5107 5112//5112
f 5020//5020 5112//5112 5022//5022
f 5022//5022 5112//5112 5111//5111
f 5022//5022 5111//5111 5024//5024
f 5024//5024 5111//5111 5110//5110
f 5024//5024 5110//5110 5026//5026
f 5026//5026 5110//5110 5115//5115
f 5026//5026 5115//5115 5028//5028
f 5028//5028 5115//5115 5114//5114
f 5028//5028 5114//5114 5030//5030
f 5030//5030 5114//5114 5113//5113
f 5030//5030 5113//5113 5032//5032
f 5032//5032 5113//5113 5117//5117
f 5032//5032 5117//5117 5034//5034
f 5034//5034 5117//5117 5116//5116
f 5034//5034 5116//5116 5036//5036
f 5036//5036 5116//5116 5080//5080
f 5036//5036 5080//5080 5038//5038
f 5038//5038 5080//5080 5079//5079
f 5038//5038 5079//5079 5040//5040
f 5040//5040 5079//5079 5082//5082
f 5040//5040 5082//5082 5042//5042
f 5042//5042 5082//5082 5085//5085
f 5042//5042 5085//5085 5044//5044
f 5044//5044 5085//5085 5084//5084
f 5044//5044 5084//5084 5046//5046
f 5046//5046 5084//5084 5083//5083
f 5046//5046 5083//5083 5048//5048
f 5048//5048 5083//5083 5088//5088
f 5048//5048 5088//5088 5050//5050
f 5050//5050 5088//5088 5087//5087
f 5050//5050 5087//5087 5052//5052
f 5052//5052 5087//5087 5086//5086
f 5052//5052 5086//5086 5054//5054
f 5054//5054 5086//5086 5091//5091
f 5054//5054 5091//5091 5056//5056
f 5056//5056 5091//5091 5090//5090
f 5056//5056 5090//5090 5058//5058
f 5058//5058 5090//5090 5089//5089
f 5058//5058 5089//5089 5060//5060
f 5060//5060 5089//5089 5094//5094
f 5060//5060 5094//5094 5062//5062
f 5062//5062 5094//5094 5093//5093
f 5062//5062 5093//5093 5064//5064
f 5064//5064 5093//5093 5092//5092
f 5064//5064 5092//5092 5066//5066
f 5066//5066 5092//5092 5097//5097
f 5066//5066 5097//5097 5068//5068
f 5068//5068 5097//5097 5096//5096
f 5068//5068 5096//5096 5070//5070
f 5070//5070 5096//5096 5095//5095
f 5070//5070 5095//5095 5072//5072
f 5072//5072 5095//5095 5100//5100
f 5072//5072 5100//5100 5074//5074
f 5074//5074 5100//5100 5099//5099
f 5074//5074 5099//5099 5076//5076
f 5076//5076 5099//5099 5098//5098
f 5076//5076 5098//5098 5078//5078
f 5078//5078 5098//5098 5103//5103
f 5041//5041 5121//5121 5039//5039
f 5039//5039 5121//5121 5124//5124
f 5039//5039 5124//5124 5037//5037
f 5037//5037 5124//5124 5123//5123
f 5037//5037 5123//5123 5035//5035
f 5035//5035 5123//5123 5122//5122
f 5035//5035 5122//5122 5033//5033
f 5033//5033 5122//5122 5127//5127
f 5033//5033 5127//5127 5031//5031
f 5031//5031 5127//5127 5126//5126
f 5031//5031 5126//5126 5029//5029
f 5029//5029 5126//5126 5125//5125
f 5029//5029 5125//5125 5027//5027
f 5027//5027 5125//5125 5130//5130
f 5027//5027 5130//5130 5025//5025
f 5025//5025 5130//5130 5129//5129
f 5025//5025 5129//5129 5023//5023
f 5023//5023 5129//5129 5128//5128
f 5023//5023 5128//5128 5021//5021
f 5021//5021 5128//5128 5133//5133
f 5021//5021 5133//5133 5019//5019
f 5019//5019 5133//5133 5132//5132
f 5019//5019 5132//5132 5017//5017
f 5017//5017 5132//5132 5131//5131
f 5017//5017 5131//5131 5015//5015
f 5015//5015 5131//5131 5136//5136
f 5015//5015 5136//5136 5013//5013
f 5013//5013 5136//5136 5135//5135
f 5013//5013 5135//5135 5011//5011
f 5011//5011 5135//5135 5134//5134
f 5011//5011 5134//5134 5009//5009
f 5009//5009 5134//5134 5139//5139
f 5009//5009 5139//5139 5007//5007
f 5007//5007 5139//5139 5138//5138
f 5007//5007 5138//5138 5005//5005
f 5005//5005 5138//5138 5137//5137
f 5005//5005 5137//5137 5003//5003
f 5003//5003 5137//5137 5142//5142
f 5003//5003 5142//5142 5077//5077
f 5077//5077 5142//5142 5141//5141
f 5077//5077 5141//5141 5075//5075
f 5075//5075 5141//5141 5140//5140
f 5075//5075 5140//5140 5073//5073
f 5073//5073 5140//5140 5145//5145
f 5073//5073 5145//5145 5071//5071
f 5071//5071 5145//5145 5144//5144
f 5071//5071 5144//5144 5069//5069
f 5069//5069 5144//5144 5143//5143
f 5069//5069 5143//5143 5067//5067
f 5067//5067 5143//5143 5148//5148
f 5067//5067 5148//5148 5065//5065
f 5065//5065 5148//5148 5147//5147
f 5065//5065 5147//5147 5063//5063
f 5063//5063 5147//5147 5146//5146
f 5063//5063 5146//5146 5061//5061
f 5061//5061 5146//5146 5151//5151
f 5061//5061 5151//5151 5059//5059
f 5059//5059 5151//5151 5150//5150
f 5059//5059 5150//5150 5057//5057
f 5057//5057 5150//5150 5149//5149
f 5057//5057 5149//5149 5055//5055
f 5055//5055 5149//5149 5154//5154
f 5055//5055 5154//5154 5053//5053
f 5053//5053 5154//5154 5153//5153
f 5053//5053 5153//5153 5051//5051
f 5051//5051 5153//5153 5152//5152
f 5051//5051 5152//5152 5049//5049
f 5049//5049 5152//5152 5156//5156
f 5049//5049 5156//5156 5047//5047
f 5047//5047 5156//5156 5155//5155
f 5047//5047 5155//5155 5045//5045
f 5045//5045 5155//5155 5119//5119
f 5045//5045 5119//5119 5043//5043
f 5043//5043 5119//5119 5118//5118
f 5043//5043 5118//5118 5041//5041
f 5041//5041 5118//5118 5121//5121
