# exported from MuJoCo
v 0.017821 -0.039967 -0.077474
v -0.007785 -0.039140 -0.085751
v 0.018257 -0.039147 -0.084015
v -0.007363 -0.037253 -0.092068
v 0.018679 -0.037260 -0.090332
v -0.006968 -0.034349 -0.097989
v 0.019074 -0.034356 -0.096253
v -0.006609 -0.030508 -0.103352
v 0.019433 -0.030516 -0.101616
v -0.006297 -0.025835 -0.108011
v 0.019745 -0.025843 -0.106275
v -0.006040 -0.020457 -0.111840
v 0.020002 -0.020465 -0.110103
v -0.005846 -0.014521 -0.114732
v 0.020196 -0.014529 -0.112996
v -0.005719 -0.008189 -0.116611
v 0.020323 -0.008196 -0.114875
v -0.005663 -0.001633 -0.117424
v 0.020379 -0.001640 -0.115687
v -0.005679 0.004968 -0.117149
v 0.020363 0.004960 -0.115413
v -0.005768 0.011433 -0.115794
v 0.020274 0.011426 -0.114057
v -0.005926 0.017587 -0.113395
v 0.020116 0.017579 -0.111659
v -0.006149 0.023261 -0.110019
v 0.019893 0.023253 -0.108283
v -0.006432 0.028300 -0.105757
v 0.019610 0.028293 -0.104020
v -0.006766 0.032568 -0.100725
v 0.019276 0.032561 -0.098989
v -0.007143 0.035948 -0.095061
v 0.018899 0.035940 -0.093325
v -0.007552 0.038347 -0.088920
v 0.018490 0.038340 -0.087183
v -0.007982 0.039700 -0.082468
v 0.018061 0.039693 -0.080731
v -0.008421 0.039971 -0.075881
v 0.017622 0.039964 -0.074145
v -0.008857 0.039151 -0.069341
v 0.017185 0.039144 -0.067604
v -0.009279 0.037264 -0.063024
v 0.016764 0.037257 -0.061287
v -0.009674 0.034361 -0.057103
v 0.016368 0.034353 -0.055367
v -0.010033 0.030520 -0.051740
v 0.016009 0.030512 -0.050003
v -0.010345 0.025847 -0.047080
v 0.015697 0.025839 -0.045344
v -0.010602 0.020469 -0.043252
v 0.015441 0.020461 -0.041516
v -0.010796 0.014533 -0.040359
v 0.015246 0.014525 -0.038623
v -0.010923 0.008200 -0.038481
v 0.015119 0.008193 -0.036745
v -0.010979 0.001644 -0.037668
v 0.015063 0.001637 -0.035932
v -0.010963 -0.004956 -0.037943
v 0.015079 -0.004964 -0.036207
v -0.010874 -0.011421 -0.039298
v 0.015168 -0.011429 -0.037562
v -0.010716 -0.017575 -0.041696
v 0.015326 -0.017582 -0.039960
v -0.010493 -0.023249 -0.045073
v 0.015550 -0.023256 -0.043336
v -0.010210 -0.028289 -0.049335
v 0.015832 -0.028296 -0.047599
v -0.009876 -0.032557 -0.054367
v 0.016167 -0.032564 -0.052630
v -0.009499 -0.035936 -0.060030
v 0.016543 -0.035944 -0.058294
v -0.009090 -0.038335 -0.066172
v 0.016952 -0.038343 -0.064436
v -0.008660 -0.039689 -0.072624
v 0.017382 -0.039696 -0.070888
v -0.008221 -0.039959 -0.079210
v -0.010411 0.037973 -0.076098
v -0.009994 0.037716 -0.082355
v -0.010317 0.000006 -0.077679
v -0.010826 0.037195 -0.069884
v -0.011943 0.028995 -0.053163
v -0.011602 0.032643 -0.058258
v -0.011226 0.035402 -0.063883
v -0.012668 0.013807 -0.042352
v -0.012483 0.019446 -0.045100
v -0.012239 0.024555 -0.048737
v -0.012826 -0.004708 -0.040056
v -0.012842 0.001563 -0.039795
v -0.012789 0.007791 -0.040567
v -0.012380 -0.022086 -0.046829
v -0.012592 -0.016695 -0.043622
v -0.012742 -0.010850 -0.041343
v -0.011436 -0.034139 -0.061039
v -0.011794 -0.030928 -0.055659
v -0.012111 -0.026873 -0.050878
v -0.010222 -0.037961 -0.079260
v -0.010639 -0.037704 -0.073003
v -0.011047 -0.036418 -0.066874
v -0.009031 -0.032631 -0.097100
v -0.009407 -0.035389 -0.091475
v -0.009807 -0.037182 -0.085474
v -0.008150 -0.019434 -0.110258
v -0.008394 -0.024543 -0.106621
v -0.008690 -0.028982 -0.102195
v -0.007791 -0.001550 -0.115563
v -0.007845 -0.007779 -0.114791
v -0.007965 -0.013794 -0.113006
v -0.008041 0.016708 -0.111736
v -0.007891 0.010862 -0.114014
v -0.007807 0.004720 -0.115302
v -0.008840 0.030940 -0.099699
v -0.008522 0.026886 -0.104479
v -0.008254 0.022098 -0.108528
v -0.009586 0.036430 -0.088484
v -0.009197 0.034151 -0.094318
v 0.019622 0.037965 -0.074095
v 0.019208 0.037186 -0.067882
v 0.019717 -0.000002 -0.075677
v 0.020039 0.037708 -0.080352
v 0.021194 0.030932 -0.097697
v 0.020836 0.034143 -0.092316
v 0.020448 0.036422 -0.086482
v 0.021992 0.016699 -0.109733
v 0.021780 0.022090 -0.106526
v 0.021511 0.026877 -0.102477
v 0.022242 -0.001559 -0.113561
v 0.022226 0.004712 -0.113299
v 0.022142 0.010854 -0.112012
v 0.021883 -0.019442 -0.108256
v 0.022068 -0.013803 -0.111004
v 0.022189 -0.007787 -0.112788
v 0.021002 -0.032639 -0.095097
v 0.021343 -0.028991 -0.100192
v 0.021639 -0.024551 -0.104619
v 0.019811 -0.037969 -0.077258
v 0.020226 -0.037191 -0.083471
v 0.020626 -0.035398 -0.089473
v 0.018598 -0.034147 -0.059037
v 0.018986 -0.036426 -0.064871
v 0.019394 -0.037712 -0.071001
v 0.017654 -0.022094 -0.044827
v 0.017922 -0.026882 -0.048876
v 0.018240 -0.030936 -0.053656
v 0.017207 -0.004716 -0.038054
v 0.017291 -0.010858 -0.039341
v 0.017441 -0.016704 -0.041620
v 0.017365 0.013798 -0.040349
v 0.017245 0.007783 -0.038565
v 0.017191 0.001554 -0.037792
v 0.018090 0.028986 -0.051161
v 0.017794 0.024547 -0.046734
v 0.017550 0.019438 -0.043097
v 0.018807 0.035393 -0.061880
v 0.018431 0.032635 -0.056256
v -0.037890 0.000018 0.126940
v -0.035611 -0.006567 0.100934
v -0.037347 -0.006566 0.126977
v -0.033995 -0.012971 0.101042
v -0.035731 -0.012970 0.127085
v -0.031348 -0.019022 0.101219
v -0.033085 -0.019021 0.127261
v -0.027745 -0.024554 0.101460
v -0.029481 -0.024553 0.127502
v -0.023282 -0.029415 0.101757
v -0.025018 -0.029415 0.127799
v -0.018081 -0.033475 0.102104
v -0.019817 -0.033474 0.128146
v -0.012285 -0.036621 0.102491
v -0.014021 -0.036620 0.128533
v -0.006051 -0.038767 0.102906
v -0.007787 -0.038766 0.128949
v 0.000451 -0.039857 0.103340
v -0.001286 -0.039856 0.129382
v 0.007042 -0.039859 0.103779
v 0.005306 -0.039858 0.129822
v 0.013545 -0.038773 0.104213
v 0.011808 -0.038772 0.130255
v 0.019780 -0.036630 0.104628
v 0.018043 -0.036629 0.130671
v 0.025578 -0.033487 0.105015
v 0.023842 -0.033486 0.131057
v 0.030781 -0.029431 0.105362
v 0.029045 -0.029430 0.131404
v 0.035247 -0.024572 0.105659
v 0.033510 -0.024571 0.131701
v 0.038854 -0.019042 0.105899
v 0.037117 -0.019041 0.131942
v 0.041503 -0.012993 0.106076
v 0.039767 -0.012992 0.132118
v 0.043123 -0.006589 0.106184
v 0.041387 -0.006588 0.132226
v 0.043669 -0.000006 0.106220
v 0.041933 -0.000005 0.132262
v 0.043127 0.006578 0.106183
v 0.041391 0.006579 0.132226
v 0.041511 0.012983 0.106075
v 0.039774 0.012984 0.132118
v 0.038864 0.019034 0.105899
v 0.037128 0.019035 0.131941
v 0.035261 0.024565 0.105658
v 0.033524 0.024566 0.131700
v 0.030798 0.029427 0.105361
v 0.029061 0.029428 0.131403
v 0.025597 0.033486 0.105014
v 0.023861 0.033487 0.131056
v 0.019801 0.036632 0.104627
v 0.018064 0.036633 0.130669
v 0.013567 0.038779 0.104211
v 0.011830 0.038780 0.130254
v 0.007065 0.039868 0.103778
v 0.005329 0.039869 0.129820
v 0.000474 0.039870 0.103338
v -0.001263 0.039871 0.129381
v -0.006029 0.038785 0.102905
v -0.007765 0.038786 0.128947
v -0.012264 0.036641 0.102489
v -0.014000 0.036642 0.128531
v -0.018062 0.033499 0.102103
v -0.019798 0.033500 0.128145
v -0.023265 0.029442 0.101756
v -0.025001 0.029443 0.127798
v -0.027731 0.024583 0.101459
v -0.029467 0.024584 0.127501
v -0.031338 0.019054 0.101218
v -0.033074 0.019055 0.127260
v -0.033987 0.013004 0.101042
v -0.035723 0.013005 0.127084
v -0.035607 0.006601 0.100934
v -0.037343 0.006602 0.126976
v -0.036153 0.000017 0.100898
v 0.041807 -0.000005 0.104091
v 0.041288 -0.006260 0.104057
v 0.003891 0.000006 0.101563
v 0.041292 0.006250 0.104057
v 0.033819 0.023337 0.103558
v 0.037242 0.018082 0.103786
v 0.039756 0.012334 0.103954
v 0.019132 0.034801 0.102578
v 0.024638 0.031812 0.102945
v 0.029579 0.027956 0.103275
v 0.000771 0.037877 0.101354
v 0.007033 0.037875 0.101771
v 0.013209 0.036840 0.102183
v -0.016838 0.031824 0.100180
v -0.011330 0.034809 0.100547
v -0.005406 0.036846 0.100942
v -0.029450 0.018101 0.099340
v -0.026023 0.023354 0.099568
v -0.021781 0.027971 0.099851
v -0.034025 0.000016 0.099035
v -0.033506 0.006271 0.099070
v -0.031967 0.012354 0.099172
v -0.029460 -0.018071 0.099340
v -0.031974 -0.012323 0.099173
v -0.033509 -0.006238 0.099070
v -0.016856 -0.031801 0.100181
v -0.021797 -0.027945 0.099852
v -0.026037 -0.023326 0.099569
v 0.000749 -0.037864 0.101355
v -0.005427 -0.036829 0.100943
v -0.011350 -0.034789 0.100549
v 0.019112 -0.034798 0.102579
v 0.013188 -0.036834 0.102185
v 0.007011 -0.037865 0.101773
v 0.033805 -0.023343 0.103559
v 0.029563 -0.027959 0.103276
v 0.024620 -0.031813 0.102947
v 0.039749 -0.012343 0.103954
v 0.037232 -0.018090 0.103787
v 0.039805 -0.000004 0.134125
v 0.039289 0.006251 0.134090
v 0.001889 0.000007 0.131597
v 0.039286 -0.006258 0.134090
v 0.031803 -0.023342 0.133592
v 0.035229 -0.018089 0.133820
v 0.037747 -0.012342 0.133988
v 0.017109 -0.034797 0.132613
v 0.022618 -0.031811 0.132980
v 0.027560 -0.027958 0.133309
v -0.001253 -0.037862 0.131389
v 0.005009 -0.037864 0.131806
v 0.011186 -0.036833 0.132218
v -0.018858 -0.031800 0.130215
v -0.013352 -0.034788 0.130582
v -0.007430 -0.036828 0.130977
v -0.031462 -0.018070 0.129374
v -0.028039 -0.023325 0.129602
v -0.023799 -0.027943 0.129885
v -0.036027 0.000018 0.129069
v -0.035512 -0.006237 0.129103
v -0.033976 -0.012322 0.129206
v -0.031452 0.018102 0.129373
v -0.033969 0.012356 0.129205
v -0.035508 0.006272 0.129103
v -0.018840 0.031825 0.130213
v -0.023783 0.027972 0.129884
v -0.028026 0.023355 0.129601
v -0.001232 0.037878 0.131387
v -0.007409 0.036847 0.130975
v -0.013332 0.034811 0.130581
v 0.017129 0.034802 0.132611
v 0.011207 0.036841 0.132217
v 0.005031 0.037876 0.131805
v 0.031816 0.023338 0.133591
v 0.027576 0.027957 0.133308
v 0.022636 0.031813 0.132979
v 0.037754 0.012335 0.133987
v 0.035240 0.018083 0.133820
v 0.041807 -0.000005 0.104091
v 0.043669 -0.000006 0.106220
v 0.041933 -0.000005 0.132262
v -0.036027 0.000018 0.129069
v -0.037890 0.000018 0.126940
v -0.013192 -0.041517 -0.052479
v -0.015963 -0.042785 -0.061849
v -0.014656 -0.043521 -0.066598
v 0.003290 -0.045254 -0.085028
v 0.002742 -0.045998 -0.076817
v -0.001552 -0.045912 -0.076715
v -0.024955 0.012146 -0.114428
v -0.025181 0.008156 -0.115652
v -0.028148 0.007911 -0.109194
v -0.010813 0.013012 -0.121357
v -0.010881 0.008744 -0.122535
v -0.016337 0.008579 -0.122181
v -0.005814 0.004458 -0.123133
v -0.005819 0.000004 -0.123363
v -0.010938 0.000006 -0.123487
v -0.016417 0.004313 -0.122920
v -0.016210 0.012769 -0.120962
v -0.016035 0.016845 -0.119280
v -0.010721 0.017160 -0.119727
v -0.021467 0.039162 -0.080211
v -0.019341 0.039930 -0.085620
v -0.021158 0.035572 -0.094233
v -0.020241 0.040817 -0.075775
v -0.018889 0.042023 -0.071204
v -0.017134 0.042734 -0.076287
v -0.011004 0.043105 -0.060495
v -0.009164 0.043773 -0.063198
v -0.010440 0.044806 -0.072947
v 0.002218 0.045257 -0.068574
v 0.002767 0.046003 -0.076798
v -0.001528 0.045919 -0.076696
v -0.006711 0.030522 -0.034569
v -0.006898 0.029771 -0.031290
v -0.005623 0.023276 -0.025011
v -0.004557 -0.000015 -0.025767
v -0.004005 -0.000015 -0.028413
v -0.004015 0.008850 -0.029343
v -0.004971 0.044190 0.096223
v -0.005468 0.043818 0.090793
v -0.013714 0.041101 0.089629
v -0.029331 0.026819 0.052926
v -0.029680 0.025685 0.045616
v -0.032548 0.019740 0.045691
v -0.002073 0.042720 0.070556
v -0.004911 0.041610 0.061211
v -0.008516 0.041544 0.061131
v -0.026658 0.030849 0.060745
v -0.024193 0.033480 0.060792
v -0.025180 0.032251 0.052883
v -0.021500 0.035852 0.060844
v 0.043828 -0.008399 0.091015
v 0.046235 -0.008545 0.097694
v 0.043739 -0.016748 0.097334
v 0.032564 -0.015485 0.072061
v 0.026732 -0.014760 0.061447
v 0.028641 -0.007513 0.061461
v 0.029166 -0.022560 0.071915
v 0.023659 -0.021541 0.061436
v 0.019024 -0.034279 0.071510
v 0.014484 -0.032934 0.061417
v 0.019535 -0.027659 0.061427
v -0.026679 -0.030826 0.060744
v -0.024213 -0.033460 0.060791
v -0.022002 -0.035787 0.078635
v -0.034584 0.000015 0.002710
v -0.034332 0.000014 -0.014788
v -0.034090 -0.005814 -0.014531
v 0.001573 0.045984 0.117543
v 0.002837 0.046001 0.117627
v 0.003398 0.045837 0.111046
v 0.027384 0.038861 0.119264
v 0.028338 0.038218 0.119328
v 0.028747 0.038033 0.113974
v 0.040341 0.026498 0.120128
v 0.040987 0.025522 0.120171
v 0.041316 0.025381 0.115433
v 0.047598 0.010102 0.120613
v 0.047823 0.008942 0.120628
v 0.048116 0.008890 0.116259
v 0.029042 -0.037745 0.119377
v 0.028291 -0.038238 0.119327
v 0.028713 -0.038054 0.113972
v -0.039550 0.017634 0.114802
v -0.039428 0.017928 0.114810
v -0.037727 0.017214 0.095819
v -0.039303 0.018220 0.114819
v -0.039048 0.018802 0.114836
v -0.038785 0.019380 0.114853
v -0.038514 0.019953 0.114871
v -0.038236 0.020524 0.114890
v -0.037949 0.021090 0.114909
v -0.037655 0.021652 0.114928
v -0.033594 0.025012 0.096588
v -0.037354 0.022209 0.114948
v -0.037200 0.022486 0.114959
v -0.037044 0.022762 0.114969
v -0.036887 0.023037 0.114979
v -0.036727 0.023311 0.114990
v -0.036566 0.023584 0.115001
v -0.036403 0.023856 0.115012
v -0.036238 0.024127 0.115023
v -0.036071 0.024397 0.115034
v -0.042415 0.007588 0.114611
v -0.042195 0.008826 0.114626
v -0.040274 0.008779 0.095329
v -0.041940 0.010058 0.114643
v -0.041630 0.011365 0.114664
v -0.041280 0.012666 0.114687
v -0.040891 0.013959 0.114713
v -0.040788 0.014281 0.114720
v -0.040682 0.014603 0.114727
v -0.040462 0.015246 0.114741
v -0.040246 0.015850 0.114756
v -0.040022 0.016449 0.114771
v -0.039556 0.017619 0.114802
v -0.042753 0.005094 0.114589
v -0.042601 0.006344 0.114599
v -0.040920 0.004419 0.095201
v -0.042513 0.006966 0.114605
v -0.041137 0.000018 0.095157
v -0.042957 0.002568 0.114576
v -0.042799 0.004526 0.114586
v -0.042281 -0.008355 0.114621
v -0.042490 -0.007105 0.114607
v -0.040280 -0.008742 0.095329
v -0.042664 -0.005850 0.114595
v -0.042804 -0.004592 0.114586
v -0.043025 0.000019 0.114571
v -0.039737 -0.017163 0.114791
v -0.039967 -0.016578 0.114776
v -0.037738 -0.017178 0.095819
v -0.040080 -0.016284 0.114768
v -0.040135 -0.016137 0.114764
v -0.040190 -0.015990 0.114761
v -0.041736 -0.010925 0.114657
v -0.042036 -0.009603 0.114637
v -0.042164 -0.008952 0.114629
v -0.040610 -0.014803 0.114733
v -0.041023 -0.013525 0.114705
v -0.041398 -0.012233 0.114680
v -0.035652 -0.025044 0.115064
v -0.035702 -0.024967 0.115060
v -0.033610 -0.024977 0.096587
v -0.035551 -0.025198 0.115070
v -0.035751 -0.024889 0.115057
v -0.035851 -0.024734 0.115050
v -0.035900 -0.024656 0.115047
v -0.035949 -0.024578 0.115044
v -0.036145 -0.024265 0.115031
v -0.036242 -0.024108 0.115024
v -0.036338 -0.023950 0.115018
v -0.036504 -0.023677 0.115007
v -0.036667 -0.023402 0.114996
v -0.036828 -0.023127 0.114985
v -0.036908 -0.022989 0.114980
v -0.036987 -0.022851 0.114975
v -0.037898 -0.021176 0.114914
v -0.037603 -0.021738 0.114933
v -0.037299 -0.022296 0.114954
v -0.038043 -0.020894 0.114904
v -0.038186 -0.020612 0.114895
v -0.038465 -0.020044 0.114876
v -0.038736 -0.019473 0.114858
v -0.038998 -0.018900 0.114840
v -0.039253 -0.018324 0.114823
v -0.039499 -0.017746 0.114807
v -0.039566 -0.017581 0.114802
v -0.029980 -0.032146 0.115442
v -0.030419 -0.031690 0.115413
v -0.028048 -0.031851 0.097591
v -0.030852 -0.031227 0.115384
v -0.031278 -0.030759 0.115355
v -0.031698 -0.030285 0.115327
v -0.033310 -0.028332 0.115220
v -0.033894 -0.027568 0.115181
v -0.032111 -0.029805 0.115300
v -0.032517 -0.029320 0.115273
v -0.032917 -0.028829 0.115246
v -0.034179 -0.027182 0.115162
v -0.034321 -0.026987 0.115152
v -0.034461 -0.026792 0.115143
v -0.034601 -0.026595 0.115134
v -0.034740 -0.026398 0.115125
v -0.034877 -0.026200 0.115115
v -0.035014 -0.026002 0.115106
v -0.035328 -0.025532 0.115085
v -0.021255 -0.037540 0.098782
v -0.023021 -0.037994 0.115906
v -0.024108 -0.037227 0.115834
v -0.025175 -0.036427 0.115763
v -0.026223 -0.035593 0.115693
v -0.027203 -0.034767 0.115627
v -0.027682 -0.034345 0.115595
v -0.028155 -0.033917 0.115564
v -0.028621 -0.033483 0.115533
v -0.029081 -0.033043 0.115502
v -0.029534 -0.032598 0.115472
v -0.029627 -0.032503 0.115466
v -0.015210 -0.042285 0.116427
v -0.016372 -0.041767 0.116350
v -0.014104 -0.042309 0.108955
v -0.017516 -0.041219 0.116273
v -0.018642 -0.040642 0.116198
v -0.021972 -0.038049 0.108001
v -0.019750 -0.040033 0.116124
v -0.020842 -0.039395 0.116052
v -0.021916 -0.038726 0.115980
v -0.022676 -0.038222 0.115929
v -0.012833 -0.043226 0.116586
v -0.014031 -0.042771 0.116506
v -0.014747 -0.042475 0.116458
v -0.005550 -0.044943 0.109983
v -0.007730 -0.044754 0.116926
v -0.010295 -0.044067 0.116755
v 0.002806 -0.045977 0.117628
v 0.002325 -0.045986 0.117596
v 0.003361 -0.045825 0.111044
v -0.002757 -0.045647 0.117258
v -0.006133 -0.045041 0.117032
v 0.012270 -0.044926 0.112084
v 0.011757 -0.045106 0.118225
v 0.011393 -0.045180 0.118201
v 0.010149 -0.045400 0.118118
v 0.007644 -0.045735 0.117951
v 0.004997 -0.045937 0.117775
v 0.020829 -0.042299 0.113069
v 0.020362 -0.042489 0.118799
v 0.020046 -0.042628 0.118778
v 0.018802 -0.043112 0.118695
v 0.017539 -0.043561 0.118611
v 0.016321 -0.043955 0.118529
v 0.015097 -0.044314 0.118448
v 0.013867 -0.044638 0.118366
v 0.012632 -0.044927 0.118284
v 0.026918 -0.039140 0.119236
v 0.024731 -0.040410 0.119090
v 0.022478 -0.041558 0.118940
v 0.035251 -0.032534 0.119791
v 0.035100 -0.032692 0.119781
v 0.035622 -0.032355 0.114769
v 0.033157 -0.034510 0.119652
v 0.031098 -0.036223 0.119514
v 0.040036 -0.026914 0.120110
v 0.038492 -0.028936 0.120007
v 0.041293 -0.025422 0.115432
v 0.036848 -0.030861 0.119898
v 0.046039 -0.015476 0.120510
v 0.045206 -0.017623 0.120454
v 0.045510 -0.017518 0.115938
v 0.045123 -0.017837 0.120449
v 0.044079 -0.020144 0.120379
v 0.043481 -0.021330 0.120339
v 0.042847 -0.022500 0.120297
v 0.042178 -0.023656 0.120253
v 0.041473 -0.024796 0.120206
v 0.040952 -0.025563 0.120171
v 0.047485 -0.010579 0.120606
v 0.048109 -0.008944 0.116259
v 0.047765 -0.008988 0.120625
v 0.048989 -0.000028 0.116371
v 0.048717 -0.000268 0.120688
v 0.048408 -0.005323 0.120667
v 0.048106 0.007487 0.120647
v 0.048464 0.004830 0.120671
v 0.048705 -0.000028 0.120687
v 0.045231 0.017574 0.120455
v 0.045326 0.017358 0.120461
v 0.045525 0.017469 0.115938
v 0.046219 0.014975 0.120521
v 0.046975 0.012558 0.120571
v 0.041739 0.024387 0.120222
v 0.043081 0.022090 0.120311
v 0.044296 0.019703 0.120392
v 0.035295 0.032502 0.119792
v 0.035452 0.032352 0.119802
v 0.035652 0.032324 0.114769
v 0.037198 0.030481 0.119919
v 0.038828 0.028528 0.120027
v 0.029481 0.037447 0.119404
v 0.031497 0.035920 0.119538
v 0.033520 0.034199 0.119673
v 0.019272 0.042946 0.118723
v 0.020504 0.042452 0.118805
v 0.020866 0.042289 0.113071
v 0.021725 0.041920 0.118887
v 0.022935 0.041350 0.118967
v 0.024079 0.040771 0.119043
v 0.025201 0.040164 0.119118
v 0.011798 0.045056 0.118224
v 0.013176 0.044816 0.118316
v 0.012308 0.044928 0.112086
v 0.015622 0.044177 0.118480
v 0.018029 0.043404 0.118640
v 0.008158 0.045690 0.117982
v -0.005978 0.045146 0.117039
v -0.004723 0.045374 0.117123
v -0.005516 0.044963 0.109985
v -0.002209 0.045723 0.117291
v 0.000311 0.045932 0.117459
v -0.008533 0.044569 0.116869
v -0.007231 0.044882 0.116956
v -0.006101 0.045120 0.117031
v -0.013538 0.042975 0.116535
v -0.012351 0.043411 0.116615
v -0.014074 0.042336 0.108956
v -0.011093 0.043833 0.116698
v -0.009820 0.044219 0.116783
v -0.021482 0.039013 0.116006
v -0.021946 0.038080 0.108001
v -0.022606 0.038287 0.115931
v -0.022648 0.038258 0.115928
v -0.017019 0.041475 0.116303
v -0.015872 0.042007 0.116380
v -0.014711 0.042508 0.116457
v -0.020387 0.039678 0.116079
v -0.019278 0.040310 0.116153
v -0.018155 0.040909 0.116228
v -0.028028 0.031884 0.097592
v -0.029604 0.032539 0.115465
v -0.029588 0.032556 0.115466
v -0.027750 0.034296 0.115588
v -0.026797 0.035127 0.115652
v -0.021232 0.037569 0.098784
v -0.025821 0.035932 0.115717
v -0.024775 0.036746 0.115786
v -0.023703 0.037531 0.115858
v -0.035528 0.025246 0.115070
v -0.035311 0.025569 0.115084
v -0.034926 0.026142 0.115110
v -0.034302 0.027025 0.115152
v -0.033656 0.027896 0.115195
v -0.033324 0.028327 0.115217
v -0.031334 0.030709 0.115349
v -0.030906 0.031181 0.115378
v -0.031756 0.030230 0.115321
v -0.032986 0.028754 0.115239
v -0.032582 0.029253 0.115266
v -0.032172 0.029745 0.115294
v -0.030473 0.031646 0.115407
v -0.030033 0.032104 0.115436
v -0.034555 -0.005756 0.017889
v -0.033392 -0.011595 -0.013778
v -0.035886 -0.006740 0.045788
v -0.034633 -0.013361 0.045750
v -0.038518 -0.008202 0.076814
v -0.035393 -0.014781 0.060570
v -0.036330 -0.016148 0.077074
v -0.029353 -0.026797 0.052925
v -0.030907 -0.024906 0.060662
v -0.032657 -0.021672 0.060627
v -0.030506 -0.026983 0.077732
v -0.032768 -0.023558 0.077481
v -0.033009 -0.024350 0.086775
v -0.023846 -0.033445 0.045495
v -0.025203 -0.032233 0.052882
v -0.026019 -0.031044 0.045533
v -0.029705 -0.025665 0.045615
v -0.032570 -0.019715 0.045691
v -0.023187 -0.033649 0.032202
v -0.020802 -0.035524 0.032294
v -0.018756 -0.037384 0.045439
v -0.015808 -0.038702 0.045428
v -0.012070 -0.040855 0.061046
v -0.008524 -0.041527 0.061130
v -0.003298 -0.043597 0.080506
v -0.021432 -0.035586 0.045462
v -0.018597 -0.037905 0.060901
v -0.015445 -0.039610 0.060969
v -0.011324 -0.041755 0.079716
v -0.007377 -0.042928 0.080107
v -0.005488 -0.043800 0.090790
v -0.001169 -0.044467 0.091390
v -0.018659 -0.038136 0.078979
v -0.021519 -0.035834 0.060843
v -0.015093 -0.040139 0.079339
v -0.021217 -0.036766 0.088548
v -0.027710 -0.031114 0.087586
v -0.025104 -0.033126 0.078312
v -0.027945 -0.030182 0.078009
v -0.028912 -0.027966 0.060701
v -0.013735 -0.041078 0.089626
v 0.003847 -0.045027 0.097589
v -0.004994 -0.044171 0.096219
v -0.000816 -0.022110 0.008688
v 0.001297 -0.021639 0.016466
v -0.003695 -0.026885 0.006565
v -0.001803 -0.026372 0.015215
v -0.007138 -0.031138 0.004144
v -0.005508 -0.030625 0.013784
v -0.011235 -0.034585 0.001512
v -0.009903 -0.034110 0.012220
v -0.013559 -0.035833 0.000145
v -0.012388 -0.035383 0.011403
v -0.016056 -0.036597 -0.001238
v -0.015050 -0.036173 0.010574
v -0.018652 -0.036705 -0.002621
v -0.017813 -0.036295 0.009743
v -0.021178 -0.036024 -0.003984
v -0.020500 -0.035613 0.008927
v -0.023441 -0.034613 -0.005305
v -0.022909 -0.034189 0.008142
v -0.025380 -0.032701 -0.006571
v -0.024977 -0.032258 0.007398
v -0.028423 -0.028038 -0.008903
v -0.028235 -0.027577 0.006047
v -0.030639 -0.022803 -0.010918
v -0.030616 -0.022364 0.004894
v -0.032255 -0.017280 -0.012560
v -0.032357 -0.016906 0.003964
v -0.033579 -0.011324 0.003277
v 0.003722 -0.021921 0.024396
v 0.000370 -0.026679 0.023800
v -0.003622 -0.030932 0.023112
v -0.008318 -0.034394 0.022347
v -0.010951 -0.035652 0.021942
v -0.013757 -0.036426 0.021525
v -0.016659 -0.036539 0.021105
v -0.019482 -0.035858 0.020694
v -0.022029 -0.034442 0.020306
v -0.024237 -0.032522 0.019946
v -0.027771 -0.027852 0.019314
v -0.030402 -0.022625 0.018792
v -0.032349 -0.017129 0.018378
v -0.033720 -0.011485 0.018075
v 0.001535 -0.016954 0.010436
v 0.003827 -0.016565 0.017495
v 0.003336 -0.011501 0.011742
v 0.005760 -0.011225 0.018263
v 0.004508 -0.005822 0.012552
v 0.008530 -0.011391 0.025253
v 0.006453 -0.016798 0.024886
v 0.011939 -0.012096 0.033548
v 0.009681 -0.017791 0.033472
v 0.006688 -0.023122 0.033372
v 0.011532 -0.025187 0.045080
v 0.003012 -0.027989 0.033248
v 0.007327 -0.030239 0.045189
v -0.001337 -0.032241 0.033094
v 0.002401 -0.034490 0.045297
v -0.006382 -0.035607 0.032902
v -0.003202 -0.037691 0.045382
v -0.009172 -0.036797 0.032789
v -0.006241 -0.038765 0.045409
v -0.012119 -0.037509 0.032665
v -0.009411 -0.039369 0.045422
v -0.015150 -0.037584 0.032534
v -0.012644 -0.039378 0.045426
v -0.018103 -0.036904 0.032406
v -0.002081 -0.042706 0.070554
v -0.004916 -0.041595 0.061210
v -0.001350 -0.041121 0.061277
v 0.005493 -0.041431 0.070933
v 0.002116 -0.040186 0.061328
v 0.008635 -0.037183 0.061391
v 0.012596 -0.038527 0.071248
v 0.020321 -0.037822 0.082630
v 0.023739 -0.035531 0.082920
v 0.027668 -0.036623 0.095197
v 0.023990 -0.038924 0.094723
v 0.020107 -0.040869 0.094221
v 0.016705 -0.039778 0.082322
v 0.011855 -0.043601 0.093146
v 0.008987 -0.042590 0.081649
v 0.003201 -0.044643 0.091989
v 0.000835 -0.043741 0.080902
v 0.035604 -0.031469 0.102313
v 0.028832 -0.037087 0.101307
v 0.031107 -0.033987 0.095643
v 0.024603 -0.028893 0.071730
v 0.029869 -0.030041 0.083440
v 0.026930 -0.032929 0.083190
v 0.032531 -0.026892 0.083670
v 0.034893 -0.023510 0.083877
v 0.037150 -0.027817 0.096436
v 0.034277 -0.031043 0.096056
v 0.039701 -0.024338 0.096778
v 0.037516 -0.023942 0.090274
v 0.038633 -0.016159 0.084217
v 0.034669 -0.007889 0.072161
v 0.029287 -0.000020 0.061467
v 0.049059 -0.004428 0.110418
v 0.048404 -0.008786 0.110297
v 0.047857 -0.008675 0.104225
v 0.045821 -0.017213 0.109839
v 0.045301 -0.016998 0.103807
v 0.041635 -0.024992 0.109127
v 0.041163 -0.024690 0.103157
v 0.036009 -0.031835 0.108199
v 0.029156 -0.037486 0.107093
v 0.021331 -0.041732 0.105843
v 0.021093 -0.041333 0.100168
v 0.012819 -0.044401 0.104479
v 0.012664 -0.044031 0.098920
v 0.003935 -0.045357 0.103033
v -0.004965 -0.044490 0.101553
v -0.013471 -0.041821 0.100117
v 0.048506 -0.004372 0.104336
v 0.049279 -0.000028 0.110460
v -0.034080 0.005842 -0.014531
v -0.034316 0.005700 0.002854
v -0.033373 0.011619 -0.013778
v -0.033560 0.011348 0.003277
v -0.032230 0.017299 -0.012559
v -0.032330 0.016925 0.003964
v -0.030609 0.022816 -0.010917
v -0.030584 0.022376 0.004895
v -0.028393 0.028046 -0.008903
v -0.028202 0.027584 0.006046
v -0.025355 0.032706 -0.006571
v -0.024949 0.032263 0.007398
v -0.023422 0.034621 -0.005305
v -0.022886 0.034196 0.008141
v -0.021165 0.036037 -0.003983
v -0.020483 0.035626 0.008925
v -0.018644 0.036724 -0.002621
v -0.017801 0.036314 0.009742
v -0.016051 0.036616 -0.001237
v -0.015041 0.036191 0.010573
v -0.013561 0.035841 0.000146
v -0.012385 0.035392 0.011402
v -0.011247 0.034581 0.001512
v -0.009910 0.034104 0.012218
v -0.007172 0.031111 0.004145
v -0.005539 0.030596 0.013782
v -0.003750 0.026845 0.006565
v -0.001856 0.026329 0.015213
v -0.000884 0.022067 0.008688
v 0.001232 0.021594 0.016464
v 0.001466 0.016915 0.010436
v 0.003760 0.016524 0.017492
v 0.003279 0.011470 0.011742
v 0.005704 0.011192 0.018261
v 0.004476 0.005799 0.012552
v 0.006982 0.005656 0.018739
v 0.004922 -0.000010 0.012828
v 0.007456 -0.000010 0.018903
v 0.009867 -0.005766 0.025483
v 0.013375 -0.006132 0.033598
v -0.024208 0.032528 0.019946
v -0.023161 0.033657 0.032201
v -0.022005 0.034450 0.020304
v -0.020781 0.035534 0.032293
v -0.019464 0.035871 0.020692
v -0.018088 0.036919 0.032405
v -0.016646 0.036559 0.021103
v -0.015138 0.037603 0.032532
v -0.013747 0.036444 0.021523
v -0.012111 0.037526 0.032663
v -0.010946 0.035659 0.021939
v -0.009169 0.036805 0.032786
v -0.008322 0.034388 0.022344
v -0.006388 0.035602 0.032899
v -0.003649 0.030902 0.023108
v -0.001364 0.032214 0.033090
v 0.000321 0.026636 0.023795
v 0.002966 0.027949 0.033242
v 0.003660 0.021875 0.024392
v 0.006630 0.023078 0.033366
v 0.006389 0.016756 0.024882
v 0.009621 0.017750 0.033466
v 0.008477 0.011357 0.025250
v 0.011889 0.012061 0.033544
v 0.009836 0.005740 0.025481
v 0.013346 0.006103 0.033596
v 0.010336 -0.000011 0.025561
v 0.013872 -0.000013 0.033616
v -0.027114 -0.029026 0.032063
v -0.030138 -0.023743 0.031969
v -0.032423 -0.018080 0.031905
v -0.034047 -0.012175 0.031862
v -0.035032 -0.006118 0.031837
v -0.034840 0.000015 0.017825
v -0.035365 0.000016 0.031828
v -0.034545 0.005785 0.017889
v -0.035022 0.006148 0.031837
v -0.033702 0.011510 0.018075
v -0.034029 0.012202 0.031863
v -0.032322 0.017148 0.018378
v -0.032398 0.018102 0.031906
v -0.030371 0.022639 0.018792
v -0.030109 0.023759 0.031970
v -0.027738 0.027860 0.019314
v -0.027084 0.029037 0.032063
v -0.025250 0.031457 0.032125
v 0.041416 -0.016467 0.090723
v 0.040946 -0.008240 0.084439
v 0.035381 -0.000022 0.072198
v 0.034654 0.007845 0.072159
v 0.028621 0.007473 0.061458
v 0.032539 0.015441 0.072058
v 0.026699 0.014719 0.061443
v 0.029138 0.022518 0.071910
v 0.023620 0.021500 0.061430
v 0.024577 0.028856 0.071726
v 0.019499 0.027622 0.061422
v 0.019005 0.034250 0.071507
v 0.014456 0.032904 0.061413
v 0.012586 0.038510 0.071247
v 0.008619 0.037165 0.061388
v 0.005494 0.041430 0.070934
v 0.002113 0.040185 0.061328
v -0.001348 0.041128 0.061277
v 0.048405 0.008733 0.110298
v 0.049059 0.004373 0.110418
v 0.048504 0.004318 0.104336
v 0.048723 -0.000027 0.104374
v 0.047079 -0.000027 0.097823
v 0.027672 0.036598 0.095198
v 0.035611 0.031434 0.102313
v 0.034277 0.031008 0.096056
v 0.041165 0.024647 0.103156
v 0.039696 0.024294 0.096776
v 0.045300 0.016949 0.103806
v 0.043733 0.016699 0.097333
v 0.047855 0.008622 0.104225
v 0.046230 0.008493 0.097694
v 0.045825 0.017163 0.109840
v 0.041643 0.024949 0.109127
v 0.008994 0.042589 0.081651
v 0.018577 0.040334 0.088217
v 0.016704 0.039763 0.082322
v 0.025888 0.036075 0.089003
v 0.023731 0.035504 0.082918
v 0.032270 0.030529 0.089693
v 0.029855 0.030005 0.083438
v 0.037505 0.023899 0.090272
v 0.034875 0.023467 0.083874
v 0.041405 0.016419 0.090721
v 0.038616 0.016113 0.084214
v 0.043820 0.008349 0.091014
v 0.040936 0.008191 0.084438
v 0.044644 -0.000026 0.091119
v 0.041729 -0.000025 0.084519
v 0.028844 0.037063 0.101308
v 0.020117 0.040856 0.094223
v 0.021110 0.041321 0.100170
v 0.011871 0.043601 0.093149
v 0.012685 0.044031 0.098924
v 0.003220 0.044655 0.091993
v 0.003870 0.045038 0.097593
v -0.025994 0.031060 0.045534
v -0.023823 0.033458 0.045495
v -0.021411 0.035598 0.045462
v -0.018579 0.037922 0.060902
v -0.018739 0.037397 0.045438
v -0.015430 0.039626 0.060970
v -0.015797 0.038718 0.045427
v -0.012060 0.040871 0.061047
v -0.012636 0.039397 0.045425
v -0.009406 0.039385 0.045421
v -0.006241 0.038773 0.045407
v -0.003208 0.037688 0.045380
v 0.002377 0.034468 0.045293
v 0.007287 0.030204 0.045183
v 0.011482 0.025147 0.045073
v 0.014905 0.019457 0.044980
v 0.017478 0.013271 0.044914
v 0.019104 0.006727 0.044878
v 0.019679 -0.000016 0.044869
v 0.019130 -0.006760 0.044881
v 0.017522 -0.013308 0.044919
v 0.014957 -0.019497 0.044987
v -0.028891 0.027990 0.060702
v -0.037623 0.000017 0.060519
v -0.036306 0.000016 0.045801
v -0.037479 0.003780 0.060522
v -0.035877 0.006771 0.045788
v -0.037055 0.007518 0.060532
v -0.034617 0.013390 0.045751
v -0.035379 0.014812 0.060570
v -0.032639 0.021700 0.060628
v -0.030887 0.024932 0.060663
v -0.001149 0.044482 0.091394
v 0.036023 0.031801 0.108200
v 0.029175 0.037463 0.107095
v 0.021353 0.041720 0.105846
v 0.012845 0.044401 0.104483
v 0.003961 0.045368 0.103037
v -0.011308 0.041774 0.079719
v -0.007362 0.042946 0.080110
v -0.003284 0.043612 0.080509
v 0.000847 0.043753 0.080905
v -0.015075 0.040160 0.079342
v -0.018640 0.038159 0.078981
v -0.021197 0.036793 0.088550
v -0.021983 0.035813 0.078638
v -0.025085 0.033153 0.078313
v -0.027691 0.031145 0.087588
v -0.004939 0.044509 0.101557
v -0.013446 0.041846 0.100120
v -0.027926 0.030211 0.078011
v -0.030488 0.027013 0.077733
v -0.032993 0.024384 0.086776
v -0.032752 0.023589 0.077482
v -0.036924 0.016758 0.086153
v -0.036318 0.016182 0.077075
v -0.038510 0.008237 0.076814
v -0.039254 0.000018 0.076723
v -0.039066 0.004145 0.076746
v -0.000093 0.016271 -0.034036
v -0.001461 0.017576 -0.034298
v -0.000241 0.009204 -0.031837
v -0.001585 0.008952 -0.031667
v -0.000243 0.008956 -0.031812
v -0.004138 0.028839 -0.039235
v -0.004103 0.025247 -0.036457
v -0.003366 0.028981 -0.040151
v -0.003385 0.025374 -0.037409
v 0.000244 0.026133 -0.039038
v 0.000245 0.026166 -0.039056
v -0.001263 0.025525 -0.038553
v -0.000065 0.017575 -0.034441
v -0.000055 0.018051 -0.034589
v 0.000221 0.025511 -0.038695
v -0.005208 0.028451 -0.036931
v -0.005044 0.024899 -0.034065
v -0.004783 0.017132 -0.029524
v -0.005021 0.016809 -0.026577
v -0.004691 0.008556 -0.023672
v -0.004048 0.017378 -0.032060
v -0.004617 0.008723 -0.026717
v -0.004571 -0.000014 -0.022687
v -0.004180 0.032157 -0.042365
v -0.005394 0.031737 -0.040157
v -0.006222 0.031184 -0.037539
v -0.005538 0.024443 -0.031264
v 0.000599 0.032518 -0.044341
v -0.002300 0.032425 -0.043896
v 0.000743 0.034283 -0.046496
v -0.002121 0.038141 -0.050926
v 0.001065 0.038223 -0.051311
v 0.001078 0.038380 -0.051502
v -0.001923 0.042395 -0.058945
v 0.001351 0.040527 -0.055587
v -0.006621 0.034142 -0.041196
v -0.005600 0.034725 -0.043712
v -0.007057 0.036788 -0.045154
v -0.005827 0.037390 -0.047561
v -0.007529 0.039096 -0.049374
v -0.002380 0.029086 -0.040838
v -0.004281 0.037849 -0.049557
v 0.001596 0.042454 -0.059253
v 0.001625 0.042685 -0.059691
v 0.002038 0.044476 -0.065879
v 0.002171 0.045050 -0.067861
v -0.001721 0.045023 -0.067646
v -0.004411 0.042103 -0.057755
v -0.008447 0.035246 -0.038893
v -0.007936 0.036065 -0.042270
v -0.009319 0.037539 -0.043102
v -0.008626 0.038366 -0.046534
v -0.007297 0.033442 -0.038269
v -0.008037 0.041043 -0.053816
v -0.009367 0.040322 -0.051022
v -0.010255 0.039504 -0.047529
v -0.012850 0.044211 -0.070337
v -0.012328 0.042348 -0.056874
v -0.010778 0.038612 -0.043437
v -0.006619 0.028087 -0.023992
v -0.008659 0.034353 -0.035095
v -0.008639 0.033410 -0.030949
v -0.011007 0.037669 -0.038845
v -0.012326 0.039336 -0.043054
v -0.013336 0.037127 -0.023086
v -0.009840 0.033862 -0.017458
v -0.010759 0.035727 -0.028559
v -0.008036 0.031466 -0.021887
v -0.006876 0.029599 -0.012260
v -0.005726 0.026304 -0.016010
v -0.004379 0.024592 -0.007685
v -0.002326 0.019000 -0.003907
v -0.001352 0.045040 -0.085747
v 0.002768 0.046002 -0.076808
v 0.003364 0.045096 -0.085752
v 0.003936 0.042458 -0.094353
v -0.001184 0.042416 -0.094451
v 0.003497 0.044523 -0.087748
v 0.003380 0.045071 -0.085997
v -0.005458 0.037901 -0.102230
v -0.009085 0.041772 -0.093271
v -0.005278 0.042166 -0.094031
v -0.008396 0.044442 -0.084132
v -0.005048 0.044807 -0.085138
v -0.007641 0.045302 -0.074631
v -0.004795 0.045679 -0.075891
v -0.006943 0.044329 -0.065131
v -0.004579 0.044753 -0.066646
v -0.006341 0.041645 -0.055992
v 0.003968 0.042310 -0.094824
v 0.004181 0.040537 -0.098030
v -0.001019 0.038162 -0.102473
v 0.004786 0.034305 -0.107138
v -0.000867 0.032445 -0.109506
v 0.004506 0.037833 -0.102919
v 0.004463 0.038191 -0.102270
v -0.014055 0.036951 -0.100732
v -0.009653 0.037490 -0.101701
v -0.014497 0.034278 -0.104684
v -0.009894 0.034810 -0.105548
v -0.005593 0.032196 -0.109423
v -0.011797 0.043963 -0.082698
v -0.013567 0.039286 -0.096516
v -0.013029 0.041254 -0.092077
v -0.014799 0.043387 -0.080180
v -0.013828 0.044053 -0.075282
v -0.015907 0.043402 -0.071457
v -0.017441 0.042693 -0.066542
v -0.014667 0.043537 -0.066581
v -0.015975 0.042801 -0.061833
v -0.013215 0.041522 -0.052460
v -0.016142 0.036640 -0.099790
v -0.018020 0.036305 -0.098383
v -0.017325 0.038647 -0.094127
v -0.016558 0.040634 -0.089647
v -0.021935 0.032914 -0.098169
v -0.018649 0.033639 -0.102375
v -0.022631 0.029980 -0.101808
v -0.019213 0.030678 -0.106065
v -0.023250 0.026796 -0.105115
v -0.023564 0.034772 -0.088521
v -0.023035 0.038351 -0.073647
v -0.021669 0.040039 -0.069451
v -0.020152 0.041271 -0.065127
v -0.018517 0.041943 -0.060715
v -0.016858 0.042024 -0.056258
v -0.015255 0.041567 -0.051801
v -0.013742 0.040650 -0.047386
v -0.005646 0.028872 -0.112553
v 0.004927 0.032531 -0.109261
v 0.005116 0.029038 -0.112105
v 0.005276 0.026078 -0.114515
v -0.005691 0.025275 -0.115332
v -0.014892 0.031293 -0.108336
v -0.010109 0.031806 -0.109101
v -0.015244 0.028026 -0.111652
v -0.010299 0.028507 -0.112324
v -0.015552 0.024508 -0.114600
v 0.005584 0.017583 -0.119170
v -0.005760 0.017400 -0.119730
v 0.005446 0.021579 -0.117080
v -0.005729 0.021439 -0.117732
v 0.005315 0.025352 -0.115107
v 0.005305 0.025544 -0.114951
v 0.005754 0.008956 -0.121757
v -0.005802 0.008869 -0.122445
v 0.005615 0.016290 -0.119645
v 0.005599 0.017144 -0.119400
v -0.010604 0.021150 -0.117664
v -0.015816 0.020769 -0.117151
v -0.010464 0.024943 -0.115188
v -0.017975 0.024256 -0.113776
v -0.017166 0.030997 -0.107457
v -0.018569 0.016662 -0.118501
v -0.026570 0.022744 -0.101860
v -0.025249 0.029219 -0.095828
v -0.027891 0.011784 -0.108010
v -0.027540 0.015567 -0.106380
v -0.024646 0.016036 -0.112740
v -0.023792 0.023391 -0.108059
v -0.018941 0.008484 -0.121433
v -0.019039 0.004265 -0.122181
v -0.020155 0.023985 -0.112400
v -0.020848 0.016466 -0.117139
v -0.021283 0.008381 -0.120083
v -0.021396 0.004213 -0.120835
v -0.022868 0.016256 -0.115205
v -0.023357 0.008272 -0.118142
v -0.023485 0.004158 -0.118892
v -0.025322 0.004100 -0.116396
v -0.026924 0.004039 -0.113389
v -0.028307 0.003976 -0.109913
v -0.029489 0.003911 -0.106010
v -0.029547 0.000011 -0.106246
v -0.028364 0.000011 -0.110156
v -0.026977 0.000010 -0.113636
v -0.025371 0.000010 -0.116646
v -0.023530 0.000009 -0.119144
v -0.021437 0.000009 -0.121087
v -0.025345 0.033927 -0.081502
v -0.027181 0.028414 -0.088407
v -0.028610 0.022060 -0.094108
v -0.029656 0.015071 -0.098380
v -0.030311 0.007651 -0.101041
v -0.019073 0.000008 -0.122432
v -0.016445 0.000007 -0.123168
v -0.010923 0.004395 -0.123248
v -0.030484 0.003845 -0.101721
v -0.031982 0.003710 -0.092155
v -0.024130 0.037517 -0.066154
v -0.026598 0.033058 -0.073432
v -0.028535 0.027587 -0.079828
v -0.030031 0.021356 -0.085106
v -0.031120 0.014561 -0.089061
v -0.031803 0.007384 -0.091525
v -0.032935 0.003575 -0.081551
v -0.023271 0.038435 -0.054422
v -0.024835 0.036680 -0.057958
v -0.027419 0.032185 -0.064570
v -0.029419 0.026756 -0.070374
v -0.030948 0.020650 -0.075161
v -0.032058 0.014049 -0.078747
v -0.032752 0.007115 -0.080980
v -0.012289 0.037451 -0.032117
v -0.013939 0.038853 -0.035778
v -0.015307 0.038243 -0.025997
v -0.015716 0.039871 -0.039510
v -0.017421 0.038885 -0.028937
v -0.017610 0.040423 -0.043277
v -0.019619 0.038914 -0.031876
v -0.019575 0.040398 -0.047045
v -0.021767 0.038233 -0.034782
v -0.021503 0.039721 -0.050772
v -0.023714 0.036894 -0.037621
v -0.025410 0.035075 -0.040368
v -0.028144 0.030513 -0.045489
v -0.030203 0.025165 -0.049972
v -0.031747 0.019296 -0.053662
v -0.032854 0.013067 -0.056420
v -0.033544 0.006601 -0.058136
v -0.033472 0.003442 -0.070246
v -0.032999 0.000013 -0.081744
v -0.032046 0.000012 -0.092368
v -0.030544 0.000012 -0.101951
v -0.019715 0.027450 -0.109417
v -0.022088 0.023696 -0.110481
v 0.005767 0.008241 -0.121963
v 0.005783 0.005531 -0.122207
v 0.005789 0.004493 -0.122301
v 0.005814 0.000001 -0.122706
v 0.005776 -0.005521 -0.122148
v 0.005434 -0.021571 -0.117086
v -0.005742 -0.021429 -0.117733
v 0.005564 -0.018059 -0.119020
v -0.005771 -0.017391 -0.119731
v 0.005574 -0.017588 -0.119167
v 0.005601 -0.016266 -0.119578
v 0.005750 -0.009214 -0.121775
v -0.005808 -0.008861 -0.122444
v 0.005752 -0.008971 -0.121800
v -0.010887 -0.008733 -0.122535
v -0.010926 -0.004384 -0.123248
v -0.016420 -0.004298 -0.122920
v -0.016344 -0.008565 -0.122181
v -0.018948 -0.008468 -0.121433
v -0.010732 -0.017148 -0.119728
v -0.010617 -0.021136 -0.117665
v -0.015828 -0.020754 -0.117152
v -0.015565 -0.024492 -0.114602
v -0.017988 -0.024239 -0.113778
v -0.005706 -0.025264 -0.115333
v -0.005610 -0.032184 -0.109426
v -0.010124 -0.031791 -0.109104
v -0.018581 -0.016646 -0.118501
v -0.016219 -0.012754 -0.120963
v -0.016047 -0.016829 -0.119280
v -0.010822 -0.013000 -0.121357
v 0.005288 -0.025520 -0.114910
v -0.000752 -0.025477 -0.115281
v -0.000886 -0.032434 -0.109509
v 0.005265 -0.026127 -0.114576
v 0.005263 -0.026172 -0.114551
v 0.004909 -0.032523 -0.109264
v 0.004766 -0.034278 -0.107119
v -0.001041 -0.038150 -0.102480
v 0.004443 -0.038224 -0.102295
v 0.004430 -0.038383 -0.102101
v 0.004158 -0.040522 -0.098028
v 0.003912 -0.042452 -0.094355
v -0.001208 -0.042405 -0.094462
v 0.003883 -0.042685 -0.093911
v 0.003470 -0.044471 -0.087736
v -0.001377 -0.045029 -0.085762
v 0.003338 -0.045045 -0.085750
v -0.014066 -0.036935 -0.100738
v -0.009667 -0.037475 -0.101707
v -0.005477 -0.037887 -0.102237
v -0.016153 -0.036624 -0.099797
v -0.013035 -0.041239 -0.092088
v -0.009097 -0.041757 -0.093282
v -0.005299 -0.042152 -0.094042
v -0.010477 -0.024930 -0.115190
v -0.010313 -0.028492 -0.112327
v -0.015258 -0.028010 -0.111654
v -0.014906 -0.031277 -0.108339
v -0.017179 -0.030980 -0.107461
v -0.020860 -0.016448 -0.117140
v -0.020169 -0.023967 -0.112402
v -0.022880 -0.016238 -0.115205
v -0.022103 -0.023677 -0.110482
v -0.024659 -0.016016 -0.112741
v -0.019226 -0.030660 -0.106069
v -0.016563 -0.040618 -0.089657
v -0.013382 -0.043670 -0.081631
v -0.014797 -0.043371 -0.080194
v -0.010436 -0.044793 -0.072966
v -0.013823 -0.044037 -0.075298
v -0.021168 -0.035554 -0.094240
v -0.019697 -0.035930 -0.096526
v -0.021472 -0.039146 -0.080221
v -0.019345 -0.039913 -0.085630
v -0.020241 -0.040801 -0.075786
v -0.017131 -0.042717 -0.076300
v -0.015900 -0.043385 -0.071473
v -0.017433 -0.042675 -0.066556
v -0.018884 -0.042006 -0.071217
v 0.002741 -0.045996 -0.076807
v -0.001744 -0.045020 -0.067669
v 0.002145 -0.045091 -0.067867
v 0.002129 -0.045066 -0.067618
v 0.002012 -0.044518 -0.065867
v 0.001573 -0.042455 -0.059270
v -0.001945 -0.042397 -0.058970
v 0.001541 -0.042305 -0.058791
v 0.001328 -0.040532 -0.055585
v 0.001047 -0.038192 -0.051354
v -0.002140 -0.038150 -0.050951
v 0.001003 -0.037827 -0.050695
v -0.004596 -0.044749 -0.066668
v -0.004814 -0.045670 -0.075910
v -0.006944 -0.044324 -0.065153
v -0.007646 -0.045290 -0.074649
v -0.009153 -0.043767 -0.063219
v -0.005818 -0.037399 -0.047585
v -0.007034 -0.036798 -0.045178
v -0.007508 -0.039102 -0.049398
v -0.004292 -0.037857 -0.049582
v -0.004425 -0.042105 -0.057779
v -0.006337 -0.041647 -0.056016
v -0.008019 -0.041046 -0.053839
v -0.002316 -0.032441 -0.043920
v -0.004188 -0.032173 -0.042389
v -0.004237 -0.035182 -0.045842
v -0.000074 -0.017595 -0.034453
v -0.001470 -0.017603 -0.034313
v 0.000194 -0.025358 -0.038515
v -0.001277 -0.025548 -0.038573
v 0.000205 -0.025552 -0.038674
v 0.000722 -0.034301 -0.046476
v 0.000582 -0.032536 -0.044364
v 0.000233 -0.026074 -0.039098
v -0.000245 -0.008971 -0.031862
v -0.001590 -0.008983 -0.031675
v -0.000106 -0.016285 -0.033970
v -0.000090 -0.017151 -0.034220
v -0.000258 -0.008248 -0.031654
v -0.000274 -0.005525 -0.031407
v -0.001631 -0.000016 -0.030750
v -0.000306 -0.000017 -0.030909
v -0.000267 0.005527 -0.031467
v -0.002451 0.025468 -0.038126
v -0.003417 0.017468 -0.033072
v -0.002566 0.017535 -0.033837
v -0.003439 0.008897 -0.030389
v -0.002640 0.008931 -0.031182
v -0.003450 -0.000016 -0.029455
v -0.002669 -0.000016 -0.030250
v -0.003443 -0.008926 -0.030397
v -0.002644 -0.008961 -0.031190
v -0.003424 -0.017495 -0.033087
v -0.002575 -0.017562 -0.033852
v -0.003395 -0.025396 -0.037429
v -0.002464 -0.025490 -0.038146
v -0.003378 -0.029000 -0.040173
v -0.002394 -0.029105 -0.040861
v -0.004016 -0.008879 -0.029351
v -0.004611 -0.008751 -0.026724
v -0.004051 -0.017404 -0.032075
v -0.004772 -0.017158 -0.029538
v -0.004108 -0.025268 -0.036477
v -0.005032 -0.024921 -0.034085
v -0.004145 -0.028857 -0.039258
v -0.005196 -0.028470 -0.036952
v -0.005383 -0.031752 -0.040180
v -0.006195 -0.031201 -0.037561
v -0.006596 -0.034156 -0.041220
v -0.005590 -0.034738 -0.043735
v -0.007904 -0.036077 -0.042293
v -0.008597 -0.038374 -0.046558
v -0.009342 -0.040326 -0.051045
v -0.010988 -0.043099 -0.060516
v -0.012841 -0.044197 -0.070355
v -0.012308 -0.042342 -0.056894
v -0.010225 -0.039509 -0.047551
v -0.010743 -0.038619 -0.043457
v -0.009283 -0.037549 -0.043124
v -0.010969 -0.037679 -0.038864
v -0.012295 -0.039339 -0.043072
v -0.006676 -0.030540 -0.034591
v -0.007263 -0.033458 -0.038292
v -0.006855 -0.029791 -0.031311
v -0.008408 -0.035260 -0.038916
v -0.005512 -0.024465 -0.031283
v -0.004651 0.015981 -0.020308
v -0.004025 0.008129 -0.017384
v -0.003797 -0.000013 -0.016388
v -0.004678 -0.008584 -0.023680
v -0.004006 -0.008155 -0.017391
v -0.005000 -0.016834 -0.026591
v -0.004618 -0.016007 -0.020321
v -0.005582 -0.023300 -0.025029
v -0.013717 -0.040646 -0.047403
v -0.015237 -0.041556 -0.051817
v -0.016846 -0.042007 -0.056273
v -0.018509 -0.041924 -0.060728
v -0.020147 -0.041254 -0.065139
v -0.021670 -0.040023 -0.069461
v -0.033727 0.003315 -0.058574
v -0.033537 0.000013 -0.070417
v -0.033791 0.000013 -0.058722
v -0.032761 -0.007091 -0.080980
v -0.033554 -0.006575 -0.058136
v -0.005068 -0.044795 -0.085153
v -0.008405 -0.044428 -0.084147
v -0.011798 -0.043947 -0.082712
v -0.014894 -0.040940 -0.091079
v -0.018030 -0.036288 -0.098390
v -0.021043 -0.030320 -0.104173
v -0.023807 -0.023372 -0.108061
v -0.026586 -0.022724 -0.101862
v -0.027553 -0.015546 -0.106381
v -0.028627 -0.022039 -0.094109
v -0.029670 -0.015049 -0.098380
v -0.030048 -0.021336 -0.085108
v -0.031135 -0.014538 -0.089062
v -0.030967 -0.020629 -0.075163
v -0.032073 -0.014026 -0.078748
v -0.031768 -0.019276 -0.053662
v -0.032871 -0.013044 -0.056421
v -0.021290 -0.008364 -0.120084
v -0.023364 -0.008253 -0.118142
v -0.025189 -0.008137 -0.115652
v -0.026781 -0.008015 -0.112656
v -0.028156 -0.007889 -0.109194
v -0.030320 -0.007628 -0.101041
v -0.031811 -0.007360 -0.091525
v -0.024844 -0.036667 -0.057965
v -0.024137 -0.037503 -0.066161
v -0.023041 -0.038336 -0.073655
v -0.022645 -0.029961 -0.101812
v -0.023576 -0.034755 -0.088527
v -0.025264 -0.029200 -0.095832
v -0.025358 -0.033911 -0.081507
v -0.027198 -0.028396 -0.088411
v -0.026613 -0.033042 -0.073438
v -0.028553 -0.027569 -0.079831
v -0.027435 -0.032171 -0.064574
v -0.029438 -0.026739 -0.070377
v -0.028165 -0.030502 -0.045492
v -0.030226 -0.025149 -0.049974
v -0.025424 -0.035065 -0.040372
v -0.023722 -0.036883 -0.037626
v -0.023275 -0.038421 -0.054429
v -0.021769 -0.038218 -0.034787
v -0.021501 -0.039705 -0.050781
v -0.019616 -0.038894 -0.031882
v -0.019568 -0.040378 -0.047054
v -0.017414 -0.038867 -0.028944
v -0.017599 -0.040405 -0.043288
v -0.015294 -0.038233 -0.026004
v -0.015699 -0.039860 -0.039522
v -0.013314 -0.037128 -0.023094
v -0.006565 -0.028112 -0.024010
v -0.005663 -0.026334 -0.016024
v -0.008590 -0.033429 -0.030968
v -0.007980 -0.031491 -0.021902
v -0.009734 -0.035699 -0.034816
v -0.010718 -0.035741 -0.028573
v -0.004903 -0.021913 -0.018258
v -0.004311 -0.024627 -0.007694
v -0.006817 -0.029630 -0.012270
v -0.009798 -0.033882 -0.017467
v -0.012255 -0.037458 -0.032130
v -0.013915 -0.038851 -0.035791
v -0.004955 0.021886 -0.018243
v -0.003682 0.014995 -0.013932
v -0.000744 0.012949 -0.001077
v -0.002855 0.007619 -0.011248
v 0.000296 0.006563 0.000685
v -0.002551 -0.000012 -0.010332
v 0.000684 -0.000011 0.001285
v -0.002830 -0.007645 -0.011254
v 0.000327 -0.006587 0.000682
v -0.003639 -0.015022 -0.013943
v -0.000690 -0.012978 -0.001082
v -0.002259 -0.019034 -0.003915
v -0.001745 -0.009736 0.000019
v -0.002333 -0.012860 -0.001061
v -0.000420 -0.011924 0.005461
v -0.028389 -0.025534 -0.061568
v -0.028678 -0.024760 -0.051185
v -0.026688 -0.029935 -0.046646
v -0.023975 -0.019024 -0.108034
v -0.024360 -0.015399 -0.110111
v -0.025704 -0.015212 -0.106954
v -0.024665 -0.011652 -0.111755
v -0.024887 -0.007814 -0.112947
v -0.026269 -0.007717 -0.109751
v -0.030776 0.010472 -0.081346
v -0.030384 0.013862 -0.080038
v -0.030964 0.013371 -0.069090
v -0.026223 0.024873 -0.092345
v -0.025497 0.027883 -0.089323
v -0.026890 0.027131 -0.080932
v -0.024680 0.030675 -0.085998
v -0.023769 0.033218 -0.082405
v -0.025044 0.032427 -0.074498
v -0.027675 0.000010 -0.107018
v -0.026464 0.000010 -0.110706
v -0.026411 0.003887 -0.110466
v -0.004786 0.020707 -0.116327
v -0.004734 0.024415 -0.114024
v -0.009439 0.024078 -0.113936
v -0.012988 0.042615 -0.075758
v -0.012163 0.042753 -0.070948
v -0.014057 0.042094 -0.067380
v -0.007359 0.024869 -0.021399
v -0.006597 0.021762 -0.018597
v -0.005473 0.020249 -0.011393
v -0.013080 0.041714 -0.062593
v -0.034794 0.010840 0.060608
v -0.033852 0.014330 0.060618
v -0.034829 0.015620 0.077251
v -0.005787 0.041025 0.070449
v -0.002160 0.041131 0.070728
v 0.000802 0.042167 0.081118
v -0.032472 0.005716 -0.015320
v -0.031781 0.011382 -0.014557
v -0.031980 0.011073 0.002734
v 0.002242 0.015998 0.017722
v 0.004159 0.010827 0.018584
v 0.006969 0.010929 0.025640
v -0.005119 -0.026083 0.006364
v -0.008382 -0.030099 0.003793
v -0.006718 -0.029533 0.013650
v -0.014210 -0.034386 -0.000410
v -0.016336 -0.035049 -0.001851
v -0.015375 -0.034603 0.010188
v 0.002117 -0.042627 0.086623
v 0.000792 -0.042155 0.081114
v -0.003139 -0.042012 0.080666
v -0.024037 -0.031133 0.052781
v -0.023108 -0.032301 0.060735
v -0.020537 -0.034569 0.060778
v -0.018458 -0.035153 -0.003281
v -0.020503 -0.034616 -0.004672
v -0.019892 -0.034151 0.008437
v -0.022417 -0.033430 -0.006007
v -0.024150 -0.031721 -0.007281
v -0.023798 -0.031206 0.006873
v -0.025673 -0.029656 -0.008491
v -0.026993 -0.027354 -0.009630
v -0.026841 -0.026820 0.005513
v -0.030690 -0.016929 -0.013324
v -0.031799 -0.011360 -0.014557
v -0.031998 -0.011051 0.002733
v -0.032481 -0.005692 -0.015320
v -0.032718 0.000013 -0.015579
v -0.032976 0.000013 0.002162
v 0.005687 0.005349 -0.120765
v 0.005651 0.008656 -0.120214
v -0.004896 0.008564 -0.120846
v 0.005640 0.009688 -0.120042
v 0.005580 0.012869 -0.119129
v -0.004868 0.012744 -0.119755
v 0.005518 0.015727 -0.118187
v 0.005483 0.016963 -0.117667
v -0.004831 0.016804 -0.118244
v 0.005409 0.019649 -0.116536
v 0.005362 0.020902 -0.115824
v 0.001227 0.037909 -0.053740
v 0.001126 0.036854 -0.052223
v -0.000027 0.036904 -0.052202
v 0.000241 0.023167 -0.039012
v 0.000159 0.020881 -0.037797
v -0.000947 0.020917 -0.037721
v 0.005684 -0.005350 -0.120768
v 0.005689 -0.004347 -0.120834
v -0.004917 -0.004296 -0.121505
v -0.040590 0.000018 0.105892
v -0.041428 0.000019 0.114678
v -0.041223 -0.004337 0.114691
v 0.012902 0.043238 0.118298
v 0.011485 0.043486 0.118204
v 0.011969 0.043374 0.112311
v 0.007973 0.044101 0.117970
v 0.007193 0.044148 0.117918
v 0.007691 0.044024 0.111809
v -0.001946 0.044143 0.117308
v -0.005782 0.043504 0.117052
v -0.005227 0.043404 0.110272
v -0.040378 0.004343 0.105921
v -0.041191 0.004373 0.114693
v -0.039746 0.008626 0.106007
v -0.040545 0.008674 0.114736
v -0.041157 0.005003 0.114695
v -0.038699 0.012828 0.106148
v -0.039480 0.012887 0.114807
v -0.040344 0.009876 0.114749
v -0.037035 0.019344 0.114970
v -0.038016 0.016979 0.114904
v -0.037249 0.016907 0.106339
v -0.038955 0.014716 0.114842
v -0.035408 0.020825 0.106578
v -0.036166 0.020914 0.115028
v -0.033195 0.024545 0.106862
v -0.033945 0.024652 0.115176
v -0.034625 0.023695 0.115130
v -0.024546 0.034168 0.107944
v -0.028397 0.031486 0.115545
v -0.027739 0.031248 0.107549
v -0.031375 0.028162 0.115347
v -0.030630 0.028030 0.107187
v -0.031740 0.027755 0.115322
v -0.021085 0.036761 0.108367
v -0.024687 0.034791 0.115792
v -0.025231 0.034307 0.115756
v -0.017386 0.039002 0.108815
v -0.020636 0.037657 0.116062
v -0.021730 0.036883 0.115989
v -0.013486 0.040869 0.109284
v -0.016249 0.040070 0.116355
v -0.018000 0.039107 0.116238
v -0.006881 0.043321 0.116979
v -0.009991 0.042434 0.116772
v -0.009420 0.042341 0.109771
v -0.011658 0.041959 0.116661
v -0.014075 0.040964 0.116500
v 0.015692 0.042416 0.118484
v 0.016162 0.042305 0.112799
v 0.017665 0.041836 0.118616
v 0.020230 0.040829 0.113270
v 0.024136 0.038962 0.113718
v 0.022236 0.039912 0.118921
v 0.019777 0.040947 0.118757
v 0.027840 0.036721 0.114142
v 0.026603 0.037463 0.119212
v 0.023702 0.039090 0.119018
v 0.034508 0.031209 0.114899
v 0.030936 0.034289 0.119501
v 0.031309 0.034128 0.114537
v 0.030635 0.034561 0.119481
v 0.027433 0.036865 0.119267
v 0.037407 0.027990 0.115226
v 0.034317 0.031227 0.119726
v 0.034162 0.031368 0.119716
v 0.039979 0.024504 0.115514
v 0.037630 0.027467 0.119947
v 0.037056 0.028118 0.119909
v 0.042197 0.020783 0.115761
v 0.040477 0.023391 0.120137
v 0.039626 0.024610 0.120081
v 0.044043 0.016864 0.115963
v 0.042853 0.019018 0.120296
v 0.041846 0.020872 0.120229
v 0.045497 0.012783 0.116121
v 0.044737 0.014372 0.120422
v 0.043697 0.016939 0.120352
v 0.046546 0.008581 0.116233
v 0.046078 0.009581 0.120511
v 0.045165 0.012846 0.120450
v 0.047389 -0.000027 0.116320
v 0.046893 0.004324 0.120566
v 0.047178 0.004297 0.116299
v 0.046876 0.004663 0.120565
v 0.046233 0.008628 0.120522
v 0.047175 -0.004351 0.116295
v 0.047120 -0.000346 0.120581
v 0.047104 -0.000027 0.120580
v 0.046539 -0.008633 0.116225
v 0.046802 -0.005311 0.120560
v 0.046862 -0.004375 0.120564
v 0.045486 -0.012833 0.116111
v 0.045932 -0.010211 0.120502
v 0.046204 -0.008676 0.120520
v 0.044028 -0.016911 0.115953
v 0.044506 -0.015020 0.120408
v 0.045137 -0.012891 0.120450
v 0.042179 -0.020826 0.115750
v 0.042567 -0.019600 0.120278
v 0.043674 -0.016985 0.120352
v 0.039956 -0.024543 0.115504
v 0.040129 -0.023933 0.120116
v 0.041825 -0.020919 0.120229
v 0.034480 -0.031238 0.114890
v 0.037038 -0.028171 0.119910
v 0.037382 -0.028025 0.115216
v 0.037197 -0.027997 0.119921
v 0.039605 -0.024658 0.120081
v 0.031278 -0.034153 0.114529
v 0.033854 -0.031677 0.119698
v 0.034113 -0.031392 0.119715
v 0.027807 -0.036740 0.114135
v 0.030115 -0.034963 0.119449
v 0.030875 -0.034294 0.119499
v 0.024101 -0.038976 0.113713
v 0.026006 -0.037824 0.119175
v 0.027377 -0.036869 0.119266
v 0.020195 -0.040838 0.113265
v 0.021637 -0.040187 0.118884
v 0.023652 -0.039097 0.119018
v 0.016125 -0.042307 0.112795
v 0.017027 -0.042045 0.118577
v 0.019730 -0.040955 0.118757
v 0.003335 -0.044236 0.111296
v 0.007303 -0.044161 0.117928
v 0.007655 -0.044017 0.111807
v 0.011441 -0.043504 0.118204
v 0.011932 -0.043371 0.112308
v 0.012205 -0.043382 0.118255
v 0.015647 -0.042428 0.118484
v -0.000984 -0.044025 0.110782
v 0.002343 -0.044386 0.117598
v 0.002806 -0.044365 0.117628
v -0.005261 -0.043384 0.110271
v -0.002649 -0.044048 0.117265
v -0.001530 -0.044124 0.117339
v -0.009451 -0.042318 0.109770
v -0.007532 -0.043157 0.116939
v -0.005820 -0.043469 0.117053
v -0.013515 -0.040842 0.109284
v -0.012288 -0.041722 0.116622
v -0.010026 -0.042404 0.116773
v -0.017414 -0.038973 0.108815
v -0.016886 -0.039746 0.116315
v -0.014110 -0.040939 0.116500
v -0.027759 -0.031214 0.107549
v -0.025212 -0.034355 0.115760
v -0.024569 -0.034135 0.107944
v -0.021770 -0.036868 0.115990
v -0.021110 -0.036730 0.108367
v -0.021201 -0.037284 0.116028
v -0.018037 -0.039090 0.116239
v -0.030649 -0.027995 0.107188
v -0.028899 -0.030965 0.115514
v -0.028479 -0.031352 0.115542
v -0.033211 -0.024509 0.106863
v -0.032157 -0.027211 0.115297
v -0.031377 -0.028111 0.115349
v -0.035421 -0.020789 0.106579
v -0.034975 -0.023117 0.115109
v -0.033949 -0.024608 0.115177
v -0.037260 -0.016870 0.106339
v -0.037326 -0.018717 0.114952
v -0.036173 -0.020874 0.115029
v -0.038707 -0.012791 0.106148
v -0.039153 -0.014126 0.114830
v -0.038031 -0.016945 0.114905
v -0.039751 -0.008590 0.106007
v -0.040474 -0.009269 0.114742
v -0.039499 -0.012853 0.114807
v -0.039359 -0.004226 0.095560
v -0.041223 -0.004346 0.114691
v -0.040570 -0.008640 0.114735
v -0.039565 0.000018 0.095516
v -0.004902 -0.008556 -0.120846
v 0.005644 -0.008646 -0.120181
v 0.005682 -0.005652 -0.120748
v 0.005615 -0.010871 -0.119760
v -0.004876 -0.012735 -0.119755
v 0.005572 -0.012863 -0.119125
v 0.005510 -0.015736 -0.118208
v -0.004841 -0.016795 -0.118244
v 0.005502 -0.016120 -0.118086
v 0.005177 -0.025216 -0.113259
v 0.005201 -0.024643 -0.113608
v 0.000298 -0.024610 -0.113915
v 0.005356 -0.020856 -0.115916
v 0.000356 -0.020880 -0.116168
v 0.005476 -0.016971 -0.117696
v 0.000403 -0.016949 -0.118042
v 0.005172 -0.025350 -0.113177
v 0.000231 -0.028105 -0.111304
v 0.005026 -0.028121 -0.111000
v 0.004954 -0.029484 -0.109929
v 0.000154 -0.031330 -0.108362
v 0.004830 -0.031337 -0.108080
v 0.004706 -0.033203 -0.106217
v 0.000068 -0.034255 -0.105116
v 0.004703 -0.033230 -0.106183
v -0.000129 -0.039093 -0.097839
v 0.004384 -0.036878 -0.101402
v -0.000026 -0.036851 -0.101597
v 0.004430 -0.036457 -0.102091
v 0.004616 -0.034264 -0.104872
v -0.000239 -0.040958 -0.093879
v 0.004115 -0.039300 -0.097389
v 0.004130 -0.039198 -0.097610
v -0.000357 -0.042429 -0.089754
v 0.003811 -0.041389 -0.092837
v 0.003872 -0.040972 -0.093746
v 0.003449 -0.043084 -0.087404
v 0.003478 -0.042999 -0.087839
v 0.003599 -0.042415 -0.089652
v 0.003318 -0.043467 -0.085443
v -0.000479 -0.043490 -0.085505
v 0.003134 -0.044005 -0.082686
v -0.000608 -0.044130 -0.081173
v 0.003032 -0.044118 -0.081153
v 0.002785 -0.044393 -0.077450
v -0.000745 -0.044343 -0.076799
v 0.002742 -0.044364 -0.076818
v 0.002742 -0.044364 -0.076808
v -0.000891 -0.044126 -0.072424
v 0.002453 -0.044169 -0.072476
v 0.002435 -0.044157 -0.072206
v -0.001046 -0.043484 -0.068092
v 0.002167 -0.043493 -0.068184
v 0.001754 -0.041838 -0.061983
v 0.001887 -0.042417 -0.063980
v -0.001211 -0.042423 -0.063844
v 0.002036 -0.043066 -0.066216
v 0.002090 -0.043301 -0.067026
v 0.001615 -0.040952 -0.059896
v 0.000402 -0.041013 -0.059897
v 0.001432 -0.039786 -0.057149
v 0.000174 -0.039151 -0.055961
v 0.001372 -0.039268 -0.056243
v 0.000849 -0.034044 -0.048372
v 0.000873 -0.034309 -0.048729
v -0.000258 -0.034320 -0.048729
v 0.001105 -0.036902 -0.052222
v -0.000047 -0.036913 -0.052226
v 0.001129 -0.037176 -0.052590
v 0.001354 -0.039109 -0.055966
v -0.000457 -0.031397 -0.045502
v 0.000660 -0.031360 -0.045534
v 0.000789 -0.033189 -0.047468
v 0.000296 -0.024638 -0.040044
v 0.000320 -0.025184 -0.040399
v -0.000810 -0.024675 -0.039980
v 0.000372 -0.026396 -0.041187
v -0.000642 -0.028172 -0.042576
v 0.000468 -0.028128 -0.042631
v 0.000595 -0.030434 -0.044553
v 0.000182 -0.021987 -0.038321
v -0.000958 -0.020941 -0.037738
v 0.000147 -0.020918 -0.037794
v 0.000029 -0.017270 -0.035996
v -0.001084 -0.017005 -0.035873
v 0.000022 -0.016999 -0.035900
v -0.001186 -0.012903 -0.034400
v -0.001271 -0.008674 -0.033329
v -0.000152 -0.008663 -0.033424
v -0.000089 -0.012310 -0.034244
v -0.000075 -0.012892 -0.034449
v -0.000008 -0.015718 -0.035447
v -0.001341 -0.004364 -0.032668
v -0.000197 -0.005340 -0.032901
v -0.000178 -0.007178 -0.033090
v -0.000222 0.003315 -0.032631
v -0.000229 -0.000017 -0.032580
v -0.001370 -0.000016 -0.032440
v -0.000233 -0.001945 -0.032551
v -0.000208 -0.004360 -0.032800
v -0.000195 0.005346 -0.032904
v -0.000209 0.004330 -0.032767
v -0.001338 0.004333 -0.032664
v 0.000002 0.015721 -0.035456
v -0.000054 0.013620 -0.034641
v -0.001179 0.012874 -0.034389
v -0.000068 0.012864 -0.034446
v -0.000152 0.008526 -0.033330
v 0.000075 0.018523 -0.036544
v 0.000034 0.016953 -0.035934
v -0.001075 0.016978 -0.035858
v 0.000335 0.025182 -0.040412
v 0.000309 0.024616 -0.040019
v -0.000797 0.024654 -0.039961
v -0.000627 0.028153 -0.042555
v 0.000481 0.028129 -0.042583
v 0.000442 0.027485 -0.042012
v -0.000441 0.031381 -0.045479
v 0.000676 0.031417 -0.045500
v 0.000939 0.034908 -0.049427
v 0.000892 0.034281 -0.048721
v -0.000240 0.034307 -0.048705
v 0.000809 0.033179 -0.047482
v 0.001375 0.039085 -0.055948
v 0.000195 0.039145 -0.055937
v 0.001395 0.039249 -0.056256
v -0.001364 0.040953 -0.059696
v 0.001537 0.040378 -0.058376
v 0.001637 0.040957 -0.059866
v -0.001189 0.042424 -0.063821
v 0.001909 0.042453 -0.063945
v 0.001864 0.042279 -0.063271
v -0.001023 0.043487 -0.068070
v 0.002190 0.043536 -0.068157
v 0.002061 0.043039 -0.066225
v -0.000867 0.044131 -0.072404
v 0.002477 0.044136 -0.072462
v 0.002203 0.043587 -0.068356
v 0.002767 0.044329 -0.076809
v 0.002766 0.044329 -0.076799
v -0.000721 0.044350 -0.076780
v 0.002550 0.044283 -0.073559
v 0.003248 0.043808 -0.084030
v 0.003055 0.044113 -0.081133
v -0.000584 0.044139 -0.081156
v 0.002900 0.044357 -0.078809
v 0.003473 0.043043 -0.087395
v 0.003342 0.043490 -0.085429
v -0.000456 0.043500 -0.085491
v -0.000333 0.042440 -0.089742
v 0.003589 0.042644 -0.089150
v 0.003623 0.042466 -0.089652
v 0.003919 0.040882 -0.094096
v 0.003896 0.041005 -0.093749
v -0.000217 0.040969 -0.093869
v 0.004232 0.038545 -0.098800
v 0.004156 0.039110 -0.097662
v -0.000107 0.039104 -0.097831
v 0.004136 0.039257 -0.097367
v 0.004524 0.035667 -0.103195
v 0.004403 0.036858 -0.101376
v -0.000005 0.036862 -0.101590
v 0.004791 0.032288 -0.107219
v 0.004720 0.033189 -0.106146
v 0.000088 0.034265 -0.105111
v 0.004635 0.034268 -0.104861
v 0.005030 0.028456 -0.110816
v 0.004849 0.031360 -0.108090
v 0.000172 0.031340 -0.108359
v 0.000247 0.028114 -0.111302
v 0.005044 0.028158 -0.111036
v 0.005237 0.024224 -0.113936
v 0.000313 0.024619 -0.113914
v 0.005216 0.024653 -0.113619
v 0.005189 0.025191 -0.113223
v 0.005543 0.014820 -0.118569
v 0.005708 0.000434 -0.121107
v 0.005693 0.004351 -0.120870
v -0.004915 0.004304 -0.121505
v 0.005691 0.004931 -0.120835
v 0.005708 -0.000178 -0.121109
v 0.005708 -0.000008 -0.121109
v -0.004922 0.000004 -0.121726
v 0.005708 0.000001 -0.121109
v 0.005708 0.000010 -0.121109
v -0.032726 -0.005530 0.002307
v -0.029120 -0.022312 -0.011664
v -0.030809 -0.016501 0.003424
v -0.032144 -0.011170 0.017715
v -0.030814 -0.016661 0.018015
v -0.032476 -0.011816 0.031664
v -0.030904 -0.017545 0.031699
v -0.033078 -0.012951 0.045683
v -0.031084 -0.019102 0.045602
v -0.033430 -0.005935 0.031642
v -0.034290 -0.006534 0.045733
v -0.033783 -0.009767 0.045712
v -0.032954 -0.005593 0.017530
v -0.025427 -0.029126 0.006168
v -0.021945 -0.032938 0.007628
v -0.017683 -0.034708 0.009298
v -0.026415 -0.027009 0.018944
v -0.024872 -0.029313 0.019248
v -0.025810 -0.028091 0.031837
v -0.024075 -0.030387 0.031900
v -0.024799 -0.030003 0.045392
v -0.022739 -0.032285 0.045348
v -0.023111 -0.031391 0.019586
v -0.021122 -0.033127 0.019964
v -0.022127 -0.032442 0.031986
v -0.019958 -0.034155 0.032104
v -0.020474 -0.034300 0.045320
v -0.018003 -0.035965 0.045321
v -0.033752 0.000014 0.031633
v -0.034697 0.000015 0.045750
v -0.034596 -0.003267 0.045745
v -0.036023 0.000016 0.060595
v -0.037489 -0.003966 0.076951
v -0.033866 -0.014300 0.060617
v -0.032669 -0.017691 0.060628
v -0.031223 -0.020958 0.060642
v -0.028012 -0.025918 0.052854
v -0.037667 0.000017 0.076930
v -0.029536 -0.024078 0.060658
v -0.027615 -0.027025 0.060678
v -0.025470 -0.029776 0.060702
v -0.029123 -0.021806 0.004357
v -0.028933 -0.021989 0.018424
v -0.028701 -0.023022 0.031752
v -0.028325 -0.024844 0.045499
v -0.014799 -0.038144 0.060924
v -0.017764 -0.036537 0.060838
v -0.018924 -0.034354 0.020393
v -0.016554 -0.034930 0.020864
v -0.017586 -0.035377 0.032267
v -0.015040 -0.035970 0.032466
v -0.015344 -0.037162 0.045363
v -0.012525 -0.037772 0.045440
v -0.011663 -0.039305 0.061045
v -0.008390 -0.039931 0.061197
v -0.036956 -0.007917 0.077013
v -0.038739 -0.008431 0.095688
v -0.036070 -0.011801 0.077113
v -0.037713 -0.012559 0.095896
v -0.035469 -0.016129 0.086412
v -0.036289 -0.016570 0.096179
v -0.033748 -0.019897 0.086688
v -0.034481 -0.020428 0.096530
v -0.031676 -0.023489 0.087014
v -0.032307 -0.024097 0.096945
v -0.029273 -0.026873 0.087388
v -0.029785 -0.027543 0.097418
v -0.026558 -0.030017 0.087804
v -0.026940 -0.030733 0.097943
v -0.023555 -0.032893 0.088258
v -0.023796 -0.033637 0.098513
v -0.020289 -0.035471 0.088747
v -0.020383 -0.036227 0.099123
v -0.016597 -0.038128 0.094522
v -0.016786 -0.037726 0.089268
v -0.012787 -0.040021 0.095149
v -0.013074 -0.039628 0.089818
v -0.008800 -0.041526 0.095803
v -0.009183 -0.041146 0.090396
v -0.004673 -0.042615 0.096480
v -0.005148 -0.042245 0.090999
v -0.000448 -0.043257 0.097175
v -0.001008 -0.042886 0.091622
v 0.003827 -0.043442 0.097875
v 0.003183 -0.043059 0.092252
v -0.007013 -0.041374 0.080225
v -0.010772 -0.040255 0.079807
v -0.014378 -0.038709 0.079419
v -0.017801 -0.036787 0.079057
v -0.021017 -0.034528 0.078720
v -0.024006 -0.031966 0.078408
v -0.026746 -0.029128 0.078120
v -0.029217 -0.026043 0.077859
v -0.031401 -0.022738 0.077625
v -0.033281 -0.019243 0.077422
v -0.034842 -0.015587 0.077250
v -0.016730 -0.038476 0.099767
v -0.012870 -0.040360 0.100441
v -0.008837 -0.041854 0.101140
v -0.004669 -0.042934 0.101861
v -0.000407 -0.043576 0.102595
v 0.003902 -0.043771 0.103333
v -0.009361 -0.040376 0.070174
v -0.005796 -0.041008 0.070447
v -0.002165 -0.041118 0.070726
v 0.001462 -0.040741 0.070993
v -0.014075 -0.034838 0.021352
v -0.012389 -0.035913 0.032671
v -0.009616 -0.037774 0.045522
v -0.005043 -0.040004 0.061354
v -0.012151 -0.033274 0.001021
v -0.013058 -0.033916 0.011080
v -0.009179 -0.033016 0.022297
v -0.010817 -0.032770 0.011959
v -0.002339 -0.021508 0.008642
v -0.003176 -0.025493 0.015207
v -0.004761 -0.029779 0.023172
v -0.004697 -0.032748 0.033188
v -0.007153 -0.034191 0.033034
v -0.003862 -0.036242 0.045629
v -0.000035 -0.016524 0.010537
v -0.000168 -0.020946 0.016582
v -0.000928 -0.025723 0.023962
v -0.002381 -0.031029 0.033326
v -0.001131 -0.034887 0.045651
v 0.001585 -0.038702 0.061620
v 0.005453 -0.005489 0.019126
v 0.002921 -0.005678 0.012866
v 0.004214 -0.010864 0.018586
v 0.001750 -0.011219 0.011969
v 0.002309 -0.016041 0.017724
v 0.008326 -0.005541 0.025910
v 0.007021 -0.010968 0.025643
v 0.004991 -0.016195 0.025218
v 0.002325 -0.021144 0.024651
v 0.011853 -0.005891 0.034074
v 0.010462 -0.011639 0.034008
v 0.008269 -0.017138 0.033900
v 0.005362 -0.022284 0.033753
v 0.001800 -0.026967 0.033563
v 0.017655 -0.006522 0.045486
v 0.016094 -0.012846 0.045508
v 0.013604 -0.018824 0.045545
v 0.010279 -0.024313 0.045593
v 0.006207 -0.029170 0.045636
v 0.001466 -0.033229 0.045657
v -0.011588 -0.034158 0.021832
v -0.009733 -0.035281 0.032862
v -0.006704 -0.037232 0.045586
v -0.001698 -0.039572 0.061497
v 0.008210 -0.043526 0.104063
v 0.008100 -0.043181 0.098567
v 0.007371 -0.042778 0.092875
v 0.006186 -0.042325 0.087157
v 0.004720 -0.041829 0.081554
v 0.005032 -0.039930 0.071242
v 0.004768 -0.037452 0.061722
v 0.012472 -0.042853 0.104778
v 0.016645 -0.041766 0.105471
v 0.012325 -0.042491 0.099245
v 0.016459 -0.041390 0.099902
v 0.011509 -0.042068 0.093482
v 0.015555 -0.040952 0.094069
v 0.010202 -0.041593 0.087674
v 0.014125 -0.040460 0.088172
v 0.008593 -0.041073 0.081976
v 0.012373 -0.039920 0.082378
v 0.008504 -0.038731 0.071470
v 0.011850 -0.037178 0.071678
v 0.007822 -0.035865 0.061805
v 0.010728 -0.033975 0.061873
v 0.020691 -0.040280 0.106139
v 0.020464 -0.039896 0.100534
v 0.019473 -0.039450 0.094632
v 0.017920 -0.038948 0.088647
v 0.016025 -0.038396 0.082759
v 0.015043 -0.035299 0.071868
v 0.013464 -0.031808 0.061929
v 0.024572 -0.038411 0.106777
v 0.024304 -0.038027 0.101137
v 0.023227 -0.037582 0.095168
v 0.021555 -0.037078 0.089097
v 0.019519 -0.036524 0.083117
v 0.018060 -0.033118 0.072041
v 0.028251 -0.036181 0.107381
v 0.027944 -0.035804 0.101710
v 0.026784 -0.035368 0.095676
v 0.024997 -0.034873 0.089521
v 0.022827 -0.034328 0.083453
v 0.020876 -0.030659 0.072199
v 0.018359 -0.026740 0.062014
v 0.031695 -0.033610 0.107948
v 0.034871 -0.030723 0.108473
v 0.031351 -0.033248 0.102247
v 0.034494 -0.030383 0.102745
v 0.030114 -0.032830 0.096152
v 0.033185 -0.029992 0.096594
v 0.028218 -0.032354 0.089918
v 0.031189 -0.029545 0.090285
v 0.025920 -0.031828 0.083765
v 0.028772 -0.029049 0.084052
v 0.023469 -0.027943 0.072341
v 0.025820 -0.024994 0.072470
v 0.022367 -0.020839 0.062077
v 0.032407 -0.011368 0.072842
v 0.027217 -0.007273 0.062158
v 0.025358 -0.014285 0.062124
v 0.037295 -0.015644 0.084931
v 0.031217 -0.014995 0.072772
v 0.035640 -0.019282 0.084756
v 0.029711 -0.018493 0.072686
v 0.033654 -0.022749 0.084550
v 0.027907 -0.021835 0.072585
v 0.031358 -0.026013 0.084314
v 0.041430 -0.012086 0.091592
v 0.040068 -0.015933 0.091410
v 0.038344 -0.019633 0.091186
v 0.036276 -0.023156 0.090922
v 0.033883 -0.026470 0.090620
v 0.044784 -0.008262 0.098330
v 0.043767 -0.012283 0.098169
v 0.042361 -0.016190 0.097950
v 0.040581 -0.019947 0.097680
v 0.038443 -0.023521 0.097361
v 0.035970 -0.026879 0.096998
v 0.046973 -0.004221 0.104816
v 0.046346 -0.008376 0.104704
v 0.045309 -0.012452 0.104522
v 0.043874 -0.016412 0.104276
v 0.042055 -0.020219 0.103971
v 0.039871 -0.023839 0.103612
v 0.037342 -0.027237 0.103202
v 0.047679 -0.000028 0.110683
v 0.047468 -0.004271 0.110642
v 0.046836 -0.008475 0.110525
v 0.045791 -0.012599 0.110336
v 0.044344 -0.016605 0.110080
v 0.042509 -0.020456 0.109761
v 0.040304 -0.024115 0.109384
v 0.037750 -0.027548 0.108953
v 0.001694 0.011182 0.011968
v -0.000104 0.016482 0.010537
v -0.002408 0.021467 0.008643
v -0.005178 0.026048 0.006366
v -0.000234 0.020902 0.016581
v 0.004927 0.016152 0.025214
v 0.010412 0.011600 0.034004
v -0.008424 0.030079 0.003796
v -0.003231 0.025455 0.015206
v 0.002262 0.021100 0.024647
v 0.008209 0.017095 0.033895
v 0.016051 0.012806 0.045503
v -0.012172 0.033276 0.001024
v -0.006755 0.029511 0.013649
v -0.000980 0.025684 0.023959
v 0.005303 0.022242 0.033747
v 0.013552 0.018783 0.045540
v 0.025326 0.014242 0.062120
v -0.026808 0.026827 0.005513
v -0.026963 0.027362 -0.009630
v -0.025644 0.029663 -0.008491
v -0.023769 0.031212 0.006872
v -0.024124 0.031729 -0.007281
v -0.021919 0.032947 0.007627
v -0.022394 0.033440 -0.006007
v -0.019871 0.034166 0.008436
v -0.020485 0.034632 -0.004672
v -0.017668 0.034728 0.009297
v -0.018447 0.035173 -0.003281
v -0.015370 0.034622 0.010187
v -0.016336 0.035068 -0.001850
v -0.013063 0.033927 0.011080
v -0.014220 0.034398 -0.000408
v -0.010832 0.032770 0.011960
v -0.023082 0.031398 0.019585
v -0.021095 0.033137 0.019963
v -0.018902 0.034369 0.020390
v -0.016538 0.034950 0.020862
v -0.014068 0.034857 0.021350
v -0.011590 0.034169 0.021831
v -0.009192 0.033016 0.022296
v -0.004795 0.029755 0.023170
v -0.030665 0.016946 -0.013324
v -0.030783 0.016518 0.003424
v -0.022715 0.032298 0.045349
v -0.025780 0.028101 0.031838
v -0.024046 0.030396 0.031900
v -0.026382 0.027016 0.018944
v -0.028902 0.022001 0.018425
v -0.029092 0.021817 0.004358
v -0.029091 0.022324 -0.011663
v -0.020452 0.034312 0.045321
v -0.022100 0.032452 0.031985
v -0.017985 0.035979 0.045321
v -0.019934 0.034166 0.032103
v -0.015329 0.037178 0.045362
v -0.017567 0.035392 0.032265
v -0.012516 0.037791 0.045439
v -0.015027 0.035990 0.032464
v -0.009613 0.037791 0.045521
v -0.012384 0.035931 0.032669
v -0.006709 0.037242 0.045586
v -0.009736 0.035292 0.032860
v -0.003874 0.036242 0.045628
v -0.007166 0.034191 0.033031
v -0.001151 0.034877 0.045649
v -0.004719 0.032736 0.033185
v 0.001438 0.033210 0.045655
v -0.002413 0.031007 0.033323
v 0.006165 0.029138 0.045632
v 0.018187 -0.000018 0.045479
v 0.027846 -0.000022 0.062172
v 0.027679 0.003619 0.062167
v 0.033963 -0.000024 0.072940
v 0.033782 0.003803 0.072928
v 0.040312 -0.000026 0.085267
v 0.040116 0.003970 0.085244
v 0.027197 0.007229 0.062156
v 0.033254 0.007596 0.072894
v 0.032386 0.011322 0.072840
v 0.039539 0.007930 0.085178
v 0.038590 0.011817 0.085072
v 0.037279 0.015597 0.084930
v 0.035623 0.019238 0.084754
v 0.029684 0.018450 0.072683
v 0.027878 0.021794 0.072582
v 0.022329 0.020798 0.062072
v 0.031192 0.014950 0.072769
v 0.010228 0.024274 0.045587
v 0.001752 0.026931 0.033558
v 0.033269 -0.007642 0.072895
v 0.038603 -0.011866 0.085073
v 0.039550 -0.007980 0.085179
v 0.042415 -0.008129 0.091726
v 0.043010 -0.004097 0.091810
v 0.045398 -0.004164 0.098430
v 0.045604 -0.000027 0.098465
v 0.047183 -0.000028 0.104855
v 0.045396 0.004110 0.098430
v 0.046972 0.004167 0.104817
v 0.044779 0.008209 0.098330
v 0.046344 0.008322 0.104704
v 0.043761 0.012232 0.098168
v 0.045307 0.012400 0.104523
v 0.042355 0.016141 0.097950
v 0.043873 0.016363 0.104277
v 0.040575 0.019902 0.097680
v 0.042055 0.020174 0.103972
v 0.038439 0.023479 0.097361
v 0.039873 0.023797 0.103613
v 0.035967 0.026841 0.096998
v 0.037346 0.027199 0.103203
v 0.033184 0.029958 0.096595
v 0.034499 0.030350 0.102747
v 0.030115 0.032801 0.096154
v 0.031359 0.033220 0.102249
v 0.026788 0.035344 0.095678
v 0.027954 0.035781 0.101712
v 0.023232 0.037564 0.095171
v 0.024316 0.038010 0.101141
v 0.019481 0.039438 0.094635
v 0.020478 0.039884 0.100537
v 0.015566 0.040946 0.094072
v 0.016475 0.041384 0.099906
v 0.011522 0.042069 0.093486
v 0.012343 0.042491 0.099249
v 0.007387 0.042784 0.092879
v 0.008120 0.043187 0.098572
v 0.003200 0.043070 0.092256
v 0.002131 0.042639 0.086627
v 0.006197 0.042331 0.087161
v 0.010211 0.041593 0.087678
v 0.014131 0.040453 0.088175
v 0.017923 0.038935 0.088649
v 0.021554 0.037060 0.089099
v 0.024994 0.034849 0.089523
v 0.028212 0.032325 0.089918
v 0.031181 0.029511 0.090285
v 0.033873 0.026431 0.090620
v 0.036265 0.023114 0.090921
v 0.038333 0.019588 0.091185
v 0.040057 0.015885 0.091409
v 0.041420 0.012037 0.091591
v 0.042407 0.008078 0.091726
v 0.043006 0.004044 0.091810
v 0.043209 -0.000027 0.091839
v 0.040122 -0.004021 0.085244
v 0.033790 -0.003850 0.072928
v 0.027690 -0.003662 0.062168
v 0.047468 0.004216 0.110643
v 0.046837 0.008421 0.110526
v 0.045793 0.012548 0.110337
v 0.044348 0.016557 0.110081
v 0.042514 0.020410 0.109762
v 0.040312 0.024073 0.109386
v 0.037760 0.027511 0.108955
v 0.034884 0.030691 0.108476
v 0.031710 0.033583 0.107951
v 0.028268 0.036159 0.107384
v 0.024591 0.038395 0.106780
v 0.020712 0.040269 0.106143
v 0.016667 0.041761 0.105476
v 0.012495 0.042854 0.104782
v -0.033231 0.000014 0.017466
v 0.004727 0.041836 0.081557
v 0.001464 0.040748 0.070996
v 0.008598 0.041073 0.081979
v 0.005029 0.039930 0.071244
v 0.012374 0.039913 0.082381
v 0.008497 0.038723 0.071471
v 0.016022 0.038382 0.082761
v 0.011838 0.037163 0.071679
v 0.019513 0.036505 0.083118
v 0.015027 0.035278 0.071868
v 0.022817 0.034303 0.083453
v 0.018039 0.033092 0.072040
v 0.025907 0.031798 0.083764
v 0.020851 0.030627 0.072196
v 0.028757 0.029014 0.084051
v 0.023443 0.027907 0.072338
v 0.031341 0.025975 0.084313
v -0.020518 0.034588 0.060780
v -0.023088 0.032321 0.060737
v -0.024015 0.031150 0.052782
v -0.024774 0.030018 0.045394
v -0.028672 0.023037 0.031753
v -0.017747 0.036554 0.060840
v -0.014784 0.038160 0.060925
v -0.011652 0.039322 0.061045
v -0.008383 0.039948 0.061197
v -0.005040 0.040019 0.061355
v -0.001700 0.039580 0.061499
v 0.001578 0.038702 0.061621
v 0.004754 0.037444 0.061722
v 0.007803 0.035849 0.061804
v 0.010703 0.033952 0.061872
v 0.013434 0.031780 0.061927
v 0.018322 0.026704 0.062010
v -0.003127 0.042027 0.080669
v -0.009349 0.040393 0.070176
v -0.006998 0.041391 0.080227
v -0.012786 0.039253 0.069931
v 0.033637 0.022707 0.084548
v 0.025792 0.024955 0.072467
v -0.017782 0.036809 0.079060
v -0.028301 0.024863 0.045501
v -0.027990 0.025939 0.052855
v -0.031205 0.020986 0.060643
v -0.033062 0.012978 0.045684
v -0.029199 0.026072 0.077860
v -0.029516 0.024104 0.060659
v -0.026727 0.029156 0.078122
v -0.027595 0.027049 0.060679
v -0.023987 0.031992 0.078410
v -0.000990 0.042901 0.091626
v 0.008234 0.043533 0.104068
v 0.003927 0.043783 0.103337
v 0.003848 0.043454 0.097879
v -0.000426 0.043272 0.097179
v -0.005128 0.042263 0.091003
v -0.010755 0.040274 0.079810
v -0.016062 0.037678 0.069718
v 0.003011 0.044401 0.117639
v 0.003371 0.044248 0.111298
v -0.000382 0.043591 0.102599
v -0.004651 0.042634 0.096484
v -0.009163 0.041166 0.090399
v -0.014360 0.038730 0.079422
v -0.020361 0.036256 0.099125
v -0.023775 0.033668 0.098515
v -0.020178 0.035904 0.093928
v -0.020269 0.035498 0.088750
v -0.016576 0.038153 0.094525
v -0.016707 0.038502 0.099770
v -0.012846 0.040384 0.100444
v -0.001489 0.044166 0.117339
v -0.000950 0.044041 0.110783
v -0.004644 0.042952 0.101864
v -0.008812 0.041875 0.101144
v -0.008778 0.041547 0.095806
v -0.012765 0.040044 0.095152
v -0.013054 0.039650 0.089821
v -0.016766 0.037750 0.089271
v -0.020998 0.034553 0.078723
v -0.025449 0.029798 0.060704
v -0.023536 0.032921 0.088260
v -0.026540 0.030048 0.087805
v -0.029256 0.026905 0.087389
v -0.026921 0.030765 0.097944
v -0.029768 0.027576 0.097419
v -0.030788 0.016678 0.018015
v -0.032126 0.011192 0.017715
v -0.030880 0.017565 0.031700
v -0.032458 0.011841 0.031664
v -0.031063 0.019125 0.045603
v -0.032653 0.017720 0.060629
v -0.033266 0.019275 0.077423
v -0.033734 0.019931 0.086688
v -0.035457 0.016163 0.086412
v -0.037704 0.012594 0.095896
v -0.036060 0.011834 0.077114
v -0.031385 0.022769 0.077626
v -0.031661 0.023522 0.087015
v -0.032291 0.024132 0.096946
v -0.036278 0.016606 0.096179
v -0.034468 0.020463 0.096531
v -0.034281 0.006563 0.045733
v -0.035473 0.007275 0.060601
v -0.035884 0.003658 0.060597
v -0.036948 0.007950 0.077013
v -0.037486 0.004000 0.076951
v -0.038733 0.008467 0.095688
v -0.039356 0.004262 0.095560
v -0.032716 0.005555 0.002308
v -0.032945 0.005619 0.017530
v -0.033421 0.005963 0.031642
v -0.002962 0.008658 -0.032821
v -0.001266 0.008644 -0.033321
v -0.003017 0.004339 -0.032136
v -0.004309 0.008690 -0.031818
v -0.004248 0.012931 -0.032959
v -0.005208 0.012962 -0.031670
v -0.005166 0.017065 -0.033281
v -0.006184 0.012912 -0.028680
v -0.006246 0.017000 -0.030358
v -0.006433 0.012726 -0.025450
v -0.006601 0.016760 -0.027185
v -0.005947 0.012120 -0.018910
v -0.006299 0.015974 -0.020654
v -0.006566 0.016403 -0.023920
v -0.002879 0.012891 -0.033923
v -0.004158 0.017031 -0.034522
v -0.005101 0.020980 -0.035318
v -0.006313 0.020897 -0.032487
v -0.006803 0.020608 -0.029386
v -0.006895 0.020181 -0.026149
v -0.006731 0.019666 -0.022860
v -0.002769 0.016992 -0.035429
v -0.002633 0.020923 -0.037331
v -0.004040 0.020951 -0.036492
v -0.003896 0.024656 -0.038845
v -0.005009 0.024668 -0.037751
v -0.004886 0.028097 -0.040546
v -0.006373 0.024558 -0.035042
v -0.006408 0.027940 -0.037993
v -0.007027 0.024223 -0.032031
v -0.007249 0.027557 -0.035094
v -0.007273 0.023740 -0.028826
v -0.007683 0.027035 -0.031924
v -0.007234 0.023155 -0.025505
v -0.007792 0.026400 -0.028563
v -0.008095 0.030026 -0.035409
v -0.007439 0.030575 -0.038532
v -0.006398 0.031015 -0.041292
v -0.004734 0.031245 -0.043662
v -0.003729 0.028115 -0.041549
v -0.002475 0.024648 -0.039609
v -0.004399 0.036634 -0.050709
v -0.001735 0.036853 -0.051976
v -0.001926 0.034264 -0.048452
v -0.002116 0.031349 -0.045197
v -0.003361 0.034192 -0.047888
v -0.012186 0.040909 -0.057839
v -0.011380 0.042423 -0.066129
v -0.010669 0.041660 -0.061346
v -0.009154 0.043038 -0.068606
v -0.008675 0.042316 -0.063904
v -0.006640 0.043540 -0.070311
v -0.006427 0.042852 -0.065751
v -0.004041 0.043909 -0.071624
v -0.004038 0.043249 -0.067196
v -0.014010 0.039239 -0.048446
v -0.012336 0.038897 -0.048931
v -0.011487 0.037396 -0.044462
v -0.011397 0.039726 -0.053156
v -0.010717 0.038216 -0.048577
v -0.010053 0.040498 -0.056642
v -0.009546 0.038980 -0.052053
v -0.008275 0.041184 -0.059286
v -0.007970 0.039673 -0.054791
v -0.006275 0.041750 -0.061275
v -0.006195 0.040260 -0.056923
v -0.004071 0.042172 -0.062853
v -0.004142 0.040696 -0.058634
v -0.011910 0.036531 -0.039825
v -0.010697 0.035621 -0.040122
v -0.009925 0.033571 -0.035957
v -0.010122 0.036422 -0.044128
v -0.009559 0.034363 -0.039844
v -0.009147 0.037154 -0.047605
v -0.008813 0.035059 -0.043317
v -0.007770 0.037823 -0.050448
v -0.007657 0.035682 -0.046271
v -0.006192 0.038413 -0.052726
v -0.006252 0.036245 -0.048706
v -0.004253 0.038842 -0.054576
v -0.001546 0.039089 -0.055735
v -0.009693 0.043324 -0.073346
v -0.006901 0.043796 -0.074913
v -0.004075 0.044143 -0.076095
v -0.008191 0.027742 -0.024546
v -0.008390 0.028592 -0.028369
v -0.008385 0.029364 -0.032002
v -0.006355 0.023194 -0.013772
v -0.003964 0.018767 -0.004038
v -0.004920 0.021549 -0.005905
v -0.001051 0.003258 0.001285
v 0.001065 -0.000014 0.007275
v 0.000952 0.003011 0.007158
v 0.003336 -0.000014 0.013173
v 0.002889 0.005647 0.012865
v 0.005890 -0.000014 0.019311
v 0.005422 0.005458 0.019124
v 0.008782 -0.000015 0.026000
v 0.008297 0.005508 0.025908
v 0.012332 -0.000016 0.034097
v 0.011824 0.005857 0.034072
v 0.017629 0.006484 0.045483
v -0.005920 0.018452 -0.016168
v -0.005340 0.014970 -0.014137
v -0.004020 0.013886 -0.007600
v -0.004868 0.011349 -0.012528
v -0.002387 0.012826 -0.001057
v -0.001789 0.009703 0.000022
v -0.000476 0.011888 0.005462
v -0.004691 0.017139 -0.009328
v -0.003116 0.015853 -0.002416
v -0.002155 0.017459 0.003307
v -0.004298 0.022624 0.000450
v -0.002301 0.028133 -0.042240
v -0.003547 0.031302 -0.044574
v -0.004565 0.034095 -0.047062
v -0.006337 0.033780 -0.044882
v -0.007569 0.033273 -0.042283
v -0.008476 0.032695 -0.039230
v -0.008982 0.032018 -0.035781
v -0.009153 0.031230 -0.032021
v -0.009077 0.030357 -0.028004
v -0.007326 0.025950 -0.016440
v -0.008376 0.028498 -0.019370
v -0.005975 0.024184 -0.007997
v -0.008362 0.028943 -0.012768
v -0.014554 0.037501 -0.036786
v -0.012036 0.035631 -0.034772
v -0.011910 0.034711 -0.029410
v -0.009998 0.032695 -0.031735
v -0.009495 0.030818 -0.022531
v -0.011709 0.042893 -0.077074
v -0.013815 0.041990 -0.080519
v -0.015040 0.041705 -0.078870
v -0.015932 0.040608 -0.083544
v -0.018019 0.038777 -0.086055
v -0.017098 0.040311 -0.081532
v -0.016113 0.041404 -0.076886
v -0.015084 0.042001 -0.072157
v -0.020090 0.038130 -0.080919
v -0.019009 0.039667 -0.076523
v -0.017855 0.040749 -0.072008
v -0.016655 0.041316 -0.067414
v -0.015461 0.041362 -0.062772
v -0.014324 0.040934 -0.058120
v -0.013278 0.040093 -0.053494
v -0.018868 0.036857 -0.090407
v -0.016765 0.039075 -0.088092
v -0.014608 0.040889 -0.085194
v -0.012422 0.042258 -0.081808
v -0.010269 0.043153 -0.078079
v -0.007194 0.043607 -0.079510
v -0.004131 0.043941 -0.080564
v -0.004200 0.043302 -0.084990
v -0.007500 0.042967 -0.084061
v -0.010853 0.042514 -0.082762
v -0.013107 0.041157 -0.086455
v -0.015348 0.039357 -0.089741
v -0.017533 0.037154 -0.092467
v -0.019643 0.034593 -0.094544
v -0.020892 0.034281 -0.092052
v -0.021657 0.031717 -0.095893
v -0.004273 0.042234 -0.089332
v -0.007800 0.041886 -0.088527
v -0.011415 0.041417 -0.087359
v -0.013748 0.039628 -0.090973
v -0.016031 0.037437 -0.094112
v -0.018236 0.034887 -0.096624
v -0.020348 0.032020 -0.098425
v -0.022346 0.028881 -0.099445
v -0.009597 0.020408 -0.116307
v -0.014352 0.023633 -0.113539
v -0.009732 0.016553 -0.118282
v -0.014623 0.020014 -0.115983
v -0.016942 0.019804 -0.115419
v -0.009841 0.012548 -0.119840
v -0.014852 0.016221 -0.118017
v -0.017209 0.016044 -0.117477
v -0.019270 0.015887 -0.116466
v -0.004345 0.040753 -0.093548
v -0.008084 0.040386 -0.092864
v -0.011943 0.039896 -0.091826
v -0.014342 0.037711 -0.095314
v -0.016659 0.035166 -0.098263
v -0.018876 0.032304 -0.100521
v -0.020982 0.029170 -0.102013
v -0.022960 0.025804 -0.102673
v -0.004415 0.038877 -0.097595
v -0.008353 0.038494 -0.097029
v -0.012434 0.037986 -0.096117
v -0.014889 0.035438 -0.099435
v -0.017231 0.032574 -0.102153
v -0.019453 0.029438 -0.104122
v -0.021548 0.026071 -0.105272
v -0.023498 0.022515 -0.105546
v -0.004484 0.036628 -0.101436
v -0.008605 0.036236 -0.100981
v -0.012889 0.035717 -0.100190
v -0.015391 0.032840 -0.103295
v -0.017749 0.029693 -0.105744
v -0.019968 0.026317 -0.107389
v -0.022044 0.022754 -0.108170
v -0.023961 0.019043 -0.108034
v -0.004551 0.034030 -0.105032
v -0.008840 0.033636 -0.104682
v -0.013309 0.033117 -0.104003
v -0.015848 0.029948 -0.106855
v -0.018213 0.026552 -0.109000
v -0.020420 0.022973 -0.110293
v -0.022471 0.019249 -0.110678
v -0.024347 0.015418 -0.110111
v -0.009923 0.008430 -0.120966
v -0.015037 0.012288 -0.119622
v -0.017423 0.012149 -0.119100
v -0.019505 0.012028 -0.118107
v -0.021392 0.011916 -0.116549
v -0.023110 0.011800 -0.114425
v -0.021134 0.015740 -0.114896
v -0.018974 0.019617 -0.114387
v -0.016624 0.023398 -0.112947
v -0.014041 0.027045 -0.110710
v -0.009258 0.027527 -0.111190
v -0.004677 0.027894 -0.111356
v -0.009973 0.004237 -0.121647
v -0.015173 0.008252 -0.120783
v -0.017581 0.008156 -0.120274
v -0.019678 0.008073 -0.119293
v -0.021581 0.007998 -0.117745
v -0.023317 0.007920 -0.115624
v -0.024880 0.007833 -0.112947
v -0.004616 0.031109 -0.108350
v -0.009058 0.030724 -0.108096
v -0.013693 0.030217 -0.107521
v -0.016259 0.026789 -0.110083
v -0.018621 0.023183 -0.111890
v -0.020809 0.019437 -0.112803
v -0.022827 0.015587 -0.112770
v -0.024655 0.011671 -0.111755
v -0.021084 0.036206 -0.085151
v -0.021990 0.033947 -0.089176
v -0.022811 0.031390 -0.092955
v -0.023549 0.028570 -0.096450
v -0.024206 0.025515 -0.099627
v -0.024782 0.022255 -0.102456
v -0.025278 0.018817 -0.104906
v -0.025691 0.015232 -0.106954
v -0.026020 0.011529 -0.108575
v -0.026261 0.007737 -0.109751
v -0.025019 0.003935 -0.113671
v -0.025068 0.000009 -0.113915
v -0.023445 0.003979 -0.116352
v -0.023490 0.000009 -0.116597
v -0.021698 0.004017 -0.118471
v -0.021739 0.000008 -0.118714
v -0.019786 0.004055 -0.120012
v -0.019824 0.000008 -0.120253
v -0.017679 0.004097 -0.120984
v -0.017714 0.000007 -0.121223
v -0.015259 0.004146 -0.121485
v -0.015289 0.000007 -0.121721
v -0.009992 0.000005 -0.121875
v -0.023956 0.034692 -0.070937
v -0.022758 0.035479 -0.078578
v -0.022750 0.036640 -0.067192
v -0.021644 0.037412 -0.074554
v -0.021428 0.038200 -0.063300
v -0.020430 0.038958 -0.070374
v -0.020013 0.039277 -0.059299
v -0.019132 0.040035 -0.066079
v -0.018553 0.039793 -0.055222
v -0.017790 0.040573 -0.061708
v -0.017109 0.039762 -0.051097
v -0.016459 0.040576 -0.057290
v -0.015726 0.039261 -0.046956
v -0.015190 0.040107 -0.052857
v -0.014424 0.038369 -0.042830
v -0.015974 0.038416 -0.040567
v -0.017462 0.038943 -0.044363
v -0.019004 0.038998 -0.048139
v -0.020561 0.038498 -0.051865
v -0.022071 0.037415 -0.055518
v -0.023477 0.035836 -0.059068
v -0.024752 0.033871 -0.062480
v -0.026020 0.029894 -0.077840
v -0.025463 0.032230 -0.044124
v -0.025894 0.031600 -0.065724
v -0.026912 0.029078 -0.068766
v -0.027814 0.026345 -0.071580
v -0.024099 0.034232 -0.041469
v -0.022574 0.035855 -0.038701
v -0.020922 0.036964 -0.035844
v -0.019208 0.037460 -0.032916
v -0.017489 0.037378 -0.029939
v -0.015797 0.036805 -0.026942
v -0.014156 0.035826 -0.023959
v -0.011094 0.032895 -0.018158
v -0.030163 0.019028 -0.054924
v -0.028368 0.025551 -0.061566
v -0.028655 0.024775 -0.051184
v -0.026667 0.029948 -0.046643
v -0.030469 0.016576 -0.067624
v -0.029892 0.017167 -0.078389
v -0.029872 0.019688 -0.065868
v -0.029301 0.020364 -0.076415
v -0.028609 0.023432 -0.074138
v -0.030051 0.007274 -0.092711
v -0.028486 0.007518 -0.101986
v -0.029770 0.010848 -0.091667
v -0.028220 0.011206 -0.100865
v -0.029388 0.014349 -0.090230
v -0.027858 0.014812 -0.099320
v -0.028908 0.017752 -0.088416
v -0.027403 0.018311 -0.097370
v -0.028332 0.021034 -0.086246
v -0.026858 0.021673 -0.095037
v -0.027660 0.024169 -0.083743
v -0.031251 0.012892 -0.057723
v -0.031930 0.006509 -0.059464
v -0.031357 0.010093 -0.070252
v -0.031646 0.006761 -0.071096
v -0.031063 0.007019 -0.082295
v -0.028861 0.023369 -0.030482
v -0.026832 0.028465 -0.027286
v -0.025584 0.030758 -0.025506
v -0.024153 0.032795 -0.023626
v -0.022534 0.034466 -0.021659
v -0.020762 0.035617 -0.019618
v -0.018896 0.036133 -0.017514
v -0.016989 0.036038 -0.015365
v -0.015088 0.035413 -0.013199
v -0.013242 0.034357 -0.011045
v -0.009837 0.031277 -0.006866
v -0.006860 0.027279 -0.002986
v -0.009977 -0.004226 -0.121647
v -0.015262 -0.004132 -0.121485
v -0.017683 -0.004082 -0.120984
v -0.019789 -0.004039 -0.120012
v -0.021702 -0.004000 -0.118470
v -0.023449 -0.003960 -0.116352
v -0.025023 -0.003916 -0.113671
v -0.026415 -0.003867 -0.110466
v -0.028655 -0.003755 -0.102668
v -0.026031 -0.011508 -0.108575
v -0.023513 -0.022496 -0.105548
v -0.025292 -0.018797 -0.104907
v -0.017588 -0.008141 -0.120274
v -0.019685 -0.008057 -0.119293
v -0.017432 -0.012134 -0.119100
v -0.019515 -0.012011 -0.118107
v -0.017220 -0.016028 -0.117477
v -0.019281 -0.015870 -0.116467
v -0.016954 -0.019788 -0.115420
v -0.018987 -0.019599 -0.114388
v -0.016638 -0.023381 -0.112948
v -0.018635 -0.023165 -0.111892
v -0.016273 -0.026773 -0.110085
v -0.018226 -0.026535 -0.109003
v -0.015861 -0.029931 -0.106859
v -0.017762 -0.029676 -0.105748
v -0.015403 -0.032824 -0.103300
v -0.017243 -0.032557 -0.102158
v -0.014900 -0.035422 -0.099442
v -0.016669 -0.035149 -0.098270
v -0.014350 -0.037694 -0.095323
v -0.016039 -0.037421 -0.094121
v -0.013754 -0.039612 -0.090983
v -0.015353 -0.039341 -0.089751
v -0.013110 -0.041141 -0.086468
v -0.014610 -0.040873 -0.085207
v -0.012422 -0.042243 -0.081823
v -0.013814 -0.041974 -0.080534
v -0.011705 -0.042879 -0.077090
v -0.012982 -0.042600 -0.075775
v -0.010992 -0.043037 -0.072308
v -0.012153 -0.042739 -0.070966
v -0.011367 -0.042413 -0.066147
v -0.021588 -0.007980 -0.117745
v -0.023324 -0.007901 -0.115624
v -0.021402 -0.011898 -0.116549
v -0.023120 -0.011781 -0.114425
v -0.021146 -0.015722 -0.114896
v -0.022839 -0.015568 -0.112771
v -0.020823 -0.019419 -0.112804
v -0.022485 -0.019230 -0.110678
v -0.020434 -0.022955 -0.110294
v -0.022059 -0.022735 -0.108171
v -0.019982 -0.026299 -0.107392
v -0.021562 -0.026052 -0.105274
v -0.019466 -0.029420 -0.104126
v -0.020996 -0.029151 -0.102017
v -0.018888 -0.032286 -0.100527
v -0.020360 -0.032002 -0.098431
v -0.018247 -0.034869 -0.096631
v -0.019654 -0.034576 -0.094551
v -0.017541 -0.037137 -0.092475
v -0.018876 -0.036840 -0.090415
v -0.016770 -0.039058 -0.088103
v -0.018024 -0.038760 -0.086065
v -0.015933 -0.040592 -0.083557
v -0.017099 -0.040294 -0.081544
v -0.015037 -0.041689 -0.078885
v -0.016109 -0.041387 -0.076900
v -0.015077 -0.041984 -0.072173
v -0.021670 -0.031698 -0.095898
v -0.022825 -0.031372 -0.092959
v -0.020903 -0.034263 -0.092058
v -0.022002 -0.033929 -0.089182
v -0.021093 -0.036189 -0.085159
v 0.000644 0.006017 0.006812
v -0.001339 0.006506 0.000807
v -0.004516 0.007620 -0.011360
v -0.004292 0.003820 -0.010650
v -0.005685 0.008143 -0.017645
v -0.005520 0.004084 -0.016877
v -0.006306 0.008555 -0.024197
v -0.006226 0.004292 -0.023438
v -0.006136 0.008682 -0.027468
v -0.006104 0.004357 -0.026735
v -0.005234 0.008715 -0.030500
v -0.005248 0.004373 -0.029787
v -0.004345 0.004358 -0.031115
v -0.004357 -0.000015 -0.030875
v -0.003038 -0.000015 -0.031900
v -0.004347 -0.004388 -0.031118
v -0.003019 -0.004369 -0.032140
v -0.004314 -0.008719 -0.031825
v -0.002967 -0.008687 -0.032829
v -0.004254 -0.012958 -0.032969
v -0.002886 -0.012919 -0.033934
v -0.004167 -0.017057 -0.034535
v -0.002778 -0.017018 -0.035443
v -0.004051 -0.020975 -0.036509
v -0.002644 -0.020946 -0.037348
v -0.003909 -0.024677 -0.038864
v -0.002488 -0.024669 -0.039628
v -0.003743 -0.028133 -0.041570
v -0.002316 -0.028151 -0.042261
v -0.003563 -0.031317 -0.044596
v -0.002133 -0.031364 -0.045220
v -0.003378 -0.034203 -0.047912
v -0.001944 -0.034276 -0.048476
v -0.003199 -0.036770 -0.051487
v -0.001754 -0.036861 -0.052000
v -0.001567 -0.039095 -0.055760
v -0.001385 -0.040955 -0.059720
v -0.006092 -0.000015 -0.026489
v -0.005253 -0.000015 -0.029546
v -0.006101 -0.004387 -0.026736
v -0.005250 -0.004402 -0.029789
v -0.006131 -0.008712 -0.027470
v -0.005238 -0.008744 -0.030506
v -0.006179 -0.012942 -0.028684
v -0.005214 -0.012990 -0.031678
v -0.006241 -0.017030 -0.030364
v -0.005173 -0.017091 -0.033292
v -0.006308 -0.020927 -0.032494
v -0.005110 -0.021005 -0.035331
v -0.006370 -0.024587 -0.035051
v -0.005021 -0.024691 -0.037767
v -0.006408 -0.027967 -0.038004
v -0.004899 -0.028117 -0.040565
v -0.006401 -0.031039 -0.041307
v -0.004748 -0.031261 -0.043684
v -0.006342 -0.033798 -0.044900
v -0.004580 -0.034108 -0.047085
v -0.006256 -0.036257 -0.048727
v -0.004414 -0.036643 -0.050733
v -0.006194 -0.038419 -0.052749
v -0.004269 -0.038847 -0.054600
v -0.006196 -0.040262 -0.056946
v -0.004159 -0.040698 -0.058658
v -0.006276 -0.041748 -0.061297
v -0.004088 -0.042170 -0.062876
v -0.006429 -0.042847 -0.065772
v -0.004056 -0.043244 -0.067218
v -0.006644 -0.043532 -0.070331
v -0.004060 -0.043903 -0.071645
v -0.006906 -0.043786 -0.074931
v -0.004094 -0.044134 -0.076113
v -0.007202 -0.043595 -0.079527
v -0.004151 -0.043930 -0.080581
v -0.007510 -0.042954 -0.084076
v -0.004221 -0.043291 -0.085005
v -0.007811 -0.041872 -0.088539
v -0.004293 -0.042222 -0.089344
v -0.008097 -0.040372 -0.092874
v -0.004365 -0.040740 -0.093558
v -0.008366 -0.038480 -0.097038
v -0.004435 -0.038864 -0.097604
v -0.008619 -0.036221 -0.100988
v -0.004504 -0.036615 -0.101443
v -0.008855 -0.033622 -0.104687
v -0.004570 -0.034017 -0.105037
v -0.009073 -0.030710 -0.108099
v -0.004633 -0.031097 -0.108353
v -0.009273 -0.027513 -0.111192
v -0.004693 -0.027882 -0.111358
v -0.009452 -0.024065 -0.113937
v -0.004748 -0.024404 -0.114025
v -0.009609 -0.020396 -0.116308
v -0.004798 -0.020697 -0.116328
v -0.009743 -0.016541 -0.118282
v -0.009850 -0.012537 -0.119840
v -0.009929 -0.008419 -0.120966
v -0.011868 -0.036537 -0.039843
v -0.009949 -0.032713 -0.031752
v -0.009882 -0.033587 -0.035976
v -0.010657 -0.035632 -0.040142
v -0.011450 -0.037402 -0.044481
v -0.013980 -0.039233 -0.048462
v -0.014045 -0.042079 -0.067397
v -0.013062 -0.041703 -0.062611
v -0.010652 -0.041654 -0.061366
v -0.012163 -0.040903 -0.057858
v -0.010032 -0.040497 -0.056663
v -0.011369 -0.039725 -0.053176
v -0.009522 -0.038983 -0.052075
v -0.010686 -0.038220 -0.048597
v -0.009121 -0.037162 -0.047626
v -0.010088 -0.036432 -0.044148
v -0.008786 -0.035072 -0.043338
v -0.009524 -0.034378 -0.039864
v -0.008447 -0.032713 -0.039249
v -0.008944 -0.032038 -0.035799
v -0.008064 -0.030048 -0.035426
v -0.008345 -0.029387 -0.032019
v -0.007651 -0.027060 -0.031939
v -0.007752 -0.026427 -0.028578
v -0.007242 -0.023768 -0.028840
v -0.007194 -0.023184 -0.025519
v -0.006865 -0.020210 -0.026161
v -0.006694 -0.019696 -0.022873
v -0.006539 -0.016432 -0.023930
v -0.006266 -0.016004 -0.020664
v -0.005920 -0.012150 -0.018917
v -0.005460 -0.000016 -0.016620
v -0.006196 -0.000016 -0.023184
v -0.005510 -0.004115 -0.016880
v -0.006219 -0.004323 -0.023440
v -0.005666 -0.008173 -0.017650
v -0.006294 -0.008586 -0.024202
v -0.006417 -0.012756 -0.025458
v -0.006582 -0.016789 -0.027195
v -0.006782 -0.020636 -0.029397
v -0.007005 -0.024249 -0.032044
v -0.007228 -0.027581 -0.035108
v -0.007420 -0.030596 -0.038549
v -0.007551 -0.033290 -0.042302
v -0.007639 -0.035693 -0.046293
v -0.007753 -0.037829 -0.050470
v -0.007954 -0.039675 -0.054814
v -0.008261 -0.041183 -0.059308
v -0.008664 -0.042311 -0.063925
v -0.009146 -0.043029 -0.068625
v -0.009688 -0.043312 -0.073364
v -0.010267 -0.043139 -0.078095
v -0.010854 -0.042499 -0.082777
v -0.011419 -0.041402 -0.087371
v -0.011950 -0.039881 -0.091836
v -0.012443 -0.037970 -0.096125
v -0.012900 -0.035701 -0.100196
v -0.013321 -0.033101 -0.104008
v -0.013706 -0.030201 -0.107525
v -0.014054 -0.027029 -0.110712
v -0.014365 -0.023618 -0.113541
v -0.014635 -0.019999 -0.115983
v -0.014863 -0.016206 -0.118017
v -0.015046 -0.012274 -0.119622
v -0.015180 -0.008238 -0.120782
v -0.009107 -0.031252 -0.032039
v -0.009025 -0.030380 -0.028021
v -0.008343 -0.028617 -0.028386
v -0.008138 -0.027769 -0.024561
v -0.007305 -0.024898 -0.021413
v -0.012304 -0.038897 -0.048950
v -0.013251 -0.040087 -0.053512
v -0.015167 -0.040096 -0.052873
v -0.014304 -0.040922 -0.058137
v -0.016444 -0.040560 -0.057304
v -0.015447 -0.041346 -0.062788
v -0.017782 -0.040554 -0.061721
v -0.016647 -0.041298 -0.067429
v -0.019130 -0.040016 -0.066091
v -0.017852 -0.040731 -0.072021
v -0.020432 -0.038941 -0.070384
v -0.019011 -0.039649 -0.076534
v -0.021651 -0.037395 -0.074563
v -0.020095 -0.038113 -0.080929
v -0.022768 -0.035462 -0.078585
v -0.023782 -0.033201 -0.082411
v -0.024695 -0.030656 -0.086003
v -0.029892 -0.019669 -0.065869
v -0.028628 -0.023413 -0.074140
v -0.029319 -0.020344 -0.076416
v -0.027678 -0.024149 -0.083745
v -0.028350 -0.021014 -0.086247
v -0.026239 -0.024853 -0.092347
v -0.026874 -0.021653 -0.095038
v -0.024221 -0.025496 -0.099630
v -0.024798 -0.022235 -0.102457
v -0.022975 -0.025785 -0.102676
v -0.027620 0.003834 -0.106782
v -0.028709 0.000011 -0.102898
v -0.030287 0.000011 -0.093559
v -0.030230 -0.003631 -0.093345
v -0.031305 0.000012 -0.083066
v -0.031247 -0.003501 -0.082872
v -0.031890 0.000012 -0.071782
v -0.031831 -0.003370 -0.071609
v -0.032172 0.000012 -0.060059
v -0.032114 -0.003243 -0.059909
v -0.027872 -0.014791 -0.099320
v -0.027419 -0.018290 -0.097371
v -0.029403 -0.014327 -0.090230
v -0.028925 -0.017731 -0.088417
v -0.030399 -0.013840 -0.080039
v -0.029909 -0.017146 -0.078389
v -0.030979 -0.013349 -0.069091
v -0.030487 -0.016555 -0.067624
v -0.028232 -0.011184 -0.100865
v -0.029782 -0.010826 -0.091667
v -0.030788 -0.010450 -0.081346
v -0.031370 -0.010070 -0.070253
v -0.031267 -0.012870 -0.057724
v -0.030184 -0.019009 -0.054925
v -0.028494 -0.007496 -0.101986
v -0.030059 -0.007252 -0.092711
v -0.031072 -0.006996 -0.082295
v -0.031655 -0.006738 -0.071096
v -0.031939 -0.006486 -0.059464
v -0.026037 -0.029877 -0.077844
v -0.025059 -0.032410 -0.074503
v -0.023968 -0.034676 -0.070943
v -0.022759 -0.036624 -0.067200
v -0.021432 -0.038183 -0.063309
v -0.020012 -0.039258 -0.059309
v -0.018546 -0.039773 -0.055234
v -0.017093 -0.039745 -0.051110
v -0.015702 -0.039249 -0.046969
v -0.014391 -0.038364 -0.042845
v -0.011991 -0.035638 -0.034789
v -0.009437 -0.030840 -0.022545
v -0.026930 -0.029062 -0.068770
v -0.025911 -0.031584 -0.065728
v -0.024766 -0.033855 -0.062486
v -0.023487 -0.035820 -0.059074
v -0.022077 -0.037398 -0.055526
v -0.020562 -0.038479 -0.051874
v -0.018998 -0.038978 -0.048149
v -0.017448 -0.038925 -0.044374
v -0.015950 -0.038404 -0.040579
v -0.014521 -0.037495 -0.036799
v -0.011863 -0.034720 -0.029425
v -0.008301 -0.028970 -0.012778
v -0.011046 -0.032907 -0.018169
v -0.014124 -0.035821 -0.023969
v -0.015775 -0.036792 -0.026950
v -0.017478 -0.037359 -0.029946
v -0.019207 -0.037440 -0.032923
v -0.020928 -0.036946 -0.035849
v -0.022585 -0.035840 -0.038706
v -0.024114 -0.034219 -0.041473
v -0.025482 -0.032218 -0.044127
v -0.027834 -0.026327 -0.071583
v -0.026908 -0.027113 -0.080935
v -0.025513 -0.027864 -0.089326
v -0.023564 -0.028551 -0.096453
v -0.022360 -0.028863 -0.099449
v -0.002704 -0.000015 -0.004422
v -0.004211 -0.000015 -0.010411
v -0.002784 -0.003566 -0.004628
v -0.004279 -0.003851 -0.010652
v -0.003032 -0.007088 -0.005236
v -0.004491 -0.007651 -0.011365
v -0.003432 -0.010549 -0.006234
v -0.004834 -0.011380 -0.012535
v -0.003971 -0.013919 -0.007606
v -0.005298 -0.015002 -0.014146
v -0.004635 -0.017172 -0.009336
v -0.005872 -0.018484 -0.016178
v -0.005412 -0.020282 -0.011402
v -0.006545 -0.021793 -0.018609
v -0.006292 -0.023226 -0.013783
v -0.007263 -0.025980 -0.016453
v -0.008315 -0.028525 -0.019384
v -0.004229 -0.022662 0.000446
v -0.005908 -0.024218 -0.008005
v -0.006799 -0.027310 -0.002992
v -0.009791 -0.031293 -0.006872
v -0.013215 -0.034353 -0.011051
v -0.015071 -0.035401 -0.013204
v -0.016983 -0.036019 -0.015368
v -0.018901 -0.036113 -0.017517
v -0.020774 -0.035600 -0.019621
v -0.022551 -0.034453 -0.021661
v -0.024174 -0.032785 -0.023627
v -0.025608 -0.030749 -0.025508
v -0.026859 -0.028455 -0.027287
v -0.028888 -0.023356 -0.030483
v -0.002087 -0.017498 0.003304
v -0.003054 -0.015889 -0.002421
v -0.003897 -0.018803 -0.004044
v -0.004851 -0.021585 -0.005912
v -0.001307 -0.006537 0.000805
v 0.000676 -0.006048 0.006811
v -0.001035 -0.003287 0.001284
v 0.000969 -0.003040 0.007158
v -0.000946 -0.000015 0.001446
v -0.028651 0.003776 -0.102668
v -0.030225 0.003654 -0.093345
v -0.031242 0.003524 -0.082872
v -0.031826 0.003394 -0.071609
v -0.032109 0.003267 -0.059909
v 0.004337 0.040734 -0.055279
v 0.008787 0.005545 -0.122171
v 0.007158 -0.040730 -0.097937
v 0.006467 -0.044662 -0.087591
v 0.005735 -0.045998 -0.076607
v 0.007767 -0.034431 -0.107043
v 0.008259 -0.026131 -0.114381
v 0.008604 -0.016312 -0.119523
v 0.008784 -0.005545 -0.122171
v 0.008614 0.016312 -0.119524
v 0.008274 0.026131 -0.114382
v 0.007787 0.034432 -0.107045
v 0.007182 0.040732 -0.097939
v 0.006493 0.044665 -0.087593
v 0.005028 0.044665 -0.065625
v 0.005761 0.046002 -0.076609
v 0.003728 0.034434 -0.046172
v 0.003237 0.026134 -0.038835
v 0.002891 0.016315 -0.033693
v 0.002712 0.005548 -0.031044
v 0.002708 -0.005541 -0.031044
v 0.002882 -0.016308 -0.033692
v 0.003222 -0.026128 -0.038834
v 0.003709 -0.034429 -0.046171
v 0.004314 -0.040728 -0.055277
v 0.005003 -0.044661 -0.065623
v 0.008505 -0.015744 -0.118030
v 0.008171 -0.025222 -0.113067
v 0.007109 -0.039313 -0.097195
v 0.006442 -0.043108 -0.087209
v 0.003780 -0.033231 -0.047230
v 0.002982 -0.015741 -0.035185
v 0.002991 0.015748 -0.035185
v 0.003799 0.033237 -0.047231
v 0.005053 0.043112 -0.066007
v 0.006467 0.043111 -0.087211
v 0.007716 0.033234 -0.105986
v 0.008514 0.015745 -0.118031
v 0.008681 0.005352 -0.120587
v 0.008678 -0.005352 -0.120586
v 0.008186 0.025222 -0.113068
v 0.007132 0.039315 -0.097197
v 0.005760 0.044402 -0.076609
v 0.004386 0.039317 -0.056021
v 0.003324 0.025225 -0.040149
v 0.002817 0.005355 -0.032629
v 0.002814 -0.005348 -0.032629
v 0.003310 -0.025219 -0.040148
v 0.004364 -0.039312 -0.056019
v 0.005029 -0.043108 -0.066005
v 0.005735 -0.044398 -0.076607
v 0.007697 -0.033233 -0.105985
v 0.004338 0.040716 -0.055288
v 0.003729 0.034419 -0.046186
v 0.003238 0.026123 -0.038851
v 0.002892 0.016308 -0.033711
v 0.002713 0.005546 -0.031064
v 0.002710 -0.005539 -0.031064
v 0.002883 -0.016301 -0.033711
v 0.003223 -0.026116 -0.038850
v 0.003710 -0.034414 -0.046184
v 0.004315 -0.040711 -0.055286
v 0.005003 -0.044642 -0.065628
v 0.005735 -0.045978 -0.076607
v 0.006467 -0.044643 -0.087586
v 0.007158 -0.040712 -0.097928
v 0.007766 -0.034416 -0.107030
v 0.008258 -0.026119 -0.114364
v 0.008603 -0.016305 -0.119504
v 0.008783 -0.005542 -0.122151
v 0.008786 0.005542 -0.122152
v 0.008612 0.016305 -0.119505
v 0.008273 0.026120 -0.114365
v 0.007786 0.034417 -0.107031
v 0.007181 0.040714 -0.097929
v 0.006493 0.044645 -0.087588
v 0.005761 0.045982 -0.076609
v 0.005029 0.044646 -0.065629
v -0.034929 0.026137 0.115110
v 0.002833 0.045986 0.117627
v 0.013812 0.044647 0.118359
v 0.048362 -0.005549 0.120664
v 0.048698 -0.000007 0.120686
v 0.026543 -0.039349 0.119211
v 0.024129 -0.040713 0.119050
v -0.008172 -0.044634 0.116897
v 0.047368 0.010997 0.120597
v 0.045721 0.016299 0.120487
v 0.002807 -0.045974 0.117629
v -0.002723 -0.045637 0.117260
v -0.018512 -0.040701 0.116207
v -0.020926 -0.039336 0.116046
v -0.014749 -0.042469 0.116458
v -0.013461 -0.042981 0.116544
v -0.029611 0.032528 0.115464
v -0.027593 0.034431 0.115599
v 0.037169 0.030487 0.119917
v 0.043449 0.021363 0.120336
v 0.048365 0.005536 0.120664
v 0.047949 0.008282 0.120636
v 0.033233 -0.034419 0.119657
v 0.028871 -0.037842 0.119366
v -0.017276 -0.041328 0.116289
v -0.016021 -0.041917 0.116373
v -0.027613 -0.034402 0.115600
v -0.028636 -0.033465 0.115532
v -0.022078 0.038626 0.115966
v -0.023231 0.037855 0.115889
v -0.024360 0.037049 0.115814
v -0.025464 0.036209 0.115741
v -0.014725 0.042491 0.116456
v -0.015997 0.041941 0.116372
v -0.018489 0.040726 0.116205
v 0.002140 0.045981 0.117581
v 0.001448 0.045966 0.117534
v 0.000063 0.045903 0.117442
v -0.002697 0.045653 0.117258
v 0.033253 0.034414 0.119655
v 0.040584 0.026115 0.120144
v 0.038943 0.028353 0.120035
v 0.044662 0.018865 0.120417
v 0.045712 -0.016311 0.120488
v 0.043437 -0.021373 0.120336
v 0.035251 -0.032516 0.119791
v 0.037152 -0.030494 0.119918
v 0.040570 -0.026124 0.120145
v -0.019706 0.040062 0.116124
v -0.020903 0.039362 0.116044
v -0.008147 0.044653 0.116895
v -0.009487 0.044301 0.116805
v -0.010816 0.043908 0.116717
v -0.012133 0.043475 0.116629
v -0.013436 0.043003 0.116542
v -0.004070 0.045465 0.117167
v -0.005437 0.045235 0.117075
v 0.005577 -0.045891 0.117813
v 0.008337 -0.045640 0.117997
v -0.023253 -0.037827 0.115891
v -0.022101 -0.038599 0.115968
v 0.031124 0.036193 0.119513
v 0.028893 0.037840 0.119365
v 0.026566 0.039348 0.119209
v 0.015127 -0.044288 0.118450
v 0.016456 -0.043896 0.118538
v 0.017773 -0.043463 0.118626
v 0.019076 -0.042990 0.118713
v -0.034747 -0.026388 0.115124
v -0.034944 -0.026103 0.115111
v 0.041340 -0.024969 0.120197
v 0.042075 -0.023792 0.120246
v 0.042774 -0.022593 0.120292
v 0.011077 -0.045223 0.118180
v 0.009710 -0.045452 0.118089
v -0.026562 -0.035307 0.115670
v -0.025484 -0.036180 0.115742
v -0.024381 -0.037021 0.115816
v -0.034345 -0.026953 0.115151
v -0.030577 0.031532 0.115400
v -0.030098 0.032034 0.115432
v -0.029856 0.032282 0.115448
v 0.022916 0.041341 0.118966
v 0.021661 0.041930 0.118882
v 0.020389 0.042481 0.118797
v 0.019101 0.042994 0.118711
v 0.013787 -0.044641 0.118361
v -0.033286 0.028373 0.115219
v -0.032855 0.028917 0.115248
v -0.032415 0.029453 0.115277
v -0.031967 0.029983 0.115307
v -0.031512 0.030506 0.115338
v -0.031048 0.031023 0.115368
v -0.030813 0.031278 0.115384
v 0.024152 0.040713 0.119048
v -0.029630 -0.032497 0.115465
v -0.029137 -0.032985 0.115498
v -0.034140 -0.027234 0.115165
v -0.033303 -0.028340 0.115220
v -0.033088 -0.028613 0.115235
v -0.032871 -0.028884 0.115249
v -0.034471 -0.026777 0.115142
v -0.034496 -0.026742 0.115141
v -0.034446 -0.026812 0.115144
v -0.034547 -0.026671 0.115137
v -0.034522 -0.026707 0.115139
v -0.032653 -0.029153 0.115264
v -0.032432 -0.029421 0.115279
v -0.031984 -0.029951 0.115308
v -0.031529 -0.030474 0.115339
v -0.031066 -0.030991 0.115370
v -0.030595 -0.031500 0.115401
v -0.030116 -0.032002 0.115433
v -0.030231 -0.027381 0.115425
v 0.039035 0.023026 0.120041
v 0.028017 -0.034772 0.119309
v 0.044943 -0.008059 0.120436
v 0.023491 0.037664 0.119004
v -0.037962 0.013299 0.114908
v -0.012978 -0.039951 0.116576
v 0.043610 0.013276 0.120347
v -0.039979 0.002717 0.114774
v -0.035989 -0.018283 0.115041
v -0.022397 -0.034758 0.115948
v -0.002567 -0.042633 0.117270
v 0.008183 -0.042636 0.117987
v -0.039307 -0.008035 0.114819
v 0.018596 -0.039960 0.118681
v 0.041618 -0.018305 0.120215
v 0.032186 0.031329 0.119584
v 0.035855 -0.027400 0.119831
v 0.045621 0.002693 0.120481
v -0.007833 0.041639 0.116916
v -0.017829 0.037676 0.116250
v 0.013497 0.041633 0.118338
v 0.002832 0.042986 0.117627
v -0.033382 0.023046 0.115213
v -0.026528 0.031346 0.115670
v 0.012403 0.042706 0.132296
v 0.001901 0.043987 0.131596
v -0.003229 0.040705 0.131254
v -0.008601 0.042712 0.130896
v -0.013167 0.038151 0.130591
v -0.018493 0.038955 0.130236
v -0.022159 0.033200 0.129992
v -0.027201 0.032935 0.129656
v -0.029640 0.026163 0.129494
v -0.034219 0.025001 0.129188
v -0.035140 0.017483 0.129127
v -0.039138 0.015614 0.128861
v -0.038313 0.007705 0.128916
v -0.041672 0.005320 0.128692
v -0.038960 -0.002557 0.128873
v -0.041675 -0.005282 0.128692
v -0.037041 -0.012658 0.129002
v -0.039147 -0.015577 0.128861
v -0.032675 -0.021963 0.129293
v -0.034233 -0.024966 0.129189
v -0.026138 -0.029887 0.129729
v -0.027220 -0.032904 0.129657
v -0.017839 -0.035934 0.130283
v -0.018516 -0.038930 0.130238
v -0.008301 -0.039722 0.130919
v -0.008625 -0.042692 0.130897
v 0.001877 -0.041013 0.131597
v 0.001876 -0.043973 0.131598
v 0.012056 -0.039727 0.132276
v 0.012378 -0.042698 0.132298
v 0.021596 -0.035945 0.132912
v 0.022271 -0.038941 0.132957
v 0.029898 -0.029903 0.133465
v 0.030979 -0.032921 0.133537
v 0.036440 -0.021983 0.133901
v 0.037996 -0.024987 0.134005
v 0.040811 -0.012680 0.134192
v 0.042915 -0.015600 0.134333
v 0.042736 -0.002580 0.134320
v 0.045450 -0.005307 0.134501
v 0.042095 0.007682 0.134277
v 0.045453 0.005296 0.134501
v 0.038927 0.017462 0.134065
v 0.042924 0.015591 0.134332
v 0.033433 0.026145 0.133699
v 0.038010 0.024980 0.134004
v 0.025956 0.033186 0.133200
v 0.030998 0.032918 0.133536
v 0.016967 0.038142 0.132600
v 0.022293 0.038943 0.132956
v 0.007030 0.040702 0.131938
v 0.006971 0.039710 0.130932
v 0.003962 0.040026 0.100665
v 0.014297 0.038659 0.101354
v 0.023927 0.034658 0.101996
v 0.016666 0.037212 0.131578
v 0.012223 0.038357 0.131282
v 0.032195 0.028296 0.102547
v 0.025436 0.032377 0.132163
v 0.021783 0.034391 0.131920
v 0.038538 0.020006 0.102971
v 0.032730 0.025508 0.132650
v 0.029997 0.028082 0.132467
v 0.042525 0.010353 0.103237
v 0.038091 0.017036 0.133007
v 0.036306 0.019857 0.132888
v 0.043882 -0.000006 0.103328
v 0.041181 0.007495 0.133214
v 0.040281 0.010273 0.133154
v 0.042519 -0.010363 0.103237
v 0.041807 -0.002517 0.133256
v 0.041651 -0.000019 0.133245
v 0.038527 -0.020014 0.102971
v 0.039929 -0.012371 0.133131
v 0.040319 -0.010323 0.133157
v 0.032179 -0.028301 0.102548
v 0.035664 -0.021447 0.132847
v 0.036373 -0.019938 0.132894
v 0.023907 -0.034658 0.101997
v 0.029282 -0.029174 0.132422
v 0.030077 -0.028212 0.132475
v 0.014275 -0.038654 0.101355
v 0.021182 -0.035068 0.131882
v 0.021854 -0.034579 0.131927
v 0.003939 -0.040014 0.100666
v 0.011875 -0.038759 0.131262
v 0.012261 -0.038606 0.131287
v -0.006395 -0.038648 0.099977
v -0.007986 -0.038753 0.129938
v 0.001944 -0.040013 0.130600
v -0.016025 -0.034647 0.099335
v -0.017292 -0.035058 0.129317
v -0.008372 -0.038600 0.129912
v -0.024293 -0.028285 0.098783
v -0.025388 -0.029159 0.128777
v -0.017964 -0.034568 0.129272
v -0.030636 -0.019995 0.098360
v -0.031766 -0.021427 0.128351
v -0.026183 -0.028196 0.128724
v -0.034623 -0.010341 0.098094
v -0.036025 -0.012349 0.128067
v -0.032474 -0.019919 0.128304
v -0.035980 0.000017 0.098003
v -0.037898 -0.002495 0.127942
v -0.036415 -0.010301 0.128041
v -0.034617 0.010375 0.098094
v -0.037267 0.007517 0.127984
v -0.037741 0.000003 0.127952
v -0.030625 0.020025 0.098359
v -0.034171 0.017057 0.128190
v -0.036365 0.010295 0.128044
v -0.024277 0.028312 0.098782
v -0.028805 0.025525 0.128547
v -0.032384 0.019876 0.128309
v -0.016005 0.034670 0.099334
v -0.021507 0.032390 0.129033
v -0.026070 0.028098 0.128729
v -0.006373 0.038665 0.099976
v -0.012734 0.037221 0.129618
v -0.017853 0.034402 0.129277
v 0.001967 0.039711 0.130598
v -0.003038 0.039713 0.130264
v -0.008291 0.038363 0.129914
v -0.033403 0.017635 0.098174
v -0.027855 0.026391 0.098544
v -0.020308 0.033490 0.099047
v -0.011237 0.038484 0.099651
v -0.001212 0.041061 0.100320
v 0.003963 0.041386 0.100665
v 0.009137 0.041058 0.101010
v 0.019161 0.038475 0.101678
v 0.028229 0.033476 0.102283
v 0.035772 0.026373 0.102786
v 0.041315 0.017614 0.103156
v 0.044510 0.007748 0.103369
v 0.043882 -0.000006 0.103328
v 0.045157 -0.002604 0.103413
v 0.043215 -0.012793 0.103284
v 0.038805 -0.022177 0.102990
v 0.032206 -0.030167 0.102550
v 0.023831 -0.036262 0.101992
v 0.014207 -0.040077 0.101351
v 0.003939 -0.040014 0.100666
v 0.003939 -0.041374 0.100666
v -0.006329 -0.040071 0.099982
v -0.015950 -0.036250 0.099340
v -0.024322 -0.030151 0.098782
v -0.030916 -0.022157 0.098342
v -0.035320 -0.012770 0.098048
v -0.035980 0.000017 0.098003
v -0.037257 -0.002581 0.097918
v -0.036604 0.007771 0.097961
v -0.001704 0.042648 0.104692
v -0.006911 0.041310 0.104345
v -0.012117 0.039972 0.103998
v -0.016828 0.037378 0.103684
v -0.021539 0.034785 0.103370
v -0.025458 0.031098 0.103109
v -0.029377 0.027412 0.102848
v -0.032258 0.022864 0.102656
v -0.035140 0.018317 0.102464
v -0.036802 0.013194 0.102353
v -0.038464 0.008071 0.102243
v -0.038803 0.002695 0.102220
v -0.039142 -0.002681 0.102198
v -0.038137 -0.007972 0.102265
v -0.037131 -0.013264 0.102333
v -0.034844 -0.018139 0.102485
v -0.032557 -0.023014 0.102638
v -0.029132 -0.027165 0.102866
v -0.025707 -0.031317 0.103095
v -0.021360 -0.034484 0.103385
v -0.017012 -0.037652 0.103675
v -0.012015 -0.039636 0.104008
v -0.007018 -0.041621 0.104341
v -0.001686 -0.042298 0.104697
v 0.003646 -0.042974 0.105052
v 0.008979 -0.042301 0.105408
v 0.014312 -0.041627 0.105763
v 0.019310 -0.039645 0.106097
v 0.024308 -0.037664 0.106430
v 0.028657 -0.034499 0.106720
v 0.033006 -0.031334 0.107009
v 0.036433 -0.027184 0.107238
v 0.039861 -0.023034 0.107466
v 0.042151 -0.018161 0.107619
v 0.044441 -0.013287 0.107771
v 0.045449 -0.007996 0.107838
v 0.046458 -0.002705 0.107905
v 0.046122 0.002671 0.107883
v 0.045786 0.008047 0.107860
v 0.044127 0.013171 0.107749
v 0.042467 0.018295 0.107638
v 0.039588 0.022844 0.107446
v 0.036710 0.027393 0.107254
v 0.032793 0.031082 0.106993
v 0.028875 0.034770 0.106731
v 0.024166 0.037367 0.106417
v 0.019457 0.039963 0.106103
v 0.014251 0.041304 0.105756
v 0.009046 0.042645 0.105409
v 0.003671 0.042986 0.105051
v -0.042039 -0.009631 0.114637
v -0.041728 -0.010985 0.114658
v -0.041377 -0.012328 0.114681
v -0.040985 -0.013660 0.114708
v -0.042309 -0.008269 0.114619
v -0.039612 0.017490 0.114798
v -0.042534 0.006938 0.114604
v -0.042722 0.005562 0.114591
v -0.042974 0.002796 0.114574
v -0.043058 0.000019 0.114569
v -0.042975 -0.002757 0.114575
v -0.042725 -0.005523 0.114591
v -0.042538 -0.006899 0.114604
v -0.040072 0.016323 0.114767
v -0.040313 0.015672 0.114751
v -0.040544 0.015017 0.114736
v -0.040766 0.014359 0.114721
v -0.040977 0.013698 0.114707
v -0.041370 0.012366 0.114681
v -0.041722 0.011023 0.114658
v -0.042034 0.009669 0.114637
v -0.042304 0.008307 0.114619
v -0.038059 -0.020866 0.114903
v -0.037771 -0.021422 0.114922
v -0.037476 -0.021974 0.114942
v -0.037174 -0.022523 0.114962
v -0.037020 -0.022795 0.114972
v -0.036864 -0.023066 0.114983
v -0.036706 -0.023337 0.114993
v -0.036547 -0.023606 0.115004
v -0.036385 -0.023874 0.115015
v -0.036222 -0.024141 0.115026
v -0.037155 0.022568 0.114962
v -0.037459 0.022019 0.114941
v -0.037755 0.021466 0.114922
v -0.038043 0.020909 0.114902
v -0.038324 0.020348 0.114884
v -0.038597 0.019784 0.114866
v -0.038862 0.019216 0.114848
v -0.039120 0.018644 0.114831
v -0.039370 0.018069 0.114814
v -0.040081 -0.016286 0.114768
v -0.040322 -0.015635 0.114752
v -0.040553 -0.014980 0.114737
v -0.039856 -0.016870 0.114783
v -0.039623 -0.017451 0.114799
v -0.036057 -0.024407 0.115037
v -0.035974 -0.024540 0.115042
v -0.035890 -0.024672 0.115048
v -0.039381 -0.018029 0.114815
v -0.039132 -0.018604 0.114831
v -0.038876 -0.019175 0.114849
v -0.038611 -0.019742 0.114866
v -0.038339 -0.020306 0.114884
v -0.035637 -0.025067 0.115065
v -0.035722 -0.024936 0.115059
v -0.035806 -0.024804 0.115053
v -0.035868 0.024720 0.115047
v -0.036035 0.024454 0.115036
v -0.036201 0.024188 0.115025
v -0.036364 0.023921 0.115014
v -0.036526 0.023652 0.115003
v -0.036686 0.023383 0.114993
v -0.036845 0.023112 0.114982
v -0.037001 0.022840 0.114972
v 0.002807 0.045986 0.118026
v -0.008173 0.044653 0.117294
v -0.018516 0.040726 0.116605
v -0.027620 0.034431 0.115998
v -0.034956 0.026137 0.115509
v -0.040099 0.016323 0.115166
v -0.042749 0.005562 0.114990
v -0.042752 -0.005523 0.114990
v -0.040108 -0.016286 0.115167
v -0.034971 -0.026103 0.115510
v -0.027639 -0.034402 0.115999
v -0.018539 -0.040701 0.116606
v -0.008199 -0.044634 0.117296
v 0.002780 -0.045974 0.118028
v 0.013760 -0.044641 0.118760
v 0.024102 -0.040713 0.119449
v 0.033206 -0.034419 0.120056
v 0.040543 -0.026124 0.120545
v 0.045686 -0.016311 0.120887
v 0.048339 0.005536 0.121063
v 0.048698 -0.000007 0.120686
v 0.048335 -0.005549 0.121063
v 0.045695 0.016299 0.120886
v 0.040558 0.026115 0.120544
v 0.033226 0.034414 0.120054
v 0.024126 0.040714 0.119447
v 0.013786 0.044647 0.118758
v -0.039579 0.016110 0.115802
v -0.035416 0.022107 0.116080
v -0.034503 0.025796 0.116140
v -0.031007 0.028414 0.116373
v -0.027263 0.033982 0.116623
v -0.025572 0.033858 0.116736
v -0.018277 0.040194 0.117222
v -0.019277 0.038274 0.117155
v -0.012312 0.041526 0.117619
v -0.008070 0.044071 0.117902
v -0.004889 0.043517 0.118114
v 0.002766 0.045386 0.118625
v 0.023784 -0.040182 0.120029
v 0.017819 -0.041514 0.119631
v 0.013577 -0.044058 0.119349
v 0.010396 -0.043505 0.119137
v 0.002741 -0.045374 0.118626
v -0.027282 -0.033953 0.116624
v -0.031024 -0.028382 0.116375
v -0.034518 -0.025762 0.116141
v -0.035429 -0.022073 0.116081
v -0.039588 -0.016074 0.115803
v -0.038674 -0.015092 0.115864
v -0.042197 -0.005451 0.115629
v 0.045086 -0.016098 0.121448
v 0.040923 -0.022095 0.121171
v 0.040010 -0.025783 0.121110
v 0.036514 -0.028402 0.120877
v 0.032770 -0.033970 0.120628
v 0.031079 -0.033846 0.120515
v 0.024784 -0.038261 0.120096
v 0.002741 -0.044174 0.118626
v -0.004914 -0.043500 0.118116
v -0.008095 -0.044052 0.117904
v -0.012335 -0.041505 0.117621
v -0.018300 -0.040170 0.117223
v -0.019299 -0.038248 0.117157
v -0.025592 -0.033829 0.116737
v -0.040661 -0.007653 0.115731
v -0.041329 0.000019 0.115686
v -0.042194 0.005489 0.115629
v -0.040657 0.007690 0.115731
v -0.038666 0.015129 0.115863
v 0.002766 0.044186 0.118625
v 0.010421 0.043513 0.119135
v 0.013602 0.044065 0.119347
v 0.017842 0.041518 0.119630
v 0.023807 0.040182 0.120028
v 0.024806 0.038261 0.120094
v 0.032789 0.033965 0.120627
v 0.047704 0.005463 0.121622
v 0.046836 -0.000006 0.121564
v 0.047701 -0.005476 0.121622
v 0.046164 -0.007678 0.121520
v 0.044173 -0.015116 0.121388
v 0.031099 0.033842 0.120514
v 0.036530 0.028395 0.120876
v 0.040025 0.025774 0.121109
v 0.040936 0.022085 0.121170
v 0.045095 0.016086 0.121448
v 0.044181 0.015105 0.121387
v 0.046168 0.007666 0.121520
v -0.004868 0.043320 0.118316
v -0.017592 0.038847 0.117468
v -0.012257 0.041338 0.117824
v -0.007709 0.042558 0.118127
v -0.019190 0.038100 0.117361
v -0.025457 0.033705 0.116944
v -0.026288 0.032873 0.116888
v -0.030868 0.028286 0.116583
v -0.038243 0.015593 0.116092
v -0.035257 0.022007 0.116291
v -0.033231 0.024905 0.116426
v -0.038492 0.015060 0.116075
v -0.040474 0.007656 0.115944
v -0.040682 -0.005270 0.115930
v -0.041142 0.000019 0.115899
v -0.040679 0.005307 0.115930
v -0.040478 -0.007618 0.115944
v -0.038500 -0.015024 0.116076
v -0.038252 -0.015557 0.116093
v -0.035270 -0.021973 0.116292
v -0.026307 -0.032843 0.116890
v -0.030884 -0.028254 0.116584
v -0.033246 -0.024871 0.116427
v -0.025477 -0.033676 0.116945
v -0.019212 -0.038075 0.117363
v -0.017614 -0.038823 0.117469
v -0.012280 -0.041317 0.117825
v -0.007733 -0.042540 0.118128
v -0.004892 -0.043303 0.118318
v 0.001876 -0.043973 0.131598
v 0.002728 -0.043974 0.118826
v 0.010348 -0.043308 0.119334
v 0.023072 -0.038834 0.120182
v 0.017737 -0.041326 0.119826
v 0.013189 -0.042546 0.119523
v 0.024671 -0.038088 0.120289
v 0.030938 -0.033692 0.120706
v 0.031769 -0.032860 0.120762
v 0.036348 -0.028273 0.121067
v 0.043724 -0.015581 0.121558
v 0.040737 -0.021994 0.121359
v 0.038712 -0.024892 0.121224
v 0.043972 -0.015047 0.121575
v 0.045954 -0.007643 0.121706
v 0.046163 0.005283 0.121720
v 0.046623 -0.000006 0.121751
v 0.046160 -0.005295 0.121720
v 0.045958 0.007631 0.121706
v 0.043981 0.015037 0.121574
v 0.043733 0.015570 0.121557
v 0.040750 0.021986 0.121358
v 0.031788 0.032856 0.120760
v 0.036364 0.028267 0.121066
v 0.038726 0.024884 0.121223
v 0.030957 0.033689 0.120705
v 0.024692 0.038088 0.120287
v 0.023094 0.038835 0.120181
v 0.017761 0.041330 0.119825
v 0.013213 0.042552 0.119522
v 0.010373 0.043316 0.119332
v 0.002753 0.043986 0.118824
v 0.002766 0.045386 0.118625
v -0.012280 -0.041331 0.117748
v -0.004890 -0.043318 0.118241
v -0.019215 -0.038088 0.117286
v -0.025481 -0.033688 0.116868
v -0.035278 -0.021980 0.116214
v -0.030890 -0.028264 0.116507
v -0.038509 -0.015029 0.115999
v -0.040488 -0.007621 0.115867
v -0.041152 0.000019 0.115822
v -0.041142 0.000019 0.115899
v -0.040483 0.007658 0.115866
v -0.038501 0.015065 0.115998
v -0.035265 0.022015 0.116214
v -0.030874 0.028296 0.116506
v -0.025462 0.033717 0.116867
v -0.019193 0.038114 0.117285
v -0.012257 0.041353 0.117747
v -0.004865 0.043335 0.118240
v 0.002758 0.044002 0.118748
v 0.002753 0.043986 0.118824
v 0.010380 0.043331 0.119256
v 0.017771 0.041344 0.119749
v 0.024705 0.038101 0.120211
v 0.030972 0.033701 0.120629
v 0.040768 0.021993 0.121283
v 0.036381 0.028276 0.120990
v 0.044000 0.015042 0.121499
v 0.045978 0.007634 0.121631
v 0.046643 -0.000006 0.121675
v 0.046623 -0.000006 0.121751
v 0.045974 -0.007646 0.121631
v 0.043991 -0.015053 0.121499
v 0.040756 -0.022002 0.121284
v 0.036365 -0.028283 0.120991
v 0.030953 -0.033704 0.120631
v 0.024683 -0.038101 0.120213
v 0.017747 -0.041340 0.119750
v 0.010356 -0.043323 0.119258
v 0.002733 -0.043989 0.118749
v 0.010367 -0.043365 0.119193
v 0.017766 -0.041381 0.119687
v 0.024709 -0.038138 0.120149
v 0.030985 -0.033737 0.120568
v 0.036402 -0.028311 0.120929
v 0.040797 -0.022024 0.121221
v 0.044036 -0.015068 0.121437
v 0.046021 -0.007653 0.121569
v 0.046691 -0.000006 0.121614
v 0.046025 0.007641 0.121569
v 0.044045 0.015057 0.121437
v 0.040810 0.022015 0.121221
v 0.036418 0.028304 0.120928
v 0.031004 0.033734 0.120566
v 0.024731 0.038139 0.120148
v 0.017790 0.041385 0.119685
v 0.010392 0.043374 0.119192
v 0.002762 0.044045 0.118683
v -0.004868 0.043378 0.118174
v -0.012267 0.041393 0.117681
v -0.019210 0.038151 0.117218
v -0.025486 0.033750 0.116800
v -0.030903 0.028323 0.116439
v -0.035298 0.022036 0.116146
v -0.038537 0.015080 0.115931
v -0.040522 0.007666 0.115799
v -0.041191 0.000019 0.115754
v -0.040526 -0.007629 0.115799
v -0.038546 -0.015044 0.115931
v -0.035311 -0.022002 0.116147
v -0.030919 -0.028292 0.116440
v -0.025505 -0.033721 0.116801
v -0.019232 -0.038126 0.117220
v -0.012291 -0.041372 0.117683
v -0.004893 -0.043361 0.118176
v 0.002737 -0.044032 0.118685
v 0.010382 -0.043429 0.119151
v 0.017791 -0.041442 0.119645
v 0.024744 -0.038195 0.120108
v 0.031029 -0.033787 0.120527
v 0.036455 -0.028352 0.120889
v 0.040856 -0.022056 0.121182
v 0.044100 -0.015090 0.121398
v 0.046088 -0.007664 0.121530
v 0.046758 -0.000006 0.121575
v 0.046092 0.007652 0.121530
v 0.044109 0.015079 0.121397
v 0.040869 0.022047 0.121181
v 0.036471 0.028346 0.120888
v 0.031049 0.033783 0.120526
v 0.024766 0.038195 0.120107
v 0.017815 0.041446 0.119643
v 0.010406 0.043438 0.119149
v 0.002765 0.044110 0.118640
v -0.004877 0.043442 0.118130
v -0.012287 0.041454 0.117636
v -0.019239 0.038207 0.117173
v -0.025524 0.033800 0.116754
v -0.030950 0.028365 0.116393
v -0.035351 0.022069 0.116099
v -0.038595 0.015102 0.115883
v -0.040583 0.007677 0.115751
v -0.041253 0.000019 0.115707
v -0.040587 -0.007640 0.115751
v -0.038604 -0.015066 0.115884
v -0.035364 -0.022035 0.116100
v -0.030966 -0.028333 0.116394
v -0.025544 -0.033771 0.116755
v -0.019261 -0.038182 0.117174
v -0.012310 -0.041433 0.117638
v -0.004901 -0.043425 0.118132
v 0.002740 -0.044097 0.118641
v 0.046836 -0.000006 0.121564
v 0.002766 0.044186 0.118625
v -0.041329 0.000019 0.115686
v 0.003939 -0.041374 0.100666
v 0.003646 -0.042974 0.105052
v 0.008554 -0.008054 -0.118733
v 0.008330 -0.018300 -0.115411
v 0.007943 -0.027396 -0.109651
v 0.007418 -0.034771 -0.101814
v 0.006789 -0.039961 -0.092394
v 0.006094 -0.042640 -0.081982
v 0.005377 -0.042639 -0.071232
v 0.004684 -0.039959 -0.060820
v 0.004057 -0.034769 -0.051400
v 0.003537 -0.027393 -0.043564
v 0.003155 -0.018297 -0.037804
v 0.002937 -0.008050 -0.034482
v 0.002895 0.002702 -0.033808
v 0.003032 0.013285 -0.035822
v 0.003340 0.023033 -0.040399
v 0.003799 0.031334 -0.047252
v 0.004381 0.037666 -0.055949
v 0.005049 0.041632 -0.065944
v 0.005760 0.042982 -0.076609
v 0.006471 0.041631 -0.087274
v 0.007136 0.037665 -0.097268
v 0.007714 0.031332 -0.105965
v 0.008168 0.023030 -0.112817
v 0.008471 0.013282 -0.117394
v 0.008602 0.002699 -0.119408
v 0.020429 0.042699 -0.086179
v 0.019729 0.043978 -0.075677
v 0.019386 0.040694 -0.070547
v 0.019029 0.042700 -0.065176
v 0.018723 0.038138 -0.060610
v 0.018368 0.038941 -0.055284
v 0.018122 0.033185 -0.051620
v 0.017786 0.032918 -0.046578
v 0.017622 0.026146 -0.044141
v 0.017316 0.024983 -0.039562
v 0.017253 0.017465 -0.038643
v 0.016986 0.015595 -0.034646
v 0.017038 0.007686 -0.035472
v 0.016814 0.005301 -0.032114
v 0.016993 -0.002576 -0.034828
v 0.016811 -0.005302 -0.032114
v 0.017118 -0.012677 -0.036750
v 0.016977 -0.015596 -0.034645
v 0.017406 -0.021981 -0.041118
v 0.017302 -0.024984 -0.039561
v 0.017840 -0.029903 -0.047658
v 0.017767 -0.032921 -0.046576
v 0.018392 -0.035948 -0.055958
v 0.018346 -0.038944 -0.055283
v 0.019027 -0.039733 -0.065497
v 0.019004 -0.042704 -0.065174
v 0.019705 -0.041022 -0.075676
v 0.019704 -0.043982 -0.075676
v 0.020384 -0.039734 -0.085854
v 0.020405 -0.042705 -0.086177
v 0.021021 -0.035949 -0.095394
v 0.021065 -0.038945 -0.096069
v 0.021576 -0.029906 -0.103694
v 0.021647 -0.032923 -0.104775
v 0.022014 -0.021983 -0.110234
v 0.022117 -0.024987 -0.111791
v 0.022308 -0.012680 -0.114602
v 0.022448 -0.015599 -0.116707
v 0.022439 -0.002579 -0.116525
v 0.022620 -0.005305 -0.119239
v 0.022399 0.007683 -0.115881
v 0.022623 0.005297 -0.119239
v 0.022191 0.017462 -0.112711
v 0.022457 0.015592 -0.116708
v 0.021827 0.026144 -0.107213
v 0.022132 0.024980 -0.111792
v 0.021330 0.033183 -0.099735
v 0.021666 0.032916 -0.104777
v 0.020732 0.038137 -0.090744
v 0.021088 0.038939 -0.096071
v 0.020070 0.040694 -0.080807
v 0.019064 0.039702 -0.080749
v -0.011203 0.040027 -0.077739
v -0.010514 0.038663 -0.088074
v -0.009874 0.034664 -0.097705
v 0.019710 0.037207 -0.090443
v 0.019414 0.038350 -0.086001
v -0.009324 0.028304 -0.105975
v 0.020293 0.032374 -0.099215
v 0.020050 0.034387 -0.095562
v -0.008903 0.020015 -0.112321
v 0.020778 0.025507 -0.106511
v 0.020596 0.028080 -0.103777
v -0.008640 0.010363 -0.116310
v 0.021133 0.017036 -0.111874
v 0.021014 0.019856 -0.110089
v -0.008552 0.000005 -0.117670
v 0.021336 0.007496 -0.114967
v 0.021277 0.010274 -0.114067
v -0.008646 -0.010353 -0.116309
v 0.021375 -0.002516 -0.115596
v 0.021366 -0.000018 -0.115439
v -0.008915 -0.020005 -0.112320
v 0.021247 -0.012370 -0.113720
v 0.021274 -0.010322 -0.114110
v -0.009340 -0.028293 -0.105974
v 0.020961 -0.021447 -0.109458
v 0.021008 -0.019939 -0.110166
v -0.009893 -0.034653 -0.097704
v 0.020533 -0.029176 -0.103077
v 0.020586 -0.028214 -0.103872
v -0.010537 -0.038650 -0.088073
v 0.019991 -0.035072 -0.094979
v 0.020036 -0.034583 -0.095652
v -0.011226 -0.040013 -0.077738
v 0.019370 -0.038765 -0.085673
v 0.019396 -0.038612 -0.086059
v -0.011915 -0.038649 -0.067403
v 0.018046 -0.038764 -0.065812
v 0.018708 -0.040022 -0.075742
v -0.012556 -0.034651 -0.057772
v 0.017426 -0.035071 -0.056505
v 0.018020 -0.038611 -0.065426
v -0.013105 -0.028291 -0.049502
v 0.016888 -0.029174 -0.048408
v 0.017382 -0.034582 -0.055833
v -0.013526 -0.020002 -0.043157
v 0.016465 -0.021444 -0.042027
v 0.016835 -0.028211 -0.047613
v -0.013789 -0.010350 -0.039168
v 0.016183 -0.012367 -0.037766
v 0.016418 -0.019936 -0.041319
v -0.013877 0.000008 -0.037807
v 0.016061 -0.002513 -0.035890
v 0.016158 -0.010319 -0.037376
v -0.013783 0.010366 -0.039168
v 0.016106 0.007499 -0.036519
v 0.016072 -0.000015 -0.036047
v -0.013514 0.020018 -0.043158
v 0.016315 0.017039 -0.039612
v 0.016167 0.010277 -0.037420
v -0.013089 0.028306 -0.049504
v 0.016675 0.025509 -0.044976
v 0.016435 0.019859 -0.041398
v -0.012536 0.034666 -0.057774
v 0.017163 0.032376 -0.052273
v 0.016858 0.028082 -0.047710
v -0.011893 0.038663 -0.067404
v 0.017750 0.037208 -0.061044
v 0.017407 0.034388 -0.055925
v 0.018730 0.039702 -0.075744
v 0.018397 0.039703 -0.070739
v 0.018046 0.038351 -0.065487
v -0.013700 0.017627 -0.040380
v -0.013328 0.026384 -0.045926
v -0.012823 0.033485 -0.053471
v -0.012217 0.038481 -0.062540
v -0.011548 0.041060 -0.072565
v -0.011203 0.041387 -0.077740
v -0.010858 0.041060 -0.082914
v -0.010190 0.038480 -0.092939
v -0.009587 0.033483 -0.102008
v -0.009086 0.026382 -0.109552
v -0.008719 0.017624 -0.115098
v -0.008508 0.007759 -0.118296
v -0.008468 -0.002593 -0.118946
v -0.008600 -0.012782 -0.117006
v -0.008897 -0.022167 -0.112599
v -0.009339 -0.030159 -0.106002
v -0.009899 -0.036256 -0.097629
v -0.010541 -0.040074 -0.088006
v -0.011226 -0.041373 -0.077738
v -0.011911 -0.040073 -0.067470
v -0.012551 -0.036254 -0.057847
v -0.013108 -0.030157 -0.049474
v -0.013545 -0.022165 -0.042877
v -0.013836 -0.012779 -0.038471
v -0.013963 -0.002590 -0.036532
v -0.013916 0.007762 -0.037182
v -0.007175 0.042647 -0.072072
v -0.007522 0.041307 -0.066866
v -0.007869 0.039968 -0.061660
v -0.008184 0.037373 -0.056950
v -0.008499 0.034778 -0.052240
v -0.008761 0.031090 -0.048322
v -0.009024 0.027403 -0.044404
v -0.009217 0.022855 -0.041523
v -0.009410 0.018307 -0.038643
v -0.009522 0.013184 -0.036982
v -0.009635 0.008061 -0.035321
v -0.009659 0.002684 -0.034984
v -0.009683 -0.002692 -0.034646
v -0.009617 -0.007983 -0.035653
v -0.009551 -0.013275 -0.036660
v -0.009400 -0.018149 -0.038949
v -0.009249 -0.023023 -0.041237
v -0.009022 -0.027174 -0.044663
v -0.008795 -0.031325 -0.048089
v -0.008506 -0.034491 -0.052437
v -0.008217 -0.037658 -0.056786
v -0.007884 -0.039641 -0.061783
v -0.007551 -0.041624 -0.066780
v -0.007196 -0.042299 -0.072113
v -0.006841 -0.042975 -0.077445
v -0.006485 -0.042300 -0.082778
v -0.006129 -0.041625 -0.088111
v -0.005795 -0.039642 -0.093108
v -0.005462 -0.037659 -0.098105
v -0.005171 -0.034493 -0.102454
v -0.004880 -0.031327 -0.106802
v -0.004650 -0.027176 -0.110229
v -0.004421 -0.023026 -0.113655
v -0.004267 -0.018152 -0.115943
v -0.004113 -0.013278 -0.118232
v -0.004044 -0.007986 -0.119239
v -0.003976 -0.002695 -0.120246
v -0.003997 0.002681 -0.119909
v -0.004018 0.008057 -0.119572
v -0.004127 0.013181 -0.117911
v -0.004236 0.018304 -0.116250
v -0.004427 0.022852 -0.113370
v -0.004617 0.027401 -0.110490
v -0.004878 0.031088 -0.106572
v -0.005138 0.034776 -0.102654
v -0.005451 0.037371 -0.097944
v -0.005764 0.039967 -0.093234
v -0.006111 0.041306 -0.088028
v -0.006458 0.042646 -0.082822
v -0.006816 0.042985 -0.077447
v 0.006892 0.044645 -0.087561
v 0.007580 0.040714 -0.097903
v 0.008185 0.034417 -0.107005
v 0.008672 0.026120 -0.114339
v 0.009012 0.016305 -0.119478
v 0.009185 0.005542 -0.122125
v 0.009182 -0.005542 -0.122125
v 0.009002 -0.016305 -0.119478
v 0.008657 -0.026119 -0.114338
v 0.008165 -0.034416 -0.107003
v 0.007557 -0.040712 -0.097901
v 0.006866 -0.044643 -0.087560
v 0.006134 -0.045978 -0.076580
v 0.005402 -0.044642 -0.065601
v 0.004714 -0.040711 -0.055260
v 0.004109 -0.034414 -0.046158
v 0.003622 -0.026117 -0.038824
v 0.003282 -0.016301 -0.033684
v 0.003109 -0.005539 -0.031037
v 0.003112 0.005546 -0.031038
v 0.003292 0.016308 -0.033685
v 0.003637 0.026123 -0.038825
v 0.004128 0.034419 -0.046159
v 0.004737 0.040716 -0.055261
v 0.005428 0.044646 -0.065603
v 0.006160 0.045982 -0.076582
v 0.008552 0.042703 -0.065874
v 0.008214 0.041123 -0.060815
v 0.007891 0.038944 -0.055982
v 0.007588 0.036197 -0.051448
v 0.007309 0.032921 -0.047276
v 0.007058 0.029166 -0.043529
v 0.006839 0.024986 -0.040261
v 0.006655 0.020441 -0.037519
v 0.006509 0.015598 -0.035344
v 0.006402 0.010527 -0.033768
v 0.006337 0.005304 -0.032812
v 0.006314 0.000002 -0.032492
v 0.006334 -0.005299 -0.032812
v 0.006396 -0.010523 -0.033767
v 0.006500 -0.015593 -0.035344
v 0.006644 -0.020436 -0.037519
v 0.006825 -0.024981 -0.040260
v 0.007042 -0.029162 -0.043528
v 0.007290 -0.032918 -0.047275
v 0.007568 -0.036193 -0.051446
v 0.007869 -0.038941 -0.055981
v 0.008191 -0.041121 -0.060813
v 0.008528 -0.042701 -0.065872
v 0.008875 -0.043658 -0.071085
v 0.009227 -0.043979 -0.076374
v 0.009580 -0.043659 -0.081664
v 0.009928 -0.042702 -0.086876
v 0.010266 -0.041122 -0.091935
v 0.010589 -0.038942 -0.096768
v 0.010892 -0.036195 -0.101302
v 0.011171 -0.032920 -0.105474
v 0.011422 -0.029165 -0.109221
v 0.011641 -0.024984 -0.112489
v 0.011825 -0.020439 -0.115231
v 0.011971 -0.015596 -0.117406
v 0.012078 -0.010526 -0.118982
v 0.012143 -0.005302 -0.119938
v 0.012166 -0.000001 -0.120258
v 0.012146 0.005300 -0.119938
v 0.012084 0.010524 -0.118983
v 0.011980 0.015595 -0.117406
v 0.011836 0.020438 -0.115231
v 0.011655 0.024983 -0.112490
v 0.011438 0.029164 -0.109222
v 0.011190 0.032919 -0.105475
v 0.010912 0.036195 -0.101304
v 0.009952 0.042702 -0.086878
v 0.010289 0.041122 -0.091937
v 0.010611 0.038942 -0.096769
v 0.009605 0.043660 -0.081665
v 0.009429 0.043900 -0.079025
v 0.009253 0.043981 -0.076376
v 0.006395 0.045051 -0.071084
v 0.005687 0.042433 -0.060486
v 0.006036 0.044063 -0.065706
v 0.005041 0.037349 -0.050820
v 0.005354 0.040184 -0.055500
v 0.004495 0.030095 -0.042650
v 0.004753 0.033970 -0.046516
v 0.004079 0.021092 -0.036449
v 0.004268 0.025782 -0.039278
v 0.003818 0.010863 -0.032578
v 0.003927 0.016095 -0.034205
v 0.003727 0.000003 -0.031262
v 0.003750 0.005473 -0.031592
v 0.003811 -0.010857 -0.032577
v 0.003747 -0.005467 -0.031592
v 0.004066 -0.021086 -0.036448
v 0.003918 -0.016089 -0.034204
v 0.004477 -0.030090 -0.042649
v 0.004254 -0.025776 -0.039277
v 0.005020 -0.037345 -0.050819
v 0.004734 -0.033965 -0.046515
v 0.006010 -0.044059 -0.065704
v 0.005663 -0.042429 -0.060484
v 0.005331 -0.040180 -0.055498
v 0.007097 -0.045048 -0.081998
v 0.006915 -0.045296 -0.079274
v 0.006824 -0.045358 -0.077908
v 0.006778 -0.045373 -0.077224
v 0.006733 -0.045379 -0.076540
v 0.007804 -0.042430 -0.092597
v 0.007455 -0.044060 -0.087377
v 0.008450 -0.037347 -0.102262
v 0.008137 -0.040181 -0.097583
v 0.008997 -0.030092 -0.110433
v 0.008738 -0.033967 -0.106567
v 0.009413 -0.021089 -0.116634
v 0.009223 -0.025779 -0.113805
v 0.009674 -0.010860 -0.120505
v 0.009564 -0.016092 -0.118878
v 0.009764 -0.000000 -0.121821
v 0.009741 -0.005470 -0.121491
v 0.009680 0.010860 -0.120505
v 0.009744 0.005470 -0.121491
v 0.009425 0.021089 -0.116635
v 0.009573 0.016092 -0.118879
v 0.009014 0.030093 -0.110434
v 0.009237 0.025779 -0.113806
v 0.008471 0.037347 -0.102264
v 0.008757 0.033968 -0.106568
v 0.007828 0.042432 -0.092598
v 0.008160 0.040183 -0.097585
v 0.006759 0.045381 -0.076542
v 0.007122 0.045050 -0.082000
v 0.007481 0.044062 -0.087378
v 0.032073 -0.010774 -0.031063
v 0.033547 -0.010858 -0.030624
v 0.032326 -0.020918 -0.034901
v 0.033802 -0.021081 -0.034492
v 0.032734 -0.029846 -0.041050
v 0.034213 -0.030078 -0.040689
v 0.033272 -0.037040 -0.049152
v 0.034755 -0.037328 -0.048854
v 0.033909 -0.042082 -0.058736
v 0.035398 -0.042409 -0.058512
v 0.034609 -0.044678 -0.069246
v 0.036103 -0.045026 -0.069104
v 0.035331 -0.044679 -0.080070
v 0.036830 -0.045027 -0.080012
v 0.036032 -0.042083 -0.090580
v 0.037537 -0.042411 -0.090604
v 0.036673 -0.037042 -0.100164
v 0.038183 -0.037330 -0.100263
v 0.037215 -0.029848 -0.108266
v 0.038729 -0.030081 -0.108428
v 0.037628 -0.020921 -0.114416
v 0.039145 -0.021084 -0.114625
v 0.037886 -0.010777 -0.118254
v 0.039406 -0.010862 -0.118493
v 0.037976 -0.000008 -0.119559
v 0.039496 -0.000009 -0.119808
v 0.037893 0.010761 -0.118255
v 0.039412 0.010844 -0.118494
v 0.037640 0.020904 -0.114416
v 0.039157 0.021067 -0.114626
v 0.037232 0.029833 -0.108268
v 0.038746 0.030064 -0.108429
v 0.036694 0.037027 -0.100166
v 0.038204 0.037314 -0.100264
v 0.036056 0.042069 -0.090581
v 0.037561 0.042395 -0.090605
v 0.035356 0.044665 -0.080072
v 0.036856 0.045012 -0.080014
v 0.034635 0.044666 -0.069247
v 0.036129 0.045013 -0.069106
v 0.033933 0.042070 -0.058738
v 0.035422 0.042397 -0.058514
v 0.033293 0.037029 -0.049153
v 0.034776 0.037316 -0.048855
v 0.032751 0.029835 -0.041051
v 0.034230 0.030067 -0.040690
v 0.032338 0.020907 -0.034902
v 0.033814 0.021070 -0.034493
v 0.032079 0.010764 -0.031063
v 0.033553 0.010848 -0.030624
v 0.031989 -0.000005 -0.029758
v 0.033463 -0.000005 -0.029309
v 0.006319 0.005336 -0.032545
v 0.007085 0.010771 -0.032730
v 0.006995 0.000002 -0.031425
v 0.006825 0.025139 -0.040039
v 0.007756 0.029842 -0.042717
v 0.007344 0.020915 -0.036568
v 0.006385 0.010592 -0.033506
v 0.006492 0.015694 -0.035092
v 0.006639 0.020566 -0.037281
v 0.007883 0.039183 -0.055857
v 0.008939 0.042077 -0.060404
v 0.008298 0.037036 -0.050820
v 0.007045 0.029345 -0.043327
v 0.007297 0.033123 -0.047097
v 0.007578 0.036419 -0.051295
v 0.009253 0.044251 -0.076376
v 0.010362 0.044672 -0.081738
v 0.009640 0.044673 -0.070914
v 0.008208 0.041376 -0.060719
v 0.008548 0.042965 -0.065810
v 0.008898 0.043928 -0.071054
v 0.010619 0.039181 -0.096894
v 0.011699 0.037034 -0.101832
v 0.011062 0.042076 -0.092248
v 0.009607 0.043928 -0.081698
v 0.009957 0.042965 -0.086942
v 0.010296 0.041375 -0.092032
v 0.011670 0.025136 -0.112712
v 0.012645 0.020912 -0.116083
v 0.012238 0.029840 -0.109934
v 0.010923 0.036417 -0.101457
v 0.011201 0.033121 -0.105654
v 0.011452 0.029343 -0.109424
v 0.012164 0.005333 -0.120205
v 0.012982 -0.000001 -0.121225
v 0.012898 0.010768 -0.119921
v 0.011852 0.020563 -0.115470
v 0.011997 0.015690 -0.117658
v 0.012101 0.010589 -0.119244
v 0.011988 -0.015692 -0.117658
v 0.012633 -0.020914 -0.116082
v 0.012892 -0.010770 -0.119921
v 0.012184 -0.000001 -0.120527
v 0.012161 -0.005335 -0.120205
v 0.012095 -0.010591 -0.119244
v 0.011183 -0.033122 -0.105653
v 0.011678 -0.037035 -0.101831
v 0.012221 -0.029841 -0.109933
v 0.011841 -0.020565 -0.115469
v 0.011655 -0.025138 -0.112711
v 0.011435 -0.029344 -0.109423
v 0.010902 -0.036417 -0.101455
v 0.010597 -0.039181 -0.096893
v 0.011038 -0.042076 -0.092246
v 0.010272 -0.041374 -0.092031
v 0.009932 -0.042964 -0.086940
v 0.010336 -0.044672 -0.081736
v 0.008523 -0.042963 -0.065808
v 0.008915 -0.042075 -0.060402
v 0.009615 -0.044671 -0.070912
v 0.009582 -0.043927 -0.081696
v 0.009227 -0.044249 -0.076374
v 0.008873 -0.043926 -0.071052
v 0.007279 -0.033120 -0.047096
v 0.007739 -0.029839 -0.042716
v 0.008277 -0.037033 -0.050818
v 0.008184 -0.041373 -0.060718
v 0.007861 -0.039180 -0.055856
v 0.007557 -0.036415 -0.051293
v 0.007028 -0.029341 -0.043326
v 0.006810 -0.025135 -0.040038
v 0.007332 -0.020910 -0.036567
v 0.006628 -0.020562 -0.037280
v 0.006483 -0.015689 -0.035092
v 0.007079 -0.010767 -0.032729
v 0.006379 -0.010587 -0.033506
v 0.006316 -0.005331 -0.032545
v 0.006296 0.000002 -0.032223
v 0.012166 -0.000001 -0.120258
v 0.012184 -0.000001 -0.120527
v 0.006314 0.000002 -0.032492
v 0.004284 0.000003 -0.030603
v 0.004376 0.011012 -0.031937
v 0.003749 0.005476 -0.031572
v 0.004641 0.021380 -0.035861
v 0.003926 0.016102 -0.034186
v 0.003816 0.010868 -0.032558
v 0.005062 0.030506 -0.042147
v 0.004267 0.025793 -0.039261
v 0.004077 0.021101 -0.036431
v 0.005617 0.037860 -0.050429
v 0.004753 0.033985 -0.046503
v 0.004494 0.030109 -0.042635
v 0.006271 0.043013 -0.060227
v 0.005353 0.040202 -0.055490
v 0.005041 0.037366 -0.050809
v 0.006988 0.045666 -0.070970
v 0.006035 0.044083 -0.065701
v 0.005687 0.042452 -0.060479
v 0.007726 0.045666 -0.082035
v 0.006759 0.045401 -0.076542
v 0.006394 0.045071 -0.071082
v 0.008442 0.043011 -0.092778
v 0.007481 0.044082 -0.087383
v 0.007122 0.045070 -0.082002
v 0.009093 0.037858 -0.102575
v 0.008161 0.040200 -0.097594
v 0.007829 0.042451 -0.092606
v 0.009643 0.030504 -0.110857
v 0.008758 0.033983 -0.106581
v 0.008472 0.037364 -0.102275
v 0.010060 0.021377 -0.117143
v 0.009238 0.025790 -0.113823
v 0.009015 0.030106 -0.110449
v 0.010319 0.011008 -0.121066
v 0.009574 0.016099 -0.118897
v 0.009426 0.021098 -0.116652
v 0.010404 -0.000000 -0.122400
v 0.009745 0.005472 -0.121511
v 0.009681 0.010865 -0.120525
v 0.010312 -0.011009 -0.121066
v 0.009742 -0.005473 -0.121510
v 0.009766 -0.000000 -0.121841
v 0.010048 -0.021378 -0.117142
v 0.009565 -0.016099 -0.118897
v 0.009675 -0.010865 -0.120524
v 0.009626 -0.030504 -0.110856
v 0.009224 -0.025790 -0.113822
v 0.009414 -0.021099 -0.116652
v 0.009072 -0.037857 -0.102574
v 0.008739 -0.033982 -0.106580
v 0.008998 -0.030106 -0.110448
v 0.008417 -0.043010 -0.092776
v 0.008138 -0.040199 -0.097592
v 0.008451 -0.037363 -0.102274
v 0.006915 -0.045316 -0.079276
v 0.007097 -0.045068 -0.082001
v 0.007700 -0.045664 -0.082033
v 0.007456 -0.044080 -0.087381
v 0.007804 -0.042449 -0.092604
v 0.006962 -0.045663 -0.070968
v 0.006733 -0.045399 -0.076540
v 0.006824 -0.045378 -0.077909
v 0.006247 -0.043009 -0.060225
v 0.006010 -0.044079 -0.065700
v 0.006369 -0.045067 -0.071080
v 0.005595 -0.037855 -0.050428
v 0.005330 -0.040197 -0.055489
v 0.005662 -0.042448 -0.060477
v 0.005045 -0.030501 -0.042146
v 0.004733 -0.033980 -0.046502
v 0.005019 -0.037361 -0.050808
v 0.004629 -0.021374 -0.035860
v 0.004253 -0.025787 -0.039260
v 0.004476 -0.030103 -0.042634
v 0.004370 -0.011006 -0.031937
v 0.003917 -0.016096 -0.034185
v 0.004065 -0.021095 -0.036430
v 0.003725 0.000003 -0.031242
v 0.003746 -0.005469 -0.031572
v 0.003810 -0.010862 -0.032558
v 0.038941 -0.000009 -0.120497
v 0.039409 -0.010874 -0.118542
v 0.038849 -0.011017 -0.119163
v 0.039148 -0.021107 -0.114669
v 0.038584 -0.021386 -0.115239
v 0.038732 -0.030114 -0.108465
v 0.038163 -0.030512 -0.108953
v 0.038184 -0.037371 -0.100291
v 0.037608 -0.037865 -0.100671
v 0.037538 -0.042457 -0.090621
v 0.036954 -0.043018 -0.090874
v 0.036831 -0.045076 -0.080018
v 0.036237 -0.045672 -0.080130
v 0.036103 -0.045076 -0.069098
v 0.035499 -0.045671 -0.069066
v 0.035396 -0.042456 -0.058495
v 0.034783 -0.043017 -0.058322
v 0.034753 -0.037369 -0.048825
v 0.034132 -0.037863 -0.048525
v 0.034210 -0.030111 -0.040651
v 0.033582 -0.030509 -0.040243
v 0.033799 -0.021104 -0.034448
v 0.033165 -0.021383 -0.033958
v 0.033544 -0.010870 -0.030576
v 0.032907 -0.011014 -0.030034
v 0.033459 -0.000005 -0.029259
v 0.032821 -0.000005 -0.028701
v 0.033550 0.010860 -0.030576
v 0.032913 0.011003 -0.030035
v 0.033811 0.021093 -0.034449
v 0.033177 0.021372 -0.033958
v 0.034228 0.030100 -0.040652
v 0.033599 0.030498 -0.040244
v 0.034775 0.037357 -0.048827
v 0.034153 0.037851 -0.048526
v 0.035421 0.042443 -0.058496
v 0.034808 0.043005 -0.058324
v 0.036128 0.045062 -0.069100
v 0.035525 0.045658 -0.069067
v 0.036856 0.045062 -0.080020
v 0.036263 0.045658 -0.080132
v 0.037563 0.042442 -0.090623
v 0.036978 0.043003 -0.090875
v 0.038206 0.037355 -0.100293
v 0.037630 0.037849 -0.100673
v 0.038749 0.030097 -0.108467
v 0.038180 0.030495 -0.108955
v 0.039160 0.021090 -0.114670
v 0.038597 0.021369 -0.115240
v 0.039415 0.010856 -0.118542
v 0.038855 0.011000 -0.119163
v 0.039500 -0.000009 -0.119858
v 0.010404 -0.000000 -0.122400
v 0.009764 -0.000000 -0.121821
v 0.009766 -0.000000 -0.121841
v 0.003727 0.000003 -0.031262
v 0.012982 -0.000001 -0.121225
v 0.031989 -0.000005 -0.029758
v 0.004002 0.015669 -0.035324
v 0.004127 0.020706 -0.037182
v 0.003871 0.010665 -0.033382
v 0.005391 0.039122 -0.056056
v 0.005707 0.041657 -0.060779
v 0.005072 0.036666 -0.051291
v 0.009498 0.015666 -0.117759
v 0.009626 0.010661 -0.119701
v 0.009376 0.020703 -0.115901
v 0.005052 -0.036662 -0.051289
v 0.005683 -0.041653 -0.060778
v 0.005369 -0.039117 -0.056055
v 0.003826 -0.005322 -0.032780
v 0.003782 0.000003 -0.032090
v 0.003865 -0.010658 -0.033381
v 0.004149 0.020534 -0.037509
v 0.004334 0.025100 -0.040263
v 0.004536 0.029545 -0.043270
v 0.008704 0.033070 -0.105774
v 0.008972 0.029542 -0.109814
v 0.008440 0.036664 -0.101793
v 0.004320 -0.025094 -0.040262
v 0.004115 -0.020700 -0.037181
v 0.004519 -0.029539 -0.043268
v 0.004554 0.029299 -0.043546
v 0.004806 0.033072 -0.047310
v 0.005086 0.036362 -0.051500
v 0.007461 0.042897 -0.087092
v 0.007808 0.041656 -0.092305
v 0.007115 0.044226 -0.081900
v 0.009602 0.010573 -0.119343
v 0.009665 0.005325 -0.120302
v 0.009709 -0.000000 -0.120993
v 0.007090 -0.044224 -0.081898
v 0.007785 -0.041654 -0.092303
v 0.007437 -0.042895 -0.087090
v 0.007087 -0.043857 -0.081854
v 0.006733 -0.044179 -0.076540
v 0.006376 -0.044224 -0.071182
v 0.006379 -0.043856 -0.071227
v 0.006030 -0.042894 -0.065991
v 0.005692 -0.041307 -0.060909
v 0.005066 -0.036357 -0.051499
v 0.004787 -0.033067 -0.047309
v 0.004537 -0.029294 -0.043545
v 0.004137 -0.020529 -0.037508
v 0.003993 -0.015663 -0.035323
v 0.003889 -0.010570 -0.033740
v 0.003807 0.000003 -0.032459
v 0.003829 0.005328 -0.032781
v 0.003895 0.010576 -0.033740
v 0.005715 0.041311 -0.060910
v 0.006054 0.042898 -0.065993
v 0.006401 0.044227 -0.071184
v 0.006404 0.043860 -0.071229
v 0.006758 0.044551 -0.076542
v 0.006758 0.044181 -0.076542
v 0.007112 0.043859 -0.081856
v 0.008954 0.029297 -0.109538
v 0.009171 0.025097 -0.112821
v 0.009354 0.020531 -0.115574
v 0.009489 -0.015667 -0.117759
v 0.009364 -0.020703 -0.115901
v 0.009620 -0.010662 -0.119701
v 0.008685 -0.033069 -0.105773
v 0.008419 -0.036663 -0.101792
v 0.008955 -0.029542 -0.109813
v 0.007800 0.041310 -0.092174
v 0.008123 0.039120 -0.097028
v 0.008425 0.036360 -0.101584
v 0.008405 -0.036359 -0.101582
v 0.008100 -0.039119 -0.097027
v 0.007776 -0.041308 -0.092172
v 0.009685 -0.000000 -0.120623
v 0.009662 -0.005326 -0.120302
v 0.009596 -0.010573 -0.119342
v 0.009342 -0.020532 -0.115574
v 0.009157 -0.025097 -0.112820
v 0.008937 -0.029297 -0.109537
v 0.006760 -0.044079 -0.076539
v 0.007113 -0.043757 -0.081840
v 0.007462 -0.042798 -0.087064
v 0.007800 -0.041215 -0.092135
v 0.008124 -0.039030 -0.096978
v 0.008428 -0.036277 -0.101524
v 0.008707 -0.032994 -0.105705
v 0.008959 -0.029230 -0.109460
v 0.009178 -0.025040 -0.112736
v 0.009363 -0.020485 -0.115484
v 0.009510 -0.015631 -0.117663
v 0.009616 -0.010549 -0.119244
v 0.009682 -0.005313 -0.120201
v 0.009705 -0.000000 -0.120522
v 0.009685 0.005313 -0.120201
v 0.009622 0.010549 -0.119244
v 0.009519 0.015631 -0.117664
v 0.009375 0.020485 -0.115484
v 0.009193 0.025040 -0.112737
v 0.008976 0.029231 -0.109461
v 0.008726 0.032995 -0.105706
v 0.008448 0.036278 -0.101525
v 0.008146 0.039032 -0.096980
v 0.007824 0.041216 -0.092137
v 0.007486 0.042800 -0.087066
v 0.007138 0.043760 -0.081842
v 0.006785 0.044081 -0.076540
v 0.006431 0.043760 -0.071239
v 0.006083 0.042801 -0.066015
v 0.005744 0.041218 -0.060944
v 0.005421 0.039033 -0.056101
v 0.005117 0.036280 -0.051555
v 0.004837 0.032997 -0.047374
v 0.004586 0.029233 -0.043619
v 0.004366 0.025043 -0.040343
v 0.004182 0.020488 -0.037595
v 0.004035 0.015634 -0.035416
v 0.003928 0.010552 -0.033835
v 0.003863 0.005316 -0.032878
v 0.003840 0.000003 -0.032557
v 0.003860 -0.005310 -0.032878
v 0.003922 -0.010546 -0.033835
v 0.004026 -0.015628 -0.035415
v 0.004170 -0.020482 -0.037595
v 0.004352 -0.025037 -0.040342
v 0.004569 -0.029228 -0.043618
v 0.004818 -0.032992 -0.047373
v 0.005096 -0.036275 -0.051554
v 0.005398 -0.039029 -0.056099
v 0.005721 -0.041213 -0.060942
v 0.006058 -0.042797 -0.066013
v 0.006406 -0.043757 -0.071237
v 0.006833 -0.044005 -0.076534
v 0.007186 -0.043685 -0.081827
v 0.007534 -0.042727 -0.087042
v 0.007872 -0.041146 -0.092104
v 0.008195 -0.038965 -0.096940
v 0.008498 -0.036216 -0.101477
v 0.008777 -0.032939 -0.105651
v 0.009028 -0.029182 -0.109401
v 0.009247 -0.024999 -0.112671
v 0.009432 -0.020451 -0.115414
v 0.009578 -0.015605 -0.117590
v 0.009685 -0.010532 -0.119168
v 0.009750 -0.005305 -0.120124
v 0.009773 -0.000000 -0.120444
v 0.009753 0.005304 -0.120124
v 0.009691 0.010531 -0.119168
v 0.009587 0.015605 -0.117591
v 0.009443 0.020451 -0.115415
v 0.009262 0.024999 -0.112672
v 0.009045 0.029182 -0.109402
v 0.008796 0.032940 -0.105653
v 0.008519 0.036217 -0.101479
v 0.008217 0.038967 -0.096941
v 0.007895 0.041148 -0.092106
v 0.007558 0.042729 -0.087044
v 0.007211 0.043687 -0.081828
v 0.006858 0.044008 -0.076536
v 0.006505 0.043688 -0.071243
v 0.006157 0.042730 -0.066027
v 0.005819 0.041149 -0.060965
v 0.005496 0.038968 -0.056130
v 0.005193 0.036219 -0.051592
v 0.004913 0.032942 -0.047418
v 0.004662 0.029185 -0.043669
v 0.004443 0.025002 -0.040398
v 0.004259 0.020454 -0.037655
v 0.004113 0.015608 -0.035479
v 0.004006 0.010535 -0.033901
v 0.003941 0.005308 -0.032946
v 0.003918 0.000003 -0.032625
v 0.003938 -0.005301 -0.032945
v 0.004000 -0.010528 -0.033901
v 0.004104 -0.015602 -0.035478
v 0.004247 -0.020448 -0.037655
v 0.004429 -0.024996 -0.040398
v 0.004646 -0.029179 -0.043668
v 0.004895 -0.032937 -0.047417
v 0.005172 -0.036215 -0.051591
v 0.005474 -0.038964 -0.056128
v 0.005795 -0.041145 -0.060963
v 0.006133 -0.042726 -0.066026
v 0.006480 -0.043684 -0.071241
v 0.006933 -0.043979 -0.076527
v 0.007285 -0.043658 -0.081817
v 0.007633 -0.042701 -0.087029
v 0.007971 -0.041121 -0.092088
v 0.008294 -0.038942 -0.096921
v 0.008597 -0.036194 -0.101455
v 0.008876 -0.032919 -0.105627
v 0.009127 -0.029164 -0.109374
v 0.009346 -0.024983 -0.112642
v 0.009530 -0.020439 -0.115384
v 0.009676 -0.015596 -0.117559
v 0.009783 -0.010525 -0.119135
v 0.009848 -0.005301 -0.120091
v 0.009871 -0.000000 -0.120411
v 0.009851 0.005301 -0.120091
v 0.009789 0.010525 -0.119136
v 0.009685 0.015595 -0.117559
v 0.009542 0.020438 -0.115384
v 0.009360 0.024983 -0.112643
v 0.009143 0.029164 -0.109375
v 0.008895 0.032920 -0.105628
v 0.008617 0.036195 -0.101457
v 0.008316 0.038943 -0.096922
v 0.007994 0.041123 -0.092090
v 0.007657 0.042703 -0.087031
v 0.007310 0.043661 -0.081818
v 0.006958 0.043981 -0.076529
v 0.006605 0.043661 -0.071239
v 0.006257 0.042704 -0.066027
v 0.005919 0.041124 -0.060968
v 0.005597 0.038945 -0.056136
v 0.005293 0.036197 -0.051601
v 0.005014 0.032922 -0.047429
v 0.004764 0.029167 -0.043682
v 0.004544 0.024986 -0.040414
v 0.004360 0.020441 -0.037672
v 0.004214 0.015598 -0.035497
v 0.004107 0.010528 -0.033921
v 0.004042 0.005304 -0.032965
v 0.004019 0.000003 -0.032645
v 0.004039 -0.005298 -0.032965
v 0.004101 -0.010522 -0.033920
v 0.004205 -0.015593 -0.035497
v 0.004349 -0.020436 -0.037672
v 0.004530 -0.024981 -0.040413
v 0.004747 -0.029161 -0.043681
v 0.004996 -0.032917 -0.047428
v 0.005273 -0.036192 -0.051599
v 0.005574 -0.038940 -0.056134
v 0.005896 -0.041120 -0.060966
v 0.006233 -0.042700 -0.066025
v 0.006580 -0.043658 -0.071238
v 0.008108 0.043660 -0.081765
v 0.007933 0.043901 -0.079125
v 0.007756 0.043981 -0.076476
v 0.007055 0.042704 -0.065974
v 0.006718 0.041124 -0.060915
v 0.006395 0.038944 -0.056082
v 0.006092 0.036197 -0.051547
v 0.005813 0.032922 -0.047376
v 0.005562 0.029167 -0.043629
v 0.005343 0.024986 -0.040361
v 0.005159 0.020441 -0.037619
v 0.005012 0.015598 -0.035444
v 0.004906 0.010528 -0.033868
v 0.004840 0.005304 -0.032912
v 0.004818 0.000003 -0.032592
v 0.004019 0.000003 -0.032645
v 0.004837 -0.005298 -0.032912
v 0.004900 -0.010522 -0.033867
v 0.005003 -0.015593 -0.035444
v 0.005147 -0.020436 -0.037618
v 0.005328 -0.024981 -0.040360
v 0.005545 -0.029162 -0.043628
v 0.005794 -0.032917 -0.047375
v 0.006071 -0.036193 -0.051546
v 0.006373 -0.038940 -0.056081
v 0.006694 -0.041120 -0.060913
v 0.007031 -0.042700 -0.065972
v 0.007378 -0.043658 -0.071184
v 0.007731 -0.043979 -0.076474
v 0.008083 -0.043658 -0.081763
v 0.008431 -0.042701 -0.086976
v 0.008769 -0.041121 -0.092035
v 0.009092 -0.038942 -0.096867
v 0.009395 -0.036195 -0.101402
v 0.009674 -0.032919 -0.105574
v 0.009925 -0.029164 -0.109321
v 0.010144 -0.024984 -0.112589
v 0.010328 -0.020439 -0.115330
v 0.010474 -0.015596 -0.117505
v 0.010581 -0.010526 -0.119082
v 0.010646 -0.005302 -0.120037
v 0.010669 -0.000001 -0.120357
v 0.009871 -0.000000 -0.120411
v 0.010649 0.005301 -0.120038
v 0.010587 0.010525 -0.119082
v 0.010483 0.015595 -0.117506
v 0.010340 0.020438 -0.115331
v 0.010158 0.024983 -0.112590
v 0.009942 0.029164 -0.109322
v 0.009693 0.032920 -0.105575
v 0.009416 0.036195 -0.101404
v 0.009114 0.038943 -0.096869
v 0.008793 0.041123 -0.092037
v 0.008456 0.042703 -0.086977
v 0.009942 -0.000000 -0.120727
v 0.009853 -0.010602 -0.119442
v 0.010667 -0.005340 -0.120354
v 0.009599 -0.020587 -0.115663
v 0.010494 -0.015709 -0.117804
v 0.010602 -0.010602 -0.119392
v 0.009192 -0.029376 -0.109610
v 0.010161 -0.025165 -0.112852
v 0.010347 -0.020588 -0.115613
v 0.008659 -0.036458 -0.101634
v 0.009688 -0.033159 -0.105785
v 0.009941 -0.029376 -0.109560
v 0.008028 -0.041420 -0.092198
v 0.009102 -0.039225 -0.097016
v 0.009407 -0.036458 -0.101584
v 0.007338 -0.043976 -0.081852
v 0.008436 -0.043012 -0.087052
v 0.008776 -0.041421 -0.092148
v 0.006627 -0.043975 -0.071196
v 0.007731 -0.044299 -0.076474
v 0.008086 -0.043976 -0.081802
v 0.005938 -0.041419 -0.060850
v 0.007026 -0.043011 -0.065896
v 0.007376 -0.043976 -0.071146
v 0.005310 -0.036456 -0.051414
v 0.006363 -0.039224 -0.055932
v 0.006686 -0.041419 -0.060800
v 0.004781 -0.029374 -0.043439
v 0.005780 -0.033157 -0.047163
v 0.006059 -0.036456 -0.051365
v 0.004380 -0.020584 -0.037385
v 0.005311 -0.025163 -0.040097
v 0.005529 -0.029374 -0.043389
v 0.004131 -0.010599 -0.033607
v 0.004983 -0.015706 -0.035145
v 0.005128 -0.020585 -0.037336
v 0.004048 0.000003 -0.032323
v 0.004816 -0.005337 -0.032595
v 0.004879 -0.010599 -0.033557
v 0.004137 0.010605 -0.033607
v 0.004819 0.005343 -0.032595
v 0.004796 0.000003 -0.032273
v 0.004391 0.020590 -0.037386
v 0.004992 0.015712 -0.035146
v 0.004885 0.010604 -0.033558
v 0.004798 0.029379 -0.043440
v 0.005325 0.025168 -0.040098
v 0.005140 0.020590 -0.037336
v 0.005331 0.036461 -0.051416
v 0.005799 0.033161 -0.047164
v 0.005546 0.029379 -0.043390
v 0.005962 0.041423 -0.060851
v 0.006385 0.039228 -0.055934
v 0.006080 0.036460 -0.051366
v 0.006652 0.043979 -0.071198
v 0.007050 0.043014 -0.065897
v 0.006710 0.041423 -0.060801
v 0.007363 0.043978 -0.081853
v 0.007756 0.044301 -0.076476
v 0.007401 0.043978 -0.071148
v 0.008052 0.041422 -0.092200
v 0.008461 0.043013 -0.087054
v 0.008111 0.043978 -0.081804
v 0.008680 0.036459 -0.101635
v 0.009124 0.039226 -0.097017
v 0.008800 0.041422 -0.092150
v 0.009209 0.029376 -0.109611
v 0.009707 0.033159 -0.105787
v 0.009428 0.036458 -0.101585
v 0.009610 0.020587 -0.115664
v 0.010176 0.025165 -0.112853
v 0.009958 0.029376 -0.109561
v 0.009859 0.010601 -0.119442
v 0.010503 0.015709 -0.117805
v 0.010359 0.020587 -0.115614
v 0.010690 -0.000001 -0.120677
v 0.010670 0.005339 -0.120354
v 0.010608 0.010601 -0.119392
v 0.010669 -0.000001 -0.120357
v 0.010690 -0.000001 -0.120677
v 0.004818 0.000003 -0.032592
v 0.009942 -0.000000 -0.120727
v 0.009709 -0.000000 -0.120993
v 0.003782 0.000003 -0.032090
vn 0.004324 -0.997599 -0.069119
vn 0.011593 -0.983946 -0.178091
vn 0.015192 -0.972594 -0.232013
vn 0.022217 -0.941151 -0.337255
vn 0.025645 -0.921060 -0.388576
vn 0.032235 -0.872685 -0.487219
vn 0.035398 -0.844401 -0.534541
vn 0.041374 -0.780413 -0.623894
vn 0.044186 -0.744709 -0.665925
vn 0.049384 -0.666854 -0.743550
vn 0.051769 -0.624703 -0.779144
vn 0.056047 -0.535105 -0.842924
vn 0.057939 -0.487658 -0.871110
vn 0.061181 -0.388760 -0.919306
vn 0.062529 -0.337309 -0.939315
vn 0.064646 -0.231809 -0.970611
vn 0.065414 -0.177760 -0.981897
vn 0.066348 -0.068538 -0.995440
vn 0.066514 -0.013365 -0.997696
vn 0.066240 0.096603 -0.993116
vn 0.065800 0.151399 -0.986280
vn 0.064325 0.259113 -0.963703
vn 0.063291 0.312032 -0.947961
vn 0.060656 0.414552 -0.908002
vn 0.059055 0.464152 -0.883785
vn 0.055332 0.558682 -0.827534
vn 0.053209 0.603612 -0.795501
vn 0.048499 0.687575 -0.724492
vn 0.045911 0.726608 -0.685517
vn 0.040343 0.797711 -0.601688
vn 0.037361 0.829783 -0.556834
vn 0.031086 0.886089 -0.462472
vn 0.027792 0.910324 -0.412963
vn 0.020981 0.950296 -0.310641
vn 0.017465 0.966033 -0.257827
vn 0.010305 0.988581 -0.150336
vn 0.006661 0.995392 -0.095658
vn -0.000653 0.999901 0.014069
vn -0.004324 0.997599 0.069119
vn -0.011593 0.983946 0.178091
vn -0.015192 0.972594 0.232013
vn -0.022217 0.941151 0.337256
vn -0.025645 0.921059 0.388577
vn -0.032235 0.872684 0.487220
vn -0.035398 0.844401 0.534541
vn -0.041374 0.780413 0.623894
vn -0.044186 0.744709 0.665925
vn -0.049384 0.666854 0.743550
vn -0.051769 0.624703 0.779144
vn -0.056047 0.535105 0.842924
vn -0.057939 0.487658 0.871110
vn -0.061181 0.388760 0.919306
vn -0.062529 0.337309 0.939315
vn -0.064646 0.231810 0.970611
vn -0.065414 0.177761 0.981897
vn -0.066348 0.068538 0.995440
vn -0.066514 0.013364 0.997696
vn -0.066240 -0.096605 0.993116
vn -0.065800 -0.151399 0.986280
vn -0.064325 -0.259112 0.963703
vn -0.063291 -0.312031 0.947962
vn -0.060656 -0.414551 0.908003
vn -0.059055 -0.464152 0.883785
vn -0.055332 -0.558683 0.827534
vn -0.053209 -0.603612 0.795501
vn -0.048499 -0.687574 0.724493
vn -0.045911 -0.726607 0.685517
vn -0.040343 -0.797712 0.601688
vn -0.037361 -0.829783 0.556834
vn -0.031086 -0.886089 0.462471
vn -0.027792 -0.910324 0.412963
vn -0.020982 -0.950296 0.310641
vn -0.017465 -0.966033 0.257827
vn -0.010305 -0.988581 0.150336
vn -0.006661 -0.995392 0.095658
vn 0.000653 -0.999901 -0.014069
vn -0.997785 0.000284 -0.066524
vn -0.997785 0.000284 -0.066524
vn -0.997785 0.000284 -0.066524
vn -0.997785 0.000284 -0.066524
vn -0.997785 0.000284 -0.066524
vn -0.997785 0.000284 -0.066524
vn -0.997785 0.000284 -0.066524
vn -0.997785 0.000284 -0.066524
vn -0.997785 0.000284 -0.066524
vn -0.997785 0.000284 -0.066524
vn -0.997785 0.000284 -0.066524
vn -0.997785 0.000284 -0.066524
vn -0.997785 0.000284 -0.066524
vn -0.997785 0.000284 -0.066524
vn -0.997785 0.000284 -0.066524
vn -0.997785 0.000284 -0.066524
vn -0.997785 0.000284 -0.066524
vn -0.997785 0.000284 -0.066524
vn -0.997785 0.000284 -0.066524
vn -0.997785 0.000284 -0.066524
vn -0.997785 0.000284 -0.066524
vn -0.997785 0.000284 -0.066524
vn -0.997785 0.000284 -0.066524
vn -0.997785 0.000284 -0.066524
vn -0.997785 0.000284 -0.066524
vn -0.997785 0.000284 -0.066524
vn -0.997785 0.000284 -0.066524
vn -0.997785 0.000284 -0.066524
vn -0.997785 0.000284 -0.066524
vn -0.997785 0.000284 -0.066524
vn -0.997785 0.000284 -0.066524
vn -0.997785 0.000284 -0.066524
vn -0.997785 0.000284 -0.066524
vn -0.997785 0.000284 -0.066524
vn -0.997785 0.000284 -0.066524
vn -0.997785 0.000284 -0.066524
vn -0.997785 0.000284 -0.066524
vn -0.997785 0.000284 -0.066524
vn -0.997785 0.000284 -0.066524
vn 0.997785 -0.000284 0.066524
vn 0.997785 -0.000284 0.066524
vn 0.997785 -0.000284 0.066524
vn 0.997785 -0.000284 0.066524
vn 0.997785 -0.000284 0.066524
vn 0.997785 -0.000284 0.066524
vn 0.997785 -0.000284 0.066524
vn 0.997785 -0.000284 0.066524
vn 0.997785 -0.000284 0.066524
vn 0.997785 -0.000284 0.066524
vn 0.997785 -0.000284 0.066524
vn 0.997785 -0.000284 0.066524
vn 0.997785 -0.000284 0.066524
vn 0.997785 -0.000284 0.066524
vn 0.997785 -0.000284 0.066524
vn 0.997785 -0.000284 0.066524
vn 0.997785 -0.000284 0.066524
vn 0.997785 -0.000284 0.066524
vn 0.997785 -0.000284 0.066524
vn 0.997785 -0.000284 0.066524
vn 0.997785 -0.000284 0.066524
vn 0.997785 -0.000284 0.066524
vn 0.997785 -0.000284 0.066524
vn 0.997785 -0.000284 0.066524
vn 0.997785 -0.000284 0.066524
vn 0.997785 -0.000284 0.066524
vn 0.997785 -0.000284 0.066524
vn 0.997785 -0.000284 0.066524
vn 0.997785 -0.000284 0.066524
vn 0.997785 -0.000284 0.066524
vn 0.997785 -0.000284 0.066524
vn 0.997785 -0.000284 0.066524
vn 0.997785 -0.000284 0.066524
vn 0.997785 -0.000284 0.066524
vn 0.997785 -0.000284 0.066524
vn 0.997785 -0.000284 0.066524
vn 0.997785 -0.000284 0.066524
vn 0.997785 -0.000284 0.066524
vn 0.997785 -0.000284 0.066524
vn -0.997412 -0.027326 -0.066498
vn -0.988375 -0.137017 -0.065891
vn -0.979322 -0.191487 -0.065285
vn -0.952393 -0.298190 -0.063486
vn -0.934517 -0.350424 -0.062292
vn -0.890432 -0.451230 -0.059349
vn -0.864222 -0.499802 -0.057600
vn -0.804183 -0.591961 -0.053593
vn -0.770353 -0.635548 -0.051336
vn -0.695997 -0.716545 -0.046376
vn -0.655471 -0.753957 -0.043672
vn -0.568827 -0.821584 -0.037893
vn -0.522709 -0.851800 -0.034817
vn -0.426140 -0.904212 -0.028377
vn -0.375689 -0.926408 -0.025012
vn -0.271830 -0.962175 -0.018086
vn -0.218422 -0.975747 -0.014525
vn -0.110105 -0.993893 -0.007303
vn -0.055196 -0.998469 -0.003642
vn 0.054624 -0.998500 0.003680
vn 0.109536 -0.993956 0.007341
vn 0.217863 -0.975871 0.014563
vn 0.271279 -0.962330 0.018123
vn 0.375159 -0.926622 0.025048
vn 0.425623 -0.904455 0.028411
vn 0.522222 -0.852098 0.034850
vn 0.568357 -0.821908 0.037925
vn 0.655039 -0.754330 0.043701
vn 0.695587 -0.716942 0.046403
vn 0.769989 -0.635986 0.051361
vn 0.803844 -0.592419 0.053616
vn 0.863936 -0.500294 0.057619
vn 0.890174 -0.451737 0.059366
vn 0.934317 -0.350956 0.062306
vn 0.952222 -0.298733 0.063497
vn 0.979212 -0.192045 0.065293
vn 0.988296 -0.137580 0.065896
vn 0.997397 -0.027894 0.066499
vn 0.997412 0.027326 0.066498
vn 0.988375 0.137017 0.065891
vn 0.979322 0.191487 0.065285
vn 0.952393 0.298190 0.063486
vn 0.934517 0.350424 0.062292
vn 0.890432 0.451230 0.059349
vn 0.864222 0.499802 0.057600
vn 0.804183 0.591961 0.053593
vn 0.770353 0.635548 0.051336
vn 0.695997 0.716545 0.046376
vn 0.655471 0.753957 0.043672
vn 0.568827 0.821584 0.037893
vn 0.522709 0.851800 0.034817
vn 0.426140 0.904212 0.028377
vn 0.375689 0.926408 0.025012
vn 0.271830 0.962175 0.018086
vn 0.218422 0.975747 0.014525
vn 0.110105 0.993893 0.007303
vn 0.055196 0.998469 0.003642
vn -0.054624 0.998500 -0.003680
vn -0.109536 0.993956 -0.007341
vn -0.217863 0.975871 -0.014563
vn -0.271279 0.962330 -0.018123
vn -0.375159 0.926622 -0.025048
vn -0.425623 0.904455 -0.028411
vn -0.522222 0.852098 -0.034850
vn -0.568357 0.821908 -0.037925
vn -0.655039 0.754330 -0.043701
vn -0.695587 0.716942 -0.046403
vn -0.769989 0.635986 -0.051361
vn -0.803844 0.592419 -0.053616
vn -0.863936 0.500294 -0.057619
vn -0.890174 0.451737 -0.059366
vn -0.934317 0.350956 -0.062306
vn -0.952222 0.298733 -0.063497
vn -0.979212 0.192045 -0.065293
vn -0.988296 0.137580 -0.065896
vn -0.997397 0.027894 -0.066499
vn 0.066524 -0.000038 -0.997785
vn 0.066524 -0.000038 -0.997785
vn 0.066524 -0.000038 -0.997785
vn 0.066524 -0.000038 -0.997785
vn 0.066524 -0.000038 -0.997785
vn 0.066524 -0.000038 -0.997785
vn 0.066524 -0.000038 -0.997785
vn 0.066524 -0.000038 -0.997785
vn 0.066524 -0.000038 -0.997785
vn 0.066524 -0.000038 -0.997785
vn 0.066524 -0.000038 -0.997785
vn 0.066524 -0.000038 -0.997785
vn 0.066524 -0.000038 -0.997785
vn 0.066524 -0.000038 -0.997785
vn 0.066524 -0.000038 -0.997785
vn 0.066524 -0.000038 -0.997785
vn 0.066524 -0.000038 -0.997785
vn 0.066524 -0.000038 -0.997785
vn 0.066524 -0.000038 -0.997785
vn 0.066524 -0.000038 -0.997785
vn 0.066524 -0.000038 -0.997785
vn 0.066524 -0.000038 -0.997785
vn 0.066524 -0.000038 -0.997785
vn 0.066524 -0.000038 -0.997785
vn 0.066524 -0.000038 -0.997785
vn 0.066524 -0.000038 -0.997785
vn 0.066524 -0.000038 -0.997785
vn 0.066524 -0.000038 -0.997785
vn 0.066524 -0.000038 -0.997785
vn 0.066524 -0.000038 -0.997785
vn 0.066524 -0.000038 -0.997785
vn 0.066524 -0.000038 -0.997785
vn 0.066524 -0.000038 -0.997785
vn 0.066524 -0.000038 -0.997785
vn 0.066524 -0.000038 -0.997785
vn 0.066524 -0.000038 -0.997785
vn 0.066524 -0.000038 -0.997785
vn 0.066524 -0.000038 -0.997785
vn 0.066524 -0.000038 -0.997785
vn -0.066524 0.000038 0.997785
vn -0.066524 0.000038 0.997785
vn -0.066524 0.000038 0.997785
vn -0.066524 0.000038 0.997785
vn -0.066524 0.000038 0.997785
vn -0.066524 0.000038 0.997785
vn -0.066524 0.000038 0.997785
vn -0.066524 0.000038 0.997785
vn -0.066524 0.000038 0.997785
vn -0.066524 0.000038 0.997785
vn -0.066524 0.000038 0.997785
vn -0.066524 0.000038 0.997785
vn -0.066524 0.000038 0.997785
vn -0.066524 0.000038 0.997785
vn -0.066524 0.000038 0.997785
vn -0.066524 0.000038 0.997785
vn -0.066524 0.000038 0.997785
vn -0.066524 0.000038 0.997785
vn -0.066524 0.000038 0.997785
vn -0.066524 0.000038 0.997785
vn -0.066524 0.000038 0.997785
vn -0.066524 0.000038 0.997785
vn -0.066524 0.000038 0.997785
vn -0.066524 0.000038 0.997785
vn -0.066524 0.000038 0.997785
vn -0.066524 0.000038 0.997785
vn -0.066524 0.000038 0.997785
vn -0.066524 0.000038 0.997785
vn -0.066524 0.000038 0.997785
vn -0.066524 0.000038 0.997785
vn -0.066524 0.000038 0.997785
vn -0.066524 0.000038 0.997785
vn -0.066524 0.000038 0.997785
vn -0.066524 0.000038 0.997785
vn -0.066524 0.000038 0.997785
vn -0.066524 0.000038 0.997785
vn -0.066524 0.000038 0.997785
vn -0.066524 0.000038 0.997785
vn -0.066524 0.000038 0.997785
vn 0.752420 -0.020428 -0.658367
vn 0.752451 0.018637 -0.658385
vn 0.658378 -0.019039 0.752446
vn -0.752432 -0.019972 0.658367
vn -0.752440 0.019093 0.658384
vn 0.116558 -0.979077 0.166801
vn -0.130516 -0.985856 0.105134
vn -0.156971 -0.981801 0.106899
vn 0.006193 -0.994763 -0.102023
vn 0.013341 -0.999052 -0.041446
vn -0.043622 -0.999037 -0.004745
vn -0.869191 0.216339 -0.444641
vn -0.846933 0.179288 -0.500561
vn -0.930504 0.144815 -0.336439
vn -0.024104 0.307703 -0.951177
vn -0.036659 0.205868 -0.977893
vn -0.124666 0.236739 -0.963542
vn 0.050483 0.095127 -0.994184
vn 0.053005 -0.047101 -0.997483
vn -0.018948 -0.001399 -0.999820
vn -0.133360 0.132366 -0.982189
vn -0.156986 0.340487 -0.927051
vn -0.198098 0.417792 -0.886683
vn -0.062347 0.413307 -0.908455
vn -0.688584 0.710152 -0.146752
vn -0.587640 0.788191 -0.182848
vn -0.688931 0.682256 -0.244745
vn -0.616846 0.783011 -0.079972
vn -0.509484 0.860190 -0.022360
vn -0.482471 0.868917 -0.110475
vn -0.029258 0.980699 0.193321
vn -0.059390 0.979663 0.191657
vn -0.169394 0.985461 0.013130
vn 0.005994 0.994580 0.103800
vn 0.007309 0.999012 0.043849
vn -0.044224 0.998622 0.028272
vn 0.931964 0.331757 0.146222
vn 0.937159 0.339972 0.078442
vn 0.987661 0.156478 -0.006334
vn 0.990341 0.000222 0.138652
vn 0.949178 0.006511 0.314673
vn 0.949066 0.068132 0.307623
vn -0.191888 0.980103 -0.050767
vn -0.237638 0.970578 -0.038805
vn -0.400585 0.915506 -0.037158
vn -0.848509 0.526754 -0.050621
vn -0.857639 0.513385 -0.029852
vn -0.922134 0.383104 -0.053862
vn 0.095101 0.986098 -0.136262
vn 0.088397 0.983102 -0.160301
vn -0.094478 0.991025 -0.094574
vn -0.756095 0.653705 -0.031470
vn -0.683024 0.730097 -0.020896
vn -0.758655 0.650954 -0.026475
vn -0.624160 0.781142 -0.015530
vn 0.913772 -0.171439 -0.368278
vn 0.940384 -0.176042 -0.291012
vn 0.892705 -0.353179 -0.279898
vn 0.835073 -0.309710 -0.454678
vn 0.821182 -0.313300 -0.476973
vn 0.853832 -0.170601 -0.491799
vn 0.783208 -0.443312 -0.435959
vn 0.769565 -0.450997 -0.452075
vn 0.603460 -0.714433 -0.354148
vn 0.599500 -0.711646 -0.366279
vn 0.697243 -0.583992 -0.415699
vn -0.742154 -0.669795 -0.024143
vn -0.667951 -0.744108 -0.012002
vn -0.639044 -0.768686 -0.027299
vn -0.999877 -0.005093 -0.014838
vn -0.999917 0.004045 -0.012271
vn -0.997568 -0.068587 -0.012426
vn -0.025464 0.999233 -0.029748
vn 0.080959 0.995955 -0.038987
vn 0.003698 0.998613 -0.052520
vn 0.526972 0.849879 0.002677
vn 0.558381 0.829467 0.013969
vn 0.572937 0.819190 -0.025890
vn 0.811167 0.584064 0.029604
vn 0.832048 0.553164 0.041293
vn 0.839104 0.543926 0.007017
vn 0.972073 0.228852 0.051975
vn 0.979513 0.191158 0.063352
vn 0.982508 0.181567 0.041358
vn 0.582614 -0.812675 0.010949
vn 0.548477 -0.836042 0.014365
vn 0.575617 -0.817372 -0.023848
vn -0.917670 0.385404 -0.096672
vn -0.915997 0.389368 -0.096657
vn -0.914928 0.390828 -0.100801
vn -0.911871 0.398908 -0.096762
vn -0.907629 0.408379 -0.097142
vn -0.901790 0.420913 -0.098014
vn -0.895736 0.433350 -0.099322
vn -0.889470 0.445678 -0.101065
vn -0.882986 0.457905 -0.103242
vn -0.874411 0.473340 -0.106556
vn -0.820510 0.563606 -0.095454
vn -0.871421 0.479102 -0.105296
vn -0.866650 0.488169 -0.102995
vn -0.863399 0.494189 -0.101588
vn -0.860096 0.500176 -0.100294
vn -0.856737 0.506141 -0.099112
vn -0.853319 0.512088 -0.098039
vn -0.849849 0.518008 -0.097079
vn -0.846324 0.523903 -0.096231
vn -0.838791 0.536146 -0.094752
vn -0.980744 0.168641 -0.098499
vn -0.977052 0.189260 -0.097729
vn -0.964986 0.242159 -0.100800
vn -0.971093 0.217578 -0.098179
vn -0.964140 0.245642 -0.100473
vn -0.951345 0.288699 -0.107682
vn -0.950211 0.291984 -0.108832
vn -0.945022 0.309697 -0.104977
vn -0.941712 0.320287 -0.102931
vn -0.938381 0.330434 -0.101261
vn -0.933687 0.344016 -0.099407
vn -0.926461 0.363543 -0.097506
vn -0.923923 0.370094 -0.096934
vn -0.989334 0.108360 -0.097343
vn -0.984781 0.142380 -0.099669
vn -0.989549 0.104357 -0.099513
vn -0.983868 0.148111 -0.100339
vn -0.994212 -0.033692 -0.102018
vn -0.993902 0.050140 -0.098206
vn -0.992064 0.080442 -0.096630
vn -0.979807 -0.174223 -0.098108
vn -0.983403 -0.151487 -0.099850
vn -0.978239 -0.180064 -0.103084
vn -0.986862 -0.124083 -0.103477
vn -0.990984 -0.083895 -0.104458
vn -0.995075 -0.021436 -0.096777
vn -0.923176 -0.371944 -0.096975
vn -0.926513 -0.363425 -0.097447
vn -0.920863 -0.377948 -0.095742
vn -0.929546 -0.355421 -0.098085
vn -0.931327 -0.350598 -0.098547
vn -0.936505 -0.336060 -0.100115
vn -0.966623 -0.236109 -0.099463
vn -0.972315 -0.212195 -0.097864
vn -0.976363 -0.192960 -0.097375
vn -0.941649 -0.320537 -0.102731
vn -0.950091 -0.292743 -0.107833
vn -0.958725 -0.264960 -0.103163
vn -0.833154 -0.544986 -0.094047
vn -0.834781 -0.542460 -0.094223
vn -0.820428 -0.563735 -0.095395
vn -0.827928 -0.553220 -0.092104
vn -0.836396 -0.539932 -0.094417
vn -0.837474 -0.538234 -0.094560
vn -0.839064 -0.535710 -0.094791
vn -0.841722 -0.531449 -0.095216
vn -0.843296 -0.528895 -0.095510
vn -0.846417 -0.523767 -0.096158
vn -0.849229 -0.519074 -0.096815
vn -0.851997 -0.514378 -0.097547
vn -0.855458 -0.508405 -0.098572
vn -0.858019 -0.503905 -0.099413
vn -0.860550 -0.499389 -0.100325
vn -0.864681 -0.491870 -0.101938
vn -0.880152 -0.463085 -0.104327
vn -0.874477 -0.473228 -0.106514
vn -0.868716 -0.484313 -0.103793
vn -0.885103 -0.453964 -0.102516
vn -0.889927 -0.444797 -0.100922
vn -0.894624 -0.435579 -0.099601
vn -0.900686 -0.423228 -0.098202
vn -0.906531 -0.410788 -0.097235
vn -0.912153 -0.398279 -0.096702
vn -0.916074 -0.389208 -0.096567
vn -0.920191 -0.379350 -0.096655
vn -0.710798 -0.697806 -0.088502
vn -0.719753 -0.688429 -0.089561
vn -0.696218 -0.712458 -0.087664
vn -0.729068 -0.678346 -0.091136
vn -0.738184 -0.668134 -0.093176
vn -0.747098 -0.657792 -0.095678
vn -0.784295 -0.612647 -0.097703
vn -0.791852 -0.603100 -0.096133
vn -0.755814 -0.647314 -0.098642
vn -0.765702 -0.634972 -0.102525
vn -0.773223 -0.626113 -0.100539
vn -0.799820 -0.592695 -0.094872
vn -0.804526 -0.586383 -0.094302
vn -0.807631 -0.582148 -0.093996
vn -0.810706 -0.577898 -0.093756
vn -0.813763 -0.573614 -0.093579
vn -0.816789 -0.569315 -0.093469
vn -0.823517 -0.559550 -0.093404
vn -0.825725 -0.556289 -0.093392
vn -0.561630 -0.823839 -0.076555
vn -0.604125 -0.792647 -0.082116
vn -0.582491 -0.808625 -0.082638
vn -0.605322 -0.791111 -0.087918
vn -0.628776 -0.771735 -0.095212
vn -0.643757 -0.759601 -0.092650
vn -0.659801 -0.746037 -0.089951
vn -0.670256 -0.736810 -0.088706
vn -0.680525 -0.727429 -0.087935
vn -0.690614 -0.717894 -0.087636
vn -0.697308 -0.711390 -0.087674
vn -0.705413 -0.703312 -0.088010
vn -0.395833 -0.916639 -0.055578
vn -0.415251 -0.907670 -0.060838
vn -0.358348 -0.930564 -0.075076
vn -0.439358 -0.895463 -0.071490
vn -0.465352 -0.880799 -0.087407
vn -0.480680 -0.872880 -0.083832
vn -0.487476 -0.869544 -0.079117
vn -0.512006 -0.856022 -0.071250
vn -0.534126 -0.842684 -0.067776
vn -0.548010 -0.833790 -0.066922
vn -0.323634 -0.944307 -0.059542
vn -0.361401 -0.930880 -0.053407
vn -0.377615 -0.924453 -0.052856
vn -0.169462 -0.983638 -0.061155
vn -0.266172 -0.961658 -0.066083
vn -0.281237 -0.956447 -0.078194
vn 0.019669 -0.999577 -0.021421
vn -0.057071 -0.997808 -0.033512
vn 0.022844 -0.998297 -0.053671
vn -0.100599 -0.993812 -0.047098
vn -0.174724 -0.984215 -0.028145
vn 0.222493 -0.973807 -0.046864
vn 0.201399 -0.979437 -0.011862
vn 0.180611 -0.983440 -0.015009
vn 0.147862 -0.988676 -0.025617
vn 0.105893 -0.993325 -0.045734
vn 0.052032 -0.998217 -0.029262
vn 0.407349 -0.912521 -0.037056
vn 0.402571 -0.915386 0.002439
vn 0.370896 -0.928671 -0.002673
vn 0.349271 -0.936973 -0.009538
vn 0.303344 -0.952078 -0.039103
vn 0.297079 -0.953883 -0.043030
vn 0.269622 -0.962582 -0.027203
vn 0.242240 -0.970066 -0.017085
vn 0.217347 -0.976011 -0.012793
vn 0.520813 -0.853670 0.001293
vn 0.477237 -0.878403 -0.025566
vn 0.429934 -0.902835 -0.006831
vn 0.722195 -0.691091 0.028750
vn 0.685354 -0.727864 0.022448
vn 0.722631 -0.691191 -0.007688
vn 0.646330 -0.762969 -0.011667
vn 0.618250 -0.785954 -0.006537
vn 0.806923 -0.589953 0.028814
vn 0.775487 -0.631359 -0.002473
vn 0.841448 -0.540267 0.008796
vn 0.742332 -0.669798 0.017732
vn 0.950897 -0.308277 0.027568
vn 0.930464 -0.362368 0.054092
vn 0.931713 -0.362214 0.026672
vn 0.911207 -0.409008 0.049140
vn 0.903766 -0.426230 0.039180
vn 0.883168 -0.469051 0.002282
vn 0.872220 -0.488884 0.014982
vn 0.857062 -0.514275 0.031071
vn 0.839803 -0.541462 0.039366
vn 0.825737 -0.562441 0.042648
vn 0.960517 -0.276750 0.028565
vn 0.982810 -0.178042 0.048850
vn 0.981964 -0.173277 0.075637
vn 0.998544 -0.001255 0.053935
vn 0.996102 -0.082782 0.030462
vn 0.993842 -0.108652 0.021746
vn 0.986684 0.154256 0.051568
vn 0.995451 0.089476 0.032737
vn 0.996610 0.049572 0.065654
vn 0.913868 0.402914 0.050064
vn 0.933228 0.355822 0.049762
vn 0.929146 0.368939 0.023905
vn 0.952958 0.302626 0.016986
vn 0.961841 0.272679 0.022566
vn 0.852593 0.521538 0.032920
vn 0.880733 0.473561 0.007031
vn 0.901990 0.430498 0.032955
vn 0.689978 0.723457 0.023256
vn 0.726999 0.686186 0.024936
vn 0.719261 0.694672 -0.009670
vn 0.765891 0.642961 -0.003560
vn 0.785079 0.619396 0.000881
vn 0.587965 0.808849 0.007748
vn 0.634148 0.773049 -0.015873
vn 0.668636 0.743564 0.006289
vn 0.359485 0.933124 -0.007077
vn 0.386123 0.922446 -0.001745
vn 0.404021 0.913937 -0.038551
vn 0.412890 0.910776 -0.003117
vn 0.439074 0.898384 -0.010984
vn 0.475045 0.879376 -0.032089
vn 0.500996 0.865350 -0.013114
vn 0.171893 0.985095 -0.006338
vn 0.224917 0.974279 -0.013924
vn 0.207664 0.977212 -0.043955
vn 0.292115 0.955677 -0.036747
vn 0.320964 0.946735 -0.025976
vn 0.108189 0.992761 -0.052169
vn -0.178638 0.983210 -0.037240
vn -0.148569 0.988076 -0.040409
vn -0.210449 0.975390 -0.065775
vn -0.096439 0.993698 -0.057135
vn -0.065682 0.996763 -0.046351
vn -0.244658 0.968226 -0.051777
vn -0.218296 0.974960 -0.042416
vn -0.203528 0.978302 -0.038744
vn -0.353812 0.933770 -0.053776
vn -0.326838 0.943243 -0.058896
vn -0.397187 0.914369 -0.078561
vn -0.287833 0.954828 -0.073861
vn -0.271593 0.960087 -0.066856
vn -0.526786 0.847252 -0.068267
vn -0.490982 0.867121 -0.083886
vn -0.539640 0.839244 -0.066769
vn -0.562933 0.823676 -0.068300
vn -0.429016 0.900853 -0.066401
vn -0.404623 0.912667 -0.057612
vn -0.379542 0.923632 -0.053405
vn -0.501912 0.861779 -0.073629
vn -0.467977 0.879427 -0.087210
vn -0.452648 0.888115 -0.079759
vn -0.697200 0.711522 -0.087458
vn -0.706584 0.702127 -0.088075
vn -0.682186 0.726003 -0.086846
vn -0.671715 0.735536 -0.088240
vn -0.631376 0.769609 -0.095217
vn -0.551761 0.830374 -0.077712
vn -0.618455 0.780403 -0.092116
vn -0.596723 0.797861 -0.085670
vn -0.599701 0.795957 -0.082531
vn -0.833551 0.544616 -0.092669
vn -0.824528 0.558068 -0.093348
vn -0.816372 0.569910 -0.093484
vn -0.804100 0.586963 -0.094330
vn -0.793405 0.601108 -0.095801
vn -0.782353 0.615061 -0.098100
vn -0.739385 0.666753 -0.093544
vn -0.730242 0.677045 -0.091410
vn -0.748340 0.656310 -0.096152
vn -0.774109 0.625071 -0.100204
vn -0.765613 0.635078 -0.102530
vn -0.757109 0.645707 -0.099235
vn -0.720915 0.687187 -0.089747
vn -0.711498 0.697084 -0.088565
vn -0.994545 -0.102518 -0.019252
vn -0.988874 -0.148521 -0.008392
vn -0.990794 -0.107891 -0.081769
vn -0.965516 -0.249840 -0.073205
vn -0.978921 -0.183364 -0.089951
vn -0.936596 -0.342499 -0.074045
vn -0.931806 -0.352628 -0.085973
vn -0.825268 -0.563480 -0.037727
vn -0.837719 -0.544497 -0.041842
vn -0.907445 -0.416370 -0.056385
vn -0.814323 -0.578171 -0.050945
vn -0.889231 -0.451507 -0.073548
vn -0.831104 -0.551842 -0.068831
vn -0.691774 -0.721749 -0.022937
vn -0.767723 -0.640368 -0.023027
vn -0.816100 -0.577108 -0.030456
vn -0.881052 -0.470488 -0.048869
vn -0.934426 -0.351775 -0.055690
vn -0.711689 -0.702252 -0.018442
vn -0.534229 -0.844772 -0.030963
vn -0.477574 -0.877830 -0.036567
vn -0.305517 -0.949722 -0.068461
vn -0.262329 -0.963469 -0.053948
vn -0.118632 -0.988750 -0.091105
vn -0.090885 -0.992948 -0.076126
vn -0.581902 -0.812997 -0.020640
vn -0.520555 -0.853673 -0.016271
vn -0.405708 -0.913570 -0.028137
vn -0.355103 -0.934496 -0.024873
vn -0.233729 -0.971245 -0.045325
vn -0.260354 -0.965010 -0.031181
vn -0.101990 -0.993532 -0.049923
vn -0.546668 -0.837123 -0.019469
vn -0.590577 -0.806867 -0.013584
vn -0.471546 -0.881567 -0.021997
vn -0.591388 -0.805139 -0.044841
vn -0.733101 -0.677676 -0.057600
vn -0.696308 -0.717044 -0.031663
vn -0.769197 -0.637443 -0.044753
vn -0.788199 -0.614632 -0.031137
vn -0.409664 -0.911457 -0.037704
vn 0.015320 -0.997955 -0.062056
vn -0.221607 -0.973942 -0.048239
vn 0.903174 -0.400142 -0.155446
vn 0.864702 -0.439721 -0.242768
vn 0.838120 -0.538383 -0.087739
vn 0.807912 -0.559924 -0.183747
vn 0.715191 -0.698397 -0.027267
vn 0.705264 -0.697889 -0.124714
vn 0.570922 -0.820969 0.007627
vn 0.577644 -0.811988 -0.083687
vn 0.340501 -0.939301 0.042113
vn 0.376851 -0.925434 -0.039432
vn 0.104056 -0.992868 0.058193
vn 0.162083 -0.986712 -0.011317
vn -0.183905 -0.980722 0.066056
vn -0.113301 -0.993464 0.013838
vn -0.461194 -0.885019 0.063570
vn -0.395394 -0.917989 0.030989
vn -0.661099 -0.748352 0.054023
vn -0.610208 -0.791363 0.037308
vn -0.822700 -0.567213 0.037878
vn -0.787957 -0.614746 0.034816
vn -0.896643 -0.442162 0.022898
vn -0.872134 -0.488726 0.022997
vn -0.947718 -0.318984 0.008964
vn -0.933636 -0.358091 0.009759
vn -0.973664 -0.227987 -0.000806
vn -0.965790 -0.259321 -0.001261
vn -0.981310 -0.192255 -0.008306
vn 0.827012 -0.473371 -0.303267
vn 0.766673 -0.588396 -0.256908
vn 0.666769 -0.716520 -0.204985
vn 0.543568 -0.823135 -0.164263
vn 0.358472 -0.926176 -0.117028
vn 0.159785 -0.983654 -0.083023
vn -0.096619 -0.994180 -0.047655
vn -0.364585 -0.931022 -0.016598
vn -0.575306 -0.817932 0.003080
vn -0.758121 -0.651945 0.014809
vn -0.848322 -0.529437 0.006790
vn -0.918559 -0.395268 -0.003413
vn -0.957295 -0.288790 -0.013675
vn -0.978262 -0.206179 -0.022210
vn 0.932854 -0.281376 -0.224971
vn 0.895732 -0.329915 -0.298027
vn 0.943606 -0.179424 -0.278236
vn 0.915117 -0.222211 -0.336426
vn 0.931908 -0.108646 -0.346040
vn 0.896988 -0.237442 -0.372873
vn 0.866467 -0.363437 -0.342270
vn 0.867581 -0.263922 -0.421483
vn 0.831070 -0.384053 -0.402276
vn 0.781651 -0.499443 -0.373604
vn 0.737626 -0.526224 -0.423080
vn 0.712974 -0.616057 -0.334876
vn 0.657354 -0.649466 -0.382202
vn 0.609048 -0.739888 -0.285703
vn 0.543466 -0.772834 -0.327678
vn 0.485026 -0.840643 -0.240975
vn 0.415352 -0.867914 -0.272410
vn 0.312351 -0.931117 -0.188302
vn 0.252084 -0.943822 -0.213668
vn 0.132110 -0.980221 -0.147357
vn 0.093034 -0.981759 -0.165816
vn -0.097040 -0.989980 -0.102581
vn -0.101758 -0.988156 -0.114859
vn -0.338137 -0.939150 -0.060499
vn 0.100440 -0.985858 -0.134151
vn 0.024237 -0.990796 -0.133175
vn 0.188220 -0.964574 -0.184854
vn 0.274412 -0.940205 -0.201771
vn 0.351863 -0.901926 -0.250443
vn 0.466435 -0.831273 -0.302364
vn 0.456661 -0.843125 -0.283903
vn 0.523534 -0.807320 -0.272299
vn 0.590196 -0.755642 -0.284031
vn 0.569963 -0.788994 -0.229415
vn 0.494121 -0.848585 -0.189070
vn 0.363798 -0.917425 -0.161192
vn 0.387919 -0.898100 -0.207207
vn 0.247145 -0.959242 -0.137020
vn 0.252574 -0.952844 -0.168210
vn 0.083999 -0.991686 -0.097482
vn 0.110817 -0.986093 -0.123857
vn 0.702375 -0.698938 -0.134741
vn 0.558230 -0.821271 -0.117867
vn 0.640473 -0.732495 -0.230751
vn 0.706723 -0.582451 -0.401613
vn 0.709123 -0.623383 -0.329452
vn 0.653773 -0.683963 -0.323690
vn 0.750990 -0.545912 -0.371476
vn 0.803714 -0.443962 -0.396158
vn 0.759613 -0.589760 -0.274175
vn 0.700570 -0.660703 -0.269579
vn 0.841100 -0.463895 -0.278124
vn 0.819624 -0.457706 -0.344559
vn 0.851483 -0.313187 -0.420584
vn 0.868736 -0.157849 -0.469449
vn 0.867571 -0.010761 -0.497197
vn 0.994372 -0.105930 -0.001958
vn 0.966488 -0.256504 -0.010354
vn 0.960639 -0.237419 -0.144240
vn 0.922751 -0.383931 -0.033588
vn 0.913921 -0.369936 -0.167024
vn 0.830876 -0.554771 -0.043301
vn 0.826421 -0.540197 -0.158795
vn 0.708728 -0.703541 -0.052296
vn 0.560877 -0.825822 -0.058606
vn 0.391879 -0.917975 -0.061266
vn 0.393714 -0.913638 -0.101262
vn 0.205968 -0.976663 -0.060876
vn 0.222687 -0.970705 -0.090236
vn 0.007107 -0.998146 -0.060444
vn -0.196486 -0.978385 -0.064463
vn -0.388443 -0.918939 -0.068294
vn 0.977855 -0.087722 -0.190010
vn 0.999775 0.021143 -0.001579
vn -0.996493 0.082989 -0.010731
vn -0.995829 0.090219 -0.013638
vn -0.986761 0.162052 -0.006524
vn -0.984610 0.174527 -0.009144
vn -0.970699 0.240296 0.000554
vn -0.965525 0.260308 -0.001420
vn -0.942711 0.333428 0.010985
vn -0.933140 0.359385 0.009612
vn -0.887135 0.460770 0.026119
vn -0.871147 0.490468 0.023323
vn -0.804891 0.591959 0.041646
vn -0.781256 0.623268 0.034282
vn -0.645451 0.761639 0.057445
vn -0.609701 0.791672 0.038982
vn -0.436786 0.897043 0.067319
vn -0.394597 0.918248 0.033384
vn -0.152799 0.985856 0.068845
vn -0.110950 0.993697 0.016035
vn 0.136452 0.988888 0.059005
vn 0.167111 0.985886 -0.010118
vn 0.369667 0.928266 0.040846
vn 0.383401 0.922747 -0.039257
vn 0.599363 0.800419 0.009677
vn 0.589830 0.803897 -0.076490
vn 0.740996 0.670466 -0.037404
vn 0.708975 0.693795 -0.126502
vn 0.851562 0.514308 -0.101634
vn 0.808480 0.558136 -0.186666
vn 0.907813 0.382722 -0.171465
vn 0.862874 0.441272 -0.246429
vn 0.931605 0.272203 -0.240870
vn 0.892413 0.335341 -0.301903
vn 0.936820 0.178358 -0.300927
vn 0.908175 0.233061 -0.347707
vn 0.935265 0.092650 -0.341606
vn 0.917129 0.125805 -0.378217
vn 0.935311 0.004091 -0.353803
vn 0.921360 -0.001794 -0.388706
vn 0.913798 -0.113117 -0.390100
vn 0.891822 -0.133409 -0.432268
vn -0.750744 0.660553 0.007222
vn -0.669359 0.742725 -0.017828
vn -0.575414 0.817853 0.004034
vn -0.535396 0.844031 -0.031034
vn -0.364158 0.931219 -0.014848
vn -0.338410 0.939138 -0.059154
vn -0.095003 0.994418 -0.045909
vn -0.096526 0.990268 -0.100265
vn 0.163169 0.983192 -0.081907
vn 0.133386 0.980422 -0.144850
vn 0.362743 0.924574 -0.116537
vn 0.313838 0.931081 -0.185995
vn 0.557015 0.815758 -0.155799
vn 0.498845 0.835207 -0.231483
vn 0.666525 0.716575 -0.205585
vn 0.604155 0.745189 -0.282294
vn 0.764055 0.590972 -0.258790
vn 0.706752 0.624261 -0.332865
vn 0.822731 0.478927 -0.306176
vn 0.774913 0.510440 -0.372774
vn 0.861392 0.372177 -0.345671
vn 0.824662 0.397666 -0.402236
vn 0.888923 0.262840 -0.375141
vn 0.862433 0.279813 -0.421799
vn 0.908392 0.142656 -0.393032
vn 0.888900 0.150850 -0.432552
vn 0.916445 0.019434 -0.399688
vn 0.899996 0.008916 -0.435807
vn -0.825724 -0.563809 -0.017326
vn -0.895334 -0.444690 -0.025078
vn -0.943973 -0.327990 -0.036575
vn -0.974495 -0.219794 -0.045274
vn -0.992367 -0.112664 -0.050149
vn -0.999651 -0.000620 -0.026394
vn -0.998652 -0.002791 -0.051824
vn -0.994914 0.097498 -0.025289
vn -0.993010 0.106438 -0.051016
vn -0.981291 0.191328 -0.021490
vn -0.975921 0.212988 -0.047047
vn -0.957953 0.286564 -0.014424
vn -0.946216 0.321151 -0.039218
vn -0.919326 0.393471 -0.004444
vn -0.898312 0.438442 -0.028363
vn -0.848923 0.528483 0.005970
vn -0.832426 0.553774 -0.020049
vn -0.757527 0.652545 -0.018362
vn 0.871819 -0.337979 -0.354545
vn 0.887147 -0.154437 -0.434879
vn 0.883379 0.000720 -0.468659
vn 0.868433 0.159087 -0.469591
vn 0.857061 0.146580 -0.493924
vn 0.834722 0.310175 -0.455007
vn 0.827129 0.289774 -0.481548
vn 0.779068 0.456345 -0.429887
vn 0.778492 0.427302 -0.459743
vn 0.699959 0.596198 -0.393200
vn 0.710144 0.559713 -0.427103
vn 0.594313 0.726980 -0.343936
vn 0.618392 0.686795 -0.381973
vn 0.456790 0.843848 -0.281538
vn 0.495107 0.806726 -0.322586
vn 0.277451 0.938234 -0.206731
vn 0.359059 0.897641 -0.255573
vn 0.227208 0.953202 -0.199454
vn 0.967139 0.252048 -0.033374
vn 0.995757 0.089162 -0.022760
vn 0.976491 0.101219 -0.190315
vn 0.987717 0.009613 -0.155956
vn 0.952975 0.014951 -0.302681
vn 0.578282 0.790932 -0.200043
vn 0.713864 0.685276 -0.144205
vn 0.711420 0.662827 -0.233543
vn 0.828833 0.537209 -0.156338
vn 0.816945 0.514850 -0.259864
vn 0.914285 0.370156 -0.164522
vn 0.893588 0.351963 -0.278609
vn 0.951257 0.245402 -0.186784
vn 0.935199 0.190068 -0.298791
vn 0.910518 0.411975 -0.035125
vn 0.814238 0.578818 -0.044573
vn 0.259611 0.950504 -0.170716
vn 0.412779 0.889757 -0.194799
vn 0.467504 0.844288 -0.261949
vn 0.582824 0.771837 -0.254135
vn 0.607388 0.727235 -0.319700
vn 0.707554 0.641143 -0.297158
vn 0.717178 0.593193 -0.365758
vn 0.804071 0.494168 -0.330558
vn 0.799683 0.447680 -0.400112
vn 0.872850 0.335761 -0.354116
vn 0.856806 0.294429 -0.423314
vn 0.914187 0.169714 -0.368049
vn 0.889597 0.135849 -0.436076
vn 0.927948 -0.000702 -0.372710
vn 0.900704 -0.011997 -0.434268
vn 0.572609 0.809786 -0.127932
vn 0.433480 0.886511 -0.161846
vn 0.408225 0.906481 -0.107913
vn 0.258108 0.956690 -0.134626
vn 0.223118 0.971013 -0.085743
vn 0.081620 0.992621 -0.089676
vn 0.039468 0.997005 -0.066516
vn -0.798327 0.601973 -0.017401
vn -0.700345 0.713554 -0.018932
vn -0.606584 0.794687 -0.022978
vn -0.523880 0.851617 -0.017245
vn -0.479224 0.876892 -0.037475
vn -0.407045 0.912939 -0.029267
vn -0.305391 0.949773 -0.068318
vn -0.261067 0.963735 -0.055305
vn -0.100984 0.988387 -0.113548
vn 0.093402 0.982069 -0.163758
vn 0.251604 0.944476 -0.211329
vn 0.427062 0.863086 -0.269632
vn 0.534689 0.781118 -0.322433
vn 0.648230 0.661129 -0.377765
vn 0.729225 0.540596 -0.419508
vn 0.789634 0.417670 -0.449477
vn 0.834159 0.289649 -0.469341
vn 0.863338 0.153676 -0.480657
vn 0.874665 0.009429 -0.484637
vn 0.865910 -0.134826 -0.481686
vn 0.839130 -0.271602 -0.471267
vn 0.796594 -0.401166 -0.452222
vn -0.803167 0.594404 -0.040091
vn -0.994516 -0.049585 -0.092084
vn -0.996832 0.013513 -0.078382
vn -0.993212 0.067345 -0.094844
vn -0.988667 0.129441 -0.076048
vn -0.979703 0.179965 -0.088287
vn -0.966929 0.245756 -0.068202
vn -0.952960 0.293062 -0.077340
vn -0.904666 0.421301 -0.063915
vn -0.850556 0.523451 -0.050537
vn -0.074129 0.995824 -0.053283
vn 0.688709 0.723114 -0.052784
vn 0.538370 0.840710 -0.058001
vn 0.367577 0.928083 -0.059574
vn 0.180271 0.981868 -0.058635
vn -0.001054 0.998268 -0.058824
vn -0.339176 0.940373 -0.025651
vn -0.233769 0.971425 -0.041063
vn -0.094497 0.992871 -0.072646
vn 0.095557 0.988362 -0.118358
vn -0.448242 0.893724 -0.018358
vn -0.531658 0.846828 -0.014929
vn -0.591002 0.805415 -0.044978
vn -0.622785 0.782136 -0.020040
vn -0.685338 0.727775 -0.025576
vn -0.732784 0.678006 -0.057749
vn -0.165691 0.984161 -0.063043
vn -0.357103 0.931747 -0.065770
vn -0.757239 0.652108 -0.036649
vn -0.806205 0.589933 -0.044869
vn -0.843752 0.531670 -0.073544
vn -0.878472 0.473721 -0.062252
vn -0.929695 0.357482 -0.088734
vn -0.931101 0.356961 -0.075034
vn -0.970048 0.224650 -0.092409
vn -0.993734 -0.050490 -0.099723
vn -0.991313 0.086198 -0.099340
vn -0.008812 0.270332 0.962727
vn 0.203154 0.344984 0.916359
vn 0.090745 0.288338 0.953219
vn 0.247485 0.158733 0.955801
vn -0.064480 0.100304 0.992865
vn 0.738117 0.456269 0.496992
vn 0.856388 0.293554 0.424765
vn 0.527257 0.547171 0.650080
vn 0.646113 0.402017 0.648784
vn -0.012003 0.482498 0.875815
vn 0.018163 0.632659 0.774217
vn 0.177047 0.517643 0.837078
vn -0.046432 0.297672 0.953539
vn 0.033047 0.471308 0.881349
vn -0.004086 0.474177 0.880420
vn 0.822179 0.392166 0.412587
vn 0.938959 0.231592 0.254405
vn 0.975757 0.115618 0.185823
vn 0.996363 0.081997 0.023164
vn 0.998672 0.026128 -0.044402
vn 0.917957 0.165509 0.360501
vn 0.991247 0.043386 0.124690
vn 0.997907 0.003493 -0.064568
vn 0.487690 0.669412 0.560398
vn 0.750589 0.506779 0.424017
vn 0.878446 0.384802 0.283303
vn 0.975075 0.192058 0.111093
vn 0.019659 0.670410 0.741731
vn 0.193455 0.693590 0.693908
vn 0.007359 0.774698 0.632289
vn 0.146494 0.809569 0.568452
vn 0.019618 0.795785 0.605262
vn -0.006125 0.882249 0.470742
vn 0.042560 0.919939 0.389745
vn -0.036212 0.885572 0.463089
vn 0.712754 0.599944 0.363387
vn 0.650628 0.630336 0.423510
vn 0.526638 0.751667 0.397050
vn 0.384669 0.810916 0.440960
vn 0.384351 0.850158 0.359870
vn 0.424693 0.568031 0.704966
vn 0.261517 0.822727 0.504708
vn -0.036212 0.885572 0.463089
vn 0.079374 0.951949 0.295793
vn 0.003329 0.953224 0.302247
vn -0.031819 0.960625 0.276020
vn -0.011455 0.976911 0.213342
vn 0.100518 0.926645 0.362250
vn 0.759803 0.609136 0.227272
vn 0.645169 0.697226 0.312462
vn 0.539741 0.790937 0.288267
vn 0.448073 0.830349 0.331288
vn 0.776084 0.557713 0.294363
vn 0.129725 0.938319 0.320515
vn 0.152200 0.944149 0.292262
vn 0.263195 0.928142 0.263212
vn -0.163785 0.981768 0.096473
vn 0.030421 0.981029 0.191459
vn 0.487928 0.847282 0.209857
vn 0.951557 0.307468 -0.001520
vn 0.846512 0.518397 0.121169
vn 0.820982 0.563755 0.090382
vn 0.670004 0.729667 0.136679
vn 0.460199 0.875070 0.149899
vn 0.549106 0.833730 0.058117
vn 0.728083 0.685334 0.014601
vn 0.722074 0.687003 0.081459
vn 0.872028 0.489272 0.013446
vn 0.867480 0.494945 -0.050078
vn 0.950069 0.302232 -0.077624
vn 0.927130 0.356104 -0.116701
vn 0.962800 0.206042 -0.174822
vn -0.049599 0.984300 -0.169390
vn -0.004733 0.994869 -0.101066
vn 0.019056 0.994197 -0.105873
vn 0.035795 0.947917 -0.316500
vn -0.047039 0.929829 -0.364973
vn -0.015720 0.955261 -0.295346
vn -0.019218 0.960730 -0.276817
vn -0.104570 0.832931 -0.543407
vn -0.186903 0.912790 -0.363156
vn -0.128587 0.919247 -0.372090
vn -0.181308 0.968282 -0.171923
vn -0.124023 0.973991 -0.189632
vn -0.142021 0.989787 0.012357
vn -0.096129 0.995369 -0.000444
vn -0.055906 0.980304 0.189417
vn -0.030674 0.982012 0.186309
vn 0.093724 0.935054 0.341891
vn -0.014968 0.885870 -0.463692
vn -0.010089 0.878177 -0.478230
vn -0.041338 0.846664 -0.530520
vn 0.006145 0.767368 -0.641178
vn -0.015580 0.732835 -0.680228
vn 0.036268 0.790254 -0.611706
vn -0.006399 0.874863 -0.484328
vn -0.256839 0.841499 -0.475304
vn -0.180838 0.855280 -0.485586
vn -0.255466 0.791961 -0.554558
vn -0.146218 0.783355 -0.604131
vn -0.078457 0.746147 -0.661143
vn -0.237611 0.956330 -0.170215
vn -0.290153 0.871520 -0.395303
vn -0.299205 0.915798 -0.267938
vn -0.333352 0.931046 -0.148426
vn -0.274596 0.960980 -0.033392
vn -0.341935 0.939693 0.007601
vn -0.373524 0.926882 0.037014
vn -0.155359 0.981519 0.111732
vn -0.143995 0.983243 0.111793
vn 0.078193 0.983103 0.165515
vn -0.394667 0.794956 -0.460742
vn -0.573792 0.735206 -0.360881
vn -0.466624 0.822416 -0.325414
vn -0.470141 0.855128 -0.218458
vn -0.707385 0.629111 -0.322222
vn -0.588972 0.690030 -0.420679
vn -0.766003 0.540962 -0.347275
vn -0.580501 0.659340 -0.477796
vn -0.751675 0.522493 -0.402475
vn -0.787844 0.591967 -0.169934
vn -0.774603 0.626439 -0.086975
vn -0.673834 0.738689 -0.016958
vn -0.566809 0.823578 0.021137
vn -0.392249 0.917566 0.064917
vn -0.148175 0.983106 0.107459
vn 0.046912 0.990088 0.132382
vn 0.280172 0.946806 0.158311
vn -0.015696 0.635679 -0.771794
vn 0.048523 0.686859 -0.725169
vn 0.044027 0.638012 -0.768767
vn 0.018164 0.622839 -0.782139
vn -0.012903 0.572281 -0.819956
vn -0.262608 0.724350 -0.637459
vn -0.151705 0.724908 -0.671933
vn -0.226048 0.676431 -0.700959
vn -0.127597 0.661816 -0.738728
vn -0.231521 0.589200 -0.774107
vn 0.062114 0.464362 -0.883465
vn 0.031079 0.370414 -0.928347
vn 0.050478 0.458061 -0.887486
vn 0.013560 0.479440 -0.877470
vn 0.036194 0.498893 -0.865908
vn 0.014007 0.631876 -0.774943
vn 0.071826 0.269162 -0.960413
vn 0.040235 0.254976 -0.966110
vn 0.043760 0.288813 -0.956385
vn 0.039674 0.345782 -0.937476
vn -0.083024 0.503820 -0.859809
vn -0.189946 0.525909 -0.829060
vn -0.105231 0.586856 -0.802824
vn -0.407677 0.593979 -0.693534
vn -0.407497 0.708543 -0.576119
vn -0.416610 0.446138 -0.792084
vn -0.886063 0.369970 -0.279311
vn -0.845831 0.484772 -0.222634
vn -0.934622 0.190011 -0.300630
vn -0.918954 0.277644 -0.280069
vn -0.858575 0.320279 -0.400337
vn -0.823019 0.389683 -0.413265
vn -0.396373 0.282760 -0.873462
vn -0.385679 0.113408 -0.915637
vn -0.528946 0.534156 -0.659465
vn -0.582053 0.390823 -0.713072
vn -0.597739 0.255573 -0.759862
vn -0.592943 0.106091 -0.798225
vn -0.727767 0.341156 -0.594952
vn -0.728524 0.219976 -0.648740
vn -0.746817 0.095040 -0.658204
vn -0.838162 0.076419 -0.540042
vn -0.901919 0.093114 -0.421749
vn -0.940291 0.059534 -0.335126
vn -0.963034 0.073140 -0.259261
vn -0.966626 -0.040149 -0.253025
vn -0.942649 -0.032334 -0.332215
vn -0.905283 -0.036664 -0.423224
vn -0.843226 -0.041910 -0.535923
vn -0.741732 -0.047831 -0.668988
vn -0.584112 -0.053550 -0.809904
vn -0.847086 0.519081 -0.114020
vn -0.903791 0.401941 -0.146991
vn -0.938622 0.299586 -0.170989
vn -0.961505 0.206958 -0.180765
vn -0.974006 0.128325 -0.186668
vn -0.405737 -0.042519 -0.913000
vn -0.128969 0.018903 -0.991468
vn -0.021920 0.107306 -0.993984
vn -0.983313 0.042936 -0.176783
vn -0.991667 0.046597 -0.120105
vn -0.801365 0.597192 -0.034293
vn -0.879907 0.471235 -0.060844
vn -0.931051 0.355017 -0.084307
vn -0.960386 0.259971 -0.100366
vn -0.978420 0.173951 -0.111512
vn -0.988250 0.109673 -0.106464
vn -0.996373 0.046297 -0.071400
vn -0.707743 0.706039 0.024669
vn -0.849084 0.528235 0.004900
vn -0.911987 0.409952 -0.014792
vn -0.953210 0.300798 -0.030170
vn -0.975702 0.215364 -0.040309
vn -0.989028 0.140019 -0.047108
vn -0.993595 0.101741 -0.049175
vn 0.549831 0.826278 0.122275
vn 0.374345 0.918831 0.124964
vn 0.286070 0.954904 0.079518
vn 0.156974 0.979637 0.125184
vn 0.026700 0.995802 0.087557
vn -0.090861 0.989587 0.111636
vn -0.265588 0.960416 0.084052
vn -0.343625 0.935146 0.086162
vn -0.524398 0.848570 0.070253
vn -0.558493 0.827690 0.054911
vn -0.700759 0.711435 0.052888
vn -0.837599 0.545308 0.032682
vn -0.907104 0.420636 0.015114
vn -0.952393 0.304873 0.000756
vn -0.975809 0.218453 -0.008669
vn -0.989361 0.144712 -0.014949
vn -0.994957 0.098180 -0.020534
vn -0.997891 0.054283 -0.035598
vn -0.997645 -0.009505 -0.067929
vn -0.992877 -0.021650 -0.117159
vn -0.984949 -0.031999 -0.169856
vn -0.607082 0.596136 -0.525427
vn -0.691893 0.480188 -0.539170
vn 0.056497 0.142251 -0.988217
vn 0.058761 0.089882 -0.994218
vn 0.057843 0.074942 -0.995509
vn 0.087090 -0.015329 -0.996082
vn 0.064109 -0.089114 -0.993956
vn 0.063100 -0.479305 -0.875377
vn 0.014033 -0.484788 -0.874519
vn 0.046990 -0.454611 -0.889450
vn 0.024969 -0.341782 -0.939447
vn 0.036132 -0.297907 -0.953911
vn 0.062855 -0.285851 -0.956211
vn 0.064339 -0.297117 -0.952671
vn 0.039853 -0.205622 -0.977820
vn 0.041491 -0.100657 -0.994056
vn -0.010955 -0.193378 -0.981063
vn -0.012041 -0.121191 -0.992556
vn -0.162604 -0.103031 -0.981297
vn -0.119355 -0.210199 -0.970346
vn -0.415368 -0.202788 -0.886762
vn -0.041348 -0.393428 -0.918425
vn -0.083464 -0.505192 -0.858962
vn -0.208208 -0.508466 -0.835531
vn -0.180841 -0.588069 -0.788335
vn -0.427033 -0.564709 -0.706220
vn -0.046715 -0.626640 -0.777907
vn -0.094265 -0.732729 -0.673961
vn -0.142603 -0.748286 -0.647868
vn -0.420969 -0.401052 -0.813598
vn -0.179090 -0.319770 -0.930416
vn -0.145450 -0.414640 -0.898286
vn -0.033501 -0.330434 -0.943234
vn 0.048368 -0.479811 -0.876037
vn 0.009867 -0.590451 -0.807013
vn -0.015695 -0.705139 -0.708895
vn 0.052235 -0.483283 -0.873904
vn 0.027231 -0.639184 -0.768571
vn 0.052797 -0.673206 -0.737568
vn 0.005265 -0.774810 -0.632173
vn -0.036964 -0.833479 -0.551314
vn 0.054204 -0.793427 -0.606247
vn -0.007284 -0.881803 -0.471561
vn -0.016438 -0.884725 -0.465823
vn -0.016438 -0.884725 -0.465824
vn -0.047646 -0.921684 -0.385006
vn 0.037453 -0.956941 -0.287855
vn 0.031084 -0.952774 -0.302086
vn -0.051141 -0.978745 -0.198602
vn -0.020126 -0.960074 -0.279021
vn -0.243077 -0.821202 -0.516276
vn -0.180558 -0.836879 -0.516752
vn -0.112917 -0.833495 -0.540866
vn -0.394701 -0.807711 -0.437967
vn -0.247067 -0.900913 -0.356811
vn -0.193844 -0.916132 -0.350896
vn -0.129178 -0.919083 -0.372289
vn -0.105621 -0.587900 -0.802009
vn -0.113525 -0.673432 -0.730480
vn -0.240650 -0.661934 -0.709881
vn -0.216511 -0.753777 -0.620438
vn -0.410569 -0.704912 -0.578388
vn -0.585712 -0.391305 -0.709804
vn -0.571134 -0.543870 -0.614827
vn -0.727018 -0.352006 -0.589522
vn -0.700028 -0.494375 -0.515319
vn -0.851516 -0.310500 -0.422505
vn -0.547575 -0.667439 -0.504664
vn -0.492099 -0.840086 -0.228243
vn -0.304308 -0.941306 -0.146079
vn -0.363768 -0.925169 -0.108328
vn -0.170177 -0.985324 0.013289
vn -0.259807 -0.965527 -0.016034
vn -0.691877 -0.680338 -0.241758
vn -0.618234 -0.711447 -0.334110
vn -0.713763 -0.685873 -0.141848
vn -0.582518 -0.792530 -0.180468
vn -0.588310 -0.804491 -0.081762
vn -0.470422 -0.876353 -0.103483
vn -0.333063 -0.942889 0.005445
vn -0.364549 -0.930522 0.035108
vn -0.492947 -0.869974 -0.012232
vn -0.010603 -0.994926 0.100049
vn -0.012471 -0.981864 0.189176
vn 0.011400 -0.994042 0.108403
vn -0.031780 -0.961412 0.273272
vn -0.022398 -0.955688 0.293529
vn 0.014711 -0.946390 0.322691
vn 0.042724 -0.922633 0.383306
vn -0.035208 -0.886939 0.460543
vn -0.016676 -0.878680 0.477120
vn -0.026372 -0.875496 0.482505
vn 0.133490 -0.831206 0.539701
vn 0.027199 -0.793581 0.607856
vn -0.031422 -0.982108 0.185678
vn -0.097103 -0.995274 -0.000915
vn -0.056883 -0.980356 0.188858
vn -0.143257 -0.989612 0.012043
vn -0.060396 -0.979711 0.191099
vn 0.373189 -0.821085 0.431914
vn 0.562030 -0.734115 0.381050
vn 0.376223 -0.844552 0.381036
vn 0.252135 -0.840972 0.478741
vn 0.100614 -0.926918 0.361524
vn 0.126683 -0.931824 0.340082
vn 0.088541 -0.948229 0.304996
vn 0.190691 -0.706655 0.681378
vn 0.591017 -0.575011 0.565740
vn 0.458536 -0.696070 0.552477
vn -0.004878 -0.463906 0.885871
vn 0.176409 -0.403309 0.897899
vn 0.014660 -0.469280 0.882928
vn 0.178205 -0.544284 0.819755
vn -0.036627 -0.632491 0.773701
vn -0.013824 -0.767658 0.640710
vn 0.059149 -0.664516 0.744929
vn 0.022063 -0.639641 0.768357
vn -0.002275 -0.258795 0.965930
vn 0.219219 -0.213392 0.952054
vn -0.007735 -0.281107 0.959645
vn -0.030857 -0.345806 0.937799
vn -0.040500 -0.131027 0.990551
vn -0.025226 -0.093374 0.995311
vn 0.266839 -0.027115 0.963359
vn 0.081836 0.024486 0.996345
vn -0.014099 0.054155 0.998433
vn 0.443885 0.453413 0.772906
vn 0.726499 0.271980 0.631052
vn 0.486798 0.338668 0.805190
vn 0.788439 0.126789 0.601905
vn 0.552556 0.168033 0.816362
vn 0.805726 0.002558 0.592283
vn 0.575024 0.002982 0.818131
vn 0.787409 -0.122944 0.604046
vn 0.551451 -0.162740 0.818179
vn 0.723166 -0.269065 0.636109
vn 0.480654 -0.334659 0.810540
vn 0.620339 -0.408184 0.669751
vn 0.384299 -0.473430 0.792577
vn 0.517214 -0.537185 0.666275
vn 0.426674 -0.579573 0.694294
vn 0.952415 -0.056062 0.299605
vn 0.991603 -0.042236 0.122231
vn 0.927455 -0.145607 0.344421
vn 0.976835 -0.113412 0.181468
vn 0.868505 -0.266038 0.418237
vn 0.943320 -0.212054 0.255305
vn 0.771692 -0.415882 0.481180
vn 0.846623 -0.386312 0.366049
vn 0.732010 -0.521476 0.438433
vn 0.861912 -0.406085 0.303648
vn 0.714508 -0.600272 0.359377
vn 0.614294 -0.646721 0.452101
vn 0.607460 -0.723135 0.328738
vn 0.442296 -0.834203 0.329362
vn 0.162067 -0.944228 0.286650
vn -0.030450 -0.980782 0.192714
vn -0.153588 -0.982516 0.105231
vn 0.028733 -0.981199 0.190846
vn 0.242486 -0.935065 0.258563
vn 0.383522 -0.899140 0.210850
vn 0.611096 -0.759042 0.224537
vn 0.602418 -0.781393 0.162841
vn 0.471016 -0.867822 0.158208
vn 0.922436 -0.337589 0.187470
vn 0.777014 -0.567343 0.272711
vn 0.961019 -0.272870 0.044537
vn 0.840888 -0.518182 0.156188
vn 0.978029 -0.188941 0.088098
vn 0.993802 0.058615 -0.094459
vn 0.989923 0.020525 -0.140112
vn 0.987834 0.003419 -0.155477
vn 0.997979 -0.014330 -0.061909
vn 0.989999 -0.014924 -0.140282
vn 0.998406 -0.054927 -0.012950
vn 0.994020 -0.056018 -0.093737
vn 0.989794 -0.136053 -0.042398
vn 0.283627 -0.945307 0.161090
vn 0.070833 -0.987654 0.139726
vn -0.156940 -0.981400 0.110565
vn -0.360519 -0.930209 0.068831
vn -0.538894 -0.842010 0.024761
vn -0.678827 -0.734198 -0.012107
vn -0.999137 0.039431 -0.013021
vn -0.999150 -0.025205 -0.032619
vn -0.999373 -0.031222 -0.016676
vn -0.995906 -0.076868 -0.047574
vn -0.996325 -0.084107 -0.016202
vn -0.124831 -0.973832 -0.189918
vn -0.182249 -0.968090 -0.172008
vn -0.224293 -0.956766 -0.185180
vn -0.360886 -0.885844 -0.291618
vn -0.510116 -0.768843 -0.385567
vn -0.662207 -0.615431 -0.427465
vn -0.818991 -0.438135 -0.370529
vn -0.890971 -0.360041 -0.276661
vn -0.922096 -0.251986 -0.293669
vn -0.938652 -0.299419 -0.171119
vn -0.961135 -0.201781 -0.188425
vn -0.960434 -0.259741 -0.100507
vn -0.978519 -0.173326 -0.111616
vn -0.972026 -0.231674 -0.038632
vn -0.986932 -0.154445 -0.045957
vn -0.974387 -0.224738 -0.007965
vn -0.988604 -0.149840 -0.014491
vn -0.593716 -0.207494 -0.777462
vn -0.744093 -0.185523 -0.641800
vn -0.841633 -0.163070 -0.514843
vn -0.903726 -0.157890 -0.397932
vn -0.952409 -0.128336 -0.276492
vn -0.975403 -0.109251 -0.191452
vn -0.989064 -0.087850 -0.118466
vn -0.818606 -0.574321 0.006306
vn -0.813287 -0.580460 -0.040383
vn -0.781346 -0.617775 -0.088609
vn -0.773264 -0.553294 -0.309725
vn -0.786372 -0.588697 -0.187231
vn -0.849215 -0.471697 -0.237352
vn -0.846706 -0.519687 -0.114081
vn -0.903678 -0.402150 -0.147112
vn -0.879513 -0.471954 -0.060962
vn -0.930957 -0.355227 -0.084461
vn -0.897834 -0.440213 -0.010332
vn -0.946413 -0.321779 -0.027587
vn -0.899337 -0.436933 0.016811
vn -0.949324 -0.314294 0.001826
vn -0.830142 -0.556622 0.032183
vn -0.679295 -0.731857 0.054254
vn -0.686688 -0.726234 0.032298
vn -0.488522 -0.869641 0.071214
vn -0.544841 -0.836902 0.052376
vn -0.223525 -0.971090 0.083786
vn -0.329191 -0.940583 0.083285
vn 0.060301 -0.994452 0.086196
vn -0.082580 -0.990623 0.108838
vn 0.306547 -0.948676 0.077740
vn 0.156996 -0.979888 0.123172
vn 0.567055 -0.822074 0.051416
vn 0.946686 -0.321722 0.016733
vn 0.952468 -0.299744 -0.054386
vn 0.873899 -0.480659 0.072574
vn 0.874364 -0.485146 0.011035
vn 0.732666 -0.667809 0.131271
vn 0.740325 -0.668096 0.074615
vn 0.977312 -0.176857 -0.116544
vn 0.942531 -0.305752 -0.134725
vn 0.875781 -0.478862 -0.060825
vn 0.751410 -0.659822 0.004132
vn 0.539328 -0.834464 0.113116
vn 0.332270 -0.934150 0.130235
vn 0.982133 0.147346 -0.117063
vn 0.980786 0.074404 -0.180344
vn 0.962810 0.120043 -0.242046
vn 0.974362 0.032736 -0.222589
vn 0.956724 0.060429 -0.284653
vn 0.970741 0.007576 -0.240008
vn 0.953729 0.009213 -0.300526
vn 0.973193 -0.018097 -0.229277
vn 0.957369 -0.044481 -0.285422
vn 0.979698 -0.058840 -0.191651
vn 0.963894 -0.108955 -0.242975
vn 0.958443 -0.205392 -0.197993
vn -0.962922 0.070228 0.260477
vn -0.962848 0.124702 0.239527
vn -0.949499 0.149604 0.275810
vn 0.947550 0.319426 0.010777
vn 0.953682 0.300762 -0.005770
vn 0.922314 0.386336 -0.009005
vn 0.852448 0.350843 0.387610
vn 0.866422 0.287124 0.408500
vn 0.927549 0.237344 0.288654
vn 0.877610 0.220134 0.425842
vn 0.885904 0.149711 0.439044
vn 0.943891 0.120995 0.307295
vn 0.990253 -0.120693 0.069514
vn 0.985066 -0.158819 0.066502
vn 0.988782 -0.145185 0.035097
vn 0.918344 -0.357027 0.170807
vn 0.898807 -0.409247 0.157044
vn 0.928914 -0.358909 0.091120
vn 0.874175 -0.464650 0.141133
vn 0.842396 -0.524745 0.122520
vn 0.878417 -0.473175 0.067001
vn 0.959582 0.014610 0.281048
vn 0.929806 -0.000507 0.368050
vn 0.933803 -0.067886 0.351288
vn -0.003567 -0.493152 0.869936
vn 0.011513 -0.548291 0.836208
vn 0.088488 -0.584956 0.806224
vn 0.278885 -0.960220 0.014187
vn 0.197277 -0.978235 -0.064329
vn 0.218363 -0.973150 -0.072778
vn -0.975829 -0.209769 0.061270
vn -0.985151 -0.145178 0.091663
vn -0.976122 -0.164188 0.142228
vn 0.104195 -0.984641 -0.140090
vn 0.969778 -0.228896 0.084479
vn 0.944659 -0.319044 0.076356
vn 0.935753 -0.342015 0.085981
vn 0.095237 -0.992172 0.080781
vn -0.047710 -0.991362 0.122172
vn -0.018047 -0.995161 0.096582
vn 0.996397 -0.084116 0.010878
vn 0.988473 -0.151218 0.007437
vn 0.984614 -0.174507 0.009087
vn -0.896419 -0.329353 0.296580
vn -0.911836 -0.225438 0.343123
vn -0.893354 -0.253092 0.371300
vn -0.839739 0.530286 0.116773
vn -0.729309 0.682106 0.053297
vn -0.707262 0.696137 0.123179
vn -0.370330 0.928554 -0.025356
vn -0.141639 0.988870 -0.045554
vn -0.167085 0.985911 0.007913
vn -0.018622 0.996271 0.084251
vn -0.057504 0.992110 0.111408
vn 0.086241 0.993837 0.069649
vn 0.759627 0.649840 0.025979
vn 0.683510 0.729653 0.020508
vn 0.624577 0.780814 0.015227
vn 0.147450 0.987342 -0.058436
vn 0.435547 0.898150 -0.060207
vn 0.396493 0.917394 -0.034374
vn 0.644363 0.762886 -0.052928
vn 0.769912 0.636734 -0.042481
vn 0.744314 0.666822 -0.036688
vn 0.845011 0.533783 -0.032130
vn 0.906681 0.421343 -0.020019
vn 0.892335 0.450902 -0.020617
vn 0.970974 0.239185 0.000575
vn 0.987051 0.160268 0.006677
vn 0.984973 0.172470 0.009120
vn 0.996630 0.081318 0.010801
vn 0.999916 -0.004944 0.011998
vn 0.999885 -0.000817 0.015117
vn -0.055711 -0.159002 0.985705
vn -0.057817 -0.164815 0.984629
vn -0.040485 -0.200409 0.978876
vn -0.067736 -0.250764 0.965675
vn -0.094659 -0.264880 0.959624
vn -0.032324 -0.300521 0.953227
vn -0.045552 -0.388737 0.920222
vn -0.045552 -0.388740 0.920221
vn -0.020015 -0.399672 0.916440
vn -0.042916 -0.431327 0.901174
vn -0.063136 -0.498212 0.864753
vn 0.025930 -0.858340 -0.512427
vn -0.030880 -0.816168 -0.576989
vn -0.030145 -0.839634 -0.542316
vn 0.009012 -0.512082 -0.858889
vn -0.017223 -0.461345 -0.887054
vn -0.135164 -0.473675 -0.870266
vn -0.062204 0.065830 0.995890
vn -0.062204 0.065841 0.995889
vn -0.048340 0.087409 0.994999
vn 0.995306 0.000802 0.096775
vn 0.995381 -0.018899 0.094129
vn 0.994035 0.050050 0.096904
vn -0.247110 -0.968956 0.007786
vn -0.172763 -0.984953 0.004575
vn -0.190781 -0.981018 0.034732
vn -0.152410 -0.988232 0.012992
vn -0.061437 -0.997995 0.015236
vn -0.091049 -0.995108 0.038352
vn 0.147045 -0.988605 0.032231
vn 0.162304 -0.986347 0.027890
vn 0.194722 -0.979410 0.053292
vn 0.991873 -0.082472 0.096883
vn 0.994232 -0.054462 0.092395
vn 0.978411 -0.182152 0.097630
vn 0.982139 -0.164783 0.090824
vn 0.984427 -0.148045 0.094799
vn 0.954902 -0.280408 0.097636
vn 0.956998 -0.276359 0.088210
vn 0.964997 -0.244456 0.094982
vn 0.899601 -0.426997 0.091609
vn 0.919405 -0.383891 0.085571
vn 0.921689 -0.375626 0.096925
vn 0.936705 -0.337305 0.093860
vn 0.879256 -0.466671 0.095534
vn 0.870486 -0.485129 0.083090
vn 0.828033 -0.552847 0.093387
vn 0.810633 -0.579983 0.080582
vn 0.854005 -0.512681 0.088505
vn 0.641612 -0.762398 0.084166
vn 0.691341 -0.718459 0.076575
vn 0.714191 -0.694415 0.087860
vn 0.738690 -0.669352 0.079404
vn 0.773335 -0.627276 0.092072
vn 0.800414 -0.593464 0.084483
vn 0.562280 -0.823105 0.079622
vn 0.590574 -0.804039 0.068878
vn 0.660815 -0.747165 0.071190
vn 0.477203 -0.875670 0.074018
vn 0.509955 -0.857922 0.062575
vn 0.573642 -0.816784 0.061629
vn 0.387176 -0.919522 0.067635
vn 0.425005 -0.903478 0.055668
vn 0.478712 -0.876430 0.052013
vn 0.242478 -0.969324 0.040188
vn 0.271973 -0.961670 0.034944
vn 0.292866 -0.954234 0.060558
vn 0.335414 -0.940842 0.048105
vn 0.377579 -0.924972 0.043135
vn -0.282018 -0.959399 -0.004395
vn -0.288053 -0.957117 0.030882
vn -0.339641 -0.940553 0.002156
vn -0.381879 -0.923841 0.026186
vn -0.471753 -0.881496 0.020359
vn -0.429051 -0.903272 -0.003952
vn -0.387253 -0.921892 -0.012226
vn -0.556756 -0.830565 0.013583
vn -0.513910 -0.857779 -0.010582
vn -0.488070 -0.872601 -0.018866
vn -0.697021 -0.717049 -0.001570
vn -0.671156 -0.740888 -0.025198
vn -0.630304 -0.776278 0.010489
vn -0.594484 -0.803915 -0.017566
vn -0.066524 0.000038 0.997785
vn -0.764320 -0.644759 -0.010016
vn -0.743193 -0.668312 -0.031990
vn -0.670192 -0.741809 -0.023708
vn -0.824465 -0.565611 -0.018484
vn -0.803921 -0.593543 -0.037667
vn -0.748647 -0.661880 -0.037990
vn -0.876453 -0.480718 -0.027223
vn -0.857423 -0.512765 -0.043575
vn -0.817648 -0.573558 -0.049825
vn -0.919797 -0.390758 -0.035815
vn -0.902835 -0.427142 -0.049376
vn -0.876224 -0.478233 -0.059380
vn -0.954001 -0.296624 -0.043539
vn -0.939651 -0.337721 -0.054787
vn -0.924025 -0.376506 -0.066491
vn -0.978664 -0.199250 -0.050170
vn -0.967775 -0.244684 -0.059502
vn -0.960306 -0.270077 -0.069796
vn -0.998246 -0.016519 -0.056850
vn -0.996597 -0.048735 -0.066479
vn -0.992675 -0.108510 -0.053120
vn -0.986743 -0.149328 -0.063549
vn -0.066524 0.000038 0.997785
vn -0.994881 0.084298 -0.055733
vn -0.996438 0.052761 -0.065785
vn -0.996593 -0.048591 -0.066638
vn -0.981473 0.184325 -0.052300
vn -0.986691 0.149584 -0.063761
vn -0.995305 0.063986 -0.072617
vn -0.958163 0.282346 -0.046950
vn -0.967596 0.245123 -0.060608
vn -0.981696 0.175212 -0.074654
vn -0.925276 0.377185 -0.039938
vn -0.939553 0.337726 -0.056407
vn -0.066524 0.000038 0.997785
vn -0.883192 0.467920 -0.031975
vn -0.902529 0.427543 -0.051464
vn -0.918074 0.390658 -0.067275
vn -0.832289 0.553840 -0.023578
vn -0.857081 0.513117 -0.046079
vn -0.869092 0.491173 -0.058550
vn -0.719206 0.694767 -0.006403
vn -0.739364 0.672451 -0.033930
vn -0.779392 0.626435 -0.011234
vn -0.803751 0.593574 -0.040679
vn -0.066524 0.000038 0.997785
vn -0.647075 0.762421 0.002780
vn -0.668780 0.743002 -0.026117
vn -0.738673 0.673167 -0.034765
vn -0.568386 0.822686 0.011178
vn -0.593952 0.804282 -0.018733
vn -0.658611 0.751807 -0.031896
vn -0.484020 0.874858 0.018662
vn -0.513842 0.857807 -0.011591
vn -0.570073 0.821146 -0.027130
vn -0.394826 0.918419 0.024891
vn -0.428641 0.903461 -0.004992
vn -0.474452 0.880054 -0.020012
vn -0.301369 0.953036 0.029989
vn -0.339373 0.940651 0.001092
vn -0.373271 0.927649 -0.011689
vn -0.023413 0.998851 0.041810
vn -0.084145 0.996306 0.017133
vn -0.123120 0.991673 0.037765
vn -0.154386 0.987941 0.011753
vn -0.212461 0.976444 0.037664
vn -0.247264 0.968925 0.006650
vn -0.066524 0.000038 0.997785
vn 0.078285 0.995830 0.046851
vn 0.049959 0.998428 0.025400
vn -0.046356 0.998790 0.016444
vn 0.179576 0.982323 0.052854
vn 0.146701 0.988636 0.032819
vn 0.066249 0.997592 0.020503
vn 0.278596 0.958558 0.059585
vn 0.242400 0.969329 0.040532
vn 0.177718 0.983709 0.027057
vn 0.373947 0.925068 0.066434
vn 0.335316 0.940869 0.048260
vn 0.286454 0.957443 0.035326
vn 0.464843 0.882384 0.072936
vn 0.424474 0.903732 0.055599
vn 0.391858 0.918942 0.044635
vn 0.691213 0.717421 0.086782
vn 0.643580 0.761854 0.073373
vn 0.616895 0.782728 0.082328
vn 0.589126 0.805158 0.068198
vn 0.544574 0.834899 0.079893
vn 0.509804 0.858020 0.062462
vn 0.492083 0.868810 0.054990
vn 0.759472 0.644185 0.090709
vn 0.739037 0.668876 0.080185
vn 0.672301 0.736648 0.073211
vn 0.820085 0.564530 0.093631
vn 0.800145 0.593776 0.084838
vn 0.750830 0.656075 0.076288
vn 0.872556 0.479049 0.095699
vn 0.853811 0.512984 0.088624
vn 0.819429 0.567640 0.079510
vn 0.916223 0.388729 0.097089
vn 0.899292 0.427652 0.091591
vn 0.877770 0.471859 0.082877
vn 0.950807 0.294007 0.097599
vn 0.936648 0.337490 0.093756
vn 0.924836 0.370396 0.086516
vn 0.977311 0.188022 0.097522
vn 0.964937 0.244852 0.094575
vn 0.960624 0.262955 0.089756
vn 0.989112 0.109106 0.098763
vn 0.984710 0.145545 0.095723
vn 0.984184 0.150649 0.093205
vn 0.994949 0.011817 0.099680
vn -0.042647 0.194051 0.980064
vn -0.096384 0.202740 0.974478
vn -0.056831 0.164075 0.984810
vn -0.064993 0.247227 0.966775
vn -0.034372 0.297831 0.954000
vn -0.054065 0.304574 0.950953
vn -0.045700 0.326229 0.944185
vn -0.014083 0.382383 0.923897
vn -0.046832 0.333130 0.941717
vn -0.051263 0.521304 0.851830
vn -0.051263 0.521301 0.851832
vn -0.021393 0.546247 0.837351
vn -0.078127 0.481835 0.872772
vn -0.032307 0.459388 0.887648
vn -0.094061 0.435956 0.895039
vn -0.041364 0.411550 0.910448
vn -0.042000 0.607842 0.792947
vn -0.008997 0.628762 0.777546
vn -0.097345 0.637761 0.764059
vn -0.055585 0.673374 0.737210
vn 0.003111 0.704432 0.709764
vn -0.043993 0.707238 0.705606
vn -0.026949 0.725942 0.687227
vn 0.014302 0.772595 0.634739
vn -0.034935 0.785886 0.617383
vn 0.030302 0.874287 0.484463
vn -0.019932 0.855288 0.517769
vn 0.029598 0.828567 0.559107
vn -0.069507 0.809389 0.583145
vn -0.034935 0.785887 0.617382
vn 0.037487 0.917821 0.395221
vn -0.009855 0.907439 0.420068
vn -0.019743 0.856624 0.515564
vn 0.038063 0.955636 0.292082
vn -0.056024 0.939276 0.338559
vn -0.015663 0.909109 0.416264
vn 0.025694 0.980830 0.193166
vn -0.010711 0.958620 0.284489
vn -0.019173 0.952050 0.305340
vn 0.001111 0.977952 0.208828
vn 0.043312 0.978189 0.203153
vn -0.044933 0.989944 0.134131
vn 0.042335 0.993918 0.101662
vn -0.010521 0.997264 0.073175
vn 0.003133 0.998538 0.053959
vn 0.042367 0.999066 0.008503
vn 0.009871 0.998973 -0.044217
vn 0.010651 0.998891 -0.045872
vn 0.029690 0.996373 -0.079750
vn 0.013269 0.998944 -0.043988
vn -0.040007 0.989159 -0.141297
vn 0.018218 0.983007 -0.182665
vn -0.005021 0.986562 -0.163311
vn -0.034680 0.936401 -0.349214
vn 0.008994 0.960476 -0.278218
vn -0.000458 0.958019 -0.286704
vn 0.015916 0.964717 -0.262809
vn 0.011920 0.977419 -0.210975
vn 0.001394 0.925477 -0.378803
vn -0.008285 0.924764 -0.380451
vn 0.011337 0.907400 -0.420115
vn -0.006259 0.884501 -0.466496
vn 0.026401 0.868259 -0.495407
vn 0.043805 0.748479 -0.661711
vn 0.004676 0.803009 -0.595949
vn -0.038480 0.776912 -0.628433
vn -0.035166 0.812395 -0.582047
vn -0.024829 0.836901 -0.546791
vn 0.019073 0.861120 -0.508043
vn 0.026401 0.868260 -0.495407
vn -0.065020 0.706681 -0.704538
vn 0.028967 0.730669 -0.682117
vn 0.057700 0.727381 -0.683803
vn 0.037903 0.545793 -0.837063
vn 0.037903 0.545794 -0.837062
vn -0.094508 0.558291 -0.824245
vn 0.020709 0.602751 -0.797661
vn -0.089083 0.639179 -0.763881
vn 0.004057 0.646293 -0.763079
vn -0.019319 0.663608 -0.747831
vn 0.014966 0.517349 -0.855644
vn -0.118452 0.470671 -0.874321
vn -0.024499 0.454398 -0.890462
vn 0.001750 0.433743 -0.901035
vn -0.144638 0.379480 -0.913824
vn 0.055477 0.333753 -0.941027
vn -0.168818 0.287653 -0.942739
vn -0.193482 0.198222 -0.960871
vn -0.008241 0.223949 -0.974566
vn -0.012326 0.237445 -0.971323
vn 0.030104 0.334742 -0.941829
vn 0.055478 0.333751 -0.941027
vn -0.208168 0.108813 -0.972022
vn 0.026123 0.117177 -0.992767
vn 0.042036 0.155965 -0.986868
vn -0.011721 -0.044679 -0.998933
vn -0.025667 -0.006135 -0.999652
vn -0.220759 -0.001513 -0.975327
vn -0.009844 0.050743 -0.998663
vn 0.033592 0.102799 -0.994135
vn 0.041009 -0.133368 -0.990218
vn 0.041009 -0.133367 -0.990218
vn -0.194902 -0.112517 -0.974348
vn 0.036721 -0.356329 -0.933639
vn 0.050396 -0.333944 -0.941245
vn -0.154837 -0.292485 -0.943652
vn -0.013428 -0.248863 -0.968446
vn -0.010911 -0.216931 -0.976126
vn -0.007460 -0.451153 -0.892416
vn 0.044429 -0.362494 -0.930927
vn -0.144274 -0.390231 -0.909343
vn 0.041801 -0.571297 -0.819678
vn 0.041801 -0.571293 -0.819681
vn -0.094941 -0.561625 -0.821927
vn -0.087749 -0.639610 -0.763675
vn -0.028864 -0.662296 -0.748686
vn 0.026518 -0.594348 -0.803771
vn -0.057886 -0.709115 -0.702713
vn 0.008347 -0.696544 -0.717466
vn -0.027825 -0.815347 -0.578303
vn 0.043324 -0.748162 -0.662100
vn -0.041480 -0.780594 -0.623660
vn 0.036470 -0.746702 -0.664158
vn 0.037041 -0.875788 -0.481272
vn -0.032611 -0.882011 -0.470100
vn 0.024998 -0.889720 -0.455822
vn -0.032463 -0.920025 -0.390512
vn 0.015457 -0.904257 -0.426709
vn -0.048440 -0.931286 -0.361055
vn -0.007582 -0.956623 -0.291231
vn 0.020048 -0.968603 -0.247802
vn -0.017588 -0.939389 -0.342402
vn 0.013175 -0.978123 -0.207611
vn 0.024275 -0.968580 -0.247515
vn 0.015974 -0.969150 -0.245956
vn 0.027291 -0.993354 -0.111818
vn -0.045516 -0.989746 -0.135396
vn -0.039630 -0.990077 -0.134825
vn 0.008358 -0.999873 -0.013552
vn 0.008358 -0.999873 -0.013552
vn 0.036667 -0.999275 -0.010217
vn 0.006246 -0.998930 -0.045824
vn -0.015998 -0.989552 0.143286
vn -0.065710 -0.992001 0.107782
vn 0.041251 -0.994943 0.091577
vn 0.001558 -0.998774 0.049484
vn 0.005774 -0.973176 0.229989
vn 0.000275 -0.975115 0.221701
vn 0.044189 -0.980762 0.190140
vn 0.045629 -0.959826 0.276860
vn 0.003244 -0.968691 0.248250
vn -0.057944 -0.938922 0.339217
vn -0.008958 -0.902197 0.431232
vn -0.061845 -0.941465 0.331388
vn 0.039768 -0.929933 0.365573
vn -0.022346 -0.856796 0.515171
vn -0.012733 -0.895833 0.444208
vn 0.034475 -0.888648 0.457292
vn -0.012732 -0.895834 0.444206
vn -0.036386 -0.803837 0.593735
vn -0.088060 -0.829706 0.551211
vn 0.027020 -0.838096 0.544853
vn -0.027691 -0.736067 0.676342
vn -0.030002 -0.766485 0.641561
vn 0.017202 -0.778889 0.626926
vn -0.030003 -0.766487 0.641559
vn -0.067459 -0.676284 0.733545
vn -0.098285 -0.674656 0.731560
vn 0.005642 -0.711527 0.702636
vn -0.005242 -0.638486 0.769615
vn -0.037731 -0.594158 0.803463
vn -0.032895 -0.488426 0.871985
vn -0.009128 -0.587505 0.809169
vn -0.040725 -0.594180 0.803300
vn -0.040067 -0.595820 0.802118
vn -0.046348 -0.331820 0.942204
vn -0.060823 -0.053324 0.996723
vn -0.062671 -0.060440 0.996203
vn -0.046370 -0.099798 0.993927
vn -0.059032 -0.104632 0.992758
vn -0.060416 0.058047 0.996484
vn -0.082687 0.002149 0.996573
vn -0.045515 -0.007165 0.998938
vn -0.066524 0.000038 0.997785
vn -0.159357 -0.000684 0.987221
vn 0.995992 0.088402 0.013611
vn 0.943195 0.332134 -0.008394
vn 0.966102 0.258158 0.001415
vn 0.981700 0.189284 0.020886
vn 0.958611 0.284385 0.013756
vn 0.975131 0.216862 0.045716
vn 0.946910 0.319193 0.038433
vn 0.957480 0.281292 0.064082
vn 0.920894 0.386236 0.052686
vn 0.991887 0.116032 0.051921
vn 0.988221 0.126684 0.085850
vn 0.975696 0.204238 0.079397
vn 0.995102 0.095703 0.024751
vn 0.825101 0.564163 -0.030482
vn 0.611726 0.790084 -0.039484
vn 0.109981 0.993779 -0.017559
vn 0.871566 0.490255 -0.004811
vn 0.798051 0.602482 -0.011397
vn 0.840106 0.542129 0.017853
vn 0.759347 0.650538 0.013865
vn 0.799424 0.600520 0.017232
vn 0.701189 0.712734 0.018563
vn 0.712598 0.701473 -0.011822
vn 0.577094 0.816662 -0.005141
vn 0.670291 0.741903 0.017042
vn 0.536703 0.843233 0.030156
vn 0.607302 0.794149 0.022606
vn 0.480094 0.876434 0.037052
vn 0.998572 -0.001341 0.053413
vn 0.996126 -0.032793 0.081595
vn 0.995205 0.051727 0.083014
vn 0.995478 -0.003301 0.094939
vn 0.992460 0.075944 0.096203
vn 0.953439 0.290437 0.081249
vn 0.931088 0.357652 0.071838
vn 0.890037 0.451554 0.062725
vn 0.849396 0.525400 0.049815
vn 0.994835 -0.011467 0.100855
vn 0.851001 0.522758 0.050203
vn 0.803646 0.593780 0.039727
vn 0.756645 0.653091 0.030989
vn 0.933955 0.357263 -0.009593
vn 0.920259 0.391293 0.003724
vn 0.899296 0.436473 0.027534
vn 0.858659 0.511697 0.029519
vn 0.398195 0.916827 0.029459
vn 0.524194 0.851429 0.017002
vn 0.365300 0.930792 0.013483
vn 0.093549 0.994626 0.044353
vn 0.339183 0.938915 0.058248
vn 0.095522 0.990444 0.099476
vn 0.306111 0.949570 0.067916
vn 0.101116 0.988397 0.113343
vn 0.253480 0.965187 0.064515
vn 0.089681 0.990421 0.104991
vn 0.980964 0.170581 0.092795
vn 0.974315 0.202982 0.097514
vn 0.959630 0.266696 0.089353
vn 0.951990 0.290572 0.096351
vn 0.926677 0.365063 0.089437
vn 0.919139 0.382053 0.096018
vn 0.884884 0.458394 0.082801
vn 0.877506 0.470261 0.094016
vn 0.837979 0.540378 0.076049
vn 0.827662 0.553727 0.091447
vn 0.783579 0.617461 0.068892
vn 0.770119 0.631763 0.088277
vn 0.722047 0.689087 0.061696
vn 0.705436 0.703717 0.084512
vn 0.653640 0.754814 0.054865
vn 0.634137 0.769050 0.080196
vn 0.571459 0.819173 0.048890
vn 0.556083 0.827433 0.078267
vn 0.482353 0.873739 0.062579
vn 0.486879 0.872845 0.033020
vn 0.391752 0.918371 0.055891
vn 0.396043 0.917663 0.032333
vn 0.296873 0.953428 0.053315
vn 0.295706 0.954584 0.036432
vn 0.194879 0.979364 0.053566
vn 0.184913 0.981630 0.047001
vn 0.087872 0.994470 0.057524
vn 0.074455 0.995279 0.062256
vn -0.019297 0.997705 0.064903
vn -0.034391 0.996459 0.076726
vn 0.218792 0.974759 0.044444
vn 0.344136 0.938460 0.029390
vn 0.448764 0.893410 0.020727
vn 0.541082 0.840746 0.019415
vn 0.621958 0.782706 0.023215
vn 0.693471 0.719844 0.030377
vn 0.756735 0.652518 0.039651
vn 0.812301 0.581087 0.050058
vn 0.860455 0.505885 0.060803
vn 0.901265 0.427379 0.071195
vn 0.934134 0.348103 0.078854
vn 0.479600 0.873760 0.080794
vn 0.397025 0.914761 0.074723
vn 0.304420 0.950034 0.069016
vn 0.206695 0.976323 0.063807
vn 0.105021 0.992653 0.060085
vn 0.002575 0.998294 0.058330
vn 0.259050 0.964810 0.045117
vn 0.095263 0.992096 0.081678
vn -0.045788 0.991413 0.122489
vn -0.171322 0.971321 0.164875
vn -0.163667 0.983276 0.079890
vn -0.133628 0.980548 0.143769
vn -0.092604 0.982198 0.163435
vn -0.072790 0.985467 0.153483
vn -0.593785 0.804594 0.006937
vn -0.380479 0.924074 0.036363
vn -0.549653 0.819233 0.163523
vn -0.587029 0.806246 0.073238
vn -0.897386 0.400434 0.185339
vn -0.808157 0.559619 0.183600
vn -0.680143 0.703290 0.206854
vn -0.541300 0.803185 0.248773
vn -0.421808 0.879193 0.221581
vn -0.370816 0.893589 0.252971
vn -0.923313 0.288588 0.253397
vn -0.863799 0.440838 0.243954
vn -0.763863 0.592305 0.256297
vn -0.644720 0.708085 0.288015
vn -0.464785 0.836406 0.290517
vn -0.322944 0.914174 0.244934
vn -0.918045 0.120607 0.377687
vn -0.930753 0.098178 0.352221
vn -0.909649 0.228771 0.346703
vn -0.930636 0.190285 0.312582
vn -0.893944 0.332801 0.300180
vn -0.909253 0.138395 0.392562
vn -0.890252 0.259623 0.374228
vn -0.862721 0.370487 0.344168
vn -0.823531 0.478870 0.304105
vn -0.889881 0.147612 0.431651
vn -0.863713 0.277605 0.420637
vn -0.825851 0.396696 0.400753
vn -0.775629 0.510640 0.371008
vn -0.706688 0.625359 0.330936
vn -0.863118 0.147094 0.483106
vn -0.835131 0.288070 0.468585
vn -0.790468 0.417065 0.448573
vn -0.729635 0.540833 0.418489
vn -0.660684 0.645796 0.382681
vn -0.569037 0.748846 0.339745
vn -0.360739 0.925670 0.114029
vn -0.312267 0.931916 0.184452
vn -0.249763 0.945111 0.210673
vn -0.210321 0.956752 0.200975
vn -0.098187 0.993470 0.058108
vn -0.123021 0.989599 0.074558
vn -0.131829 0.986653 0.095588
vn -0.141219 0.983251 0.115218
vn -0.173073 0.973636 0.148592
vn -0.280136 0.937572 0.206115
vn -0.415898 0.863657 0.284825
vn -0.196052 0.978843 0.058572
vn -0.290703 0.954994 0.058967
vn -0.222183 0.971266 0.085306
vn -0.316699 0.943624 0.096308
vn -0.233063 0.965415 0.116859
vn -0.328050 0.934464 0.138423
vn -0.244513 0.958830 0.144425
vn -0.339684 0.924398 0.173502
vn -0.276778 0.942866 0.185467
vn -0.369890 0.902433 0.220899
vn -0.374780 0.894141 0.245054
vn -0.457676 0.843505 0.281127
vn -0.473584 0.824346 0.310117
vn -0.562456 0.747241 0.353941
vn -0.381656 0.922432 0.058804
vn -0.406499 0.907362 0.107015
vn -0.416975 0.894803 0.159559
vn -0.427300 0.881337 0.201643
vn -0.453714 0.854104 0.254263
vn -0.530625 0.787280 0.314050
vn -0.643749 0.655485 0.394875
vn -0.468562 0.881538 0.057791
vn -0.491360 0.863050 0.117089
vn -0.499820 0.847267 0.179773
vn -0.507666 0.830757 0.228292
vn -0.529007 0.799286 0.285121
vn -0.586478 0.737118 0.335710
vn -0.550821 0.832755 0.055813
vn -0.570947 0.811211 0.126322
vn -0.576439 0.792609 0.198718
vn -0.580914 0.773626 0.253067
vn -0.596406 0.739040 0.313240
vn -0.649124 0.662327 0.374114
vn -0.714436 0.549508 0.433154
vn -0.627985 0.776428 0.052859
vn -0.699413 0.713034 0.049031
vn -0.644865 0.752351 0.134600
vn -0.712689 0.686985 0.141868
vn -0.646620 0.731546 0.216154
vn -0.710143 0.664764 0.231915
vn -0.647088 0.710819 0.275706
vn -0.706212 0.643135 0.296043
vn -0.656275 0.674348 0.338463
vn -0.708995 0.605958 0.360751
vn -0.695331 0.606031 0.386318
vn -0.740488 0.526887 0.417215
vn -0.781503 0.416301 0.464701
vn -0.851508 0.235836 0.468312
vn -0.849800 0.185109 0.493533
vn -0.828813 0.277932 0.485616
vn -0.853364 0.307280 0.421128
vn -0.834605 0.317059 0.450454
vn -0.826821 0.384832 0.410209
vn -0.807187 0.384069 0.448263
vn -0.794038 0.460694 0.396565
vn -0.777079 0.464908 0.424274
vn -0.754822 0.534573 0.380098
vn -0.897075 0.254411 0.361292
vn -0.872772 0.337029 0.353100
vn -0.841557 0.417699 0.342504
vn -0.803415 0.495957 0.329470
vn -0.758309 0.571301 0.313978
vn -0.940745 0.179367 0.287795
vn -0.921051 0.267386 0.283144
vn -0.893664 0.353314 0.276648
vn -0.858724 0.436600 0.268280
vn -0.816382 0.516665 0.258026
vn -0.766794 0.592928 0.245893
vn -0.981385 0.095546 0.166600
vn -0.967782 0.189812 0.165436
vn -0.945350 0.282037 0.163614
vn -0.914391 0.371421 0.161047
vn -0.875251 0.457253 0.157654
vn -0.828313 0.538867 0.153363
vn -0.773982 0.615641 0.148116
vn -0.999599 0.007100 0.027398
vn -0.993166 0.115204 0.018681
vn -0.976955 0.212393 0.021147
vn -0.951401 0.306956 0.024794
vn -0.916882 0.398082 0.029303
vn -0.873906 0.484882 0.034318
vn -0.822948 0.566742 0.039494
vn -0.764615 0.642950 0.044493
vn -0.932034 -0.188452 0.309513
vn -0.924534 -0.287271 0.250424
vn -0.898437 -0.399000 0.183331
vn -0.841073 -0.528288 0.116226
vn -0.866501 -0.437009 0.241248
vn -0.866877 -0.363340 0.341333
vn -0.867361 -0.265866 0.420713
vn -0.731588 -0.679573 0.054399
vn -0.811350 -0.555394 0.182341
vn -0.828648 -0.471221 0.302147
vn -0.831376 -0.384165 0.401535
vn -0.838849 -0.272986 0.470968
vn -0.595526 -0.803198 0.014879
vn -0.711226 -0.692007 0.123626
vn -0.770009 -0.584546 0.255719
vn -0.783038 -0.497807 0.372881
vn -0.796652 -0.401132 0.452150
vn -0.822193 -0.303083 0.481808
vn 0.874028 -0.485186 -0.025884
vn 0.915153 -0.402705 -0.017972
vn 0.848166 -0.528637 -0.034012
vn 0.778631 -0.626270 -0.038982
vn 0.772641 -0.633453 -0.041989
vn 0.616195 -0.786657 -0.038394
vn 0.648729 -0.759245 -0.051940
vn 0.402033 -0.915042 -0.032681
vn 0.440748 -0.895711 -0.058672
vn 0.112904 -0.993487 -0.015402
vn 0.149789 -0.987102 -0.056513
vn -0.168679 -0.985618 0.010216
vn -0.144046 -0.988620 -0.043367
vn -0.384776 -0.922210 0.038433
vn -0.375103 -0.926693 -0.023175
vn -0.585134 -0.806712 0.082674
vn 0.757444 -0.652843 -0.008617
vn 0.580359 -0.814348 -0.004634
vn 0.369390 -0.929159 0.014653
vn 0.095209 -0.994383 0.046235
vn -0.166075 -0.982690 0.082093
vn -0.365892 -0.923387 0.116104
vn -0.544549 -0.823787 0.157612
vn -0.665751 -0.717239 0.205776
vn 0.972658 -0.232244 0.000381
vn 0.965721 -0.259579 0.001228
vn 0.688706 -0.724697 0.022322
vn 0.846215 -0.532689 0.012756
vn 0.758671 -0.651327 0.013826
vn 0.858940 -0.512044 -0.005737
vn 0.918873 -0.394541 0.003075
vn 0.933919 -0.357350 -0.009803
vn 0.938107 -0.346163 -0.011256
vn 0.605266 -0.795729 0.021622
vn 0.651562 -0.758379 0.018100
vn 0.479757 -0.876644 0.036460
vn 0.538159 -0.842305 0.030112
vn 0.306976 -0.949272 0.068183
vn 0.341376 -0.938049 0.059381
vn 0.100426 -0.988278 0.114988
vn 0.095593 -0.990182 0.101984
vn -0.096644 -0.981310 0.166407
vn -0.137214 -0.979547 0.147177
vn -0.256621 -0.942419 0.214457
vn -0.318603 -0.929036 0.188109
vn -0.379002 -0.888974 0.257066
vn -0.449995 -0.864458 0.224092
vn -0.473147 -0.830265 0.294606
vn -0.558371 -0.788556 0.257687
vn -0.571031 -0.748513 0.337124
vn -0.637967 -0.706418 0.306550
vn -0.652724 -0.654621 0.381344
vn -0.873570 -0.010225 0.486591
vn -0.867516 0.005476 0.497379
vn -0.863535 -0.071238 0.499232
vn -0.880166 0.000860 0.474665
vn -0.877383 -0.077048 0.473563
vn -0.896043 -0.010184 0.443850
vn -0.895011 -0.085246 0.437822
vn -0.849914 -0.186447 0.492832
vn -0.871645 -0.148212 0.467192
vn -0.853813 -0.224155 0.469848
vn -0.885534 -0.165645 0.434040
vn -0.870033 -0.245110 0.427743
vn -0.848503 -0.323426 0.418854
vn -0.820872 -0.400362 0.407283
vn -0.811355 -0.371867 0.451020
vn -0.784357 -0.448157 0.428882
vn -0.772407 -0.439737 0.458279
vn -0.839136 -0.300554 0.453341
vn -0.738495 -0.524861 0.423257
vn -0.715925 -0.612985 0.334217
vn -0.868791 0.156432 0.469820
vn -0.873758 0.228393 0.429398
vn -0.888072 0.148336 0.435113
vn -0.914460 0.170245 0.367123
vn -0.924883 0.084958 0.370640
vn -0.952604 0.089856 0.290639
vn -0.951324 -0.000374 0.308192
vn -0.981299 -0.000214 0.192492
vn -0.952507 -0.090360 0.290803
vn -0.981329 -0.095740 0.166814
vn -0.940602 -0.179602 0.288117
vn -0.967720 -0.189769 0.165846
vn -0.920920 -0.267340 0.283613
vn -0.945333 -0.281755 0.164195
vn -0.893602 -0.352999 0.277249
vn -0.914468 -0.370917 0.161769
vn -0.858783 -0.436044 0.268993
vn -0.875464 -0.456559 0.158485
vn -0.816606 -0.515909 0.258830
vn -0.828692 -0.538024 0.154269
vn -0.767213 -0.592024 0.246763
vn -0.774547 -0.614701 0.149062
vn -0.710777 -0.663770 0.232822
vn -0.713447 -0.686000 0.142822
vn -0.647474 -0.730520 0.217069
vn -0.645810 -0.751373 0.135528
vn -0.577505 -0.791608 0.199610
vn -0.572064 -0.810287 0.127192
vn -0.501079 -0.846346 0.180608
vn -0.492622 -0.862224 0.117871
vn -0.418391 -0.894009 0.160304
vn -0.407871 -0.906667 0.107682
vn -0.329569 -0.933837 0.139046
vn -0.318133 -0.943087 0.096838
vn -0.234602 -0.964985 0.117332
vn -0.223610 -0.970905 0.085684
vn -0.133248 -0.986433 0.095892
vn -0.124341 -0.989418 0.074780
vn -0.035541 -0.996407 0.076876
vn -0.036964 -0.995423 0.088135
vn -0.142755 -0.982984 0.115599
vn -0.246180 -0.958318 0.144989
vn -0.341302 -0.923669 0.174210
vn -0.428770 -0.880437 0.202454
vn -0.508931 -0.829742 0.229167
vn -0.581942 -0.772557 0.253968
vn -0.647868 -0.709760 0.276601
vn -0.706747 -0.642151 0.296903
vn -0.758615 -0.570455 0.314777
vn -0.803522 -0.495307 0.330186
vn -0.841506 -0.417295 0.343121
vn -0.872614 -0.336910 0.353605
vn -0.896867 -0.254599 0.361674
vn -0.914264 -0.170746 0.367378
vn -0.924759 -0.085754 0.370766
vn -0.923977 -0.000523 0.382447
vn -0.896277 0.067438 0.438338
vn -0.877284 0.078985 0.473428
vn -0.863156 0.077832 0.498902
vn -0.994955 -0.098601 0.018508
vn -0.980418 -0.195828 0.020789
vn -0.956531 -0.290616 0.024308
vn -0.923692 -0.382056 0.028747
vn -0.882357 -0.469367 0.033765
vn -0.833035 -0.551843 0.039008
vn -0.776256 -0.628871 0.044142
vn -0.712582 -0.699885 0.048861
vn -0.642564 -0.764403 0.052916
vn -0.566762 -0.821968 0.056111
vn -0.485711 -0.872171 0.058334
vn -0.399942 -0.914604 0.059554
vn -0.309923 -0.948875 0.059860
vn -0.216089 -0.974560 0.059481
vn 0.999662 -0.002223 0.025913
vn -0.150359 -0.978808 0.139023
vn -0.175033 -0.970598 0.165237
vn -0.257273 -0.950181 0.175974
vn -0.284805 -0.935975 0.206972
vn -0.352919 -0.911351 0.211867
vn -0.379714 -0.891740 0.246207
vn -0.438728 -0.864326 0.245884
vn -0.462482 -0.840439 0.282440
vn -0.515732 -0.810558 0.277520
vn -0.535055 -0.783727 0.315419
vn -0.584586 -0.751228 0.306455
vn -0.598792 -0.722765 0.345049
vn -0.645791 -0.687307 0.332512
vn -0.658257 -0.650050 0.379648
vn -0.699715 -0.619630 0.355609
vn -0.705843 -0.589494 0.392789
vn -0.746692 -0.548884 0.375737
vn 0.620855 -0.783800 0.014041
vn 0.667932 -0.744116 0.012596
vn 0.768245 -0.639722 0.023576
vn 0.816792 -0.576108 0.030830
vn 0.895759 -0.443828 0.025140
vn 0.543087 -0.839435 0.020140
vn 0.428412 -0.903028 0.031677
vn 0.280912 -0.957964 0.058257
vn 0.109383 -0.989001 0.099564
vn -0.058033 -0.987273 0.148071
vn -0.201263 -0.959661 0.196328
vn -0.317896 -0.916961 0.241089
vn -0.413267 -0.865949 0.281679
vn -0.492601 -0.810037 0.318095
vn -0.570937 -0.738208 0.359277
vn -0.636108 -0.665782 0.390000
vn -0.702494 -0.571962 0.423511
vn 0.105463 -0.992251 0.065700
vn 0.241095 -0.969381 0.046622
vn 0.219328 -0.974695 0.043181
vn 0.371821 -0.927976 0.024700
vn -0.786999 -0.475638 0.392940
vn -0.746912 -0.514401 0.421324
vn 0.553391 -0.832754 0.016721
vn 0.881382 -0.469865 0.048912
vn 0.825567 -0.563017 0.038083
vn 0.884671 -0.463040 0.054331
vn 0.967146 -0.243940 0.071572
vn 0.813988 -0.578351 0.054165
vn 0.837569 -0.544691 0.042321
vn 0.758969 -0.649645 0.043895
vn 0.788075 -0.614765 0.031642
vn 0.696473 -0.716751 0.034542
vn 0.083614 -0.994558 0.062147
vn -0.118762 -0.991177 0.058850
vn -0.018328 -0.998111 0.058643
vn -0.020376 -0.997678 0.064995
vn 0.087079 -0.994538 0.057547
vn 0.210480 -0.976559 0.045055
vn 0.336811 -0.941145 0.028346
vn 0.450929 -0.892385 0.017650
vn -0.020014 -0.999574 0.021262
vn 0.009754 -0.999052 0.042440
vn 0.084149 -0.994662 0.059729
vn 0.194260 -0.979485 0.053585
vn 0.318101 -0.947321 0.037334
vn 0.422953 -0.905867 0.022707
vn 0.541978 -0.836152 0.084323
vn 0.628749 -0.773561 0.079231
vn 0.545609 -0.835409 0.066348
vn 0.586469 -0.808546 0.048025
vn 0.479536 -0.875450 0.060272
vn 0.465713 -0.881423 0.078773
vn 0.377549 -0.923098 0.073119
vn 0.047854 -0.998548 0.024739
vn 0.101260 -0.993597 0.050122
vn 0.186074 -0.980531 0.062734
vn 0.284348 -0.956343 0.067494
vn 0.296308 -0.953601 0.053357
vn 0.391220 -0.918595 0.055954
vn 0.415530 -0.908893 0.035327
vn 0.504136 -0.862815 0.037378
vn 0.626009 -0.779347 0.027022
vn 0.742129 -0.669808 0.024543
vn 0.662755 -0.746797 0.055223
vn 0.719521 -0.691533 0.063812
vn 0.781168 -0.620259 0.071103
vn 0.704555 -0.704368 0.086419
vn 0.769034 -0.632812 0.090197
vn 0.957232 -0.289015 0.013321
vn 0.980694 -0.194447 0.020727
vn 0.943979 -0.327982 0.036486
vn 0.974360 -0.220447 0.045004
vn 0.932026 -0.357243 0.060865
vn 0.925460 -0.372713 0.067896
vn 0.902159 -0.424912 0.074565
vn 0.882899 -0.461831 0.084861
vn 0.914879 -0.393498 0.090307
vn 0.951893 -0.291029 0.095926
vn 0.962802 -0.253700 0.093003
vn 0.861691 -0.503304 0.064610
vn 0.835742 -0.543520 0.078240
vn 0.826479 -0.555182 0.093297
vn 0.913906 -0.394056 0.097445
vn 0.876340 -0.472087 0.095718
vn 0.989775 -0.119135 0.078433
vn 0.981935 -0.166422 0.090040
vn 0.992183 -0.082353 0.093758
vn 0.978305 -0.183092 0.096933
vn 0.990539 -0.094316 0.099680
vn 0.976651 -0.190520 0.099271
vn 0.990471 -0.094478 0.100208
vn 0.995813 -0.090389 0.013676
vn 0.994613 -0.100653 0.024766
vn 0.992254 -0.113838 0.049727
vn -0.436833 -0.176041 -0.882149
vn -0.201530 -0.202623 -0.958295
vn -0.456097 -0.088626 -0.885506
vn -0.707658 -0.139669 -0.692613
vn -0.680248 -0.213760 -0.701119
vn -0.907707 -0.122634 -0.401284
vn -0.884456 -0.180939 -0.430116
vn -0.977007 -0.082746 -0.196495
vn -0.963658 -0.128817 -0.234029
vn -0.998651 -0.045833 0.024399
vn -0.993669 -0.081270 -0.077570
vn -0.991095 -0.033661 0.128833
vn -0.992791 -0.050557 0.108678
vn -0.997825 -0.061256 0.024338
vn -0.408545 -0.263182 -0.873972
vn -0.639696 -0.295110 -0.709718
vn -0.848175 -0.253511 -0.465115
vn -0.939896 -0.192610 -0.281950
vn -0.986357 -0.125900 -0.106058
vn -0.995055 -0.099194 -0.005062
vn -0.993168 -0.080016 0.084942
vn -0.373015 -0.352346 -0.858320
vn -0.330536 -0.442309 -0.833732
vn -0.585542 -0.383798 -0.714030
vn -0.518228 -0.477482 -0.709543
vn -0.794275 -0.342354 -0.501917
vn -0.717714 -0.447051 -0.533885
vn -0.898753 -0.279184 -0.338083
vn -0.830480 -0.391035 -0.396730
vn -0.965317 -0.200592 -0.167111
vn -0.920987 -0.307335 -0.239431
vn -0.984686 -0.163737 -0.059857
vn -0.957423 -0.259102 -0.127308
vn -0.990595 -0.130031 0.042593
vn -0.972517 -0.232189 -0.017290
vn -0.897623 -0.390688 -0.204048
vn -0.836716 -0.447767 -0.315296
vn -0.725278 -0.523700 -0.446890
vn -0.615701 -0.562230 -0.552096
vn -0.439862 -0.572475 -0.691949
vn -0.282545 -0.530732 -0.799057
vn -0.273823 -0.802258 -0.530475
vn -0.126779 -0.818984 -0.559636
vn -0.150725 -0.763958 -0.627415
vn -0.180794 -0.694205 -0.696701
vn -0.270812 -0.737597 -0.618556
vn -0.024208 -0.979688 -0.199064
vn 0.125097 -0.983731 -0.128937
vn 0.035910 -0.978980 -0.200772
vn 0.124228 -0.985332 -0.117001
vn 0.063212 -0.978071 -0.198449
vn 0.103725 -0.988897 -0.106414
vn 0.055518 -0.979310 -0.194603
vn 0.063846 -0.993142 -0.097938
vn 0.029643 -0.981041 -0.191522
vn -0.256563 -0.947617 -0.190257
vn -0.224470 -0.946963 -0.229943
vn -0.388191 -0.891356 -0.234077
vn -0.175952 -0.953135 -0.246118
vn -0.354227 -0.894022 -0.274315
vn -0.080063 -0.961102 -0.264335
vn -0.232007 -0.920551 -0.314259
vn -0.024616 -0.961309 -0.274369
vn -0.149601 -0.928038 -0.341123
vn -0.015933 -0.960101 -0.279201
vn -0.117543 -0.926461 -0.357567
vn -0.019230 -0.958988 -0.282793
vn -0.085745 -0.925056 -0.370027
vn -0.557620 -0.810823 -0.177839
vn -0.587591 -0.773496 -0.237571
vn -0.756512 -0.629811 -0.176149
vn -0.547308 -0.790752 -0.274163
vn -0.724820 -0.645728 -0.240147
vn -0.418899 -0.841985 -0.339979
vn -0.617556 -0.714528 -0.328747
vn -0.316491 -0.864901 -0.389590
vn -0.511922 -0.757481 -0.405165
vn -0.252632 -0.870078 -0.423251
vn -0.414495 -0.782028 -0.465431
vn -0.171468 -0.876424 -0.449978
vn -0.095456 -0.871209 -0.481542
vn 0.171360 -0.984834 -0.027146
vn 0.135811 -0.990618 -0.015193
vn 0.086830 -0.996219 -0.002783
vn -0.960695 -0.276734 0.021988
vn -0.948022 -0.313317 -0.055558
vn -0.925759 -0.355592 -0.128549
vn -0.969141 -0.223251 0.104518
vn -0.966262 -0.191333 0.172425
vn -0.953809 -0.266517 0.138626
vn -0.960101 -0.013823 0.279313
vn -0.940323 0.009732 0.340145
vn -0.941358 -0.043873 0.334545
vn -0.929571 0.007254 0.368572
vn -0.931875 -0.092123 0.350889
vn -0.921685 0.001822 0.387935
vn -0.919467 -0.117109 0.375321
vn -0.917362 0.002840 0.398045
vn -0.910998 -0.132408 0.390577
vn -0.900415 0.005032 0.435003
vn -0.891685 -0.136886 0.431463
vn -0.864416 -0.149512 0.480032
vn -0.986893 -0.096712 0.129183
vn -0.986618 -0.060237 0.151517
vn -0.976901 -0.080979 0.197757
vn -0.976555 -0.060327 0.206644
vn -0.966634 -0.107799 0.232377
vn -0.962503 -0.094904 0.254128
vn -0.948753 -0.141014 0.282811
vn -0.977260 -0.118093 0.176115
vn -0.964474 -0.161826 0.208810
vn -0.947644 -0.230707 0.220785
vn -0.925793 -0.349775 0.143402
vn -0.231641 -0.615410 -0.753401
vn -0.354747 -0.663950 -0.658274
vn -0.491718 -0.677044 -0.547562
vn -0.581403 -0.661572 -0.473596
vn -0.697923 -0.608519 -0.377633
vn -0.786189 -0.551859 -0.278135
vn -0.855939 -0.484841 -0.179713
vn -0.893678 -0.436387 -0.104431
vn -0.923993 -0.381719 -0.022952
vn -0.952766 -0.296910 0.063884
vn -0.915807 -0.401261 0.016961
vn -0.934679 -0.344189 0.088936
vn -0.877318 -0.478718 0.033797
vn -0.505018 -0.856343 -0.107855
vn -0.611002 -0.780431 -0.132681
vn -0.745364 -0.663527 -0.064523
vn -0.806737 -0.584125 -0.089289
vn -0.845099 -0.533611 -0.032669
vn 0.238438 -0.969632 0.054424
vn 0.330530 -0.936703 0.115489
vn 0.392444 -0.914513 0.098254
vn 0.451416 -0.876660 0.166405
vn 0.598370 -0.783194 0.169000
vn 0.528736 -0.841205 0.113190
vn 0.425785 -0.903561 0.047807
vn 0.321386 -0.946845 -0.014023
vn 0.675767 -0.725649 0.129512
vn 0.598582 -0.796547 0.084930
vn 0.493487 -0.869203 0.030916
vn 0.361666 -0.931816 -0.030279
vn 0.214537 -0.972419 -0.091515
vn 0.059533 -0.987436 -0.146379
vn -0.079343 -0.978857 -0.188530
vn 0.658105 -0.721056 0.216740
vn 0.503753 -0.832058 0.232192
vn 0.380043 -0.904044 0.195630
vn 0.273800 -0.952087 0.136248
vn 0.189831 -0.978550 0.080025
vn 0.157631 -0.984363 0.078630
vn 0.101929 -0.990406 0.093304
vn 0.111429 -0.975623 0.189061
vn 0.172526 -0.969665 0.173159
vn 0.210886 -0.962027 0.173297
vn 0.305670 -0.925880 0.222064
vn 0.418673 -0.867285 0.269311
vn 0.544941 -0.785911 0.292204
vn 0.663835 -0.688129 0.292920
vn 0.733473 -0.636684 0.238013
vn 0.764176 -0.583045 0.275852
vn 0.116002 -0.952184 0.282647
vn 0.181121 -0.946985 0.265359
vn 0.224749 -0.938242 0.263038
vn 0.328760 -0.894658 0.302498
vn 0.448246 -0.827443 0.338250
vn 0.577934 -0.737998 0.348354
vn 0.695932 -0.634494 0.336298
vn 0.792203 -0.527023 0.307670
vn 0.065963 -0.501877 0.862420
vn 0.157753 -0.584270 0.796080
vn 0.045058 -0.411645 0.910230
vn 0.138152 -0.501047 0.854322
vn 0.337516 -0.513270 0.789073
vn 0.027054 -0.315194 0.948642
vn 0.119892 -0.409389 0.904448
vn 0.329169 -0.426302 0.842564
vn 0.525081 -0.404019 0.749039
vn 0.115381 -0.920669 0.372901
vn 0.182950 -0.917291 0.353703
vn 0.230912 -0.908445 0.348436
vn 0.344070 -0.859032 0.379051
vn 0.470786 -0.784217 0.404183
vn 0.604836 -0.687569 0.401775
vn 0.722760 -0.579247 0.376950
vn 0.815717 -0.470223 0.336894
vn 0.109627 -0.881347 0.459574
vn 0.178206 -0.880845 0.438583
vn 0.230017 -0.872795 0.430490
vn 0.352914 -0.818594 0.453162
vn 0.487855 -0.736825 0.468068
vn 0.627102 -0.633722 0.452925
vn 0.745510 -0.521465 0.415077
vn 0.835600 -0.411819 0.363563
vn 0.099280 -0.834232 0.542403
vn 0.167599 -0.837345 0.520350
vn 0.223105 -0.830712 0.510041
vn 0.356458 -0.772523 0.525497
vn 0.500646 -0.684310 0.530164
vn 0.645753 -0.575493 0.501807
vn 0.764942 -0.460328 0.450512
vn 0.852382 -0.351111 0.387512
vn 0.085179 -0.779301 0.620833
vn 0.152121 -0.786326 0.598791
vn 0.211252 -0.781489 0.587067
vn 0.355745 -0.719860 0.596025
vn 0.510091 -0.625641 0.590238
vn 0.661488 -0.511987 0.547998
vn 0.781495 -0.395137 0.482838
vn 0.866336 -0.287528 0.408399
vn 0.013116 -0.213670 0.976818
vn 0.104291 -0.310207 0.944931
vn 0.321236 -0.330325 0.887521
vn 0.527235 -0.313417 0.789806
vn 0.694553 -0.283429 0.661259
vn 0.806565 -0.250715 0.535345
vn 0.685747 -0.366318 0.628937
vn 0.521772 -0.486147 0.701010
vn 0.345349 -0.590967 0.729035
vn 0.177343 -0.658732 0.731179
vn 0.111265 -0.660236 0.742771
vn 0.049781 -0.646380 0.761390
vn 0.004220 -0.108424 0.994096
vn 0.092564 -0.204617 0.974456
vn 0.314621 -0.226230 0.921864
vn 0.528521 -0.214908 0.821267
vn 0.701069 -0.194071 0.686177
vn 0.814908 -0.171264 0.553708
vn 0.885822 -0.150415 0.438969
vn 0.068323 -0.716609 0.694121
vn 0.132923 -0.727367 0.673253
vn 0.195601 -0.724341 0.661113
vn 0.351730 -0.659626 0.664214
vn 0.516938 -0.559853 0.647564
vn 0.674741 -0.442442 0.590737
vn 0.795372 -0.325358 0.511395
vn 0.877518 -0.220684 0.425748
vn 0.736888 -0.658318 0.153669
vn 0.782446 -0.597614 0.175031
vn 0.829106 -0.523791 0.195517
vn 0.856666 -0.467500 0.218099
vn 0.879083 -0.412890 0.238190
vn 0.897553 -0.358924 0.256071
vn 0.912798 -0.304807 0.271831
vn 0.925276 -0.249791 0.285429
vn 0.935199 -0.193302 0.296709
vn 0.944737 -0.133959 0.299212
vn 0.891019 -0.076796 0.447424
vn 0.883383 -0.000464 0.468651
vn 0.820123 -0.087434 0.565468
vn 0.806284 -0.000407 0.591528
vn 0.705094 -0.099101 0.702154
vn 0.681676 -0.000329 0.731654
vn 0.529145 -0.109783 0.841400
vn 0.493689 -0.000227 0.869638
vn 0.310123 -0.115582 0.943644
vn 0.272441 -0.000117 0.962173
vn 0.085750 -0.094326 0.991841
vn 0.070624 0.013967 0.997405
vn 0.001111 -0.001014 0.999999
vn 0.838194 -0.543017 0.050621
vn 0.800106 -0.591411 0.100317
vn 0.779771 -0.625357 0.029772
vn 0.741636 -0.666807 0.073101
vn 0.691049 -0.722804 0.002621
vn 0.657500 -0.752456 0.038784
vn 0.554719 -0.831406 -0.032423
vn 0.535304 -0.844647 -0.004602
vn 0.365484 -0.927965 -0.072821
vn 0.373447 -0.926030 -0.054828
vn 0.145181 -0.983196 -0.110674
vn 0.188184 -0.976576 -0.104339
vn -0.077869 -0.987282 -0.138604
vn -0.004088 -0.989294 -0.145878
vn -0.368878 -0.916182 -0.156655
vn -0.194048 -0.973762 -0.118882
vn 0.056750 -0.992345 -0.109686
vn 0.319341 -0.943515 -0.088324
vn 0.546435 -0.835315 -0.060478
vn 0.704574 -0.708803 -0.034255
vn 0.801731 -0.597532 -0.013502
vn 0.862006 -0.506893 0.002298
vn 0.907345 -0.412663 0.080218
vn 0.868971 -0.494393 -0.021565
vn 0.912851 -0.408175 0.009762
vn 0.927070 -0.372851 0.039039
vn 0.944760 -0.323876 0.050326
vn 0.806573 -0.590121 -0.034595
vn 0.702862 -0.709481 -0.051199
vn 0.528471 -0.845989 -0.070865
vn 0.272624 -0.958015 -0.088785
vn -0.015438 -0.995125 -0.097408
vn -0.271509 -0.957816 -0.094186
vn -0.552782 -0.830461 -0.069037
vn -0.729756 -0.682893 -0.033363
vn 0.973696 -0.227844 0.002107
vn 0.953429 -0.301344 0.012875
vn 0.945260 -0.326258 -0.006332
vn 0.918068 -0.396246 -0.011854
vn 0.983204 -0.180631 0.026142
vn 0.978318 -0.197382 0.062727
vn 0.971118 -0.237212 0.025698
vn 0.969963 -0.235061 0.062601
vn 0.960438 -0.274288 0.048229
vn 0.987602 -0.091663 0.127440
vn 0.973000 -0.111254 0.202223
vn 0.983025 -0.135022 0.124224
vn 0.965066 -0.158553 0.208586
vn 0.976758 -0.177678 0.119894
vn 0.957057 -0.208306 0.201621
vn 0.968659 -0.220438 0.114488
vn 0.946817 -0.257476 0.192989
vn 0.958416 -0.264158 0.107981
vn 0.934083 -0.306752 0.182735
vn 0.945460 -0.309924 0.100261
vn 0.987796 -0.155557 0.007778
vn 0.995044 -0.098713 0.011978
vn 0.993471 -0.109685 0.031389
vn 0.996528 -0.073474 0.039150
vn 0.994040 -0.082077 0.071754
vn 0.950584 -0.310368 -0.007911
vn 0.919937 -0.391583 -0.019478
vn 0.862100 -0.505721 -0.032096
vn 0.794193 -0.606092 -0.043707
vn 0.679711 -0.731230 -0.057415
vn 0.485154 -0.871514 -0.071329
vn 0.203931 -0.975754 -0.079476
vn -0.094933 -0.992555 -0.076310
vn -0.341039 -0.937922 -0.063204
vn -0.587692 -0.808486 -0.031123
vn -0.739583 -0.673028 0.007122
vn -0.862272 -0.501559 0.070180
vn 0.004122 0.106510 0.994303
vn 0.088371 0.118971 0.988957
vn 0.310169 0.115331 0.943660
vn 0.529190 0.109331 0.841430
vn 0.705138 0.098468 0.702199
vn 0.820171 0.086666 0.565517
vn 0.891070 0.075929 0.447469
vn 0.944127 0.073578 0.321265
vn 0.974085 0.057717 0.218695
vn 0.936989 0.180180 0.299310
vn 0.835633 0.411676 0.363650
vn 0.915563 0.292899 0.275598
vn 0.314710 0.226014 0.921887
vn 0.528600 0.214532 0.821315
vn 0.321362 0.330135 0.887545
vn 0.527340 0.313111 0.789857
vn 0.329326 0.426133 0.842588
vn 0.525205 0.403771 0.749085
vn 0.337697 0.513116 0.789096
vn 0.521909 0.485948 0.701046
vn 0.345546 0.590825 0.729057
vn 0.517080 0.559693 0.647589
vn 0.351940 0.659494 0.664233
vn 0.510236 0.625513 0.590248
vn 0.355966 0.719739 0.596040
vn 0.500789 0.684209 0.530159
vn 0.356690 0.772411 0.525504
vn 0.487994 0.736747 0.468045
vn 0.353161 0.818491 0.453155
vn 0.470925 0.784158 0.404135
vn 0.344341 0.858938 0.379019
vn 0.448393 0.827399 0.338165
vn 0.329071 0.894568 0.302423
vn 0.418840 0.867249 0.269171
vn 0.306051 0.925787 0.221928
vn 0.380256 0.904001 0.195417
vn 0.274316 0.951963 0.136081
vn 0.330872 0.936613 0.115239
vn 0.234680 0.970952 0.046675
vn 0.284557 0.958332 0.025036
vn 0.186056 0.981300 -0.049340
vn 0.221048 0.974044 -0.048741
vn 0.132922 0.982927 -0.127224
vn 0.701144 0.193555 0.686246
vn 0.814988 0.170642 0.553783
vn 0.694648 0.283023 0.661334
vn 0.806657 0.250229 0.535434
vn 0.685848 0.366006 0.629009
vn 0.795463 0.324996 0.511485
vn 0.674840 0.442212 0.590796
vn 0.781571 0.394887 0.482919
vn 0.661578 0.511828 0.548040
vn 0.764994 0.460178 0.450578
vn 0.645827 0.575392 0.501829
vn 0.745530 0.521401 0.415121
vn 0.627156 0.633670 0.452922
vn 0.722741 0.579258 0.376968
vn 0.604870 0.687557 0.401744
vn 0.695870 0.634570 0.336282
vn 0.577949 0.738019 0.348286
vn 0.663726 0.688259 0.292861
vn 0.544938 0.785957 0.292086
vn 0.646395 0.728029 0.228360
vn 0.503741 0.832116 0.232007
vn 0.609906 0.771569 0.180820
vn 0.451417 0.876711 0.166135
vn 0.544117 0.829342 0.126999
vn 0.380755 0.920944 0.082995
vn 0.466193 0.882158 0.066787
vn 0.334840 0.942274 0.001310
vn 0.764042 0.583214 0.275864
vn 0.835055 0.512029 0.201269
vn 0.726984 0.646233 0.232113
vn 0.808164 0.562731 0.173795
vn 0.733988 0.658567 0.165989
vn -0.945268 -0.086949 0.314497
vn -0.962962 -0.047936 0.265341
vn -0.973738 -0.022781 0.226529
vn -0.972822 -0.000723 0.231554
vn -0.990759 -0.016900 0.134579
vn -0.989114 -0.007400 0.146964
vn -0.998843 -0.017459 0.044808
vn -0.998300 -0.007408 0.057815
vn -0.984237 -0.049227 -0.169867
vn -0.987784 -0.023472 -0.154054
vn -0.921407 -0.074933 -0.381306
vn -0.928096 -0.032975 -0.370879
vn -0.722932 -0.068881 -0.687477
vn -0.763412 0.000430 -0.645912
vn -0.514409 0.000523 -0.857545
vn -0.723204 0.069763 -0.687102
vn -0.456100 0.089641 -0.885403
vn -0.708104 0.140451 -0.691998
vn -0.436810 0.177000 -0.881968
vn -0.680844 0.214442 -0.700333
vn -0.408507 0.264101 -0.873712
vn -0.640411 0.295692 -0.708830
vn -0.372951 0.353225 -0.857986
vn -0.586332 0.384292 -0.713116
vn -0.330424 0.443128 -0.833341
vn -0.519014 0.477920 -0.708673
vn -0.282369 0.531481 -0.798621
vn -0.440547 0.572894 -0.691167
vn -0.231390 0.616082 -0.752929
vn -0.355235 0.664369 -0.657589
vn -0.180473 0.694794 -0.696198
vn -0.269074 0.747577 -0.607230
vn -0.132418 0.765854 -0.629232
vn -0.177160 0.822342 -0.540711
vn -0.087065 0.822396 -0.562214
vn -0.081716 0.879019 -0.469732
vn -0.034909 0.925619 -0.376842
vn -0.988875 -0.001179 -0.148746
vn -0.939199 0.004552 -0.343344
vn -0.987883 0.021174 -0.153751
vn -0.926399 0.041663 -0.374230
vn -0.984476 0.046910 -0.169133
vn -0.917539 0.085315 -0.388385
vn -0.977465 0.080115 -0.195305
vn -0.900856 0.136057 -0.412246
vn -0.964407 0.125712 -0.232628
vn -0.873442 0.198753 -0.444518
vn -0.940955 0.189118 -0.280782
vn -0.831322 0.276744 -0.481993
vn -0.899993 0.275518 -0.337790
vn -0.769572 0.371306 -0.519510
vn -0.831511 0.387568 -0.397971
vn -0.683829 0.480220 -0.549333
vn -0.725667 0.520600 -0.449869
vn -0.573615 0.595986 -0.561931
vn -0.581141 0.658850 -0.477693
vn -0.445825 0.706776 -0.549280
vn -0.413588 0.779971 -0.469671
vn -0.314138 0.801341 -0.509087
vn -0.250862 0.868880 -0.426750
vn -0.169834 0.875912 -0.451591
vn -0.115130 0.925830 -0.359977
vn -0.080265 0.923587 -0.374894
vn -0.013413 0.959728 -0.280611
vn -0.014901 0.957855 -0.286867
vn 0.057874 0.979053 -0.195208
vn 0.033154 0.980267 -0.194879
vn 0.105948 0.988675 -0.106287
vn 0.066772 0.992687 -0.100573
vn 0.138065 0.990319 -0.014350
vn 0.089405 0.995984 -0.004697
vn 0.159928 0.983879 0.080032
vn 0.104268 0.990284 0.092008
vn 0.174654 0.969023 0.174614
vn 0.113457 0.975591 0.188014
vn 0.182835 0.946364 0.266394
vn 0.117523 0.952332 0.281516
vn 0.184230 0.916761 0.354414
vn 0.116297 0.921031 0.371723
vn 0.179094 0.880375 0.439164
vn 0.109929 0.881888 0.458464
vn 0.168154 0.836884 0.520913
vn 0.099023 0.834904 0.541415
vn 0.152401 0.785814 0.599392
vn 0.084452 0.780047 0.619996
vn 0.132990 0.726757 0.673898
vn 0.067236 0.717385 0.693425
vn 0.111175 0.659480 0.743456
vn 0.048454 0.647136 0.760833
vn 0.088298 0.584028 0.806917
vn 0.029214 0.569728 0.821314
vn 0.065722 0.500751 0.863093
vn 0.010603 0.485775 0.874019
vn 0.044806 0.410314 0.910843
vn 0.026828 0.313655 0.949158
vn 0.012944 0.211938 0.977197
vn -0.555133 0.812641 -0.177321
vn -0.806784 0.582642 -0.098125
vn -0.765504 0.619663 -0.173267
vn -0.633284 0.740323 -0.225549
vn -0.418903 0.877978 -0.231681
vn -0.265952 0.945479 -0.187985
vn 0.225686 0.971267 -0.075537
vn 0.109302 0.983705 -0.142750
vn 0.038845 0.978285 -0.203592
vn -0.022210 0.979209 -0.201635
vn -0.080124 0.960308 -0.267185
vn -0.178003 0.952204 -0.248239
vn -0.235766 0.918778 -0.316643
vn -0.360676 0.891214 -0.275048
vn -0.426382 0.837945 -0.340658
vn -0.556467 0.784978 -0.272312
vn -0.626677 0.707604 -0.326456
vn -0.733381 0.637684 -0.235608
vn -0.793927 0.543265 -0.273027
vn -0.861850 0.476474 -0.173748
vn -0.902638 0.382341 -0.197637
vn -0.937399 0.332495 -0.103589
vn -0.960057 0.252261 -0.121060
vn -0.977192 0.211641 -0.017418
vn -0.985833 0.158631 -0.054492
vn -0.989966 0.136289 0.037312
vn -0.995423 0.095561 -0.000737
vn -0.993198 0.084139 0.080484
vn -0.996895 0.061404 0.049301
vn -0.991770 0.053859 0.116152
vn -0.992976 0.033095 0.113591
vn -0.988471 -0.000157 0.151408
vn -0.998093 0.000064 0.061734
vn -0.988995 0.006931 0.147788
vn -0.998371 0.007674 0.056543
vn -0.990541 0.016076 0.136271
vn -0.998939 0.018302 0.042271
vn -0.999118 0.040466 0.011216
vn -0.995763 0.073688 -0.055013
vn -0.987148 0.122580 -0.102530
vn -0.966829 0.196412 -0.163289
vn -0.923357 0.302760 -0.236110
vn -0.839413 0.443891 -0.313604
vn -0.699680 0.606249 -0.378034
vn -0.511910 0.756535 -0.406945
vn -0.315016 0.864496 -0.391678
vn -0.147478 0.927694 -0.342979
vn -0.022156 0.960925 -0.275920
vn 0.066239 0.977607 -0.199743
vn 0.125992 0.984648 -0.120805
vn 0.162568 0.986161 -0.032530
vn 0.191553 0.979690 0.059279
vn 0.213418 0.964985 0.152499
vn 0.228411 0.942768 0.242934
vn 0.236065 0.914388 0.328889
vn 0.236748 0.880180 0.411380
vn 0.231250 0.839731 0.491299
vn 0.220528 0.792306 0.568875
vn 0.205640 0.737165 0.643662
vn 0.187723 0.673635 0.714826
vn 0.168012 0.601325 0.781141
vn 0.147802 0.520124 0.841205
vn 0.128444 0.430371 0.893467
vn 0.111270 0.332759 0.936424
vn 0.097546 0.228463 0.968654
vn -0.897060 0.430537 -0.099604
vn -0.918193 0.395088 -0.028769
vn -0.951590 0.305809 -0.030929
vn -0.953379 0.301219 0.018338
vn -0.976269 0.211196 0.047912
vn -0.260305 0.936635 -0.234425
vn -0.104175 0.975772 -0.192395
vn 0.000277 0.989030 -0.147717
vn 0.064124 0.986806 -0.148668
vn 0.194034 0.975177 -0.106678
vn 0.221233 0.970668 -0.094119
vn 0.379754 0.923302 -0.057454
vn 0.369328 0.928709 -0.033103
vn 0.541167 0.840884 -0.007214
vn 0.500917 0.865042 0.028023
vn 0.661831 0.748773 0.036325
vn 0.604516 0.792362 0.081993
vn 0.744564 0.663789 0.070769
vn 0.680248 0.721981 0.126515
vn 0.802115 0.589061 0.098076
vn 0.843816 0.522959 0.120369
vn 0.875219 0.463297 0.139094
vn 0.968699 0.247044 0.024337
vn 0.957324 0.284169 0.052718
vn 0.969758 0.237171 0.057609
vn 0.945695 0.309550 0.099194
vn 0.958598 0.263880 0.107040
vn 0.918950 0.356297 0.169064
vn 0.934554 0.306241 0.181178
vn 0.883050 0.401523 0.242902
vn 0.900860 0.347399 0.260319
vn 0.815704 0.470194 0.336964
vn 0.960979 -0.068485 0.268009
vn 0.981628 -0.009355 0.190578
vn 0.991502 -0.000397 0.130089
vn 0.990531 0.046216 0.129279
vn 0.997286 -0.000459 0.073623
vn 0.996470 0.041332 0.073066
vn 0.999285 -0.000519 0.037792
vn 0.998554 0.038632 0.037370
vn 0.999877 0.001151 0.015635
vn 0.999107 0.040071 0.013360
vn 0.957356 0.207998 0.200515
vn 0.947194 0.257091 0.191647
vn 0.976889 0.177399 0.119235
vn 0.968813 0.220175 0.113685
vn 0.985145 0.158480 0.066131
vn 0.978398 0.197125 0.062276
vn 0.987843 0.151618 0.034337
vn 0.982358 0.185268 0.025474
vn 0.965301 0.158233 0.207740
vn 0.983138 0.134659 0.123721
vn 0.990330 0.120226 0.069229
vn 0.993013 0.113877 0.030947
vn 0.990574 0.136636 0.009735
vn 0.975384 0.220496 0.002916
vn 0.971111 0.107189 0.213198
vn 0.987690 0.091181 0.127101
vn 0.994104 0.081466 0.071561
vn 0.996447 0.076046 0.036212
vn 0.995822 0.090393 0.012948
vn 0.907794 0.411926 0.078918
vn 0.879089 0.472125 0.065585
vn 0.839268 0.541498 0.049083
vn 0.781545 0.623217 0.028072
vn 0.693981 0.719993 0.000676
vn 0.559003 0.828442 -0.034651
vn 0.370397 0.925832 -0.075109
vn 0.150450 0.982180 -0.112640
vn -0.073005 0.987453 -0.140026
vn -0.375327 0.914030 -0.153877
vn -0.654267 0.746563 -0.120741
vn -0.833091 0.551840 -0.037847
vn 0.922857 0.383420 0.036396
vn 0.909654 0.415149 0.013476
vn 0.867654 0.497159 0.003035
vn 0.810864 0.585104 -0.012384
vn 0.719910 0.693297 -0.032697
vn 0.571049 0.818823 -0.058587
vn 0.351054 0.932337 -0.086659
vn 0.090859 0.989897 -0.108849
vn -0.162295 0.979512 -0.119232
vn -0.462801 0.879358 -0.112004
vn -0.674231 0.734321 -0.078652
vn -0.872721 0.487200 0.031542
vn -0.727552 0.685216 -0.033874
vn -0.539358 0.838715 -0.075169
vn -0.262600 0.960124 -0.095928
vn -0.006987 0.995031 -0.099316
vn 0.278265 0.956211 -0.090715
vn 0.531674 0.843833 -0.072581
vn 0.704347 0.707915 -0.052448
vn 0.807154 0.589277 -0.035432
vn 0.869130 0.494088 -0.022153
vn 0.948745 0.313283 0.041667
vn 0.929224 0.358407 0.089933
vn 0.899587 0.408259 0.155139
vn 0.861467 0.456089 0.223288
vn 0.792135 0.527098 0.307716
vn -0.963736 0.008502 0.266721
vn -0.975813 -0.000335 0.218605
vn -0.965499 0.016380 0.259891
vn -0.976542 0.010100 0.215088
vn -0.968004 0.033927 0.248632
vn -0.978661 0.021860 0.204314
vn -0.971485 0.054601 0.230728
vn -0.981683 0.037679 0.186761
vn -0.974985 0.081138 0.206934
vn -0.984807 0.060637 0.162721
vn -0.977167 0.116142 0.177921
vn -0.986738 0.094062 0.132292
vn -0.976180 0.162000 0.144318
vn -0.985314 0.141574 0.095468
vn -0.969419 0.220954 0.106796
vn -0.945671 0.319843 0.058365
vn -0.925541 0.378418 0.013212
vn -0.922641 0.359529 0.139545
vn -0.929125 0.357677 0.093779
vn -0.861264 0.503413 0.069279
vn -0.736777 0.676115 0.005288
vn -0.580731 0.813263 -0.036812
vn -0.333649 0.940463 -0.064869
vn -0.089059 0.993000 -0.077583
vn 0.205456 0.975371 -0.080250
vn 0.483576 0.872359 -0.071719
vn 0.677729 0.733063 -0.057474
vn 0.792753 0.607988 -0.043513
vn 0.861136 0.507382 -0.031747
vn 0.917390 0.397552 -0.018666
vn 0.952028 0.305906 -0.008059
vn -0.946816 0.242046 0.212023
vn -0.968743 0.138834 0.205577
vn -0.960995 0.214630 0.174419
vn -0.960935 0.240806 0.136440
vn -0.956295 0.061179 0.285930
vn -0.943359 0.093626 0.318289
vn -0.953390 0.025093 0.300694
vn -0.943902 0.029961 0.328864
vn -0.950864 0.001369 0.309606
vn 0.977374 -0.070858 0.199299
vn 0.990478 -0.046892 0.129443
vn 0.996430 -0.042137 0.073160
vn 0.998516 -0.039570 0.037418
vn 0.999135 -0.039351 0.013408
vn 0.004187 0.899809 0.436265
vn 0.100968 0.083431 -0.991385
vn 0.061554 -0.899848 -0.431839
vn 0.014229 -0.978606 -0.205250
vn 0.019331 -0.999345 0.030588
vn 0.090509 -0.755433 -0.648945
vn 0.091422 -0.573017 -0.814428
vn 0.063079 -0.369849 -0.926948
vn 0.054408 -0.158390 -0.985877
vn 0.093686 0.335201 -0.937477
vn 0.077919 0.552015 -0.830186
vn 0.090371 0.738518 -0.668150
vn 0.082208 0.882733 -0.462628
vn 0.057045 0.966181 -0.251478
vn -0.012577 0.978609 0.205345
vn 0.023795 0.999332 -0.027721
vn 0.004069 0.755346 0.655314
vn -0.022085 0.585589 0.810307
vn -0.060179 0.385956 0.920552
vn -0.076842 0.158374 0.984385
vn -0.031573 -0.083532 0.996005
vn -0.031680 -0.335332 0.941567
vn -0.045462 -0.542143 0.839056
vn -0.007448 -0.728901 0.684578
vn 0.019539 -0.882783 0.469374
vn 0.022570 -0.966212 0.256758
vn -0.111666 0.334712 0.935681
vn -0.112972 0.547532 0.829123
vn -0.102979 0.882323 0.459240
vn -0.087930 0.967636 0.236535
vn -0.025418 0.752064 -0.658600
vn -0.004592 0.362158 -0.932106
vn -0.003473 -0.338013 -0.941135
vn -0.018124 -0.735659 -0.677110
vn -0.043265 -0.964928 -0.258925
vn -0.073669 -0.972685 0.220129
vn -0.101999 -0.754818 0.647955
vn -0.121097 -0.361681 0.924404
vn -0.135360 -0.132327 0.981920
vn -0.128273 0.116435 0.984880
vn -0.117403 -0.577336 0.808022
vn -0.092529 -0.890313 0.445849
vn -0.061841 -0.997895 -0.019535
vn -0.032104 -0.876682 -0.479999
vn -0.010050 -0.554826 -0.831905
vn 0.002256 -0.110564 -0.993867
vn -0.001031 0.124942 -0.992164
vn -0.014165 0.570930 -0.820877
vn -0.039641 0.885784 -0.462402
vn -0.055706 0.969945 -0.236861
vn -0.071898 0.997412 -0.000010
vn -0.113119 0.740435 0.662540
vn -0.028249 0.903542 0.427568
vn -0.041842 0.774740 0.630894
vn -0.053003 0.600913 0.797555
vn -0.061084 0.392162 0.917866
vn -0.065614 0.160622 0.984833
vn -0.066332 -0.080254 0.994565
vn -0.063194 -0.316465 0.946497
vn -0.056384 -0.534285 0.843422
vn -0.046297 -0.721055 0.691329
vn -0.033520 -0.865919 0.499061
vn -0.018794 -0.960459 0.277787
vn -0.002976 -0.999180 0.040370
vn 0.013015 -0.979833 -0.199392
vn 0.028249 -0.903542 -0.427568
vn 0.041842 -0.774740 -0.630895
vn 0.053003 -0.600913 -0.797556
vn 0.061084 -0.392162 -0.917866
vn 0.065614 -0.160622 -0.984833
vn 0.066332 0.080254 -0.994565
vn 0.063194 0.316465 -0.946497
vn 0.056384 0.534285 -0.843422
vn 0.046297 0.721055 -0.691330
vn 0.033520 0.865919 -0.499060
vn 0.018794 0.960459 -0.277787
vn 0.002976 0.999180 -0.040370
vn -0.013015 0.979833 0.199393
vn -0.810349 0.583450 -0.054049
vn 0.116700 0.993137 0.007743
vn 0.180137 0.983569 0.011972
vn 0.976741 -0.204290 0.065128
vn -0.066524 0.000038 0.997785
vn 0.491307 -0.837696 0.238500
vn 0.436541 -0.899212 0.029139
vn -0.239063 -0.970874 -0.015902
vn 0.818596 0.221513 0.529937
vn 0.943299 0.325934 0.062879
vn -0.030422 -0.999535 -0.001990
vn -0.136897 -0.915519 0.378265
vn -0.477236 -0.878200 -0.031784
vn -0.507676 -0.858641 0.070718
vn -0.373964 -0.835472 0.402663
vn -0.326871 -0.819551 0.470630
vn -0.687947 0.725495 -0.019630
vn -0.661440 0.748699 -0.044128
vn 0.618511 0.592103 0.516582
vn 0.741003 0.418983 0.524756
vn 0.993716 0.090216 0.066249
vn 0.946940 0.176151 0.268840
vn 0.638575 -0.768379 0.042604
vn 0.476555 -0.718106 0.507169
vn -0.439939 -0.897728 0.023190
vn -0.414694 -0.892362 0.178100
vn -0.661868 -0.748322 -0.044099
vn -0.680124 -0.732850 -0.019043
vn -0.518136 0.759668 0.392988
vn -0.484675 0.643985 0.591923
vn -0.563006 0.728643 0.390005
vn -0.630442 0.773718 0.062476
vn -0.373486 0.835701 0.402631
vn -0.427572 0.900782 0.075993
vn -0.450042 0.892502 -0.030039
vn -0.015655 0.999805 0.012056
vn -0.042481 0.996224 0.075717
vn -0.091499 0.951240 0.294569
vn -0.132706 0.797338 0.588763
vn 0.684118 0.727946 0.045583
vn 0.838061 0.542710 0.055854
vn 0.755233 0.603376 0.256047
vn 0.876967 0.401429 0.264166
vn 0.952521 -0.297774 0.063517
vn 0.743647 -0.391459 0.541987
vn 0.676665 -0.692240 0.250855
vn 0.633268 -0.575370 0.517610
vn 0.794471 -0.604986 0.052992
vn -0.492729 0.869962 0.019608
vn -0.518616 0.837711 0.171108
vn -0.223848 0.974509 -0.014961
vn -0.270778 0.962027 0.034397
vn -0.303911 0.934483 0.185416
vn -0.322510 0.855062 0.406024
vn -0.318026 0.731584 0.603030
vn -0.163908 0.894190 0.416604
vn -0.200256 0.975495 0.091143
vn 0.045028 -0.976930 0.208759
vn 0.053368 -0.797292 0.601230
vn -0.485043 -0.643685 0.591948
vn -0.518570 -0.759356 0.393017
vn 0.588816 0.770258 0.244945
vn 0.426797 0.674610 0.602284
vn 0.491787 0.837424 0.238468
vn 0.263811 -0.962023 0.070112
vn 0.276602 -0.934468 0.224191
vn 0.265751 -0.855030 0.445309
vn 0.289385 -0.808952 0.511715
vn -0.817234 -0.574028 -0.051181
vn -0.825871 -0.561166 -0.055040
vn 0.833117 -0.542440 0.108052
vn 0.821907 -0.506554 0.260523
vn 0.757522 -0.444514 0.478088
vn 0.186379 -0.975487 0.116995
vn 0.107147 -0.894157 0.434744
vn -0.641622 -0.766959 0.009738
vn -0.616125 -0.770242 0.164671
vn -0.563423 -0.728305 0.390033
vn -0.808052 -0.588934 -0.014447
vn -0.690701 0.631853 0.351702
vn -0.698532 0.652752 0.293202
vn -0.703932 0.678468 0.210147
vn 0.432971 0.897732 0.081319
vn 0.387385 0.892377 0.231507
vn 0.317204 0.835505 0.448680
vn 0.261505 0.819588 0.509795
vn 0.223848 -0.974509 0.014961
vn -0.801394 0.598136 -0.000970
vn -0.758021 0.597517 0.261491
vn -0.721456 0.579241 0.379449
vn -0.672631 0.548677 0.496510
vn -0.617917 0.511332 0.597259
vn -0.646706 0.553540 0.524753
vn -0.672192 0.595059 0.440525
vn 0.477236 0.878200 0.031784
vn -0.704370 -0.691846 0.158780
vn -0.698017 -0.712560 0.070925
vn -0.799833 -0.599001 0.038282
vn -0.794458 -0.602378 0.077315
vn -0.771880 -0.601585 0.205662
vn -0.758361 -0.597072 0.261523
vn -0.066524 0.000038 0.997785
vn -0.066524 0.000038 0.997785
vn -0.066524 0.000038 0.997785
vn -0.815272 -0.577105 -0.047766
vn -0.066524 0.000038 0.997785
vn -0.741697 -0.589528 0.319911
vn -0.710832 -0.572467 0.408656
vn -0.672944 -0.548273 0.496531
vn -0.618210 -0.510955 0.597278
vn -0.656130 -0.567303 0.497656
vn -0.685653 -0.619720 0.381875
vn -0.701423 -0.661530 0.265300
vn -0.769557 -0.637179 -0.042253
vn 0.841977 0.535565 0.065145
vn 0.585629 -0.809151 0.048106
vn 0.979419 -0.187652 0.074336
vn 0.480318 0.876134 0.041020
vn -0.949422 0.309275 -0.054281
vn -0.368160 -0.929634 -0.015480
vn 0.948400 0.308735 0.072249
vn -0.996357 0.063072 -0.057401
vn -0.903507 -0.425505 -0.051192
vn -0.587290 -0.808817 -0.030095
vn -0.125934 -0.992038 0.000672
vn 0.124167 -0.992110 0.017346
vn -0.980725 -0.187094 -0.056349
vn 0.366429 -0.929843 0.033496
vn 0.902065 -0.426019 0.069188
vn 0.682612 0.728745 0.054513
vn 0.767993 -0.637617 0.060257
vn 0.995194 0.062505 0.075379
vn -0.248451 0.968615 -0.007572
vn -0.481016 0.876408 -0.023073
vn 0.247807 0.968474 0.025514
vn -0.000913 0.999838 0.017959
vn -0.842869 0.536045 -0.047186
vn -0.683394 0.729134 -0.036561
vn 0.243365 0.969487 0.029468
vn -0.000494 0.999932 0.011687
vn -0.040498 -0.194018 0.980162
vn -0.244573 0.969626 -0.003063
vn 0.023431 -0.219764 0.975272
vn -0.479058 0.877540 -0.020666
vn 0.075953 -0.190559 0.978733
vn -0.674068 0.737871 -0.034316
vn 0.119529 -0.149056 0.981578
vn -0.820807 0.569721 -0.041174
vn 0.151371 -0.097869 0.983620
vn -0.935541 0.349564 -0.050679
vn 0.169421 -0.040229 0.984722
vn -0.992279 0.111911 -0.053465
vn 0.172483 0.020216 0.984805
vn -0.988251 -0.142630 -0.054927
vn 0.160304 0.079629 0.983851
vn -0.926470 -0.372681 -0.052561
vn 0.133586 0.134222 0.981906
vn -0.821132 -0.569252 -0.041152
vn 0.093953 0.180491 0.979079
vn -0.654119 -0.755713 -0.032025
vn 0.043854 0.215438 0.975532
vn -0.453584 -0.891024 -0.018386
vn -0.013591 0.236758 0.971474
vn -0.245128 -0.969486 -0.003026
vn -0.074442 0.240684 0.967745
vn -0.066524 0.000038 0.997785
vn -0.111017 0.176433 0.978032
vn 0.242810 -0.969625 0.029505
vn -0.204138 0.255570 0.944993
vn 0.477557 -0.877539 0.043180
vn -0.238536 0.171102 0.955942
vn 0.672654 -0.737871 0.055528
vn -0.276650 0.123023 0.953064
vn 0.819005 -0.569719 0.068198
vn -0.301859 0.066666 0.951019
vn 0.933987 -0.349563 0.073991
vn -0.312443 0.005436 0.949921
vn 0.990593 -0.111910 0.078745
vn -0.307561 -0.056921 0.949824
vn 0.986796 0.142630 0.076741
vn -0.287308 -0.116547 0.950721
vn 0.925249 0.372682 0.070867
vn -0.252726 -0.169694 0.952541
vn 0.819331 0.569253 0.068176
vn -0.205751 -0.212963 0.955151
vn 0.652585 0.755714 0.055037
vn -0.142511 -0.210504 0.967150
vn 0.452015 0.891025 0.041923
vn -0.097524 -0.260221 0.960611
vn -0.130467 -0.991419 -0.008203
vn -0.000573 -0.999991 0.004321
vn -0.255511 -0.966723 -0.012703
vn -0.493501 -0.869273 -0.028652
vn -0.381896 -0.923868 -0.024962
vn -0.247708 -0.968460 -0.026946
vn -0.698742 -0.714112 -0.042471
vn -0.607333 -0.793441 -0.039986
vn -0.480232 -0.876124 -0.042233
vn -0.857608 -0.511539 -0.053251
vn -0.791436 -0.609015 -0.052250
vn -0.682550 -0.728739 -0.055361
vn -0.959551 -0.275004 -0.060290
vn -0.921677 -0.383147 -0.060918
vn -0.841952 -0.535564 -0.065483
vn -0.997800 -0.020211 -0.063134
vn -0.989195 -0.131211 -0.065400
vn -0.948424 -0.308736 -0.071931
vn -0.969816 0.235926 -0.061614
vn -0.989402 0.129646 -0.065388
vn -0.995278 -0.062505 -0.074258
vn -0.877453 0.476400 -0.055853
vn -0.922291 0.381671 -0.060882
vn -0.979573 0.187656 -0.072268
vn -0.726841 0.685246 -0.046259
vn -0.792436 0.607718 -0.052186
vn -0.902297 0.426029 -0.066027
vn -0.527978 0.848597 -0.033498
vn -0.608681 0.792411 -0.039890
vn -0.768310 0.637636 -0.055857
vn -0.294063 0.955608 -0.018450
vn -0.383536 0.923192 -0.024826
vn -0.586035 0.809180 -0.042321
vn 0.000226 1.000000 0.000879
vn -0.132322 0.991174 -0.008016
vn -0.366931 0.929880 -0.026181
vn 0.294452 0.955440 0.020787
vn 0.132778 0.991099 0.009659
vn 0.000286 1.000000 -0.000019
vn 0.528233 0.848297 0.036921
vn 0.383961 0.922974 0.026344
vn 0.367686 0.929671 0.022797
vn 0.726937 0.684832 0.050666
vn 0.609039 0.792064 0.041297
vn 0.586925 0.808846 0.035882
vn 0.877371 0.475901 0.061144
vn 0.792695 0.607267 0.053497
vn 0.769287 0.637198 0.046656
vn 0.969545 0.235374 0.067686
vn 0.922426 0.381146 0.062108
vn 0.903318 0.425515 0.054356
vn 0.997339 -0.020779 0.069885
vn 0.989399 0.129082 0.066541
vn 0.980603 0.187097 0.058419
vn 0.958905 -0.275551 0.067617
vn 0.989047 -0.131774 0.066493
vn 0.996292 -0.063073 0.058523
vn 0.856797 -0.512028 0.061051
vn 0.921389 -0.383672 0.061962
vn 0.949404 -0.309276 0.054600
vn 0.697791 -0.714510 0.050638
vn 0.791022 -0.609466 0.053255
vn 0.842889 -0.536044 0.046848
vn 0.492443 -0.869554 0.037082
vn 0.606816 -0.793786 0.040963
vn 0.683445 -0.729128 0.035712
vn 0.254387 -0.966868 0.021292
vn 0.381305 -0.924086 0.025921
vn 0.481091 -0.876398 0.021860
vn 0.000414 -0.999945 -0.010476
vn 0.129839 -0.991493 0.009152
vn 0.248543 -0.968601 0.006139
vn -0.835661 0.378078 -0.398407
vn -0.710435 0.585740 -0.390116
vn -0.547738 0.745770 -0.379224
vn -0.359508 0.858156 -0.366500
vn -0.176505 0.918672 -0.353395
vn 0.002857 0.939493 -0.342555
vn 0.168767 0.928265 -0.331423
vn 0.330248 0.887810 -0.320514
vn 0.540891 0.783273 -0.306466
vn 0.718975 0.629518 -0.294587
vn 0.853312 0.436208 -0.285623
vn 0.935461 0.215489 -0.280138
vn 0.066524 -0.000038 -0.997785
vn 0.959443 -0.041984 -0.278760
vn 0.914390 -0.290648 -0.281805
vn 0.814260 -0.503751 -0.288473
vn 0.664395 -0.685202 -0.298457
vn 0.474214 -0.823601 -0.311131
vn 0.279234 -0.903900 -0.324026
vn 0.066524 -0.000038 -0.997785
vn 0.066524 -0.000038 -0.997785
vn -0.171329 -0.919463 -0.353886
vn -0.393383 -0.842209 -0.368693
vn -0.589291 -0.712036 -0.381759
vn -0.746744 -0.537125 -0.392264
vn -0.855847 -0.328465 -0.399546
vn 0.066524 -0.000038 -0.997785
vn -0.911808 -0.076032 -0.403517
vn -0.898200 0.176330 -0.402671
vn -0.132261 0.988128 -0.078166
vn -0.238796 0.962490 -0.128799
vn -0.344754 0.931578 -0.115359
vn -0.469891 0.870866 -0.144202
vn -0.564892 0.814855 -0.130031
vn -0.663276 0.719693 -0.205198
vn -0.763933 0.636718 -0.104863
vn -0.829459 0.532654 -0.168162
vn -0.885953 0.438359 -0.151423
vn -0.925863 0.305267 -0.222689
vn -0.975061 0.187387 -0.118922
vn -0.972190 0.062249 -0.225769
vn -0.990814 -0.062418 -0.119962
vn -0.966443 -0.185917 -0.177268
vn -0.943587 -0.292479 -0.155237
vn -0.889713 -0.422821 -0.172143
vn -0.841176 -0.520000 -0.148401
vn -0.756609 -0.633158 -0.163261
vn -0.685526 -0.714847 -0.138016
vn -0.575494 -0.803711 -0.151179
vn -0.486416 -0.864778 -0.124735
vn -0.357748 -0.923765 -0.136657
vn -0.256358 -0.960372 -0.109393
vn -0.117052 -0.985775 -0.120607
vn -0.000286 -1.000000 0.000019
vn 0.131468 -0.985846 -0.104038
vn 0.237746 -0.968314 -0.076450
vn 0.372962 -0.917818 -0.136048
vn 0.483318 -0.875177 -0.021649
vn 0.589326 -0.798688 -0.121627
vn 0.685412 -0.728110 -0.008181
vn 0.769331 -0.629373 -0.109632
vn 0.844663 -0.535293 0.002429
vn 0.901668 -0.420513 -0.100817
vn 0.951066 -0.308842 0.009515
vn 0.978021 -0.185231 -0.095736
vn 0.997935 -0.062985 0.012630
vn 0.996992 0.062105 -0.046373
vn 0.984932 0.170871 -0.026678
vn 0.950494 0.306779 -0.049482
vn 0.911781 0.409461 -0.031564
vn 0.844743 0.532177 -0.056541
vn 0.781725 0.622324 -0.040243
vn 0.686385 0.724136 -0.067106
vn 0.602935 0.796083 -0.052170
vn 0.485369 0.870594 -0.080514
vn 0.386646 0.919821 -0.066595
vn 0.254326 0.962350 -0.095922
vn 0.161596 0.983880 -0.076600
vn 0.015366 0.992370 -0.122332
vn -0.910763 -0.189555 0.366850
vn -0.799393 -0.186981 0.570972
vn -0.897734 -0.242606 0.367717
vn -0.946061 -0.290896 0.142644
vn -0.974249 -0.176136 0.140767
vn -0.926613 0.373845 -0.040353
vn -0.988513 0.150541 -0.013422
vn -0.992183 0.105813 -0.066154
vn -0.988395 0.059378 0.139820
vn -0.856120 0.000255 0.516777
vn -0.988429 -0.058807 0.139822
vn -0.992244 -0.105248 -0.066150
vn -0.988599 -0.149975 -0.013416
vn -0.930669 0.360561 -0.062063
vn -0.938877 0.340679 -0.049467
vn -0.945303 0.326024 -0.010550
vn -0.949190 0.310013 0.054128
vn -0.940404 0.281071 0.191413
vn -0.897595 0.243133 0.367708
vn -0.799286 0.187461 0.570965
vn -0.910655 0.190090 0.366843
vn -0.974148 0.176698 0.140760
vn -0.772002 -0.375018 0.513200
vn -0.722843 -0.357781 0.591178
vn -0.774510 -0.402934 0.487626
vn -0.803863 -0.432050 0.408825
vn -0.825771 -0.457998 0.329151
vn -0.836345 -0.473427 0.276397
vn -0.843712 -0.487232 0.225289
vn -0.848113 -0.499402 0.176923
vn -0.849937 -0.510073 0.132033
vn -0.849633 -0.519428 0.091205
vn -0.804214 0.433170 0.406944
vn -0.774975 0.404046 0.485963
vn -0.722650 0.358243 0.591134
vn -0.771047 0.375223 0.514484
vn -0.823494 0.391901 0.410209
vn -0.864516 0.401427 0.302437
vn -0.892947 0.403607 0.199367
vn -0.910286 0.399539 0.108387
vn -0.919724 0.391027 0.034724
vn -0.933308 -0.353647 -0.062211
vn -0.939072 -0.340144 -0.049454
vn -0.948033 -0.317800 0.015395
vn -0.928800 -0.367023 -0.051223
vn -0.925066 -0.379335 -0.018945
vn -0.848859 -0.523715 0.071847
vn -0.066524 0.000038 0.997785
vn -0.066524 0.000038 0.997785
vn -0.919979 -0.390452 0.034440
vn -0.910596 -0.398972 0.107873
vn -0.893361 -0.403079 0.198580
vn -0.865083 -0.400976 0.301412
vn -0.824255 -0.391564 0.409001
vn -0.066524 0.000038 0.997785
vn -0.066524 0.000038 0.997785
vn -0.066524 0.000038 0.997785
vn -0.842110 0.539247 0.007978
vn -0.847246 0.528511 0.053387
vn -0.849279 0.520313 0.089438
vn -0.849674 0.511007 0.130103
vn -0.847952 0.500374 0.174936
vn -0.843662 0.488237 0.223292
vn -0.836418 0.474481 0.274361
vn -0.825962 0.459086 0.327150
vn -0.041305 0.736066 0.675649
vn -0.203958 0.724882 0.657987
vn -0.372412 0.665591 0.646759
vn -0.517977 0.564022 0.643101
vn -0.642030 0.435881 0.630718
vn -0.732717 0.281719 0.619484
vn -0.777813 0.108991 0.618973
vn -0.782400 -0.071239 0.618689
vn -0.746114 -0.246506 0.618505
vn -0.666056 -0.407469 0.624771
vn -0.552429 -0.546597 0.629329
vn -0.404886 -0.648461 0.644644
vn -0.238434 -0.698217 0.675013
vn -0.062572 -0.731360 0.679115
vn 0.114800 -0.724831 0.679295
vn 0.278539 -0.655603 0.701855
vn 0.425683 -0.558867 0.711662
vn 0.550258 -0.431745 0.714712
vn 0.735863 -0.303852 0.605128
vn 0.681168 0.071054 0.728671
vn 0.894535 -0.000247 0.446998
vn 0.663092 -0.094203 0.742587
vn 0.643096 0.243244 0.726126
vn 0.565015 0.401299 0.720915
vn 0.451461 0.536033 0.713339
vn 0.316112 0.649112 0.691900
vn 0.170935 0.805490 0.567421
vn -0.364539 0.100826 0.925713
vn -0.076205 0.005275 0.997078
vn -0.371753 0.196322 0.907335
vn -0.075124 0.006860 0.997151
vn -0.311238 0.259914 0.914098
vn -0.074016 0.008485 0.997221
vn -0.221581 0.275022 0.935556
vn -0.075870 0.015250 0.997001
vn -0.070560 0.010239 0.997455
vn -0.163769 0.352223 0.921476
vn -0.068752 0.010886 0.997574
vn -0.066524 0.000038 0.997785
vn 0.095420 -0.274949 0.956712
vn -0.062479 -0.010163 0.997995
vn 0.039989 -0.352152 0.935088
vn -0.064287 -0.010810 0.997873
vn -0.050177 -0.318338 0.946648
vn -0.263782 -0.246463 0.932564
vn -0.074717 -0.007270 0.997178
vn -0.354882 -0.220749 0.908476
vn -0.075887 -0.005750 0.997100
vn -0.389838 -0.139989 0.910181
vn -0.077103 -0.004173 0.997015
vn -0.375039 -0.050850 0.925613
vn 0.238421 -0.100754 0.965921
vn -0.056835 -0.005199 0.998370
vn 0.248011 -0.196251 0.948671
vn -0.057915 -0.006784 0.998299
vn 0.187133 -0.259843 0.947345
vn -0.059023 -0.008409 0.998221
vn -0.057157 -0.015173 0.998250
vn -0.066014 -0.017324 0.997668
vn -0.068124 -0.010921 0.997617
vn -0.134988 -0.359262 0.923422
vn -0.069967 -0.010379 0.997495
vn -0.217251 -0.328122 0.919314
vn -0.071832 -0.009831 0.997368
vn -0.077402 -0.013756 0.996905
vn -0.084375 -0.003654 0.996427
vn -0.066524 0.000038 0.997785
vn -0.425223 0.029339 0.904613
vn -0.077515 0.001655 0.996990
vn -0.083015 0.005523 0.996533
vn -0.066524 0.000038 0.997785
vn -0.064915 0.010997 0.997830
vn 0.011208 0.359333 0.933142
vn -0.063072 0.010456 0.997954
vn 0.093289 0.328193 0.939993
vn -0.061207 0.009907 0.998076
vn 0.137648 0.246535 0.959309
vn 0.248842 0.050923 0.967204
vn -0.066524 0.000038 0.997785
vn 0.301370 -0.029268 0.953058
vn -0.055524 -0.001579 0.998456
vn -0.050012 -0.005447 0.998734
vn -0.055625 0.013832 0.998356
vn -0.058322 0.007346 0.998271
vn 0.231139 0.220820 0.947530
vn -0.057152 0.005826 0.998349
vn 0.265560 0.140060 0.953866
vn -0.055936 0.004249 0.998425
vn -0.048650 0.003730 0.998809
vn -0.127866 0.991791 0.000769
vn -0.420959 0.906406 -0.034946
vn -0.352318 0.935745 -0.015895
vn -0.257299 0.965952 -0.027103
vn -0.545838 0.837520 -0.024940
vn -0.578382 0.815324 -0.026850
vn -0.705027 0.707300 -0.051610
vn -0.749613 0.660535 -0.042114
vn -0.904084 0.422875 -0.061712
vn -0.881287 0.469880 -0.050454
vn -0.816430 0.573777 -0.064979
vn -0.960763 0.270975 -0.059221
vn -0.971709 0.229793 -0.054558
vn -0.993399 -0.086869 -0.074913
vn -0.998223 0.000284 -0.059582
vn -0.993349 0.087435 -0.074916
vn -0.974482 -0.218747 -0.050345
vn -0.966104 -0.252843 -0.052086
vn -0.904326 -0.422360 -0.061696
vn -0.881556 -0.469377 -0.050436
vn -0.705432 -0.706899 -0.051583
vn -0.749991 -0.660108 -0.042088
vn -0.816758 -0.573312 -0.064957
vn -0.591741 -0.805522 -0.031272
vn -0.557706 -0.829629 -0.026069
vn -0.421477 -0.906167 -0.034911
vn -0.352853 -0.935544 -0.015859
vn -0.257852 -0.965805 -0.027066
vn -0.128494 -0.991710 0.000395
vn -0.001067 -0.999931 0.011725
vn -0.000662 -0.999998 0.001766
vn 0.126627 -0.991791 0.017812
vn 0.421867 -0.906407 0.021316
vn 0.351305 -0.935745 0.031088
vn 0.258615 -0.965953 0.007368
vn 0.544313 -0.837519 0.047806
vn 0.576823 -0.815323 0.050231
vn 0.705635 -0.707301 0.042495
vn 0.748566 -0.660535 0.057823
vn 0.904273 -0.422876 0.058886
vn 0.880183 -0.469879 0.067022
vn 0.817827 -0.573778 0.044023
vn 0.960120 -0.270974 0.068867
vn 0.970350 -0.229792 0.074939
vn 0.994552 0.086869 0.057620
vn 0.997298 -0.000284 0.073462
vn 0.994502 -0.087436 0.057623
vn 0.972542 0.218748 0.079449
vn 0.964469 0.252844 0.076608
vn 0.904514 0.422360 0.058869
vn 0.880452 0.469378 0.067004
vn 0.706039 0.706898 0.042468
vn 0.748944 0.660108 0.057797
vn 0.818155 0.573311 0.044001
vn 0.590659 0.805522 0.047499
vn 0.556235 0.829630 0.048135
vn 0.422386 0.906166 0.021281
vn 0.351840 0.935545 0.031052
vn 0.259167 0.965805 0.007331
vn 0.127309 0.991711 0.017374
vn 0.000286 1.000000 -0.000019
vn -0.075612 0.706845 0.703316
vn -0.354635 -0.867504 0.348814
vn -0.188978 -0.913644 0.359919
vn -0.491497 -0.784687 0.377753
vn -0.616505 -0.708943 0.342524
vn -0.835888 -0.448325 0.316695
vn -0.739226 -0.590839 0.323193
vn -0.884203 -0.296293 0.361104
vn -0.936688 -0.158653 0.312161
vn -0.950973 0.011903 0.309043
vn -0.991588 0.000286 0.129438
vn -0.923157 0.167692 0.345919
vn -0.892339 0.314169 0.324081
vn -0.824147 0.469014 0.317502
vn -0.723899 0.609021 0.324134
vn -0.598580 0.705136 0.380112
vn -0.486112 0.803201 0.344329
vn -0.332354 0.875707 0.350255
vn -0.177701 0.902356 0.392652
vn -0.027396 0.923863 0.381741
vn 0.015841 0.980381 0.196473
vn 0.139530 0.913673 0.381751
vn 0.305195 0.867532 0.392739
vn 0.437003 0.784718 0.439597
vn 0.565581 0.708972 0.421281
vn 0.786450 0.448354 0.424824
vn 0.689782 0.590867 0.418422
vn 0.828441 0.296325 0.475265
vn 0.886959 0.158681 0.433734
vn 0.901530 -0.011874 0.432553
vn 0.965628 -0.000271 0.259928
vn 0.869064 -0.167661 0.465422
vn 0.841417 -0.314139 0.439697
vn 0.774701 -0.468986 0.424135
vn 0.674459 -0.608993 0.417411
vn 0.542818 -0.705104 0.456265
vn 0.436095 -0.803173 0.405875
vn 0.282911 -0.875678 0.391342
vn 0.123998 -0.902325 0.412836
vn -0.023529 -0.923834 0.382069
vn 0.079269 -0.695612 0.714031
vn 0.197880 -0.663063 0.721936
vn 0.309044 -0.610358 0.729352
vn 0.409394 -0.539116 0.736037
vn 0.495876 -0.451491 0.741797
vn 0.565859 -0.350145 0.746459
vn 0.617216 -0.238158 0.749883
vn 0.648396 -0.118936 0.751956
vn 0.658447 0.003901 0.752617
vn 0.647057 0.126620 0.751854
vn 0.614579 0.245494 0.749683
vn 0.561991 0.356906 0.746180
vn 0.490907 0.457478 0.741434
vn 0.403477 0.544152 0.735599
vn 0.302356 0.614290 0.728854
vn 0.190617 0.665761 0.721406
vn 0.071659 0.697009 0.713472
vn -0.050905 0.707082 0.705297
vn -0.173353 0.695666 0.697135
vn -0.291964 0.663117 0.689227
vn -0.403129 0.610412 0.681824
vn -0.503479 0.539170 0.675134
vn -0.589960 0.451545 0.669368
vn -0.659944 0.350199 0.664707
vn -0.711301 0.238212 0.661291
vn -0.742480 0.118990 0.659215
vn -0.752531 -0.003847 0.658546
vn -0.741141 -0.126566 0.659311
vn -0.708664 -0.245440 0.661479
vn -0.656076 -0.356852 0.664997
vn -0.584992 -0.457424 0.669737
vn -0.497561 -0.544098 0.675567
vn -0.396440 -0.614236 0.682312
vn -0.284702 -0.665707 0.689767
vn -0.165744 -0.696955 0.697698
vn -0.043179 -0.707028 0.705866
vn 0.009982 -0.375899 0.926607
vn 0.074031 -0.357751 0.930878
vn 0.133964 -0.328735 0.934873
vn 0.187959 -0.289729 0.938471
vn 0.234373 -0.241918 0.941565
vn 0.271800 -0.186757 0.944059
vn 0.299106 -0.125922 0.945875
vn 0.315457 -0.061259 0.946961
vn 0.320350 0.005269 0.947285
vn 0.313642 0.071637 0.946835
vn 0.295534 0.135828 0.945627
vn 0.266582 0.195894 0.943695
vn 0.227663 0.250008 0.941098
vn 0.179958 0.296526 0.937916
vn 0.124919 0.334035 0.934246
vn 0.064220 0.361402 0.930196
vn -0.000301 0.377789 0.925892
vn -0.066681 0.382693 0.921466
vn -0.132902 0.375970 0.917052
vn -0.196951 0.357821 0.912784
vn -0.256883 0.328805 0.908789
vn -0.310878 0.289800 0.905191
vn -0.357293 0.241989 0.902099
vn -0.394719 0.186827 0.899607
vn -0.422026 0.125993 0.897786
vn -0.438376 0.061329 0.896697
vn -0.443269 -0.005198 0.896373
vn -0.436562 -0.071566 0.896824
vn -0.418453 -0.135757 0.898035
vn -0.389502 -0.195823 0.899968
vn -0.350583 -0.249938 0.902565
vn -0.302878 -0.296455 0.905748
vn -0.247839 -0.333965 0.909419
vn -0.187139 -0.361332 0.913465
vn -0.122619 -0.377718 0.917766
vn -0.056239 -0.382622 0.922192
vn 0.129474 0.005666 0.991567
vn -0.070860 0.195188 0.978203
vn -0.259961 -0.005592 0.965603
vn 0.062919 -0.938944 -0.338267
vn -0.035557 -0.938100 -0.344535
vn 0.074279 -0.187414 -0.979469
vn 0.069058 -0.425799 -0.902179
vn 0.060063 -0.637430 -0.768164
vn 0.047859 -0.809009 -0.585844
vn 0.033212 -0.929755 -0.366677
vn 0.017044 -0.992082 -0.124432
vn 0.000369 -0.992072 0.125669
vn -0.015764 -0.929727 0.367911
vn -0.030342 -0.808964 0.587074
vn -0.042447 -0.637371 0.769387
vn -0.051322 -0.425730 0.903394
vn -0.056406 -0.187339 0.980675
vn -0.057382 0.062824 0.996374
vn -0.054187 0.309038 0.949505
vn -0.047022 0.535835 0.843013
vn -0.036338 0.728963 0.683588
vn -0.022806 0.876287 0.481250
vn -0.007276 0.968551 0.248710
vn 0.018264 0.999833 0.001179
vn 0.025810 0.968532 -0.247548
vn 0.041287 0.876250 -0.480085
vn 0.054736 0.728910 -0.682418
vn 0.065309 0.535770 -0.841835
vn 0.072344 0.308965 -0.948318
vn 0.075398 0.062747 -0.995177
vn 0.035467 0.973456 -0.226110
vn 0.005032 0.999363 0.035343
vn 0.980102 -0.194328 0.040446
vn -0.004168 0.967891 0.251336
vn 0.975205 -0.220055 -0.023489
vn -0.010246 0.885283 0.464941
vn 0.978675 -0.190837 -0.076003
vn -0.023481 0.748374 0.662862
vn 0.981532 -0.149323 -0.119569
vn -0.034165 0.567971 0.822339
vn 0.983590 -0.098128 -0.151397
vn -0.041677 0.354560 0.934104
vn 0.984710 -0.040485 -0.169431
vn -0.045581 0.120543 0.991661
vn 0.984811 0.019961 -0.172478
vn -0.045650 -0.120479 0.991666
vn 0.983875 0.079371 -0.160282
vn -0.041879 -0.354501 0.934118
vn 0.981947 0.133958 -0.133549
vn -0.034490 -0.567920 0.822361
vn 0.979134 0.180217 -0.093905
vn -0.023909 -0.748335 0.662890
vn 0.975598 0.215151 -0.043796
vn -0.010752 -0.885259 0.464974
vn 0.971546 0.236457 0.013654
vn 0.004215 -0.970735 0.240115
vn 0.967818 0.240369 0.074506
vn 0.020123 -0.999797 0.001380
vn 0.978086 0.176104 0.111064
vn 0.036049 -0.970754 -0.237356
vn 0.945071 0.255226 0.204206
vn 0.051065 -0.885294 -0.462219
vn 0.955994 0.170746 0.238581
vn 0.064300 -0.748385 -0.660140
vn 0.953101 0.122658 0.276683
vn 0.074984 -0.567984 -0.819617
vn 0.951039 0.066295 0.301876
vn 0.082496 -0.354572 -0.931382
vn 0.949923 0.005063 0.312444
vn 0.086400 -0.120555 -0.988940
vn 0.949807 -0.057293 0.307545
vn 0.086469 0.120468 -0.988944
vn 0.950686 -0.116913 0.287276
vn 0.082699 0.354489 -0.931396
vn 0.952489 -0.170052 0.252680
vn 0.075309 0.567909 -0.819639
vn 0.955086 -0.213309 0.205694
vn 0.064728 0.748323 -0.660169
vn 0.967086 -0.210837 0.142455
vn 0.051571 0.885247 -0.462253
vn 0.960532 -0.260540 0.097455
vn -0.008505 -0.991451 0.130203
vn 0.004015 -0.999992 0.000306
vn -0.012999 -0.966787 0.255253
vn -0.028917 -0.869396 0.493269
vn -0.025245 -0.923963 0.381649
vn -0.027242 -0.968518 0.247449
vn -0.042689 -0.714285 0.698551
vn -0.040228 -0.793591 0.607121
vn -0.042500 -0.876240 0.479998
vn -0.053408 -0.511752 0.857472
vn -0.052436 -0.609210 0.791273
vn -0.055583 -0.728904 0.682356
vn -0.060374 -0.275242 0.959477
vn -0.061035 -0.383374 0.921574
vn -0.065646 -0.535768 0.841809
vn -0.063140 -0.020457 0.997795
vn -0.065440 -0.131455 0.989160
vn -0.072025 -0.308967 0.948342
vn -0.061542 0.235686 0.969879
vn -0.065348 0.129402 0.989437
vn -0.074277 -0.062748 0.995262
vn -0.055708 0.476183 0.877580
vn -0.060766 0.381444 0.922393
vn -0.072211 0.187415 0.979623
vn -0.046050 0.685066 0.727024
vn -0.052001 0.607523 0.792598
vn -0.065897 0.425809 0.902410
vn -0.033239 0.848467 0.528204
vn -0.039648 0.792261 0.608893
vn -0.055663 0.637448 0.768480
vn -0.018158 0.955535 0.294318
vn -0.024544 0.923097 0.383783
vn -0.042074 0.809036 0.586252
vn 0.001185 0.999999 0.000041
vn -0.007713 0.991141 0.132587
vn -0.025898 0.929790 0.367179
vn 0.021079 0.955512 -0.294197
vn 0.009962 0.991131 -0.132513
vn 0.000286 1.000000 -0.000019
vn 0.037180 0.848426 -0.528006
vn 0.026626 0.923068 -0.383714
vn 0.023080 0.929762 -0.367438
vn 0.050875 0.685010 -0.726755
vn 0.041539 0.792214 -0.608828
vn 0.036129 0.808991 -0.586709
vn 0.061289 0.476116 -0.877244
vn 0.053682 0.607462 -0.792533
vn 0.046851 0.637388 -0.769117
vn 0.067758 0.235612 -0.969482
vn 0.062224 0.381373 -0.922325
vn 0.054486 0.425740 -0.903204
vn 0.069879 -0.020534 -0.997344
vn 0.066581 0.129326 -0.989364
vn 0.058477 0.187342 -0.980553
vn 0.067533 -0.275315 -0.958979
vn 0.066453 -0.131531 -0.989082
vn 0.058504 -0.062825 -0.996308
vn 0.060895 -0.511817 -0.856934
vn 0.061845 -0.383444 -0.921491
vn 0.054506 -0.309038 -0.949486
vn 0.050420 -0.714339 -0.697981
vn 0.053069 -0.609271 -0.791184
vn 0.046685 -0.535833 -0.843033
vn 0.036817 -0.869434 -0.492675
vn 0.040721 -0.793637 -0.607027
vn 0.035489 -0.728957 -0.683640
vn 0.020997 -0.966807 -0.254645
vn 0.025639 -0.923992 -0.381552
vn 0.021592 -0.876276 -0.481325
vn -0.010781 -0.999942 -0.000681
vn 0.008850 -0.991461 -0.130104
vn 0.005844 -0.968537 -0.248802
vn -0.398543 0.363217 0.842162
vn -0.390665 0.567376 0.724890
vn -0.379666 0.735891 0.560641
vn -0.366237 0.858172 0.359737
vn -0.353114 0.918733 0.176751
vn -0.342268 0.939599 -0.002606
vn -0.329699 0.925467 -0.186574
vn -0.318000 0.873788 -0.367927
vn -0.305523 0.774456 -0.553962
vn -0.293611 0.612312 -0.734075
vn -0.285187 0.422182 -0.860483
vn -0.279977 0.193134 -0.940379
vn -0.278699 -0.034510 -0.959759
vn -0.280816 -0.251520 -0.926218
vn -0.286933 -0.468800 -0.835402
vn -0.297777 -0.672972 -0.677080
vn -0.311383 -0.823379 -0.474434
vn -0.324302 -0.903727 -0.279475
vn -0.340328 -0.939455 -0.040017
vn -0.355388 -0.915877 0.186734
vn -0.368950 -0.842201 0.393158
vn -0.381977 -0.712077 0.589101
vn -0.392428 -0.537204 0.746600
vn -0.399645 -0.328571 0.855760
vn -0.403539 -0.076153 0.911788
vn -0.402807 0.152131 0.902553
vn -0.077865 0.988117 0.132525
vn -0.128505 0.962466 0.239053
vn -0.115075 0.931521 0.345002
vn -0.143937 0.870785 0.470123
vn -0.129783 0.814744 0.565110
vn -0.157383 0.724391 0.671184
vn -0.142112 0.646775 0.749324
vn -0.168000 0.532484 0.829600
vn -0.151289 0.438169 0.886070
vn -0.175120 0.307120 0.935420
vn -0.156735 0.202033 0.966756
vn -0.225749 0.062059 0.972207
vn -0.119981 -0.062646 0.990798
vn -0.177324 -0.186121 0.966393
vn -0.155327 -0.292684 0.943509
vn -0.172272 -0.423005 0.889601
vn -0.148559 -0.520179 0.841038
vn -0.163454 -0.633310 0.756440
vn -0.138234 -0.714988 0.685335
vn -0.151425 -0.803819 0.575280
vn -0.124999 -0.864869 0.486185
vn -0.136939 -0.923818 0.357501
vn -0.109686 -0.960407 0.256102
vn -0.168746 -0.979187 0.112768
vn -0.053953 -0.998537 -0.003559
vn -0.104339 -0.985779 -0.131731
vn -0.076746 -0.968227 -0.238004
vn -0.136328 -0.917677 -0.373207
vn -0.021916 -0.875041 -0.483552
vn -0.121871 -0.798493 -0.589539
vn -0.008403 -0.727924 -0.685606
vn -0.061591 -0.633368 -0.771396
vn -0.036723 -0.546731 -0.836503
vn -0.052653 -0.423074 -0.904564
vn -0.029353 -0.322593 -0.946083
vn -0.047464 -0.186195 -0.981366
vn -0.025915 -0.078182 -0.996602
vn -0.094688 0.061984 -0.993576
vn 0.011638 0.187088 -0.982274
vn -0.049388 0.307047 -0.950412
vn -0.031439 0.409714 -0.911672
vn -0.104646 0.528885 -0.842217
vn -0.002302 0.636487 -0.771284
vn -0.066885 0.724340 -0.686191
vn -0.051927 0.796259 -0.602723
vn -0.128357 0.864961 -0.485147
vn -0.028948 0.928432 -0.370373
vn -0.143634 0.956048 -0.255620
vn -0.038255 0.988564 -0.145871
vn -0.122029 0.992412 -0.015101
vn 0.366180 0.911916 -0.185261
vn 0.380275 0.835346 -0.396973
vn 0.392724 0.710225 -0.584251
vn 0.402801 0.543823 -0.736212
vn 0.409928 0.345808 -0.844023
vn 0.413687 0.127691 -0.901420
vn 0.413866 -0.097855 -0.905063
vn 0.410454 -0.317718 -0.854742
vn 0.403643 -0.519122 -0.753382
vn 0.393834 -0.690361 -0.606875
vn 0.381588 -0.821486 -0.423736
vn 0.367619 -0.904876 -0.214608
vn 0.459784 -0.887450 0.032119
vn 0.381280 -0.893951 0.235536
vn 0.323736 -0.835547 0.443910
vn 0.311283 -0.710426 0.631188
vn 0.301202 -0.544022 0.783146
vn 0.294069 -0.346007 0.890956
vn 0.290304 -0.127890 0.948350
vn 0.290125 0.097653 0.951993
vn 0.293544 0.317516 0.901674
vn 0.300360 0.518920 0.800316
vn 0.310174 0.690161 0.653812
vn 0.322423 0.821285 0.470674
vn 0.336390 0.904674 0.261545
vn 0.351263 0.935481 0.038581
vn -0.010121 0.987701 0.156027
vn -0.008085 0.934916 0.354776
vn -0.030662 0.885474 0.463677
vn -0.022316 0.822905 0.567740
vn -0.043899 0.748536 0.661639
vn -0.034364 0.663070 0.747769
vn -0.054585 0.568096 0.821150
vn -0.043530 0.464698 0.884399
vn -0.062099 0.354641 0.932938
vn -0.049280 0.239321 0.969689
vn -0.066004 0.120574 0.990508
vn -0.051282 0.000034 0.998684
vn -0.066073 -0.120498 0.990512
vn -0.049417 -0.239255 0.969698
vn -0.062302 -0.354569 0.932952
vn -0.043796 -0.464639 0.884417
vn -0.054910 -0.568034 0.821172
vn -0.034744 -0.663021 0.747794
vn -0.044327 -0.748485 0.661668
vn -0.022787 -0.822871 0.567772
vn -0.031168 -0.885438 0.463711
vn -0.008620 -0.934898 0.354812
vn -0.016198 -0.970933 0.238804
vn 0.006933 -0.992593 0.121290
vn -0.000286 -1.000000 0.000019
vn 0.022968 -0.992602 -0.119221
vn 0.015642 -0.970951 -0.238767
vn 0.038553 -0.934925 -0.352744
vn 0.030662 -0.885474 -0.463677
vn 0.052784 -0.822914 -0.565709
vn 0.043899 -0.748536 -0.661639
vn 0.064833 -0.663078 -0.745737
vn 0.054585 -0.568096 -0.821150
vn 0.073998 -0.464709 -0.882366
vn 0.062099 -0.354641 -0.932938
vn 0.079749 -0.239328 -0.967658
vn 0.066004 -0.120575 -0.990508
vn 0.081750 -0.000043 -0.996653
vn 0.066073 0.120499 -0.990512
vn 0.079886 0.239245 -0.967667
vn 0.062302 0.354569 -0.932952
vn 0.074264 0.464632 -0.882384
vn 0.054910 0.568034 -0.821172
vn 0.065212 0.663012 -0.745763
vn 0.044327 0.748485 -0.661668
vn 0.053255 0.822862 -0.565741
vn 0.016198 0.970933 -0.238804
vn 0.039088 0.934889 -0.352780
vn 0.031168 0.885438 -0.463711
vn 0.025532 0.988490 -0.149116
vn 0.029819 0.994666 -0.098747
vn -0.005735 0.995900 0.090279
vn 0.576086 0.805916 0.136470
vn 0.563430 0.759077 0.326113
vn 0.694479 0.686366 0.215873
vn 0.551870 0.668115 0.499061
vn 0.683858 0.625924 0.374909
vn 0.542089 0.538312 0.645260
vn 0.674493 0.529098 0.514893
vn 0.534645 0.377216 0.756216
vn 0.666945 0.401503 0.627678
vn 0.529976 0.194188 0.825480
vn 0.661632 0.250567 0.706725
vn 0.528348 -0.000135 0.849028
vn 0.658870 0.085058 0.747432
vn 0.529864 -0.194459 0.825487
vn 0.658822 -0.085406 0.747436
vn 0.534429 -0.377493 0.756231
vn 0.661488 -0.250918 0.706734
vn 0.541781 -0.538597 0.645280
vn 0.666715 -0.401861 0.627694
vn 0.551488 -0.668411 0.499087
vn 0.674190 -0.529464 0.514913
vn 0.696707 -0.699881 0.157375
vn 0.562995 -0.759386 0.326143
vn 0.683500 -0.626301 0.374933
vn 0.544640 -0.835201 -0.076210
vn 0.622336 -0.782547 -0.017806
vn 0.687895 -0.725576 0.018426
vn 0.702945 -0.710325 0.036144
vn 0.697732 -0.705028 0.126909
vn 0.601305 -0.759408 -0.248459
vn 0.716600 -0.686768 -0.121795
vn 0.612862 -0.668444 -0.421406
vn 0.727225 -0.626323 -0.280828
vn 0.622643 -0.538645 -0.567607
vn 0.736582 -0.529496 -0.420810
vn 0.630077 -0.377551 -0.678570
vn 0.744133 -0.401909 -0.533606
vn 0.634744 -0.194523 -0.747838
vn 0.749445 -0.250971 -0.612654
vn 0.636364 -0.000197 -0.771389
vn 0.752198 -0.085462 -0.653372
vn 0.634855 0.194131 -0.747845
vn 0.752247 0.085007 -0.653375
vn 0.630293 0.377165 -0.678585
vn 0.749589 0.250519 -0.612664
vn 0.622951 0.538267 -0.567628
vn 0.744363 0.401463 -0.533621
vn 0.613244 0.668077 -0.421431
vn 0.736885 0.529058 -0.420831
vn 0.601739 0.759055 -0.248488
vn 0.727583 0.625896 -0.280852
vn 0.705742 0.706907 0.047026
vn 0.589107 0.805909 -0.058847
vn 0.716993 0.686353 -0.121821
vn 0.077227 0.273911 -0.958650
vn 0.288856 0.270820 -0.918269
vn 0.071070 0.496092 -0.865356
vn 0.282801 0.486816 -0.826459
vn 0.061549 0.689442 -0.721721
vn 0.273471 0.674517 -0.685741
vn 0.049217 0.842725 -0.536091
vn 0.261417 0.823013 -0.504292
vn 0.034789 0.947031 -0.319253
vn 0.247334 0.923676 -0.292658
vn 0.019106 0.996298 -0.083811
vn 0.232044 0.970654 -0.063138
vn 0.003078 0.987665 0.156553
vn 0.216436 0.961217 0.170930
vn -0.012363 0.921631 0.387869
vn 0.201417 0.895914 0.395941
vn -0.026319 0.802036 0.596695
vn 0.187858 0.778540 0.598820
vn -0.037981 0.635830 0.770894
vn 0.176541 0.615917 0.767775
vn -0.046670 0.432670 0.900344
vn 0.168134 0.417495 0.892989
vn -0.051880 0.204364 0.977519
vn 0.163134 0.194805 0.967181
vn -0.053309 -0.035817 0.997936
vn 0.161808 -0.039209 0.986043
vn -0.050875 -0.273917 0.960407
vn 0.164244 -0.270949 0.948478
vn -0.044719 -0.496100 0.867113
vn 0.170296 -0.486947 0.856669
vn -0.035197 -0.689450 0.723477
vn 0.179634 -0.674646 0.715950
vn -0.022864 -0.842732 0.537847
vn 0.191691 -0.823142 0.534501
vn -0.008437 -0.947038 0.321011
vn 0.205770 -0.923805 0.322867
vn 0.007246 -0.996306 0.085568
vn 0.221058 -0.970783 0.093347
vn 0.023274 -0.987672 -0.154796
vn 0.236667 -0.961346 -0.140721
vn 0.038715 -0.921639 -0.386112
vn 0.251689 -0.896043 -0.365732
vn 0.052672 -0.802043 -0.594939
vn 0.265249 -0.778669 -0.568611
vn 0.064333 -0.635836 -0.769138
vn 0.276559 -0.616045 -0.737566
vn 0.073021 -0.432678 -0.898587
vn 0.284963 -0.417624 -0.862778
vn 0.078232 -0.204373 -0.975762
vn 0.289969 -0.194935 -0.936973
vn 0.291268 -0.039690 -0.955818
vn 0.291295 0.039080 -0.955835
vn 0.665452 -0.095274 -0.740335
vn 0.074881 -0.277649 -0.957760
vn 0.077512 -0.039690 -0.996201
vn 0.656436 -0.448247 -0.606767
vn 0.058860 -0.692268 -0.719236
vn 0.068540 -0.499473 -0.863614
vn 0.871814 -0.130657 -0.472091
vn 0.662368 -0.279888 -0.694933
vn 0.868679 -0.253475 -0.425613
vn 0.637575 -0.698565 -0.324815
vn 0.031888 -0.948298 -0.315774
vn 0.046401 -0.844832 -0.533015
vn 0.863685 -0.361576 -0.351157
vn 0.648012 -0.590562 -0.480954
vn 0.857120 -0.448677 -0.253051
vn 0.613164 -0.788895 0.040911
vn 0.000143 -0.987085 0.160196
vn 0.016164 -0.996653 -0.080140
vn 0.849365 -0.509717 -0.136998
vn 0.625727 -0.765984 -0.147425
vn 0.907438 -0.420079 0.009428
vn 0.588804 -0.698540 0.406634
vn -0.029102 -0.799744 0.599636
vn -0.015244 -0.920152 0.391264
vn 0.806315 -0.578315 0.124128
vn 0.600615 -0.765969 0.229245
vn 0.823657 -0.509703 0.248580
vn 0.570085 -0.448193 0.688568
vn -0.049147 -0.429191 0.901876
vn -0.040626 -0.632858 0.773202
vn 0.815936 -0.448655 0.364632
vn 0.578424 -0.590523 0.562769
vn 0.809422 -0.361544 0.462732
vn 0.561276 -0.095214 0.822134
vn 0.523504 -0.000133 0.852023
vn -0.054169 -0.200581 0.978178
vn 0.804491 -0.253436 0.537181
vn 0.564262 -0.279827 0.776727
vn 0.801423 -0.130619 0.583661
vn 0.564422 0.279534 0.776716
vn -0.046429 0.499467 0.865088
vn -0.052770 0.277642 0.959234
vn 0.658504 -0.000174 0.752578
vn 0.561330 0.094925 0.822130
vn 0.801502 0.130181 0.583650
vn 0.578762 0.590213 0.562746
vn -0.024290 0.844826 0.534489
vn -0.036749 0.692263 0.720710
vn 0.804633 0.252998 0.537175
vn 0.570341 0.447894 0.688551
vn 0.809628 0.361099 0.462719
vn 0.816194 0.448201 0.364614
vn 0.589204 0.698218 0.406607
vn -0.009777 0.948292 0.317249
vn 0.823949 0.509240 0.248560
vn 0.601053 0.765634 0.229216
vn 0.005947 0.996646 0.081614
vn 0.626165 0.765620 -0.147454
vn 0.037354 0.920146 -0.389790
vn 0.021968 0.987079 -0.158722
vn 0.832443 0.540670 0.121303
vn 0.613616 0.788546 0.040880
vn 0.841182 0.540665 -0.009762
vn 0.648350 0.590172 -0.480977
vn 0.062737 0.632851 -0.771728
vn 0.051213 0.799737 -0.598162
vn 0.849657 0.509225 -0.137018
vn 0.637974 0.698188 -0.324842
vn 0.857377 0.448176 -0.253068
vn 0.863891 0.361069 -0.351171
vn 0.656693 0.447848 -0.606784
vn 0.071258 0.429185 -0.900401
vn 0.868824 0.252961 -0.425623
vn 0.662528 0.279482 -0.694943
vn 0.076280 0.200577 -0.976704
vn 0.871889 0.130139 -0.472095
vn 0.665507 0.094865 -0.740339
vn 0.872907 -0.000259 -0.487887
vn 0.997785 -0.000284 0.066524
vn 0.997785 -0.000284 0.066524
vn 0.997785 -0.000284 0.066524
vn -0.072567 0.039923 0.996564
vn -0.069933 0.277884 0.958066
vn -0.635901 0.098077 0.765514
vn -0.063589 0.499694 0.863864
vn -0.632733 0.288149 0.718762
vn -0.751170 0.169448 0.637990
vn -0.053905 0.692465 0.719435
vn -0.626628 0.461485 0.627987
vn -0.747097 0.328834 0.577680
vn -0.041443 0.844992 0.533171
vn -0.617947 0.608012 0.498460
vn -0.740616 0.469119 0.481057
vn -0.026927 0.948411 0.315897
vn -0.607203 0.719209 0.337703
vn -0.732094 0.582155 0.353743
vn -0.011202 0.996713 0.080241
vn -0.595004 0.788622 0.155067
vn -0.722034 0.661364 0.203135
vn 0.004819 0.987089 -0.160103
vn -0.582069 0.812211 -0.038838
vn -0.711009 0.702156 0.037991
vn 0.020205 0.920099 -0.391165
vn -0.569149 0.788607 -0.232743
vn -0.699670 0.702148 -0.132096
vn 0.034062 0.799636 -0.599518
vn -0.556993 0.719181 -0.415377
vn -0.688670 0.661348 -0.297240
vn 0.045584 0.632701 -0.773053
vn -0.546309 0.607968 -0.576126
vn -0.678656 0.582120 -0.447841
vn 0.054103 0.428997 -0.901684
vn -0.537707 0.461436 -0.705654
vn -0.670197 0.469079 -0.575153
vn 0.059121 0.200362 -0.977936
vn -0.531691 0.288097 -0.796432
vn -0.663786 0.328791 -0.671778
vn -0.474809 0.000119 -0.880089
vn -0.528645 0.098017 -0.843165
vn -0.659808 0.169399 -0.732091
vn 0.057715 -0.277881 -0.958880
vn -0.528701 -0.097747 -0.843162
vn -0.658508 0.000174 -0.752574
vn 0.051371 -0.499690 -0.864679
vn -0.531856 -0.287824 -0.796421
vn -0.659905 -0.169049 -0.732085
vn 0.041687 -0.692461 -0.720250
vn -0.537971 -0.461155 -0.705636
vn -0.663974 -0.328437 -0.671765
vn 0.029225 -0.844989 -0.533985
vn -0.546657 -0.607678 -0.576102
vn -0.670465 -0.468718 -0.575135
vn 0.014709 -0.948408 -0.316711
vn -0.557404 -0.718878 -0.415349
vn -0.678989 -0.581749 -0.447819
vn -0.676016 -0.730013 -0.100415
vn -0.698501 -0.699018 -0.153198
vn -0.001511 -0.996710 -0.081032
vn -0.569600 -0.788290 -0.232712
vn -0.689049 -0.660966 -0.297215
vn -0.017037 -0.987085 0.159288
vn -0.528321 -0.848798 -0.020469
vn -0.562682 -0.824311 -0.062452
vn -0.032424 -0.920095 0.390351
vn -0.595455 -0.788276 0.155097
vn -0.853107 -0.521694 0.006658
vn -0.046280 -0.799633 0.598704
vn -0.607614 -0.718849 0.337730
vn -0.722412 -0.660943 0.203161
vn -0.057803 -0.632698 0.772238
vn -0.618295 -0.607640 0.498483
vn -0.732427 -0.581722 0.353765
vn -0.066321 -0.428994 0.900869
vn -0.626892 -0.461102 0.628005
vn -0.740884 -0.468677 0.481075
vn -0.071339 -0.200357 0.977122
vn -0.632898 -0.287760 0.718773
vn -0.747285 -0.328385 0.577693
vn -0.752577 0.000228 0.658504
vn -0.635957 -0.097684 0.765517
vn -0.751267 -0.168993 0.637996
vn 0.066481 0.040403 -0.996969
vn 0.751314 -0.141360 -0.644628
vn 0.065124 -0.199893 -0.977651
vn 0.747677 -0.303149 -0.590830
vn 0.059983 -0.428569 -0.901516
vn 0.741583 -0.447326 -0.499954
vn 0.051356 -0.632339 -0.772988
vn 0.733377 -0.565517 -0.377291
vn 0.039744 -0.799360 -0.599536
vn 0.723529 -0.650859 -0.229975
vn 0.025823 -0.919926 -0.391241
vn 0.712620 -0.698386 -0.066560
vn 0.010400 -0.987028 -0.160209
vn 0.701282 -0.705337 0.103457
vn -0.005626 -0.996768 0.080133
vn 0.690177 -0.671306 0.270193
vn -0.021326 -0.948580 0.315819
vn 0.679945 -0.598275 0.423960
vn -0.035787 -0.845263 0.533151
vn 0.671184 -0.490486 0.555820
vn -0.048167 -0.692823 0.719497
vn 0.664402 -0.354203 0.658111
vn -0.057748 -0.500119 0.864029
vn 0.660000 -0.197345 0.724883
vn -0.063974 -0.278349 0.958347
vn 0.658218 -0.029032 0.752267
vn -0.066481 -0.040402 0.996969
vn 0.659177 0.140956 0.738659
vn -0.065124 0.199891 0.977652
vn 0.662808 0.302743 0.684860
vn -0.059983 0.428569 0.901516
vn 0.668906 0.446923 0.593991
vn -0.051356 0.632339 0.772988
vn 0.677117 0.565118 0.471333
vn -0.039744 0.799360 0.599536
vn 0.686965 0.650456 0.324014
vn -0.025823 0.919926 0.391242
vn 0.697873 0.697984 0.160599
vn -0.010400 0.987028 0.160209
vn 0.709210 0.704934 -0.009417
vn 0.005626 0.996768 -0.080133
vn 0.720316 0.670905 -0.176154
vn 0.021326 0.948580 -0.315819
vn 0.730550 0.597872 -0.329919
vn 0.035787 0.845263 -0.533150
vn 0.739309 0.490083 -0.461779
vn 0.048167 0.692823 -0.719497
vn 0.746083 0.353804 -0.564076
vn 0.057748 0.500118 -0.864030
vn 0.750487 0.196948 -0.630858
vn 0.063974 0.278350 -0.958347
vn 0.752274 0.028631 -0.658228
vn 0.066458 -0.040480 -0.996968
vn -0.997785 0.000284 -0.066524
vn -0.997785 0.000284 -0.066524
vn -0.997785 0.000284 -0.066524
vn -0.066458 0.040479 0.996968
vn 0.066481 0.040403 -0.996969
vn 0.990843 0.023508 0.132958
vn -0.664597 -0.353536 -0.658273
vn -0.660097 -0.196654 -0.724982
vn 0.993020 0.061787 0.100467
vn -0.690543 -0.670804 -0.270505
vn -0.680277 -0.597703 -0.424234
vn 0.999657 0.026171 0.000763
vn -0.751411 -0.141252 0.644538
vn -0.747853 -0.303015 0.590675
vn -0.676824 0.565693 -0.471063
vn -0.686622 0.650971 -0.323709
vn 0.993152 -0.063677 0.097949
vn 0.990607 -0.010236 0.136359
vn 0.997785 -0.000284 0.066524
vn -0.659102 0.141656 -0.738592
vn 0.990245 0.034139 0.135091
vn 0.991355 0.038791 0.125342
vn -0.671459 -0.489857 -0.556042
vn 0.998346 0.053690 0.020545
vn -0.741833 -0.447154 0.499737
vn -0.733682 -0.565298 0.377027
vn 0.991440 -0.041701 0.123726
vn -0.662642 0.303420 -0.684721
vn -0.668673 0.447555 -0.593777
vn 0.990930 0.049632 0.124874
vn 0.992095 0.051802 0.114297
vn 0.991842 0.062223 0.111253
vn 0.996332 0.068845 0.050820
vn -0.723888 -0.650568 0.229667
vn -0.066524 0.000038 0.997785
vn 0.999776 0.019652 -0.007922
vn 0.999947 0.009669 -0.003645
vn 0.997785 -0.000284 0.066524
vn -0.708836 0.705306 0.009745
vn -0.719967 0.671199 0.176462
vn 0.996477 -0.068731 0.048059
vn 0.995518 -0.076555 0.055528
vn 0.995351 -0.071131 0.064935
vn -0.697502 0.698429 -0.160273
vn 0.994283 -0.076929 0.074055
vn 0.994221 -0.069412 0.081893
vn 0.993079 -0.072847 0.092132
vn 0.991976 -0.064548 0.108709
vn 0.992207 -0.054257 0.112168
vn 0.991038 -0.052515 0.122823
vn 0.990320 -0.037447 0.133655
vn 0.990896 -0.026738 0.131950
vn 0.989864 -0.020218 0.140573
vn 0.989696 -0.001831 0.143173
vn 0.990589 0.006843 0.136702
vn 0.989825 0.016646 0.141313
vn 0.992927 0.071183 0.095022
vn 0.994076 0.068164 0.084654
vn -0.066524 0.000038 0.997785
vn 0.995661 0.055923 0.074373
vn -0.705741 -0.706908 -0.047026
vn 0.996116 0.056475 0.067555
vn 0.995357 0.076362 0.058597
vn 0.998601 0.051948 0.009829
vn 0.999113 0.041133 0.008988
vn 0.999319 0.036880 -0.001003
vn 0.999710 -0.024075 -0.000245
vn -0.745902 0.353938 0.564233
vn -0.750399 0.197052 0.630929
vn 0.998458 -0.052369 0.018417
vn -0.730230 0.598109 0.330196
vn -0.739050 0.490263 0.462004
vn 0.996561 0.072280 0.040520
vn 0.997401 0.063110 0.034764
vn 0.997664 0.063982 0.023942
vn 0.997797 -0.062790 0.021399
vn 0.997533 -0.062354 0.032246
vn 0.996713 -0.071749 0.037630
vn 0.999944 0.001264 -0.010521
vn 0.999965 -0.007410 -0.003989
vn 0.999814 -0.017213 -0.008661
vn 0.999395 -0.034706 -0.002440
vn 0.999198 -0.039357 0.007373
vn 0.998709 -0.050198 0.007779
vn 0.864351 -0.500092 0.052976
vn 0.868358 -0.495887 -0.007106
vn 0.872307 -0.484450 -0.066243
vn 0.876135 -0.465958 -0.123575
vn 0.879791 -0.440671 -0.178262
vn 0.883210 -0.408976 -0.229519
vn 0.886358 -0.371309 -0.276583
vn 0.889186 -0.328229 -0.318769
vn 0.891645 -0.280371 -0.355473
vn 0.893708 -0.228424 -0.386146
vn 0.895333 -0.173156 -0.410361
vn 0.896516 -0.115358 -0.427729
vn 0.897225 -0.055886 -0.438023
vn 0.897427 0.004396 -0.441141
vn 0.897184 0.064607 -0.436907
vn 0.896437 0.123878 -0.425506
vn 0.895216 0.181341 -0.407067
vn 0.893545 0.236158 -0.381846
vn 0.891455 0.287519 -0.350203
vn 0.888958 0.334693 -0.312625
vn 0.886112 0.376968 -0.269632
vn 0.882941 0.413747 -0.221875
vn 0.879491 0.444498 -0.170048
vn 0.875824 0.468756 -0.114897
vn 0.871985 0.486176 -0.057232
vn 0.868028 0.496512 0.002107
vn 0.864017 0.499599 0.062256
vn 0.860009 0.495397 0.122339
vn 0.856064 0.483963 0.181477
vn 0.852240 0.465466 0.238808
vn 0.848580 0.440192 0.293502
vn 0.845156 0.408482 0.344751
vn 0.842011 0.370812 0.391811
vn 0.839185 0.327736 0.434002
vn 0.836722 0.279879 0.470706
vn 0.834653 0.227940 0.501395
vn 0.833030 0.172663 0.525593
vn 0.831864 0.114866 0.542963
vn 0.831153 0.055396 0.553277
vn 0.830926 -0.004887 0.556362
vn 0.831199 -0.065101 0.552151
vn 0.831938 -0.124373 0.540750
vn 0.833150 -0.181834 0.522300
vn 0.834823 -0.236641 0.497062
vn 0.836911 -0.288011 0.465435
vn 0.839398 -0.335186 0.427857
vn 0.842257 -0.377465 0.384869
vn 0.845433 -0.414245 0.337112
vn 0.848878 -0.444994 0.285283
vn 0.852549 -0.469255 0.230132
vn 0.856391 -0.486673 0.172466
vn 0.860343 -0.497004 0.113126
vn 0.498913 -0.866111 0.030608
vn 0.505851 -0.859482 -0.073523
vn 0.512694 -0.840318 -0.176097
vn 0.519341 -0.808900 -0.275617
vn 0.525671 -0.765700 -0.370639
vn 0.531650 -0.711317 -0.459758
vn 0.537126 -0.646576 -0.541697
vn 0.542040 -0.572409 -0.615256
vn 0.546342 -0.489892 -0.679350
vn 0.549924 -0.400243 -0.733069
vn 0.552792 -0.304748 -0.775596
vn 0.554890 -0.204811 -0.806319
vn 0.556157 -0.101894 -0.824808
vn 0.556555 0.002508 -0.830807
vn 0.556164 0.106870 -0.824172
vn 0.554930 0.209670 -0.805041
vn 0.552837 0.309420 -0.773712
vn 0.550022 0.404640 -0.730576
vn 0.546429 0.493966 -0.676324
vn 0.542148 0.576085 -0.611721
vn 0.537213 0.649812 -0.537723
vn 0.531740 0.714054 -0.455390
vn 0.525807 0.767871 -0.365925
vn 0.519468 0.810497 -0.270644
vn 0.512826 0.841303 -0.170933
vn 0.505995 0.859833 -0.068242
vn 0.499052 0.865827 0.035928
vn 0.492104 0.859196 0.140058
vn 0.485250 0.840037 0.242632
vn 0.478604 0.808622 0.342154
vn 0.472277 0.765402 0.437166
vn 0.466301 0.711038 0.526297
vn 0.460815 0.646296 0.608236
vn 0.455888 0.572126 0.681790
vn 0.451599 0.489608 0.745884
vn 0.448018 0.399945 0.799577
vn 0.445146 0.304458 0.842111
vn 0.443054 0.204527 0.872853
vn 0.441816 0.101608 0.891333
vn 0.441374 -0.002791 0.897319
vn 0.441770 -0.107154 0.890706
vn 0.443046 -0.209952 0.871568
vn 0.445092 -0.309697 0.840227
vn 0.447905 -0.404934 0.797126
vn 0.451528 -0.494250 0.742859
vn 0.455816 -0.576369 0.678256
vn 0.460717 -0.650091 0.604253
vn 0.466196 -0.714328 0.521917
vn 0.472140 -0.768156 0.432459
vn 0.478474 -0.810785 0.337179
vn 0.485118 -0.841588 0.237467
vn 0.491967 -0.860119 0.134777
vn 0.030452 -0.999443 -0.013638
vn 0.038460 -0.990272 -0.133726
vn 0.046339 -0.966660 -0.251835
vn 0.053979 -0.928953 -0.366242
vn 0.061262 -0.877699 -0.475281
vn 0.068083 -0.813646 -0.577360
vn 0.074355 -0.737729 -0.670990
vn 0.079969 -0.651054 -0.754807
vn 0.084847 -0.554886 -0.827588
vn 0.088919 -0.450628 -0.888273
vn 0.092118 -0.339795 -0.935977
vn 0.094428 -0.224009 -0.970002
vn 0.095780 -0.104958 -0.989854
vn 0.322374 -0.019592 -0.946410
vn 0.095597 0.135980 -0.986089
vn 0.094067 0.254350 -0.962527
vn 0.091583 0.369014 -0.924900
vn 0.088209 0.478296 -0.873757
vn 0.083986 0.580601 -0.809845
vn 0.078964 0.674441 -0.734094
vn 0.073225 0.758446 -0.647609
vn 0.066841 0.831391 -0.551653
vn 0.059920 0.892213 -0.447623
vn 0.052565 0.940023 -0.337037
vn 0.044870 0.974126 -0.221507
vn 0.008134 0.993018 -0.117680
vn 0.000819 0.999969 -0.007894
vn 0.194045 0.972404 0.129530
vn 0.013048 0.966643 0.255794
vn 0.005406 0.928936 0.370202
vn -0.001875 0.877682 0.479241
vn -0.008695 0.813630 0.581319
vn -0.014964 0.737712 0.674950
vn -0.020576 0.651038 0.758766
vn -0.025463 0.554869 0.831548
vn -0.029538 0.450608 0.892233
vn -0.032737 0.339779 0.939935
vn -0.035040 0.223993 0.973961
vn -0.036402 0.104939 0.993812
vn 0.194030 0.019444 0.980803
vn -0.036216 -0.135996 0.990047
vn -0.034682 -0.254369 0.966485
vn -0.032199 -0.369030 0.928859
vn -0.028827 -0.478311 0.877717
vn -0.024605 -0.580619 0.813804
vn -0.019575 -0.674458 0.738054
vn -0.013832 -0.758463 0.651569
vn -0.007453 -0.831408 0.555612
vn -0.000532 -0.892229 0.451583
vn 0.006822 -0.940040 0.340996
vn 0.014516 -0.974143 0.225466
vn 0.022431 -0.994041 0.106677
vn 0.011086 0.986718 -0.162063
vn -0.045678 0.996935 -0.063520
vn -0.001723 0.999545 0.030117
vn -0.015642 0.970951 0.238767
vn -0.022061 0.941988 0.334922
vn -0.029465 0.894661 0.445773
vn -0.036440 0.834289 0.550121
vn -0.042883 0.761751 0.646449
vn -0.048700 0.678105 0.733350
vn -0.053808 0.584571 0.809556
vn -0.058131 0.482511 0.873959
vn -0.061606 0.373417 0.925616
vn -0.064182 0.258878 0.963775
vn -0.065823 0.140561 0.987882
vn -0.066504 0.020197 0.997582
vn -0.066516 -0.020120 0.997582
vn -0.066216 -0.100461 0.992735
vn -0.064961 -0.219657 0.973412
vn -0.062760 -0.335649 0.939894
vn -0.059643 -0.446744 0.892672
vn -0.055656 -0.551327 0.832431
vn -0.050858 -0.647870 0.760051
vn -0.045318 -0.734965 0.676589
vn -0.039118 -0.811343 0.583260
vn -0.032347 -0.875889 0.481427
vn -0.025104 -0.927664 0.372573
vn -0.017495 -0.965910 0.258285
vn -0.009631 -0.990072 0.140232
vn -0.001627 -0.999796 0.020133
vn 0.006401 -0.994941 -0.100258
vn 0.014336 -0.975577 -0.219189
vn 0.022061 -0.941987 -0.334922
vn 0.029465 -0.894662 -0.445772
vn 0.036440 -0.834289 -0.550122
vn 0.042883 -0.761751 -0.646449
vn 0.048700 -0.678105 -0.733350
vn 0.053808 -0.584571 -0.809557
vn 0.058131 -0.482513 -0.873958
vn 0.061606 -0.373418 -0.925615
vn 0.064183 -0.258876 -0.963776
vn 0.065823 -0.140562 -0.987881
vn 0.066504 -0.020198 -0.997582
vn 0.066516 0.020121 -0.997582
vn 0.066216 0.100463 -0.992735
vn 0.064961 0.219656 -0.973412
vn 0.062760 0.335648 -0.939895
vn 0.059643 0.446746 -0.892671
vn 0.055656 0.551328 -0.832430
vn 0.050858 0.647869 -0.760052
vn 0.045318 0.734965 -0.676589
vn 0.039118 0.811342 -0.583261
vn 0.032347 0.875889 -0.481426
vn 0.025104 0.927664 -0.372572
vn 0.017495 0.965910 -0.258285
vn 0.212675 -0.000042 0.977123
vn 0.214595 0.229894 0.949262
vn 0.145516 0.117813 0.982316
vn 0.220121 0.446465 0.867304
vn 0.149329 0.346634 0.926038
vn -0.064522 0.239353 0.968786
vn 0.228931 0.637084 0.736013
vn 0.156679 0.555307 0.816753
vn -0.058771 0.464756 0.883486
vn 0.240506 0.790674 0.563019
vn 0.167125 0.731703 0.660817
vn -0.049604 0.663151 0.746840
vn 0.254181 0.898308 0.358377
vn 0.180063 0.865573 0.467290
vn -0.037554 0.823006 0.566790
vn 0.269160 0.953731 0.133979
vn 0.194749 0.949135 0.247420
vn -0.023322 0.935030 0.353802
vn 0.284568 0.953722 -0.097134
vn 0.210320 0.977533 0.013985
vn -0.007735 0.992713 0.120251
vn 0.299513 0.898282 -0.321530
vn 0.225876 0.949117 -0.219449
vn 0.008303 0.992704 -0.120289
vn 0.313125 0.790632 -0.526169
vn 0.240510 0.865538 -0.439317
vn 0.023857 0.935003 -0.353838
vn 0.324616 0.637029 -0.699156
vn 0.253375 0.731654 -0.632838
vn 0.038025 0.822962 -0.566822
vn 0.333315 0.446400 -0.830439
vn 0.263721 0.555245 -0.788767
vn 0.049983 0.663094 -0.746865
vn 0.338714 0.229822 -0.912390
vn 0.270947 0.346565 -0.898043
vn 0.059037 0.464690 -0.883503
vn 0.340502 -0.000115 -0.940244
vn 0.274629 0.117738 -0.954315
vn 0.064659 0.239278 -0.968796
vn 0.338582 -0.230051 -0.912381
vn 0.274561 -0.117932 -0.954310
vn 0.066524 -0.000038 -0.997785
vn 0.333059 -0.446622 -0.830422
vn 0.270749 -0.346754 -0.898029
vn 0.064522 -0.239352 -0.968787
vn 0.324251 -0.637242 -0.699131
vn 0.263403 -0.555427 -0.788746
vn 0.058771 -0.464757 -0.883485
vn 0.312673 -0.790831 -0.526138
vn 0.252956 -0.731823 -0.632810
vn 0.049604 -0.663151 -0.746840
vn 0.298999 -0.898466 -0.321496
vn 0.240015 -0.865692 -0.439284
vn 0.037554 -0.823005 -0.566791
vn 0.016807 -0.990292 -0.137981
vn 0.225332 -0.949254 -0.219413
vn 0.023322 -0.935030 -0.353802
vn 0.268614 -0.953880 0.134015
vn 0.209761 -0.977652 0.014022
vn -0.066524 0.000038 0.997785
vn 0.253667 -0.898440 0.358411
vn 0.194206 -0.949236 0.247457
vn -0.008303 -0.992704 0.120289
vn 0.240054 -0.790790 0.563050
vn 0.179568 -0.865658 0.467324
vn -0.023857 -0.935003 0.353838
vn 0.228566 -0.637187 0.736037
vn 0.166706 -0.731773 0.660846
vn -0.038025 -0.822962 0.566822
vn 0.219866 -0.446557 0.867321
vn 0.156361 -0.555365 0.816775
vn -0.049983 -0.663094 0.746865
vn 0.214464 -0.229980 0.949271
vn 0.149131 -0.346683 0.926051
vn -0.059037 -0.464689 0.883504
vn -0.066524 0.000038 0.997785
vn 0.145448 -0.117859 0.982321
vn -0.064659 -0.239279 0.968796
vn -0.997785 0.000284 -0.066524
vn -0.997785 0.000284 -0.066524
vn -0.997785 0.000284 -0.066524
vn -0.752290 -0.028487 0.658216
vn -0.752279 0.028728 0.658218
vn -0.658249 -0.028326 -0.752267
f 1//1 2//2 3//3
f 3//3 2//2 4//4
f 3//3 4//4 5//5
f 5//5 4//4 6//6
f 5//5 6//6 7//7
f 7//7 6//6 8//8
f 7//7 8//8 9//9
f 9//9 8//8 10//10
f 9//9 10//10 11//11
f 11//11 10//10 12//12
f 11//11 12//12 13//13
f 13//13 12//12 14//14
f 13//13 14//14 15//15
f 15//15 14//14 16//16
f 15//15 16//16 17//17
f 17//17 16//16 18//18
f 17//17 18//18 19//19
f 19//19 18//18 20//20
f 19//19 20//20 21//21
f 21//21 20//20 22//22
f 21//21 22//22 23//23
f 23//23 22//22 24//24
f 23//23 24//24 25//25
f 25//25 24//24 26//26
f 25//25 26//26 27//27
f 27//27 26//26 28//28
f 27//27 28//28 29//29
f 29//29 28//28 30//30
f 29//29 30//30 31//31
f 31//31 30//30 32//32
f 31//31 32//32 33//33
f 33//33 32//32 34//34
f 33//33 34//34 35//35
f 35//35 34//34 36//36
f 35//35 36//36 37//37
f 37//37 36//36 38//38
f 37//37 38//38 39//39
f 39//39 38//38 40//40
f 39//39 40//40 41//41
f 41//41 40//40 42//42
f 41//41 42//42 43//43
f 43//43 42//42 44//44
f 43//43 44//44 45//45
f 45//45 44//44 46//46
f 45//45 46//46 47//47
f 47//47 46//46 48//48
f 47//47 48//48 49//49
f 49//49 48//48 50//50
f 49//49 50//50 51//51
f 51//51 50//50 52//52
f 51//51 52//52 53//53
f 53//53 52//52 54//54
f 53//53 54//54 55//55
f 55//55 54//54 56//56
f 55//55 56//56 57//57
f 57//57 56//56 58//58
f 57//57 58//58 59//59
f 59//59 58//58 60//60
f 59//59 60//60 61//61
f 61//61 60//60 62//62
f 61//61 62//62 63//63
f 63//63 62//62 64//64
f 63//63 64//64 65//65
f 65//65 64//64 66//66
f 65//65 66//66 67//67
f 67//67 66//66 68//68
f 67//67 68//68 69//69
f 69//69 68//68 70//70
f 69//69 70//70 71//71
f 71//71 70//70 72//72
f 71//71 72//72 73//73
f 73//73 72//72 74//74
f 73//73 74//74 75//75
f 75//75 74//74 76//76
f 75//75 76//76 1//1
f 1//1 76//76 2//2
f 77//77 78//78 79//79
f 77//77 79//79 80//80
f 81//81 82//82 79//79
f 79//79 82//82 83//83
f 79//79 83//83 80//80
f 84//84 85//85 79//79
f 79//79 85//85 86//86
f 79//79 86//86 81//81
f 87//87 88//88 79//79
f 79//79 88//88 89//89
f 79//79 89//89 84//84
f 90//90 91//91 79//79
f 79//79 91//91 92//92
f 79//79 92//92 87//87
f 93//93 94//94 79//79
f 79//79 94//94 95//95
f 79//79 95//95 90//90
f 96//96 97//97 79//79
f 79//79 97//97 98//98
f 79//79 98//98 93//93
f 99//99 100//100 79//79
f 79//79 100//100 101//101
f 79//79 101//101 96//96
f 102//102 103//103 79//79
f 79//79 103//103 104//104
f 79//79 104//104 99//99
f 105//105 106//106 79//79
f 79//79 106//106 107//107
f 79//79 107//107 102//102
f 108//108 109//109 79//79
f 79//79 109//109 110//110
f 79//79 110//110 105//105
f 111//111 112//112 79//79
f 79//79 112//112 113//113
f 79//79 113//113 108//108
f 78//78 114//114 79//79
f 79//79 114//114 115//115
f 79//79 115//115 111//111
f 116//116 117//117 118//118
f 116//116 118//118 119//119
f 120//120 121//121 118//118
f 118//118 121//121 122//122
f 118//118 122//122 119//119
f 123//123 124//124 118//118
f 118//118 124//124 125//125
f 118//118 125//125 120//120
f 126//126 127//127 118//118
f 118//118 127//127 128//128
f 118//118 128//128 123//123
f 129//129 130//130 118//118
f 118//118 130//130 131//131
f 118//118 131//131 126//126
f 132//132 133//133 118//118
f 118//118 133//133 134//134
f 118//118 134//134 129//129
f 135//135 136//136 118//118
f 118//118 136//136 137//137
f 118//118 137//137 132//132
f 138//138 139//139 118//118
f 118//118 139//139 140//140
f 118//118 140//140 135//135
f 141//141 142//142 118//118
f 118//118 142//142 143//143
f 118//118 143//143 138//138
f 144//144 145//145 118//118
f 118//118 145//145 146//146
f 118//118 146//146 141//141
f 147//147 148//148 118//118
f 118//118 148//148 149//149
f 118//118 149//149 144//144
f 150//150 151//151 118//118
f 118//118 151//151 152//152
f 118//118 152//152 147//147
f 117//117 153//153 118//118
f 118//118 153//153 154//154
f 118//118 154//154 150//150
f 76//76 101//101 2//2
f 2//2 101//101 100//100
f 2//2 100//100 4//4
f 4//4 100//100 99//99
f 4//4 99//99 6//6
f 6//6 99//99 104//104
f 6//6 104//104 8//8
f 8//8 104//104 103//103
f 8//8 103//103 10//10
f 10//10 103//103 102//102
f 10//10 102//102 12//12
f 12//12 102//102 107//107
f 12//12 107//107 14//14
f 14//14 107//107 106//106
f 14//14 106//106 16//16
f 16//16 106//106 105//105
f 16//16 105//105 18//18
f 18//18 105//105 110//110
f 18//18 110//110 20//20
f 20//20 110//110 109//109
f 20//20 109//109 22//22
f 22//22 109//109 108//108
f 22//22 108//108 24//24
f 24//24 108//108 113//113
f 24//24 113//113 26//26
f 26//26 113//113 112//112
f 26//26 112//112 28//28
f 28//28 112//112 111//111
f 28//28 111//111 30//30
f 30//30 111//111 115//115
f 30//30 115//115 32//32
f 32//32 115//115 114//114
f 32//32 114//114 34//34
f 34//34 114//114 78//78
f 34//34 78//78 36//36
f 36//36 78//78 77//77
f 36//36 77//77 38//38
f 38//38 77//77 80//80
f 38//38 80//80 40//40
f 40//40 80//80 83//83
f 40//40 83//83 42//42
f 42//42 83//83 82//82
f 42//42 82//82 44//44
f 44//44 82//82 81//81
f 44//44 81//81 46//46
f 46//46 81//81 86//86
f 46//46 86//86 48//48
f 48//48 86//86 85//85
f 48//48 85//85 50//50
f 50//50 85//85 84//84
f 50//50 84//84 52//52
f 52//52 84//84 89//89
f 52//52 89//89 54//54
f 54//54 89//89 88//88
f 54//54 88//88 56//56
f 56//56 88//88 87//87
f 56//56 87//87 58//58
f 58//58 87//87 92//92
f 58//58 92//92 60//60
f 60//60 92//92 91//91
f 60//60 91//91 62//62
f 62//62 91//91 90//90
f 62//62 90//90 64//64
f 64//64 90//90 95//95
f 64//64 95//95 66//66
f 66//66 95//95 94//94
f 66//66 94//94 68//68
f 68//68 94//94 93//93
f 68//68 93//93 70//70
f 70//70 93//93 98//98
f 70//70 98//98 72//72
f 72//72 98//98 97//97
f 72//72 97//97 74//74
f 74//74 97//97 96//96
f 74//74 96//96 76//76
f 76//76 96//96 101//101
f 39//39 119//119 37//37
f 37//37 119//119 122//122
f 37//37 122//122 35//35
f 35//35 122//122 121//121
f 35//35 121//121 33//33
f 33//33 121//121 120//120
f 33//33 120//120 31//31
f 31//31 120//120 125//125
f 31//31 125//125 29//29
f 29//29 125//125 124//124
f 29//29 124//124 27//27
f 27//27 124//124 123//123
f 27//27 123//123 25//25
f 25//25 123//123 128//128
f 25//25 128//128 23//23
f 23//23 128//128 127//127
f 23//23 127//127 21//21
f 21//21 127//127 126//126
f 21//21 126//126 19//19
f 19//19 126//126 131//131
f 19//19 131//131 17//17
f 17//17 131//131 130//130
f 17//17 130//130 15//15
f 15//15 130//130 129//129
f 15//15 129//129 13//13
f 13//13 129//129 134//134
f 13//13 134//134 11//11
f 11//11 134//134 133//133
f 11//11 133//133 9//9
f 9//9 133//133 132//132
f 9//9 132//132 7//7
f 7//7 132//132 137//137
f 7//7 137//137 5//5
f 5//5 137//137 136//136
f 5//5 136//136 3//3
f 3//3 136//136 135//135
f 3//3 135//135 1//1
f 1//1 135//135 140//140
f 1//1 140//140 75//75
f 75//75 140//140 139//139
f 75//75 139//139 73//73
f 73//73 139//139 138//138
f 73//73 138//138 71//71
f 71//71 138//138 143//143
f 71//71 143//143 69//69
f 69//69 143//143 142//142
f 69//69 142//142 67//67
f 67//67 142//142 141//141
f 67//67 141//141 65//65
f 65//65 141//141 146//146
f 65//65 146//146 63//63
f 63//63 146//146 145//145
f 63//63 145//145 61//61
f 61//61 145//145 144//144
f 61//61 144//144 59//59
f 59//59 144//144 149//149
f 59//59 149//149 57//57
f 57//57 149//149 148//148
f 57//57 148//148 55//55
f 55//55 148//148 147//147
f 55//55 147//147 53//53
f 53//53 147//147 152//152
f 53//53 152//152 51//51
f 51//51 152//152 151//151
f 51//51 151//151 49//49
f 49//49 151//151 150//150
f 49//49 150//150 47//47
f 47//47 150//150 154//154
f 47//47 154//154 45//45
f 45//45 154//154 153//153
f 45//45 153//153 43//43
f 43//43 153//153 117//117
f 43//43 117//117 41//41
f 41//41 117//117 116//116
f 41//41 116//116 39//39
f 39//39 116//116 119//119
f 155//155 156//156 157//157
f 157//157 156//156 158//158
f 157//157 158//158 159//159
f 159//159 158//158 160//160
f 159//159 160//160 161//161
f 161//161 160//160 162//162
f 161//161 162//162 163//163
f 163//163 162//162 164//164
f 163//163 164//164 165//165
f 165//165 164//164 166//166
f 165//165 166//166 167//167
f 167//167 166//166 168//168
f 167//167 168//168 169//169
f 169//169 168//168 170//170
f 169//169 170//170 171//171
f 171//171 170//170 172//172
f 171//171 172//172 173//173
f 173//173 172//172 174//174
f 173//173 174//174 175//175
f 175//175 174//174 176//176
f 175//175 176//176 177//177
f 177//177 176//176 178//178
f 177//177 178//178 179//179
f 179//179 178//178 180//180
f 179//179 180//180 181//181
f 181//181 180//180 182//182
f 181//181 182//182 183//183
f 183//183 182//182 184//184
f 183//183 184//184 185//185
f 185//185 184//184 186//186
f 185//185 186//186 187//187
f 187//187 186//186 188//188
f 187//187 188//188 189//189
f 189//189 188//188 190//190
f 189//189 190//190 191//191
f 191//191 190//190 192//192
f 191//191 192//192 193//193
f 193//193 192//192 194//194
f 193//193 194//194 195//195
f 195//195 194//194 196//196
f 195//195 196//196 197//197
f 197//197 196//196 198//198
f 197//197 198//198 199//199
f 199//199 198//198 200//200
f 199//199 200//200 201//201
f 201//201 200//200 202//202
f 201//201 202//202 203//203
f 203//203 202//202 204//204
f 203//203 204//204 205//205
f 205//205 204//204 206//206
f 205//205 206//206 207//207
f 207//207 206//206 208//208
f 207//207 208//208 209//209
f 209//209 208//208 210//210
f 209//209 210//210 211//211
f 211//211 210//210 212//212
f 211//211 212//212 213//213
f 213//213 212//212 214//214
f 213//213 214//214 215//215
f 215//215 214//214 216//216
f 215//215 216//216 217//217
f 217//217 216//216 218//218
f 217//217 218//218 219//219
f 219//219 218//218 220//220
f 219//219 220//220 221//221
f 221//221 220//220 222//222
f 221//221 222//222 223//223
f 223//223 222//222 224//224
f 223//223 224//224 225//225
f 225//225 224//224 226//226
f 225//225 226//226 227//227
f 227//227 226//226 228//228
f 227//227 228//228 229//229
f 229//229 228//228 230//230
f 229//229 230//230 155//155
f 155//155 230//230 156//156
f 231//231 232//232 233//233
f 231//231 233//233 234//234
f 235//235 236//236 233//233
f 233//233 236//236 237//237
f 233//233 237//237 234//234
f 238//238 239//239 233//233
f 233//233 239//239 240//240
f 233//233 240//240 235//235
f 241//241 242//242 233//233
f 233//233 242//242 243//243
f 233//233 243//243 238//238
f 244//244 245//245 233//233
f 233//233 245//245 246//246
f 233//233 246//246 241//241
f 247//247 248//248 233//233
f 233//233 248//248 249//249
f 233//233 249//249 244//244
f 250//250 251//251 233//233
f 233//233 251//251 252//252
f 233//233 252//252 247//247
f 253//253 254//254 233//233
f 233//233 254//254 255//255
f 233//233 255//255 250//250
f 256//256 257//257 233//233
f 233//233 257//257 258//258
f 233//233 258//258 253//253
f 259//259 260//260 233//233
f 233//233 260//260 261//261
f 233//233 261//261 256//256
f 262//262 263//263 233//233
f 233//233 263//263 264//264
f 233//233 264//264 259//259
f 265//265 266//266 233//233
f 233//233 266//266 267//267
f 233//233 267//267 262//262
f 232//232 268//268 233//233
f 233//233 268//268 269//269
f 233//233 269//269 265//265
f 270//270 271//271 272//272
f 270//270 272//272 273//273
f 274//274 275//275 272//272
f 272//272 275//275 276//276
f 272//272 276//276 273//273
f 277//277 278//278 272//272
f 272//272 278//278 279//279
f 272//272 279//279 274//274
f 280//280 281//281 272//272
f 272//272 281//281 282//282
f 272//272 282//282 277//277
f 283//283 284//284 272//272
f 272//272 284//284 285//285
f 272//272 285//285 280//280
f 286//286 287//287 272//272
f 272//272 287//287 288//288
f 272//272 288//288 283//283
f 289//289 290//290 272//272
f 272//272 290//290 291//291
f 272//272 291//291 286//286
f 292//292 293//293 272//272
f 272//272 293//293 294//294
f 272//272 294//294 289//289
f 295//295 296//296 272//272
f 272//272 296//296 297//297
f 272//272 297//297 292//292
f 298//298 299//299 272//272
f 272//272 299//299 300//300
f 272//272 300//300 295//295
f 301//301 302//302 272//272
f 272//272 302//302 303//303
f 272//272 303//303 298//298
f 304//304 305//305 272//272
f 272//272 305//305 306//306
f 272//272 306//306 301//301
f 271//271 307//307 272//272
f 272//272 307//307 308//308
f 272//272 308//308 304//304
f 230//230 255//255 156//156
f 156//156 255//255 254//254
f 156//156 254//254 158//158
f 158//158 254//254 253//253
f 158//158 253//253 160//160
f 160//160 253//253 258//258
f 160//160 258//258 162//162
f 162//162 258//258 257//257
f 162//162 257//257 164//164
f 164//164 257//257 256//256
f 164//164 256//256 166//166
f 166//166 256//256 261//261
f 166//166 261//261 168//168
f 168//168 261//261 260//260
f 168//168 260//260 170//170
f 170//170 260//260 259//259
f 170//170 259//259 172//172
f 172//172 259//259 264//264
f 172//172 264//264 174//174
f 174//174 264//264 263//263
f 174//174 263//263 176//176
f 176//176 263//263 262//262
f 176//176 262//262 178//178
f 178//178 262//262 267//267
f 178//178 267//267 180//180
f 180//180 267//267 266//266
f 180//180 266//266 182//182
f 182//182 266//266 265//265
f 182//182 265//265 184//184
f 184//184 265//265 269//269
f 184//184 269//269 186//186
f 186//186 269//269 268//268
f 186//186 268//268 188//188
f 188//188 268//268 232//232
f 188//188 232//232 190//190
f 190//190 232//232 309//309
f 190//190 309//309 310//310
f 310//310 309//309 234//234
f 310//310 234//234 194//194
f 194//194 234//234 237//237
f 194//194 237//237 196//196
f 196//196 237//237 236//236
f 196//196 236//236 198//198
f 198//198 236//236 235//235
f 198//198 235//235 200//200
f 200//200 235//235 240//240
f 200//200 240//240 202//202
f 202//202 240//240 239//239
f 202//202 239//239 204//204
f 204//204 239//239 238//238
f 204//204 238//238 206//206
f 206//206 238//238 243//243
f 206//206 243//243 208//208
f 208//208 243//243 242//242
f 208//208 242//242 210//210
f 210//210 242//242 241//241
f 210//210 241//241 212//212
f 212//212 241//241 246//246
f 212//212 246//246 214//214
f 214//214 246//246 245//245
f 214//214 245//245 216//216
f 216//216 245//245 244//244
f 216//216 244//244 218//218
f 218//218 244//244 249//249
f 218//218 249//249 220//220
f 220//220 249//249 248//248
f 220//220 248//248 222//222
f 222//222 248//248 247//247
f 222//222 247//247 224//224
f 224//224 247//247 252//252
f 224//224 252//252 226//226
f 226//226 252//252 251//251
f 226//226 251//251 228//228
f 228//228 251//251 250//250
f 228//228 250//250 230//230
f 230//230 250//250 255//255
f 311//311 273//273 191//191
f 191//191 273//273 276//276
f 191//191 276//276 189//189
f 189//189 276//276 275//275
f 189//189 275//275 187//187
f 187//187 275//275 274//274
f 187//187 274//274 185//185
f 185//185 274//274 279//279
f 185//185 279//279 183//183
f 183//183 279//279 278//278
f 183//183 278//278 181//181
f 181//181 278//278 277//277
f 181//181 277//277 179//179
f 179//179 277//277 282//282
f 179//179 282//282 177//177
f 177//177 282//282 281//281
f 177//177 281//281 175//175
f 175//175 281//281 280//280
f 175//175 280//280 173//173
f 173//173 280//280 285//285
f 173//173 285//285 171//171
f 171//171 285//285 284//284
f 171//171 284//284 169//169
f 169//169 284//284 283//283
f 169//169 283//283 167//167
f 167//167 283//283 288//288
f 167//167 288//288 165//165
f 165//165 288//288 287//287
f 165//165 287//287 163//163
f 163//163 287//287 286//286
f 163//163 286//286 161//161
f 161//161 286//286 291//291
f 161//161 291//291 159//159
f 159//159 291//291 290//290
f 159//159 290//290 157//157
f 157//157 290//290 312//312
f 157//157 312//312 313//313
f 313//313 312//312 294//294
f 313//313 294//294 229//229
f 229//229 294//294 293//293
f 229//229 293//293 227//227
f 227//227 293//293 292//292
f 227//227 292//292 225//225
f 225//225 292//292 297//297
f 225//225 297//297 223//223
f 223//223 297//297 296//296
f 223//223 296//296 221//221
f 221//221 296//296 295//295
f 221//221 295//295 219//219
f 219//219 295//295 300//300
f 219//219 300//300 217//217
f 217//217 300//300 299//299
f 217//217 299//299 215//215
f 215//215 299//299 298//298
f 215//215 298//298 213//213
f 213//213 298//298 303//303
f 213//213 303//303 211//211
f 211//211 303//303 302//302
f 211//211 302//302 209//209
f 209//209 302//302 301//301
f 209//209 301//301 207//207
f 207//207 301//301 306//306
f 207//207 306//306 205//205
f 205//205 306//306 305//305
f 205//205 305//305 203//203
f 203//203 305//305 304//304
f 203//203 304//304 201//201
f 201//201 304//304 308//308
f 201//201 308//308 199//199
f 199//199 308//308 307//307
f 199//199 307//307 197//197
f 197//197 307//307 271//271
f 197//197 271//271 195//195
f 195//195 271//271 270//270
f 195//195 270//270 311//311
f 311//311 270//270 273//273
f 314//314 315//315 316//316
f 317//317 318//318 319//319
f 320//320 321//321 322//322
f 323//323 324//324 325//325
f 326//326 327//327 328//328
f 325//325 324//324 329//329
f 330//330 331//331 332//332
f 333//333 334//334 335//335
f 336//336 337//337 338//338
f 339//339 340//340 341//341
f 342//342 343//343 344//344
f 345//345 346//346 347//347
f 348//348 349//349 350//350
f 351//351 352//352 353//353
f 354//354 355//355 356//356
f 357//357 358//358 359//359
f 360//360 361//361 362//362
f 362//362 361//361 363//363
f 364//364 365//365 366//366
f 367//367 368//368 369//369
f 370//370 371//371 368//368
f 372//372 373//373 374//374
f 375//375 376//376 377//377
f 378//378 379//379 380//380
f 381//381 382//382 383//383
f 384//384 385//385 386//386
f 387//387 388//388 389//389
f 390//390 391//391 392//392
f 393//393 394//394 395//395
f 396//396 397//397 398//398
f 398//398 397//397 399//399
f 398//398 399//399 400//400
f 400//400 401//401 398//398
f 398//398 401//401 402//402
f 398//398 402//402 403//403
f 403//403 404//404 398//398
f 398//398 404//404 405//405
f 398//398 405//405 406//406
f 405//405 407//407 406//406
f 406//406 407//407 408//408
f 406//406 408//408 409//409
f 409//409 410//410 406//406
f 406//406 410//410 411//411
f 406//406 411//411 412//412
f 412//412 413//413 406//406
f 406//406 413//413 414//414
f 406//406 414//414 415//415
f 416//416 417//417 418//418
f 418//418 417//417 419//419
f 419//419 420//420 418//418
f 418//418 420//420 421//421
f 418//418 421//421 398//398
f 398//398 421//421 422//422
f 398//398 422//422 423//423
f 423//423 424//424 398//398
f 398//398 424//424 425//425
f 398//398 425//425 426//426
f 426//426 427//427 398//398
f 398//398 427//427 428//428
f 398//398 428//428 396//396
f 429//429 430//430 431//431
f 431//431 430//430 418//418
f 418//418 430//430 432//432
f 418//418 432//432 416//416
f 433//433 434//434 431//431
f 431//431 434//434 435//435
f 431//431 435//435 429//429
f 436//436 437//437 438//438
f 437//437 439//439 438//438
f 438//438 439//439 440//440
f 438//438 440//440 433//433
f 433//433 440//440 441//441
f 433//433 441//441 434//434
f 442//442 443//443 444//444
f 443//443 445//445 444//444
f 444//444 445//445 446//446
f 444//444 446//446 447//447
f 448//448 449//449 438//438
f 438//438 449//449 450//450
f 438//438 450//450 436//436
f 447//447 451//451 444//444
f 444//444 451//451 452//452
f 444//444 452//452 438//438
f 438//438 452//452 453//453
f 438//438 453//453 448//448
f 454//454 455//455 456//456
f 454//454 456//456 457//457
f 455//455 458//458 456//456
f 456//456 458//458 459//459
f 456//456 459//459 460//460
f 460//460 461//461 456//456
f 456//456 461//461 462//462
f 456//456 462//462 463//463
f 463//463 464//464 456//456
f 456//456 464//464 465//465
f 456//456 465//465 466//466
f 466//466 467//467 456//456
f 456//456 467//467 468//468
f 456//456 468//468 469//469
f 470//470 444//444 471//471
f 471//471 444//444 456//456
f 471//471 456//456 472//472
f 472//472 456//456 469//469
f 470//470 473//473 444//444
f 444//444 473//473 474//474
f 444//444 474//474 475//475
f 475//475 476//476 444//444
f 444//444 476//476 477//477
f 444//444 477//477 478//478
f 478//478 479//479 444//444
f 444//444 479//479 480//480
f 444//444 480//480 442//442
f 481//481 482//482 483//483
f 482//482 484//484 483//483
f 483//483 484//484 485//485
f 483//483 485//485 486//486
f 487//487 488//488 456//456
f 486//486 489//489 483//483
f 483//483 489//489 490//490
f 483//483 490//490 456//456
f 456//456 490//490 491//491
f 456//456 491//491 487//487
f 488//488 492//492 456//456
f 456//456 492//492 493//493
f 456//456 493//493 494//494
f 494//494 495//495 456//456
f 456//456 495//495 496//496
f 456//456 496//496 497//497
f 497//497 498//498 456//456
f 456//456 498//498 499//499
f 456//456 499//499 457//457
f 500//500 501//501 502//502
f 502//502 503//503 500//500
f 500//500 503//503 504//504
f 500//500 504//504 483//483
f 483//483 504//504 505//505
f 483//483 505//505 506//506
f 506//506 507//507 483//483
f 483//483 507//507 508//508
f 483//483 508//508 509//509
f 509//509 510//510 483//483
f 483//483 510//510 511//511
f 483//483 511//511 481//481
f 512//512 513//513 514//514
f 513//513 515//515 514//514
f 514//514 515//515 516//516
f 514//514 516//516 517//517
f 517//517 516//516 518//518
f 517//517 518//518 519//519
f 519//519 520//520 517//517
f 517//517 520//520 521//521
f 517//517 521//521 501//501
f 522//522 523//523 514//514
f 514//514 523//523 524//524
f 514//514 524//524 512//512
f 525//525 526//526 514//514
f 514//514 526//526 527//527
f 514//514 527//527 522//522
f 528//528 529//529 530//530
f 530//530 529//529 531//531
f 530//530 531//531 525//525
f 525//525 531//531 532//532
f 525//525 532//532 526//526
f 533//533 534//534 535//535
f 535//535 536//536 533//533
f 533//533 536//536 537//537
f 533//533 537//537 530//530
f 530//530 537//537 538//538
f 530//530 538//538 528//528
f 539//539 540//540 541//541
f 541//541 542//542 539//539
f 539//539 542//542 543//543
f 539//539 543//543 533//533
f 533//533 543//543 544//544
f 533//533 544//544 545//545
f 545//545 546//546 533//533
f 533//533 546//546 547//547
f 533//533 547//547 534//534
f 394//394 548//548 395//395
f 395//395 548//548 549//549
f 395//395 549//549 539//539
f 539//539 549//549 550//550
f 539//539 550//550 540//540
f 551//551 552//552 553//553
f 553//553 552//552 554//554
f 553//553 554//554 395//395
f 395//395 554//554 555//555
f 395//395 555//555 393//393
f 556//556 557//557 558//558
f 558//558 557//557 553//553
f 553//553 557//557 559//559
f 553//553 559//559 551//551
f 560//560 561//561 562//562
f 562//562 561//561 563//563
f 563//563 564//564 562//562
f 562//562 564//564 565//565
f 562//562 565//565 558//558
f 558//558 565//565 566//566
f 558//558 566//566 567//567
f 567//567 568//568 558//558
f 558//558 568//568 569//569
f 558//558 569//569 556//556
f 560//560 562//562 570//570
f 570//570 562//562 571//571
f 570//570 571//571 572//572
f 573//573 574//574 571//571
f 571//571 574//574 575//575
f 571//571 575//575 572//572
f 391//391 576//576 392//392
f 392//392 576//576 577//577
f 392//392 577//577 573//573
f 573//573 577//577 578//578
f 573//573 578//578 574//574
f 579//579 580//580 581//581
f 581//581 580//580 582//582
f 581//581 582//582 392//392
f 392//392 582//582 583//583
f 392//392 583//583 390//390
f 388//388 584//584 389//389
f 389//389 584//584 585//585
f 389//389 585//585 581//581
f 581//581 585//585 586//586
f 581//581 586//586 579//579
f 587//587 588//588 589//589
f 589//589 588//588 590//590
f 589//589 590//590 389//389
f 389//389 590//590 591//591
f 389//389 591//591 387//387
f 385//385 592//592 386//386
f 386//386 592//592 593//593
f 386//386 593//593 589//589
f 589//589 593//593 594//594
f 589//589 594//594 587//587
f 595//595 596//596 597//597
f 597//597 596//596 598//598
f 598//598 599//599 597//597
f 597//597 599//599 600//600
f 597//597 600//600 386//386
f 386//386 600//600 601//601
f 386//386 601//601 384//384
f 602//602 603//603 604//604
f 604//604 603//603 605//605
f 604//604 605//605 597//597
f 597//597 605//605 606//606
f 597//597 606//606 595//595
f 383//383 382//382 604//604
f 604//604 382//382 607//607
f 604//604 607//607 602//602
f 608//608 609//609 610//610
f 610//610 609//609 611//611
f 610//610 611//611 383//383
f 383//383 611//611 612//612
f 383//383 612//612 381//381
f 613//613 614//614 610//610
f 610//610 614//614 615//615
f 610//610 615//615 608//608
f 616//616 617//617 618//618
f 618//618 617//617 619//619
f 618//618 619//619 610//610
f 610//610 619//619 620//620
f 610//610 620//620 613//613
f 621//621 622//622 623//623
f 623//623 622//622 624//624
f 625//625 626//626 618//618
f 618//618 626//626 627//627
f 618//618 627//627 616//616
f 621//621 628//628 622//622
f 622//622 628//628 629//629
f 622//622 629//629 618//618
f 618//618 629//629 630//630
f 618//618 630//630 625//625
f 631//631 632//632 633//633
f 633//633 634//634 631//631
f 631//631 634//634 635//635
f 631//631 635//635 636//636
f 635//635 637//637 636//636
f 636//636 637//637 638//638
f 636//636 638//638 639//639
f 415//415 640//640 406//406
f 406//406 640//640 641//641
f 406//406 641//641 642//642
f 642//642 643//643 406//406
f 406//406 643//643 644//644
f 406//406 644//644 645//645
f 646//646 647//647 631//631
f 646//646 631//631 648//648
f 645//645 649//649 406//406
f 406//406 649//649 650//650
f 406//406 650//650 631//631
f 631//631 650//650 651//651
f 631//631 651//651 648//648
f 647//647 652//652 631//631
f 631//631 652//652 653//653
f 631//631 653//653 632//632
f 654//654 380//380 655//655
f 656//656 657//657 658//658
f 658//658 657//657 659//659
f 658//658 659//659 660//660
f 661//661 662//662 663//663
f 663//663 662//662 664//664
f 663//663 664//664 665//665
f 665//665 664//664 666//666
f 667//667 668//668 669//669
f 669//669 668//668 661//661
f 669//669 661//661 670//670
f 670//670 661//661 663//663
f 670//670 663//663 671//671
f 671//671 663//663 657//657
f 672//672 673//673 674//674
f 674//674 673//673 675//675
f 674//674 675//675 676//676
f 676//676 675//675 677//677
f 676//676 677//677 678//678
f 667//667 679//679 680//680
f 680//680 679//679 681//681
f 680//680 681//681 682//682
f 682//682 681//681 683//683
f 682//682 683//683 684//684
f 684//684 683//683 685//685
f 377//377 376//376 686//686
f 686//686 376//376 687//687
f 686//686 687//687 688//688
f 689//689 690//690 691//691
f 691//691 690//690 692//692
f 691//691 692//692 693//693
f 688//688 694//694 686//686
f 686//686 694//694 689//689
f 686//686 689//689 377//377
f 377//377 689//689 691//691
f 377//377 691//691 375//375
f 375//375 691//691 693//693
f 695//695 696//696 685//685
f 685//685 696//696 684//684
f 684//684 696//696 694//694
f 684//684 694//694 682//682
f 682//682 694//694 688//688
f 682//682 688//688 680//680
f 680//680 688//688 687//687
f 680//680 687//687 667//667
f 667//667 687//687 376//376
f 667//667 376//376 668//668
f 668//668 376//376 375//375
f 668//668 375//375 661//661
f 661//661 375//375 693//693
f 661//661 693//693 662//662
f 662//662 693//693 692//692
f 662//662 692//692 664//664
f 664//664 692//692 690//690
f 664//664 690//690 666//666
f 697//697 698//698 699//699
f 699//699 698//698 700//700
f 699//699 700//700 701//701
f 701//701 700//700 702//702
f 701//701 702//702 703//703
f 703//703 702//702 704//704
f 703//703 704//704 705//705
f 705//705 704//704 706//706
f 705//705 706//706 707//707
f 707//707 706//706 708//708
f 707//707 708//708 709//709
f 709//709 708//708 710//710
f 709//709 710//710 711//711
f 711//711 710//710 712//712
f 711//711 712//712 713//713
f 713//713 712//712 714//714
f 713//713 714//714 715//715
f 715//715 714//714 716//716
f 715//715 716//716 717//717
f 717//717 716//716 718//718
f 717//717 718//718 719//719
f 719//719 718//718 720//720
f 719//719 720//720 721//721
f 721//721 720//720 722//722
f 721//721 722//722 655//655
f 655//655 722//722 723//723
f 655//655 723//723 654//654
f 698//698 724//724 700//700
f 700//700 724//724 725//725
f 700//700 725//725 702//702
f 702//702 725//725 726//726
f 702//702 726//726 704//704
f 704//704 726//726 727//727
f 704//704 727//727 706//706
f 706//706 727//727 728//728
f 706//706 728//728 708//708
f 708//708 728//728 729//729
f 708//708 729//729 710//710
f 710//710 729//729 730//730
f 710//710 730//730 712//712
f 712//712 730//730 731//731
f 712//712 731//731 714//714
f 714//714 731//731 732//732
f 714//714 732//732 716//716
f 716//716 732//732 733//733
f 716//716 733//733 718//718
f 718//718 733//733 734//734
f 718//718 734//734 720//720
f 720//720 734//734 735//735
f 720//720 735//735 722//722
f 722//722 735//735 736//736
f 722//722 736//736 723//723
f 723//723 736//736 737//737
f 723//723 737//737 654//654
f 697//697 738//738 739//739
f 738//738 740//740 741//741
f 741//741 740//740 742//742
f 741//741 742//742 743//743
f 738//738 741//741 739//739
f 739//739 741//741 743//743
f 739//739 743//743 744//744
f 744//744 743//743 745//745
f 744//744 745//745 746//746
f 747//747 748//748 749//749
f 749//749 748//748 750//750
f 749//749 750//750 751//751
f 751//751 750//750 752//752
f 751//751 752//752 753//753
f 753//753 752//752 754//754
f 753//753 754//754 755//755
f 755//755 754//754 756//756
f 755//755 756//756 757//757
f 757//757 756//756 758//758
f 757//757 758//758 759//759
f 759//759 758//758 760//760
f 759//759 760//760 761//761
f 762//762 763//763 764//764
f 762//762 764//764 765//765
f 764//764 766//766 765//765
f 765//765 766//766 767//767
f 765//765 767//767 768//768
f 767//767 373//373 768//768
f 768//768 373//373 372//372
f 768//768 372//372 769//769
f 769//769 372//372 770//770
f 769//769 770//770 771//771
f 748//748 374//374 750//750
f 750//750 374//374 373//373
f 750//750 373//373 752//752
f 752//752 373//373 767//767
f 752//752 767//767 754//754
f 754//754 767//767 766//766
f 754//754 766//766 756//756
f 756//756 766//766 764//764
f 756//756 764//764 758//758
f 758//758 764//764 763//763
f 758//758 763//763 760//760
f 772//772 773//773 774//774
f 774//774 773//773 775//775
f 774//774 775//775 776//776
f 776//776 775//775 777//777
f 776//776 777//777 778//778
f 778//778 777//777 678//678
f 673//673 761//761 675//675
f 675//675 761//761 760//760
f 675//675 760//760 677//677
f 677//677 760//760 763//763
f 677//677 763//763 678//678
f 678//678 763//763 762//762
f 678//678 762//762 778//778
f 778//778 762//762 765//765
f 778//778 765//765 776//776
f 776//776 765//765 768//768
f 776//776 768//768 774//774
f 774//774 768//768 769//769
f 774//774 769//769 772//772
f 772//772 769//769 771//771
f 779//779 780//780 781//781
f 782//782 783//783 784//784
f 371//371 370//370 782//782
f 782//782 370//370 785//785
f 782//782 785//785 783//783
f 368//368 367//367 370//370
f 370//370 367//367 786//786
f 370//370 786//786 785//785
f 785//785 786//786 787//787
f 785//785 787//787 783//783
f 783//783 787//787 788//788
f 783//783 788//788 784//784
f 789//789 787//787 790//790
f 790//790 787//787 786//786
f 790//790 786//786 791//791
f 791//791 786//786 367//367
f 791//791 367//367 792//792
f 792//792 367//367 369//369
f 792//792 369//369 793//793
f 794//794 795//795 796//796
f 796//796 795//795 797//797
f 796//796 797//797 798//798
f 798//798 797//797 799//799
f 798//798 799//799 800//800
f 800//800 799//799 801//801
f 800//800 801//801 779//779
f 779//779 801//801 802//802
f 779//779 802//802 780//780
f 780//780 802//802 803//803
f 780//780 803//803 804//804
f 804//804 803//803 805//805
f 804//804 805//805 806//806
f 806//806 805//805 807//807
f 806//806 807//807 695//695
f 695//695 807//807 808//808
f 695//695 808//808 696//696
f 696//696 808//808 809//809
f 696//696 809//809 694//694
f 694//694 809//809 500//500
f 694//694 500//500 689//689
f 689//689 500//500 483//483
f 689//689 483//483 690//690
f 690//690 483//483 456//456
f 690//690 456//456 666//666
f 666//666 456//456 444//444
f 666//666 444//444 665//665
f 800//800 366//366 798//798
f 798//798 366//366 365//365
f 798//798 365//365 796//796
f 796//796 365//365 810//810
f 796//796 810//810 794//794
f 794//794 810//810 811//811
f 379//379 378//378 812//812
f 812//812 378//378 813//813
f 812//812 813//813 814//814
f 814//814 813//813 815//815
f 814//814 815//815 816//816
f 816//816 815//815 817//817
f 816//816 817//817 818//818
f 818//818 817//817 819//819
f 818//818 819//819 820//820
f 820//820 819//819 821//821
f 820//820 821//821 822//822
f 822//822 821//821 823//823
f 822//822 823//823 824//824
f 824//824 823//823 825//825
f 824//824 825//825 826//826
f 826//826 825//825 827//827
f 826//826 827//827 828//828
f 828//828 827//827 829//829
f 828//828 829//829 830//830
f 830//830 829//829 831//831
f 830//830 831//831 832//832
f 832//832 831//831 833//833
f 832//832 833//833 834//834
f 834//834 833//833 835//835
f 834//834 835//835 836//836
f 836//836 835//835 837//837
f 836//836 837//837 838//838
f 838//838 837//837 839//839
f 838//838 839//839 840//840
f 840//840 839//839 841//841
f 840//840 841//841 842//842
f 842//842 841//841 843//843
f 842//842 843//843 844//844
f 844//844 843//843 845//845
f 844//844 845//845 846//846
f 846//846 845//845 847//847
f 846//846 847//847 848//848
f 848//848 847//847 849//849
f 848//848 849//849 742//742
f 742//742 849//849 850//850
f 742//742 850//850 743//743
f 743//743 850//850 851//851
f 743//743 851//851 745//745
f 852//852 853//853 854//854
f 854//854 853//853 855//855
f 854//854 855//855 856//856
f 856//856 855//855 857//857
f 856//856 857//857 858//858
f 858//858 857//857 859//859
f 858//858 859//859 860//860
f 860//860 859//859 861//861
f 860//860 861//861 862//862
f 862//862 861//861 863//863
f 862//862 863//863 864//864
f 864//864 863//863 865//865
f 864//864 865//865 866//866
f 866//866 865//865 867//867
f 866//866 867//867 868//868
f 868//868 867//867 869//869
f 868//868 869//869 870//870
f 870//870 869//869 871//871
f 870//870 871//871 872//872
f 872//872 871//871 873//873
f 872//872 873//873 874//874
f 874//874 873//873 875//875
f 874//874 875//875 876//876
f 876//876 875//875 877//877
f 876//876 877//877 878//878
f 878//878 877//877 879//879
f 724//724 747//747 725//725
f 725//725 747//747 749//749
f 725//725 749//749 726//726
f 726//726 749//749 751//751
f 726//726 751//751 727//727
f 727//727 751//751 753//753
f 727//727 753//753 728//728
f 728//728 753//753 755//755
f 728//728 755//755 729//729
f 729//729 755//755 757//757
f 729//729 757//757 730//730
f 730//730 757//757 759//759
f 730//730 759//759 731//731
f 731//731 759//759 761//761
f 731//731 761//761 732//732
f 732//732 761//761 673//673
f 732//732 673//673 733//733
f 733//733 673//673 672//672
f 733//733 672//672 734//734
f 734//734 672//672 880//880
f 734//734 880//880 735//735
f 735//735 880//880 881//881
f 735//735 881//881 736//736
f 736//736 881//881 882//882
f 736//736 882//882 737//737
f 737//737 882//882 883//883
f 737//737 883//883 654//654
f 654//654 883//883 884//884
f 654//654 884//884 885//885
f 885//885 884//884 886//886
f 885//885 886//886 887//887
f 887//887 886//886 888//888
f 887//887 888//888 889//889
f 889//889 888//888 890//890
f 889//889 890//890 891//891
f 891//891 890//890 892//892
f 891//891 892//892 893//893
f 893//893 892//892 894//894
f 893//893 894//894 895//895
f 895//895 894//894 896//896
f 895//895 896//896 852//852
f 852//852 896//896 897//897
f 852//852 897//897 853//853
f 380//380 654//654 378//378
f 378//378 654//654 885//885
f 378//378 885//885 813//813
f 813//813 885//885 887//887
f 813//813 887//887 815//815
f 815//815 887//887 889//889
f 815//815 889//889 817//817
f 817//817 889//889 891//891
f 817//817 891//891 819//819
f 819//819 891//891 893//893
f 819//819 893//893 821//821
f 821//821 893//893 895//895
f 821//821 895//895 823//823
f 823//823 895//895 852//852
f 823//823 852//852 825//825
f 825//825 852//852 854//854
f 825//825 854//854 827//827
f 827//827 854//854 856//856
f 827//827 856//856 829//829
f 829//829 856//856 858//858
f 829//829 858//858 831//831
f 831//831 858//858 860//860
f 831//831 860//860 833//833
f 833//833 860//860 862//862
f 833//833 862//862 835//835
f 835//835 862//862 864//864
f 835//835 864//864 837//837
f 837//837 864//864 866//866
f 837//837 866//866 839//839
f 839//839 866//866 868//868
f 839//839 868//868 841//841
f 841//841 868//868 870//870
f 841//841 870//870 843//843
f 843//843 870//870 872//872
f 843//843 872//872 845//845
f 845//845 872//872 874//874
f 845//845 874//874 847//847
f 847//847 874//874 876//876
f 847//847 876//876 849//849
f 849//849 876//876 878//878
f 849//849 878//878 850//850
f 850//850 878//878 879//879
f 850//850 879//879 851//851
f 789//789 790//790 898//898
f 898//898 790//790 791//791
f 898//898 791//791 899//899
f 899//899 791//791 792//792
f 899//899 792//792 900//900
f 900//900 792//792 793//793
f 900//900 793//793 901//901
f 901//901 793//793 902//902
f 901//901 902//902 903//903
f 903//903 902//902 904//904
f 903//903 904//904 905//905
f 905//905 904//904 906//906
f 905//905 906//906 907//907
f 907//907 906//906 908//908
f 907//907 908//908 909//909
f 909//909 908//908 910//910
f 909//909 910//910 911//911
f 911//911 910//910 912//912
f 911//911 912//912 913//913
f 913//913 912//912 914//914
f 913//913 914//914 357//357
f 357//357 914//914 915//915
f 357//357 915//915 358//358
f 916//916 917//917 918//918
f 918//918 917//917 919//919
f 918//918 919//919 920//920
f 921//921 922//922 923//923
f 923//923 922//922 924//924
f 923//923 924//924 925//925
f 925//925 924//924 926//926
f 925//925 926//926 927//927
f 927//927 926//926 928//928
f 927//927 928//928 929//929
f 501//501 500//500 517//517
f 517//517 500//500 809//809
f 517//517 809//809 514//514
f 514//514 809//809 808//808
f 514//514 808//808 525//525
f 525//525 808//808 807//807
f 525//525 807//807 530//530
f 530//530 807//807 805//805
f 530//530 805//805 533//533
f 533//533 805//805 803//803
f 533//533 803//803 539//539
f 539//539 803//803 802//802
f 539//539 802//802 395//395
f 395//395 802//802 801//801
f 395//395 801//801 553//553
f 553//553 801//801 799//799
f 553//553 799//799 558//558
f 558//558 799//799 797//797
f 558//558 797//797 562//562
f 562//562 797//797 795//795
f 562//562 795//795 571//571
f 571//571 795//795 794//794
f 571//571 794//794 573//573
f 573//573 794//794 811//811
f 573//573 811//811 392//392
f 920//920 929//929 918//918
f 918//918 929//929 928//928
f 918//918 928//928 916//916
f 916//916 928//928 926//926
f 916//916 926//926 930//930
f 930//930 926//926 924//924
f 930//930 924//924 931//931
f 931//931 924//924 922//922
f 932//932 933//933 934//934
f 934//934 933//933 935//935
f 934//934 935//935 936//936
f 936//936 935//935 937//937
f 936//936 937//937 938//938
f 938//938 937//937 939//939
f 938//938 939//939 940//940
f 940//940 939//939 941//941
f 940//940 941//941 942//942
f 942//942 941//941 943//943
f 942//942 943//943 944//944
f 944//944 943//943 945//945
f 944//944 945//945 946//946
f 933//933 921//921 935//935
f 935//935 921//921 923//923
f 935//935 923//923 937//937
f 937//937 923//923 925//925
f 937//937 925//925 939//939
f 939//939 925//925 927//927
f 939//939 927//927 941//941
f 941//941 927//927 929//929
f 941//941 929//929 943//943
f 943//943 929//929 920//920
f 943//943 920//920 945//945
f 947//947 948//948 949//949
f 949//949 948//948 950//950
f 949//949 950//950 951//951
f 951//951 950//950 952//952
f 951//951 952//952 953//953
f 954//954 362//362 955//955
f 955//955 362//362 363//363
f 955//955 363//363 956//956
f 956//956 363//363 957//957
f 956//956 957//957 958//958
f 958//958 957//957 959//959
f 958//958 959//959 960//960
f 960//960 959//959 961//961
f 960//960 961//961 962//962
f 962//962 961//961 359//359
f 962//962 359//359 963//963
f 963//963 359//359 358//358
f 963//963 358//358 964//964
f 964//964 358//358 915//915
f 964//964 915//915 965//965
f 965//965 915//915 914//914
f 965//965 914//914 966//966
f 966//966 914//914 912//912
f 966//966 912//912 967//967
f 967//967 912//912 910//910
f 967//967 910//910 968//968
f 968//968 910//910 908//908
f 968//968 908//908 969//969
f 969//969 908//908 906//906
f 969//969 906//906 970//970
f 970//970 906//906 904//904
f 970//970 904//904 971//971
f 971//971 904//904 902//902
f 971//971 902//902 972//972
f 972//972 902//902 793//793
f 972//972 793//793 973//973
f 973//973 793//793 369//369
f 973//973 369//369 974//974
f 974//974 369//369 368//368
f 974//974 368//368 975//975
f 975//975 368//368 371//371
f 976//976 360//360 354//354
f 354//354 360//360 362//362
f 354//354 362//362 355//355
f 355//355 362//362 954//954
f 656//656 977//977 978//978
f 978//978 977//977 979//979
f 978//978 979//979 980//980
f 980//980 979//979 981//981
f 980//980 981//981 982//982
f 982//982 981//981 983//983
f 982//982 983//983 356//356
f 356//356 983//983 984//984
f 356//356 984//984 354//354
f 354//354 984//984 985//985
f 354//354 985//985 976//976
f 953//953 952//952 351//351
f 351//351 952//952 986//986
f 351//351 986//986 352//352
f 987//987 947//947 988//988
f 988//988 947//947 949//949
f 988//988 949//949 989//989
f 989//989 949//949 951//951
f 989//989 951//951 990//990
f 990//990 951//951 953//953
f 990//990 953//953 991//991
f 991//991 953//953 351//351
f 992//992 353//353 993//993
f 993//993 353//353 352//352
f 993//993 352//352 994//994
f 994//994 352//352 986//986
f 994//994 986//986 995//995
f 995//995 986//986 952//952
f 995//995 952//952 932//932
f 932//932 952//952 950//950
f 932//932 950//950 933//933
f 933//933 950//950 948//948
f 933//933 948//948 921//921
f 921//921 948//948 947//947
f 921//921 947//947 922//922
f 922//922 947//947 987//987
f 922//922 987//987 931//931
f 992//992 996//996 353//353
f 353//353 996//996 997//997
f 353//353 997//997 998//998
f 997//997 999//999 998//998
f 998//998 999//999 1000//1000
f 998//998 1000//1000 1001//1001
f 383//383 1002//1002 610//610
f 610//610 1002//1002 1003//1003
f 610//610 1003//1003 618//618
f 618//618 1003//1003 636//636
f 618//618 636//636 622//622
f 622//622 636//636 639//639
f 622//622 639//639 624//624
f 1000//1000 1004//1004 1001//1001
f 1001//1001 1004//1004 1005//1005
f 1001//1001 1005//1005 1006//1006
f 1006//1006 1005//1005 1007//1007
f 1006//1006 1007//1007 1008//1008
f 1008//1008 1007//1007 1009//1009
f 1008//1008 1009//1009 1010//1010
f 657//657 663//663 659//659
f 659//659 663//663 665//665
f 659//659 665//665 660//660
f 660//660 665//665 444//444
f 660//660 444//444 658//658
f 658//658 444//444 438//438
f 658//658 438//438 1011//1011
f 1011//1011 438//438 433//433
f 1011//1011 433//433 1012//1012
f 1012//1012 433//433 431//431
f 1012//1012 431//431 1010//1010
f 1010//1010 431//431 418//418
f 1010//1010 418//418 1008//1008
f 1008//1008 418//418 398//398
f 1008//1008 398//398 1006//1006
f 1006//1006 398//398 406//406
f 1006//1006 406//406 1001//1001
f 1001//1001 406//406 631//631
f 1001//1001 631//631 998//998
f 998//998 631//631 636//636
f 998//998 636//636 353//353
f 353//353 636//636 1003//1003
f 353//353 1003//1003 351//351
f 351//351 1003//1003 1002//1002
f 351//351 1002//1002 991//991
f 991//991 1002//1002 383//383
f 991//991 383//383 990//990
f 990//990 383//383 604//604
f 990//990 604//604 989//989
f 989//989 604//604 597//597
f 989//989 597//597 988//988
f 988//988 597//597 386//386
f 988//988 386//386 987//987
f 987//987 386//386 589//589
f 987//987 589//589 931//931
f 931//931 589//589 389//389
f 931//931 389//389 930//930
f 930//930 389//389 581//581
f 930//930 581//581 916//916
f 916//916 581//581 392//392
f 916//916 392//392 917//917
f 917//917 392//392 811//811
f 917//917 811//811 919//919
f 919//919 811//811 810//810
f 919//919 810//810 920//920
f 920//920 810//810 365//365
f 920//920 365//365 945//945
f 945//945 365//365 364//364
f 945//945 364//364 946//946
f 656//656 658//658 977//977
f 977//977 658//658 1011//1011
f 977//977 1011//1011 979//979
f 979//979 1011//1011 1012//1012
f 979//979 1012//1012 981//981
f 981//981 1012//1012 1010//1010
f 981//981 1010//1010 983//983
f 983//983 1010//1010 1009//1009
f 983//983 1009//1009 984//984
f 984//984 1009//1009 1007//1007
f 984//984 1007//1007 985//985
f 985//985 1007//1007 1005//1005
f 985//985 1005//1005 976//976
f 976//976 1005//1005 1004//1004
f 976//976 1004//1004 360//360
f 360//360 1004//1004 1000//1000
f 360//360 1000//1000 361//361
f 361//361 1000//1000 999//999
f 361//361 999//999 363//363
f 363//363 999//999 997//997
f 363//363 997//997 957//957
f 957//957 997//997 996//996
f 957//957 996//996 959//959
f 959//959 996//996 992//992
f 959//959 992//992 961//961
f 961//961 992//992 993//993
f 961//961 993//993 359//359
f 359//359 993//993 994//994
f 359//359 994//994 357//357
f 357//357 994//994 995//995
f 357//357 995//995 913//913
f 913//913 995//995 932//932
f 913//913 932//932 911//911
f 911//911 932//932 934//934
f 911//911 934//934 909//909
f 909//909 934//934 936//936
f 909//909 936//936 907//907
f 907//907 936//936 938//938
f 907//907 938//938 905//905
f 905//905 938//938 940//940
f 905//905 940//940 903//903
f 903//903 940//940 942//942
f 903//903 942//942 901//901
f 901//901 942//942 944//944
f 901//901 944//944 900//900
f 900//900 944//944 946//946
f 900//900 946//946 899//899
f 899//899 946//946 364//364
f 899//899 364//364 898//898
f 898//898 364//364 366//366
f 898//898 366//366 789//789
f 789//789 366//366 800//800
f 789//789 800//800 787//787
f 787//787 800//800 779//779
f 787//787 779//779 788//788
f 788//788 779//779 781//781
f 788//788 781//781 784//784
f 697//697 739//739 698//698
f 698//698 739//739 744//744
f 698//698 744//744 724//724
f 724//724 744//744 746//746
f 724//724 746//746 747//747
f 747//747 746//746 975//975
f 747//747 975//975 748//748
f 748//748 975//975 371//371
f 748//748 371//371 374//374
f 374//374 371//371 782//782
f 374//374 782//782 372//372
f 372//372 782//782 784//784
f 372//372 784//784 770//770
f 770//770 784//784 781//781
f 770//770 781//781 771//771
f 771//771 781//781 780//780
f 771//771 780//780 772//772
f 772//772 780//780 804//804
f 772//772 804//804 773//773
f 773//773 804//804 806//806
f 773//773 806//806 775//775
f 775//775 806//806 695//695
f 775//775 695//695 777//777
f 777//777 695//695 685//685
f 777//777 685//685 678//678
f 678//678 685//685 683//683
f 678//678 683//683 676//676
f 676//676 683//683 681//681
f 676//676 681//681 674//674
f 674//674 681//681 679//679
f 674//674 679//679 672//672
f 672//672 679//679 667//667
f 672//672 667//667 880//880
f 880//880 667//667 669//669
f 880//880 669//669 881//881
f 881//881 669//669 670//670
f 881//881 670//670 882//882
f 882//882 670//670 671//671
f 882//882 671//671 883//883
f 883//883 671//671 657//657
f 883//883 657//657 884//884
f 884//884 657//657 656//656
f 884//884 656//656 886//886
f 886//886 656//656 978//978
f 886//886 978//978 888//888
f 888//888 978//978 980//980
f 888//888 980//980 890//890
f 890//890 980//980 982//982
f 890//890 982//982 892//892
f 892//892 982//982 356//356
f 892//892 356//356 894//894
f 894//894 356//356 355//355
f 894//894 355//355 896//896
f 896//896 355//355 954//954
f 896//896 954//954 897//897
f 897//897 954//954 955//955
f 897//897 955//955 853//853
f 853//853 955//955 956//956
f 853//853 956//956 855//855
f 855//855 956//956 958//958
f 855//855 958//958 857//857
f 857//857 958//958 960//960
f 857//857 960//960 859//859
f 859//859 960//960 962//962
f 859//859 962//962 861//861
f 861//861 962//962 963//963
f 861//861 963//963 863//863
f 863//863 963//963 964//964
f 863//863 964//964 865//865
f 865//865 964//964 965//965
f 865//865 965//965 867//867
f 867//867 965//965 966//966
f 867//867 966//966 869//869
f 869//869 966//966 967//967
f 869//869 967//967 871//871
f 871//871 967//967 968//968
f 871//871 968//968 873//873
f 873//873 968//968 969//969
f 873//873 969//969 875//875
f 875//875 969//969 970//970
f 875//875 970//970 877//877
f 877//877 970//970 971//971
f 877//877 971//971 879//879
f 879//879 971//971 972//972
f 879//879 972//972 851//851
f 851//851 972//972 973//973
f 851//851 973//973 745//745
f 745//745 973//973 974//974
f 745//745 974//974 746//746
f 746//746 974//974 975//975
f 1013//1013 1014//1014 1015//1015
f 1015//1015 1014//1014 1016//1016
f 1015//1015 1016//1016 1017//1017
f 1018//1018 1019//1019 1020//1020
f 1020//1020 1019//1019 1021//1021
f 1022//1022 1023//1023 1024//1024
f 1013//1013 1025//1025 1014//1014
f 1014//1014 1025//1025 1026//1026
f 1014//1014 1026//1026 1024//1024
f 1024//1024 1026//1026 1027//1027
f 1024//1024 1027//1027 1022//1022
f 1018//1018 1028//1028 1019//1019
f 1019//1019 1028//1028 1029//1029
f 1019//1019 1029//1029 1030//1030
f 1030//1030 1029//1029 1031//1031
f 1030//1030 1031//1031 1032//1032
f 1021//1021 1019//1019 1033//1033
f 1033//1033 1019//1019 1030//1030
f 1033//1033 1030//1030 1034//1034
f 1034//1034 1030//1030 1032//1032
f 1034//1034 1032//1032 1035//1035
f 1020//1020 1036//1036 1018//1018
f 1018//1018 1036//1036 1037//1037
f 1018//1018 1037//1037 1028//1028
f 1028//1028 1037//1037 1038//1038
f 1028//1028 1038//1038 1029//1029
f 1029//1029 1038//1038 1039//1039
f 1029//1029 1039//1039 1031//1031
f 1023//1023 1040//1040 1041//1041
f 1041//1041 1040//1040 1042//1042
f 1041//1041 1042//1042 1043//1043
f 1042//1042 1044//1044 1043//1043
f 1043//1043 1044//1044 1045//1045
f 1043//1043 1045//1045 1046//1046
f 1046//1046 1045//1045 1047//1047
f 1048//1048 1049//1049 1050//1050
f 1050//1050 1049//1049 1051//1051
f 1050//1050 1051//1051 1052//1052
f 1021//1021 1053//1053 1020//1020
f 1020//1020 1053//1053 1041//1041
f 1020//1020 1041//1041 1036//1036
f 1036//1036 1041//1041 1043//1043
f 1036//1036 1043//1043 1054//1054
f 1054//1054 1043//1043 1046//1046
f 1047//1047 1055//1055 1046//1046
f 1046//1046 1055//1055 1056//1056
f 1046//1046 1056//1056 1057//1057
f 1057//1057 1058//1058 1059//1059
f 1059//1059 1058//1058 342//342
f 1057//1057 1059//1059 1046//1046
f 1046//1046 1059//1059 1060//1060
f 1046//1046 1060//1060 1054//1054
f 1054//1054 1060//1060 1051//1051
f 1054//1054 1051//1051 1036//1036
f 1036//1036 1051//1051 1049//1049
f 1036//1036 1049//1049 1037//1037
f 1037//1037 1049//1049 1048//1048
f 1037//1037 1048//1048 1038//1038
f 1061//1061 1062//1062 1063//1063
f 1063//1063 1062//1062 1064//1064
f 346//346 345//345 1061//1061
f 1061//1061 345//345 1065//1065
f 1061//1061 1065//1065 1062//1062
f 1066//1066 340//340 1067//1067
f 1067//1067 340//340 339//339
f 1067//1067 339//339 1068//1068
f 341//341 1069//1069 339//339
f 339//339 1069//1069 1070//1070
f 339//339 1070//1070 1068//1068
f 1068//1068 1070//1070 1071//1071
f 1072//1072 1073//1073 1074//1074
f 1074//1074 1073//1073 1071//1071
f 1074//1074 1071//1071 1075//1075
f 1075//1075 1071//1071 1076//1076
f 1077//1077 1078//1078 1079//1079
f 1079//1079 1078//1078 1080//1080
f 1080//1080 1078//1078 1081//1081
f 1080//1080 1081//1081 1082//1082
f 1082//1082 1081//1081 1083//1083
f 1082//1082 1083//1083 1084//1084
f 344//344 343//343 1085//1085
f 1085//1085 343//343 1086//1086
f 1085//1085 1086//1086 1087//1087
f 1088//1088 1089//1089 1090//1090
f 1090//1090 1089//1089 1085//1085
f 1090//1090 1085//1085 1091//1091
f 1091//1091 1085//1085 1087//1087
f 1092//1092 1093//1093 1094//1094
f 1094//1094 1093//1093 1095//1095
f 1094//1094 1095//1095 1096//1096
f 1096//1096 1095//1095 1097//1097
f 1096//1096 1097//1097 1098//1098
f 1098//1098 1097//1097 1099//1099
f 1098//1098 1099//1099 1100//1100
f 1100//1100 1099//1099 1101//1101
f 1088//1088 1102//1102 1089//1089
f 1089//1089 1102//1102 1103//1103
f 1089//1089 1103//1103 1104//1104
f 1105//1105 1106//1106 1107//1107
f 1107//1107 1106//1106 1104//1104
f 1107//1107 1104//1104 1108//1108
f 1108//1108 1104//1104 1103//1103
f 1109//1109 1110//1110 1111//1111
f 1111//1111 1110//1110 1112//1112
f 1113//1113 1112//1112 1092//1092
f 1092//1092 1112//1112 1110//1110
f 1092//1092 1110//1110 1093//1093
f 1093//1093 1110//1110 1109//1109
f 1093//1093 1114//1114 1095//1095
f 1095//1095 1114//1114 341//341
f 1095//1095 341//341 1097//1097
f 1097//1097 341//341 340//340
f 1097//1097 340//340 1099//1099
f 1099//1099 340//340 1066//1066
f 1099//1099 1066//1066 1101//1101
f 1109//1109 1115//1115 1093//1093
f 1093//1093 1115//1115 1116//1116
f 1093//1093 1116//1116 1114//1114
f 1114//1114 1116//1116 1117//1117
f 1114//1114 1117//1117 341//341
f 341//341 1117//1117 1118//1118
f 341//341 1118//1118 1069//1069
f 338//338 337//337 1119//1119
f 1119//1119 337//337 1120//1120
f 1119//1119 1120//1120 1121//1121
f 1121//1121 1120//1120 1122//1122
f 1121//1121 1122//1122 1123//1123
f 1124//1124 1125//1125 1126//1126
f 1126//1126 1125//1125 335//335
f 1126//1126 335//335 1127//1127
f 1127//1127 335//335 334//334
f 1127//1127 334//334 338//338
f 338//338 334//334 333//333
f 338//338 333//333 336//336
f 1128//1128 1129//1129 1130//1130
f 1130//1130 1129//1129 1131//1131
f 1130//1130 1131//1131 1132//1132
f 335//335 1133//1133 333//333
f 333//333 1133//1133 1134//1134
f 333//333 1134//1134 336//336
f 336//336 1134//1134 1135//1135
f 336//336 1135//1135 337//337
f 337//337 1135//1135 1136//1136
f 337//337 1136//1136 1120//1120
f 1120//1120 1136//1136 1137//1137
f 1120//1120 1137//1137 1122//1122
f 1122//1122 1137//1137 1138//1138
f 1122//1122 1138//1138 1123//1123
f 1123//1123 1138//1138 1139//1139
f 1123//1123 1139//1139 1140//1140
f 1100//1100 344//344 1098//1098
f 1098//1098 344//344 1085//1085
f 1098//1098 1085//1085 1096//1096
f 1096//1096 1085//1085 1089//1089
f 1096//1096 1089//1089 1094//1094
f 1094//1094 1089//1089 1104//1104
f 1094//1094 1104//1104 1092//1092
f 1092//1092 1104//1104 1106//1106
f 1092//1092 1106//1106 1113//1113
f 1113//1113 1106//1106 1141//1141
f 1105//1105 1142//1142 1106//1106
f 1106//1106 1142//1142 1143//1143
f 1106//1106 1143//1143 1141//1141
f 1141//1141 1143//1143 1144//1144
f 1141//1141 1144//1144 1145//1145
f 1146//1146 1147//1147 1148//1148
f 1148//1148 1147//1147 1149//1149
f 1148//1148 1149//1149 1150//1150
f 1151//1151 1152//1152 1153//1153
f 1153//1153 1152//1152 1154//1154
f 1153//1153 1154//1154 1155//1155
f 1155//1155 1154//1154 1145//1145
f 1155//1155 1145//1145 1156//1156
f 1156//1156 1145//1145 1144//1144
f 1157//1157 1158//1158 1159//1159
f 1159//1159 1158//1158 1152//1152
f 1159//1159 1152//1152 1160//1160
f 1160//1160 1152//1152 1151//1151
f 332//332 331//331 1161//1161
f 1161//1161 331//331 1162//1162
f 1161//1161 1162//1162 1163//1163
f 1164//1164 1165//1165 1146//1146
f 1146//1146 1148//1148 1164//1164
f 1164//1164 1148//1148 1150//1150
f 1164//1164 1150//1150 1166//1166
f 1132//1132 1167//1167 1130//1130
f 1130//1130 1167//1167 1168//1168
f 1130//1130 1168//1168 1128//1128
f 1169//1169 1170//1170 1171//1171
f 1171//1171 1170//1170 1167//1167
f 1171//1171 1167//1167 1172//1172
f 1172//1172 1167//1167 1132//1132
f 1149//1149 1163//1163 1150//1150
f 1150//1150 1163//1163 1162//1162
f 1150//1150 1162//1162 1166//1166
f 1166//1166 1162//1162 331//331
f 1166//1166 331//331 1173//1173
f 1173//1173 331//331 330//330
f 332//332 323//323 330//330
f 330//330 323//323 325//325
f 330//330 325//325 1173//1173
f 1173//1173 325//325 329//329
f 1173//1173 329//329 1174//1174
f 1165//1165 1164//1164 1175//1175
f 1175//1175 1164//1164 1166//1166
f 1175//1175 1166//1166 1176//1176
f 1176//1176 1166//1166 1173//1173
f 1176//1176 1173//1173 1177//1177
f 1177//1177 1173//1173 1174//1174
f 1177//1177 1174//1174 1178//1178
f 320//320 1179//1179 321//321
f 321//321 1179//1179 1180//1180
f 321//321 1180//1180 1181//1181
f 1181//1181 1182//1182 321//321
f 321//321 1182//1182 1183//1183
f 321//321 1183//1183 322//322
f 322//322 1183//1183 1184//1184
f 322//322 1184//1184 1185//1185
f 1186//1186 1185//1185 1187//1187
f 1187//1187 1185//1185 1184//1184
f 1187//1187 1184//1184 1188//1188
f 1188//1188 1184//1184 1183//1183
f 1188//1188 1183//1183 1189//1189
f 1189//1189 1183//1183 1182//1182
f 1189//1189 1182//1182 1190//1190
f 1190//1190 1182//1182 1181//1181
f 1190//1190 1181//1181 1191//1191
f 1192//1192 1168//1168 1193//1193
f 1193//1193 1168//1168 1167//1167
f 1193//1193 1167//1167 1194//1194
f 1194//1194 1167//1167 1170//1170
f 1194//1194 1170//1170 1195//1195
f 1195//1195 1170//1170 1169//1169
f 1195//1195 1169//1169 1196//1196
f 1191//1191 1178//1178 1197//1197
f 1197//1197 1178//1178 1174//1174
f 1197//1197 1174//1174 1198//1198
f 1198//1198 1174//1174 329//329
f 1198//1198 329//329 1199//1199
f 1199//1199 329//329 324//324
f 1199//1199 324//324 1158//1158
f 1158//1158 324//324 323//323
f 1158//1158 323//323 1152//1152
f 1152//1152 323//323 332//332
f 1152//1152 332//332 1154//1154
f 1154//1154 332//332 1161//1161
f 1154//1154 1161//1161 1145//1145
f 1145//1145 1161//1161 1163//1163
f 1145//1145 1163//1163 1141//1141
f 1141//1141 1163//1163 1149//1149
f 1141//1141 1149//1149 1113//1113
f 1113//1113 1149//1149 1147//1147
f 1113//1113 1147//1147 1112//1112
f 1112//1112 1147//1147 1146//1146
f 1112//1112 1146//1146 1111//1111
f 1111//1111 1146//1146 1165//1165
f 1111//1111 1165//1165 1109//1109
f 1109//1109 1165//1165 1124//1124
f 1109//1109 1124//1124 1115//1115
f 1115//1115 1124//1124 1126//1126
f 1115//1115 1126//1126 1116//1116
f 1116//1116 1126//1126 1127//1127
f 1116//1116 1127//1127 1117//1117
f 1117//1117 1127//1127 338//338
f 1117//1117 338//338 1118//1118
f 1118//1118 338//338 1119//1119
f 1118//1118 1119//1119 1069//1069
f 1069//1069 1119//1119 1121//1121
f 1069//1069 1121//1121 1070//1070
f 1070//1070 1121//1121 1123//1123
f 1070//1070 1123//1123 1071//1071
f 1071//1071 1123//1123 1140//1140
f 1071//1071 1140//1140 1076//1076
f 1196//1196 1200//1200 1201//1201
f 1202//1202 1192//1192 1203//1203
f 1203//1203 1192//1192 1193//1193
f 1203//1203 1193//1193 1204//1204
f 1204//1204 1193//1193 1194//1194
f 1204//1204 1194//1194 1205//1205
f 1205//1205 1194//1194 1195//1195
f 1205//1205 1195//1195 1206//1206
f 1206//1206 1195//1195 1196//1196
f 1206//1206 1196//1196 1207//1207
f 1207//1207 1196//1196 1201//1201
f 1207//1207 1201//1201 1208//1208
f 1209//1209 1202//1202 1210//1210
f 1210//1210 1202//1202 1203//1203
f 1210//1210 1203//1203 1211//1211
f 1211//1211 1203//1203 1204//1204
f 1211//1211 1204//1204 1212//1212
f 1212//1212 1204//1204 1205//1205
f 1212//1212 1205//1205 1213//1213
f 1213//1213 1205//1205 1206//1206
f 1213//1213 1206//1206 1214//1214
f 1214//1214 1206//1206 1207//1207
f 1214//1214 1207//1207 1215//1215
f 1215//1215 1207//1207 1208//1208
f 1079//1079 1216//1216 1077//1077
f 1077//1077 1216//1216 1217//1217
f 1077//1077 1217//1217 1218//1218
f 1218//1218 1217//1217 1219//1219
f 1218//1218 1219//1219 1220//1220
f 1220//1220 1219//1219 1221//1221
f 1220//1220 1221//1221 1222//1222
f 1222//1222 1221//1221 1223//1223
f 1222//1222 1223//1223 1224//1224
f 1224//1224 1223//1223 1225//1225
f 1224//1224 1225//1225 1226//1226
f 1226//1226 1225//1225 1209//1209
f 1226//1226 1209//1209 1227//1227
f 1227//1227 1209//1209 1210//1210
f 1227//1227 1210//1210 1228//1228
f 1228//1228 1210//1210 1211//1211
f 1228//1228 1211//1211 1229//1229
f 1229//1229 1211//1211 1212//1212
f 1229//1229 1212//1212 1230//1230
f 1230//1230 1212//1212 1213//1213
f 1230//1230 1213//1213 1231//1231
f 1231//1231 1213//1213 1214//1214
f 1231//1231 1214//1214 1232//1232
f 1232//1232 1214//1214 1215//1215
f 1232//1232 1215//1215 1233//1233
f 1233//1233 1215//1215 1208//1208
f 1233//1233 1208//1208 1234//1234
f 1234//1234 1208//1208 1201//1201
f 1234//1234 1201//1201 1235//1235
f 1235//1235 1201//1201 1200//1200
f 1235//1235 1200//1200 1236//1236
f 1131//1131 1237//1237 1132//1132
f 1132//1132 1237//1237 1238//1238
f 1132//1132 1238//1238 1172//1172
f 1172//1172 1238//1238 1179//1179
f 1172//1172 1179//1179 1171//1171
f 1171//1171 1179//1179 320//320
f 1171//1171 320//320 1169//1169
f 1169//1169 320//320 322//322
f 1169//1169 322//322 1196//1196
f 1196//1196 322//322 1185//1185
f 1196//1196 1185//1185 1200//1200
f 1200//1200 1185//1185 1186//1186
f 1200//1200 1186//1186 1236//1236
f 1239//1239 1240//1240 326//326
f 326//326 1240//1240 1241//1241
f 326//326 1241//1241 327//327
f 327//327 1241//1241 1242//1242
f 327//327 1242//1242 1243//1243
f 1244//1244 1245//1245 1246//1246
f 1246//1246 1245//1245 1247//1247
f 1246//1246 1247//1247 1248//1248
f 1248//1248 1247//1247 1249//1249
f 1249//1249 1247//1247 1250//1250
f 1250//1250 1247//1247 1251//1251
f 1250//1250 1251//1251 1252//1252
f 1253//1253 327//327 1251//1251
f 1251//1251 327//327 1243//1243
f 1251//1251 1243//1243 1252//1252
f 328//328 1254//1254 1255//1255
f 1255//1255 1254//1254 1256//1256
f 1255//1255 1256//1256 1257//1257
f 1258//1258 1259//1259 1260//1260
f 1260//1260 1259//1259 1261//1261
f 1260//1260 1261//1261 1262//1262
f 1263//1263 1264//1264 1265//1265
f 1266//1266 1267//1267 1268//1268
f 1268//1268 1267//1267 1269//1269
f 1244//1244 1270//1270 1245//1245
f 1245//1245 1270//1270 1271//1271
f 1245//1245 1271//1271 1263//1263
f 1263//1263 1271//1271 1272//1272
f 1263//1263 1272//1272 1264//1264
f 1270//1270 1273//1273 1271//1271
f 1271//1271 1273//1273 1274//1274
f 1271//1271 1274//1274 1272//1272
f 1272//1272 1274//1274 1275//1275
f 1272//1272 1275//1275 1276//1276
f 1277//1277 1278//1278 1279//1279
f 1280//1280 1281//1281 1282//1282
f 1282//1282 1281//1281 1283//1283
f 1283//1283 1284//1284 1285//1285
f 1285//1285 1284//1284 1286//1286
f 1285//1285 1286//1286 317//317
f 1287//1287 1265//1265 1288//1288
f 1288//1288 1265//1265 1264//1264
f 1288//1288 1264//1264 1289//1289
f 1289//1289 1264//1264 1272//1272
f 1289//1289 1272//1272 1277//1277
f 1277//1277 1272//1272 1276//1276
f 1277//1277 1276//1276 1278//1278
f 1290//1290 1287//1287 1291//1291
f 1291//1291 1287//1287 1288//1288
f 1291//1291 1288//1288 1292//1292
f 1292//1292 1288//1288 1289//1289
f 1292//1292 1289//1289 1293//1293
f 1293//1293 1289//1289 1277//1277
f 1293//1293 1277//1277 1282//1282
f 1282//1282 1277//1277 1279//1279
f 1282//1282 1279//1279 1280//1280
f 1294//1294 1295//1295 1296//1296
f 1296//1296 1295//1295 1297//1297
f 1296//1296 1297//1297 1298//1298
f 1269//1269 1258//1258 1268//1268
f 1268//1268 1258//1258 1260//1260
f 1268//1268 1260//1260 1266//1266
f 1266//1266 1260//1260 1262//1262
f 1266//1266 1262//1262 1299//1299
f 1299//1299 1262//1262 1300//1300
f 1299//1299 1300//1300 1301//1301
f 1301//1301 1300//1300 1302//1302
f 1301//1301 1302//1302 1303//1303
f 1259//1259 1294//1294 1261//1261
f 1261//1261 1294//1294 1296//1296
f 1261//1261 1296//1296 1262//1262
f 1262//1262 1296//1296 1298//1298
f 1262//1262 1298//1298 1300//1300
f 1300//1300 1298//1298 1304//1304
f 1300//1300 1304//1304 1302//1302
f 1267//1267 1253//1253 1269//1269
f 1269//1269 1253//1253 1251//1251
f 1269//1269 1251//1251 1258//1258
f 1258//1258 1251//1251 1247//1247
f 1258//1258 1247//1247 1259//1259
f 1259//1259 1247//1247 1245//1245
f 1259//1259 1245//1245 1294//1294
f 1294//1294 1245//1245 1263//1263
f 1294//1294 1263//1263 1295//1295
f 1295//1295 1263//1263 1265//1265
f 1295//1295 1265//1265 1297//1297
f 1297//1297 1265//1265 1287//1287
f 1297//1297 1287//1287 1298//1298
f 1298//1298 1287//1287 1290//1290
f 1298//1298 1290//1290 1304//1304
f 1305//1305 1306//1306 1307//1307
f 1307//1307 1306//1306 1308//1308
f 1307//1307 1308//1308 1309//1309
f 1310//1310 1311//1311 1305//1305
f 1312//1312 1313//1313 1314//1314
f 1314//1314 1313//1313 1315//1315
f 316//316 315//315 1316//1316
f 1316//1316 315//315 1317//1317
f 1316//1316 1317//1317 1315//1315
f 1315//1315 1317//1317 1318//1318
f 1315//1315 1318//1318 1314//1314
f 318//318 1319//1319 1320//1320
f 1319//1319 1321//1321 1320//1320
f 1320//1320 1321//1321 1322//1322
f 1320//1320 1322//1322 1323//1323
f 1323//1323 1324//1324 1325//1325
f 1325//1325 1324//1324 1326//1326
f 1325//1325 1326//1326 1327//1327
f 1327//1327 1328//1328 1329//1329
f 1329//1329 1328//1328 1330//1330
f 318//318 1320//1320 319//319
f 319//319 1320//1320 1331//1331
f 319//319 1331//1331 1332//1332
f 1332//1332 1331//1331 1333//1333
f 1332//1332 1333//1333 1334//1334
f 1334//1334 1333//1333 1335//1335
f 1334//1334 1335//1335 1308//1308
f 1336//1336 1337//1337 1338//1338
f 1327//1327 1329//1329 1325//1325
f 1325//1325 1329//1329 1339//1339
f 1325//1325 1339//1339 1340//1340
f 1340//1340 1339//1339 1336//1336
f 1340//1340 1336//1336 1341//1341
f 1341//1341 1336//1336 1338//1338
f 1341//1341 1338//1338 1342//1342
f 1323//1323 1325//1325 1320//1320
f 1320//1320 1325//1325 1340//1340
f 1320//1320 1340//1340 1331//1331
f 1331//1331 1340//1340 1341//1341
f 1331//1331 1341//1341 1333//1333
f 1333//1333 1341//1341 1342//1342
f 1333//1333 1342//1342 1335//1335
f 1343//1343 1344//1344 1345//1345
f 1346//1346 1347//1347 1348//1348
f 1348//1348 1347//1347 1349//1349
f 1348//1348 1349//1349 1350//1350
f 1330//1330 1351//1351 1343//1343
f 1343//1343 1351//1351 1352//1352
f 1343//1343 1352//1352 1353//1353
f 1354//1354 1355//1355 1356//1356
f 1356//1356 1355//1355 1347//1347
f 1356//1356 1347//1347 1357//1357
f 1357//1357 1347//1347 1346//1346
f 1354//1354 1358//1358 1355//1355
f 1355//1355 1358//1358 1359//1359
f 1355//1355 1359//1359 1360//1360
f 1360//1360 1359//1359 1361//1361
f 1360//1360 1361//1361 1016//1016
f 1016//1016 1361//1361 1362//1362
f 1016//1016 1362//1362 1017//1017
f 1363//1363 1364//1364 1365//1365
f 1365//1365 1364//1364 1366//1366
f 1365//1365 1366//1366 1367//1367
f 1367//1367 1366//1366 1368//1368
f 1367//1367 1368//1368 1369//1369
f 1369//1369 1368//1368 1370//1370
f 1369//1369 1370//1370 1371//1371
f 1371//1371 1370//1370 1372//1372
f 1371//1371 1372//1372 1373//1373
f 1373//1373 1372//1372 1374//1374
f 1373//1373 1374//1374 1375//1375
f 1375//1375 1374//1374 1376//1376
f 1375//1375 1376//1376 1377//1377
f 1377//1377 1349//1349 1375//1375
f 1375//1375 1349//1349 1347//1347
f 1375//1375 1347//1347 1373//1373
f 1373//1373 1347//1347 1355//1355
f 1373//1373 1355//1355 1371//1371
f 1371//1371 1355//1355 1360//1360
f 1371//1371 1360//1360 1369//1369
f 1369//1369 1360//1360 1016//1016
f 1369//1369 1016//1016 1367//1367
f 1367//1367 1016//1016 1014//1014
f 1367//1367 1014//1014 1365//1365
f 1365//1365 1014//1014 1024//1024
f 1365//1365 1024//1024 1363//1363
f 349//349 348//348 1378//1378
f 1378//1378 348//348 1379//1379
f 1378//1378 1379//1379 1380//1380
f 1380//1380 1379//1379 1381//1381
f 1380//1380 1381//1381 1382//1382
f 1382//1382 1381//1381 1383//1383
f 1382//1382 1383//1383 1384//1384
f 1384//1384 1383//1383 1385//1385
f 1384//1384 1385//1385 1344//1344
f 1344//1344 1385//1385 1386//1386
f 1344//1344 1386//1386 1345//1345
f 1364//1364 350//350 1366//1366
f 1366//1366 350//350 349//349
f 1366//1366 349//349 1368//1368
f 1368//1368 349//349 1378//1378
f 1368//1368 1378//1378 1370//1370
f 1370//1370 1378//1378 1380//1380
f 1370//1370 1380//1380 1372//1372
f 1372//1372 1380//1380 1382//1382
f 1372//1372 1382//1382 1374//1374
f 1374//1374 1382//1382 1384//1384
f 1374//1374 1384//1384 1376//1376
f 1376//1376 1384//1384 1344//1344
f 1376//1376 1344//1344 1377//1377
f 1377//1377 1344//1344 1343//1343
f 1377//1377 1343//1343 1349//1349
f 1349//1349 1343//1343 1353//1353
f 1349//1349 1353//1353 1350//1350
f 1387//1387 1388//1388 1389//1389
f 1337//1337 1390//1390 1338//1338
f 1338//1338 1390//1390 1391//1391
f 1338//1338 1391//1391 1342//1342
f 1342//1342 1391//1391 1392//1392
f 1342//1342 1392//1392 1335//1335
f 1335//1335 1392//1392 1393//1393
f 1335//1335 1393//1393 1308//1308
f 1308//1308 1393//1393 1394//1394
f 1308//1308 1394//1394 1309//1309
f 1395//1395 1396//1396 1397//1397
f 1397//1397 1396//1396 1398//1398
f 1397//1397 1398//1398 1399//1399
f 1399//1399 1400//1400 1397//1397
f 1397//1397 1400//1400 314//314
f 1397//1397 314//314 1395//1395
f 1395//1395 314//314 316//316
f 1388//1388 1401//1401 1402//1402
f 1402//1402 1401//1401 1403//1403
f 1402//1402 1403//1403 1404//1404
f 1388//1388 1387//1387 1401//1401
f 1401//1401 1387//1387 1405//1405
f 1401//1401 1405//1405 1403//1403
f 1052//1052 1064//1064 1050//1050
f 1050//1050 1064//1064 1062//1062
f 1050//1050 1062//1062 1048//1048
f 1048//1048 1062//1062 1065//1065
f 1048//1048 1065//1065 1038//1038
f 1038//1038 1065//1065 345//345
f 1038//1038 345//345 1039//1039
f 1039//1039 345//345 347//347
f 1039//1039 347//347 1031//1031
f 1031//1031 347//347 1406//1406
f 1031//1031 1406//1406 1032//1032
f 1032//1032 1406//1406 1407//1407
f 1032//1032 1407//1407 1035//1035
f 1035//1035 1407//1407 1408//1408
f 1035//1035 1408//1408 1409//1409
f 1409//1409 1408//1408 1410//1410
f 1409//1409 1410//1410 1411//1411
f 1411//1411 1410//1410 1412//1412
f 1411//1411 1412//1412 1405//1405
f 1405//1405 1412//1412 1413//1413
f 1405//1405 1413//1413 1403//1403
f 1023//1023 1041//1041 1024//1024
f 1024//1024 1041//1041 1053//1053
f 1024//1024 1053//1053 1363//1363
f 1363//1363 1053//1053 1021//1021
f 1363//1363 1021//1021 1364//1364
f 1364//1364 1021//1021 1033//1033
f 1364//1364 1033//1033 350//350
f 350//350 1033//1033 1034//1034
f 350//350 1034//1034 348//348
f 348//348 1034//1034 1035//1035
f 348//348 1035//1035 1379//1379
f 1379//1379 1035//1035 1409//1409
f 1379//1379 1409//1409 1381//1381
f 1381//1381 1409//1409 1411//1411
f 1381//1381 1411//1411 1383//1383
f 1383//1383 1411//1411 1405//1405
f 1383//1383 1405//1405 1385//1385
f 1385//1385 1405//1405 1387//1387
f 1385//1385 1387//1387 1386//1386
f 1386//1386 1387//1387 1389//1389
f 1386//1386 1389//1389 1345//1345
f 1400//1400 1414//1414 314//314
f 314//314 1414//1414 1415//1415
f 314//314 1415//1415 315//315
f 315//315 1415//1415 1416//1416
f 315//315 1416//1416 1317//1317
f 1317//1317 1416//1416 1417//1417
f 1317//1317 1417//1417 1318//1318
f 1318//1318 1417//1417 1418//1418
f 1318//1318 1418//1418 1314//1314
f 1314//1314 1418//1418 1419//1419
f 1314//1314 1419//1419 1312//1312
f 1420//1420 1421//1421 1422//1422
f 1422//1422 1421//1421 1423//1423
f 1422//1422 1423//1423 1424//1424
f 1283//1283 1285//1285 1282//1282
f 1282//1282 1285//1285 1425//1425
f 1282//1282 1425//1425 1293//1293
f 1293//1293 1425//1425 1426//1426
f 1293//1293 1426//1426 1292//1292
f 1292//1292 1426//1426 1427//1427
f 1292//1292 1427//1427 1291//1291
f 1291//1291 1427//1427 1428//1428
f 1291//1291 1428//1428 1290//1290
f 1290//1290 1428//1428 1429//1429
f 1290//1290 1429//1429 1304//1304
f 1304//1304 1429//1429 1430//1430
f 1304//1304 1430//1430 1302//1302
f 1302//1302 1430//1430 1431//1431
f 1302//1302 1431//1431 1303//1303
f 1303//1303 1431//1431 1432//1432
f 1303//1303 1432//1432 1433//1433
f 1433//1433 1432//1432 1434//1434
f 1433//1433 1434//1434 1435//1435
f 1435//1435 1434//1434 1436//1436
f 1435//1435 1436//1436 1437//1437
f 1437//1437 1436//1436 1438//1438
f 1437//1437 1438//1438 1439//1439
f 1439//1439 1438//1438 1440//1440
f 1439//1439 1440//1440 1441//1441
f 328//328 327//327 1254//1254
f 1254//1254 327//327 1253//1253
f 1254//1254 1253//1253 1256//1256
f 1256//1256 1253//1253 1267//1267
f 1256//1256 1267//1267 1257//1257
f 1257//1257 1267//1267 1266//1266
f 1257//1257 1266//1266 1442//1442
f 1442//1442 1266//1266 1299//1299
f 1442//1442 1299//1299 1443//1443
f 1443//1443 1299//1299 1301//1301
f 1443//1443 1301//1301 1444//1444
f 1444//1444 1301//1301 1303//1303
f 1444//1444 1303//1303 1445//1445
f 1445//1445 1303//1303 1433//1433
f 1445//1445 1433//1433 1446//1446
f 1446//1446 1433//1433 1435//1435
f 1446//1446 1435//1435 1447//1447
f 1447//1447 1435//1435 1437//1437
f 1447//1447 1437//1437 1448//1448
f 1448//1448 1437//1437 1439//1439
f 1448//1448 1439//1439 1423//1423
f 1423//1423 1439//1439 1441//1441
f 1423//1423 1441//1441 1424//1424
f 1449//1449 1450//1450 1419//1419
f 1419//1419 1450//1450 1451//1451
f 1419//1419 1451//1451 1312//1312
f 1311//1311 1310//1310 1452//1452
f 1452//1452 1310//1310 1453//1453
f 1452//1452 1453//1453 1454//1454
f 1454//1454 1453//1453 1455//1455
f 1454//1454 1455//1455 1456//1456
f 1456//1456 1455//1455 1457//1457
f 1456//1456 1457//1457 1458//1458
f 1458//1458 1457//1457 1459//1459
f 1458//1458 1459//1459 1460//1460
f 1460//1460 1459//1459 1461//1461
f 1460//1460 1461//1461 1462//1462
f 1330//1330 1343//1343 1329//1329
f 1329//1329 1343//1343 1345//1345
f 1329//1329 1345//1345 1339//1339
f 1339//1339 1345//1345 1389//1389
f 1339//1339 1389//1389 1336//1336
f 1336//1336 1389//1389 1388//1388
f 1336//1336 1388//1388 1337//1337
f 1337//1337 1388//1388 1402//1402
f 1337//1337 1402//1402 1390//1390
f 1390//1390 1402//1402 1404//1404
f 1390//1390 1404//1404 1391//1391
f 1391//1391 1404//1404 1398//1398
f 1391//1391 1398//1398 1392//1392
f 1392//1392 1398//1398 1396//1396
f 1392//1392 1396//1396 1393//1393
f 1393//1393 1396//1396 1395//1395
f 1393//1393 1395//1395 1394//1394
f 1394//1394 1395//1395 316//316
f 1394//1394 316//316 1309//1309
f 1309//1309 316//316 1316//1316
f 1309//1309 1316//1316 1307//1307
f 1307//1307 1316//1316 1315//1315
f 1307//1307 1315//1315 1305//1305
f 1305//1305 1315//1315 1313//1313
f 1305//1305 1313//1313 1310//1310
f 1310//1310 1313//1313 1312//1312
f 1310//1310 1312//1312 1453//1453
f 1453//1453 1312//1312 1451//1451
f 1453//1453 1451//1451 1455//1455
f 1455//1455 1451//1451 1450//1450
f 1455//1455 1450//1450 1457//1457
f 1457//1457 1450//1450 1449//1449
f 1457//1457 1449//1449 1459//1459
f 1459//1459 1449//1449 1463//1463
f 1459//1459 1463//1463 1461//1461
f 317//317 319//319 1285//1285
f 1285//1285 319//319 1332//1332
f 1285//1285 1332//1332 1425//1425
f 1425//1425 1332//1332 1334//1334
f 1425//1425 1334//1334 1426//1426
f 1426//1426 1334//1334 1308//1308
f 1426//1426 1308//1308 1427//1427
f 1427//1427 1308//1308 1306//1306
f 1427//1427 1306//1306 1428//1428
f 1428//1428 1306//1306 1305//1305
f 1428//1428 1305//1305 1429//1429
f 1429//1429 1305//1305 1311//1311
f 1429//1429 1311//1311 1430//1430
f 1430//1430 1311//1311 1452//1452
f 1430//1430 1452//1452 1431//1431
f 1431//1431 1452//1452 1454//1454
f 1431//1431 1454//1454 1432//1432
f 1432//1432 1454//1454 1456//1456
f 1432//1432 1456//1456 1434//1434
f 1434//1434 1456//1456 1458//1458
f 1434//1434 1458//1458 1436//1436
f 1436//1436 1458//1458 1460//1460
f 1436//1436 1460//1460 1438//1438
f 1438//1438 1460//1460 1462//1462
f 1438//1438 1462//1462 1440//1440
f 1464//1464 1465//1465 1466//1466
f 1466//1466 1465//1465 1467//1467
f 1466//1466 1467//1467 1468//1468
f 1468//1468 1467//1467 1469//1469
f 1468//1468 1469//1469 1470//1470
f 1470//1470 1469//1469 1471//1471
f 1470//1470 1471//1471 1472//1472
f 1472//1472 1471//1471 1473//1473
f 1472//1472 1473//1473 1474//1474
f 1475//1475 1476//1476 1477//1477
f 1477//1477 1476//1476 1478//1478
f 1477//1477 1478//1478 1479//1479
f 1479//1479 1478//1478 1480//1480
f 1475//1475 1481//1481 1476//1476
f 1476//1476 1481//1481 1482//1482
f 1476//1476 1482//1482 1478//1478
f 1478//1478 1482//1482 1483//1483
f 1478//1478 1483//1483 1480//1480
f 1480//1480 1483//1483 1484//1484
f 1480//1480 1484//1484 1485//1485
f 1485//1485 1484//1484 1474//1474
f 1485//1485 1474//1474 1486//1486
f 1486//1486 1474//1474 1473//1473
f 1191//1191 1181//1181 1178//1178
f 1178//1178 1181//1181 1180//1180
f 1178//1178 1180//1180 1177//1177
f 1177//1177 1180//1180 1179//1179
f 1177//1177 1179//1179 1176//1176
f 1176//1176 1179//1179 1238//1238
f 1176//1176 1238//1238 1175//1175
f 1175//1175 1238//1238 1237//1237
f 1175//1175 1237//1237 1165//1165
f 1165//1165 1237//1237 1131//1131
f 1165//1165 1131//1131 1124//1124
f 1124//1124 1131//1131 1129//1129
f 1124//1124 1129//1129 1125//1125
f 1125//1125 1129//1129 1128//1128
f 1125//1125 1128//1128 335//335
f 335//335 1128//1128 1168//1168
f 335//335 1168//1168 1133//1133
f 1133//1133 1168//1168 1192//1192
f 1133//1133 1192//1192 1134//1134
f 1134//1134 1192//1192 1202//1202
f 1134//1134 1202//1202 1135//1135
f 1135//1135 1202//1202 1209//1209
f 1135//1135 1209//1209 1136//1136
f 1136//1136 1209//1209 1225//1225
f 1136//1136 1225//1225 1137//1137
f 1137//1137 1225//1225 1223//1223
f 1137//1137 1223//1223 1138//1138
f 1138//1138 1223//1223 1221//1221
f 1138//1138 1221//1221 1139//1139
f 1139//1139 1221//1221 1219//1219
f 1139//1139 1219//1219 1140//1140
f 1140//1140 1219//1219 1217//1217
f 1140//1140 1217//1217 1076//1076
f 1076//1076 1217//1217 1216//1216
f 1076//1076 1216//1216 1075//1075
f 1075//1075 1216//1216 1079//1079
f 1075//1075 1079//1079 1074//1074
f 1074//1074 1079//1079 1080//1080
f 1074//1074 1080//1080 1072//1072
f 1072//1072 1080//1080 1082//1082
f 1072//1072 1082//1082 1487//1487
f 1487//1487 1082//1082 1084//1084
f 1487//1487 1084//1084 1488//1488
f 1488//1488 1084//1084 1489//1489
f 1488//1488 1489//1489 1490//1490
f 1490//1490 1489//1489 1491//1491
f 1490//1490 1491//1491 1492//1492
f 1492//1492 1491//1491 1493//1493
f 1492//1492 1493//1493 1494//1494
f 1494//1494 1493//1493 1495//1495
f 1494//1494 1495//1495 1496//1496
f 1496//1496 1495//1495 1497//1497
f 1496//1496 1497//1497 1481//1481
f 1481//1481 1497//1497 1498//1498
f 1481//1481 1498//1498 1482//1482
f 342//342 344//344 1059//1059
f 1059//1059 344//344 1100//1100
f 1059//1059 1100//1100 1060//1060
f 1060//1060 1100//1100 1101//1101
f 1060//1060 1101//1101 1051//1051
f 1051//1051 1101//1101 1066//1066
f 1051//1051 1066//1066 1052//1052
f 1052//1052 1066//1066 1067//1067
f 1052//1052 1067//1067 1064//1064
f 1064//1064 1067//1067 1068//1068
f 1064//1064 1068//1068 1063//1063
f 1063//1063 1068//1068 1071//1071
f 1063//1063 1071//1071 1061//1061
f 1061//1061 1071//1071 1073//1073
f 1061//1061 1073//1073 346//346
f 346//346 1073//1073 1072//1072
f 346//346 1072//1072 347//347
f 347//347 1072//1072 1487//1487
f 347//347 1487//1487 1406//1406
f 1406//1406 1487//1487 1488//1488
f 1406//1406 1488//1488 1407//1407
f 1407//1407 1488//1488 1490//1490
f 1407//1407 1490//1490 1408//1408
f 1408//1408 1490//1490 1492//1492
f 1408//1408 1492//1492 1410//1410
f 1410//1410 1492//1492 1494//1494
f 1410//1410 1494//1494 1412//1412
f 1412//1412 1494//1494 1496//1496
f 1412//1412 1496//1496 1413//1413
f 1413//1413 1496//1496 1481//1481
f 1413//1413 1481//1481 1403//1403
f 1403//1403 1481//1481 1475//1475
f 1403//1403 1475//1475 1404//1404
f 1404//1404 1475//1475 1477//1477
f 1404//1404 1477//1477 1398//1398
f 1398//1398 1477//1477 1479//1479
f 1398//1398 1479//1479 1399//1399
f 1399//1399 1479//1479 1480//1480
f 1399//1399 1480//1480 1400//1400
f 1400//1400 1480//1480 1485//1485
f 1400//1400 1485//1485 1414//1414
f 1414//1414 1485//1485 1486//1486
f 1414//1414 1486//1486 1415//1415
f 1415//1415 1486//1486 1473//1473
f 1415//1415 1473//1473 1416//1416
f 1416//1416 1473//1473 1471//1471
f 1416//1416 1471//1471 1417//1417
f 1417//1417 1471//1471 1469//1469
f 1417//1417 1469//1469 1418//1418
f 1418//1418 1469//1469 1467//1467
f 1418//1418 1467//1467 1419//1419
f 1419//1419 1467//1467 1465//1465
f 1419//1419 1465//1465 1449//1449
f 1449//1449 1465//1465 1464//1464
f 1449//1449 1464//1464 1463//1463
f 1157//1157 1239//1239 1158//1158
f 1158//1158 1239//1239 326//326
f 1158//1158 326//326 1199//1199
f 1199//1199 326//326 328//328
f 1199//1199 328//328 1198//1198
f 1198//1198 328//328 1255//1255
f 1198//1198 1255//1255 1197//1197
f 1197//1197 1255//1255 1257//1257
f 1197//1197 1257//1257 1191//1191
f 1191//1191 1257//1257 1442//1442
f 1191//1191 1442//1442 1190//1190
f 1190//1190 1442//1442 1443//1443
f 1190//1190 1443//1443 1189//1189
f 1189//1189 1443//1443 1444//1444
f 1189//1189 1444//1444 1188//1188
f 1188//1188 1444//1444 1445//1445
f 1188//1188 1445//1445 1187//1187
f 1187//1187 1445//1445 1446//1446
f 1187//1187 1446//1446 1186//1186
f 1186//1186 1446//1446 1447//1447
f 1186//1186 1447//1447 1236//1236
f 1236//1236 1447//1447 1448//1448
f 1236//1236 1448//1448 1235//1235
f 1235//1235 1448//1448 1423//1423
f 1235//1235 1423//1423 1234//1234
f 1234//1234 1423//1423 1421//1421
f 1234//1234 1421//1421 1233//1233
f 1233//1233 1421//1421 1420//1420
f 1233//1233 1420//1420 1232//1232
f 1232//1232 1420//1420 812//812
f 1232//1232 812//812 1231//1231
f 1231//1231 812//812 814//814
f 1231//1231 814//814 1230//1230
f 1230//1230 814//814 816//816
f 1230//1230 816//816 1229//1229
f 1229//1229 816//816 818//818
f 1229//1229 818//818 1228//1228
f 1228//1228 818//818 820//820
f 1228//1228 820//820 1227//1227
f 1227//1227 820//820 822//822
f 1227//1227 822//822 1226//1226
f 1226//1226 822//822 824//824
f 1226//1226 824//824 1224//1224
f 1224//1224 824//824 826//826
f 1224//1224 826//826 1222//1222
f 1222//1222 826//826 828//828
f 1222//1222 828//828 1220//1220
f 1220//1220 828//828 830//830
f 1220//1220 830//830 1218//1218
f 1218//1218 830//830 832//832
f 1218//1218 832//832 1077//1077
f 1077//1077 832//832 834//834
f 1077//1077 834//834 1078//1078
f 1078//1078 834//834 836//836
f 1078//1078 836//836 1081//1081
f 1081//1081 836//836 838//838
f 1081//1081 838//838 1083//1083
f 1083//1083 838//838 840//840
f 1083//1083 840//840 1084//1084
f 1084//1084 840//840 842//842
f 1084//1084 842//842 1489//1489
f 1489//1489 842//842 844//844
f 1489//1489 844//844 1491//1491
f 1491//1491 844//844 846//846
f 1491//1491 846//846 1493//1493
f 1493//1493 846//846 848//848
f 1493//1493 848//848 1495//1495
f 1495//1495 848//848 742//742
f 1495//1495 742//742 1497//1497
f 1497//1497 742//742 740//740
f 1497//1497 740//740 1498//1498
f 1498//1498 740//740 738//738
f 1498//1498 738//738 1482//1482
f 1482//1482 738//738 697//697
f 1482//1482 697//697 1483//1483
f 1483//1483 697//697 699//699
f 1483//1483 699//699 1484//1484
f 1484//1484 699//699 701//701
f 1484//1484 701//701 1474//1474
f 1474//1474 701//701 703//703
f 1474//1474 703//703 1472//1472
f 1472//1472 703//703 705//705
f 1472//1472 705//705 1470//1470
f 1470//1470 705//705 707//707
f 1470//1470 707//707 1468//1468
f 1468//1468 707//707 709//709
f 1468//1468 709//709 1466//1466
f 1466//1466 709//709 711//711
f 1466//1466 711//711 1464//1464
f 1464//1464 711//711 713//713
f 1464//1464 713//713 1463//1463
f 1463//1463 713//713 715//715
f 1463//1463 715//715 1461//1461
f 1461//1461 715//715 717//717
f 1461//1461 717//717 1462//1462
f 1462//1462 717//717 719//719
f 1462//1462 719//719 1440//1440
f 1440//1440 719//719 721//721
f 1440//1440 721//721 1441//1441
f 1441//1441 721//721 655//655
f 1441//1441 655//655 1424//1424
f 1424//1424 655//655 380//380
f 1424//1424 380//380 1422//1422
f 1422//1422 380//380 379//379
f 1422//1422 379//379 1420//1420
f 1420//1420 379//379 812//812
f 1499//1499 1500//1500 1501//1501
f 1502//1502 1503//1503 1504//1504
f 1505//1505 1506//1506 1507//1507
f 1508//1508 1509//1509 1510//1510
f 1511//1511 1512//1512 1513//1513
f 1514//1514 1515//1515 1516//1516
f 1517//1517 1518//1518 1519//1519
f 1520//1520 1521//1521 1522//1522
f 1523//1523 1524//1524 1525//1525
f 1526//1526 1527//1527 1528//1528
f 1529//1529 1530//1530 1531//1531
f 1528//1528 1527//1527 1532//1532
f 1533//1533 1534//1534 1535//1535
f 1536//1536 1537//1537 1538//1538
f 1539//1539 1540//1540 1541//1541
f 1542//1542 1543//1543 1544//1544
f 1545//1545 1546//1546 1547//1547
f 1548//1548 1549//1549 1550//1550
f 1551//1551 1552//1552 1553//1553
f 1554//1554 1555//1555 1556//1556
f 1557//1557 1558//1558 1559//1559
f 1560//1560 1561//1561 1562//1562
f 1563//1563 1564//1564 1565//1565
f 1566//1566 1567//1567 1568//1568
f 1569//1569 1570//1570 1571//1571
f 1572//1572 1573//1573 1574//1574
f 1575//1575 1576//1576 1577//1577
f 1578//1578 1579//1579 1580//1580
f 1581//1581 1582//1582 1523//1523
f 1583//1583 1584//1584 1585//1585
f 1586//1586 1587//1587 1588//1588
f 1589//1589 1590//1590 1591//1591
f 1592//1592 1593//1593 1594//1594
f 1595//1595 1596//1596 1597//1597
f 1598//1598 1599//1599 1600//1600
f 1601//1601 1602//1602 1603//1603
f 1604//1604 1605//1605 1593//1593
f 1606//1606 1607//1607 1608//1608
f 1609//1609 1610//1610 1611//1611
f 1612//1612 1613//1613 1614//1614
f 1614//1614 1613//1613 1615//1615
f 1616//1616 1617//1617 1612//1612
f 1618//1618 1619//1619 1620//1620
f 1621//1621 1622//1622 1623//1623
f 1623//1623 1622//1622 1624//1624
f 1623//1623 1624//1624 1625//1625
f 1625//1625 1624//1624 1626//1626
f 1627//1627 1628//1628 1621//1621
f 1621//1621 1628//1628 1629//1629
f 1621//1621 1629//1629 1622//1622
f 1630//1630 1631//1631 1627//1627
f 1627//1627 1631//1631 1632//1632
f 1627//1627 1632//1632 1628//1628
f 1633//1633 1634//1634 1630//1630
f 1630//1630 1634//1634 1635//1635
f 1630//1630 1635//1635 1631//1631
f 1636//1636 1637//1637 1638//1638
f 1638//1638 1637//1637 1639//1639
f 1638//1638 1639//1639 1633//1633
f 1633//1633 1639//1639 1640//1640
f 1633//1633 1640//1640 1634//1634
f 1641//1641 1642//1642 1643//1643
f 1643//1643 1642//1642 1644//1644
f 1645//1645 1646//1646 1644//1644
f 1644//1644 1646//1646 1647//1647
f 1644//1644 1647//1647 1643//1643
f 1648//1648 1649//1649 1645//1645
f 1645//1645 1649//1649 1650//1650
f 1645//1645 1650//1650 1646//1646
f 1651//1651 1652//1652 1653//1653
f 1653//1653 1652//1652 1654//1654
f 1653//1653 1654//1654 1648//1648
f 1648//1648 1654//1654 1655//1655
f 1648//1648 1655//1655 1649//1649
f 1656//1656 1657//1657 1651//1651
f 1651//1651 1657//1657 1658//1658
f 1651//1651 1658//1658 1652//1652
f 1659//1659 1660//1660 1656//1656
f 1656//1656 1660//1660 1661//1661
f 1656//1656 1661//1661 1657//1657
f 1662//1662 1663//1663 1659//1659
f 1659//1659 1663//1663 1664//1664
f 1659//1659 1664//1664 1660//1660
f 1665//1665 1666//1666 1662//1662
f 1662//1662 1666//1666 1667//1667
f 1662//1662 1667//1667 1663//1663
f 1668//1668 1669//1669 1665//1665
f 1665//1665 1669//1669 1670//1670
f 1665//1665 1670//1670 1666//1666
f 1671//1671 1672//1672 1668//1668
f 1668//1668 1672//1672 1673//1673
f 1668//1668 1673//1673 1669//1669
f 1674//1674 1675//1675 1676//1676
f 1676//1676 1675//1675 1677//1677
f 1676//1676 1677//1677 1671//1671
f 1671//1671 1677//1677 1678//1678
f 1671//1671 1678//1678 1672//1672
f 1679//1679 1680//1680 1674//1674
f 1674//1674 1680//1680 1681//1681
f 1674//1674 1681//1681 1675//1675
f 1682//1682 1683//1683 1679//1679
f 1679//1679 1683//1683 1684//1684
f 1679//1679 1684//1684 1680//1680
f 1685//1685 1686//1686 1682//1682
f 1682//1682 1686//1686 1687//1687
f 1682//1682 1687//1687 1683//1683
f 1688//1688 1689//1689 1685//1685
f 1685//1685 1689//1689 1690//1690
f 1685//1685 1690//1690 1686//1686
f 1691//1691 1692//1692 1688//1688
f 1688//1688 1692//1692 1693//1693
f 1688//1688 1693//1693 1689//1689
f 1694//1694 1695//1695 1691//1691
f 1691//1691 1695//1695 1696//1696
f 1691//1691 1696//1696 1692//1692
f 1697//1697 1698//1698 1699//1699
f 1699//1699 1698//1698 1700//1700
f 1699//1699 1700//1700 1694//1694
f 1694//1694 1700//1700 1701//1701
f 1694//1694 1701//1701 1695//1695
f 1702//1702 1703//1703 1697//1697
f 1697//1697 1703//1703 1704//1704
f 1697//1697 1704//1704 1698//1698
f 1705//1705 1706//1706 1702//1702
f 1702//1702 1706//1706 1707//1707
f 1702//1702 1707//1707 1703//1703
f 1708//1708 1709//1709 1705//1705
f 1705//1705 1709//1709 1710//1710
f 1705//1705 1710//1710 1706//1706
f 1711//1711 1712//1712 1708//1708
f 1708//1708 1712//1712 1713//1713
f 1708//1708 1713//1713 1709//1709
f 1714//1714 1715//1715 1711//1711
f 1711//1711 1715//1715 1716//1716
f 1711//1711 1716//1716 1712//1712
f 1717//1717 1718//1718 1719//1719
f 1719//1719 1718//1718 1720//1720
f 1719//1719 1720//1720 1721//1721
f 1721//1721 1720//1720 1722//1722
f 1721//1721 1722//1722 1714//1714
f 1714//1714 1722//1722 1723//1723
f 1714//1714 1723//1723 1715//1715
f 1724//1724 1725//1725 1717//1717
f 1717//1717 1725//1725 1726//1726
f 1717//1717 1726//1726 1718//1718
f 1727//1727 1728//1728 1724//1724
f 1724//1724 1728//1728 1729//1729
f 1724//1724 1729//1729 1725//1725
f 1730//1730 1731//1731 1727//1727
f 1727//1727 1731//1731 1732//1732
f 1727//1727 1732//1732 1728//1728
f 1733//1733 1734//1734 1730//1730
f 1730//1730 1734//1734 1735//1735
f 1730//1730 1735//1735 1731//1731
f 1736//1736 1737//1737 1733//1733
f 1733//1733 1737//1737 1738//1738
f 1733//1733 1738//1738 1734//1734
f 1739//1739 1740//1740 1741//1741
f 1741//1741 1740//1740 1742//1742
f 1741//1741 1742//1742 1743//1743
f 1743//1743 1742//1742 1744//1744
f 1743//1743 1744//1744 1736//1736
f 1736//1736 1744//1744 1745//1745
f 1736//1736 1745//1745 1737//1737
f 1746//1746 1747//1747 1739//1739
f 1739//1739 1747//1747 1748//1748
f 1739//1739 1748//1748 1740//1740
f 1749//1749 1750//1750 1746//1746
f 1746//1746 1750//1750 1751//1751
f 1746//1746 1751//1751 1747//1747
f 1752//1752 1753//1753 1749//1749
f 1749//1749 1753//1753 1754//1754
f 1749//1749 1754//1754 1750//1750
f 1755//1755 1756//1756 1752//1752
f 1752//1752 1756//1756 1757//1757
f 1752//1752 1757//1757 1753//1753
f 1758//1758 1759//1759 1755//1755
f 1755//1755 1759//1759 1760//1760
f 1755//1755 1760//1760 1756//1756
f 1761//1761 1762//1762 1758//1758
f 1758//1758 1762//1762 1763//1763
f 1758//1758 1763//1763 1759//1759
f 1764//1764 1765//1765 1761//1761
f 1761//1761 1765//1765 1766//1766
f 1761//1761 1766//1766 1762//1762
f 1592//1592 1594//1594 1767//1767
f 1768//1768 1769//1769 1770//1770
f 1769//1769 1768//1768 1771//1771
f 1771//1771 1768//1768 1772//1772
f 1771//1771 1772//1772 1773//1773
f 1773//1773 1772//1772 1774//1774
f 1774//1774 1772//1772 1775//1775
f 1774//1774 1775//1775 1776//1776
f 1777//1777 1778//1778 1779//1779
f 1779//1779 1778//1778 1780//1780
f 1779//1779 1780//1780 1781//1781
f 1781//1781 1780//1780 1782//1782
f 1781//1781 1782//1782 1783//1783
f 1777//1777 1779//1779 1784//1784
f 1784//1784 1779//1779 1785//1785
f 1784//1784 1785//1785 1786//1786
f 1786//1786 1785//1785 1787//1787
f 1787//1787 1785//1785 1788//1788
f 1787//1787 1788//1788 1789//1789
f 1789//1789 1788//1788 1790//1790
f 1790//1790 1788//1788 1791//1791
f 1790//1790 1791//1791 1792//1792
f 1793//1793 1794//1794 1795//1795
f 1795//1795 1794//1794 1796//1796
f 1795//1795 1796//1796 1791//1791
f 1791//1791 1796//1796 1797//1797
f 1791//1791 1797//1797 1792//1792
f 1798//1798 1799//1799 1793//1793
f 1793//1793 1799//1799 1800//1800
f 1793//1793 1800//1800 1794//1794
f 1801//1801 1802//1802 1798//1798
f 1798//1798 1802//1802 1803//1803
f 1798//1798 1803//1803 1799//1799
f 1804//1804 1805//1805 1801//1801
f 1801//1801 1805//1805 1806//1806
f 1801//1801 1806//1806 1802//1802
f 1804//1804 1801//1801 1807//1807
f 1807//1807 1801//1801 1808//1808
f 1807//1807 1808//1808 1809//1809
f 1809//1809 1808//1808 1810//1810
f 1809//1809 1810//1810 1811//1811
f 1811//1811 1810//1810 1812//1812
f 1812//1812 1810//1810 1813//1813
f 1812//1812 1813//1813 1814//1814
f 1814//1814 1813//1813 1815//1815
f 1815//1815 1813//1813 1816//1816
f 1815//1815 1816//1816 1817//1817
f 1817//1817 1816//1816 1818//1818
f 1818//1818 1816//1816 1819//1819
f 1818//1818 1819//1819 1820//1820
f 1821//1821 1822//1822 1823//1823
f 1823//1823 1822//1822 1824//1824
f 1823//1823 1824//1824 1819//1819
f 1819//1819 1824//1824 1825//1825
f 1819//1819 1825//1825 1820//1820
f 1826//1826 1827//1827 1828//1828
f 1828//1828 1827//1827 1829//1829
f 1828//1828 1829//1829 1830//1830
f 1831//1831 1832//1832 1833//1833
f 1833//1833 1832//1832 1834//1834
f 1833//1833 1834//1834 1835//1835
f 1835//1835 1834//1834 1836//1836
f 1835//1835 1836//1836 1829//1829
f 1829//1829 1836//1836 1837//1837
f 1829//1829 1837//1837 1830//1830
f 1838//1838 1839//1839 1833//1833
f 1833//1833 1839//1839 1840//1840
f 1833//1833 1840//1840 1831//1831
f 1841//1841 1842//1842 1843//1843
f 1843//1843 1842//1842 1844//1844
f 1843//1843 1844//1844 1845//1845
f 1845//1845 1844//1844 1846//1846
f 1845//1845 1846//1846 1838//1838
f 1838//1838 1846//1846 1847//1847
f 1838//1838 1847//1847 1839//1839
f 1841//1841 1843//1843 1848//1848
f 1848//1848 1843//1843 1849//1849
f 1848//1848 1849//1849 1850//1850
f 1850//1850 1849//1849 1851//1851
f 1851//1851 1849//1849 1852//1852
f 1851//1851 1852//1852 1853//1853
f 1854//1854 1855//1855 1856//1856
f 1856//1856 1857//1857 1854//1854
f 1854//1854 1857//1857 1858//1858
f 1854//1854 1858//1858 1852//1852
f 1852//1852 1858//1858 1859//1859
f 1852//1852 1859//1859 1853//1853
f 1860//1860 1861//1861 1855//1855
f 1855//1855 1861//1861 1862//1862
f 1855//1855 1862//1862 1856//1856
f 1863//1863 1864//1864 1865//1865
f 1865//1865 1864//1864 1866//1866
f 1865//1865 1866//1866 1860//1860
f 1860//1860 1866//1866 1867//1867
f 1860//1860 1867//1867 1861//1861
f 1868//1868 1869//1869 1870//1870
f 1870//1870 1869//1869 1863//1863
f 1871//1871 1872//1872 1873//1873
f 1873//1873 1872//1872 1874//1874
f 1873//1873 1874//1874 1875//1875
f 1876//1876 1877//1877 1878//1878
f 1878//1878 1877//1877 1871//1871
f 1879//1879 1880//1880 1881//1881
f 1881//1881 1880//1880 1586//1586
f 1882//1882 1883//1883 1884//1884
f 1885//1885 1886//1886 1883//1883
f 1887//1887 1888//1888 1889//1889
f 1889//1889 1888//1888 1890//1890
f 1891//1891 1892//1892 1893//1893
f 1893//1893 1892//1892 1894//1894
f 1893//1893 1894//1894 1895//1895
f 1895//1895 1894//1894 1896//1896
f 1897//1897 1898//1898 1899//1899
f 1900//1900 1901//1901 1902//1902
f 1903//1903 1904//1904 1905//1905
f 1906//1906 1907//1907 1908//1908
f 1908//1908 1907//1907 1909//1909
f 1910//1910 1911//1911 1912//1912
f 1912//1912 1911//1911 1913//1913
f 1914//1914 1915//1915 1916//1916
f 1916//1916 1915//1915 1910//1910
f 1914//1914 1917//1917 1918//1918
f 1918//1918 1917//1917 1919//1919
f 1920//1920 1921//1921 1922//1922
f 1922//1922 1921//1921 1919//1919
f 1923//1923 1924//1924 1925//1925
f 1925//1925 1924//1924 1926//1926
f 1925//1925 1926//1926 1920//1920
f 1927//1927 1928//1928 1929//1929
f 1929//1929 1928//1928 1923//1923
f 1930//1930 1931//1931 1932//1932
f 1932//1932 1931//1931 1933//1933
f 1932//1932 1933//1933 1927//1927
f 1934//1934 1935//1935 1936//1936
f 1936//1936 1935//1935 1930//1930
f 1937//1937 1938//1938 1934//1934
f 1523//1523 1582//1582 1524//1524
f 1524//1524 1582//1582 1939//1939
f 1524//1524 1939//1939 1940//1940
f 1940//1940 1939//1939 1941//1941
f 1940//1940 1941//1941 1942//1942
f 1578//1578 1580//1580 1943//1943
f 1944//1944 1945//1945 1946//1946
f 1946//1946 1945//1945 1947//1947
f 1948//1948 1949//1949 1950//1950
f 1950//1950 1949//1949 1951//1951
f 1950//1950 1951//1951 1952//1952
f 1567//1567 1569//1569 1953//1953
f 1954//1954 1566//1566 1955//1955
f 1566//1566 1568//1568 1955//1955
f 1955//1955 1568//1568 1956//1956
f 1955//1955 1956//1956 1957//1957
f 1957//1957 1956//1956 1958//1958
f 1957//1957 1958//1958 1959//1959
f 1959//1959 1958//1958 1960//1960
f 1959//1959 1960//1960 1961//1961
f 1962//1962 1963//1963 1964//1964
f 1567//1567 1953//1953 1568//1568
f 1568//1568 1953//1953 1965//1965
f 1568//1568 1965//1965 1956//1956
f 1956//1956 1965//1965 1962//1962
f 1956//1956 1962//1962 1958//1958
f 1958//1958 1962//1962 1964//1964
f 1958//1958 1964//1964 1960//1960
f 1561//1561 1563//1563 1966//1966
f 1558//1558 1560//1560 1967//1967
f 1549//1549 1557//1557 1968//1968
f 1563//1563 1565//1565 1966//1966
f 1966//1966 1565//1565 1969//1969
f 1966//1966 1969//1969 1970//1970
f 1970//1970 1969//1969 1971//1971
f 1970//1970 1971//1971 1972//1972
f 1972//1972 1971//1971 1973//1973
f 1972//1972 1973//1973 1974//1974
f 1560//1560 1562//1562 1967//1967
f 1967//1967 1562//1562 1975//1975
f 1967//1967 1975//1975 1976//1976
f 1976//1976 1975//1975 1977//1977
f 1976//1976 1977//1977 1978//1978
f 1978//1978 1977//1977 1979//1979
f 1978//1978 1979//1979 1980//1980
f 1561//1561 1966//1966 1562//1562
f 1562//1562 1966//1966 1970//1970
f 1562//1562 1970//1970 1975//1975
f 1975//1975 1970//1970 1972//1972
f 1975//1975 1972//1972 1977//1977
f 1977//1977 1972//1972 1974//1974
f 1977//1977 1974//1974 1979//1979
f 1981//1981 1982//1982 1983//1983
f 1983//1983 1982//1982 1984//1984
f 1983//1983 1984//1984 1985//1985
f 1964//1964 1986//1986 1960//1960
f 1960//1960 1986//1986 1987//1987
f 1960//1960 1987//1987 1961//1961
f 1961//1961 1987//1987 1988//1988
f 1961//1961 1988//1988 1989//1989
f 1984//1984 1990//1990 1985//1985
f 1985//1985 1990//1990 1767//1767
f 1985//1985 1767//1767 1764//1764
f 1764//1764 1767//1767 1594//1594
f 1764//1764 1594//1594 1765//1765
f 1988//1988 1991//1991 1989//1989
f 1989//1989 1991//1991 1992//1992
f 1989//1989 1992//1992 1993//1993
f 1954//1954 1955//1955 1994//1994
f 1994//1994 1955//1955 1957//1957
f 1994//1994 1957//1957 1995//1995
f 1995//1995 1957//1957 1959//1959
f 1995//1995 1959//1959 1996//1996
f 1996//1996 1959//1959 1961//1961
f 1996//1996 1961//1961 1997//1997
f 1997//1997 1961//1961 1989//1989
f 1997//1997 1989//1989 1554//1554
f 1554//1554 1989//1989 1993//1993
f 1554//1554 1993//1993 1555//1555
f 1998//1998 1980//1980 1999//1999
f 1999//1999 1980//1980 1979//1979
f 1999//1999 1979//1979 1556//1556
f 1556//1556 1979//1979 1974//1974
f 1556//1556 1974//1974 1554//1554
f 1554//1554 1974//1974 1973//1973
f 1554//1554 1973//1973 1997//1997
f 1997//1997 1973//1973 1971//1971
f 1997//1997 1971//1971 1996//1996
f 1996//1996 1971//1971 1969//1969
f 1996//1996 1969//1969 1995//1995
f 1995//1995 1969//1969 1565//1565
f 1995//1995 1565//1565 1994//1994
f 1994//1994 1565//1565 1564//1564
f 1994//1994 1564//1564 1954//1954
f 1557//1557 1559//1559 1968//1968
f 1968//1968 1559//1559 2000//2000
f 1968//1968 2000//2000 2001//2001
f 2001//2001 2000//2000 2002//2002
f 2001//2001 2002//2002 2003//2003
f 2003//2003 2002//2002 2004//2004
f 2003//2003 2004//2004 2005//2005
f 2005//2005 2004//2004 2006//2006
f 2005//2005 2006//2006 2007//2007
f 2008//2008 2009//2009 2010//2010
f 2010//2010 2009//2009 2011//2011
f 2010//2010 2011//2011 2012//2012
f 2012//2012 2011//2011 2013//2013
f 2012//2012 2013//2013 2014//2014
f 2014//2014 2013//2013 2015//2015
f 2014//2014 2015//2015 2016//2016
f 2016//2016 2015//2015 2017//2017
f 2016//2016 2017//2017 2018//2018
f 2018//2018 2017//2017 2019//2019
f 2018//2018 2019//2019 2020//2020
f 2020//2020 2019//2019 2021//2021
f 2020//2020 2021//2021 2022//2022
f 2022//2022 2021//2021 2023//2023
f 2022//2022 2023//2023 2024//2024
f 2023//2023 2025//2025 2024//2024
f 2024//2024 2025//2025 2026//2026
f 2024//2024 2026//2026 2027//2027
f 2027//2027 2026//2026 2028//2028
f 2027//2027 2028//2028 2029//2029
f 2029//2029 2028//2028 2030//2030
f 2029//2029 2030//2030 2031//2031
f 2031//2031 2030//2030 2032//2032
f 2031//2031 2032//2032 2033//2033
f 2033//2033 2032//2032 2034//2034
f 2033//2033 2034//2034 2035//2035
f 2035//2035 2034//2034 2036//2036
f 2035//2035 2036//2036 2037//2037
f 2037//2037 1551//1551 2035//2035
f 2035//2035 1551//1551 1553//1553
f 2035//2035 1553//1553 2033//2033
f 2033//2033 1553//1553 2038//2038
f 2033//2033 2038//2038 2031//2031
f 2031//2031 2038//2038 2039//2039
f 2031//2031 2039//2039 2029//2029
f 2029//2029 2039//2039 2040//2040
f 2029//2029 2040//2040 2027//2027
f 2027//2027 2040//2040 2041//2041
f 2027//2027 2041//2041 2024//2024
f 2024//2024 2041//2041 2042//2042
f 2024//2024 2042//2042 2022//2022
f 2022//2022 2042//2042 2043//2043
f 2022//2022 2043//2043 2020//2020
f 2020//2020 2043//2043 2044//2044
f 2020//2020 2044//2044 2018//2018
f 2018//2018 2044//2044 2045//2045
f 2018//2018 2045//2045 2016//2016
f 2016//2016 2045//2045 2046//2046
f 2016//2016 2046//2046 2014//2014
f 2014//2014 2046//2046 2047//2047
f 2014//2014 2047//2047 2012//2012
f 2012//2012 2047//2047 2048//2048
f 2012//2012 2048//2048 2010//2010
f 2025//2025 2049//2049 2026//2026
f 2026//2026 2049//2049 2050//2050
f 2026//2026 2050//2050 2028//2028
f 2028//2028 2050//2050 2051//2051
f 2028//2028 2051//2051 2030//2030
f 2030//2030 2051//2051 2052//2052
f 2030//2030 2052//2052 2032//2032
f 2032//2032 2052//2052 2053//2053
f 2032//2032 2053//2053 2034//2034
f 2034//2034 2053//2053 2054//2054
f 2034//2034 2054//2054 2036//2036
f 1963//1963 2008//2008 1964//1964
f 1964//1964 2008//2008 2010//2010
f 1964//1964 2010//2010 1986//1986
f 1986//1986 2010//2010 2048//2048
f 1986//1986 2048//2048 1987//1987
f 1987//1987 2048//2048 2047//2047
f 1987//1987 2047//2047 1988//1988
f 1988//1988 2047//2047 2046//2046
f 1988//1988 2046//2046 1991//1991
f 1991//1991 2046//2046 2045//2045
f 1991//1991 2045//2045 1992//1992
f 1992//1992 2045//2045 2044//2044
f 1992//1992 2044//2044 1993//1993
f 1993//1993 2044//2044 2043//2043
f 1993//1993 2043//2043 1555//1555
f 1555//1555 2043//2043 2042//2042
f 1555//1555 2042//2042 1556//1556
f 1556//1556 2042//2042 2041//2041
f 1556//1556 2041//2041 1999//1999
f 1999//1999 2041//2041 2040//2040
f 1999//1999 2040//2040 1998//1998
f 1998//1998 2040//2040 2039//2039
f 1998//1998 2039//2039 2055//2055
f 2055//2055 2039//2039 2038//2038
f 2055//2055 2038//2038 2056//2056
f 2056//2056 2038//2038 1553//1553
f 2056//2056 1553//1553 2057//2057
f 2057//2057 1553//1553 1552//1552
f 2057//2057 1552//1552 2058//2058
f 1549//1549 1968//1968 1550//1550
f 1550//1550 1968//1968 2001//2001
f 1550//1550 2001//2001 2059//2059
f 2059//2059 2001//2001 2003//2003
f 2059//2059 2003//2003 2060//2060
f 2060//2060 2003//2003 2005//2005
f 2060//2060 2005//2005 2061//2061
f 2061//2061 2005//2005 2007//2007
f 2061//2061 2007//2007 2062//2062
f 2063//2063 1548//1548 2064//2064
f 2065//2065 1547//1547 2066//2066
f 2066//2066 1547//1547 1546//1546
f 2066//2066 1546//1546 2063//2063
f 2067//2067 1545//1545 2068//2068
f 2068//2068 1545//1545 1547//1547
f 2068//2068 1547//1547 2069//2069
f 2069//2069 1547//1547 2065//2065
f 2069//2069 2065//2065 2070//2070
f 2070//2070 2065//2065 2071//2071
f 2070//2070 2071//2071 2072//2072
f 2073//2073 2067//2067 2074//2074
f 2074//2074 2067//2067 2068//2068
f 2074//2074 2068//2068 2075//2075
f 2075//2075 2068//2068 2069//2069
f 2075//2075 2069//2069 2076//2076
f 2076//2076 2069//2069 2070//2070
f 2076//2076 2070//2070 2077//2077
f 2077//2077 2070//2070 2072//2072
f 2077//2077 2072//2072 2078//2078
f 2079//2079 2080//2080 2081//2081
f 2081//2081 2080//2080 2082//2082
f 2081//2081 2082//2082 2083//2083
f 2084//2084 2079//2079 2085//2085
f 2085//2085 2079//2079 2081//2081
f 2085//2085 2081//2081 2086//2086
f 2086//2086 2081//2081 2083//2083
f 2086//2086 2083//2083 2087//2087
f 2088//2088 2084//2084 2089//2089
f 2089//2089 2084//2084 2085//2085
f 2089//2089 2085//2085 2090//2090
f 2090//2090 2085//2085 2086//2086
f 2090//2090 2086//2086 2091//2091
f 2091//2091 2086//2086 2087//2087
f 2091//2091 2087//2087 2092//2092
f 2093//2093 2088//2088 2094//2094
f 2094//2094 2088//2088 2089//2089
f 2094//2094 2089//2089 2095//2095
f 2095//2095 2089//2089 2090//2090
f 2095//2095 2090//2090 2096//2096
f 2096//2096 2090//2090 2091//2091
f 2096//2096 2091//2091 2097//2097
f 2097//2097 2091//2091 2092//2092
f 2097//2097 2092//2092 2098//2098
f 1548//1548 1550//1550 2064//2064
f 2064//2064 1550//1550 2059//2059
f 2064//2064 2059//2059 2099//2099
f 2099//2099 2059//2059 2060//2060
f 2099//2099 2060//2060 2100//2100
f 2100//2100 2060//2060 2061//2061
f 2100//2100 2061//2061 2101//2101
f 2101//2101 2061//2061 2062//2062
f 2101//2101 2062//2062 2102//2102
f 2063//2063 2064//2064 2066//2066
f 2066//2066 2064//2064 2099//2099
f 2066//2066 2099//2099 2065//2065
f 2065//2065 2099//2099 2100//2100
f 2065//2065 2100//2100 2071//2071
f 2071//2071 2100//2100 2101//2101
f 2071//2071 2101//2101 2072//2072
f 2072//2072 2101//2101 2102//2102
f 2072//2072 2102//2102 2078//2078
f 1558//1558 1967//1967 1559//1559
f 1559//1559 1967//1967 1976//1976
f 1559//1559 1976//1976 2000//2000
f 2000//2000 1976//1976 1978//1978
f 2000//2000 1978//1978 2002//2002
f 2002//2002 1978//1978 1980//1980
f 2002//2002 1980//1980 2004//2004
f 2004//2004 1980//1980 1998//1998
f 2004//2004 1998//1998 2006//2006
f 2006//2006 1998//1998 2055//2055
f 2006//2006 2055//2055 2007//2007
f 2007//2007 2055//2055 2056//2056
f 2007//2007 2056//2056 2062//2062
f 2062//2062 2056//2056 2057//2057
f 2062//2062 2057//2057 2102//2102
f 2102//2102 2057//2057 2058//2058
f 2102//2102 2058//2058 2078//2078
f 2054//2054 2103//2103 2036//2036
f 2036//2036 2103//2103 2104//2104
f 2036//2036 2104//2104 2037//2037
f 2037//2037 2104//2104 2105//2105
f 2037//2037 2105//2105 1551//1551
f 1551//1551 2105//2105 2106//2106
f 1551//1551 2106//2106 1552//1552
f 1552//1552 2106//2106 2107//2107
f 1552//1552 2107//2107 2058//2058
f 2058//2058 2107//2107 2108//2108
f 2058//2058 2108//2108 2078//2078
f 2078//2078 2108//2108 2109//2109
f 2078//2078 2109//2109 2077//2077
f 2077//2077 2109//2109 2098//2098
f 2077//2077 2098//2098 2076//2076
f 2076//2076 2098//2098 2092//2092
f 2076//2076 2092//2092 2075//2075
f 2075//2075 2092//2092 2087//2087
f 2075//2075 2087//2087 2074//2074
f 2074//2074 2087//2087 2083//2083
f 2074//2074 2083//2083 2073//2073
f 2073//2073 2083//2083 2082//2082
f 2110//2110 2111//2111 2112//2112
f 2112//2112 2111//2111 2113//2113
f 2112//2112 2113//2113 2114//2114
f 2114//2114 2113//2113 2115//2115
f 2114//2114 2115//2115 2116//2116
f 2116//2116 2115//2115 2117//2117
f 2116//2116 2117//2117 2118//2118
f 2118//2118 2117//2117 2119//2119
f 2118//2118 2119//2119 2120//2120
f 2120//2120 2119//2119 2121//2121
f 2120//2120 2121//2121 2122//2122
f 2122//2122 2121//2121 2123//2123
f 2111//2111 2124//2124 2113//2113
f 2113//2113 2124//2124 2125//2125
f 2113//2113 2125//2125 2115//2115
f 2115//2115 2125//2125 2126//2126
f 2115//2115 2126//2126 2117//2117
f 2117//2117 2126//2126 2127//2127
f 2117//2117 2127//2127 2119//2119
f 2119//2119 2127//2127 2128//2128
f 2119//2119 2128//2128 2121//2121
f 2121//2121 2128//2128 2129//2129
f 2121//2121 2129//2129 2123//2123
f 2123//2123 2129//2129 2130//2130
f 2124//2124 2131//2131 2125//2125
f 2125//2125 2131//2131 2132//2132
f 2125//2125 2132//2132 2126//2126
f 2126//2126 2132//2132 2133//2133
f 2126//2126 2133//2133 2127//2127
f 2127//2127 2133//2133 2134//2134
f 2127//2127 2134//2134 2128//2128
f 2128//2128 2134//2134 2135//2135
f 2128//2128 2135//2135 2129//2129
f 2129//2129 2135//2135 2136//2136
f 2129//2129 2136//2136 2130//2130
f 2131//2131 2137//2137 2132//2132
f 2132//2132 2137//2137 2138//2138
f 2132//2132 2138//2138 2133//2133
f 2133//2133 2138//2138 2139//2139
f 2133//2133 2139//2139 2134//2134
f 2134//2134 2139//2139 2140//2140
f 2134//2134 2140//2140 2135//2135
f 2135//2135 2140//2140 2141//2141
f 2135//2135 2141//2141 2136//2136
f 2136//2136 2141//2141 2142//2142
f 2136//2136 2142//2142 2130//2130
f 2130//2130 2142//2142 2143//2143
f 2144//2144 2145//2145 2146//2146
f 2146//2146 2145//2145 2147//2147
f 2146//2146 2147//2147 2148//2148
f 2148//2148 2147//2147 2149//2149
f 2148//2148 2149//2149 2150//2150
f 2150//2150 2149//2149 2151//2151
f 2150//2150 2151//2151 2152//2152
f 2152//2152 2151//2151 2153//2153
f 2152//2152 2153//2153 2154//2154
f 2154//2154 2153//2153 2155//2155
f 2137//2137 2144//2144 2138//2138
f 2138//2138 2144//2144 2146//2146
f 2138//2138 2146//2146 2139//2139
f 2139//2139 2146//2146 2148//2148
f 2139//2139 2148//2148 2140//2140
f 2140//2140 2148//2148 2150//2150
f 2140//2140 2150//2150 2141//2141
f 2141//2141 2150//2150 2152//2152
f 2141//2141 2152//2152 2142//2142
f 2142//2142 2152//2152 2154//2154
f 2142//2142 2154//2154 2143//2143
f 2143//2143 2154//2154 2155//2155
f 2143//2143 2155//2155 2156//2156
f 2157//2157 2158//2158 2159//2159
f 2160//2160 2161//2161 2162//2162
f 2162//2162 2161//2161 2163//2163
f 2162//2162 2163//2163 2164//2164
f 2164//2164 2163//2163 2165//2165
f 2164//2164 2165//2165 2166//2166
f 2167//2167 2160//2160 2168//2168
f 2168//2168 2160//2160 2162//2162
f 2168//2168 2162//2162 2169//2169
f 2169//2169 2162//2162 2164//2164
f 2169//2169 2164//2164 2170//2170
f 2170//2170 2164//2164 2166//2166
f 2170//2170 2166//2166 2171//2171
f 2172//2172 2167//2167 2173//2173
f 2173//2173 2167//2167 2168//2168
f 2173//2173 2168//2168 2174//2174
f 2174//2174 2168//2168 2169//2169
f 2174//2174 2169//2169 2175//2175
f 2175//2175 2169//2169 2170//2170
f 2175//2175 2170//2170 2176//2176
f 2176//2176 2170//2170 2171//2171
f 2176//2176 2171//2171 2177//2177
f 2178//2178 2172//2172 2179//2179
f 2179//2179 2172//2172 2173//2173
f 2179//2179 2173//2173 2180//2180
f 2180//2180 2173//2173 2174//2174
f 2180//2180 2174//2174 2181//2181
f 2181//2181 2174//2174 2175//2175
f 2181//2181 2175//2175 2182//2182
f 2182//2182 2175//2175 2176//2176
f 2182//2182 2176//2176 2183//2183
f 2183//2183 2176//2176 2177//2177
f 2183//2183 2177//2177 2184//2184
f 2185//2185 2178//2178 2186//2186
f 2186//2186 2178//2178 2179//2179
f 2186//2186 2179//2179 2187//2187
f 2187//2187 2179//2179 2180//2180
f 2187//2187 2180//2180 2188//2188
f 2188//2188 2180//2180 2181//2181
f 2188//2188 2181//2181 2189//2189
f 2189//2189 2181//2181 2182//2182
f 2189//2189 2182//2182 2190//2190
f 2190//2190 2182//2182 2183//2183
f 2190//2190 2183//2183 2191//2191
f 2191//2191 2183//2183 2184//2184
f 2191//2191 2184//2184 2192//2192
f 2193//2193 1543//1543 2194//2194
f 2194//2194 1543//1543 1542//1542
f 2194//2194 1542//1542 2195//2195
f 2196//2196 2195//2195 2197//2197
f 2197//2197 2195//2195 1542//1542
f 2197//2197 1542//1542 2198//2198
f 2198//2198 1542//1542 1544//1544
f 2198//2198 1544//1544 2199//2199
f 2200//2200 2196//2196 2201//2201
f 2201//2201 2196//2196 2197//2197
f 2201//2201 2197//2197 2202//2202
f 2202//2202 2197//2197 2198//2198
f 2202//2202 2198//2198 2203//2203
f 2203//2203 2198//2198 2199//2199
f 2203//2203 2199//2199 2204//2204
f 2205//2205 2200//2200 2206//2206
f 2206//2206 2200//2200 2201//2201
f 2206//2206 2201//2201 2207//2207
f 2207//2207 2201//2201 2202//2202
f 2207//2207 2202//2202 2208//2208
f 2208//2208 2202//2202 2203//2203
f 2208//2208 2203//2203 2209//2209
f 2209//2209 2203//2203 2204//2204
f 2209//2209 2204//2204 2210//2210
f 2211//2211 2212//2212 2213//2213
f 2214//2214 2215//2215 2216//2216
f 2216//2216 2215//2215 2217//2217
f 2216//2216 2217//2217 2218//2218
f 2218//2218 2217//2217 2219//2219
f 2218//2218 2219//2219 2220//2220
f 2220//2220 2219//2219 2221//2221
f 2220//2220 2221//2221 2222//2222
f 2222//2222 2221//2221 2223//2223
f 2222//2222 2223//2223 2224//2224
f 2224//2224 2223//2223 2225//2225
f 2224//2224 2225//2225 2226//2226
f 2227//2227 2214//2214 2228//2228
f 2228//2228 2214//2214 2216//2216
f 2228//2228 2216//2216 2229//2229
f 2229//2229 2216//2216 2218//2218
f 2229//2229 2218//2218 2230//2230
f 2230//2230 2218//2218 2220//2220
f 2230//2230 2220//2220 2231//2231
f 2231//2231 2220//2220 2222//2222
f 2231//2231 2222//2222 2232//2232
f 2232//2232 2222//2222 2224//2224
f 2232//2232 2224//2224 2233//2233
f 2233//2233 2224//2224 2226//2226
f 2233//2233 2226//2226 2234//2234
f 1540//1540 2235//2235 2236//2236
f 2237//2237 2238//2238 2239//2239
f 2239//2239 2238//2238 2240//2240
f 2239//2239 2240//2240 2227//2227
f 2227//2227 2240//2240 2211//2211
f 2227//2227 2211//2211 2214//2214
f 2214//2214 2211//2211 2213//2213
f 2214//2214 2213//2213 2215//2215
f 2238//2238 2241//2241 2240//2240
f 2240//2240 2241//2241 2242//2242
f 2240//2240 2242//2242 2211//2211
f 2211//2211 2242//2242 2243//2243
f 2211//2211 2243//2243 2212//2212
f 2244//2244 2245//2245 2246//2246
f 2246//2246 2245//2245 2247//2247
f 2246//2246 2247//2247 2248//2248
f 2248//2248 2247//2247 2249//2249
f 2248//2248 2249//2249 2250//2250
f 2250//2250 2249//2249 2251//2251
f 2250//2250 2251//2251 2252//2252
f 2252//2252 2251//2251 2253//2253
f 2252//2252 2253//2253 2254//2254
f 2254//2254 2253//2253 2255//2255
f 2254//2254 2255//2255 2256//2256
f 2256//2256 2255//2255 2257//2257
f 2256//2256 2257//2257 2258//2258
f 2258//2258 2257//2257 2259//2259
f 2258//2258 2259//2259 2260//2260
f 2260//2260 2259//2259 2261//2261
f 2260//2260 2261//2261 2262//2262
f 2263//2263 2264//2264 2265//2265
f 2265//2265 2264//2264 2266//2266
f 2265//2265 2266//2266 2267//2267
f 2267//2267 2266//2266 2268//2268
f 2267//2267 2268//2268 2269//2269
f 2270//2270 2271//2271 2272//2272
f 2272//2272 2271//2271 2273//2273
f 2272//2272 2273//2273 2274//2274
f 2275//2275 2276//2276 2277//2277
f 2277//2277 2276//2276 2278//2278
f 2277//2277 2278//2278 2279//2279
f 2274//2274 2275//2275 2280//2280
f 2280//2280 2275//2275 2277//2277
f 2280//2280 2277//2277 2210//2210
f 2210//2210 2277//2277 2279//2279
f 2210//2210 2279//2279 2209//2209
f 2209//2209 2279//2279 2281//2281
f 2209//2209 2281//2281 2208//2208
f 2208//2208 2281//2281 2282//2282
f 2208//2208 2282//2282 2207//2207
f 2207//2207 2282//2282 2234//2234
f 2207//2207 2234//2234 2206//2206
f 2206//2206 2234//2234 2226//2226
f 2206//2206 2226//2226 2205//2205
f 2205//2205 2226//2226 2225//2225
f 2158//2158 2157//2157 2283//2283
f 2283//2283 2157//2157 2284//2284
f 2283//2283 2284//2284 2285//2285
f 2285//2285 2284//2284 2286//2286
f 2285//2285 2286//2286 2287//2287
f 2287//2287 2286//2286 2288//2288
f 2287//2287 2288//2288 2289//2289
f 2289//2289 2288//2288 2290//2290
f 2289//2289 2290//2290 2291//2291
f 2291//2291 2290//2290 2292//2292
f 2291//2291 2292//2292 2293//2293
f 2293//2293 2292//2292 2294//2294
f 2293//2293 2294//2294 2295//2295
f 2295//2295 2294//2294 2296//2296
f 2295//2295 2296//2296 2297//2297
f 2297//2297 2296//2296 2298//2298
f 2297//2297 2298//2298 2299//2299
f 2299//2299 2298//2298 2300//2300
f 2299//2299 2300//2300 2301//2301
f 2301//2301 2300//2300 2302//2302
f 2301//2301 2302//2302 2303//2303
f 2303//2303 2302//2302 2304//2304
f 2303//2303 2304//2304 2305//2305
f 2305//2305 2304//2304 2306//2306
f 2305//2305 2306//2306 2307//2307
f 2307//2307 2306//2306 2308//2308
f 2307//2307 2308//2308 2309//2309
f 2309//2309 2308//2308 2310//2310
f 2309//2309 2310//2310 2311//2311
f 2311//2311 2310//2310 2312//2312
f 2311//2311 2312//2312 2313//2313
f 2313//2313 2312//2312 2314//2314
f 2313//2313 2314//2314 2315//2315
f 2315//2315 2314//2314 2316//2316
f 2315//2315 2316//2316 2317//2317
f 2317//2317 2316//2316 2318//2318
f 2317//2317 2318//2318 2319//2319
f 2319//2319 2318//2318 2320//2320
f 2319//2319 2320//2320 2321//2321
f 2321//2321 2322//2322 2319//2319
f 2319//2319 2322//2322 2323//2323
f 2319//2319 2323//2323 2317//2317
f 2317//2317 2323//2323 2324//2324
f 2317//2317 2324//2324 2315//2315
f 2315//2315 2324//2324 2325//2325
f 2315//2315 2325//2325 2313//2313
f 2313//2313 2325//2325 2326//2326
f 2313//2313 2326//2326 2311//2311
f 2311//2311 2326//2326 2327//2327
f 2311//2311 2327//2327 2309//2309
f 2309//2309 2327//2327 2328//2328
f 2309//2309 2328//2328 2307//2307
f 2307//2307 2328//2328 2329//2329
f 2307//2307 2329//2329 2305//2305
f 2305//2305 2329//2329 2330//2330
f 2305//2305 2330//2330 2303//2303
f 2303//2303 2330//2330 2331//2331
f 2303//2303 2331//2331 2301//2301
f 2301//2301 2331//2331 2332//2332
f 2301//2301 2332//2332 2299//2299
f 2299//2299 2332//2332 2333//2333
f 2299//2299 2333//2333 2297//2297
f 2297//2297 2333//2333 2334//2334
f 2297//2297 2334//2334 2295//2295
f 2295//2295 2334//2334 2335//2335
f 2295//2295 2335//2335 2293//2293
f 2293//2293 2335//2335 2336//2336
f 2293//2293 2336//2336 2291//2291
f 2291//2291 2336//2336 2337//2337
f 2291//2291 2337//2337 2289//2289
f 2289//2289 2337//2337 2338//2338
f 2289//2289 2338//2338 2287//2287
f 2287//2287 2338//2338 2339//2339
f 2287//2287 2339//2339 2285//2285
f 2285//2285 2339//2339 2340//2340
f 2285//2285 2340//2340 2283//2283
f 2283//2283 2340//2340 2341//2341
f 2283//2283 2341//2341 2158//2158
f 2158//2158 2341//2341 2093//2093
f 2158//2158 2093//2093 2159//2159
f 2159//2159 2093//2093 2094//2094
f 2159//2159 2094//2094 2156//2156
f 2156//2156 2094//2094 2095//2095
f 2156//2156 2095//2095 2143//2143
f 2143//2143 2095//2095 2096//2096
f 2143//2143 2096//2096 2130//2130
f 2130//2130 2096//2096 2097//2097
f 2130//2130 2097//2097 2123//2123
f 2123//2123 2097//2097 2098//2098
f 2123//2123 2098//2098 2122//2122
f 2122//2122 2098//2098 2109//2109
f 2122//2122 2109//2109 2120//2120
f 2120//2120 2109//2109 2108//2108
f 2120//2120 2108//2108 2118//2118
f 2118//2118 2108//2108 2107//2107
f 2118//2118 2107//2107 2116//2116
f 2116//2116 2107//2107 2106//2106
f 2116//2116 2106//2106 2114//2114
f 2114//2114 2106//2106 2105//2105
f 2114//2114 2105//2105 2112//2112
f 2112//2112 2105//2105 2104//2104
f 2112//2112 2104//2104 2110//2110
f 2110//2110 2104//2104 2103//2103
f 2145//2145 2192//2192 2147//2147
f 2147//2147 2192//2192 2184//2184
f 2147//2147 2184//2184 2149//2149
f 2149//2149 2184//2184 2177//2177
f 2149//2149 2177//2177 2151//2151
f 2151//2151 2177//2177 2171//2171
f 2151//2151 2171//2171 2153//2153
f 2153//2153 2171//2171 2166//2166
f 2153//2153 2166//2166 2155//2155
f 2155//2155 2166//2166 2165//2165
f 2155//2155 2165//2165 2156//2156
f 2156//2156 2165//2165 2163//2163
f 2156//2156 2163//2163 2159//2159
f 2159//2159 2163//2163 2161//2161
f 2159//2159 2161//2161 2157//2157
f 2157//2157 2161//2161 2160//2160
f 2157//2157 2160//2160 2284//2284
f 2284//2284 2160//2160 2167//2167
f 2284//2284 2167//2167 2286//2286
f 2286//2286 2167//2167 2172//2172
f 2286//2286 2172//2172 2288//2288
f 2288//2288 2172//2172 2178//2178
f 2288//2288 2178//2178 2290//2290
f 2290//2290 2178//2178 2185//2185
f 2290//2290 2185//2185 2292//2292
f 2292//2292 2185//2185 2342//2342
f 2292//2292 2342//2342 2294//2294
f 2294//2294 2342//2342 2343//2343
f 2294//2294 2343//2343 2296//2296
f 2296//2296 2343//2343 2344//2344
f 2296//2296 2344//2344 2298//2298
f 2298//2298 2344//2344 2345//2345
f 2298//2298 2345//2345 2300//2300
f 2300//2300 2345//2345 2346//2346
f 2300//2300 2346//2346 2302//2302
f 2302//2302 2346//2346 2347//2347
f 2302//2302 2347//2347 2304//2304
f 2304//2304 2347//2347 2348//2348
f 2304//2304 2348//2348 2306//2306
f 2306//2306 2348//2348 2349//2349
f 2306//2306 2349//2349 2308//2308
f 2308//2308 2349//2349 2350//2350
f 2308//2308 2350//2350 2310//2310
f 2310//2310 2350//2350 2351//2351
f 2310//2310 2351//2351 2312//2312
f 2312//2312 2351//2351 2352//2352
f 2312//2312 2352//2352 2314//2314
f 2314//2314 2352//2352 2353//2353
f 2314//2314 2353//2353 2316//2316
f 2316//2316 2353//2353 2354//2354
f 2316//2316 2354//2354 2318//2318
f 2318//2318 2354//2354 2355//2355
f 2318//2318 2355//2355 2320//2320
f 1569//1569 1571//1571 1953//1953
f 1953//1953 1571//1571 2356//2356
f 1953//1953 2356//2356 1965//1965
f 1965//1965 2356//2356 1981//1981
f 1965//1965 1981//1981 1962//1962
f 1962//1962 1981//1981 1983//1983
f 1962//1962 1983//1983 1963//1963
f 1963//1963 1983//1983 1985//1985
f 1963//1963 1985//1985 2008//2008
f 2008//2008 1985//1985 1764//1764
f 2008//2008 1764//1764 2009//2009
f 2009//2009 1764//1764 1761//1761
f 2009//2009 1761//1761 2011//2011
f 2011//2011 1761//1761 1758//1758
f 2011//2011 1758//1758 2013//2013
f 2013//2013 1758//1758 1755//1755
f 2013//2013 1755//1755 2015//2015
f 2015//2015 1755//1755 1752//1752
f 2015//2015 1752//1752 2017//2017
f 2017//2017 1752//1752 1749//1749
f 2017//2017 1749//1749 2019//2019
f 2019//2019 1749//1749 1746//1746
f 2019//2019 1746//1746 2021//2021
f 2021//2021 1746//1746 1739//1739
f 2021//2021 1739//1739 2023//2023
f 2023//2023 1739//1739 1741//1741
f 2023//2023 1741//1741 2025//2025
f 2025//2025 1741//1741 1743//1743
f 2025//2025 1743//1743 2049//2049
f 2049//2049 1743//1743 1736//1736
f 2049//2049 1736//1736 2050//2050
f 2050//2050 1736//1736 1733//1733
f 2050//2050 1733//1733 2051//2051
f 2051//2051 1733//1733 1730//1730
f 2051//2051 1730//1730 2052//2052
f 2052//2052 1730//1730 1727//1727
f 2052//2052 1727//1727 2053//2053
f 2053//2053 1727//1727 1724//1724
f 2053//2053 1724//1724 2054//2054
f 2054//2054 1724//1724 1717//1717
f 2054//2054 1717//1717 2103//2103
f 2103//2103 1717//1717 1719//1719
f 2103//2103 1719//1719 2110//2110
f 2110//2110 1719//1719 1721//1721
f 2110//2110 1721//1721 2111//2111
f 2111//2111 1721//1721 1714//1714
f 2111//2111 1714//1714 2124//2124
f 2124//2124 1714//1714 1711//1711
f 2124//2124 1711//1711 2131//2131
f 2131//2131 1711//1711 1708//1708
f 2131//2131 1708//1708 2137//2137
f 2137//2137 1708//1708 1705//1705
f 2137//2137 1705//1705 2144//2144
f 2144//2144 1705//1705 1702//1702
f 2144//2144 1702//1702 2145//2145
f 2145//2145 1702//1702 1697//1697
f 2145//2145 1697//1697 2192//2192
f 2192//2192 1697//1697 1699//1699
f 2192//2192 1699//1699 2191//2191
f 2191//2191 1699//1699 1694//1694
f 2191//2191 1694//1694 2190//2190
f 2190//2190 1694//1694 1691//1691
f 2190//2190 1691//1691 2189//2189
f 2189//2189 1691//1691 1688//1688
f 2189//2189 1688//1688 2188//2188
f 2188//2188 1688//1688 1685//1685
f 2188//2188 1685//1685 2187//2187
f 2187//2187 1685//1685 1682//1682
f 2187//2187 1682//1682 2186//2186
f 2186//2186 1682//1682 1679//1679
f 2186//2186 1679//1679 2185//2185
f 2185//2185 1679//1679 1674//1674
f 2185//2185 1674//1674 2342//2342
f 2342//2342 1674//1674 1676//1676
f 2342//2342 1676//1676 2343//2343
f 2343//2343 1676//1676 1671//1671
f 2343//2343 1671//1671 2344//2344
f 2344//2344 1671//1671 1668//1668
f 2344//2344 1668//1668 2345//2345
f 2345//2345 1668//1668 1665//1665
f 2345//2345 1665//1665 2346//2346
f 2346//2346 1665//1665 1662//1662
f 2346//2346 1662//1662 2347//2347
f 2347//2347 1662//1662 1659//1659
f 2347//2347 1659//1659 2348//2348
f 2348//2348 1659//1659 1656//1656
f 2348//2348 1656//1656 2349//2349
f 2349//2349 1656//1656 1651//1651
f 2349//2349 1651//1651 2350//2350
f 2350//2350 1651//1651 1653//1653
f 2350//2350 1653//1653 2351//2351
f 2351//2351 1653//1653 1648//1648
f 2351//2351 1648//1648 2352//2352
f 2352//2352 1648//1648 1645//1645
f 2352//2352 1645//1645 2353//2353
f 2353//2353 1645//1645 1644//1644
f 2353//2353 1644//1644 2354//2354
f 2354//2354 1644//1644 1642//1642
f 2354//2354 1642//1642 2355//2355
f 1538//1538 1537//1537 2357//2357
f 2357//2357 1537//1537 2358//2358
f 2357//2357 2358//2358 2359//2359
f 2359//2359 2358//2358 2360//2360
f 2359//2359 2360//2360 2361//2361
f 2361//2361 2360//2360 2362//2362
f 2361//2361 2362//2362 2363//2363
f 2363//2363 2362//2362 2364//2364
f 2363//2363 2364//2364 2365//2365
f 2365//2365 2364//2364 2366//2366
f 2365//2365 2366//2366 2367//2367
f 2367//2367 2366//2366 2368//2368
f 2367//2367 2368//2368 2369//2369
f 2369//2369 2368//2368 2370//2370
f 2369//2369 2370//2370 2371//2371
f 2371//2371 2370//2370 2372//2372
f 2371//2371 2372//2372 2373//2373
f 2237//2237 2374//2374 2375//2375
f 2375//2375 2376//2376 2237//2237
f 2237//2237 2376//2376 2377//2377
f 2237//2237 2377//2377 2238//2238
f 2238//2238 2377//2377 2378//2378
f 2238//2238 2378//2378 2241//2241
f 2379//2379 2244//2244 2380//2380
f 2380//2380 2244//2244 2246//2246
f 2380//2380 2246//2246 2381//2381
f 2381//2381 2246//2246 2248//2248
f 2381//2381 2248//2248 2382//2382
f 2382//2382 2248//2248 2250//2250
f 2382//2382 2250//2250 2383//2383
f 2383//2383 2250//2250 2252//2252
f 2383//2383 2252//2252 2384//2384
f 2384//2384 2252//2252 2254//2254
f 2384//2384 2254//2254 2385//2385
f 2385//2385 2254//2254 2256//2256
f 2385//2385 2256//2256 2386//2386
f 2386//2386 2256//2256 2258//2258
f 2386//2386 2258//2258 2387//2387
f 2387//2387 2258//2258 2260//2260
f 2387//2387 2260//2260 2388//2388
f 2388//2388 2260//2260 2262//2262
f 2388//2388 2262//2262 2389//2389
f 2389//2389 2262//2262 2390//2390
f 1536//1536 2391//2391 2392//2392
f 2392//2392 2391//2391 2393//2393
f 2392//2392 2393//2393 2394//2394
f 2276//2276 2395//2395 2278//2278
f 2278//2278 2395//2395 2396//2396
f 2278//2278 2396//2396 2279//2279
f 2279//2279 2396//2396 2390//2390
f 2279//2279 2390//2390 2281//2281
f 2281//2281 2390//2390 2262//2262
f 2281//2281 2262//2262 2282//2282
f 2282//2282 2262//2262 2261//2261
f 2282//2282 2261//2261 2234//2234
f 2234//2234 2261//2261 2259//2259
f 2234//2234 2259//2259 2233//2233
f 2233//2233 2259//2259 2257//2257
f 2233//2233 2257//2257 2232//2232
f 2232//2232 2257//2257 2255//2255
f 2232//2232 2255//2255 2231//2231
f 2231//2231 2255//2255 2253//2253
f 2231//2231 2253//2253 2230//2230
f 2230//2230 2253//2253 2251//2251
f 2230//2230 2251//2251 2229//2229
f 2229//2229 2251//2251 2249//2249
f 2229//2229 2249//2249 2228//2228
f 2228//2228 2249//2249 2247//2247
f 2228//2228 2247//2247 2227//2227
f 2227//2227 2247//2247 2245//2245
f 2227//2227 2245//2245 2239//2239
f 2239//2239 2245//2245 2244//2244
f 2239//2239 2244//2244 2237//2237
f 2237//2237 2244//2244 2379//2379
f 2237//2237 2379//2379 2374//2374
f 2374//2374 2379//2379 2397//2397
f 2374//2374 2397//2397 2375//2375
f 2398//2398 2399//2399 2400//2400
f 1534//1534 1533//1533 2401//2401
f 2402//2402 2403//2403 2404//2404
f 2404//2404 2403//2403 2405//2405
f 2404//2404 2405//2405 2406//2406
f 1536//1536 1538//1538 2391//2391
f 2391//2391 1538//1538 2407//2407
f 2391//2391 2407//2407 2393//2393
f 1596//1596 1598//1598 1597//1597
f 1597//1597 1598//1598 1600//1600
f 1597//1597 1600//1600 2408//2408
f 2408//2408 1600//1600 2409//2409
f 2408//2408 2409//2409 2410//2410
f 2410//2410 2409//2409 2411//2411
f 2410//2410 2411//2411 2407//2407
f 2407//2407 2411//2411 2412//2412
f 2407//2407 2412//2412 2393//2393
f 2393//2393 2412//2412 2413//2413
f 2393//2393 2413//2413 2394//2394
f 2394//2394 2413//2413 2414//2414
f 1599//1599 2415//2415 1600//1600
f 1600//1600 2415//2415 2416//2416
f 1600//1600 2416//2416 2409//2409
f 2409//2409 2416//2416 2417//2417
f 2409//2409 2417//2417 2411//2411
f 2411//2411 2417//2417 2418//2418
f 2411//2411 2418//2418 2412//2412
f 2412//2412 2418//2418 2419//2419
f 2412//2412 2419//2419 2413//2413
f 2413//2413 2419//2419 2420//2420
f 2413//2413 2420//2420 2414//2414
f 2421//2421 2422//2422 2423//2423
f 2423//2423 2422//2422 2424//2424
f 2423//2423 2424//2424 2425//2425
f 2421//2421 2423//2423 2426//2426
f 2426//2426 2423//2423 2425//2425
f 2426//2426 2425//2425 2427//2427
f 2428//2428 1601//1601 2429//2429
f 2429//2429 1601//1601 1603//1603
f 2429//2429 1603//1603 2430//2430
f 2430//2430 1603//1603 2431//2431
f 2430//2430 2431//2431 2432//2432
f 2432//2432 2431//2431 2433//2433
f 2432//2432 2433//2433 2434//2434
f 2434//2434 2433//2433 2435//2435
f 2434//2434 2435//2435 2397//2397
f 2397//2397 2435//2435 2436//2436
f 2397//2397 2436//2436 2375//2375
f 2375//2375 2436//2436 2437//2437
f 2375//2375 2437//2437 2376//2376
f 2376//2376 2437//2437 2399//2399
f 2376//2376 2399//2399 2377//2377
f 2377//2377 2399//2399 2398//2398
f 2377//2377 2398//2398 2378//2378
f 2415//2415 2428//2428 2416//2416
f 2416//2416 2428//2428 2429//2429
f 2416//2416 2429//2429 2417//2417
f 2417//2417 2429//2429 2430//2430
f 2417//2417 2430//2430 2418//2418
f 2418//2418 2430//2430 2432//2432
f 2418//2418 2432//2432 2419//2419
f 2419//2419 2432//2432 2434//2434
f 2419//2419 2434//2434 2420//2420
f 2420//2420 2434//2434 2397//2397
f 2420//2420 2397//2397 2414//2414
f 2414//2414 2397//2397 2379//2379
f 2414//2414 2379//2379 2394//2394
f 2394//2394 2379//2379 2380//2380
f 2394//2394 2380//2380 2392//2392
f 2392//2392 2380//2380 2381//2381
f 2392//2392 2381//2381 1536//1536
f 1536//1536 2381//2381 2382//2382
f 1536//1536 2382//2382 1537//1537
f 1537//1537 2382//2382 2383//2383
f 1537//1537 2383//2383 2358//2358
f 2358//2358 2383//2383 2384//2384
f 2358//2358 2384//2384 2360//2360
f 2360//2360 2384//2384 2385//2385
f 2360//2360 2385//2385 2362//2362
f 2362//2362 2385//2385 2386//2386
f 2362//2362 2386//2386 2364//2364
f 2364//2364 2386//2386 2387//2387
f 2364//2364 2387//2387 2366//2366
f 2366//2366 2387//2387 2388//2388
f 2366//2366 2388//2388 2368//2368
f 2368//2368 2388//2388 2389//2389
f 2368//2368 2389//2389 2370//2370
f 2370//2370 2389//2389 2390//2390
f 2370//2370 2390//2390 2372//2372
f 2372//2372 2390//2390 2396//2396
f 2372//2372 2396//2396 2373//2373
f 2373//2373 2396//2396 2395//2395
f 2406//2406 2438//2438 2404//2404
f 2404//2404 2438//2438 2439//2439
f 2404//2404 2439//2439 2402//2402
f 2402//2402 2439//2439 2440//2440
f 2406//2406 2424//2424 2438//2438
f 2438//2438 2424//2424 2422//2422
f 2438//2438 2422//2422 2439//2439
f 2439//2439 2422//2422 2441//2441
f 2439//2439 2441//2441 2440//2440
f 2440//2440 2441//2441 2442//2442
f 1540//1540 2236//2236 1541//1541
f 1541//1541 2236//2236 2443//2443
f 1541//1541 2443//2443 2444//2444
f 2444//2444 2443//2443 2445//2445
f 2444//2444 2445//2445 2446//2446
f 2446//2446 2445//2445 2447//2447
f 2446//2446 2447//2447 2401//2401
f 2401//2401 2447//2447 2448//2448
f 2401//2401 2448//2448 1534//1534
f 1534//1534 2448//2448 2449//2449
f 1534//1534 2449//2449 1535//1535
f 1535//1535 2449//2449 2450//2450
f 1535//1535 2450//2450 2451//2451
f 2451//2451 2452//2452 1535//1535
f 1535//1535 2452//2452 2453//2453
f 1535//1535 2453//2453 1533//1533
f 1625//1625 2442//2442 1623//1623
f 1623//1623 2442//2442 2441//2441
f 1623//1623 2441//2441 1621//1621
f 1621//1621 2441//2441 2422//2422
f 1621//1621 2422//2422 1627//1627
f 1627//1627 2422//2422 2421//2421
f 1627//1627 2421//2421 1630//1630
f 1630//1630 2421//2421 2426//2426
f 1630//1630 2426//2426 1633//1633
f 1633//1633 2426//2426 2427//2427
f 1633//1633 2427//2427 1638//1638
f 1602//1602 1636//1636 1603//1603
f 1603//1603 1636//1636 1638//1638
f 1603//1603 1638//1638 2431//2431
f 2431//2431 1638//1638 2427//2427
f 2431//2431 2427//2427 2433//2433
f 2433//2433 2427//2427 2425//2425
f 2433//2433 2425//2425 2435//2435
f 2435//2435 2425//2425 2424//2424
f 2435//2435 2424//2424 2436//2436
f 2436//2436 2424//2424 2406//2406
f 2436//2436 2406//2406 2437//2437
f 2437//2437 2406//2406 2405//2405
f 2437//2437 2405//2405 2399//2399
f 2399//2399 2405//2405 2403//2403
f 2399//2399 2403//2403 2400//2400
f 2400//2400 2403//2403 2402//2402
f 2400//2400 2402//2402 2454//2454
f 2454//2454 2402//2402 2440//2440
f 2454//2454 2440//2440 2455//2455
f 2455//2455 2440//2440 2442//2442
f 2455//2455 2442//2442 2456//2456
f 2456//2456 2442//2442 1625//1625
f 2456//2456 1625//1625 1618//1618
f 1618//1618 1625//1625 1626//1626
f 1618//1618 1626//1626 1619//1619
f 1612//1612 1614//1614 1616//1616
f 1616//1616 1614//1614 2457//2457
f 1616//1616 2457//2457 2458//2458
f 2450//2450 2458//2458 2451//2451
f 2451//2451 2458//2458 2457//2457
f 2451//2451 2457//2457 2452//2452
f 2452//2452 2457//2457 1614//1614
f 2452//2452 1614//1614 1609//1609
f 1609//1609 1614//1614 1615//1615
f 1609//1609 1615//1615 1610//1610
f 2459//2459 2460//2460 2461//2461
f 2461//2461 2460//2460 2462//2462
f 2461//2461 2462//2462 2463//2463
f 2463//2463 2462//2462 2464//2464
f 2463//2463 2464//2464 2465//2465
f 2465//2465 2464//2464 1606//1606
f 2465//2465 1606//1606 1604//1604
f 1604//1604 1606//1606 1608//1608
f 1604//1604 1608//1608 1605//1605
f 1539//1539 1541//1541 2466//2466
f 2466//2466 1541//1541 2444//2444
f 2466//2466 2444//2444 2467//2467
f 2467//2467 2444//2444 2446//2446
f 2467//2467 2446//2446 2468//2468
f 2468//2468 2446//2446 2401//2401
f 2468//2468 2401//2401 2459//2459
f 2459//2459 2401//2401 1533//1533
f 2459//2459 1533//1533 2460//2460
f 2460//2460 1533//1533 2453//2453
f 2460//2460 2453//2453 2462//2462
f 2462//2462 2453//2453 2452//2452
f 2462//2462 2452//2452 2464//2464
f 2464//2464 2452//2452 1609//1609
f 2464//2464 1609//1609 1606//1606
f 1606//1606 1609//1609 1611//1611
f 1606//1606 1611//1611 1607//1607
f 2469//2469 2470//2470 1870//1870
f 1863//1863 1865//1865 1870//1870
f 1870//1870 1865//1865 2471//2471
f 1870//1870 2471//2471 2469//2469
f 2469//2469 2471//2471 2472//2472
f 2469//2469 2472//2472 2473//2473
f 2473//2473 2472//2472 2474//2474
f 2473//2473 2474//2474 2475//2475
f 2475//2475 2474//2474 2476//2476
f 2475//2475 2476//2476 2477//2477
f 2477//2477 2476//2476 2478//2478
f 2477//2477 2478//2478 2479//2479
f 2480//2480 2481//2481 2478//2478
f 2478//2478 2481//2481 2482//2482
f 2478//2478 2482//2482 2479//2479
f 2470//2470 2469//2469 2483//2483
f 2483//2483 2469//2469 2473//2473
f 2483//2483 2473//2473 2484//2484
f 2484//2484 2473//2473 2475//2475
f 2484//2484 2475//2475 2485//2485
f 2485//2485 2475//2475 2477//2477
f 2485//2485 2477//2477 2486//2486
f 2486//2486 2477//2477 2479//2479
f 2486//2486 2479//2479 2487//2487
f 2487//2487 2479//2479 2482//2482
f 2487//2487 2482//2482 2488//2488
f 2488//2488 2482//2482 2481//2481
f 2488//2488 2481//2481 2489//2489
f 1871//1871 1873//1873 1878//1878
f 1878//1878 1873//1873 2490//2490
f 1878//1878 2490//2490 2491//2491
f 2491//2491 2490//2490 2492//2492
f 2491//2491 2492//2492 2493//2493
f 2493//2493 2492//2492 2494//2494
f 2493//2493 2494//2494 2495//2495
f 2495//2495 2494//2494 2496//2496
f 2495//2495 2496//2496 2497//2497
f 2497//2497 2496//2496 2498//2498
f 2497//2497 2498//2498 2499//2499
f 2499//2499 2498//2498 2500//2500
f 2499//2499 2500//2500 2501//2501
f 2501//2501 2500//2500 2502//2502
f 2501//2501 2502//2502 2503//2503
f 1868//1868 1870//1870 1875//1875
f 1875//1875 1870//1870 2470//2470
f 1875//1875 2470//2470 1873//1873
f 1873//1873 2470//2470 2483//2483
f 1873//1873 2483//2483 2490//2490
f 2490//2490 2483//2483 2484//2484
f 2490//2490 2484//2484 2492//2492
f 2492//2492 2484//2484 2485//2485
f 2492//2492 2485//2485 2494//2494
f 2494//2494 2485//2485 2486//2486
f 2494//2494 2486//2486 2496//2496
f 2496//2496 2486//2486 2487//2487
f 2496//2496 2487//2487 2498//2498
f 2498//2498 2487//2487 2488//2488
f 2498//2498 2488//2488 2500//2500
f 2500//2500 2488//2488 2489//2489
f 2500//2500 2489//2489 2502//2502
f 2503//2503 2504//2504 2501//2501
f 2501//2501 2504//2504 2505//2505
f 2501//2501 2505//2505 2499//2499
f 2499//2499 2505//2505 2506//2506
f 2499//2499 2506//2506 2497//2497
f 2497//2497 2506//2506 2507//2507
f 2497//2497 2507//2507 2495//2495
f 2495//2495 2507//2507 2508//2508
f 2495//2495 2508//2508 2493//2493
f 2493//2493 2508//2508 2509//2509
f 2493//2493 2509//2509 2491//2491
f 2491//2491 2509//2509 1588//1588
f 2491//2491 1588//1588 1878//1878
f 1878//1878 1588//1588 1587//1587
f 1878//1878 1587//1587 1876//1876
f 2510//2510 2511//2511 2512//2512
f 2512//2512 2511//2511 1889//1889
f 2512//2512 1889//1889 1885//1885
f 1885//1885 1889//1889 1890//1890
f 1885//1885 1890//1890 1886//1886
f 1883//1883 1882//1882 1885//1885
f 1885//1885 1882//1882 2513//2513
f 1885//1885 2513//2513 2512//2512
f 2512//2512 2513//2513 2514//2514
f 2512//2512 2514//2514 2510//2510
f 2515//2515 2516//2516 2517//2517
f 2517//2517 2516//2516 2518//2518
f 2517//2517 2518//2518 2519//2519
f 2519//2519 2518//2518 2520//2520
f 2519//2519 2520//2520 2521//2521
f 2521//2521 2520//2520 2522//2522
f 2521//2521 2522//2522 2523//2523
f 2523//2523 2522//2522 1903//1903
f 2523//2523 1903//1903 1900//1900
f 1900//1900 1903//1903 1905//1905
f 1900//1900 1905//1905 1901//1901
f 2524//2524 2525//2525 2526//2526
f 2526//2526 2525//2525 2527//2527
f 2526//2526 2527//2527 2528//2528
f 2528//2528 2527//2527 2529//2529
f 2528//2528 2529//2529 2530//2530
f 2530//2530 2529//2529 2531//2531
f 2530//2530 2531//2531 2532//2532
f 2532//2532 2531//2531 2533//2533
f 2532//2532 2533//2533 2534//2534
f 2534//2534 2533//2533 2535//2535
f 2534//2534 2535//2535 2536//2536
f 2536//2536 2535//2535 1897//1897
f 2536//2536 1897//1897 1894//1894
f 1894//1894 1897//1897 1899//1899
f 1894//1894 1899//1899 1896//1896
f 2537//2537 2538//2538 2539//2539
f 2539//2539 2538//2538 2540//2540
f 2539//2539 2540//2540 2541//2541
f 2541//2541 2540//2540 2542//2542
f 2541//2541 2542//2542 2543//2543
f 2543//2543 2542//2542 2544//2544
f 2543//2543 2544//2544 2545//2545
f 2545//2545 2544//2544 2546//2546
f 2545//2545 2546//2546 2547//2547
f 2547//2547 2546//2546 2548//2548
f 2547//2547 2548//2548 2510//2510
f 2510//2510 2548//2548 2549//2549
f 2510//2510 2549//2549 2511//2511
f 2511//2511 2549//2549 1585//1585
f 2511//2511 1585//1585 1889//1889
f 1889//1889 1585//1585 1584//1584
f 1889//1889 1584//1584 1887//1887
f 2516//2516 2550//2550 2518//2518
f 2518//2518 2550//2550 2551//2551
f 2518//2518 2551//2551 2520//2520
f 2520//2520 2551//2551 2552//2552
f 2520//2520 2552//2552 2522//2522
f 2522//2522 2552//2552 1908//1908
f 2522//2522 1908//1908 1903//1903
f 1903//1903 1908//1908 1909//1909
f 1903//1903 1909//1909 1904//1904
f 2553//2553 2554//2554 2503//2503
f 2503//2503 2554//2554 2555//2555
f 2503//2503 2555//2555 2504//2504
f 1529//1529 1531//1531 2556//2556
f 2556//2556 1531//1531 2557//2557
f 2556//2556 2557//2557 2558//2558
f 2559//2559 2560//2560 2561//2561
f 2561//2561 2560//2560 2562//2562
f 2561//2561 2562//2562 2563//2563
f 2563//2563 2562//2562 2564//2564
f 2563//2563 2564//2564 2565//2565
f 2565//2565 2564//2564 2566//2566
f 2565//2565 2566//2566 2567//2567
f 2567//2567 2566//2566 2568//2568
f 2567//2567 2568//2568 2569//2569
f 2569//2569 2568//2568 2263//2263
f 2569//2569 2263//2263 2570//2570
f 2570//2570 2263//2263 2265//2265
f 2570//2570 2265//2265 2270//2270
f 2270//2270 2265//2265 2267//2267
f 2270//2270 2267//2267 2271//2271
f 2271//2271 2267//2267 2269//2269
f 2271//2271 2269//2269 2273//2273
f 2571//2571 2572//2572 2573//2573
f 2573//2573 2572//2572 2574//2574
f 2573//2573 2574//2574 2575//2575
f 2575//2575 2574//2574 2576//2576
f 2575//2575 2576//2576 2577//2577
f 2571//2571 2573//2573 2578//2578
f 2578//2578 2573//2573 2575//2575
f 2578//2578 2575//2575 2579//2579
f 2579//2579 2575//2575 2577//2577
f 2579//2579 2577//2577 2580//2580
f 2581//2581 2558//2558 2580//2580
f 2580//2580 2558//2558 2557//2557
f 2580//2580 2557//2557 2579//2579
f 2579//2579 2557//2557 1531//1531
f 2579//2579 1531//1531 2578//2578
f 2578//2578 1531//1531 1530//1530
f 2578//2578 1530//1530 2571//2571
f 1586//1586 1588//1588 1881//1881
f 1881//1881 1588//1588 2509//2509
f 1881//1881 2509//2509 2582//2582
f 2582//2582 2509//2509 2508//2508
f 2582//2582 2508//2508 2583//2583
f 2583//2583 2508//2508 2507//2507
f 2583//2583 2507//2507 2584//2584
f 2584//2584 2507//2507 2506//2506
f 2584//2584 2506//2506 2585//2585
f 2585//2585 2506//2506 2505//2505
f 2585//2585 2505//2505 2586//2586
f 2586//2586 2505//2505 2504//2504
f 2586//2586 2504//2504 2587//2587
f 2587//2587 2504//2504 2555//2555
f 2587//2587 2555//2555 2588//2588
f 2588//2588 2555//2555 2554//2554
f 2588//2588 2554//2554 2589//2589
f 2589//2589 2554//2554 2553//2553
f 2589//2589 2553//2553 2590//2590
f 2590//2590 2553//2553 2591//2591
f 2590//2590 2591//2591 2592//2592
f 2592//2592 2591//2591 2593//2593
f 2592//2592 2593//2593 2594//2594
f 2595//2595 2596//2596 2597//2597
f 2597//2597 2596//2596 2598//2598
f 2597//2597 2598//2598 2599//2599
f 2515//2515 1532//1532 2516//2516
f 2516//2516 1532//1532 1527//1527
f 2516//2516 1527//1527 2550//2550
f 2550//2550 1527//1527 1526//1526
f 2550//2550 1526//1526 2600//2600
f 2600//2600 1526//1526 2601//2601
f 2601//2601 1526//1526 2602//2602
f 2601//2601 2602//2602 2603//2603
f 2604//2604 2603//2603 2605//2605
f 2605//2605 2603//2603 2602//2602
f 2605//2605 2602//2602 2606//2606
f 2606//2606 2602//2602 1526//1526
f 2606//2606 1526//1526 2607//2607
f 2607//2607 1526//1526 1528//1528
f 2608//2608 2604//2604 2609//2609
f 2609//2609 2604//2604 2605//2605
f 2609//2609 2605//2605 2610//2610
f 2610//2610 2605//2605 2606//2606
f 2610//2610 2606//2606 2611//2611
f 2611//2611 2606//2606 2607//2607
f 2611//2611 2607//2607 2612//2612
f 2612//2612 2607//2607 1528//1528
f 2612//2612 1528//1528 2613//2613
f 2613//2613 1528//1528 1532//1532
f 2613//2613 1532//1532 2614//2614
f 2614//2614 1532//1532 2515//2515
f 2608//2608 2615//2615 2604//2604
f 2604//2604 2615//2615 2616//2616
f 2604//2604 2616//2616 2603//2603
f 2603//2603 2616//2616 2617//2617
f 2603//2603 2617//2617 2601//2601
f 2601//2601 2617//2617 2618//2618
f 2601//2601 2618//2618 2600//2600
f 2600//2600 2618//2618 2619//2619
f 2600//2600 2619//2619 2550//2550
f 2550//2550 2619//2619 2620//2620
f 2550//2550 2620//2620 2551//2551
f 2551//2551 2620//2620 2621//2621
f 2551//2551 2621//2621 2552//2552
f 2552//2552 2621//2621 1912//1912
f 2552//2552 1912//1912 1908//1908
f 1908//1908 1912//1912 1913//1913
f 1908//1908 1913//1913 1906//1906
f 1910//1910 1912//1912 1916//1916
f 1916//1916 1912//1912 2621//2621
f 1916//1916 2621//2621 2622//2622
f 2622//2622 2621//2621 2620//2620
f 2622//2622 2620//2620 2623//2623
f 2623//2623 2620//2620 2619//2619
f 2623//2623 2619//2619 2624//2624
f 2624//2624 2619//2619 2618//2618
f 2624//2624 2618//2618 2625//2625
f 2625//2625 2618//2618 2617//2617
f 2625//2625 2617//2617 2626//2626
f 2626//2626 2617//2617 2616//2616
f 2626//2626 2616//2616 2627//2627
f 2627//2627 2616//2616 2615//2615
f 2627//2627 2615//2615 2628//2628
f 2628//2628 2615//2615 2629//2629
f 2628//2628 2629//2629 2630//2630
f 1914//1914 1916//1916 1917//1917
f 1917//1917 1916//1916 2622//2622
f 1917//1917 2622//2622 2631//2631
f 2631//2631 2622//2622 2623//2623
f 2631//2631 2623//2623 2632//2632
f 2632//2632 2623//2623 2624//2624
f 2632//2632 2624//2624 2633//2633
f 2633//2633 2624//2624 2625//2625
f 2633//2633 2625//2625 2634//2634
f 2634//2634 2625//2625 2626//2626
f 2634//2634 2626//2626 2635//2635
f 2635//2635 2626//2626 2627//2627
f 2635//2635 2627//2627 2636//2636
f 2636//2636 2627//2627 2628//2628
f 2636//2636 2628//2628 2637//2637
f 2637//2637 2628//2628 2630//2630
f 2637//2637 2630//2630 2638//2638
f 1579//1579 1581//1581 1580//1580
f 1580//1580 1581//1581 1523//1523
f 1580//1580 1523//1523 2639//2639
f 2639//2639 1523//1523 1525//1525
f 2639//2639 1525//1525 2640//2640
f 1576//1576 1943//1943 1577//1577
f 1577//1577 1943//1943 1580//1580
f 1577//1577 1580//1580 2641//2641
f 2641//2641 1580//1580 2639//2639
f 2641//2641 2639//2639 2642//2642
f 2642//2642 2639//2639 2640//2640
f 2642//2642 2640//2640 2643//2643
f 1573//1573 1575//1575 1574//1574
f 1574//1574 1575//1575 1577//1577
f 1574//1574 1577//1577 2644//2644
f 2644//2644 1577//1577 2641//2641
f 2644//2644 2641//2641 2645//2645
f 2645//2645 2641//2641 2642//2642
f 2645//2645 2642//2642 2646//2646
f 2646//2646 2642//2642 2643//2643
f 2646//2646 2643//2643 2647//2647
f 1919//1919 1917//1917 1922//1922
f 1922//1922 1917//1917 2631//2631
f 1922//1922 2631//2631 2648//2648
f 2648//2648 2631//2631 2632//2632
f 2648//2648 2632//2632 2649//2649
f 2649//2649 2632//2632 2633//2633
f 2649//2649 2633//2633 2650//2650
f 2650//2650 2633//2633 2634//2634
f 2650//2650 2634//2634 2651//2651
f 2651//2651 2634//2634 2635//2635
f 2651//2651 2635//2635 2652//2652
f 2652//2652 2635//2635 2636//2636
f 2652//2652 2636//2636 2653//2653
f 2653//2653 2636//2636 2637//2637
f 2653//2653 2637//2637 2654//2654
f 2654//2654 2637//2637 2638//2638
f 2654//2654 2638//2638 2655//2655
f 1920//1920 1922//1922 1925//1925
f 1925//1925 1922//1922 2648//2648
f 1925//1925 2648//2648 2656//2656
f 2656//2656 2648//2648 2649//2649
f 2656//2656 2649//2649 2657//2657
f 2657//2657 2649//2649 2650//2650
f 2657//2657 2650//2650 2658//2658
f 2658//2658 2650//2650 2651//2651
f 2658//2658 2651//2651 2659//2659
f 2659//2659 2651//2651 2652//2652
f 2659//2659 2652//2652 2660//2660
f 2660//2660 2652//2652 2653//2653
f 2660//2660 2653//2653 2661//2661
f 2661//2661 2653//2653 2654//2654
f 2661//2661 2654//2654 2662//2662
f 2662//2662 2654//2654 2655//2655
f 2662//2662 2655//2655 2663//2663
f 1923//1923 1925//1925 1929//1929
f 1929//1929 1925//1925 2656//2656
f 1929//1929 2656//2656 2664//2664
f 2664//2664 2656//2656 2657//2657
f 2664//2664 2657//2657 2665//2665
f 2665//2665 2657//2657 2658//2658
f 2665//2665 2658//2658 2666//2666
f 2666//2666 2658//2658 2659//2659
f 2666//2666 2659//2659 2667//2667
f 2667//2667 2659//2659 2660//2660
f 2667//2667 2660//2660 2668//2668
f 2668//2668 2660//2660 2661//2661
f 2668//2668 2661//2661 2669//2669
f 2669//2669 2661//2661 2662//2662
f 2669//2669 2662//2662 2670//2670
f 2670//2670 2662//2662 2663//2663
f 2670//2670 2663//2663 2671//2671
f 1927//1927 1929//1929 1932//1932
f 1932//1932 1929//1929 2664//2664
f 1932//1932 2664//2664 2672//2672
f 2672//2672 2664//2664 2665//2665
f 2672//2672 2665//2665 2673//2673
f 2673//2673 2665//2665 2666//2666
f 2673//2673 2666//2666 2674//2674
f 2674//2674 2666//2666 2667//2667
f 2674//2674 2667//2667 2675//2675
f 2675//2675 2667//2667 2668//2668
f 2675//2675 2668//2668 2676//2676
f 2676//2676 2668//2668 2669//2669
f 2676//2676 2669//2669 2677//2677
f 2677//2677 2669//2669 2670//2670
f 2677//2677 2670//2670 2678//2678
f 2678//2678 2670//2670 2671//2671
f 2678//2678 2671//2671 2679//2679
f 1947//1947 1572//1572 1946//1946
f 1946//1946 1572//1572 1574//1574
f 1946//1946 1574//1574 2680//2680
f 2680//2680 1574//1574 2644//2644
f 2680//2680 2644//2644 2681//2681
f 2681//2681 2644//2644 2645//2645
f 2681//2681 2645//2645 2682//2682
f 2682//2682 2645//2645 2646//2646
f 2682//2682 2646//2646 2683//2683
f 2683//2683 2646//2646 2647//2647
f 2683//2683 2647//2647 2684//2684
f 2685//2685 2684//2684 2686//2686
f 2686//2686 2684//2684 2647//2647
f 2686//2686 2647//2647 2687//2687
f 2687//2687 2647//2647 2643//2643
f 2687//2687 2643//2643 2688//2688
f 2688//2688 2643//2643 2640//2640
f 2688//2688 2640//2640 2689//2689
f 2689//2689 2640//2640 1525//1525
f 2689//2689 1525//1525 2690//2690
f 2690//2690 1525//1525 1524//1524
f 2690//2690 1524//1524 2691//2691
f 2691//2691 1524//1524 1940//1940
f 2691//2691 1940//1940 1937//1937
f 1937//1937 1940//1940 1942//1942
f 1937//1937 1942//1942 1938//1938
f 1952//1952 1944//1944 1950//1950
f 1950//1950 1944//1944 1946//1946
f 1950//1950 1946//1946 2692//2692
f 2692//2692 1946//1946 2680//2680
f 2692//2692 2680//2680 2693//2693
f 2693//2693 2680//2680 2681//2681
f 2693//2693 2681//2681 2694//2694
f 2694//2694 2681//2681 2682//2682
f 2694//2694 2682//2682 2695//2695
f 2695//2695 2682//2682 2683//2683
f 2695//2695 2683//2683 2696//2696
f 2696//2696 2683//2683 2684//2684
f 2696//2696 2684//2684 2697//2697
f 2697//2697 2684//2684 2685//2685
f 2697//2697 2685//2685 2698//2698
f 1930//1930 1932//1932 1936//1936
f 1936//1936 1932//1932 2672//2672
f 1936//1936 2672//2672 2699//2699
f 2699//2699 2672//2672 2673//2673
f 2699//2699 2673//2673 2700//2700
f 2700//2700 2673//2673 2674//2674
f 2700//2700 2674//2674 2701//2701
f 2701//2701 2674//2674 2675//2675
f 2701//2701 2675//2675 2702//2702
f 2702//2702 2675//2675 2676//2676
f 2702//2702 2676//2676 2703//2703
f 2703//2703 2676//2676 2677//2677
f 2703//2703 2677//2677 2704//2704
f 2704//2704 2677//2677 2678//2678
f 2704//2704 2678//2678 2705//2705
f 2705//2705 2678//2678 2679//2679
f 2705//2705 2679//2679 2706//2706
f 1934//1934 1936//1936 1937//1937
f 1937//1937 1936//1936 2699//2699
f 1937//1937 2699//2699 2691//2691
f 2691//2691 2699//2699 2700//2700
f 2691//2691 2700//2700 2690//2690
f 2690//2690 2700//2700 2701//2701
f 2690//2690 2701//2701 2689//2689
f 2689//2689 2701//2701 2702//2702
f 2689//2689 2702//2702 2688//2688
f 2688//2688 2702//2702 2703//2703
f 2688//2688 2703//2703 2687//2687
f 2687//2687 2703//2703 2704//2704
f 2687//2687 2704//2704 2686//2686
f 2686//2686 2704//2704 2705//2705
f 2686//2686 2705//2705 2685//2685
f 2685//2685 2705//2705 2706//2706
f 2685//2685 2706//2706 2698//2698
f 2608//2608 2707//2707 2615//2615
f 2615//2615 2707//2707 2708//2708
f 2615//2615 2708//2708 2629//2629
f 2629//2629 2708//2708 2709//2709
f 2629//2629 2709//2709 2630//2630
f 2630//2630 2709//2709 2710//2710
f 2630//2630 2710//2710 2638//2638
f 2638//2638 2710//2710 2711//2711
f 2638//2638 2711//2711 2655//2655
f 2655//2655 2711//2711 2712//2712
f 2655//2655 2712//2712 2663//2663
f 2663//2663 2712//2712 2713//2713
f 2663//2663 2713//2713 2671//2671
f 2671//2671 2713//2713 2714//2714
f 2671//2671 2714//2714 2679//2679
f 2679//2679 2714//2714 2715//2715
f 2679//2679 2715//2715 2706//2706
f 2706//2706 2715//2715 2716//2716
f 2706//2706 2716//2716 2698//2698
f 1522//1522 1521//1521 2717//2717
f 2717//2717 1521//1521 2718//2718
f 2717//2717 2718//2718 2719//2719
f 2719//2719 2718//2718 2720//2720
f 2719//2719 2720//2720 2721//2721
f 2721//2721 2720//2720 2722//2722
f 2721//2721 2722//2722 2723//2723
f 2723//2723 2722//2722 2724//2724
f 2723//2723 2724//2724 2725//2725
f 2725//2725 2724//2724 2726//2726
f 2725//2725 2726//2726 2727//2727
f 2727//2727 2726//2726 2728//2728
f 2727//2727 2728//2728 2729//2729
f 2730//2730 2731//2731 2732//2732
f 2732//2732 2731//2731 2733//2733
f 2732//2732 2733//2733 2734//2734
f 2734//2734 2733//2733 2735//2735
f 2734//2734 2735//2735 2736//2736
f 2736//2736 2735//2735 2737//2737
f 2736//2736 2737//2737 2738//2738
f 2738//2738 2737//2737 2739//2739
f 2738//2738 2739//2739 2740//2740
f 2740//2740 2739//2739 2741//2741
f 2740//2740 2741//2741 2742//2742
f 2742//2742 2741//2741 2743//2743
f 2742//2742 2743//2743 2744//2744
f 2744//2744 2743//2743 2524//2524
f 2744//2744 2524//2524 2537//2537
f 2537//2537 2524//2524 2526//2526
f 2537//2537 2526//2526 2538//2538
f 2538//2538 2526//2526 2528//2528
f 2538//2538 2528//2528 2540//2540
f 2540//2540 2528//2528 2530//2530
f 2540//2540 2530//2530 2542//2542
f 2542//2542 2530//2530 2532//2532
f 2542//2542 2532//2532 2544//2544
f 2544//2544 2532//2532 2534//2534
f 2544//2544 2534//2534 2546//2546
f 2546//2546 2534//2534 2536//2536
f 2546//2546 2536//2536 2548//2548
f 2548//2548 2536//2536 1894//1894
f 2548//2548 1894//1894 2549//2549
f 2549//2549 1894//1894 1892//1892
f 2549//2549 1892//1892 1585//1585
f 1585//1585 1892//1892 1891//1891
f 1585//1585 1891//1891 1583//1583
f 2539//2539 2598//2598 2537//2537
f 2537//2537 2598//2598 2596//2596
f 2537//2537 2596//2596 2744//2744
f 2744//2744 2596//2596 2595//2595
f 2744//2744 2595//2595 2742//2742
f 2742//2742 2595//2595 2745//2745
f 2742//2742 2745//2745 2740//2740
f 2740//2740 2745//2745 2746//2746
f 2740//2740 2746//2746 2738//2738
f 2738//2738 2746//2746 2747//2747
f 2738//2738 2747//2747 2736//2736
f 2736//2736 2747//2747 2748//2748
f 2736//2736 2748//2748 2734//2734
f 2734//2734 2748//2748 2749//2749
f 2734//2734 2749//2749 2732//2732
f 2732//2732 2749//2749 2750//2750
f 2732//2732 2750//2750 2730//2730
f 2730//2730 2750//2750 2751//2751
f 1515//1515 1517//1517 2752//2752
f 2753//2753 2754//2754 2751//2751
f 2751//2751 2754//2754 1519//1519
f 2751//2751 1519//1519 2730//2730
f 2730//2730 1519//1519 1518//1518
f 2730//2730 1518//1518 2731//2731
f 1515//1515 2752//2752 1516//1516
f 1516//1516 2752//2752 2755//2755
f 1516//1516 2755//2755 2756//2756
f 2753//2753 2751//2751 2757//2757
f 2757//2757 2751//2751 2750//2750
f 2757//2757 2750//2750 2758//2758
f 2758//2758 2750//2750 2749//2749
f 2758//2758 2749//2749 2759//2759
f 2759//2759 2749//2749 2748//2748
f 2759//2759 2748//2748 2760//2760
f 2760//2760 2748//2748 2747//2747
f 2760//2760 2747//2747 2761//2761
f 2761//2761 2747//2747 2746//2746
f 2761//2761 2746//2746 2762//2762
f 2762//2762 2746//2746 2745//2745
f 2762//2762 2745//2745 2763//2763
f 2763//2763 2745//2745 2595//2595
f 2763//2763 2595//2595 2764//2764
f 2764//2764 2595//2595 2597//2597
f 2764//2764 2597//2597 2594//2594
f 2594//2594 2597//2597 2599//2599
f 2594//2594 2599//2599 2592//2592
f 2592//2592 2599//2599 2598//2598
f 2592//2592 2598//2598 2590//2590
f 2590//2590 2598//2598 2539//2539
f 2590//2590 2539//2539 2589//2589
f 2589//2589 2539//2539 2541//2541
f 2589//2589 2541//2541 2588//2588
f 2588//2588 2541//2541 2543//2543
f 2588//2588 2543//2543 2587//2587
f 2587//2587 2543//2543 2545//2545
f 2587//2587 2545//2545 2586//2586
f 2586//2586 2545//2545 2547//2547
f 2586//2586 2547//2547 2585//2585
f 2585//2585 2547//2547 2510//2510
f 2585//2585 2510//2510 2584//2584
f 2584//2584 2510//2510 2514//2514
f 2584//2584 2514//2514 2583//2583
f 2583//2583 2514//2514 2513//2513
f 2583//2583 2513//2513 2582//2582
f 2582//2582 2513//2513 1882//1882
f 2582//2582 1882//1882 1881//1881
f 1881//1881 1882//1882 1884//1884
f 1881//1881 1884//1884 1879//1879
f 2765//2765 2766//2766 2767//2767
f 2767//2767 2766//2766 2754//2754
f 2767//2767 2754//2754 2768//2768
f 2768//2768 2754//2754 2753//2753
f 1517//1517 1519//1519 2752//2752
f 2752//2752 1519//1519 2754//2754
f 2752//2752 2754//2754 2755//2755
f 2755//2755 2754//2754 2766//2766
f 2755//2755 2766//2766 2756//2756
f 1513//1513 1512//1512 2769//2769
f 2769//2769 1512//1512 2770//2770
f 2769//2769 2770//2770 2771//2771
f 2771//2771 2770//2770 2772//2772
f 2771//2771 2772//2772 2773//2773
f 2774//2774 2775//2775 2776//2776
f 2776//2776 2775//2775 2777//2777
f 2776//2776 2777//2777 2778//2778
f 2778//2778 2777//2777 2779//2779
f 2778//2778 2779//2779 2780//2780
f 2780//2780 2779//2779 2781//2781
f 2780//2780 2781//2781 2782//2782
f 2782//2782 2781//2781 2783//2783
f 2782//2782 2783//2783 2784//2784
f 2784//2784 2783//2783 1514//1514
f 2784//2784 2773//2773 2782//2782
f 2782//2782 2773//2773 2772//2772
f 2782//2782 2772//2772 2780//2780
f 2780//2780 2772//2772 2770//2770
f 2780//2780 2770//2770 2778//2778
f 2778//2778 2770//2770 1512//1512
f 2778//2778 1512//1512 2776//2776
f 2776//2776 1512//1512 1511//1511
f 2776//2776 1511//1511 2774//2774
f 2785//2785 2786//2786 2787//2787
f 2787//2787 2786//2786 2788//2788
f 2787//2787 2788//2788 2789//2789
f 1514//1514 1516//1516 2784//2784
f 2784//2784 1516//1516 2756//2756
f 2784//2784 2756//2756 2773//2773
f 2773//2773 2756//2756 2766//2766
f 2773//2773 2766//2766 2771//2771
f 2771//2771 2766//2766 2765//2765
f 2771//2771 2765//2765 2769//2769
f 2769//2769 2765//2765 2785//2785
f 2769//2769 2785//2785 1513//1513
f 1513//1513 2785//2785 2787//2787
f 1513//1513 2787//2787 1511//1511
f 1511//1511 2787//2787 2789//2789
f 1511//1511 2789//2789 2774//2774
f 1539//1539 2786//2786 1540//1540
f 1540//1540 2786//2786 2785//2785
f 1540//1540 2785//2785 2235//2235
f 2235//2235 2785//2785 2765//2765
f 2235//2235 2765//2765 2790//2790
f 2790//2790 2765//2765 2767//2767
f 2790//2790 2767//2767 2791//2791
f 2791//2791 2767//2767 2768//2768
f 2791//2791 2768//2768 2792//2792
f 2792//2792 2768//2768 2753//2753
f 2792//2792 2753//2753 2793//2793
f 2793//2793 2753//2753 2757//2757
f 2793//2793 2757//2757 2794//2794
f 2794//2794 2757//2757 2758//2758
f 2794//2794 2758//2758 2795//2795
f 2795//2795 2758//2758 2759//2759
f 2795//2795 2759//2759 2796//2796
f 2796//2796 2759//2759 2760//2760
f 2796//2796 2760//2760 2797//2797
f 2797//2797 2760//2760 2761//2761
f 2797//2797 2761//2761 2798//2798
f 2798//2798 2761//2761 2762//2762
f 2798//2798 2762//2762 2799//2799
f 2799//2799 2762//2762 2763//2763
f 2799//2799 2763//2763 2800//2800
f 2800//2800 2763//2763 2764//2764
f 2800//2800 2764//2764 2801//2801
f 2801//2801 2764//2764 2594//2594
f 2801//2801 2594//2594 2581//2581
f 2581//2581 2594//2594 2593//2593
f 2581//2581 2593//2593 2558//2558
f 2558//2558 2593//2593 2591//2591
f 2558//2558 2591//2591 2556//2556
f 2556//2556 2591//2591 2553//2553
f 2556//2556 2553//2553 1529//1529
f 1529//1529 2553//2553 2503//2503
f 1529//1529 2503//2503 1530//1530
f 1530//1530 2503//2503 2502//2502
f 1530//1530 2502//2502 2571//2571
f 2571//2571 2502//2502 2489//2489
f 2571//2571 2489//2489 2572//2572
f 2572//2572 2489//2489 2481//2481
f 2572//2572 2481//2481 2574//2574
f 2574//2574 2481//2481 2480//2480
f 2577//2577 2193//2193 2580//2580
f 2580//2580 2193//2193 2194//2194
f 2580//2580 2194//2194 2581//2581
f 2581//2581 2194//2194 2195//2195
f 2581//2581 2195//2195 2801//2801
f 2801//2801 2195//2195 2196//2196
f 2801//2801 2196//2196 2800//2800
f 2800//2800 2196//2196 2200//2200
f 2800//2800 2200//2200 2799//2799
f 2799//2799 2200//2200 2205//2205
f 2799//2799 2205//2205 2798//2798
f 2798//2798 2205//2205 2225//2225
f 2798//2798 2225//2225 2797//2797
f 2797//2797 2225//2225 2223//2223
f 2797//2797 2223//2223 2796//2796
f 2796//2796 2223//2223 2221//2221
f 2796//2796 2221//2221 2795//2795
f 2795//2795 2221//2221 2219//2219
f 2795//2795 2219//2219 2794//2794
f 2794//2794 2219//2219 2217//2217
f 2794//2794 2217//2217 2793//2793
f 2793//2793 2217//2217 2215//2215
f 2793//2793 2215//2215 2792//2792
f 2792//2792 2215//2215 2213//2213
f 2792//2792 2213//2213 2791//2791
f 2791//2791 2213//2213 2212//2212
f 2791//2791 2212//2212 2790//2790
f 2790//2790 2212//2212 2243//2243
f 2790//2790 2243//2243 2235//2235
f 2235//2235 2243//2243 2242//2242
f 2235//2235 2242//2242 2236//2236
f 2236//2236 2242//2242 2241//2241
f 2236//2236 2241//2241 2443//2443
f 2443//2443 2241//2241 2378//2378
f 2443//2443 2378//2378 2445//2445
f 2445//2445 2378//2378 2398//2398
f 2445//2445 2398//2398 2447//2447
f 2447//2447 2398//2398 2400//2400
f 2447//2447 2400//2400 2448//2448
f 2448//2448 2400//2400 2454//2454
f 2448//2448 2454//2454 2449//2449
f 2449//2449 2454//2454 2455//2455
f 2449//2449 2455//2455 2450//2450
f 2450//2450 2455//2455 2456//2456
f 2450//2450 2456//2456 2458//2458
f 2458//2458 2456//2456 1618//1618
f 2458//2458 1618//1618 1616//1616
f 1616//1616 1618//1618 1620//1620
f 1616//1616 1620//1620 1617//1617
f 1591//1591 2729//2729 2802//2802
f 2802//2802 2729//2729 2728//2728
f 2802//2802 2728//2728 2803//2803
f 2803//2803 2728//2728 2726//2726
f 2803//2803 2726//2726 2804//2804
f 2804//2804 2726//2726 2724//2724
f 2804//2804 2724//2724 2805//2805
f 2805//2805 2724//2724 2722//2722
f 2805//2805 2722//2722 2806//2806
f 2806//2806 2722//2722 2720//2720
f 2806//2806 2720//2720 2807//2807
f 2807//2807 2720//2720 2718//2718
f 2807//2807 2718//2718 2808//2808
f 2808//2808 2718//2718 1521//1521
f 2808//2808 1521//1521 2809//2809
f 2809//2809 1521//1521 1520//1520
f 2809//2809 1520//1520 2810//2810
f 1506//1506 1508//1508 2811//2811
f 2812//2812 1505//1505 2813//2813
f 2814//2814 2815//2815 2816//2816
f 2816//2816 2815//2815 2817//2817
f 2816//2816 2817//2817 2818//2818
f 2818//2818 2817//2817 2819//2819
f 2818//2818 2819//2819 2820//2820
f 2820//2820 2819//2819 2821//2821
f 2820//2820 2821//2821 2822//2822
f 2822//2822 2821//2821 2823//2823
f 2822//2822 2823//2823 2824//2824
f 2824//2824 2823//2823 2825//2825
f 2824//2824 2825//2825 2826//2826
f 2826//2826 2825//2825 2827//2827
f 2826//2826 2827//2827 2828//2828
f 2828//2828 2827//2827 2829//2829
f 2828//2828 2829//2829 2830//2830
f 2830//2830 2829//2829 2831//2831
f 2830//2830 2831//2831 2832//2832
f 2832//2832 2831//2831 2833//2833
f 2832//2832 2833//2833 2834//2834
f 2834//2834 2833//2833 2835//2835
f 2834//2834 2835//2835 2836//2836
f 2836//2836 2835//2835 2837//2837
f 2836//2836 2837//2837 2838//2838
f 2838//2838 2837//2837 2839//2839
f 2838//2838 2839//2839 2840//2840
f 2840//2840 2839//2839 2841//2841
f 2840//2840 2841//2841 2842//2842
f 2842//2842 2841//2841 2843//2843
f 2842//2842 2843//2843 2844//2844
f 2845//2845 2846//2846 2847//2847
f 2847//2847 2846//2846 2848//2848
f 2847//2847 2848//2848 2849//2849
f 2849//2849 2848//2848 2850//2850
f 2849//2849 2850//2850 2851//2851
f 2851//2851 2850//2850 2852//2852
f 2851//2851 2852//2852 2853//2853
f 2853//2853 2852//2852 2854//2854
f 2853//2853 2854//2854 2855//2855
f 2855//2855 2854//2854 2856//2856
f 2855//2855 2856//2856 2857//2857
f 2857//2857 2856//2856 2858//2858
f 2857//2857 2858//2858 2859//2859
f 2859//2859 2858//2858 2860//2860
f 2859//2859 2860//2860 2861//2861
f 2861//2861 2860//2860 2862//2862
f 2861//2861 2862//2862 2863//2863
f 2863//2863 2862//2862 2864//2864
f 2863//2863 2864//2864 2865//2865
f 2865//2865 2864//2864 2866//2866
f 2865//2865 2866//2866 2867//2867
f 2867//2867 2866//2866 2868//2868
f 2867//2867 2868//2868 2869//2869
f 2869//2869 2868//2868 2870//2870
f 2869//2869 2870//2870 2871//2871
f 2872//2872 2873//2873 2874//2874
f 2874//2874 2873//2873 2875//2875
f 2874//2874 2875//2875 2876//2876
f 2563//2563 2877//2877 2561//2561
f 2561//2561 2877//2877 2878//2878
f 2561//2561 2878//2878 2559//2559
f 2559//2559 2878//2878 2879//2879
f 2559//2559 2879//2879 2880//2880
f 2880//2880 2879//2879 2881//2881
f 2880//2880 2881//2881 2882//2882
f 2882//2882 2881//2881 2883//2883
f 2882//2882 2883//2883 2884//2884
f 2884//2884 2883//2883 2885//2885
f 2884//2884 2885//2885 2886//2886
f 2886//2886 2885//2885 2887//2887
f 2886//2886 2887//2887 2888//2888
f 2888//2888 2887//2887 2889//2889
f 2888//2888 2889//2889 2890//2890
f 2890//2890 2889//2889 2891//2891
f 2890//2890 2891//2891 2892//2892
f 2892//2892 2891//2891 2893//2893
f 2892//2892 2893//2893 2894//2894
f 2894//2894 2893//2893 2895//2895
f 2894//2894 2895//2895 2896//2896
f 2896//2896 2895//2895 2897//2897
f 2896//2896 2897//2897 2898//2898
f 2898//2898 2897//2897 2899//2899
f 2898//2898 2899//2899 2900//2900
f 2900//2900 2899//2899 2901//2901
f 2900//2900 2901//2901 2902//2902
f 2902//2902 2901//2901 2903//2903
f 2902//2902 2903//2903 2904//2904
f 2904//2904 2903//2903 2905//2905
f 2904//2904 2905//2905 2906//2906
f 2906//2906 2905//2905 2907//2907
f 2906//2906 2907//2907 2908//2908
f 2908//2908 2907//2907 2909//2909
f 2908//2908 2909//2909 2910//2910
f 2910//2910 2909//2909 2911//2911
f 2910//2910 2911//2911 2912//2912
f 2274//2274 2280//2280 2272//2272
f 2272//2272 2280//2280 2210//2210
f 2272//2272 2210//2210 2270//2270
f 2270//2270 2210//2210 2204//2204
f 2270//2270 2204//2204 2570//2570
f 2570//2570 2204//2204 2199//2199
f 2570//2570 2199//2199 2569//2569
f 2569//2569 2199//2199 1544//1544
f 2569//2569 1544//1544 2567//2567
f 2567//2567 1544//1544 1543//1543
f 2567//2567 1543//1543 2565//2565
f 2565//2565 1543//1543 2193//2193
f 2565//2565 2193//2193 2563//2563
f 2563//2563 2193//2193 2577//2577
f 2563//2563 2577//2577 2877//2877
f 2877//2877 2577//2577 2576//2576
f 2877//2877 2576//2576 2878//2878
f 2878//2878 2576//2576 2574//2574
f 2878//2878 2574//2574 2879//2879
f 2879//2879 2574//2574 2480//2480
f 2879//2879 2480//2480 2881//2881
f 2881//2881 2480//2480 2478//2478
f 2881//2881 2478//2478 2883//2883
f 2883//2883 2478//2478 2476//2476
f 2883//2883 2476//2476 2885//2885
f 2885//2885 2476//2476 2474//2474
f 2885//2885 2474//2474 2887//2887
f 2887//2887 2474//2474 2472//2472
f 2887//2887 2472//2472 2889//2889
f 2889//2889 2472//2472 2471//2471
f 2889//2889 2471//2471 2891//2891
f 2891//2891 2471//2471 1865//1865
f 2891//2891 1865//1865 2893//2893
f 2893//2893 1865//1865 1860//1860
f 2893//2893 1860//1860 2895//2895
f 2895//2895 1860//1860 1855//1855
f 2895//2895 1855//1855 2897//2897
f 2897//2897 1855//1855 1854//1854
f 2897//2897 1854//1854 2899//2899
f 2899//2899 1854//1854 1852//1852
f 2899//2899 1852//1852 2901//2901
f 2901//2901 1852//1852 1849//1849
f 2901//2901 1849//1849 2903//2903
f 2903//2903 1849//1849 1843//1843
f 2903//2903 1843//1843 2905//2905
f 2905//2905 1843//1843 1845//1845
f 2905//2905 1845//1845 2907//2907
f 2907//2907 1845//1845 1838//1838
f 2907//2907 1838//1838 2909//2909
f 2909//2909 1838//1838 1833//1833
f 2909//2909 1833//1833 2911//2911
f 2911//2911 1833//1833 1835//1835
f 2911//2911 1835//1835 2912//2912
f 2912//2912 1835//1835 1829//1829
f 2912//2912 1829//1829 2913//2913
f 2913//2913 1829//1829 1827//1827
f 2913//2913 1827//1827 1823//1823
f 1823//1823 1827//1827 1826//1826
f 1823//1823 1826//1826 1821//1821
f 2914//2914 2915//2915 2916//2916
f 2916//2916 2915//2915 2917//2917
f 2916//2916 2917//2917 2918//2918
f 2918//2918 2917//2917 2919//2919
f 2918//2918 2919//2919 2920//2920
f 2920//2920 2919//2919 2921//2921
f 2920//2920 2921//2921 2922//2922
f 2922//2922 2921//2921 2923//2923
f 2922//2922 2923//2923 2924//2924
f 2924//2924 2923//2923 2925//2925
f 2924//2924 2925//2925 2926//2926
f 2926//2926 2925//2925 2927//2927
f 2926//2926 2927//2927 2928//2928
f 2928//2928 2927//2927 2929//2929
f 2928//2928 2929//2929 2930//2930
f 2930//2930 2929//2929 2931//2931
f 2930//2930 2931//2931 2932//2932
f 2932//2932 2931//2931 2933//2933
f 2932//2932 2933//2933 2934//2934
f 2934//2934 2933//2933 2935//2935
f 2934//2934 2935//2935 2936//2936
f 2936//2936 2935//2935 2937//2937
f 2936//2936 2937//2937 2938//2938
f 2938//2938 2937//2937 2939//2939
f 2938//2938 2939//2939 2940//2940
f 2940//2940 2939//2939 2941//2941
f 2940//2940 2941//2941 2942//2942
f 2942//2942 2941//2941 2943//2943
f 2942//2942 2943//2943 2944//2944
f 2944//2944 2943//2943 2945//2945
f 2944//2944 2945//2945 2946//2946
f 2946//2946 2945//2945 2947//2947
f 2946//2946 2947//2947 2948//2948
f 2948//2948 2947//2947 2949//2949
f 2948//2948 2949//2949 2950//2950
f 2950//2950 2949//2949 2951//2951
f 2950//2950 2951//2951 2952//2952
f 2952//2952 2951//2951 2953//2953
f 2952//2952 2953//2953 2954//2954
f 2954//2954 2953//2953 2955//2955
f 2954//2954 2955//2955 2956//2956
f 2956//2956 2955//2955 2957//2957
f 2956//2956 2957//2957 2958//2958
f 2958//2958 2957//2957 2959//2959
f 2958//2958 2959//2959 2960//2960
f 2960//2960 2959//2959 2961//2961
f 2960//2960 2961//2961 2962//2962
f 2962//2962 2961//2961 2963//2963
f 2962//2962 2963//2963 2964//2964
f 2964//2964 2963//2963 2965//2965
f 2964//2964 2965//2965 2966//2966
f 2966//2966 2965//2965 2967//2967
f 2966//2966 2967//2967 2968//2968
f 2968//2968 2967//2967 2969//2969
f 2968//2968 2969//2969 2970//2970
f 2970//2970 2969//2969 1775//1775
f 2970//2970 1775//1775 2971//2971
f 2971//2971 1775//1775 1772//1772
f 2971//2971 1772//1772 2972//2972
f 2972//2972 1772//1772 1768//1768
f 2973//2973 2974//2974 2975//2975
f 2975//2975 2976//2976 2973//2973
f 2973//2973 2976//2976 2977//2977
f 2973//2973 2977//2977 2978//2978
f 2815//2815 2845//2845 2817//2817
f 2817//2817 2845//2845 2847//2847
f 2817//2817 2847//2847 2819//2819
f 2819//2819 2847//2847 2849//2849
f 2819//2819 2849//2849 2821//2821
f 2821//2821 2849//2849 2851//2851
f 2821//2821 2851//2851 2823//2823
f 2823//2823 2851//2851 2853//2853
f 2823//2823 2853//2853 2825//2825
f 2825//2825 2853//2853 2855//2855
f 2825//2825 2855//2855 2827//2827
f 2827//2827 2855//2855 2857//2857
f 2827//2827 2857//2857 2829//2829
f 2829//2829 2857//2857 2859//2859
f 2829//2829 2859//2859 2831//2831
f 2831//2831 2859//2859 2861//2861
f 2831//2831 2861//2861 2833//2833
f 2833//2833 2861//2861 2863//2863
f 2833//2833 2863//2863 2835//2835
f 2835//2835 2863//2863 2865//2865
f 2835//2835 2865//2865 2837//2837
f 2837//2837 2865//2865 2867//2867
f 2837//2837 2867//2867 2839//2839
f 2839//2839 2867//2867 2869//2869
f 2839//2839 2869//2869 2841//2841
f 2841//2841 2869//2869 2871//2871
f 2841//2841 2871//2871 2843//2843
f 2843//2843 2871//2871 2979//2979
f 2843//2843 2979//2979 2844//2844
f 2844//2844 2979//2979 2980//2980
f 2844//2844 2980//2980 2981//2981
f 2981//2981 2980//2980 2982//2982
f 2981//2981 2982//2982 2983//2983
f 2983//2983 2982//2982 2984//2984
f 2983//2983 2984//2984 2985//2985
f 2985//2985 2984//2984 2986//2986
f 2985//2985 2986//2986 2987//2987
f 2987//2987 2986//2986 2988//2988
f 2987//2987 2988//2988 2989//2989
f 2989//2989 2988//2988 2990//2990
f 2989//2989 2990//2990 2991//2991
f 2991//2991 2990//2990 2992//2992
f 2991//2991 2992//2992 2993//2993
f 2993//2993 2992//2992 2994//2994
f 2993//2993 2994//2994 2995//2995
f 2995//2995 2994//2994 2996//2996
f 2995//2995 2996//2996 2997//2997
f 2997//2997 2996//2996 2998//2998
f 2997//2997 2998//2998 2999//2999
f 2999//2999 2998//2998 3000//3000
f 2999//2999 3000//3000 3001//3001
f 3001//3001 3000//3000 3002//3002
f 3001//3001 3002//3002 3003//3003
f 3004//3004 3005//3005 3006//3006
f 3006//3006 3005//3005 3007//3007
f 3006//3006 3007//3007 3008//3008
f 3008//3008 3007//3007 3009//3009
f 3008//3008 3009//3009 3003//3003
f 3003//3003 3009//3009 3010//3010
f 3003//3003 3010//3010 3001//3001
f 3001//3001 3010//3010 3011//3011
f 3001//3001 3011//3011 2999//2999
f 2999//2999 3011//3011 3012//3012
f 2999//2999 3012//3012 2997//2997
f 2997//2997 3012//3012 3013//3013
f 2997//2997 3013//3013 2995//2995
f 2995//2995 3013//3013 3014//3014
f 2995//2995 3014//3014 2993//2993
f 2993//2993 3014//3014 3015//3015
f 2993//2993 3015//3015 2991//2991
f 2991//2991 3015//3015 3016//3016
f 2991//2991 3016//3016 2989//2989
f 2989//2989 3016//3016 3017//3017
f 2989//2989 3017//3017 2987//2987
f 2987//2987 3017//3017 3018//3018
f 2987//2987 3018//3018 2985//2985
f 2985//2985 3018//3018 3019//3019
f 2985//2985 3019//3019 2983//2983
f 2983//2983 3019//3019 3020//3020
f 2983//2983 3020//3020 2981//2981
f 2981//2981 3020//3020 3021//3021
f 2981//2981 3021//3021 2844//2844
f 2844//2844 3021//3021 3022//3022
f 2844//2844 3022//3022 2842//2842
f 2842//2842 3022//3022 3023//3023
f 2842//2842 3023//3023 2840//2840
f 2840//2840 3023//3023 3024//3024
f 2840//2840 3024//3024 2838//2838
f 2838//2838 3024//3024 3025//3025
f 2838//2838 3025//3025 2836//2836
f 2836//2836 3025//3025 3026//3026
f 2836//2836 3026//3026 2834//2834
f 2834//2834 3026//3026 3027//3027
f 2834//2834 3027//3027 2832//2832
f 2832//2832 3027//3027 3028//3028
f 2832//2832 3028//3028 2830//2830
f 2830//2830 3028//3028 3029//3029
f 2830//2830 3029//3029 2828//2828
f 2828//2828 3029//3029 3030//3030
f 2828//2828 3030//3030 2826//2826
f 2826//2826 3030//3030 3031//3031
f 2826//2826 3031//3031 2824//2824
f 2824//2824 3031//3031 3032//3032
f 2824//2824 3032//3032 2822//2822
f 2822//2822 3032//3032 3033//3033
f 2822//2822 3033//3033 2820//2820
f 2820//2820 3033//3033 3034//3034
f 2820//2820 3034//3034 2818//2818
f 2818//2818 3034//3034 3035//3035
f 2818//2818 3035//3035 2816//2816
f 2816//2816 3035//3035 3036//3036
f 2816//2816 3036//3036 2814//2814
f 2814//2814 3036//3036 3037//3037
f 3038//3038 3039//3039 3040//3040
f 3040//3040 3039//3039 3041//3041
f 3040//3040 3041//3041 3042//3042
f 3005//3005 2914//2914 3007//3007
f 3007//3007 2914//2914 2916//2916
f 3007//3007 2916//2916 3009//3009
f 3009//3009 2916//2916 2918//2918
f 3009//3009 2918//2918 3010//3010
f 3010//3010 2918//2918 2920//2920
f 3010//3010 2920//2920 3011//3011
f 3011//3011 2920//2920 2922//2922
f 3011//3011 2922//2922 3012//3012
f 3012//3012 2922//2922 2924//2924
f 3012//3012 2924//2924 3013//3013
f 3013//3013 2924//2924 2926//2926
f 3013//3013 2926//2926 3014//3014
f 3014//3014 2926//2926 2928//2928
f 3014//3014 2928//2928 3015//3015
f 3015//3015 2928//2928 2930//2930
f 3015//3015 2930//2930 3016//3016
f 3016//3016 2930//2930 2932//2932
f 3016//3016 2932//2932 3017//3017
f 3017//3017 2932//2932 2934//2934
f 3017//3017 2934//2934 3018//3018
f 3018//3018 2934//2934 2936//2936
f 3018//3018 2936//2936 3019//3019
f 3019//3019 2936//2936 2938//2938
f 3019//3019 2938//2938 3020//3020
f 3020//3020 2938//2938 2940//2940
f 3020//3020 2940//2940 3021//3021
f 3021//3021 2940//2940 2942//2942
f 3021//3021 2942//2942 3022//3022
f 3022//3022 2942//2942 2944//2944
f 3022//3022 2944//2944 3023//3023
f 3023//3023 2944//2944 2946//2946
f 3023//3023 2946//2946 3024//3024
f 3024//3024 2946//2946 2948//2948
f 3024//3024 2948//2948 3025//3025
f 3025//3025 2948//2948 2950//2950
f 3025//3025 2950//2950 3026//3026
f 3026//3026 2950//2950 2952//2952
f 3026//3026 2952//2952 3027//3027
f 3027//3027 2952//2952 2954//2954
f 3027//3027 2954//2954 3028//3028
f 3028//3028 2954//2954 2956//2956
f 3028//3028 2956//2956 3029//3029
f 3029//3029 2956//2956 2958//2958
f 3029//3029 2958//2958 3030//3030
f 3030//3030 2958//2958 2960//2960
f 3030//3030 2960//2960 3031//3031
f 3031//3031 2960//2960 2962//2962
f 3031//3031 2962//2962 3032//3032
f 3032//3032 2962//2962 2964//2964
f 3032//3032 2964//2964 3033//3033
f 3033//3033 2964//2964 2966//2966
f 3033//3033 2966//2966 3034//3034
f 3034//3034 2966//2966 2968//2968
f 3034//3034 2968//2968 3035//3035
f 3035//3035 2968//2968 2970//2970
f 3035//3035 2970//2970 3036//3036
f 3036//3036 2970//2970 2971//2971
f 3036//3036 2971//2971 3037//3037
f 3037//3037 2971//2971 2972//2972
f 2977//2977 3043//3043 2978//2978
f 2978//2978 3043//3043 3044//3044
f 2978//2978 3044//3044 3045//3045
f 3045//3045 3044//3044 3046//3046
f 3045//3045 3046//3046 3047//3047
f 3047//3047 3046//3046 3048//3048
f 3047//3047 3048//3048 3049//3049
f 3049//3049 3048//3048 3050//3050
f 3049//3049 3050//3050 3051//3051
f 3051//3051 3050//3050 3052//3052
f 3051//3051 3052//3052 3053//3053
f 3053//3053 3052//3052 3054//3054
f 3053//3053 3054//3054 3055//3055
f 3055//3055 3054//3054 3056//3056
f 3055//3055 3056//3056 3057//3057
f 3057//3057 3056//3056 2876//2876
f 3057//3057 2876//2876 3058//3058
f 3058//3058 2876//2876 2875//2875
f 3058//3058 2875//2875 3059//3059
f 3059//3059 2875//2875 2873//2873
f 3060//3060 3061//3061 3062//3062
f 3062//3062 3061//3061 3063//3063
f 3062//3062 3063//3063 3064//3064
f 3064//3064 3063//3063 3065//3065
f 3064//3064 3065//3065 3066//3066
f 3066//3066 3065//3065 3067//3067
f 3066//3066 3067//3067 3068//3068
f 3068//3068 3067//3067 3069//3069
f 3068//3068 3069//3069 2812//2812
f 1522//1522 3070//3070 1520//1520
f 1520//1520 3070//3070 3071//3071
f 1520//1520 3071//3071 2810//2810
f 2810//2810 3071//3071 3072//3072
f 2810//2810 3072//3072 3073//3073
f 3073//3073 3072//3072 3074//3074
f 3073//3073 3074//3074 3075//3075
f 3075//3075 3074//3074 3076//3076
f 3075//3075 3076//3076 3077//3077
f 3077//3077 3076//3076 3078//3078
f 3077//3077 3078//3078 3079//3079
f 1505//1505 1507//1507 2813//2813
f 2813//2813 1507//1507 3080//3080
f 2813//2813 3080//3080 3081//3081
f 3081//3081 3080//3080 3082//3082
f 3081//3081 3082//3082 3083//3083
f 3083//3083 3082//3082 3084//3084
f 3083//3083 3084//3084 3085//3085
f 3085//3085 3084//3084 3086//3086
f 3085//3085 3086//3086 3087//3087
f 2812//2812 2813//2813 3068//3068
f 3068//3068 2813//2813 3081//3081
f 3068//3068 3081//3081 3066//3066
f 3066//3066 3081//3081 3083//3083
f 3066//3066 3083//3083 3064//3064
f 3064//3064 3083//3083 3085//3085
f 3064//3064 3085//3085 3062//3062
f 3062//3062 3085//3085 3087//3087
f 3062//3062 3087//3087 3060//3060
f 1506//1506 2811//2811 1507//1507
f 1507//1507 2811//2811 3088//3088
f 1507//1507 3088//3088 3080//3080
f 3080//3080 3088//3088 3089//3089
f 3080//3080 3089//3089 3082//3082
f 3082//3082 3089//3089 3090//3090
f 3082//3082 3090//3090 3084//3084
f 3084//3084 3090//3090 3091//3091
f 3084//3084 3091//3091 3086//3086
f 3086//3086 3091//3091 3092//3092
f 3086//3086 3092//3092 3087//3087
f 3087//3087 3092//3092 3093//3093
f 3087//3087 3093//3093 3060//3060
f 1508//1508 1510//1510 2811//2811
f 2811//2811 1510//1510 3094//3094
f 2811//2811 3094//3094 3088//3088
f 3088//3088 3094//3094 3095//3095
f 3088//3088 3095//3095 3089//3089
f 3089//3089 3095//3095 3096//3096
f 3089//3089 3096//3096 3090//3090
f 3090//3090 3096//3096 3097//3097
f 3090//3090 3097//3097 3091//3091
f 3091//3091 3097//3097 3098//3098
f 3091//3091 3098//3098 3092//3092
f 3059//3059 3099//3099 3058//3058
f 3058//3058 3099//3099 3100//3100
f 3058//3058 3100//3100 3057//3057
f 3057//3057 3100//3100 3101//3101
f 3057//3057 3101//3101 3055//3055
f 3055//3055 3101//3101 3102//3102
f 3055//3055 3102//3102 3053//3053
f 3053//3053 3102//3102 3103//3103
f 3053//3053 3103//3103 3051//3051
f 3051//3051 3103//3103 3104//3104
f 3051//3051 3104//3104 3049//3049
f 3049//3049 3104//3104 3105//3105
f 3049//3049 3105//3105 3047//3047
f 3047//3047 3105//3105 3106//3106
f 3047//3047 3106//3106 3045//3045
f 3045//3045 3106//3106 3107//3107
f 3045//3045 3107//3107 2978//2978
f 2978//2978 3107//3107 3108//3108
f 2978//2978 3108//3108 2973//2973
f 2973//2973 3108//3108 3109//3109
f 2973//2973 3109//3109 2974//2974
f 2974//2974 3109//3109 3110//3110
f 3099//3099 3111//3111 3100//3100
f 3100//3100 3111//3111 3112//3112
f 3100//3100 3112//3112 3101//3101
f 3101//3101 3112//3112 3113//3113
f 3101//3101 3113//3113 3102//3102
f 3102//3102 3113//3113 3114//3114
f 3102//3102 3114//3114 3103//3103
f 3103//3103 3114//3114 3115//3115
f 3103//3103 3115//3115 3104//3104
f 3104//3104 3115//3115 3116//3116
f 3104//3104 3116//3116 3105//3105
f 3105//3105 3116//3116 3117//3117
f 3105//3105 3117//3117 3106//3106
f 3106//3106 3117//3117 3118//3118
f 3106//3106 3118//3118 3107//3107
f 3107//3107 3118//3118 3119//3119
f 3107//3107 3119//3119 3108//3108
f 3108//3108 3119//3119 3120//3120
f 3108//3108 3120//3120 3109//3109
f 3109//3109 3120//3120 3121//3121
f 3109//3109 3121//3121 3110//3110
f 3122//3122 3110//3110 3123//3123
f 3123//3123 3110//3110 3121//3121
f 3123//3123 3121//3121 3124//3124
f 3124//3124 3121//3121 3120//3120
f 3124//3124 3120//3120 3125//3125
f 3125//3125 3120//3120 3119//3119
f 3125//3125 3119//3119 3126//3126
f 3126//3126 3119//3119 3118//3118
f 3126//3126 3118//3118 3127//3127
f 3127//3127 3118//3118 3117//3117
f 3127//3127 3117//3117 3128//3128
f 3128//3128 3117//3117 3116//3116
f 3128//3128 3116//3116 3129//3129
f 3129//3129 3116//3116 3115//3115
f 3129//3129 3115//3115 3130//3130
f 3130//3130 3115//3115 3114//3114
f 3130//3130 3114//3114 3131//3131
f 3131//3131 3114//3114 3113//3113
f 3131//3131 3113//3113 1504//1504
f 1504//1504 3113//3113 3112//3112
f 1504//1504 3112//3112 1502//1502
f 1502//1502 3112//3112 3111//3111
f 1502//1502 3111//3111 3132//3132
f 3132//3132 3111//3111 3099//3099
f 3132//3132 3099//3099 3133//3133
f 3133//3133 3099//3099 3059//3059
f 3133//3133 3059//3059 3134//3134
f 3134//3134 3059//3059 2873//2873
f 3134//3134 2873//2873 3135//3135
f 3135//3135 2873//2873 2872//2872
f 3135//3135 2872//2872 3136//3136
f 3137//3137 3138//3138 3139//3139
f 3139//3139 3138//3138 3140//3140
f 3139//3139 3140//3140 3141//3141
f 3141//3141 3140//3140 3142//3142
f 3141//3141 3142//3142 3143//3143
f 3143//3143 3142//3142 3144//3144
f 3143//3143 3144//3144 3145//3145
f 3145//3145 3144//3144 3146//3146
f 3145//3145 3146//3146 3147//3147
f 3147//3147 3146//3146 3148//3148
f 3147//3147 3148//3148 3149//3149
f 3149//3149 3148//3148 3150//3150
f 3149//3149 3150//3150 3151//3151
f 3151//3151 3150//3150 3042//3042
f 3151//3151 3042//3042 3152//3152
f 3152//3152 3042//3042 3041//3041
f 3152//3152 3041//3041 3153//3153
f 3153//3153 3041//3041 3039//3039
f 3154//3154 3155//3155 3156//3156
f 3156//3156 3155//3155 3122//3122
f 3156//3156 3122//3122 3157//3157
f 3157//3157 3122//3122 3123//3123
f 3157//3157 3123//3123 3158//3158
f 3158//3158 3123//3123 3124//3124
f 3158//3158 3124//3124 3159//3159
f 3159//3159 3124//3124 3125//3125
f 3159//3159 3125//3125 3160//3160
f 3160//3160 3125//3125 3126//3126
f 3160//3160 3126//3126 3161//3161
f 3161//3161 3126//3126 3127//3127
f 3161//3161 3127//3127 3162//3162
f 3162//3162 3127//3127 3128//3128
f 3162//3162 3128//3128 3163//3163
f 3163//3163 3128//3128 3129//3129
f 3163//3163 3129//3129 3164//3164
f 3164//3164 3129//3129 3130//3130
f 3164//3164 3130//3130 3165//3165
f 3165//3165 3130//3130 3131//3131
f 3165//3165 3131//3131 3166//3166
f 3166//3166 3131//3131 1504//1504
f 3166//3166 1504//1504 3167//3167
f 3167//3167 1504//1504 1503//1503
f 3167//3167 1503//1503 3093//3093
f 3093//3093 1503//1503 1502//1502
f 3093//3093 1502//1502 3060//3060
f 3060//3060 1502//1502 3132//3132
f 3060//3060 3132//3132 3061//3061
f 3061//3061 3132//3132 3133//3133
f 3061//3061 3133//3133 3063//3063
f 3063//3063 3133//3133 3134//3134
f 3063//3063 3134//3134 3065//3065
f 3065//3065 3134//3134 3135//3135
f 3065//3065 3135//3135 3067//3067
f 3067//3067 3135//3135 3136//3136
f 3067//3067 3136//3136 3069//3069
f 1501//1501 1500//1500 3168//3168
f 1500//1500 3169//3169 3168//3168
f 3168//3168 3169//3169 3170//3170
f 3168//3168 3170//3170 3154//3154
f 3154//3154 3170//3170 3171//3171
f 3154//3154 3171//3171 3155//3155
f 1499//1499 1501//1501 3172//3172
f 3172//3172 1501//1501 3173//3173
f 3172//3172 3173//3173 3174//3174
f 3174//3174 3173//3173 3175//3175
f 3174//3174 3175//3175 3176//3176
f 3176//3176 3137//3137 3174//3174
f 3174//3174 3137//3137 3139//3139
f 3174//3174 3139//3139 3172//3172
f 3172//3172 3139//3139 3141//3141
f 3172//3172 3141//3141 1499//1499
f 1499//1499 3141//3141 3143//3143
f 1499//1499 3143//3143 1500//1500
f 1500//1500 3143//3143 3145//3145
f 1500//1500 3145//3145 3169//3169
f 3169//3169 3145//3145 3147//3147
f 3169//3169 3147//3147 3170//3170
f 3170//3170 3147//3147 3149//3149
f 3170//3170 3149//3149 3171//3171
f 3171//3171 3149//3149 3151//3151
f 3171//3171 3151//3151 3155//3155
f 3155//3155 3151//3151 3152//3152
f 3155//3155 3152//3152 3122//3122
f 3122//3122 3152//3152 3153//3153
f 3122//3122 3153//3153 3110//3110
f 3110//3110 3153//3153 3039//3039
f 3110//3110 3039//3039 2974//2974
f 2974//2974 3039//3039 3038//3038
f 2974//2974 3038//3038 2975//2975
f 3138//3138 3004//3004 3140//3140
f 3140//3140 3004//3004 3006//3006
f 3140//3140 3006//3006 3142//3142
f 3142//3142 3006//3006 3008//3008
f 3142//3142 3008//3008 3144//3144
f 3144//3144 3008//3008 3003//3003
f 3144//3144 3003//3003 3146//3146
f 3146//3146 3003//3003 3002//3002
f 3146//3146 3002//3002 3148//3148
f 3148//3148 3002//3002 3000//3000
f 3148//3148 3000//3000 3150//3150
f 3150//3150 3000//3000 2998//2998
f 3150//3150 2998//2998 3042//3042
f 3042//3042 2998//2998 2996//2996
f 3042//3042 2996//2996 3040//3040
f 3040//3040 2996//2996 2994//2994
f 3040//3040 2994//2994 3038//3038
f 3038//3038 2994//2994 2992//2992
f 3038//3038 2992//2992 2975//2975
f 2975//2975 2992//2992 2990//2990
f 2975//2975 2990//2990 2976//2976
f 2976//2976 2990//2990 2988//2988
f 2976//2976 2988//2988 2977//2977
f 2977//2977 2988//2988 2986//2986
f 2977//2977 2986//2986 3043//3043
f 3043//3043 2986//2986 2984//2984
f 3043//3043 2984//2984 3044//3044
f 3044//3044 2984//2984 2982//2982
f 3044//3044 2982//2982 3046//3046
f 3046//3046 2982//2982 2980//2980
f 3046//3046 2980//2980 3048//3048
f 3048//3048 2980//2980 2979//2979
f 3048//3048 2979//2979 3050//3050
f 3050//3050 2979//2979 2871//2871
f 3050//3050 2871//2871 3052//3052
f 3052//3052 2871//2871 2870//2870
f 3052//3052 2870//2870 3054//3054
f 3054//3054 2870//2870 2868//2868
f 3054//3054 2868//2868 3056//3056
f 3056//3056 2868//2868 2866//2866
f 3056//3056 2866//2866 2876//2876
f 2876//2876 2866//2866 2864//2864
f 2876//2876 2864//2864 2874//2874
f 2874//2874 2864//2864 2862//2862
f 2874//2874 2862//2862 2872//2872
f 2872//2872 2862//2862 2860//2860
f 2872//2872 2860//2860 3136//3136
f 3136//3136 2860//2860 2858//2858
f 3136//3136 2858//2858 3069//3069
f 3069//3069 2858//2858 2856//2856
f 3069//3069 2856//2856 2812//2812
f 2812//2812 2856//2856 2854//2854
f 2812//2812 2854//2854 1505//1505
f 1505//1505 2854//2854 2852//2852
f 1505//1505 2852//2852 1506//1506
f 1506//1506 2852//2852 2850//2850
f 1506//1506 2850//2850 1508//1508
f 1508//1508 2850//2850 2848//2848
f 1508//1508 2848//2848 1509//1509
f 1509//1509 2848//2848 2846//2846
f 1590//1590 1948//1948 1591//1591
f 1591//1591 1948//1948 1950//1950
f 1591//1591 1950//1950 2729//2729
f 2729//2729 1950//1950 2692//2692
f 2729//2729 2692//2692 2727//2727
f 2727//2727 2692//2692 2693//2693
f 2727//2727 2693//2693 2725//2725
f 2725//2725 2693//2693 2694//2694
f 2725//2725 2694//2694 2723//2723
f 2723//2723 2694//2694 2695//2695
f 2723//2723 2695//2695 2721//2721
f 2721//2721 2695//2695 2696//2696
f 2721//2721 2696//2696 2719//2719
f 2719//2719 2696//2696 2697//2697
f 2719//2719 2697//2697 2717//2717
f 2717//2717 2697//2697 2698//2698
f 2717//2717 2698//2698 1522//1522
f 1522//1522 2698//2698 2716//2716
f 1522//1522 2716//2716 3070//3070
f 3070//3070 2716//2716 3177//3177
f 3070//3070 3177//3177 3071//3071
f 3071//3071 3177//3177 3178//3178
f 3071//3071 3178//3178 3072//3072
f 3072//3072 3178//3178 3179//3179
f 3072//3072 3179//3179 3074//3074
f 3074//3074 3179//3179 3180//3180
f 3074//3074 3180//3180 3076//3076
f 3076//3076 3180//3180 3181//3181
f 3076//3076 3181//3181 3078//3078
f 3078//3078 3181//3181 1570//1570
f 3078//3078 1570//1570 3079//3079
f 3079//3079 1570//1570 1569//1569
f 1593//1593 1592//1592 1604//1604
f 1604//1604 1592//1592 1767//1767
f 1604//1604 1767//1767 2465//2465
f 2465//2465 1767//1767 1990//1990
f 2465//2465 1990//1990 2463//2463
f 2463//2463 1990//1990 1984//1984
f 2463//2463 1984//1984 2461//2461
f 2461//2461 1984//1984 1982//1982
f 2461//2461 1982//1982 2459//2459
f 2459//2459 1982//1982 1981//1981
f 2459//2459 1981//1981 2468//2468
f 2468//2468 1981//1981 2356//2356
f 2468//2468 2356//2356 2467//2467
f 2467//2467 2356//2356 1571//1571
f 2467//2467 1571//1571 2466//2466
f 2466//2466 1571//1571 1570//1570
f 2466//2466 1570//1570 1539//1539
f 1539//1539 1570//1570 3181//3181
f 1539//1539 3181//3181 2786//2786
f 2786//2786 3181//3181 3180//3180
f 2786//2786 3180//3180 2788//2788
f 2788//2788 3180//3180 3179//3179
f 2788//2788 3179//3179 2789//2789
f 2789//2789 3179//3179 3178//3178
f 2789//2789 3178//3178 2774//2774
f 2774//2774 3178//3178 3177//3177
f 2774//2774 3177//3177 2775//2775
f 2775//2775 3177//3177 2716//2716
f 2775//2775 2716//2716 2777//2777
f 2777//2777 2716//2716 2715//2715
f 2777//2777 2715//2715 2779//2779
f 2779//2779 2715//2715 2714//2714
f 2779//2779 2714//2714 2781//2781
f 2781//2781 2714//2714 2713//2713
f 2781//2781 2713//2713 2783//2783
f 2783//2783 2713//2713 2712//2712
f 2783//2783 2712//2712 1514//1514
f 1514//1514 2712//2712 2711//2711
f 1514//1514 2711//2711 1515//1515
f 1515//1515 2711//2711 2710//2710
f 1515//1515 2710//2710 1517//1517
f 1517//1517 2710//2710 2709//2709
f 1517//1517 2709//2709 1518//1518
f 1518//1518 2709//2709 2708//2708
f 1518//1518 2708//2708 2731//2731
f 2731//2731 2708//2708 2707//2707
f 2731//2731 2707//2707 2733//2733
f 2733//2733 2707//2707 2608//2608
f 2733//2733 2608//2608 2735//2735
f 2735//2735 2608//2608 2609//2609
f 2735//2735 2609//2609 2737//2737
f 2737//2737 2609//2609 2610//2610
f 2737//2737 2610//2610 2739//2739
f 2739//2739 2610//2610 2611//2611
f 2739//2739 2611//2611 2741//2741
f 2741//2741 2611//2611 2612//2612
f 2741//2741 2612//2612 2743//2743
f 2743//2743 2612//2612 2613//2613
f 2743//2743 2613//2613 2524//2524
f 2524//2524 2613//2613 2614//2614
f 2524//2524 2614//2614 2525//2525
f 2525//2525 2614//2614 2515//2515
f 2525//2525 2515//2515 2527//2527
f 2527//2527 2515//2515 2517//2517
f 2527//2527 2517//2517 2529//2529
f 2529//2529 2517//2517 2519//2519
f 2529//2529 2519//2519 2531//2531
f 2531//2531 2519//2519 2521//2521
f 2531//2531 2521//2521 2533//2533
f 2533//2533 2521//2521 2523//2523
f 2533//2533 2523//2523 2535//2535
f 2535//2535 2523//2523 1900//1900
f 2535//2535 1900//1900 1897//1897
f 1897//1897 1900//1900 1902//1902
f 1897//1897 1902//1902 1898//1898
f 1641//1641 1595//1595 1642//1642
f 1642//1642 1595//1595 1597//1597
f 1642//1642 1597//1597 2355//2355
f 2355//2355 1597//1597 2408//2408
f 2355//2355 2408//2408 2320//2320
f 2320//2320 2408//2408 2410//2410
f 2320//2320 2410//2410 2321//2321
f 2321//2321 2410//2410 2407//2407
f 2321//2321 2407//2407 2322//2322
f 2322//2322 2407//2407 1538//1538
f 2322//2322 1538//1538 2323//2323
f 2323//2323 1538//1538 2357//2357
f 2323//2323 2357//2357 2324//2324
f 2324//2324 2357//2357 2359//2359
f 2324//2324 2359//2359 2325//2325
f 2325//2325 2359//2359 2361//2361
f 2325//2325 2361//2361 2326//2326
f 2326//2326 2361//2361 2363//2363
f 2326//2326 2363//2363 2327//2327
f 2327//2327 2363//2363 2365//2365
f 2327//2327 2365//2365 2328//2328
f 2328//2328 2365//2365 2367//2367
f 2328//2328 2367//2367 2329//2329
f 2329//2329 2367//2367 2369//2369
f 2329//2329 2369//2369 2330//2330
f 2330//2330 2369//2369 2371//2371
f 2330//2330 2371//2371 2331//2331
f 2331//2331 2371//2371 2373//2373
f 2331//2331 2373//2373 2332//2332
f 2332//2332 2373//2373 2395//2395
f 2332//2332 2395//2395 2333//2333
f 2333//2333 2395//2395 2276//2276
f 2333//2333 2276//2276 2334//2334
f 2334//2334 2276//2276 2275//2275
f 2334//2334 2275//2275 2335//2335
f 2335//2335 2275//2275 2274//2274
f 2335//2335 2274//2274 2336//2336
f 2336//2336 2274//2274 2273//2273
f 2336//2336 2273//2273 2337//2337
f 2337//2337 2273//2273 2269//2269
f 2337//2337 2269//2269 2338//2338
f 2338//2338 2269//2269 2268//2268
f 2338//2338 2268//2268 2339//2339
f 2339//2339 2268//2268 2266//2266
f 2339//2339 2266//2266 2340//2340
f 2340//2340 2266//2266 2264//2264
f 2340//2340 2264//2264 2341//2341
f 2341//2341 2264//2264 2263//2263
f 2341//2341 2263//2263 2093//2093
f 2093//2093 2263//2263 2568//2568
f 2093//2093 2568//2568 2088//2088
f 2088//2088 2568//2568 2566//2566
f 2088//2088 2566//2566 2084//2084
f 2084//2084 2566//2566 2564//2564
f 2084//2084 2564//2564 2079//2079
f 2079//2079 2564//2564 2562//2562
f 2079//2079 2562//2562 2080//2080
f 2080//2080 2562//2562 2560//2560
f 1782//1782 1776//1776 1783//1783
f 1783//1783 1776//1776 1775//1775
f 1783//1783 1775//1775 1781//1781
f 1781//1781 1775//1775 2969//2969
f 1781//1781 2969//2969 1779//1779
f 1779//1779 2969//2969 2967//2967
f 1779//1779 2967//2967 1785//1785
f 1785//1785 2967//2967 2965//2965
f 1785//1785 2965//2965 1788//1788
f 1788//1788 2965//2965 2963//2963
f 1788//1788 2963//2963 1791//1791
f 1791//1791 2963//2963 2961//2961
f 1791//1791 2961//2961 1795//1795
f 1795//1795 2961//2961 2959//2959
f 1795//1795 2959//2959 1793//1793
f 1793//1793 2959//2959 2957//2957
f 1793//1793 2957//2957 1798//1798
f 1798//1798 2957//2957 2955//2955
f 1798//1798 2955//2955 1801//1801
f 1801//1801 2955//2955 2953//2953
f 1801//1801 2953//2953 1808//1808
f 1808//1808 2953//2953 2951//2951
f 1808//1808 2951//2951 1810//1810
f 1810//1810 2951//2951 2949//2949
f 1810//1810 2949//2949 1813//1813
f 1813//1813 2949//2949 2947//2947
f 1813//1813 2947//2947 1816//1816
f 1816//1816 2947//2947 2945//2945
f 1816//1816 2945//2945 1819//1819
f 1819//1819 2945//2945 2943//2943
f 1819//1819 2943//2943 1823//1823
f 1823//1823 2943//2943 2941//2941
f 1823//1823 2941//2941 2913//2913
f 2913//2913 2941//2941 2939//2939
f 2913//2913 2939//2939 2912//2912
f 2912//2912 2939//2939 2937//2937
f 2912//2912 2937//2937 2910//2910
f 2910//2910 2937//2937 2935//2935
f 2910//2910 2935//2935 2908//2908
f 2908//2908 2935//2935 2933//2933
f 2908//2908 2933//2933 2906//2906
f 2906//2906 2933//2933 2931//2931
f 2906//2906 2931//2931 2904//2904
f 2904//2904 2931//2931 2929//2929
f 2904//2904 2929//2929 2902//2902
f 2902//2902 2929//2929 2927//2927
f 2902//2902 2927//2927 2900//2900
f 2900//2900 2927//2927 2925//2925
f 2900//2900 2925//2925 2898//2898
f 2898//2898 2925//2925 2923//2923
f 2898//2898 2923//2923 2896//2896
f 2896//2896 2923//2923 2921//2921
f 2896//2896 2921//2921 2894//2894
f 2894//2894 2921//2921 2919//2919
f 2894//2894 2919//2919 2892//2892
f 2892//2892 2919//2919 2917//2917
f 2892//2892 2917//2917 2890//2890
f 2890//2890 2917//2917 2915//2915
f 2890//2890 2915//2915 2888//2888
f 2888//2888 2915//2915 2914//2914
f 2888//2888 2914//2914 2886//2886
f 2886//2886 2914//2914 3005//3005
f 2886//2886 3005//3005 2884//2884
f 2884//2884 3005//3005 3004//3004
f 2884//2884 3004//3004 2882//2882
f 2882//2882 3004//3004 3138//3138
f 2882//2882 3138//3138 2880//2880
f 2880//2880 3138//3138 3137//3137
f 2880//2880 3137//3137 2559//2559
f 2559//2559 3137//3137 3176//3176
f 2559//2559 3176//3176 2560//2560
f 2560//2560 3176//3176 3175//3175
f 2560//2560 3175//3175 2080//2080
f 2080//2080 3175//3175 3173//3173
f 2080//2080 3173//3173 2082//2082
f 2082//2082 3173//3173 1501//1501
f 2082//2082 1501//1501 2073//2073
f 2073//2073 1501//1501 3168//3168
f 2073//2073 3168//3168 2067//2067
f 2067//2067 3168//3168 3154//3154
f 2067//2067 3154//3154 1545//1545
f 1545//1545 3154//3154 3156//3156
f 1545//1545 3156//3156 1546//1546
f 1546//1546 3156//3156 3157//3157
f 1546//1546 3157//3157 2063//2063
f 2063//2063 3157//3157 3158//3158
f 2063//2063 3158//3158 1548//1548
f 1548//1548 3158//3158 3159//3159
f 1548//1548 3159//3159 1549//1549
f 1549//1549 3159//3159 3160//3160
f 1549//1549 3160//3160 1557//1557
f 1557//1557 3160//3160 3161//3161
f 1557//1557 3161//3161 1558//1558
f 1558//1558 3161//3161 3162//3162
f 1558//1558 3162//3162 1560//1560
f 1560//1560 3162//3162 3163//3163
f 1560//1560 3163//3163 1561//1561
f 1561//1561 3163//3163 3164//3164
f 1561//1561 3164//3164 1563//1563
f 1563//1563 3164//3164 3165//3165
f 1563//1563 3165//3165 1564//1564
f 1564//1564 3165//3165 3166//3166
f 1564//1564 3166//3166 1954//1954
f 1954//1954 3166//3166 3167//3167
f 1954//1954 3167//3167 1566//1566
f 1566//1566 3167//3167 3093//3093
f 1566//1566 3093//3093 1567//1567
f 1567//1567 3093//3093 3092//3092
f 1567//1567 3092//3092 1569//1569
f 1569//1569 3092//3092 3098//3098
f 1569//1569 3098//3098 3079//3079
f 3079//3079 3098//3098 3097//3097
f 3079//3079 3097//3097 3077//3077
f 3077//3077 3097//3097 3096//3096
f 3077//3077 3096//3096 3075//3075
f 3075//3075 3096//3096 3095//3095
f 3075//3075 3095//3095 3073//3073
f 3073//3073 3095//3095 3094//3094
f 3073//3073 3094//3094 2810//2810
f 2810//2810 3094//3094 1510//1510
f 2810//2810 1510//1510 2809//2809
f 2809//2809 1510//1510 1509//1509
f 2809//2809 1509//1509 2808//2808
f 2808//2808 1509//1509 2846//2846
f 2808//2808 2846//2846 2807//2807
f 2807//2807 2846//2846 2845//2845
f 2807//2807 2845//2845 2806//2806
f 2806//2806 2845//2845 2815//2815
f 2806//2806 2815//2815 2805//2805
f 2805//2805 2815//2815 2814//2814
f 2805//2805 2814//2814 2804//2804
f 2804//2804 2814//2814 3037//3037
f 2804//2804 3037//3037 2803//2803
f 2803//2803 3037//3037 2972//2972
f 2803//2803 2972//2972 2802//2802
f 2802//2802 2972//2972 1768//1768
f 2802//2802 1768//1768 1591//1591
f 1591//1591 1768//1768 1770//1770
f 1591//1591 1770//1770 1589//1589
f 1055//1055 1047//1047 3182//3182
f 1241//1241 1240//1240 3183//3183
f 1281//1281 1280//1280 3184//3184
f 317//317 3185//3185 318//318
f 318//318 3185//3185 3186//3186
f 317//317 1286//1286 3185//3185
f 3185//3185 1286//1286 1284//1284
f 3185//3185 1284//1284 3184//3184
f 3184//3184 1284//1284 1283//1283
f 3184//3184 1283//1283 1281//1281
f 1280//1280 1279//1279 3184//3184
f 3184//3184 1279//1279 1278//1278
f 3184//3184 1278//1278 3187//3187
f 1278//1278 1276//1276 3187//3187
f 3187//3187 1276//1276 1275//1275
f 3187//3187 1275//1275 3188//3188
f 3188//3188 1275//1275 1274//1274
f 3188//3188 1274//1274 1273//1273
f 1273//1273 1270//1270 3188//3188
f 3188//3188 1270//1270 1244//1244
f 3188//3188 1244//1244 3189//3189
f 3189//3189 1244//1244 1246//1246
f 1246//1246 1248//1248 3189//3189
f 3189//3189 1248//1248 1249//1249
f 3189//3189 1249//1249 3190//3190
f 3190//3190 1249//1249 1250//1250
f 1250//1250 1252//1252 3190//3190
f 3190//3190 1252//1252 1243//1243
f 3190//3190 1243//1243 3183//3183
f 3183//3183 1243//1243 1242//1242
f 3183//3183 1242//1242 1241//1241
f 1159//1159 3191//3191 1157//1157
f 1157//1157 3191//3191 3183//3183
f 1157//1157 3183//3183 1239//1239
f 1239//1239 3183//3183 1240//1240
f 1159//1159 1160//1160 3191//3191
f 3191//3191 1160//1160 1151//1151
f 3191//3191 1151//1151 3192//3192
f 1151//1151 1153//1153 3192//3192
f 3192//3192 1153//1153 1155//1155
f 3192//3192 1155//1155 1156//1156
f 1156//1156 1144//1144 3192//3192
f 3192//3192 1144//1144 1143//1143
f 3192//3192 1143//1143 3193//3193
f 3193//3193 1143//1143 1142//1142
f 1142//1142 1105//1105 3193//3193
f 3193//3193 1105//1105 1107//1107
f 3193//3193 1107//1107 3194//3194
f 3194//3194 1107//1107 1108//1108
f 3194//3194 1108//1108 1103//1103
f 1090//1090 3195//3195 1088//1088
f 1088//1088 3195//3195 3194//3194
f 1088//1088 3194//3194 1102//1102
f 1102//1102 3194//3194 1103//1103
f 342//342 3196//3196 343//343
f 343//343 3196//3196 3197//3197
f 1090//1090 1091//1091 3195//3195
f 3195//3195 1091//1091 1087//1087
f 3195//3195 1087//1087 3197//3197
f 3197//3197 1087//1087 1086//1086
f 3197//3197 1086//1086 343//343
f 342//342 1058//1058 3196//3196
f 3196//3196 1058//1058 1057//1057
f 3196//3196 1057//1057 3182//3182
f 3182//3182 1057//1057 1056//1056
f 3182//3182 1056//1056 1055//1055
f 1047//1047 1045//1045 3182//3182
f 3182//3182 1045//1045 1044//1044
f 3182//3182 1044//1044 3198//3198
f 1023//1023 3199//3199 1040//1040
f 1040//1040 3199//3199 3198//3198
f 1040//1040 3198//3198 1042//1042
f 1042//1042 3198//3198 1044//1044
f 1023//1023 1022//1022 3199//3199
f 3199//3199 1022//1022 1027//1027
f 3199//3199 1027//1027 3200//3200
f 3200//3200 1027//1027 1026//1026
f 1026//1026 1025//1025 3200//3200
f 3200//3200 1025//1025 1013//1013
f 3200//3200 1013//1013 3201//3201
f 3201//3201 1013//1013 1015//1015
f 1015//1015 1017//1017 3201//3201
f 3201//3201 1017//1017 1362//1362
f 3201//3201 1362//1362 3202//3202
f 3202//3202 1362//1362 1361//1361
f 3202//3202 1361//1361 1359//1359
f 1356//1356 3203//3203 1354//1354
f 1354//1354 3203//3203 3202//3202
f 1354//1354 3202//3202 1358//1358
f 1358//1358 3202//3202 1359//1359
f 1356//1356 1357//1357 3203//3203
f 3203//3203 1357//1357 1346//1346
f 3203//3203 1346//1346 3204//3204
f 3204//3204 1346//1346 1348//1348
f 1348//1348 1350//1350 3204//3204
f 3204//3204 1350//1350 1353//1353
f 3204//3204 1353//1353 3205//3205
f 3205//3205 1353//1353 1352//1352
f 1352//1352 1351//1351 3205//3205
f 3205//3205 1351//1351 1330//1330
f 3205//3205 1330//1330 3206//3206
f 3206//3206 1330//1330 1328//1328
f 3206//3206 1328//1328 1327//1327
f 1323//1323 3207//3207 1324//1324
f 1324//1324 3207//3207 3206//3206
f 1324//1324 3206//3206 1326//1326
f 1326//1326 3206//3206 1327//1327
f 1323//1323 1322//1322 3207//3207
f 3207//3207 1322//1322 1321//1321
f 3207//3207 1321//1321 3186//3186
f 3186//3186 1321//1321 1319//1319
f 3186//3186 1319//1319 318//318
f 1773//1773 1774//1774 3208//3208
f 1778//1778 1777//1777 3209//3209
f 1800//1800 1799//1799 3210//3210
f 1805//1805 1804//1804 3211//3211
f 1831//1831 1840//1840 3212//3212
f 1853//1853 1859//1859 3213//3213
f 1872//1872 1871//1871 3214//3214
f 1886//1886 1890//1890 3215//3215
f 1898//1898 1902//1902 3216//3216
f 1915//1915 1914//1914 3217//3217
f 1933//1933 1931//1931 3218//3218
f 1579//1579 1578//1578 3219//3219
f 1573//1573 1572//1572 3220//3220
f 3220//3220 1572//1572 1947//1947
f 3220//3220 1947//1947 1945//1945
f 1945//1945 1944//1944 3220//3220
f 3220//3220 1944//1944 1952//1952
f 3220//3220 1952//1952 3221//3221
f 3221//3221 1952//1952 1951//1951
f 3221//3221 1951//1951 1949//1949
f 1949//1949 1948//1948 3221//3221
f 3221//3221 1948//1948 1590//1590
f 3221//3221 1590//1590 1589//1589
f 1578//1578 1943//1943 3219//3219
f 3219//3219 1943//1943 1576//1576
f 3219//3219 1576//1576 3220//3220
f 3220//3220 1576//1576 1575//1575
f 3220//3220 1575//1575 1573//1573
f 1938//1938 1942//1942 3222//3222
f 3222//3222 1942//1942 1941//1941
f 1941//1941 1939//1939 3222//3222
f 3222//3222 1939//1939 1582//1582
f 3222//3222 1582//1582 3219//3219
f 3219//3219 1582//1582 1581//1581
f 3219//3219 1581//1581 1579//1579
f 1931//1931 1930//1930 3218//3218
f 3218//3218 1930//1930 1935//1935
f 3218//3218 1935//1935 3222//3222
f 3222//3222 1935//1935 1934//1934
f 3222//3222 1934//1934 1938//1938
f 1920//1920 1926//1926 3223//3223
f 3223//3223 1926//1926 1924//1924
f 1924//1924 1923//1923 3223//3223
f 3223//3223 1923//1923 1928//1928
f 3223//3223 1928//1928 3218//3218
f 3218//3218 1928//1928 1927//1927
f 3218//3218 1927//1927 1933//1933
f 1914//1914 1918//1918 3217//3217
f 3217//3217 1918//1918 1919//1919
f 3217//3217 1919//1919 3223//3223
f 3223//3223 1919//1919 1921//1921
f 3223//3223 1921//1921 1920//1920
f 1913//1913 1911//1911 3224//3224
f 3224//3224 1911//1911 3217//3217
f 3217//3217 1911//1911 1910//1910
f 3217//3217 1910//1910 1915//1915
f 1902//1902 1901//1901 3216//3216
f 3216//3216 1901//1901 1905//1905
f 3216//3216 1905//1905 3224//3224
f 3224//3224 1905//1905 1904//1904
f 3224//3224 1904//1904 1909//1909
f 1909//1909 1907//1907 3224//3224
f 3224//3224 1907//1907 1906//1906
f 3224//3224 1906//1906 1913//1913
f 3225//3225 1895//1895 1896//1896
f 3225//3225 1896//1896 3216//3216
f 3216//3216 1896//1896 1899//1899
f 3216//3216 1899//1899 1898//1898
f 1583//1583 1891//1891 3225//3225
f 3225//3225 1891//1891 1893//1893
f 3225//3225 1893//1893 1895//1895
f 1890//1890 1888//1888 3215//3215
f 3215//3215 1888//1888 1887//1887
f 3215//3215 1887//1887 3225//3225
f 3225//3225 1887//1887 1584//1584
f 3225//3225 1584//1584 1583//1583
f 1886//1886 3215//3215 1883//1883
f 1883//1883 3215//3215 3226//3226
f 1883//1883 3226//3226 1884//1884
f 1871//1871 1877//1877 3214//3214
f 3214//3214 1877//1877 1876//1876
f 3214//3214 1876//1876 3226//3226
f 3226//3226 1876//1876 1587//1587
f 3226//3226 1587//1587 1586//1586
f 1586//1586 1880//1880 3226//3226
f 3226//3226 1880//1880 1879//1879
f 3226//3226 1879//1879 1884//1884
f 1869//1869 1868//1868 3227//3227
f 3227//3227 1868//1868 1875//1875
f 3227//3227 1875//1875 3214//3214
f 3214//3214 1875//1875 1874//1874
f 3214//3214 1874//1874 1872//1872
f 1862//1862 1861//1861 3228//3228
f 3228//3228 1861//1861 1867//1867
f 1867//1867 1866//1866 3228//3228
f 3228//3228 1866//1866 1864//1864
f 3228//3228 1864//1864 3227//3227
f 3227//3227 1864//1864 1863//1863
f 3227//3227 1863//1863 1869//1869
f 1859//1859 1858//1858 3213//3213
f 3213//3213 1858//1858 1857//1857
f 3213//3213 1857//1857 3228//3228
f 3228//3228 1857//1857 1856//1856
f 3228//3228 1856//1856 1862//1862
f 1844//1844 1842//1842 3229//3229
f 3229//3229 1842//1842 1841//1841
f 1841//1841 1848//1848 3229//3229
f 3229//3229 1848//1848 1850//1850
f 3229//3229 1850//1850 3213//3213
f 3213//3213 1850//1850 1851//1851
f 3213//3213 1851//1851 1853//1853
f 1840//1840 1839//1839 3212//3212
f 3212//3212 1839//1839 1847//1847
f 3212//3212 1847//1847 3229//3229
f 3229//3229 1847//1847 1846//1846
f 3229//3229 1846//1846 1844//1844
f 1837//1837 1836//1836 3230//3230
f 3230//3230 1836//1836 1834//1834
f 3230//3230 1834//1834 3212//3212
f 3212//3212 1834//1834 1832//1832
f 3212//3212 1832//1832 1831//1831
f 1826//1826 1828//1828 3230//3230
f 3230//3230 1828//1828 1830//1830
f 3230//3230 1830//1830 1837//1837
f 1826//1826 3230//3230 1821//1821
f 1821//1821 3230//3230 3231//3231
f 1821//1821 3231//3231 1822//1822
f 1820//1820 1825//1825 3231//3231
f 3231//3231 1825//1825 1824//1824
f 3231//3231 1824//1824 1822//1822
f 1820//1820 3231//3231 1818//1818
f 1818//1818 3231//3231 3232//3232
f 1818//1818 3232//3232 1817//1817
f 1804//1804 1807//1807 3211//3211
f 3211//3211 1807//1807 1809//1809
f 3211//3211 1809//1809 3232//3232
f 3232//3232 1809//1809 1811//1811
f 3232//3232 1811//1811 1812//1812
f 1812//1812 1814//1814 3232//3232
f 3232//3232 1814//1814 1815//1815
f 3232//3232 1815//1815 1817//1817
f 1799//1799 1803//1803 3210//3210
f 3210//3210 1803//1803 1802//1802
f 3210//3210 1802//1802 3211//3211
f 3211//3211 1802//1802 1806//1806
f 3211//3211 1806//1806 1805//1805
f 1797//1797 1796//1796 3233//3233
f 3233//3233 1796//1796 3210//3210
f 3210//3210 1796//1796 1794//1794
f 3210//3210 1794//1794 1800//1800
f 1777//1777 1784//1784 3209//3209
f 3209//3209 1784//1784 1786//1786
f 3209//3209 1786//1786 3233//3233
f 3233//3233 1786//1786 1787//1787
f 3233//3233 1787//1787 1789//1789
f 1789//1789 1790//1790 3233//3233
f 3233//3233 1790//1790 1792//1792
f 3233//3233 1792//1792 1797//1797
f 1774//1774 1776//1776 3208//3208
f 3208//3208 1776//1776 1782//1782
f 3208//3208 1782//1782 3209//3209
f 3209//3209 1782//1782 1780//1780
f 3209//3209 1780//1780 1778//1778
f 1589//1589 1770//1770 3221//3221
f 3221//3221 1770//1770 1769//1769
f 3221//3221 1769//1769 3208//3208
f 3208//3208 1769//1769 1771//1771
f 3208//3208 1771//1771 1773//1773
f 3234//3234 3182//3182 3235//3235
f 3235//3235 3182//3182 3198//3198
f 3235//3235 3198//3198 3236//3236
f 3236//3236 3198//3198 3199//3199
f 3236//3236 3199//3199 3237//3237
f 3237//3237 3199//3199 3200//3200
f 3237//3237 3200//3200 3238//3238
f 3238//3238 3200//3200 3201//3201
f 3238//3238 3201//3201 3239//3239
f 3239//3239 3201//3201 3202//3202
f 3239//3239 3202//3202 3240//3240
f 3240//3240 3202//3202 3203//3203
f 3240//3240 3203//3203 3241//3241
f 3241//3241 3203//3203 3204//3204
f 3241//3241 3204//3204 3242//3242
f 3242//3242 3204//3204 3205//3205
f 3242//3242 3205//3205 3243//3243
f 3243//3243 3205//3205 3206//3206
f 3243//3243 3206//3206 3244//3244
f 3244//3244 3206//3206 3207//3207
f 3244//3244 3207//3207 3245//3245
f 3245//3245 3207//3207 3186//3186
f 3245//3245 3186//3186 3246//3246
f 3246//3246 3186//3186 3185//3185
f 3246//3246 3185//3185 3247//3247
f 3247//3247 3185//3185 3184//3184
f 3247//3247 3184//3184 3248//3248
f 3248//3248 3184//3184 3187//3187
f 3248//3248 3187//3187 3249//3249
f 3249//3249 3187//3187 3188//3188
f 3249//3249 3188//3188 3250//3250
f 3250//3250 3188//3188 3189//3189
f 3250//3250 3189//3189 3251//3251
f 3251//3251 3189//3189 3190//3190
f 3251//3251 3190//3190 3252//3252
f 3252//3252 3190//3190 3183//3183
f 3252//3252 3183//3183 3253//3253
f 3253//3253 3183//3183 3191//3191
f 3253//3253 3191//3191 3254//3254
f 3254//3254 3191//3191 3192//3192
f 3254//3254 3192//3192 3255//3255
f 3255//3255 3192//3192 3193//3193
f 3255//3255 3193//3193 3256//3256
f 3256//3256 3193//3193 3194//3194
f 3256//3256 3194//3194 3257//3257
f 3257//3257 3194//3194 3195//3195
f 3257//3257 3195//3195 3258//3258
f 3258//3258 3195//3195 3197//3197
f 3258//3258 3197//3197 3259//3259
f 3259//3259 3197//3197 3196//3196
f 3259//3259 3196//3196 3234//3234
f 3234//3234 3196//3196 3182//3182
f 560//560 570//570 572//572
f 641//641 640//640 3260//3260
f 3261//3261 3262//3262 602//602
f 602//602 3262//3262 603//603
f 572//572 575//575 3263//3263
f 3263//3263 575//575 574//574
f 3263//3263 574//574 3264//3264
f 3265//3265 3266//3266 549//549
f 3267//3267 526//526 532//532
f 3268//3268 583//583 3269//3269
f 3269//3269 583//583 582//582
f 529//529 3270//3270 3271//3271
f 518//518 3272//3272 3273//3273
f 644//644 643//643 3260//3260
f 3260//3260 643//643 642//642
f 3260//3260 642//642 641//641
f 3267//3267 532//532 3271//3271
f 3271//3271 532//532 531//531
f 3271//3271 531//531 529//529
f 3274//3274 523//523 3275//3275
f 3275//3275 523//523 522//522
f 3275//3275 522//522 3267//3267
f 3267//3267 522//522 527//527
f 3267//3267 527//527 526//526
f 3276//3276 3277//3277 634//634
f 588//588 587//587 3278//3278
f 584//584 388//388 3279//3279
f 574//574 578//578 3264//3264
f 3264//3264 578//578 577//577
f 3264//3264 577//577 3280//3280
f 3280//3280 577//577 576//576
f 3280//3280 576//576 3281//3281
f 3281//3281 576//576 391//391
f 3281//3281 391//391 3268//3268
f 3268//3268 391//391 390//390
f 3268//3268 390//390 583//583
f 3282//3282 3283//3283 555//555
f 549//549 3266//3266 550//550
f 518//518 516//516 3272//3272
f 3272//3272 516//516 515//515
f 3272//3272 515//515 3284//3284
f 3284//3284 515//515 513//513
f 3284//3284 513//513 3285//3285
f 3285//3285 513//513 512//512
f 3285//3285 512//512 3274//3274
f 3274//3274 512//512 524//524
f 3274//3274 524//524 523//523
f 507//507 3286//3286 3287//3287
f 3288//3288 624//624 3289//3289
f 3289//3289 624//624 639//639
f 3289//3289 639//639 3290//3290
f 3290//3290 639//639 638//638
f 3290//3290 638//638 3291//3291
f 3291//3291 638//638 637//637
f 3291//3291 637//637 3277//3277
f 3277//3277 637//637 635//635
f 3277//3277 635//635 634//634
f 3292//3292 626//626 3293//3293
f 3293//3293 626//626 625//625
f 3293//3293 625//625 3294//3294
f 602//602 607//607 3261//3261
f 3261//3261 607//607 382//382
f 3261//3261 382//382 3295//3295
f 3295//3295 382//382 381//381
f 3295//3295 381//381 3296//3296
f 3296//3296 381//381 612//612
f 3296//3296 612//612 3297//3297
f 3297//3297 612//612 611//611
f 3297//3297 611//611 3298//3298
f 3278//3278 587//587 3299//3299
f 3279//3279 388//388 3300//3300
f 3300//3300 388//388 387//387
f 3300//3300 387//387 3301//3301
f 3301//3301 387//387 591//591
f 3301//3301 591//591 3278//3278
f 3278//3278 591//591 590//590
f 3278//3278 590//590 588//588
f 582//582 580//580 3269//3269
f 3269//3269 580//580 579//579
f 3269//3269 579//579 3302//3302
f 3302//3302 579//579 586//586
f 3302//3302 586//586 3279//3279
f 3279//3279 586//586 585//585
f 3279//3279 585//585 584//584
f 564//564 3303//3303 3304//3304
f 3305//3305 559//559 3306//3306
f 3306//3306 559//559 557//557
f 3306//3306 557//557 3307//3307
f 555//555 554//554 3282//3282
f 3282//3282 554//554 552//552
f 3282//3282 552//552 3305//3305
f 3305//3305 552//552 551//551
f 3305//3305 551//551 559//559
f 549//549 548//548 3265//3265
f 3265//3265 548//548 394//394
f 3265//3265 394//394 3283//3283
f 3283//3283 394//394 393//393
f 3283//3283 393//393 555//555
f 625//625 630//630 3294//3294
f 3294//3294 630//630 629//629
f 3294//3294 629//629 3308//3308
f 3308//3308 629//629 628//628
f 3308//3308 628//628 3309//3309
f 3309//3309 628//628 621//621
f 3309//3309 621//621 3288//3288
f 3288//3288 621//621 623//623
f 3288//3288 623//623 624//624
f 3310//3310 613//613 3311//3311
f 3311//3311 613//613 620//620
f 3311//3311 620//620 3312//3312
f 3312//3312 620//620 619//619
f 3312//3312 619//619 3313//3313
f 3313//3313 619//619 617//617
f 3313//3313 617//617 3314//3314
f 3314//3314 617//617 616//616
f 3314//3314 616//616 3292//3292
f 3292//3292 616//616 627//627
f 3292//3292 627//627 626//626
f 3298//3298 611//611 3315//3315
f 3315//3315 611//611 609//609
f 3315//3315 609//609 3316//3316
f 529//529 528//528 3270//3270
f 3270//3270 528//528 538//538
f 3270//3270 538//538 3317//3317
f 3317//3317 538//538 537//537
f 3317//3317 537//537 3318//3318
f 3318//3318 537//537 536//536
f 3319//3319 521//521 3320//3320
f 3320//3320 521//521 520//520
f 3320//3320 520//520 3273//3273
f 3273//3273 520//520 519//519
f 3273//3273 519//519 518//518
f 609//609 608//608 3316//3316
f 3316//3316 608//608 615//615
f 3316//3316 615//615 3310//3310
f 3310//3310 615//615 614//614
f 3310//3310 614//614 613//613
f 587//587 594//594 3299//3299
f 3299//3299 594//594 593//593
f 3299//3299 593//593 3321//3321
f 3321//3321 593//593 592//592
f 3321//3321 592//592 3322//3322
f 3322//3322 592//592 385//385
f 3322//3322 385//385 3323//3323
f 572//572 3263//3263 560//560
f 560//560 3263//3263 3303//3303
f 560//560 3303//3303 561//561
f 561//561 3303//3303 564//564
f 561//561 564//564 563//563
f 3324//3324 544//544 3325//3325
f 3325//3325 544//544 543//543
f 3325//3325 543//543 3326//3326
f 3326//3326 543//543 542//542
f 3326//3326 542//542 3327//3327
f 3327//3327 542//542 541//541
f 3327//3327 541//541 3266//3266
f 3266//3266 541//541 540//540
f 3266//3266 540//540 550//550
f 3328//3328 3329//3329 497//497
f 457//457 499//499 3329//3329
f 3329//3329 499//499 498//498
f 3329//3329 498//498 497//497
f 557//557 556//556 3307//3307
f 3307//3307 556//556 569//569
f 3307//3307 569//569 3330//3330
f 3330//3330 569//569 568//568
f 3330//3330 568//568 3331//3331
f 3331//3331 568//568 567//567
f 3331//3331 567//567 3332//3332
f 3332//3332 567//567 566//566
f 3332//3332 566//566 3304//3304
f 3304//3304 566//566 565//565
f 3304//3304 565//565 564//564
f 535//535 3333//3333 536//536
f 536//536 3333//3333 3334//3334
f 536//536 3334//3334 3318//3318
f 507//507 506//506 3286//3286
f 3286//3286 506//506 505//505
f 3286//3286 505//505 3335//3335
f 3335//3335 505//505 504//504
f 3335//3335 504//504 3336//3336
f 3336//3336 504//504 503//503
f 3336//3336 503//503 3337//3337
f 3337//3337 503//503 502//502
f 3337//3337 502//502 3319//3319
f 3319//3319 502//502 501//501
f 3319//3319 501//501 521//521
f 3338//3338 493//493 492//492
f 647//647 3339//3339 652//652
f 652//652 3339//3339 3340//3340
f 652//652 3340//3340 653//653
f 653//653 3340//3340 3341//3341
f 653//653 3341//3341 632//632
f 632//632 3341//3341 3276//3276
f 632//632 3276//3276 633//633
f 633//633 3276//3276 634//634
f 3342//3342 598//598 3343//3343
f 3343//3343 598//598 596//596
f 3343//3343 596//596 3344//3344
f 3344//3344 596//596 595//595
f 3344//3344 595//595 3345//3345
f 3345//3345 595//595 606//606
f 3345//3345 606//606 3262//3262
f 3262//3262 606//606 605//605
f 3262//3262 605//605 603//603
f 535//535 534//534 3333//3333
f 3333//3333 534//534 547//547
f 3333//3333 547//547 3346//3346
f 3346//3346 547//547 546//546
f 3346//3346 546//546 3324//3324
f 3324//3324 546//546 545//545
f 3324//3324 545//545 544//544
f 644//644 3260//3260 645//645
f 645//645 3260//3260 3347//3347
f 645//645 3347//3347 649//649
f 649//649 3347//3347 3348//3348
f 649//649 3348//3348 650//650
f 650//650 3348//3348 3349//3349
f 650//650 3349//3349 651//651
f 651//651 3349//3349 3350//3350
f 651//651 3350//3350 648//648
f 648//648 3350//3350 3351//3351
f 648//648 3351//3351 646//646
f 646//646 3351//3351 3352//3352
f 646//646 3352//3352 647//647
f 647//647 3352//3352 3353//3353
f 647//647 3353//3353 3339//3339
f 385//385 384//384 3323//3323
f 3323//3323 384//384 601//601
f 3323//3323 601//601 3354//3354
f 3354//3354 601//601 600//600
f 3354//3354 600//600 3342//3342
f 3342//3342 600//600 599//599
f 3342//3342 599//599 598//598
f 3355//3355 510//510 3356//3356
f 3356//3356 510//510 509//509
f 3356//3356 509//509 3287//3287
f 3287//3287 509//509 508//508
f 3287//3287 508//508 507//507
f 3338//3338 492//492 3357//3357
f 3357//3357 492//492 488//488
f 3357//3357 488//488 3358//3358
f 3358//3358 488//488 487//487
f 3358//3358 487//487 3359//3359
f 3359//3359 487//487 491//491
f 3359//3359 491//491 3360//3360
f 3361//3361 3362//3362 494//494
f 493//493 3338//3338 494//494
f 494//494 3338//3338 3363//3363
f 494//494 3363//3363 3361//3361
f 497//497 496//496 3328//3328
f 3328//3328 496//496 495//495
f 3328//3328 495//495 3364//3364
f 3364//3364 495//495 494//494
f 3364//3364 494//494 3365//3365
f 3365//3365 494//494 3362//3362
f 3360//3360 491//491 3366//3366
f 3366//3366 491//491 490//490
f 3366//3366 490//490 3367//3367
f 3367//3367 490//490 489//489
f 3367//3367 489//489 3368//3368
f 3368//3368 489//489 486//486
f 3368//3368 486//486 3369//3369
f 3369//3369 486//486 485//485
f 3369//3369 485//485 3370//3370
f 3370//3370 485//485 484//484
f 3370//3370 484//484 3371//3371
f 3371//3371 484//484 482//482
f 3371//3371 482//482 3372//3372
f 3372//3372 482//482 481//481
f 3372//3372 481//481 3355//3355
f 3355//3355 481//481 511//511
f 3355//3355 511//511 510//510
f 1747//1747 1751//1751 3373//3373
f 1664//1664 1663//1663 3374//3374
f 1707//1707 1706//1706 3375//3375
f 1683//1683 1687//1687 3376//3376
f 1646//1646 1650//1650 3377//3377
f 1610//1610 3378//3378 1611//1611
f 1611//1611 3378//3378 1607//1607
f 1738//1738 3379//3379 1734//1734
f 1734//1734 3379//3379 1735//1735
f 3380//3380 1669//1669 1673//1673
f 1607//1607 3378//3378 1608//1608
f 1608//1608 3378//3378 3381//3381
f 1608//1608 3381//3381 1605//1605
f 1757//1757 1756//1756 3382//3382
f 3382//3382 1756//1756 1760//1760
f 1738//1738 1737//1737 3379//3379
f 3379//3379 1737//1737 1745//1745
f 3379//3379 1745//1745 3383//3383
f 3383//3383 1745//1745 1744//1744
f 1735//1735 3379//3379 1731//1731
f 1731//1731 3379//3379 3384//3384
f 1731//1731 3384//3384 1732//1732
f 1720//1720 1718//1718 3385//3385
f 1664//1664 3374//3374 1660//1660
f 1766//1766 1765//1765 3386//3386
f 3386//3386 1765//1765 1594//1594
f 3386//3386 1594//1594 3381//3381
f 3381//3381 1594//1594 1593//1593
f 3381//3381 1593//1593 1605//1605
f 1760//1760 1759//1759 3382//3382
f 3382//3382 1759//1759 1763//1763
f 3382//3382 1763//1763 3386//3386
f 3386//3386 1763//1763 1762//1762
f 3386//3386 1762//1762 1766//1766
f 1744//1744 1742//1742 3383//3383
f 3383//3383 1742//1742 1740//1740
f 3383//3383 1740//1740 3373//3373
f 3373//3373 1740//1740 1748//1748
f 3373//3373 1748//1748 1747//1747
f 1725//1725 1729//1729 3384//3384
f 3384//3384 1729//1729 1728//1728
f 3384//3384 1728//1728 1732//1732
f 1712//1712 1716//1716 3387//3387
f 1693//1693 1692//1692 3388//3388
f 3388//3388 1692//1692 1696//1696
f 1652//1652 1658//1658 3389//3389
f 3389//3389 1658//1658 1657//1657
f 3389//3389 1657//1657 3374//3374
f 3374//3374 1657//1657 1661//1661
f 3374//3374 1661//1661 1660//1660
f 1751//1751 1750//1750 3373//3373
f 3373//3373 1750//1750 1754//1754
f 3373//3373 1754//1754 3382//3382
f 3382//3382 1754//1754 1753//1753
f 3382//3382 1753//1753 1757//1757
f 3385//3385 1718//1718 3384//3384
f 3384//3384 1718//1718 1726//1726
f 3384//3384 1726//1726 1725//1725
f 1696//1696 1695//1695 3388//3388
f 3388//3388 1695//1695 1701//1701
f 3388//3388 1701//1701 3390//3390
f 1675//1675 1681//1681 3391//3391
f 3391//3391 1681//1681 1680//1680
f 3391//3391 1680//1680 3376//3376
f 3376//3376 1680//1680 1684//1684
f 3376//3376 1684//1684 1683//1683
f 1673//1673 1672//1672 3380//3380
f 3380//3380 1672//1672 1678//1678
f 3380//3380 1678//1678 3391//3391
f 3391//3391 1678//1678 1677//1677
f 3391//3391 1677//1677 1675//1675
f 1663//1663 1667//1667 3374//3374
f 3374//3374 1667//1667 1666//1666
f 3374//3374 1666//1666 3380//3380
f 3380//3380 1666//1666 1670//1670
f 3380//3380 1670//1670 1669//1669
f 1637//1637 1636//1636 3392//3392
f 3392//3392 1636//1636 1602//1602
f 1631//1631 1635//1635 3393//3393
f 1707//1707 3375//3375 1703//1703
f 1687//1687 1686//1686 3376//3376
f 3376//3376 1686//1686 1690//1690
f 3376//3376 1690//1690 3388//3388
f 3388//3388 1690//1690 1689//1689
f 3388//3388 1689//1689 1693//1693
f 1650//1650 1649//1649 3377//3377
f 3377//3377 1649//1649 1655//1655
f 3377//3377 1655//1655 3389//3389
f 3389//3389 1655//1655 1654//1654
f 3389//3389 1654//1654 1652//1652
f 1595//1595 1641//1641 3394//3394
f 3394//3394 1641//1641 1643//1643
f 3394//3394 1643//1643 3377//3377
f 3377//3377 1643//1643 1647//1647
f 3377//3377 1647//1647 1646//1646
f 2415//2415 3395//3395 2428//2428
f 2428//2428 3395//3395 3392//3392
f 2428//2428 3392//3392 1601//1601
f 1601//1601 3392//3392 1602//1602
f 1716//1716 1715//1715 3387//3387
f 3387//3387 1715//1715 1723//1723
f 3387//3387 1723//1723 3385//3385
f 3385//3385 1723//1723 1722//1722
f 3385//3385 1722//1722 1720//1720
f 1701//1701 1700//1700 3390//3390
f 3390//3390 1700//1700 1698//1698
f 3390//3390 1698//1698 3375//3375
f 3375//3375 1698//1698 1704//1704
f 3375//3375 1704//1704 1703//1703
f 2415//2415 1599//1599 3395//3395
f 3395//3395 1599//1599 1598//1598
f 3395//3395 1598//1598 3394//3394
f 3394//3394 1598//1598 1596//1596
f 3394//3394 1596//1596 1595//1595
f 1635//1635 1634//1634 3393//3393
f 3393//3393 1634//1634 1640//1640
f 3393//3393 1640//1640 3392//3392
f 3392//3392 1640//1640 1639//1639
f 3392//3392 1639//1639 1637//1637
f 1617//1617 1620//1620 3396//3396
f 3396//3396 1620//1620 1619//1619
f 1706//1706 1710//1710 3375//3375
f 3375//3375 1710//1710 1709//1709
f 3375//3375 1709//1709 3387//3387
f 3387//3387 1709//1709 1713//1713
f 3387//3387 1713//1713 1712//1712
f 1622//1622 3397//3397 1624//1624
f 1624//1624 3397//3397 3396//3396
f 1624//1624 3396//3396 1626//1626
f 1626//1626 3396//3396 1619//1619
f 1610//1610 1615//1615 3378//3378
f 3378//3378 1615//1615 1613//1613
f 3378//3378 1613//1613 3396//3396
f 3396//3396 1613//1613 1612//1612
f 3396//3396 1612//1612 1617//1617
f 1622//1622 1629//1629 3397//3397
f 3397//3397 1629//1629 1628//1628
f 3397//3397 1628//1628 3393//3393
f 3393//3393 1628//1628 1632//1632
f 3393//3393 1632//1632 1631//1631
f 3398//3398 3399//3399 3400//3400
f 3400//3400 3399//3399 3401//3401
f 3400//3400 3401//3401 3402//3402
f 3402//3402 3401//3401 3403//3403
f 3402//3402 3403//3403 3404//3404
f 3404//3404 3403//3403 3405//3405
f 3404//3404 3405//3405 3406//3406
f 3406//3406 3405//3405 3407//3407
f 3406//3406 3407//3407 3408//3408
f 3408//3408 3407//3407 3409//3409
f 3408//3408 3409//3409 3410//3410
f 3410//3410 3409//3409 3411//3411
f 3410//3410 3411//3411 3412//3412
f 3412//3412 3411//3411 3413//3413
f 3412//3412 3413//3413 3414//3414
f 3414//3414 3413//3413 3415//3415
f 3414//3414 3415//3415 3416//3416
f 3416//3416 3415//3415 3417//3417
f 3416//3416 3417//3417 3418//3418
f 3418//3418 3417//3417 3419//3419
f 3418//3418 3419//3419 3420//3420
f 3420//3420 3419//3419 3421//3421
f 3420//3420 3421//3421 3422//3422
f 3422//3422 3421//3421 3423//3423
f 3422//3422 3423//3423 3424//3424
f 3424//3424 3423//3423 3425//3425
f 3424//3424 3425//3425 3426//3426
f 3426//3426 3425//3425 3427//3427
f 3426//3426 3427//3427 3428//3428
f 3428//3428 3427//3427 3429//3429
f 3428//3428 3429//3429 3430//3430
f 3430//3430 3429//3429 3431//3431
f 3430//3430 3431//3431 3432//3432
f 3432//3432 3431//3431 3433//3433
f 3432//3432 3433//3433 3434//3434
f 3434//3434 3433//3433 3435//3435
f 3434//3434 3435//3435 3436//3436
f 3436//3436 3435//3435 3437//3437
f 3436//3436 3437//3437 3438//3438
f 3438//3438 3437//3437 3439//3439
f 3438//3438 3439//3439 3440//3440
f 3440//3440 3439//3439 3441//3441
f 3440//3440 3441//3441 3442//3442
f 3442//3442 3441//3441 3443//3443
f 3442//3442 3443//3443 3444//3444
f 3444//3444 3443//3443 3445//3445
f 3444//3444 3445//3445 3446//3446
f 3446//3446 3445//3445 3447//3447
f 3446//3446 3447//3447 3448//3448
f 3448//3448 3447//3447 3398//3398
f 3448//3448 3398//3398 3400//3400
f 3449//3449 3450//3450 3451//3451
f 3452//3452 3453//3453 3451//3451
f 3451//3451 3453//3453 3454//3454
f 3451//3451 3454//3454 3449//3449
f 3455//3455 3456//3456 3452//3452
f 3452//3452 3456//3456 3457//3457
f 3452//3452 3457//3457 3453//3453
f 3458//3458 3459//3459 3455//3455
f 3455//3455 3459//3459 3460//3460
f 3455//3455 3460//3460 3456//3456
f 3461//3461 3462//3462 3458//3458
f 3458//3458 3462//3462 3463//3463
f 3458//3458 3463//3463 3459//3459
f 3464//3464 3465//3465 3461//3461
f 3461//3461 3465//3465 3466//3466
f 3461//3461 3466//3466 3462//3462
f 3467//3467 3468//3468 3464//3464
f 3464//3464 3468//3468 3469//3469
f 3464//3464 3469//3469 3465//3465
f 3470//3470 3471//3471 3467//3467
f 3467//3467 3471//3471 3472//3472
f 3467//3467 3472//3472 3468//3468
f 3473//3473 3474//3474 3470//3470
f 3470//3470 3474//3474 3475//3475
f 3470//3470 3475//3475 3471//3471
f 3476//3476 3477//3477 3473//3473
f 3473//3473 3477//3477 3478//3478
f 3473//3473 3478//3478 3474//3474
f 3479//3479 3480//3480 3476//3476
f 3476//3476 3480//3480 3481//3481
f 3476//3476 3481//3481 3477//3477
f 3482//3482 3483//3483 3479//3479
f 3479//3479 3483//3483 3484//3484
f 3479//3479 3484//3484 3480//3480
f 3485//3485 3486//3486 3482//3482
f 3482//3482 3486//3486 3487//3487
f 3482//3482 3487//3487 3483//3483
f 3488//3488 3489//3489 3485//3485
f 3485//3485 3489//3489 3490//3490
f 3485//3485 3490//3490 3486//3486
f 3491//3491 3492//3492 3488//3488
f 3488//3488 3492//3492 3493//3493
f 3488//3488 3493//3493 3489//3489
f 3494//3494 3495//3495 3491//3491
f 3491//3491 3495//3495 3496//3496
f 3491//3491 3496//3496 3492//3492
f 3497//3497 3498//3498 3494//3494
f 3494//3494 3498//3498 3499//3499
f 3494//3494 3499//3499 3495//3495
f 3500//3500 3501//3501 3497//3497
f 3497//3497 3501//3501 3502//3502
f 3497//3497 3502//3502 3498//3498
f 3503//3503 3504//3504 3500//3500
f 3500//3500 3504//3504 3505//3505
f 3500//3500 3505//3505 3501//3501
f 3506//3506 3507//3507 3503//3503
f 3503//3503 3507//3507 3508//3508
f 3503//3503 3508//3508 3504//3504
f 3509//3509 3510//3510 3506//3506
f 3506//3506 3510//3510 3511//3511
f 3506//3506 3511//3511 3507//3507
f 3512//3512 3513//3513 3509//3509
f 3509//3509 3513//3513 3514//3514
f 3509//3509 3514//3514 3510//3510
f 3515//3515 3516//3516 3512//3512
f 3512//3512 3516//3516 3517//3517
f 3512//3512 3517//3517 3513//3513
f 3449//3449 3518//3518 3450//3450
f 3450//3450 3518//3518 3519//3519
f 3450//3450 3519//3519 3515//3515
f 3515//3515 3519//3519 3520//3520
f 3515//3515 3520//3520 3516//3516
f 3503//3503 3521//3521 3506//3506
f 3506//3506 3521//3521 3522//3522
f 3506//3506 3522//3522 3509//3509
f 3509//3509 3522//3522 3523//3523
f 3509//3509 3523//3523 3512//3512
f 3512//3512 3523//3523 3524//3524
f 3512//3512 3524//3524 3515//3515
f 3515//3515 3524//3524 3525//3525
f 3515//3515 3525//3525 3450//3450
f 3450//3450 3525//3525 3526//3526
f 3450//3450 3526//3526 3451//3451
f 3526//3526 3527//3527 3451//3451
f 3451//3451 3527//3527 3528//3528
f 3451//3451 3528//3528 3452//3452
f 3452//3452 3528//3528 3529//3529
f 3452//3452 3529//3529 3455//3455
f 3455//3455 3529//3529 3530//3530
f 3455//3455 3530//3530 3458//3458
f 3458//3458 3530//3530 3531//3531
f 3458//3458 3531//3531 3461//3461
f 3461//3461 3531//3531 3532//3532
f 3461//3461 3532//3532 3533//3533
f 3533//3533 3532//3532 3534//3534
f 3533//3533 3534//3534 3467//3467
f 3467//3467 3534//3534 3535//3535
f 3467//3467 3535//3535 3470//3470
f 3470//3470 3535//3535 3536//3536
f 3470//3470 3536//3536 3473//3473
f 3473//3473 3536//3536 3537//3537
f 3473//3473 3537//3537 3476//3476
f 3476//3476 3537//3537 3538//3538
f 3476//3476 3538//3538 3479//3479
f 3479//3479 3538//3538 3539//3539
f 3479//3479 3539//3539 3540//3540
f 3540//3540 3539//3539 3541//3541
f 3540//3540 3541//3541 3485//3485
f 3485//3485 3541//3541 3542//3542
f 3485//3485 3542//3542 3488//3488
f 3488//3488 3542//3542 3543//3543
f 3488//3488 3543//3543 3491//3491
f 3491//3491 3543//3543 3544//3544
f 3491//3491 3544//3544 3494//3494
f 3494//3494 3544//3544 3545//3545
f 3494//3494 3545//3545 3497//3497
f 3497//3497 3545//3545 3546//3546
f 3497//3497 3546//3546 3547//3547
f 3547//3547 3546//3546 3548//3548
f 3547//3547 3548//3548 3503//3503
f 3503//3503 3548//3548 3549//3549
f 3503//3503 3549//3549 3521//3521
f 3392//3392 3395//3395 3550//3550
f 3550//3550 3551//3551 3392//3392
f 3392//3392 3551//3551 3552//3552
f 3392//3392 3552//3552 3393//3393
f 3552//3552 3553//3553 3393//3393
f 3393//3393 3553//3553 3554//3554
f 3393//3393 3554//3554 3397//3397
f 3554//3554 3555//3555 3397//3397
f 3397//3397 3555//3555 3556//3556
f 3397//3397 3556//3556 3396//3396
f 3556//3556 3557//3557 3396//3396
f 3396//3396 3557//3557 3558//3558
f 3396//3396 3558//3558 3378//3378
f 3558//3558 3559//3559 3378//3378
f 3378//3378 3559//3559 3560//3560
f 3378//3378 3560//3560 3381//3381
f 3560//3560 3561//3561 3381//3381
f 3381//3381 3561//3561 3562//3562
f 3381//3381 3562//3562 3386//3386
f 3562//3562 3563//3563 3386//3386
f 3386//3386 3563//3563 3564//3564
f 3386//3386 3564//3564 3382//3382
f 3564//3564 3565//3565 3382//3382
f 3382//3382 3565//3565 3566//3566
f 3382//3382 3566//3566 3373//3373
f 3566//3566 3567//3567 3373//3373
f 3373//3373 3567//3567 3568//3568
f 3373//3373 3568//3568 3383//3383
f 3568//3568 3569//3569 3383//3383
f 3383//3383 3569//3569 3570//3570
f 3383//3383 3570//3570 3379//3379
f 3570//3570 3571//3571 3379//3379
f 3379//3379 3571//3571 3572//3572
f 3379//3379 3572//3572 3384//3384
f 3572//3572 3573//3573 3384//3384
f 3384//3384 3573//3573 3574//3574
f 3384//3384 3574//3574 3385//3385
f 3574//3574 3575//3575 3385//3385
f 3385//3385 3575//3575 3576//3576
f 3385//3385 3576//3576 3387//3387
f 3576//3576 3577//3577 3387//3387
f 3387//3387 3577//3577 3578//3578
f 3387//3387 3578//3578 3375//3375
f 3578//3578 3579//3579 3375//3375
f 3375//3375 3579//3579 3580//3580
f 3375//3375 3580//3580 3390//3390
f 3580//3580 3581//3581 3390//3390
f 3390//3390 3581//3581 3582//3582
f 3390//3390 3582//3582 3388//3388
f 3582//3582 3583//3583 3388//3388
f 3388//3388 3583//3583 3584//3584
f 3388//3388 3584//3584 3376//3376
f 3584//3584 3585//3585 3376//3376
f 3376//3376 3585//3585 3586//3586
f 3376//3376 3586//3586 3391//3391
f 3586//3586 3587//3587 3391//3391
f 3391//3391 3587//3587 3588//3588
f 3391//3391 3588//3588 3380//3380
f 3588//3588 3589//3589 3380//3380
f 3380//3380 3589//3589 3590//3590
f 3380//3380 3590//3590 3374//3374
f 3590//3590 3591//3591 3374//3374
f 3374//3374 3591//3591 3592//3592
f 3374//3374 3592//3592 3389//3389
f 3592//3592 3593//3593 3389//3389
f 3389//3389 3593//3593 3594//3594
f 3389//3389 3594//3594 3377//3377
f 3594//3594 3595//3595 3377//3377
f 3377//3377 3595//3595 3596//3596
f 3377//3377 3596//3596 3394//3394
f 3596//3596 3597//3597 3394//3394
f 3394//3394 3597//3597 3598//3598
f 3394//3394 3598//3598 3395//3395
f 3395//3395 3598//3598 3599//3599
f 3395//3395 3599//3599 3550//3550
f 3600//3600 448//448 3601//3601
f 3601//3601 448//448 453//453
f 3601//3601 453//453 3602//3602
f 3602//3602 453//453 452//452
f 3602//3602 452//452 3603//3603
f 3603//3603 452//452 451//451
f 3604//3604 450//450 3600//3600
f 3600//3600 450//450 449//449
f 3600//3600 449//449 448//448
f 428//428 427//427 3605//3605
f 3606//3606 430//430 3607//3607
f 3607//3607 430//430 429//429
f 3607//3607 429//429 3608//3608
f 429//429 435//435 3608//3608
f 3608//3608 435//435 434//434
f 3608//3608 434//434 3609//3609
f 3609//3609 434//434 441//441
f 3609//3609 441//441 3610//3610
f 3610//3610 441//441 440//440
f 3610//3610 440//440 3611//3611
f 3611//3611 440//440 439//439
f 3611//3611 439//439 3612//3612
f 3612//3612 439//439 437//437
f 3612//3612 437//437 3604//3604
f 3604//3604 437//437 436//436
f 3604//3604 436//436 450//450
f 3605//3605 427//427 3613//3613
f 3613//3613 427//427 426//426
f 3613//3613 426//426 3614//3614
f 3614//3614 426//426 425//425
f 3614//3614 425//425 3615//3615
f 3615//3615 425//425 424//424
f 3615//3615 424//424 3616//3616
f 424//424 423//423 3616//3616
f 3616//3616 423//423 422//422
f 3616//3616 422//422 3617//3617
f 3617//3617 422//422 421//421
f 3617//3617 421//421 3618//3618
f 3618//3618 421//421 420//420
f 3618//3618 420//420 3619//3619
f 3619//3619 420//420 419//419
f 3619//3619 419//419 3620//3620
f 3620//3620 419//419 417//417
f 3620//3620 417//417 3621//3621
f 3621//3621 417//417 416//416
f 3621//3621 416//416 3606//3606
f 3606//3606 416//416 432//432
f 3606//3606 432//432 430//430
f 3622//3622 470//470 3623//3623
f 3623//3623 470//470 471//471
f 3623//3623 471//471 3624//3624
f 3624//3624 471//471 472//472
f 3624//3624 472//472 3625//3625
f 3625//3625 472//472 469//469
f 3625//3625 469//469 3626//3626
f 3626//3626 469//469 468//468
f 3626//3626 468//468 3627//3627
f 3627//3627 468//468 467//467
f 3627//3627 467//467 3628//3628
f 3628//3628 467//467 466//466
f 3628//3628 466//466 3629//3629
f 3629//3629 466//466 465//465
f 3629//3629 465//465 3630//3630
f 3630//3630 465//465 464//464
f 3630//3630 464//464 3631//3631
f 3632//3632 407//407 3633//3633
f 3633//3633 407//407 405//405
f 3633//3633 405//405 3634//3634
f 3634//3634 405//405 404//404
f 3634//3634 404//404 3635//3635
f 3635//3635 404//404 403//403
f 3635//3635 403//403 3636//3636
f 3636//3636 403//403 402//402
f 3636//3636 402//402 3637//3637
f 3637//3637 402//402 401//401
f 3637//3637 401//401 3638//3638
f 3638//3638 401//401 400//400
f 3638//3638 400//400 3639//3639
f 3639//3639 400//400 399//399
f 3639//3639 399//399 3640//3640
f 3640//3640 399//399 397//397
f 3640//3640 397//397 3605//3605
f 3605//3605 397//397 396//396
f 3605//3605 396//396 428//428
f 446//446 3641//3641 447//447
f 447//447 3641//3641 3642//3642
f 447//447 3642//3642 451//451
f 451//451 3642//3642 3643//3643
f 451//451 3643//3643 3603//3603
f 446//446 445//445 3641//3641
f 3641//3641 445//445 443//443
f 3641//3641 443//443 3644//3644
f 3644//3644 443//443 442//442
f 3644//3644 442//442 3645//3645
f 464//464 463//463 3631//3631
f 3631//3631 463//463 462//462
f 3631//3631 462//462 3646//3646
f 3646//3646 462//462 461//461
f 3646//3646 461//461 3647//3647
f 3647//3647 461//461 3648//3648
f 442//442 480//480 3645//3645
f 3645//3645 480//480 479//479
f 3645//3645 479//479 3649//3649
f 3649//3649 479//479 478//478
f 3649//3649 478//478 3650//3650
f 3650//3650 478//478 477//477
f 3650//3650 477//477 3651//3651
f 3651//3651 477//477 476//476
f 3651//3651 476//476 3652//3652
f 3652//3652 476//476 475//475
f 3652//3652 475//475 3653//3653
f 3653//3653 475//475 474//474
f 3653//3653 474//474 3622//3622
f 3622//3622 474//474 473//473
f 3622//3622 473//473 470//470
f 457//457 3654//3654 454//454
f 454//454 3654//3654 3655//3655
f 461//461 460//460 3648//3648
f 3648//3648 460//460 459//459
f 3648//3648 459//459 3656//3656
f 3656//3656 459//459 458//458
f 3656//3656 458//458 3655//3655
f 3655//3655 458//458 455//455
f 3655//3655 455//455 454//454
f 3657//3657 640//640 3658//3658
f 3658//3658 640//640 415//415
f 3658//3658 415//415 3659//3659
f 3659//3659 415//415 414//414
f 3659//3659 414//414 3660//3660
f 3660//3660 414//414 413//413
f 3660//3660 413//413 3661//3661
f 3661//3661 413//413 412//412
f 3661//3661 412//412 3662//3662
f 3662//3662 412//412 411//411
f 3662//3662 411//411 3663//3663
f 3663//3663 411//411 410//410
f 3663//3663 410//410 3664//3664
f 3664//3664 410//410 409//409
f 3664//3664 409//409 3632//3632
f 3632//3632 409//409 408//408
f 3632//3632 408//408 407//407
f 3296//3296 3297//3297 3665//3665
f 3665//3665 3297//3297 3298//3298
f 3665//3665 3298//3298 3666//3666
f 3666//3666 3298//3298 3315//3315
f 3666//3666 3315//3315 3316//3316
f 3316//3316 3310//3310 3666//3666
f 3666//3666 3310//3310 3311//3311
f 3666//3666 3311//3311 3312//3312
f 3312//3312 3313//3313 3666//3666
f 3666//3666 3313//3313 3314//3314
f 3666//3666 3314//3314 3667//3667
f 3667//3667 3314//3314 3292//3292
f 3667//3667 3292//3292 3293//3293
f 3293//3293 3294//3294 3667//3667
f 3667//3667 3294//3294 3308//3308
f 3667//3667 3308//3308 3309//3309
f 3309//3309 3288//3288 3667//3667
f 3667//3667 3288//3288 3289//3289
f 3667//3667 3289//3289 3668//3668
f 3668//3668 3289//3289 3290//3290
f 3668//3668 3290//3290 3291//3291
f 3291//3291 3277//3277 3668//3668
f 3668//3668 3277//3277 3276//3276
f 3668//3668 3276//3276 3341//3341
f 3341//3341 3340//3340 3668//3668
f 3668//3668 3340//3340 3339//3339
f 3668//3668 3339//3339 3353//3353
f 3353//3353 3352//3352 3668//3668
f 3668//3668 3352//3352 3351//3351
f 3668//3668 3351//3351 3669//3669
f 3351//3351 3350//3350 3669//3669
f 3669//3669 3350//3350 3349//3349
f 3669//3669 3349//3349 3348//3348
f 3348//3348 3347//3347 3669//3669
f 3669//3669 3347//3347 3260//3260
f 3669//3669 3260//3260 640//640
f 640//640 3657//3657 3669//3669
f 3669//3669 3657//3657 3658//3658
f 3669//3669 3658//3658 3659//3659
f 3659//3659 3660//3660 3669//3669
f 3669//3669 3660//3660 3661//3661
f 3669//3669 3661//3661 3662//3662
f 3662//3662 3663//3663 3669//3669
f 3669//3669 3663//3663 3664//3664
f 3669//3669 3664//3664 3632//3632
f 3632//3632 3633//3633 3669//3669
f 3669//3669 3633//3633 3634//3634
f 3669//3669 3634//3634 3670//3670
f 3634//3634 3635//3635 3670//3670
f 3670//3670 3635//3635 3636//3636
f 3670//3670 3636//3636 3637//3637
f 3637//3637 3638//3638 3670//3670
f 3670//3670 3638//3638 3639//3639
f 3670//3670 3639//3639 3640//3640
f 3640//3640 3605//3605 3670//3670
f 3670//3670 3605//3605 3613//3613
f 3670//3670 3613//3613 3614//3614
f 3614//3614 3615//3615 3670//3670
f 3670//3670 3615//3615 3616//3616
f 3670//3670 3616//3616 3617//3617
f 3620//3620 3671//3671 3619//3619
f 3619//3619 3671//3671 3670//3670
f 3619//3619 3670//3670 3618//3618
f 3618//3618 3670//3670 3617//3617
f 3620//3620 3621//3621 3671//3671
f 3671//3671 3621//3621 3606//3606
f 3671//3671 3606//3606 3607//3607
f 3610//3610 3672//3672 3609//3609
f 3609//3609 3672//3672 3671//3671
f 3609//3609 3671//3671 3608//3608
f 3608//3608 3671//3671 3607//3607
f 3610//3610 3611//3611 3672//3672
f 3672//3672 3611//3611 3612//3612
f 3672//3672 3612//3612 3604//3604
f 3604//3604 3600//3600 3672//3672
f 3672//3672 3600//3600 3601//3601
f 3672//3672 3601//3601 3673//3673
f 3601//3601 3602//3602 3673//3673
f 3673//3673 3602//3602 3603//3603
f 3673//3673 3603//3603 3643//3643
f 3643//3643 3642//3642 3673//3673
f 3673//3673 3642//3642 3641//3641
f 3673//3673 3641//3641 3644//3644
f 3644//3644 3645//3645 3673//3673
f 3673//3673 3645//3645 3649//3649
f 3673//3673 3649//3649 3650//3650
f 3650//3650 3651//3651 3673//3673
f 3673//3673 3651//3651 3652//3652
f 3673//3673 3652//3652 3653//3653
f 3653//3653 3622//3622 3673//3673
f 3673//3673 3622//3622 3623//3623
f 3673//3673 3623//3623 3674//3674
f 3674//3674 3623//3623 3624//3624
f 3674//3674 3624//3624 3625//3625
f 3625//3625 3626//3626 3674//3674
f 3674//3674 3626//3626 3627//3627
f 3674//3674 3627//3627 3628//3628
f 3628//3628 3629//3629 3674//3674
f 3674//3674 3629//3629 3630//3630
f 3674//3674 3630//3630 3631//3631
f 3631//3631 3646//3646 3674//3674
f 3674//3674 3646//3646 3647//3647
f 3674//3674 3647//3647 3648//3648
f 3648//3648 3656//3656 3674//3674
f 3674//3674 3656//3656 3655//3655
f 3674//3674 3655//3655 3654//3654
f 3654//3654 457//457 3674//3674
f 3674//3674 457//457 3329//3329
f 3674//3674 3329//3329 3328//3328
f 3328//3328 3364//3364 3674//3674
f 3674//3674 3364//3364 3365//3365
f 3674//3674 3365//3365 3362//3362
f 3362//3362 3361//3361 3674//3674
f 3674//3674 3361//3361 3363//3363
f 3674//3674 3363//3363 3338//3338
f 3338//3338 3357//3357 3674//3674
f 3674//3674 3357//3357 3358//3358
f 3674//3674 3358//3358 3359//3359
f 3359//3359 3360//3360 3674//3674
f 3674//3674 3360//3360 3366//3366
f 3674//3674 3366//3366 3367//3367
f 3367//3367 3368//3368 3674//3674
f 3674//3674 3368//3368 3369//3369
f 3674//3674 3369//3369 3675//3675
f 3369//3369 3370//3370 3675//3675
f 3675//3675 3370//3370 3371//3371
f 3675//3675 3371//3371 3372//3372
f 3372//3372 3355//3355 3675//3675
f 3675//3675 3355//3355 3356//3356
f 3675//3675 3356//3356 3287//3287
f 3287//3287 3286//3286 3675//3675
f 3675//3675 3286//3286 3335//3335
f 3675//3675 3335//3335 3336//3336
f 3336//3336 3337//3337 3675//3675
f 3675//3675 3337//3337 3319//3319
f 3675//3675 3319//3319 3676//3676
f 3676//3676 3319//3319 3320//3320
f 3676//3676 3320//3320 3273//3273
f 3273//3273 3272//3272 3676//3676
f 3676//3676 3272//3272 3284//3284
f 3676//3676 3284//3284 3285//3285
f 3285//3285 3274//3274 3676//3676
f 3676//3676 3274//3274 3275//3275
f 3676//3676 3275//3275 3677//3677
f 3270//3270 3678//3678 3271//3271
f 3271//3271 3678//3678 3677//3677
f 3271//3271 3677//3677 3267//3267
f 3267//3267 3677//3677 3275//3275
f 3270//3270 3317//3317 3678//3678
f 3678//3678 3317//3317 3318//3318
f 3678//3678 3318//3318 3679//3679
f 3679//3679 3318//3318 3334//3334
f 3679//3679 3334//3334 3333//3333
f 3333//3333 3346//3346 3679//3679
f 3679//3679 3346//3346 3324//3324
f 3679//3679 3324//3324 3325//3325
f 3266//3266 3680//3680 3327//3327
f 3327//3327 3680//3680 3679//3679
f 3327//3327 3679//3679 3326//3326
f 3326//3326 3679//3679 3325//3325
f 3266//3266 3265//3265 3680//3680
f 3680//3680 3265//3265 3283//3283
f 3680//3680 3283//3283 3681//3681
f 3681//3681 3283//3283 3282//3282
f 3330//3330 3331//3331 3682//3682
f 3282//3282 3305//3305 3681//3681
f 3681//3681 3305//3305 3306//3306
f 3681//3681 3306//3306 3682//3682
f 3682//3682 3306//3306 3307//3307
f 3682//3682 3307//3307 3330//3330
f 3331//3331 3332//3332 3682//3682
f 3682//3682 3332//3332 3304//3304
f 3682//3682 3304//3304 3683//3683
f 3280//3280 3684//3684 3685//3685
f 3685//3685 3684//3684 3686//3686
f 3685//3685 3686//3686 3263//3263
f 3263//3263 3686//3686 3683//3683
f 3263//3263 3683//3683 3303//3303
f 3303//3303 3683//3683 3304//3304
f 3280//3280 3281//3281 3684//3684
f 3684//3684 3281//3281 3268//3268
f 3684//3684 3268//3268 3687//3687
f 3687//3687 3268//3268 3269//3269
f 3269//3269 3302//3302 3687//3687
f 3687//3687 3302//3302 3279//3279
f 3687//3687 3279//3279 3688//3688
f 3688//3688 3279//3279 3300//3300
f 3300//3300 3301//3301 3688//3688
f 3688//3688 3301//3301 3278//3278
f 3688//3688 3278//3278 3689//3689
f 3689//3689 3278//3278 3299//3299
f 3323//3323 3690//3690 3322//3322
f 3322//3322 3690//3690 3689//3689
f 3322//3322 3689//3689 3321//3321
f 3321//3321 3689//3689 3299//3299
f 3323//3323 3354//3354 3690//3690
f 3690//3690 3354//3354 3342//3342
f 3690//3690 3342//3342 3343//3343
f 3343//3343 3344//3344 3690//3690
f 3690//3690 3344//3344 3345//3345
f 3690//3690 3345//3345 3691//3691
f 3345//3345 3262//3262 3691//3691
f 3691//3691 3262//3262 3261//3261
f 3691//3691 3261//3261 3665//3665
f 3665//3665 3261//3261 3295//3295
f 3665//3665 3295//3295 3296//3296
f 3692//3692 3693//3693 3694//3694
f 3694//3694 3693//3693 3695//3695
f 3694//3694 3695//3695 3696//3696
f 3696//3696 3695//3695 3697//3697
f 3696//3696 3697//3697 3698//3698
f 3697//3697 3699//3699 3698//3698
f 3698//3698 3699//3699 3700//3700
f 3698//3698 3700//3700 3701//3701
f 3701//3701 3700//3700 3702//3702
f 3701//3701 3702//3702 3703//3703
f 3704//3704 3705//3705 3706//3706
f 3706//3706 3705//3705 3707//3707
f 3706//3706 3707//3707 3708//3708
f 3709//3709 3710//3710 3711//3711
f 3711//3711 3710//3710 3712//3712
f 3711//3711 3712//3712 3713//3713
f 3713//3713 3712//3712 3714//3714
f 3713//3713 3714//3714 3715//3715
f 3716//3716 3717//3717 3718//3718
f 3718//3718 3717//3717 3719//3719
f 3718//3718 3719//3719 3720//3720
f 3720//3720 3719//3719 3721//3721
f 3720//3720 3721//3721 3704//3704
f 3704//3704 3721//3721 3722//3722
f 3704//3704 3722//3722 3705//3705
f 3707//3707 3723//3723 3708//3708
f 3708//3708 3723//3723 3724//3724
f 3708//3708 3724//3724 3725//3725
f 3725//3725 3724//3724 3726//3726
f 3725//3725 3726//3726 3727//3727
f 3727//3727 3726//3726 3728//3728
f 3727//3727 3728//3728 3709//3709
f 3709//3709 3728//3728 3729//3729
f 3709//3709 3729//3729 3710//3710
f 3714//3714 3730//3730 3715//3715
f 3715//3715 3730//3730 3731//3731
f 3715//3715 3731//3731 3732//3732
f 3732//3732 3731//3731 3733//3733
f 3732//3732 3733//3733 3692//3692
f 3692//3692 3733//3733 3734//3734
f 3692//3692 3734//3734 3693//3693
f 3702//3702 3735//3735 3703//3703
f 3703//3703 3735//3735 3736//3736
f 3703//3703 3736//3736 3737//3737
f 3737//3737 3736//3736 3738//3738
f 3737//3737 3738//3738 3739//3739
f 3739//3739 3738//3738 3740//3740
f 3739//3739 3740//3740 3741//3741
f 3742//3742 3743//3743 3744//3744
f 3744//3744 3743//3743 3745//3745
f 3744//3744 3745//3745 3716//3716
f 3716//3716 3745//3745 3746//3746
f 3716//3716 3746//3746 3717//3717
f 3740//3740 3747//3747 3741//3741
f 3741//3741 3747//3747 3748//3748
f 3741//3741 3748//3748 3749//3749
f 3749//3749 3748//3748 3750//3750
f 3749//3749 3750//3750 3751//3751
f 3751//3751 3750//3750 3752//3752
f 3751//3751 3752//3752 3742//3742
f 3742//3742 3752//3752 3753//3753
f 3742//3742 3753//3753 3743//3743
f 3754//3754 3401//3401 3399//3399
f 3755//3755 3403//3403 3756//3756
f 3756//3756 3403//3403 3401//3401
f 3756//3756 3401//3401 3757//3757
f 3757//3757 3401//3401 3754//3754
f 3755//3755 3758//3758 3403//3403
f 3403//3403 3758//3758 3759//3759
f 3403//3403 3759//3759 3405//3405
f 3759//3759 3760//3760 3405//3405
f 3405//3405 3760//3760 3761//3761
f 3405//3405 3761//3761 3407//3407
f 3762//3762 3409//3409 3763//3763
f 3763//3763 3409//3409 3407//3407
f 3763//3763 3407//3407 3764//3764
f 3764//3764 3407//3407 3761//3761
f 3762//3762 3765//3765 3409//3409
f 3409//3409 3765//3765 3766//3766
f 3409//3409 3766//3766 3411//3411
f 3767//3767 3413//3413 3768//3768
f 3768//3768 3413//3413 3411//3411
f 3768//3768 3411//3411 3769//3769
f 3769//3769 3411//3411 3766//3766
f 3767//3767 3770//3770 3413//3413
f 3413//3413 3770//3770 3771//3771
f 3413//3413 3771//3771 3415//3415
f 3771//3771 3772//3772 3415//3415
f 3415//3415 3772//3772 3773//3773
f 3415//3415 3773//3773 3417//3417
f 3774//3774 3419//3419 3775//3775
f 3775//3775 3419//3419 3417//3417
f 3775//3775 3417//3417 3776//3776
f 3776//3776 3417//3417 3773//3773
f 3774//3774 3777//3777 3419//3419
f 3419//3419 3777//3777 3778//3778
f 3419//3419 3778//3778 3421//3421
f 3778//3778 3779//3779 3421//3421
f 3421//3421 3779//3779 3780//3780
f 3421//3421 3780//3780 3423//3423
f 3780//3780 3781//3781 3423//3423
f 3423//3423 3781//3781 3782//3782
f 3423//3423 3782//3782 3783//3783
f 3782//3782 3784//3784 3783//3783
f 3783//3783 3784//3784 3785//3785
f 3783//3783 3785//3785 3427//3427
f 3786//3786 3429//3429 3787//3787
f 3787//3787 3429//3429 3427//3427
f 3787//3787 3427//3427 3788//3788
f 3788//3788 3427//3427 3785//3785
f 3786//3786 3789//3789 3429//3429
f 3429//3429 3789//3789 3790//3790
f 3429//3429 3790//3790 3431//3431
f 3790//3790 3791//3791 3431//3431
f 3431//3431 3791//3791 3792//3792
f 3431//3431 3792//3792 3433//3433
f 3793//3793 3435//3435 3794//3794
f 3794//3794 3435//3435 3433//3433
f 3794//3794 3433//3433 3795//3795
f 3795//3795 3433//3433 3792//3792
f 3793//3793 3796//3796 3435//3435
f 3435//3435 3796//3796 3797//3797
f 3435//3435 3797//3797 3437//3437
f 3798//3798 3439//3439 3799//3799
f 3799//3799 3439//3439 3437//3437
f 3799//3799 3437//3437 3800//3800
f 3800//3800 3437//3437 3797//3797
f 3798//3798 3801//3801 3439//3439
f 3439//3439 3801//3801 3802//3802
f 3439//3439 3802//3802 3441//3441
f 3802//3802 3803//3803 3441//3441
f 3441//3441 3803//3803 3804//3804
f 3441//3441 3804//3804 3443//3443
f 3805//3805 3445//3445 3806//3806
f 3806//3806 3445//3445 3443//3443
f 3806//3806 3443//3443 3807//3807
f 3807//3807 3443//3443 3804//3804
f 3805//3805 3808//3808 3445//3445
f 3445//3445 3808//3808 3809//3809
f 3445//3445 3809//3809 3447//3447
f 3809//3809 3810//3810 3447//3447
f 3447//3447 3810//3810 3811//3811
f 3447//3447 3811//3811 3398//3398
f 3811//3811 3812//3812 3398//3398
f 3398//3398 3812//3812 3813//3813
f 3398//3398 3813//3813 3399//3399
f 3399//3399 3813//3813 3814//3814
f 3399//3399 3814//3814 3754//3754
f 3665//3665 3737//3737 3691//3691
f 3691//3691 3737//3737 3739//3739
f 3691//3691 3739//3739 3690//3690
f 3690//3690 3739//3739 3741//3741
f 3690//3690 3741//3741 3689//3689
f 3689//3689 3741//3741 3749//3749
f 3689//3689 3749//3749 3688//3688
f 3688//3688 3749//3749 3751//3751
f 3688//3688 3751//3751 3687//3687
f 3687//3687 3751//3751 3742//3742
f 3687//3687 3742//3742 3684//3684
f 3684//3684 3742//3742 3744//3744
f 3684//3684 3744//3744 3686//3686
f 3686//3686 3744//3744 3716//3716
f 3686//3686 3716//3716 3683//3683
f 3683//3683 3716//3716 3718//3718
f 3683//3683 3718//3718 3682//3682
f 3682//3682 3718//3718 3720//3720
f 3682//3682 3720//3720 3681//3681
f 3681//3681 3720//3720 3704//3704
f 3681//3681 3704//3704 3680//3680
f 3680//3680 3704//3704 3706//3706
f 3680//3680 3706//3706 3679//3679
f 3679//3679 3706//3706 3708//3708
f 3679//3679 3708//3708 3678//3678
f 3678//3678 3708//3708 3725//3725
f 3678//3678 3725//3725 3677//3677
f 3677//3677 3725//3725 3727//3727
f 3677//3677 3727//3727 3676//3676
f 3676//3676 3727//3727 3709//3709
f 3676//3676 3709//3709 3675//3675
f 3675//3675 3709//3709 3711//3711
f 3675//3675 3711//3711 3674//3674
f 3674//3674 3711//3711 3713//3713
f 3674//3674 3713//3713 3673//3673
f 3673//3673 3713//3713 3715//3715
f 3673//3673 3715//3715 3672//3672
f 3672//3672 3715//3715 3732//3732
f 3672//3672 3732//3732 3671//3671
f 3671//3671 3732//3732 3692//3692
f 3671//3671 3692//3692 3670//3670
f 3670//3670 3692//3692 3694//3694
f 3670//3670 3694//3694 3669//3669
f 3669//3669 3694//3694 3696//3696
f 3669//3669 3696//3696 3668//3668
f 3668//3668 3696//3696 3698//3698
f 3668//3668 3698//3698 3667//3667
f 3667//3667 3698//3698 3701//3701
f 3667//3667 3701//3701 3666//3666
f 3666//3666 3701//3701 3815//3815
f 3666//3666 3815//3815 3665//3665
f 3665//3665 3815//3815 3737//3737
f 3816//3816 3817//3817 3781//3781
f 3781//3781 3780//3780 3816//3816
f 3816//3816 3780//3780 3779//3779
f 3816//3816 3779//3779 3818//3818
f 3818//3818 3779//3779 3778//3778
f 3818//3818 3778//3778 3819//3819
f 3776//3776 3820//3820 3821//3821
f 3778//3778 3777//3777 3819//3819
f 3819//3819 3777//3777 3774//3774
f 3819//3819 3774//3774 3821//3821
f 3821//3821 3774//3774 3775//3775
f 3821//3821 3775//3775 3776//3776
f 3776//3776 3773//3773 3820//3820
f 3820//3820 3773//3773 3772//3772
f 3820//3820 3772//3772 3822//3822
f 3822//3822 3772//3772 3771//3771
f 3822//3822 3771//3771 3823//3823
f 3771//3771 3770//3770 3823//3823
f 3823//3823 3770//3770 3767//3767
f 3823//3823 3767//3767 3824//3824
f 3767//3767 3825//3825 3824//3824
f 3824//3824 3825//3825 3769//3769
f 3824//3824 3769//3769 3826//3826
f 3826//3826 3769//3769 3766//3766
f 3826//3826 3766//3766 3827//3827
f 3766//3766 3765//3765 3827//3827
f 3827//3827 3765//3765 3762//3762
f 3827//3827 3762//3762 3828//3828
f 3762//3762 3763//3763 3828//3828
f 3828//3828 3763//3763 3764//3764
f 3828//3828 3764//3764 3829//3829
f 3764//3764 3761//3761 3829//3829
f 3829//3829 3761//3761 3760//3760
f 3829//3829 3760//3760 3830//3830
f 3830//3830 3760//3760 3759//3759
f 3830//3830 3759//3759 3831//3831
f 3759//3759 3758//3758 3831//3831
f 3831//3831 3758//3758 3755//3755
f 3831//3831 3755//3755 3832//3832
f 3755//3755 3756//3756 3832//3832
f 3832//3832 3756//3756 3757//3757
f 3832//3832 3757//3757 3833//3833
f 3833//3833 3757//3757 3754//3754
f 3833//3833 3754//3754 3834//3834
f 3834//3834 3754//3754 3835//3835
f 3834//3834 3835//3835 3836//3836
f 3835//3835 3813//3813 3836//3836
f 3836//3836 3813//3813 3812//3812
f 3836//3836 3812//3812 3837//3837
f 3812//3812 3811//3811 3837//3837
f 3837//3837 3811//3811 3810//3810
f 3837//3837 3810//3810 3838//3838
f 3838//3838 3810//3810 3809//3809
f 3838//3838 3809//3809 3839//3839
f 3807//3807 3840//3840 3841//3841
f 3809//3809 3808//3808 3839//3839
f 3839//3839 3808//3808 3805//3805
f 3839//3839 3805//3805 3841//3841
f 3841//3841 3805//3805 3806//3806
f 3841//3841 3806//3806 3807//3807
f 3807//3807 3804//3804 3840//3840
f 3840//3840 3804//3804 3803//3803
f 3840//3840 3803//3803 3842//3842
f 3842//3842 3803//3803 3802//3802
f 3842//3842 3802//3802 3843//3843
f 3802//3802 3801//3801 3843//3843
f 3843//3843 3801//3801 3798//3798
f 3843//3843 3798//3798 3844//3844
f 3798//3798 3845//3845 3844//3844
f 3844//3844 3845//3845 3800//3800
f 3844//3844 3800//3800 3846//3846
f 3846//3846 3800//3800 3797//3797
f 3846//3846 3797//3797 3847//3847
f 3797//3797 3796//3796 3847//3847
f 3847//3847 3796//3796 3793//3793
f 3847//3847 3793//3793 3848//3848
f 3793//3793 3794//3794 3848//3848
f 3848//3848 3794//3794 3795//3795
f 3848//3848 3795//3795 3849//3849
f 3795//3795 3792//3792 3849//3849
f 3849//3849 3792//3792 3791//3791
f 3849//3849 3791//3791 3850//3850
f 3850//3850 3791//3791 3790//3790
f 3850//3850 3790//3790 3851//3851
f 3790//3790 3789//3789 3851//3851
f 3851//3851 3789//3789 3786//3786
f 3851//3851 3786//3786 3852//3852
f 3786//3786 3787//3787 3852//3852
f 3852//3852 3787//3787 3788//3788
f 3852//3852 3788//3788 3853//3853
f 3853//3853 3788//3788 3785//3785
f 3853//3853 3785//3785 3854//3854
f 3854//3854 3785//3785 3784//3784
f 3854//3854 3784//3784 3817//3817
f 3817//3817 3784//3784 3782//3782
f 3817//3817 3782//3782 3781//3781
f 3853//3853 3855//3855 3852//3852
f 3852//3852 3855//3855 3856//3856
f 3852//3852 3856//3856 3851//3851
f 3851//3851 3856//3856 3857//3857
f 3851//3851 3857//3857 3850//3850
f 3850//3850 3857//3857 3858//3858
f 3850//3850 3858//3858 3849//3849
f 3849//3849 3858//3858 3859//3859
f 3849//3849 3859//3859 3848//3848
f 3848//3848 3859//3859 3860//3860
f 3848//3848 3860//3860 3847//3847
f 3847//3847 3860//3860 3861//3861
f 3847//3847 3861//3861 3846//3846
f 3846//3846 3861//3861 3862//3862
f 3846//3846 3862//3862 3844//3844
f 3844//3844 3862//3862 3863//3863
f 3844//3844 3863//3863 3843//3843
f 3843//3843 3863//3863 3864//3864
f 3843//3843 3864//3864 3842//3842
f 3842//3842 3864//3864 3865//3865
f 3842//3842 3865//3865 3840//3840
f 3840//3840 3865//3865 3866//3866
f 3840//3840 3866//3866 3841//3841
f 3841//3841 3866//3866 3867//3867
f 3841//3841 3867//3867 3839//3839
f 3839//3839 3867//3867 3868//3868
f 3839//3839 3868//3868 3838//3838
f 3838//3838 3868//3868 3869//3869
f 3838//3838 3869//3869 3837//3837
f 3837//3837 3869//3869 3870//3870
f 3837//3837 3870//3870 3836//3836
f 3836//3836 3870//3870 3871//3871
f 3836//3836 3871//3871 3834//3834
f 3834//3834 3871//3871 3872//3872
f 3834//3834 3872//3872 3833//3833
f 3833//3833 3872//3872 3873//3873
f 3833//3833 3873//3873 3832//3832
f 3832//3832 3873//3873 3874//3874
f 3832//3832 3874//3874 3831//3831
f 3831//3831 3874//3874 3875//3875
f 3831//3831 3875//3875 3830//3830
f 3830//3830 3875//3875 3876//3876
f 3830//3830 3876//3876 3829//3829
f 3829//3829 3876//3876 3877//3877
f 3829//3829 3877//3877 3828//3828
f 3828//3828 3877//3877 3878//3878
f 3828//3828 3878//3878 3827//3827
f 3827//3827 3878//3878 3879//3879
f 3827//3827 3879//3879 3826//3826
f 3826//3826 3879//3879 3880//3880
f 3826//3826 3880//3880 3824//3824
f 3824//3824 3880//3880 3881//3881
f 3824//3824 3881//3881 3823//3823
f 3823//3823 3881//3881 3882//3882
f 3823//3823 3882//3882 3822//3822
f 3822//3822 3882//3882 3883//3883
f 3822//3822 3883//3883 3820//3820
f 3820//3820 3883//3883 3884//3884
f 3820//3820 3884//3884 3821//3821
f 3821//3821 3884//3884 3885//3885
f 3821//3821 3885//3885 3819//3819
f 3819//3819 3885//3885 3886//3886
f 3819//3819 3886//3886 3818//3818
f 3818//3818 3886//3886 3887//3887
f 3818//3818 3887//3887 3816//3816
f 3816//3816 3887//3887 3888//3888
f 3816//3816 3888//3888 3817//3817
f 3817//3817 3888//3888 3889//3889
f 3817//3817 3889//3889 3854//3854
f 3854//3854 3889//3889 3890//3890
f 3854//3854 3890//3890 3853//3853
f 3853//3853 3890//3890 3855//3855
f 3855//3855 3891//3891 3856//3856
f 3856//3856 3891//3891 3892//3892
f 3856//3856 3892//3892 3857//3857
f 3857//3857 3892//3892 3893//3893
f 3857//3857 3893//3893 3858//3858
f 3858//3858 3893//3893 3894//3894
f 3858//3858 3894//3894 3859//3859
f 3859//3859 3894//3894 3895//3895
f 3859//3859 3895//3895 3860//3860
f 3860//3860 3895//3895 3896//3896
f 3860//3860 3896//3896 3861//3861
f 3861//3861 3896//3896 3897//3897
f 3861//3861 3897//3897 3862//3862
f 3862//3862 3897//3897 3898//3898
f 3862//3862 3898//3898 3863//3863
f 3863//3863 3898//3898 3899//3899
f 3863//3863 3899//3899 3864//3864
f 3864//3864 3899//3899 3900//3900
f 3864//3864 3900//3900 3865//3865
f 3865//3865 3900//3900 3901//3901
f 3865//3865 3901//3901 3866//3866
f 3866//3866 3901//3901 3902//3902
f 3866//3866 3902//3902 3867//3867
f 3867//3867 3902//3902 3903//3903
f 3867//3867 3903//3903 3868//3868
f 3868//3868 3903//3903 3904//3904
f 3868//3868 3904//3904 3869//3869
f 3869//3869 3904//3904 3905//3905
f 3869//3869 3905//3905 3870//3870
f 3870//3870 3905//3905 3906//3906
f 3870//3870 3906//3906 3871//3871
f 3871//3871 3906//3906 3907//3907
f 3871//3871 3907//3907 3872//3872
f 3872//3872 3907//3907 3908//3908
f 3872//3872 3908//3908 3873//3873
f 3873//3873 3908//3908 3909//3909
f 3873//3873 3909//3909 3874//3874
f 3874//3874 3909//3909 3910//3910
f 3874//3874 3910//3910 3875//3875
f 3875//3875 3910//3910 3911//3911
f 3875//3875 3911//3911 3876//3876
f 3876//3876 3911//3911 3912//3912
f 3876//3876 3912//3912 3877//3877
f 3877//3877 3912//3912 3913//3913
f 3877//3877 3913//3913 3878//3878
f 3878//3878 3913//3913 3914//3914
f 3878//3878 3914//3914 3879//3879
f 3879//3879 3914//3914 3915//3915
f 3879//3879 3915//3915 3880//3880
f 3880//3880 3915//3915 3916//3916
f 3880//3880 3916//3916 3881//3881
f 3881//3881 3916//3916 3917//3917
f 3881//3881 3917//3917 3882//3882
f 3882//3882 3917//3917 3918//3918
f 3882//3882 3918//3918 3883//3883
f 3883//3883 3918//3918 3919//3919
f 3883//3883 3919//3919 3884//3884
f 3884//3884 3919//3919 3920//3920
f 3884//3884 3920//3920 3885//3885
f 3885//3885 3920//3920 3921//3921
f 3885//3885 3921//3921 3886//3886
f 3886//3886 3921//3921 3922//3922
f 3886//3886 3922//3922 3887//3887
f 3887//3887 3922//3922 3923//3923
f 3887//3887 3923//3923 3888//3888
f 3888//3888 3923//3923 3924//3924
f 3888//3888 3924//3924 3889//3889
f 3889//3889 3924//3924 3925//3925
f 3889//3889 3925//3925 3890//3890
f 3890//3890 3925//3925 3926//3926
f 3890//3890 3926//3926 3855//3855
f 3855//3855 3926//3926 3891//3891
f 3891//3891 3707//3707 3892//3892
f 3892//3892 3707//3707 3705//3705
f 3892//3892 3705//3705 3893//3893
f 3893//3893 3705//3705 3722//3722
f 3893//3893 3722//3722 3894//3894
f 3894//3894 3722//3722 3721//3721
f 3894//3894 3721//3721 3895//3895
f 3895//3895 3721//3721 3719//3719
f 3895//3895 3719//3719 3896//3896
f 3896//3896 3719//3719 3717//3717
f 3896//3896 3717//3717 3897//3897
f 3897//3897 3717//3717 3746//3746
f 3897//3897 3746//3746 3898//3898
f 3898//3898 3746//3746 3745//3745
f 3898//3898 3745//3745 3899//3899
f 3899//3899 3745//3745 3927//3927
f 3899//3899 3927//3927 3900//3900
f 3900//3900 3927//3927 3753//3753
f 3900//3900 3753//3753 3901//3901
f 3901//3901 3753//3753 3752//3752
f 3901//3901 3752//3752 3902//3902
f 3902//3902 3752//3752 3750//3750
f 3902//3902 3750//3750 3903//3903
f 3903//3903 3750//3750 3748//3748
f 3903//3903 3748//3748 3904//3904
f 3904//3904 3748//3748 3747//3747
f 3904//3904 3747//3747 3905//3905
f 3905//3905 3747//3747 3740//3740
f 3905//3905 3740//3740 3906//3906
f 3906//3906 3740//3740 3738//3738
f 3906//3906 3738//3738 3907//3907
f 3907//3907 3738//3738 3736//3736
f 3907//3907 3736//3736 3908//3908
f 3908//3908 3736//3736 3928//3928
f 3908//3908 3928//3928 3909//3909
f 3909//3909 3928//3928 3702//3702
f 3909//3909 3702//3702 3910//3910
f 3910//3910 3702//3702 3700//3700
f 3910//3910 3700//3700 3911//3911
f 3911//3911 3700//3700 3699//3699
f 3911//3911 3699//3699 3912//3912
f 3912//3912 3699//3699 3697//3697
f 3912//3912 3697//3697 3913//3913
f 3913//3913 3697//3697 3695//3695
f 3913//3913 3695//3695 3914//3914
f 3914//3914 3695//3695 3693//3693
f 3914//3914 3693//3693 3915//3915
f 3915//3915 3693//3693 3734//3734
f 3915//3915 3734//3734 3916//3916
f 3916//3916 3734//3734 3733//3733
f 3916//3916 3733//3733 3917//3917
f 3917//3917 3733//3733 3929//3929
f 3917//3917 3929//3929 3918//3918
f 3918//3918 3929//3929 3730//3730
f 3918//3918 3730//3730 3919//3919
f 3919//3919 3730//3730 3714//3714
f 3919//3919 3714//3714 3920//3920
f 3920//3920 3714//3714 3712//3712
f 3920//3920 3712//3712 3921//3921
f 3921//3921 3712//3712 3710//3710
f 3921//3921 3710//3710 3922//3922
f 3922//3922 3710//3710 3729//3729
f 3922//3922 3729//3729 3923//3923
f 3923//3923 3729//3729 3728//3728
f 3923//3923 3728//3728 3924//3924
f 3924//3924 3728//3728 3726//3726
f 3924//3924 3726//3726 3925//3925
f 3925//3925 3726//3726 3724//3724
f 3925//3925 3724//3724 3926//3926
f 3926//3926 3724//3724 3723//3723
f 3926//3926 3723//3723 3891//3891
f 3891//3891 3723//3723 3707//3707
f 3542//3542 3930//3930 3931//3931
f 3931//3931 3573//3573 3542//3542
f 3542//3542 3573//3573 3572//3572
f 3542//3542 3572//3572 3543//3543
f 3572//3572 3571//3571 3543//3543
f 3543//3543 3571//3571 3570//3570
f 3543//3543 3570//3570 3544//3544
f 3570//3570 3569//3569 3544//3544
f 3544//3544 3569//3569 3568//3568
f 3544//3544 3568//3568 3545//3545
f 3568//3568 3567//3567 3545//3545
f 3545//3545 3567//3567 3566//3566
f 3545//3545 3566//3566 3546//3546
f 3566//3566 3565//3565 3546//3546
f 3546//3546 3565//3565 3564//3564
f 3546//3546 3564//3564 3548//3548
f 3548//3548 3564//3564 3563//3563
f 3563//3563 3562//3562 3548//3548
f 3548//3548 3562//3562 3561//3561
f 3548//3548 3561//3561 3549//3549
f 3561//3561 3560//3560 3549//3549
f 3549//3549 3560//3560 3559//3559
f 3549//3549 3559//3559 3521//3521
f 3521//3521 3559//3559 3558//3558
f 3521//3521 3558//3558 3522//3522
f 3522//3522 3558//3558 3557//3557
f 3557//3557 3556//3556 3522//3522
f 3522//3522 3556//3556 3555//3555
f 3522//3522 3555//3555 3523//3523
f 3523//3523 3555//3555 3554//3554
f 3523//3523 3554//3554 3524//3524
f 3554//3554 3553//3553 3524//3524
f 3524//3524 3553//3553 3552//3552
f 3524//3524 3552//3552 3525//3525
f 3552//3552 3551//3551 3525//3525
f 3525//3525 3551//3551 3550//3550
f 3525//3525 3550//3550 3526//3526
f 3526//3526 3550//3550 3599//3599
f 3526//3526 3599//3599 3527//3527
f 3527//3527 3599//3599 3598//3598
f 3527//3527 3598//3598 3528//3528
f 3598//3598 3597//3597 3528//3528
f 3528//3528 3597//3597 3596//3596
f 3528//3528 3596//3596 3529//3529
f 3596//3596 3595//3595 3529//3529
f 3529//3529 3595//3595 3594//3594
f 3529//3529 3594//3594 3530//3530
f 3594//3594 3593//3593 3530//3530
f 3530//3530 3593//3593 3592//3592
f 3530//3530 3592//3592 3531//3531
f 3592//3592 3591//3591 3531//3531
f 3531//3531 3591//3591 3590//3590
f 3531//3531 3590//3590 3532//3532
f 3590//3590 3589//3589 3532//3532
f 3532//3532 3589//3589 3588//3588
f 3532//3532 3588//3588 3534//3534
f 3534//3534 3588//3588 3587//3587
f 3587//3587 3586//3586 3534//3534
f 3534//3534 3586//3586 3585//3585
f 3534//3534 3585//3585 3535//3535
f 3585//3585 3584//3584 3535//3535
f 3535//3535 3584//3584 3583//3583
f 3535//3535 3583//3583 3536//3536
f 3583//3583 3582//3582 3536//3536
f 3536//3536 3582//3582 3581//3581
f 3536//3536 3581//3581 3537//3537
f 3581//3581 3580//3580 3537//3537
f 3537//3537 3580//3580 3579//3579
f 3537//3537 3579//3579 3538//3538
f 3579//3579 3578//3578 3538//3538
f 3538//3538 3578//3578 3577//3577
f 3538//3538 3577//3577 3539//3539
f 3539//3539 3577//3577 3576//3576
f 3539//3539 3576//3576 3930//3930
f 3930//3930 3576//3576 3575//3575
f 3930//3930 3575//3575 3931//3931
f 3420//3420 3422//3422 3490//3490
f 3490//3490 3489//3489 3420//3420
f 3420//3420 3489//3489 3493//3493
f 3420//3420 3493//3493 3418//3418
f 3493//3493 3492//3492 3418//3418
f 3418//3418 3492//3492 3496//3496
f 3418//3418 3496//3496 3416//3416
f 3496//3496 3495//3495 3416//3416
f 3416//3416 3495//3495 3499//3499
f 3416//3416 3499//3499 3414//3414
f 3499//3499 3498//3498 3414//3414
f 3414//3414 3498//3498 3502//3502
f 3414//3414 3502//3502 3412//3412
f 3502//3502 3501//3501 3412//3412
f 3412//3412 3501//3501 3505//3505
f 3412//3412 3505//3505 3410//3410
f 3505//3505 3504//3504 3410//3410
f 3410//3410 3504//3504 3508//3508
f 3410//3410 3508//3508 3408//3408
f 3508//3508 3507//3507 3408//3408
f 3408//3408 3507//3507 3511//3511
f 3408//3408 3511//3511 3406//3406
f 3511//3511 3510//3510 3406//3406
f 3406//3406 3510//3510 3514//3514
f 3406//3406 3514//3514 3404//3404
f 3514//3514 3513//3513 3404//3404
f 3404//3404 3513//3513 3517//3517
f 3404//3404 3517//3517 3402//3402
f 3517//3517 3516//3516 3402//3402
f 3402//3402 3516//3516 3520//3520
f 3402//3402 3520//3520 3400//3400
f 3520//3520 3519//3519 3400//3400
f 3400//3400 3519//3519 3518//3518
f 3400//3400 3518//3518 3448//3448
f 3518//3518 3449//3449 3448//3448
f 3448//3448 3449//3449 3454//3454
f 3448//3448 3454//3454 3446//3446
f 3446//3446 3454//3454 3453//3453
f 3446//3446 3453//3453 3444//3444
f 3453//3453 3457//3457 3444//3444
f 3444//3444 3457//3457 3456//3456
f 3444//3444 3456//3456 3442//3442
f 3456//3456 3460//3460 3442//3442
f 3442//3442 3460//3460 3459//3459
f 3442//3442 3459//3459 3440//3440
f 3459//3459 3463//3463 3440//3440
f 3440//3440 3463//3463 3462//3462
f 3440//3440 3462//3462 3438//3438
f 3462//3462 3466//3466 3438//3438
f 3438//3438 3466//3466 3465//3465
f 3438//3438 3465//3465 3436//3436
f 3465//3465 3469//3469 3436//3436
f 3436//3436 3469//3469 3468//3468
f 3436//3436 3468//3468 3434//3434
f 3468//3468 3472//3472 3434//3434
f 3434//3434 3472//3472 3471//3471
f 3434//3434 3471//3471 3432//3432
f 3471//3471 3475//3475 3432//3432
f 3432//3432 3475//3475 3474//3474
f 3432//3432 3474//3474 3430//3430
f 3474//3474 3478//3478 3430//3430
f 3430//3430 3478//3478 3477//3477
f 3430//3430 3477//3477 3428//3428
f 3428//3428 3477//3477 3481//3481
f 3481//3481 3480//3480 3428//3428
f 3428//3428 3480//3480 3484//3484
f 3428//3428 3484//3484 3426//3426
f 3426//3426 3484//3484 3483//3483
f 3426//3426 3483//3483 3424//3424
f 3424//3424 3483//3483 3487//3487
f 3424//3424 3487//3487 3422//3422
f 3422//3422 3487//3487 3486//3486
f 3422//3422 3486//3486 3490//3490
f 3220//3220 3221//3221 3932//3932
f 3932//3932 3221//3221 3208//3208
f 3932//3932 3208//3208 3933//3933
f 3933//3933 3208//3208 3209//3209
f 3933//3933 3209//3209 3934//3934
f 3934//3934 3209//3209 3233//3233
f 3934//3934 3233//3233 3935//3935
f 3935//3935 3233//3233 3210//3210
f 3935//3935 3210//3210 3936//3936
f 3936//3936 3210//3210 3211//3211
f 3936//3936 3211//3211 3937//3937
f 3937//3937 3211//3211 3232//3232
f 3937//3937 3232//3232 3938//3938
f 3938//3938 3232//3232 3231//3231
f 3938//3938 3231//3231 3939//3939
f 3939//3939 3231//3231 3230//3230
f 3939//3939 3230//3230 3940//3940
f 3940//3940 3230//3230 3212//3212
f 3940//3940 3212//3212 3941//3941
f 3941//3941 3212//3212 3229//3229
f 3941//3941 3229//3229 3942//3942
f 3942//3942 3229//3229 3213//3213
f 3942//3942 3213//3213 3943//3943
f 3943//3943 3213//3213 3228//3228
f 3943//3943 3228//3228 3944//3944
f 3944//3944 3228//3228 3227//3227
f 3944//3944 3227//3227 3945//3945
f 3945//3945 3227//3227 3214//3214
f 3945//3945 3214//3214 3946//3946
f 3946//3946 3214//3214 3226//3226
f 3946//3946 3226//3226 3947//3947
f 3947//3947 3226//3226 3215//3215
f 3947//3947 3215//3215 3948//3948
f 3948//3948 3215//3215 3225//3225
f 3948//3948 3225//3225 3949//3949
f 3949//3949 3225//3225 3216//3216
f 3949//3949 3216//3216 3950//3950
f 3950//3950 3216//3216 3224//3224
f 3950//3950 3224//3224 3951//3951
f 3951//3951 3224//3224 3217//3217
f 3951//3951 3217//3217 3952//3952
f 3952//3952 3217//3217 3223//3223
f 3952//3952 3223//3223 3953//3953
f 3953//3953 3223//3223 3218//3218
f 3953//3953 3218//3218 3954//3954
f 3954//3954 3218//3218 3222//3222
f 3954//3954 3222//3222 3955//3955
f 3955//3955 3222//3222 3219//3219
f 3955//3955 3219//3219 3956//3956
f 3956//3956 3219//3219 3220//3220
f 3956//3956 3220//3220 3932//3932
f 3957//3957 3958//3958 3959//3959
f 3959//3959 3958//3958 3960//3960
f 3959//3959 3960//3960 3961//3961
f 3961//3961 3960//3960 3962//3962
f 3961//3961 3962//3962 3963//3963
f 3963//3963 3962//3962 3964//3964
f 3963//3963 3964//3964 3965//3965
f 3965//3965 3964//3964 3966//3966
f 3965//3965 3966//3966 3967//3967
f 3967//3967 3966//3966 3968//3968
f 3967//3967 3968//3968 3969//3969
f 3969//3969 3968//3968 3970//3970
f 3969//3969 3970//3970 3971//3971
f 3971//3971 3970//3970 3972//3972
f 3971//3971 3972//3972 3973//3973
f 3973//3973 3972//3972 3974//3974
f 3973//3973 3974//3974 3975//3975
f 3975//3975 3974//3974 3976//3976
f 3975//3975 3976//3976 3977//3977
f 3977//3977 3976//3976 3978//3978
f 3977//3977 3978//3978 3979//3979
f 3979//3979 3978//3978 3980//3980
f 3979//3979 3980//3980 3981//3981
f 3981//3981 3980//3980 3982//3982
f 3981//3981 3982//3982 3983//3983
f 3983//3983 3982//3982 3984//3984
f 3983//3983 3984//3984 3985//3985
f 3985//3985 3984//3984 3986//3986
f 3985//3985 3986//3986 3987//3987
f 3987//3987 3986//3986 3988//3988
f 3987//3987 3988//3988 3989//3989
f 3989//3989 3988//3988 3990//3990
f 3989//3989 3990//3990 3991//3991
f 3991//3991 3990//3990 3992//3992
f 3991//3991 3992//3992 3993//3993
f 3993//3993 3992//3992 3994//3994
f 3993//3993 3994//3994 3995//3995
f 3995//3995 3994//3994 3996//3996
f 3995//3995 3996//3996 3997//3997
f 3997//3997 3996//3996 3998//3998
f 3997//3997 3998//3998 3999//3999
f 3999//3999 3998//3998 4000//4000
f 3999//3999 4000//4000 4001//4001
f 4001//4001 4000//4000 4002//4002
f 4001//4001 4002//4002 4003//4003
f 4003//4003 4002//4002 4004//4004
f 4003//4003 4004//4004 4005//4005
f 4005//4005 4004//4004 4006//4006
f 4005//4005 4006//4006 4007//4007
f 4007//4007 4006//4006 3957//3957
f 4007//4007 3957//3957 3959//3959
f 4008//4008 4009//4009 4010//4010
f 4011//4011 4012//4012 4010//4010
f 4010//4010 4012//4012 4013//4013
f 4010//4010 4013//4013 4008//4008
f 4014//4014 4015//4015 4011//4011
f 4011//4011 4015//4015 4016//4016
f 4011//4011 4016//4016 4012//4012
f 4017//4017 4018//4018 4014//4014
f 4014//4014 4018//4018 4019//4019
f 4014//4014 4019//4019 4015//4015
f 4020//4020 4021//4021 4017//4017
f 4017//4017 4021//4021 4022//4022
f 4017//4017 4022//4022 4018//4018
f 4023//4023 4024//4024 4020//4020
f 4020//4020 4024//4024 4025//4025
f 4020//4020 4025//4025 4021//4021
f 4026//4026 4027//4027 4023//4023
f 4023//4023 4027//4027 4028//4028
f 4023//4023 4028//4028 4024//4024
f 4029//4029 4030//4030 4026//4026
f 4026//4026 4030//4030 4031//4031
f 4026//4026 4031//4031 4027//4027
f 4032//4032 4033//4033 4029//4029
f 4029//4029 4033//4033 4034//4034
f 4029//4029 4034//4034 4030//4030
f 4035//4035 4036//4036 4032//4032
f 4032//4032 4036//4036 4037//4037
f 4032//4032 4037//4037 4033//4033
f 4038//4038 4039//4039 4035//4035
f 4035//4035 4039//4039 4040//4040
f 4035//4035 4040//4040 4036//4036
f 4041//4041 4042//4042 4038//4038
f 4038//4038 4042//4042 4043//4043
f 4038//4038 4043//4043 4039//4039
f 4044//4044 4045//4045 4041//4041
f 4041//4041 4045//4045 4046//4046
f 4041//4041 4046//4046 4042//4042
f 4047//4047 4048//4048 4044//4044
f 4044//4044 4048//4048 4049//4049
f 4044//4044 4049//4049 4045//4045
f 4050//4050 4051//4051 4047//4047
f 4047//4047 4051//4051 4052//4052
f 4047//4047 4052//4052 4048//4048
f 4053//4053 4054//4054 4050//4050
f 4050//4050 4054//4054 4055//4055
f 4050//4050 4055//4055 4051//4051
f 4056//4056 4057//4057 4053//4053
f 4053//4053 4057//4057 4058//4058
f 4053//4053 4058//4058 4054//4054
f 4059//4059 4060//4060 4056//4056
f 4056//4056 4060//4060 4061//4061
f 4056//4056 4061//4061 4057//4057
f 4062//4062 4063//4063 4059//4059
f 4059//4059 4063//4063 4064//4064
f 4059//4059 4064//4064 4060//4060
f 4065//4065 4066//4066 4062//4062
f 4062//4062 4066//4066 4067//4067
f 4062//4062 4067//4067 4063//4063
f 4068//4068 4069//4069 4065//4065
f 4065//4065 4069//4069 4070//4070
f 4065//4065 4070//4070 4066//4066
f 4071//4071 4072//4072 4068//4068
f 4068//4068 4072//4072 4073//4073
f 4068//4068 4073//4073 4069//4069
f 4074//4074 4075//4075 4071//4071
f 4071//4071 4075//4075 4076//4076
f 4071//4071 4076//4076 4072//4072
f 4008//4008 4077//4077 4009//4009
f 4009//4009 4077//4077 4078//4078
f 4009//4009 4078//4078 4074//4074
f 4074//4074 4078//4078 4079//4079
f 4074//4074 4079//4079 4075//4075
f 4062//4062 4080//4080 4065//4065
f 4065//4065 4080//4080 4081//4081
f 4065//4065 4081//4081 4068//4068
f 4068//4068 4081//4081 4082//4082
f 4068//4068 4082//4082 4071//4071
f 4071//4071 4082//4082 4083//4083
f 4071//4071 4083//4083 4074//4074
f 4074//4074 4083//4083 4084//4084
f 4074//4074 4084//4084 4009//4009
f 4009//4009 4084//4084 4085//4085
f 4009//4009 4085//4085 4010//4010
f 4085//4085 4086//4086 4010//4010
f 4010//4010 4086//4086 4087//4087
f 4010//4010 4087//4087 4011//4011
f 4011//4011 4087//4087 4088//4088
f 4011//4011 4088//4088 4014//4014
f 4014//4014 4088//4088 4089//4089
f 4014//4014 4089//4089 4017//4017
f 4017//4017 4089//4089 4090//4090
f 4017//4017 4090//4090 4020//4020
f 4020//4020 4090//4090 4091//4091
f 4020//4020 4091//4091 4023//4023
f 4023//4023 4091//4091 4092//4092
f 4023//4023 4092//4092 4026//4026
f 4026//4026 4092//4092 4093//4093
f 4026//4026 4093//4093 4029//4029
f 4029//4029 4093//4093 4094//4094
f 4029//4029 4094//4094 4032//4032
f 4032//4032 4094//4094 4095//4095
f 4032//4032 4095//4095 4035//4035
f 4035//4035 4095//4095 4096//4096
f 4035//4035 4096//4096 4038//4038
f 4038//4038 4096//4096 4097//4097
f 4038//4038 4097//4097 4041//4041
f 4041//4041 4097//4097 4098//4098
f 4041//4041 4098//4098 4044//4044
f 4044//4044 4098//4098 4099//4099
f 4044//4044 4099//4099 4047//4047
f 4047//4047 4099//4099 4100//4100
f 4047//4047 4100//4100 4050//4050
f 4050//4050 4100//4100 4101//4101
f 4050//4050 4101//4101 4053//4053
f 4053//4053 4101//4101 4102//4102
f 4053//4053 4102//4102 4056//4056
f 4056//4056 4102//4102 4103//4103
f 4056//4056 4103//4103 4059//4059
f 4059//4059 4103//4103 4104//4104
f 4059//4059 4104//4104 4062//4062
f 4062//4062 4104//4104 4105//4105
f 4062//4062 4105//4105 4080//4080
f 3949//3949 3950//3950 4106//4106
f 4106//4106 4107//4107 3949//3949
f 3949//3949 4107//4107 4108//4108
f 3949//3949 4108//4108 3948//3948
f 4108//4108 4109//4109 3948//3948
f 3948//3948 4109//4109 4110//4110
f 3948//3948 4110//4110 3947//3947
f 4110//4110 4111//4111 3947//3947
f 3947//3947 4111//4111 4112//4112
f 3947//3947 4112//4112 3946//3946
f 4112//4112 4113//4113 3946//3946
f 3946//3946 4113//4113 4114//4114
f 3946//3946 4114//4114 3945//3945
f 4114//4114 4115//4115 3945//3945
f 3945//3945 4115//4115 4116//4116
f 3945//3945 4116//4116 3944//3944
f 4116//4116 4117//4117 3944//3944
f 3944//3944 4117//4117 4118//4118
f 3944//3944 4118//4118 3943//3943
f 4118//4118 4119//4119 3943//3943
f 3943//3943 4119//4119 4120//4120
f 3943//3943 4120//4120 3942//3942
f 4120//4120 4121//4121 3942//3942
f 3942//3942 4121//4121 4122//4122
f 3942//3942 4122//4122 3941//3941
f 4122//4122 4123//4123 3941//3941
f 3941//3941 4123//4123 4124//4124
f 3941//3941 4124//4124 3940//3940
f 4124//4124 4125//4125 3940//3940
f 3940//3940 4125//4125 4126//4126
f 3940//3940 4126//4126 3939//3939
f 4126//4126 4127//4127 3939//3939
f 3939//3939 4127//4127 4128//4128
f 3939//3939 4128//4128 3938//3938
f 4128//4128 4129//4129 3938//3938
f 3938//3938 4129//4129 4130//4130
f 3938//3938 4130//4130 3937//3937
f 4130//4130 4131//4131 3937//3937
f 3937//3937 4131//4131 4132//4132
f 3937//3937 4132//4132 3936//3936
f 4132//4132 4133//4133 3936//3936
f 3936//3936 4133//4133 4134//4134
f 3936//3936 4134//4134 3935//3935
f 4134//4134 4135//4135 3935//3935
f 3935//3935 4135//4135 4136//4136
f 3935//3935 4136//4136 3934//3934
f 4136//4136 4137//4137 3934//3934
f 3934//3934 4137//4137 4138//4138
f 3934//3934 4138//4138 3933//3933
f 4138//4138 4139//4139 3933//3933
f 3933//3933 4139//4139 4140//4140
f 3933//3933 4140//4140 3932//3932
f 4140//4140 4141//4141 3932//3932
f 3932//3932 4141//4141 4142//4142
f 3932//3932 4142//4142 3956//3956
f 4142//4142 4143//4143 3956//3956
f 3956//3956 4143//4143 4144//4144
f 3956//3956 4144//4144 3955//3955
f 4144//4144 4145//4145 3955//3955
f 3955//3955 4145//4145 4146//4146
f 3955//3955 4146//4146 3954//3954
f 4146//4146 4147//4147 3954//3954
f 3954//3954 4147//4147 4148//4148
f 3954//3954 4148//4148 3953//3953
f 4148//4148 4149//4149 3953//3953
f 3953//3953 4149//4149 4150//4150
f 3953//3953 4150//4150 3952//3952
f 4150//4150 4151//4151 3952//3952
f 3952//3952 4151//4151 4152//4152
f 3952//3952 4152//4152 3951//3951
f 4152//4152 4153//4153 3951//3951
f 3951//3951 4153//4153 4154//4154
f 3951//3951 4154//4154 3950//3950
f 3950//3950 4154//4154 4155//4155
f 3950//3950 4155//4155 4106//4106
f 3258//3258 4156//4156 3257//3257
f 3257//3257 4156//4156 4157//4157
f 3257//3257 4157//4157 3256//3256
f 3256//3256 4157//4157 4158//4158
f 3256//3256 4158//4158 3255//3255
f 3255//3255 4158//4158 4159//4159
f 3255//3255 4159//4159 3254//3254
f 3254//3254 4159//4159 4160//4160
f 3254//3254 4160//4160 3253//3253
f 3253//3253 4160//4160 4161//4161
f 3253//3253 4161//4161 3252//3252
f 3252//3252 4161//4161 4162//4162
f 3252//3252 4162//4162 3251//3251
f 3251//3251 4162//4162 4163//4163
f 3251//3251 4163//4163 3250//3250
f 3250//3250 4163//4163 4164//4164
f 3250//3250 4164//4164 3249//3249
f 3249//3249 4164//4164 4165//4165
f 3249//3249 4165//4165 3248//3248
f 3248//3248 4165//4165 4166//4166
f 3248//3248 4166//4166 3247//3247
f 3247//3247 4166//4166 4167//4167
f 3247//3247 4167//4167 3246//3246
f 3246//3246 4167//4167 4168//4168
f 3246//3246 4168//4168 3245//3245
f 3245//3245 4168//4168 4169//4169
f 3245//3245 4169//4169 3244//3244
f 3244//3244 4169//4169 4170//4170
f 3244//3244 4170//4170 3243//3243
f 3243//3243 4170//4170 4171//4171
f 3243//3243 4171//4171 3242//3242
f 3242//3242 4171//4171 4172//4172
f 3242//3242 4172//4172 3241//3241
f 3241//3241 4172//4172 4173//4173
f 3241//3241 4173//4173 3240//3240
f 3240//3240 4173//4173 4174//4174
f 3240//3240 4174//4174 3239//3239
f 3239//3239 4174//4174 4175//4175
f 3239//3239 4175//4175 3238//3238
f 3238//3238 4175//4175 4176//4176
f 3238//3238 4176//4176 3237//3237
f 3237//3237 4176//4176 4177//4177
f 3237//3237 4177//4177 3236//3236
f 3236//3236 4177//4177 4178//4178
f 3236//3236 4178//4178 3235//3235
f 3235//3235 4178//4178 4179//4179
f 3235//3235 4179//4179 3234//3234
f 3234//3234 4179//4179 4180//4180
f 3234//3234 4180//4180 3259//3259
f 3259//3259 4180//4180 4181//4181
f 3259//3259 4181//4181 3258//3258
f 3258//3258 4181//4181 4156//4156
f 3958//3958 4182//4182 3960//3960
f 3960//3960 4182//4182 4183//4183
f 3960//3960 4183//4183 3962//3962
f 4183//4183 4184//4184 3962//3962
f 3962//3962 4184//4184 4185//4185
f 3962//3962 4185//4185 3964//3964
f 4185//4185 4186//4186 3964//3964
f 3964//3964 4186//4186 4187//4187
f 3964//3964 4187//4187 3966//3966
f 4187//4187 4188//4188 3966//3966
f 3966//3966 4188//4188 4189//4189
f 3966//3966 4189//4189 3968//3968
f 4189//4189 4190//4190 3968//3968
f 3968//3968 4190//4190 4191//4191
f 3968//3968 4191//4191 3970//3970
f 4191//4191 4192//4192 3970//3970
f 3970//3970 4192//4192 4193//4193
f 3970//3970 4193//4193 3972//3972
f 4193//4193 4194//4194 3972//3972
f 3972//3972 4194//4194 4195//4195
f 3972//3972 4195//4195 3974//3974
f 4195//4195 4196//4196 3974//3974
f 3974//3974 4196//4196 4197//4197
f 3974//3974 4197//4197 3976//3976
f 4197//4197 4198//4198 3976//3976
f 3976//3976 4198//4198 4199//4199
f 3976//3976 4199//4199 3978//3978
f 4199//4199 4200//4200 3978//3978
f 3978//3978 4200//4200 4201//4201
f 3978//3978 4201//4201 3980//3980
f 4201//4201 4202//4202 3980//3980
f 3980//3980 4202//4202 4203//4203
f 3980//3980 4203//4203 3982//3982
f 4203//4203 4204//4204 3982//3982
f 3982//3982 4204//4204 4205//4205
f 3982//3982 4205//4205 3984//3984
f 4205//4205 4206//4206 3984//3984
f 3984//3984 4206//4206 4207//4207
f 3984//3984 4207//4207 3986//3986
f 4207//4207 4208//4208 3986//3986
f 3986//3986 4208//4208 4209//4209
f 3986//3986 4209//4209 3988//3988
f 4209//4209 4210//4210 3988//3988
f 3988//3988 4210//4210 4211//4211
f 3988//3988 4211//4211 3990//3990
f 4211//4211 4212//4212 3990//3990
f 3990//3990 4212//4212 4213//4213
f 3990//3990 4213//4213 3992//3992
f 4213//4213 4214//4214 3992//3992
f 3992//3992 4214//4214 4215//4215
f 3992//3992 4215//4215 3994//3994
f 4215//4215 4216//4216 3994//3994
f 3994//3994 4216//4216 4217//4217
f 3994//3994 4217//4217 3996//3996
f 4217//4217 4218//4218 3996//3996
f 3996//3996 4218//4218 4219//4219
f 3996//3996 4219//4219 3998//3998
f 4219//4219 4220//4220 3998//3998
f 3998//3998 4220//4220 4221//4221
f 3998//3998 4221//4221 4000//4000
f 4221//4221 4222//4222 4000//4000
f 4000//4000 4222//4222 4223//4223
f 4000//4000 4223//4223 4002//4002
f 4223//4223 4224//4224 4002//4002
f 4002//4002 4224//4224 4225//4225
f 4002//4002 4225//4225 4004//4004
f 4225//4225 4226//4226 4004//4004
f 4004//4004 4226//4226 4227//4227
f 4004//4004 4227//4227 4006//4006
f 4228//4228 3957//3957 4229//4229
f 4229//4229 3957//3957 4006//4006
f 4229//4229 4006//4006 4230//4230
f 4230//4230 4006//4006 4227//4227
f 4228//4228 4231//4231 3957//3957
f 3957//3957 4231//4231 4232//4232
f 3957//3957 4232//4232 3958//3958
f 3958//3958 4232//4232 4233//4233
f 3958//3958 4233//4233 4182//4182
f 4181//4181 4180//4180 4234//4234
f 4179//4179 4235//4235 4180//4180
f 4180//4180 4235//4235 4236//4236
f 4180//4180 4236//4236 4234//4234
f 4178//4178 4237//4237 4179//4179
f 4179//4179 4237//4237 4238//4238
f 4179//4179 4238//4238 4235//4235
f 4177//4177 4239//4239 4178//4178
f 4178//4178 4239//4239 4240//4240
f 4178//4178 4240//4240 4237//4237
f 4176//4176 4241//4241 4177//4177
f 4177//4177 4241//4241 4242//4242
f 4177//4177 4242//4242 4239//4239
f 4175//4175 4243//4243 4176//4176
f 4176//4176 4243//4243 4244//4244
f 4176//4176 4244//4244 4241//4241
f 4174//4174 4245//4245 4175//4175
f 4175//4175 4245//4245 4246//4246
f 4175//4175 4246//4246 4243//4243
f 4173//4173 4247//4247 4174//4174
f 4174//4174 4247//4247 4248//4248
f 4174//4174 4248//4248 4245//4245
f 4172//4172 4249//4249 4173//4173
f 4173//4173 4249//4249 4250//4250
f 4173//4173 4250//4250 4247//4247
f 4171//4171 4251//4251 4172//4172
f 4172//4172 4251//4251 4252//4252
f 4172//4172 4252//4252 4249//4249
f 4170//4170 4253//4253 4171//4171
f 4171//4171 4253//4253 4254//4254
f 4171//4171 4254//4254 4251//4251
f 4168//4168 4255//4255 4169//4169
f 4169//4169 4255//4255 4256//4256
f 4169//4169 4256//4256 4170//4170
f 4170//4170 4256//4256 4257//4257
f 4170//4170 4257//4257 4253//4253
f 4167//4167 4258//4258 4168//4168
f 4168//4168 4258//4258 4259//4259
f 4168//4168 4259//4259 4260//4260
f 4260//4260 4261//4261 4168//4168
f 4168//4168 4261//4261 4262//4262
f 4168//4168 4262//4262 4255//4255
f 4166//4166 4263//4263 4167//4167
f 4167//4167 4263//4263 4264//4264
f 4167//4167 4264//4264 4258//4258
f 4165//4165 4265//4265 4166//4166
f 4166//4166 4265//4265 4266//4266
f 4166//4166 4266//4266 4263//4263
f 4164//4164 4267//4267 4165//4165
f 4165//4165 4267//4267 4268//4268
f 4165//4165 4268//4268 4265//4265
f 4163//4163 4269//4269 4164//4164
f 4164//4164 4269//4269 4270//4270
f 4164//4164 4270//4270 4267//4267
f 4162//4162 4271//4271 4163//4163
f 4163//4163 4271//4271 4272//4272
f 4163//4163 4272//4272 4269//4269
f 4161//4161 4273//4273 4162//4162
f 4162//4162 4273//4273 4274//4274
f 4162//4162 4274//4274 4271//4271
f 4160//4160 4275//4275 4161//4161
f 4161//4161 4275//4275 4276//4276
f 4161//4161 4276//4276 4273//4273
f 4159//4159 4277//4277 4160//4160
f 4160//4160 4277//4277 4278//4278
f 4160//4160 4278//4278 4275//4275
f 4158//4158 4279//4279 4159//4159
f 4159//4159 4279//4279 4280//4280
f 4159//4159 4280//4280 4277//4277
f 4157//4157 4281//4281 4158//4158
f 4158//4158 4281//4281 4282//4282
f 4158//4158 4282//4282 4279//4279
f 4156//4156 4283//4283 4157//4157
f 4157//4157 4283//4283 4284//4284
f 4157//4157 4284//4284 4281//4281
f 4234//4234 4285//4285 4181//4181
f 4181//4181 4285//4285 4286//4286
f 4181//4181 4286//4286 4156//4156
f 4156//4156 4286//4286 4287//4287
f 4156//4156 4287//4287 4283//4283
f 4098//4098 4130//4130 4129//4129
f 4098//4098 4129//4129 4099//4099
f 4099//4099 4129//4129 4128//4128
f 4099//4099 4128//4128 4100//4100
f 4128//4128 4127//4127 4100//4100
f 4100//4100 4127//4127 4126//4126
f 4100//4100 4126//4126 4101//4101
f 4126//4126 4125//4125 4101//4101
f 4101//4101 4125//4125 4124//4124
f 4101//4101 4124//4124 4102//4102
f 4124//4124 4123//4123 4102//4102
f 4102//4102 4123//4123 4122//4122
f 4102//4102 4122//4122 4103//4103
f 4122//4122 4121//4121 4103//4103
f 4103//4103 4121//4121 4120//4120
f 4103//4103 4120//4120 4104//4104
f 4104//4104 4120//4120 4119//4119
f 4119//4119 4118//4118 4104//4104
f 4104//4104 4118//4118 4117//4117
f 4104//4104 4117//4117 4105//4105
f 4105//4105 4117//4117 4116//4116
f 4105//4105 4116//4116 4080//4080
f 4116//4116 4115//4115 4080//4080
f 4080//4080 4115//4115 4114//4114
f 4080//4080 4114//4114 4081//4081
f 4114//4114 4113//4113 4081//4081
f 4081//4081 4113//4113 4112//4112
f 4081//4081 4112//4112 4082//4082
f 4112//4112 4111//4111 4082//4082
f 4082//4082 4111//4111 4110//4110
f 4082//4082 4110//4110 4083//4083
f 4110//4110 4109//4109 4083//4083
f 4083//4083 4109//4109 4108//4108
f 4083//4083 4108//4108 4084//4084
f 4108//4108 4107//4107 4084//4084
f 4084//4084 4107//4107 4106//4106
f 4084//4084 4106//4106 4085//4085
f 4085//4085 4106//4106 4155//4155
f 4085//4085 4155//4155 4086//4086
f 4155//4155 4154//4154 4086//4086
f 4086//4086 4154//4154 4153//4153
f 4086//4086 4153//4153 4087//4087
f 4153//4153 4152//4152 4087//4087
f 4087//4087 4152//4152 4151//4151
f 4087//4087 4151//4151 4088//4088
f 4088//4088 4151//4151 4150//4150
f 4088//4088 4150//4150 4089//4089
f 4089//4089 4150//4150 4149//4149
f 4149//4149 4148//4148 4089//4089
f 4089//4089 4148//4148 4147//4147
f 4089//4089 4147//4147 4090//4090
f 4090//4090 4147//4147 4146//4146
f 4090//4090 4146//4146 4091//4091
f 4091//4091 4146//4146 4145//4145
f 4145//4145 4144//4144 4091//4091
f 4091//4091 4144//4144 4143//4143
f 4091//4091 4143//4143 4092//4092
f 4092//4092 4143//4143 4142//4142
f 4092//4092 4142//4142 4093//4093
f 4142//4142 4141//4141 4093//4093
f 4093//4093 4141//4141 4140//4140
f 4093//4093 4140//4140 4094//4094
f 4140//4140 4139//4139 4094//4094
f 4094//4094 4139//4139 4138//4138
f 4094//4094 4138//4138 4095//4095
f 4095//4095 4138//4138 4137//4137
f 4137//4137 4136//4136 4095//4095
f 4095//4095 4136//4136 4135//4135
f 4095//4095 4135//4135 4096//4096
f 4135//4135 4134//4134 4096//4096
f 4096//4096 4134//4134 4133//4133
f 4096//4096 4133//4133 4097//4097
f 4097//4097 4133//4133 4132//4132
f 4097//4097 4132//4132 4098//4098
f 4098//4098 4132//4132 4131//4131
f 4098//4098 4131//4131 4130//4130
f 3979//3979 3981//3981 4049//4049
f 4049//4049 4048//4048 3979//3979
f 3979//3979 4048//4048 4052//4052
f 3979//3979 4052//4052 3977//3977
f 4052//4052 4051//4051 3977//3977
f 3977//3977 4051//4051 4055//4055
f 3977//3977 4055//4055 3975//3975
f 4055//4055 4054//4054 3975//3975
f 3975//3975 4054//4054 4058//4058
f 3975//3975 4058//4058 3973//3973
f 4058//4058 4057//4057 3973//3973
f 3973//3973 4057//4057 4061//4061
f 3973//3973 4061//4061 3971//3971
f 4061//4061 4060//4060 3971//3971
f 3971//3971 4060//4060 4064//4064
f 3971//3971 4064//4064 3969//3969
f 4064//4064 4063//4063 3969//3969
f 3969//3969 4063//4063 4067//4067
f 3969//3969 4067//4067 3967//3967
f 4067//4067 4066//4066 3967//3967
f 3967//3967 4066//4066 4070//4070
f 3967//3967 4070//4070 3965//3965
f 4070//4070 4069//4069 3965//3965
f 3965//3965 4069//4069 4073//4073
f 3965//3965 4073//4073 3963//3963
f 4073//4073 4072//4072 3963//3963
f 3963//3963 4072//4072 4076//4076
f 3963//3963 4076//4076 3961//3961
f 4076//4076 4075//4075 3961//3961
f 3961//3961 4075//4075 4079//4079
f 3961//3961 4079//4079 3959//3959
f 4079//4079 4078//4078 3959//3959
f 3959//3959 4078//4078 4077//4077
f 3959//3959 4077//4077 4007//4007
f 4077//4077 4008//4008 4007//4007
f 4007//4007 4008//4008 4013//4013
f 4007//4007 4013//4013 4005//4005
f 4005//4005 4013//4013 4012//4012
f 4005//4005 4012//4012 4003//4003
f 4012//4012 4016//4016 4003//4003
f 4003//4003 4016//4016 4015//4015
f 4003//4003 4015//4015 4001//4001
f 4015//4015 4019//4019 4001//4001
f 4001//4001 4019//4019 4018//4018
f 4001//4001 4018//4018 3999//3999
f 4018//4018 4022//4022 3999//3999
f 3999//3999 4022//4022 4021//4021
f 3999//3999 4021//4021 3997//3997
f 4021//4021 4025//4025 3997//3997
f 3997//3997 4025//4025 4024//4024
f 3997//3997 4024//4024 3995//3995
f 4024//4024 4028//4028 3995//3995
f 3995//3995 4028//4028 4027//4027
f 3995//3995 4027//4027 3993//3993
f 4027//4027 4031//4031 3993//3993
f 3993//3993 4031//4031 4030//4030
f 3993//3993 4030//4030 3991//3991
f 4030//4030 4034//4034 3991//3991
f 3991//3991 4034//4034 4033//4033
f 3991//3991 4033//4033 3989//3989
f 4033//4033 4037//4037 3989//3989
f 3989//3989 4037//4037 4036//4036
f 3989//3989 4036//4036 3987//3987
f 3987//3987 4036//4036 4040//4040
f 4040//4040 4039//4039 3987//3987
f 3987//3987 4039//4039 4043//4043
f 3987//3987 4043//4043 3985//3985
f 3985//3985 4043//4043 4042//4042
f 3985//3985 4042//4042 3983//3983
f 3983//3983 4042//4042 4046//4046
f 3983//3983 4046//4046 3981//3981
f 3981//3981 4046//4046 4045//4045
f 3981//3981 4045//4045 4049//4049
f 4288//4288 4289//4289 4290//4290
f 4290//4290 4289//4289 4291//4291
f 4290//4290 4291//4291 4292//4292
f 4292//4292 4291//4291 4293//4293
f 4292//4292 4293//4293 4294//4294
f 4294//4294 4293//4293 4295//4295
f 4294//4294 4295//4295 4296//4296
f 4296//4296 4295//4295 4297//4297
f 4296//4296 4297//4297 4298//4298
f 4298//4298 4297//4297 4299//4299
f 4298//4298 4299//4299 4300//4300
f 4300//4300 4299//4299 4301//4301
f 4300//4300 4301//4301 4302//4302
f 4302//4302 4301//4301 4303//4303
f 4302//4302 4303//4303 4304//4304
f 4304//4304 4303//4303 4305//4305
f 4304//4304 4305//4305 4306//4306
f 4306//4306 4305//4305 4307//4307
f 4306//4306 4307//4307 4308//4308
f 4308//4308 4307//4307 4309//4309
f 4308//4308 4309//4309 4310//4310
f 4310//4310 4309//4309 4311//4311
f 4310//4310 4311//4311 4312//4312
f 4312//4312 4311//4311 4313//4313
f 4312//4312 4313//4313 4314//4314
f 4314//4314 4313//4313 4315//4315
f 4314//4314 4315//4315 4316//4316
f 4316//4316 4315//4315 4317//4317
f 4316//4316 4317//4317 4318//4318
f 4318//4318 4317//4317 4319//4319
f 4318//4318 4319//4319 4320//4320
f 4320//4320 4319//4319 4321//4321
f 4320//4320 4321//4321 4322//4322
f 4322//4322 4321//4321 4323//4323
f 4322//4322 4323//4323 4324//4324
f 4324//4324 4323//4323 4325//4325
f 4324//4324 4325//4325 4326//4326
f 4326//4326 4325//4325 4327//4327
f 4326//4326 4327//4327 4328//4328
f 4328//4328 4327//4327 4329//4329
f 4328//4328 4329//4329 4330//4330
f 4330//4330 4329//4329 4331//4331
f 4330//4330 4331//4331 4332//4332
f 4332//4332 4331//4331 4333//4333
f 4332//4332 4333//4333 4334//4334
f 4334//4334 4333//4333 4335//4335
f 4334//4334 4335//4335 4336//4336
f 4336//4336 4335//4335 4337//4337
f 4336//4336 4337//4337 4338//4338
f 4338//4338 4337//4337 4339//4339
f 4338//4338 4339//4339 4288//4288
f 4288//4288 4339//4339 4289//4289
f 4340//4340 4341//4341 4342//4342
f 4343//4343 4344//4344 4345//4345
f 4340//4340 4346//4346 4341//4341
f 4341//4341 4346//4346 4347//4347
f 4341//4341 4347//4347 4345//4345
f 4345//4345 4347//4347 4348//4348
f 4345//4345 4348//4348 4343//4343
f 4349//4349 4350//4350 4351//4351
f 4343//4343 4352//4352 4344//4344
f 4344//4344 4352//4352 4353//4353
f 4344//4344 4353//4353 4351//4351
f 4351//4351 4353//4353 4354//4354
f 4351//4351 4354//4354 4349//4349
f 4355//4355 4356//4356 4357//4357
f 4349//4349 4358//4358 4350//4350
f 4350//4350 4358//4358 4359//4359
f 4350//4350 4359//4359 4357//4357
f 4357//4357 4359//4359 4360//4360
f 4357//4357 4360//4360 4355//4355
f 4361//4361 4362//4362 4363//4363
f 4355//4355 4364//4364 4356//4356
f 4356//4356 4364//4364 4365//4365
f 4356//4356 4365//4365 4363//4363
f 4363//4363 4365//4365 4366//4366
f 4363//4363 4366//4366 4361//4361
f 4367//4367 4368//4368 4369//4369
f 4361//4361 4370//4370 4362//4362
f 4362//4362 4370//4370 4371//4371
f 4362//4362 4371//4371 4369//4369
f 4369//4369 4371//4371 4372//4372
f 4369//4369 4372//4372 4367//4367
f 4373//4373 4374//4374 4375//4375
f 4367//4367 4376//4376 4368//4368
f 4368//4368 4376//4376 4377//4377
f 4368//4368 4377//4377 4375//4375
f 4375//4375 4377//4377 4378//4378
f 4375//4375 4378//4378 4373//4373
f 4379//4379 4380//4380 4381//4381
f 4373//4373 4382//4382 4374//4374
f 4374//4374 4382//4382 4383//4383
f 4374//4374 4383//4383 4381//4381
f 4381//4381 4383//4383 4384//4384
f 4381//4381 4384//4384 4379//4379
f 4385//4385 4386//4386 4387//4387
f 4379//4379 4388//4388 4380//4380
f 4380//4380 4388//4388 4389//4389
f 4380//4380 4389//4389 4387//4387
f 4387//4387 4389//4389 4390//4390
f 4387//4387 4390//4390 4385//4385
f 4385//4385 4391//4391 4386//4386
f 4386//4386 4391//4391 4392//4392
f 4386//4386 4392//4392 4393//4393
f 4392//4392 4394//4394 4393//4393
f 4393//4393 4394//4394 4395//4395
f 4393//4393 4395//4395 4396//4396
f 4397//4397 4398//4398 4399//4399
f 4395//4395 4400//4400 4396//4396
f 4396//4396 4400//4400 4401//4401
f 4396//4396 4401//4401 4399//4399
f 4399//4399 4401//4401 4402//4402
f 4399//4399 4402//4402 4397//4397
f 4403//4403 4404//4404 4405//4405
f 4397//4397 4406//4406 4398//4398
f 4398//4398 4406//4406 4407//4407
f 4398//4398 4407//4407 4405//4405
f 4405//4405 4407//4407 4408//4408
f 4405//4405 4408//4408 4403//4403
f 4403//4403 4409//4409 4404//4404
f 4404//4404 4409//4409 4410//4410
f 4404//4404 4410//4410 4411//4411
f 4410//4410 4412//4412 4411//4411
f 4411//4411 4412//4412 4413//4413
f 4411//4411 4413//4413 4414//4414
f 4413//4413 4415//4415 4414//4414
f 4414//4414 4415//4415 4416//4416
f 4414//4414 4416//4416 4342//4342
f 4342//4342 4416//4416 4417//4417
f 4342//4342 4417//4417 4340//4340
f 4203//4203 4406//4406 4204//4204
f 4204//4204 4406//4406 4397//4397
f 4204//4204 4397//4397 4205//4205
f 4205//4205 4397//4397 4402//4402
f 4205//4205 4402//4402 4206//4206
f 4206//4206 4402//4402 4401//4401
f 4206//4206 4401//4401 4207//4207
f 4207//4207 4401//4401 4400//4400
f 4207//4207 4400//4400 4208//4208
f 4208//4208 4400//4400 4395//4395
f 4208//4208 4395//4395 4209//4209
f 4209//4209 4395//4395 4394//4394
f 4209//4209 4394//4394 4210//4210
f 4210//4210 4394//4394 4392//4392
f 4210//4210 4392//4392 4211//4211
f 4211//4211 4392//4392 4391//4391
f 4211//4211 4391//4391 4212//4212
f 4212//4212 4391//4391 4385//4385
f 4212//4212 4385//4385 4213//4213
f 4213//4213 4385//4385 4390//4390
f 4213//4213 4390//4390 4214//4214
f 4214//4214 4390//4390 4389//4389
f 4214//4214 4389//4389 4215//4215
f 4215//4215 4389//4389 4388//4388
f 4215//4215 4388//4388 4216//4216
f 4216//4216 4388//4388 4379//4379
f 4216//4216 4379//4379 4217//4217
f 4217//4217 4379//4379 4384//4384
f 4217//4217 4384//4384 4218//4218
f 4218//4218 4384//4384 4383//4383
f 4218//4218 4383//4383 4418//4418
f 4418//4418 4383//4383 4419//4419
f 4418//4418 4419//4419 4220//4220
f 4220//4220 4419//4419 4373//4373
f 4220//4220 4373//4373 4221//4221
f 4221//4221 4373//4373 4378//4378
f 4221//4221 4378//4378 4222//4222
f 4222//4222 4378//4378 4377//4377
f 4222//4222 4377//4377 4223//4223
f 4223//4223 4377//4377 4376//4376
f 4223//4223 4376//4376 4224//4224
f 4224//4224 4376//4376 4367//4367
f 4224//4224 4367//4367 4225//4225
f 4225//4225 4367//4367 4372//4372
f 4225//4225 4372//4372 4226//4226
f 4226//4226 4372//4372 4371//4371
f 4226//4226 4371//4371 4227//4227
f 4227//4227 4371//4371 4370//4370
f 4227//4227 4370//4370 4230//4230
f 4230//4230 4370//4370 4361//4361
f 4230//4230 4361//4361 4229//4229
f 4229//4229 4361//4361 4366//4366
f 4229//4229 4366//4366 4228//4228
f 4228//4228 4366//4366 4365//4365
f 4228//4228 4365//4365 4231//4231
f 4231//4231 4365//4365 4364//4364
f 4231//4231 4364//4364 4232//4232
f 4232//4232 4364//4364 4355//4355
f 4232//4232 4355//4355 4233//4233
f 4233//4233 4355//4355 4360//4360
f 4233//4233 4360//4360 4182//4182
f 4182//4182 4360//4360 4359//4359
f 4182//4182 4359//4359 4183//4183
f 4183//4183 4359//4359 4358//4358
f 4183//4183 4358//4358 4184//4184
f 4184//4184 4358//4358 4349//4349
f 4184//4184 4349//4349 4185//4185
f 4185//4185 4349//4349 4354//4354
f 4185//4185 4354//4354 4186//4186
f 4186//4186 4354//4354 4353//4353
f 4186//4186 4353//4353 4187//4187
f 4187//4187 4353//4353 4352//4352
f 4187//4187 4352//4352 4188//4188
f 4188//4188 4352//4352 4343//4343
f 4188//4188 4343//4343 4189//4189
f 4189//4189 4343//4343 4348//4348
f 4189//4189 4348//4348 4190//4190
f 4190//4190 4348//4348 4347//4347
f 4190//4190 4347//4347 4191//4191
f 4191//4191 4347//4347 4346//4346
f 4191//4191 4346//4346 4192//4192
f 4192//4192 4346//4346 4340//4340
f 4192//4192 4340//4340 4420//4420
f 4420//4420 4340//4340 4417//4417
f 4420//4420 4417//4417 4194//4194
f 4194//4194 4417//4417 4416//4416
f 4194//4194 4416//4416 4195//4195
f 4195//4195 4416//4416 4415//4415
f 4195//4195 4415//4415 4196//4196
f 4196//4196 4415//4415 4413//4413
f 4196//4196 4413//4413 4197//4197
f 4197//4197 4413//4413 4412//4412
f 4197//4197 4412//4412 4198//4198
f 4198//4198 4412//4412 4410//4410
f 4198//4198 4410//4410 4199//4199
f 4199//4199 4410//4410 4409//4409
f 4199//4199 4409//4409 4200//4200
f 4200//4200 4409//4409 4403//4403
f 4200//4200 4403//4403 4201//4201
f 4201//4201 4403//4403 4408//4408
f 4201//4201 4408//4408 4202//4202
f 4202//4202 4408//4408 4407//4407
f 4202//4202 4407//4407 4203//4203
f 4203//4203 4407//4407 4406//4406
f 4421//4421 4422//4422 4423//4423
f 4424//4424 4425//4425 4422//4422
f 4422//4422 4425//4425 4426//4426
f 4422//4422 4426//4426 4423//4423
f 4427//4427 4428//4428 4424//4424
f 4424//4424 4428//4428 4429//4429
f 4424//4424 4429//4429 4425//4425
f 4430//4430 4431//4431 4427//4427
f 4427//4427 4431//4431 4432//4432
f 4427//4427 4432//4432 4428//4428
f 4433//4433 4434//4434 4430//4430
f 4430//4430 4434//4434 4435//4435
f 4430//4430 4435//4435 4431//4431
f 4436//4436 4437//4437 4433//4433
f 4433//4433 4437//4437 4438//4438
f 4433//4433 4438//4438 4434//4434
f 4439//4439 4440//4440 4436//4436
f 4436//4436 4440//4440 4441//4441
f 4436//4436 4441//4441 4437//4437
f 4442//4442 4443//4443 4439//4439
f 4439//4439 4443//4443 4444//4444
f 4439//4439 4444//4444 4440//4440
f 4445//4445 4446//4446 4442//4442
f 4442//4442 4446//4446 4447//4447
f 4442//4442 4447//4447 4443//4443
f 4448//4448 4449//4449 4445//4445
f 4445//4445 4449//4449 4450//4450
f 4445//4445 4450//4450 4446//4446
f 4451//4451 4452//4452 4448//4448
f 4448//4448 4452//4452 4453//4453
f 4448//4448 4453//4453 4449//4449
f 4454//4454 4455//4455 4451//4451
f 4451//4451 4455//4455 4456//4456
f 4451//4451 4456//4456 4452//4452
f 4457//4457 4458//4458 4454//4454
f 4454//4454 4458//4458 4459//4459
f 4454//4454 4459//4459 4455//4455
f 4460//4460 4461//4461 4457//4457
f 4457//4457 4461//4461 4462//4462
f 4457//4457 4462//4462 4458//4458
f 4463//4463 4464//4464 4460//4460
f 4460//4460 4464//4464 4465//4465
f 4460//4460 4465//4465 4461//4461
f 4466//4466 4467//4467 4463//4463
f 4463//4463 4467//4467 4468//4468
f 4463//4463 4468//4468 4464//4464
f 4469//4469 4470//4470 4466//4466
f 4466//4466 4470//4470 4471//4471
f 4466//4466 4471//4471 4467//4467
f 4472//4472 4473//4473 4469//4469
f 4469//4469 4473//4473 4474//4474
f 4469//4469 4474//4474 4470//4470
f 4475//4475 4476//4476 4477//4477
f 4477//4477 4476//4476 4478//4478
f 4477//4477 4478//4478 4472//4472
f 4472//4472 4478//4478 4479//4479
f 4472//4472 4479//4479 4473//4473
f 4480//4480 4481//4481 4477//4477
f 4477//4477 4481//4481 4482//4482
f 4477//4477 4482//4482 4475//4475
f 4483//4483 4484//4484 4480//4480
f 4480//4480 4484//4484 4485//4485
f 4480//4480 4485//4485 4481//4481
f 4486//4486 4487//4487 4483//4483
f 4483//4483 4487//4487 4488//4488
f 4483//4483 4488//4488 4484//4484
f 4489//4489 4490//4490 4486//4486
f 4486//4486 4490//4490 4491//4491
f 4486//4486 4491//4491 4487//4487
f 4492//4492 4493//4493 4489//4489
f 4489//4489 4493//4493 4494//4494
f 4489//4489 4494//4494 4490//4490
f 4495//4495 4496//4496 4492//4492
f 4492//4492 4496//4496 4497//4497
f 4492//4492 4497//4497 4493//4493
f 4423//4423 4498//4498 4421//4421
f 4421//4421 4498//4498 4499//4499
f 4421//4421 4499//4499 4495//4495
f 4495//4495 4499//4499 4500//4500
f 4495//4495 4500//4500 4496//4496
f 4501//4501 4502//4502 4503//4503
f 4503//4503 4502//4502 4504//4504
f 4503//4503 4504//4504 4505//4505
f 4505//4505 4504//4504 4506//4506
f 4505//4505 4506//4506 4507//4507
f 4507//4507 4506//4506 4508//4508
f 4507//4507 4508//4508 4509//4509
f 4509//4509 4508//4508 4510//4510
f 4509//4509 4510//4510 4511//4511
f 4511//4511 4510//4510 4512//4512
f 4511//4511 4512//4512 4513//4513
f 4513//4513 4512//4512 4514//4514
f 4513//4513 4514//4514 4515//4515
f 4515//4515 4514//4514 4516//4516
f 4515//4515 4516//4516 4517//4517
f 4517//4517 4516//4516 4518//4518
f 4517//4517 4518//4518 4519//4519
f 4519//4519 4518//4518 4520//4520
f 4519//4519 4520//4520 4521//4521
f 4521//4521 4520//4520 4522//4522
f 4521//4521 4522//4522 4523//4523
f 4523//4523 4522//4522 4524//4524
f 4523//4523 4524//4524 4525//4525
f 4525//4525 4524//4524 4526//4526
f 4525//4525 4526//4526 4527//4527
f 4527//4527 4526//4526 4528//4528
f 4527//4527 4528//4528 4529//4529
f 4529//4529 4528//4528 4530//4530
f 4529//4529 4530//4530 4531//4531
f 4531//4531 4530//4530 4532//4532
f 4531//4531 4532//4532 4533//4533
f 4533//4533 4532//4532 4534//4534
f 4533//4533 4534//4534 4535//4535
f 4535//4535 4534//4534 4536//4536
f 4535//4535 4536//4536 4537//4537
f 4537//4537 4536//4536 4538//4538
f 4537//4537 4538//4538 4539//4539
f 4539//4539 4538//4538 4540//4540
f 4539//4539 4540//4540 4541//4541
f 4541//4541 4540//4540 4542//4542
f 4541//4541 4542//4542 4543//4543
f 4543//4543 4542//4542 4544//4544
f 4543//4543 4544//4544 4545//4545
f 4545//4545 4544//4544 4546//4546
f 4545//4545 4546//4546 4547//4547
f 4547//4547 4546//4546 4548//4548
f 4547//4547 4548//4548 4549//4549
f 4549//4549 4548//4548 4550//4550
f 4549//4549 4550//4550 4551//4551
f 4551//4551 4550//4550 4552//4552
f 4551//4551 4552//4552 4501//4501
f 4501//4501 4552//4552 4502//4502
f 4553//4553 4503//4503 4460//4460
f 4460//4460 4503//4503 4505//4505
f 4460//4460 4505//4505 4463//4463
f 4463//4463 4505//4505 4507//4507
f 4463//4463 4507//4507 4466//4466
f 4466//4466 4507//4507 4509//4509
f 4466//4466 4509//4509 4469//4469
f 4469//4469 4509//4509 4511//4511
f 4469//4469 4511//4511 4472//4472
f 4472//4472 4511//4511 4513//4513
f 4472//4472 4513//4513 4477//4477
f 4477//4477 4513//4513 4515//4515
f 4477//4477 4515//4515 4480//4480
f 4480//4480 4515//4515 4517//4517
f 4480//4480 4517//4517 4483//4483
f 4483//4483 4517//4517 4519//4519
f 4483//4483 4519//4519 4486//4486
f 4486//4486 4519//4519 4521//4521
f 4486//4486 4521//4521 4489//4489
f 4489//4489 4521//4521 4523//4523
f 4489//4489 4523//4523 4492//4492
f 4492//4492 4523//4523 4525//4525
f 4492//4492 4525//4525 4495//4495
f 4495//4495 4525//4525 4527//4527
f 4495//4495 4527//4527 4421//4421
f 4421//4421 4527//4527 4529//4529
f 4421//4421 4529//4529 4422//4422
f 4422//4422 4529//4529 4531//4531
f 4422//4422 4531//4531 4424//4424
f 4424//4424 4531//4531 4533//4533
f 4424//4424 4533//4533 4427//4427
f 4427//4427 4533//4533 4535//4535
f 4427//4427 4535//4535 4430//4430
f 4430//4430 4535//4535 4537//4537
f 4430//4430 4537//4537 4433//4433
f 4433//4433 4537//4537 4539//4539
f 4433//4433 4539//4539 4436//4436
f 4436//4436 4539//4539 4541//4541
f 4436//4436 4541//4541 4439//4439
f 4439//4439 4541//4541 4543//4543
f 4439//4439 4543//4543 4442//4442
f 4442//4442 4543//4543 4545//4545
f 4442//4442 4545//4545 4445//4445
f 4445//4445 4545//4545 4547//4547
f 4445//4445 4547//4547 4448//4448
f 4448//4448 4547//4547 4549//4549
f 4448//4448 4549//4549 4451//4451
f 4451//4451 4549//4549 4551//4551
f 4451//4451 4551//4551 4454//4454
f 4454//4454 4551//4551 4501//4501
f 4454//4454 4501//4501 4553//4553
f 4553//4553 4501//4501 4503//4503
f 4242//4242 4428//4428 4239//4239
f 4239//4239 4428//4428 4432//4432
f 4239//4239 4432//4432 4240//4240
f 4240//4240 4432//4432 4431//4431
f 4240//4240 4431//4431 4237//4237
f 4237//4237 4431//4431 4435//4435
f 4237//4237 4435//4435 4238//4238
f 4238//4238 4435//4435 4434//4434
f 4238//4238 4434//4434 4235//4235
f 4235//4235 4434//4434 4438//4438
f 4235//4235 4438//4438 4236//4236
f 4236//4236 4438//4438 4437//4437
f 4236//4236 4437//4437 4234//4234
f 4234//4234 4437//4437 4441//4441
f 4234//4234 4441//4441 4285//4285
f 4285//4285 4441//4441 4440//4440
f 4285//4285 4440//4440 4286//4286
f 4286//4286 4440//4440 4444//4444
f 4286//4286 4444//4444 4287//4287
f 4287//4287 4444//4444 4443//4443
f 4287//4287 4443//4443 4283//4283
f 4283//4283 4443//4443 4447//4447
f 4283//4283 4447//4447 4284//4284
f 4284//4284 4447//4447 4446//4446
f 4284//4284 4446//4446 4281//4281
f 4281//4281 4446//4446 4450//4450
f 4281//4281 4450//4450 4282//4282
f 4282//4282 4450//4450 4449//4449
f 4282//4282 4449//4449 4279//4279
f 4279//4279 4449//4449 4453//4453
f 4279//4279 4453//4453 4280//4280
f 4280//4280 4453//4453 4452//4452
f 4280//4280 4452//4452 4277//4277
f 4277//4277 4452//4452 4456//4456
f 4277//4277 4456//4456 4278//4278
f 4278//4278 4456//4456 4455//4455
f 4278//4278 4455//4455 4275//4275
f 4275//4275 4455//4455 4459//4459
f 4275//4275 4459//4459 4276//4276
f 4276//4276 4459//4459 4458//4458
f 4276//4276 4458//4458 4554//4554
f 4554//4554 4458//4458 4555//4555
f 4554//4554 4555//4555 4274//4274
f 4274//4274 4555//4555 4461//4461
f 4274//4274 4461//4461 4271//4271
f 4271//4271 4461//4461 4465//4465
f 4271//4271 4465//4465 4272//4272
f 4272//4272 4465//4465 4464//4464
f 4272//4272 4464//4464 4269//4269
f 4269//4269 4464//4464 4468//4468
f 4269//4269 4468//4468 4270//4270
f 4270//4270 4468//4468 4467//4467
f 4270//4270 4467//4467 4267//4267
f 4267//4267 4467//4467 4471//4471
f 4267//4267 4471//4471 4268//4268
f 4268//4268 4471//4471 4470//4470
f 4268//4268 4470//4470 4265//4265
f 4265//4265 4470//4470 4474//4474
f 4265//4265 4474//4474 4266//4266
f 4266//4266 4474//4474 4473//4473
f 4266//4266 4473//4473 4263//4263
f 4263//4263 4473//4473 4479//4479
f 4263//4263 4479//4479 4264//4264
f 4264//4264 4479//4479 4478//4478
f 4264//4264 4478//4478 4258//4258
f 4258//4258 4478//4478 4476//4476
f 4258//4258 4476//4476 4259//4259
f 4259//4259 4476//4476 4475//4475
f 4259//4259 4475//4475 4260//4260
f 4260//4260 4475//4475 4482//4482
f 4260//4260 4482//4482 4261//4261
f 4261//4261 4482//4482 4481//4481
f 4261//4261 4481//4481 4262//4262
f 4262//4262 4481//4481 4485//4485
f 4262//4262 4485//4485 4255//4255
f 4255//4255 4485//4485 4484//4484
f 4255//4255 4484//4484 4256//4256
f 4256//4256 4484//4484 4488//4488
f 4256//4256 4488//4488 4257//4257
f 4257//4257 4488//4488 4487//4487
f 4257//4257 4487//4487 4253//4253
f 4253//4253 4487//4487 4491//4491
f 4253//4253 4491//4491 4254//4254
f 4254//4254 4491//4491 4490//4490
f 4254//4254 4490//4490 4251//4251
f 4251//4251 4490//4490 4494//4494
f 4251//4251 4494//4494 4252//4252
f 4252//4252 4494//4494 4493//4493
f 4252//4252 4493//4493 4249//4249
f 4249//4249 4493//4493 4497//4497
f 4249//4249 4497//4497 4250//4250
f 4250//4250 4497//4497 4496//4496
f 4250//4250 4496//4496 4247//4247
f 4247//4247 4496//4496 4500//4500
f 4247//4247 4500//4500 4248//4248
f 4248//4248 4500//4500 4499//4499
f 4248//4248 4499//4499 4556//4556
f 4556//4556 4499//4499 4498//4498
f 4556//4556 4498//4498 4246//4246
f 4246//4246 4498//4498 4423//4423
f 4246//4246 4423//4423 4243//4243
f 4243//4243 4423//4423 4426//4426
f 4243//4243 4426//4426 4244//4244
f 4244//4244 4426//4426 4425//4425
f 4244//4244 4425//4425 4241//4241
f 4241//4241 4425//4425 4429//4429
f 4241//4241 4429//4429 4242//4242
f 4242//4242 4429//4429 4428//4428
f 4307//4307 4506//4506 4309//4309
f 4309//4309 4506//4506 4504//4504
f 4309//4309 4504//4504 4311//4311
f 4311//4311 4504//4504 4502//4502
f 4311//4311 4502//4502 4313//4313
f 4313//4313 4502//4502 4552//4552
f 4313//4313 4552//4552 4315//4315
f 4315//4315 4552//4552 4550//4550
f 4315//4315 4550//4550 4317//4317
f 4317//4317 4550//4550 4548//4548
f 4317//4317 4548//4548 4319//4319
f 4319//4319 4548//4548 4546//4546
f 4319//4319 4546//4546 4321//4321
f 4321//4321 4546//4546 4544//4544
f 4321//4321 4544//4544 4323//4323
f 4323//4323 4544//4544 4542//4542
f 4323//4323 4542//4542 4325//4325
f 4325//4325 4542//4542 4540//4540
f 4325//4325 4540//4540 4327//4327
f 4327//4327 4540//4540 4538//4538
f 4327//4327 4538//4538 4329//4329
f 4329//4329 4538//4538 4536//4536
f 4329//4329 4536//4536 4331//4331
f 4331//4331 4536//4536 4534//4534
f 4331//4331 4534//4534 4333//4333
f 4333//4333 4534//4534 4532//4532
f 4333//4333 4532//4532 4335//4335
f 4335//4335 4532//4532 4530//4530
f 4335//4335 4530//4530 4337//4337
f 4337//4337 4530//4530 4528//4528
f 4337//4337 4528//4528 4339//4339
f 4339//4339 4528//4528 4526//4526
f 4339//4339 4526//4526 4289//4289
f 4289//4289 4526//4526 4524//4524
f 4289//4289 4524//4524 4291//4291
f 4291//4291 4524//4524 4522//4522
f 4291//4291 4522//4522 4293//4293
f 4293//4293 4522//4522 4520//4520
f 4293//4293 4520//4520 4295//4295
f 4295//4295 4520//4520 4518//4518
f 4295//4295 4518//4518 4297//4297
f 4297//4297 4518//4518 4516//4516
f 4297//4297 4516//4516 4299//4299
f 4299//4299 4516//4516 4514//4514
f 4299//4299 4514//4514 4301//4301
f 4301//4301 4514//4514 4512//4512
f 4301//4301 4512//4512 4303//4303
f 4303//4303 4512//4512 4510//4510
f 4303//4303 4510//4510 4305//4305
f 4305//4305 4510//4510 4508//4508
f 4305//4305 4508//4508 4307//4307
f 4307//4307 4508//4508 4506//4506
f 4312//4312 4557//4557 4310//4310
f 4310//4310 4557//4557 4381//4381
f 4310//4310 4381//4381 4308//4308
f 4308//4308 4381//4381 4380//4380
f 4308//4308 4380//4380 4306//4306
f 4306//4306 4380//4380 4387//4387
f 4306//4306 4387//4387 4304//4304
f 4304//4304 4387//4387 4386//4386
f 4304//4304 4386//4386 4302//4302
f 4302//4302 4386//4386 4393//4393
f 4302//4302 4393//4393 4300//4300
f 4300//4300 4393//4393 4396//4396
f 4300//4300 4396//4396 4298//4298
f 4298//4298 4396//4396 4399//4399
f 4298//4298 4399//4399 4296//4296
f 4296//4296 4399//4399 4398//4398
f 4296//4296 4398//4398 4294//4294
f 4294//4294 4398//4398 4405//4405
f 4294//4294 4405//4405 4292//4292
f 4292//4292 4405//4405 4404//4404
f 4292//4292 4404//4404 4290//4290
f 4290//4290 4404//4404 4411//4411
f 4290//4290 4411//4411 4288//4288
f 4288//4288 4411//4411 4414//4414
f 4288//4288 4414//4414 4558//4558
f 4558//4558 4414//4414 4342//4342
f 4558//4558 4342//4342 4336//4336
f 4336//4336 4342//4342 4341//4341
f 4336//4336 4341//4341 4334//4334
f 4334//4334 4341//4341 4345//4345
f 4334//4334 4345//4345 4332//4332
f 4332//4332 4345//4345 4344//4344
f 4332//4332 4344//4344 4330//4330
f 4330//4330 4344//4344 4351//4351
f 4330//4330 4351//4351 4328//4328
f 4328//4328 4351//4351 4350//4350
f 4328//4328 4350//4350 4326//4326
f 4326//4326 4350//4350 4357//4357
f 4326//4326 4357//4357 4324//4324
f 4324//4324 4357//4357 4356//4356
f 4324//4324 4356//4356 4322//4322
f 4322//4322 4356//4356 4363//4363
f 4322//4322 4363//4363 4320//4320
f 4320//4320 4363//4363 4362//4362
f 4320//4320 4362//4362 4318//4318
f 4318//4318 4362//4362 4369//4369
f 4318//4318 4369//4369 4316//4316
f 4316//4316 4369//4369 4368//4368
f 4316//4316 4368//4368 4314//4314
f 4314//4314 4368//4368 4375//4375
f 4314//4314 4375//4375 4312//4312
f 4312//4312 4375//4375 4557//4557
f 4559//4559 4560//4560 4561//4561
f 4562//4562 4563//4563 4564//4564
f 4565//4565 4566//4566 4567//4567
f 4568//4568 4569//4569 4570//4570
f 4571//4571 4572//4572 4573//4573
f 4559//4559 4574//4574 4560//4560
f 4560//4560 4574//4574 4575//4575
f 4560//4560 4575//4575 4576//4576
f 4577//4577 4578//4578 4579//4579
f 4580//4580 4581//4581 4582//4582
f 4575//4575 4583//4583 4576//4576
f 4576//4576 4583//4583 4584//4584
f 4576//4576 4584//4584 4564//4564
f 4564//4564 4584//4584 4585//4585
f 4564//4564 4585//4585 4562//4562
f 4586//4586 4587//4587 4588//4588
f 4565//4565 4589//4589 4566//4566
f 4566//4566 4589//4589 4590//4590
f 4566//4566 4590//4590 4591//4591
f 4592//4592 4593//4593 4594//4594
f 4594//4594 4595//4595 4592//4592
f 4592//4592 4595//4595 4596//4596
f 4592//4592 4596//4596 4597//4597
f 4596//4596 4598//4598 4597//4597
f 4597//4597 4598//4598 4599//4599
f 4597//4597 4599//4599 4569//4569
f 4569//4569 4599//4599 4600//4600
f 4569//4569 4600//4600 4570//4570
f 4570//4570 4601//4601 4568//4568
f 4568//4568 4601//4601 4602//4602
f 4568//4568 4602//4602 4582//4582
f 4582//4582 4602//4602 4603//4603
f 4582//4582 4603//4603 4580//4580
f 4580//4580 4604//4604 4581//4581
f 4581//4581 4604//4604 4605//4605
f 4581//4581 4605//4605 4573//4573
f 4573//4573 4605//4605 4606//4606
f 4573//4573 4606//4606 4571//4571
f 4571//4571 4607//4607 4572//4572
f 4572//4572 4607//4607 4608//4608
f 4572//4572 4608//4608 4561//4561
f 4561//4561 4608//4608 4609//4609
f 4561//4561 4609//4609 4559//4559
f 4562//4562 4610//4610 4563//4563
f 4563//4563 4610//4610 4611//4611
f 4563//4563 4611//4611 4612//4612
f 4612//4612 4611//4611 4613//4613
f 4612//4612 4613//4613 4614//4614
f 4614//4614 4613//4613 4615//4615
f 4614//4614 4615//4615 4588//4588
f 4588//4588 4615//4615 4616//4616
f 4588//4588 4616//4616 4586//4586
f 4577//4577 4617//4617 4578//4578
f 4578//4578 4617//4617 4618//4618
f 4578//4578 4618//4618 4567//4567
f 4567//4567 4618//4618 4619//4619
f 4567//4567 4619//4619 4565//4565
f 4620//4620 4621//4621 4622//4622
f 4623//4623 4624//4624 4625//4625
f 4586//4586 4626//4626 4587//4587
f 4587//4587 4626//4626 4627//4627
f 4587//4587 4627//4627 4579//4579
f 4579//4579 4627//4627 4628//4628
f 4579//4579 4628//4628 4577//4577
f 4623//4623 4629//4629 4624//4624
f 4624//4624 4629//4629 4630//4630
f 4624//4624 4630//4630 4593//4593
f 4593//4593 4630//4630 4631//4631
f 4593//4593 4631//4631 4594//4594
f 4590//4590 4632//4632 4591//4591
f 4591//4591 4632//4632 4633//4633
f 4591//4591 4633//4633 4622//4622
f 4622//4622 4633//4633 4634//4634
f 4622//4622 4634//4634 4620//4620
f 4620//4620 4635//4635 4621//4621
f 4621//4621 4635//4635 4636//4636
f 4621//4621 4636//4636 4625//4625
f 4625//4625 4636//4636 4637//4637
f 4625//4625 4637//4637 4623//4623
f 4638//4638 4596//4596 4639//4639
f 4639//4639 4596//4596 4595//4595
f 4639//4639 4595//4595 4640//4640
f 4640//4640 4595//4595 4594//4594
f 4640//4640 4594//4594 4641//4641
f 4641//4641 4594//4594 4631//4631
f 4641//4641 4631//4631 4642//4642
f 4642//4642 4631//4631 4630//4630
f 4642//4642 4630//4630 4643//4643
f 4643//4643 4630//4630 4629//4629
f 4643//4643 4629//4629 4644//4644
f 4644//4644 4629//4629 4623//4623
f 4644//4644 4623//4623 4645//4645
f 4645//4645 4623//4623 4637//4637
f 4645//4645 4637//4637 4646//4646
f 4646//4646 4637//4637 4636//4636
f 4646//4646 4636//4636 4647//4647
f 4647//4647 4636//4636 4635//4635
f 4647//4647 4635//4635 4648//4648
f 4648//4648 4635//4635 4620//4620
f 4648//4648 4620//4620 4649//4649
f 4649//4649 4620//4620 4634//4634
f 4649//4649 4634//4634 4650//4650
f 4650//4650 4634//4634 4633//4633
f 4650//4650 4633//4633 4651//4651
f 4651//4651 4633//4633 4632//4632
f 4651//4651 4632//4632 4652//4652
f 4652//4652 4632//4632 4590//4590
f 4652//4652 4590//4590 4653//4653
f 4653//4653 4590//4590 4589//4589
f 4653//4653 4589//4589 4654//4654
f 4654//4654 4589//4589 4565//4565
f 4654//4654 4565//4565 4655//4655
f 4655//4655 4565//4565 4619//4619
f 4655//4655 4619//4619 4656//4656
f 4656//4656 4619//4619 4618//4618
f 4656//4656 4618//4618 4657//4657
f 4657//4657 4618//4618 4617//4617
f 4657//4657 4617//4617 4658//4658
f 4658//4658 4617//4617 4577//4577
f 4658//4658 4577//4577 4659//4659
f 4659//4659 4577//4577 4628//4628
f 4659//4659 4628//4628 4660//4660
f 4660//4660 4628//4628 4627//4627
f 4660//4660 4627//4627 4661//4661
f 4661//4661 4627//4627 4626//4626
f 4661//4661 4626//4626 4662//4662
f 4662//4662 4626//4626 4586//4586
f 4662//4662 4586//4586 4663//4663
f 4663//4663 4586//4586 4616//4616
f 4663//4663 4616//4616 4664//4664
f 4664//4664 4616//4616 4615//4615
f 4664//4664 4615//4615 4665//4665
f 4665//4665 4615//4615 4613//4613
f 4665//4665 4613//4613 4666//4666
f 4666//4666 4613//4613 4611//4611
f 4666//4666 4611//4611 4667//4667
f 4667//4667 4611//4611 4610//4610
f 4667//4667 4610//4610 4668//4668
f 4668//4668 4610//4610 4562//4562
f 4668//4668 4562//4562 4669//4669
f 4669//4669 4562//4562 4585//4585
f 4669//4669 4585//4585 4670//4670
f 4670//4670 4585//4585 4584//4584
f 4670//4670 4584//4584 4671//4671
f 4671//4671 4584//4584 4583//4583
f 4671//4671 4583//4583 4672//4672
f 4672//4672 4583//4583 4575//4575
f 4672//4672 4575//4575 4673//4673
f 4673//4673 4575//4575 4574//4574
f 4673//4673 4574//4574 4674//4674
f 4674//4674 4574//4574 4559//4559
f 4674//4674 4559//4559 4675//4675
f 4675//4675 4559//4559 4609//4609
f 4675//4675 4609//4609 4676//4676
f 4676//4676 4609//4609 4608//4608
f 4676//4676 4608//4608 4677//4677
f 4677//4677 4608//4608 4607//4607
f 4677//4677 4607//4607 4678//4678
f 4678//4678 4607//4607 4571//4571
f 4678//4678 4571//4571 4679//4679
f 4679//4679 4571//4571 4606//4606
f 4679//4679 4606//4606 4680//4680
f 4680//4680 4606//4606 4605//4605
f 4680//4680 4605//4605 4681//4681
f 4681//4681 4605//4605 4604//4604
f 4681//4681 4604//4604 4682//4682
f 4682//4682 4604//4604 4580//4580
f 4682//4682 4580//4580 4683//4683
f 4683//4683 4580//4580 4603//4603
f 4683//4683 4603//4603 4684//4684
f 4684//4684 4603//4603 4602//4602
f 4684//4684 4602//4602 4685//4685
f 4685//4685 4602//4602 4601//4601
f 4685//4685 4601//4601 4686//4686
f 4686//4686 4601//4601 4570//4570
f 4686//4686 4570//4570 4687//4687
f 4687//4687 4570//4570 4600//4600
f 4687//4687 4600//4600 4688//4688
f 4688//4688 4600//4600 4599//4599
f 4688//4688 4599//4599 4689//4689
f 4689//4689 4599//4599 4598//4598
f 4689//4689 4598//4598 4638//4638
f 4638//4638 4598//4598 4596//4596
f 4690//4690 4638//4638 4691//4691
f 4691//4691 4638//4638 4639//4639
f 4691//4691 4639//4639 4692//4692
f 4692//4692 4639//4639 4640//4640
f 4692//4692 4640//4640 4693//4693
f 4693//4693 4640//4640 4641//4641
f 4693//4693 4641//4641 4694//4694
f 4694//4694 4641//4641 4642//4642
f 4694//4694 4642//4642 4695//4695
f 4695//4695 4642//4642 4643//4643
f 4695//4695 4643//4643 4696//4696
f 4696//4696 4643//4643 4644//4644
f 4696//4696 4644//4644 4697//4697
f 4697//4697 4644//4644 4645//4645
f 4697//4697 4645//4645 4698//4698
f 4698//4698 4645//4645 4646//4646
f 4698//4698 4646//4646 4699//4699
f 4699//4699 4646//4646 4647//4647
f 4699//4699 4647//4647 4700//4700
f 4700//4700 4647//4647 4648//4648
f 4700//4700 4648//4648 4701//4701
f 4701//4701 4648//4648 4649//4649
f 4701//4701 4649//4649 4702//4702
f 4702//4702 4649//4649 4650//4650
f 4702//4702 4650//4650 4703//4703
f 4703//4703 4650//4650 4651//4651
f 4703//4703 4651//4651 4704//4704
f 4704//4704 4651//4651 4652//4652
f 4704//4704 4652//4652 4705//4705
f 4705//4705 4652//4652 4653//4653
f 4705//4705 4653//4653 4706//4706
f 4706//4706 4653//4653 4654//4654
f 4706//4706 4654//4654 4707//4707
f 4707//4707 4654//4654 4655//4655
f 4707//4707 4655//4655 4708//4708
f 4708//4708 4655//4655 4656//4656
f 4708//4708 4656//4656 4709//4709
f 4709//4709 4656//4656 4657//4657
f 4709//4709 4657//4657 4710//4710
f 4710//4710 4657//4657 4658//4658
f 4710//4710 4658//4658 4711//4711
f 4711//4711 4658//4658 4659//4659
f 4711//4711 4659//4659 4712//4712
f 4712//4712 4659//4659 4660//4660
f 4712//4712 4660//4660 4713//4713
f 4713//4713 4660//4660 4661//4661
f 4713//4713 4661//4661 4714//4714
f 4714//4714 4661//4661 4662//4662
f 4714//4714 4662//4662 4715//4715
f 4715//4715 4662//4662 4663//4663
f 4715//4715 4663//4663 4716//4716
f 4716//4716 4663//4663 4664//4664
f 4716//4716 4664//4664 4717//4717
f 4717//4717 4664//4664 4665//4665
f 4717//4717 4665//4665 4718//4718
f 4718//4718 4665//4665 4666//4666
f 4718//4718 4666//4666 4719//4719
f 4719//4719 4666//4666 4667//4667
f 4719//4719 4667//4667 4720//4720
f 4720//4720 4667//4667 4668//4668
f 4720//4720 4668//4668 4721//4721
f 4721//4721 4668//4668 4669//4669
f 4721//4721 4669//4669 4722//4722
f 4722//4722 4669//4669 4670//4670
f 4722//4722 4670//4670 4723//4723
f 4723//4723 4670//4670 4671//4671
f 4723//4723 4671//4671 4724//4724
f 4724//4724 4671//4671 4672//4672
f 4724//4724 4672//4672 4725//4725
f 4725//4725 4672//4672 4673//4673
f 4725//4725 4673//4673 4726//4726
f 4726//4726 4673//4673 4674//4674
f 4726//4726 4674//4674 4727//4727
f 4727//4727 4674//4674 4675//4675
f 4727//4727 4675//4675 4728//4728
f 4728//4728 4675//4675 4676//4676
f 4728//4728 4676//4676 4729//4729
f 4729//4729 4676//4676 4677//4677
f 4729//4729 4677//4677 4730//4730
f 4730//4730 4677//4677 4678//4678
f 4730//4730 4678//4678 4731//4731
f 4731//4731 4678//4678 4679//4679
f 4731//4731 4679//4679 4732//4732
f 4732//4732 4679//4679 4680//4680
f 4732//4732 4680//4680 4733//4733
f 4733//4733 4680//4680 4681//4681
f 4733//4733 4681//4681 4734//4734
f 4734//4734 4681//4681 4682//4682
f 4734//4734 4682//4682 4735//4735
f 4735//4735 4682//4682 4683//4683
f 4735//4735 4683//4683 4736//4736
f 4736//4736 4683//4683 4684//4684
f 4736//4736 4684//4684 4737//4737
f 4737//4737 4684//4684 4685//4685
f 4737//4737 4685//4685 4738//4738
f 4738//4738 4685//4685 4686//4686
f 4738//4738 4686//4686 4739//4739
f 4739//4739 4686//4686 4687//4687
f 4739//4739 4687//4687 4740//4740
f 4740//4740 4687//4687 4688//4688
f 4740//4740 4688//4688 4741//4741
f 4741//4741 4688//4688 4689//4689
f 4741//4741 4689//4689 4690//4690
f 4690//4690 4689//4689 4638//4638
f 4742//4742 4690//4690 4743//4743
f 4743//4743 4690//4690 4691//4691
f 4743//4743 4691//4691 4744//4744
f 4744//4744 4691//4691 4692//4692
f 4744//4744 4692//4692 4745//4745
f 4745//4745 4692//4692 4693//4693
f 4745//4745 4693//4693 4746//4746
f 4746//4746 4693//4693 4694//4694
f 4746//4746 4694//4694 4747//4747
f 4747//4747 4694//4694 4695//4695
f 4747//4747 4695//4695 4748//4748
f 4748//4748 4695//4695 4696//4696
f 4748//4748 4696//4696 4749//4749
f 4749//4749 4696//4696 4697//4697
f 4749//4749 4697//4697 4750//4750
f 4750//4750 4697//4697 4698//4698
f 4750//4750 4698//4698 4751//4751
f 4751//4751 4698//4698 4699//4699
f 4751//4751 4699//4699 4752//4752
f 4752//4752 4699//4699 4700//4700
f 4752//4752 4700//4700 4753//4753
f 4753//4753 4700//4700 4701//4701
f 4753//4753 4701//4701 4754//4754
f 4754//4754 4701//4701 4702//4702
f 4754//4754 4702//4702 4755//4755
f 4755//4755 4702//4702 4703//4703
f 4755//4755 4703//4703 4756//4756
f 4756//4756 4703//4703 4704//4704
f 4756//4756 4704//4704 4757//4757
f 4757//4757 4704//4704 4705//4705
f 4757//4757 4705//4705 4758//4758
f 4758//4758 4705//4705 4706//4706
f 4758//4758 4706//4706 4759//4759
f 4759//4759 4706//4706 4707//4707
f 4759//4759 4707//4707 4760//4760
f 4760//4760 4707//4707 4708//4708
f 4760//4760 4708//4708 4761//4761
f 4761//4761 4708//4708 4709//4709
f 4761//4761 4709//4709 4762//4762
f 4762//4762 4709//4709 4710//4710
f 4762//4762 4710//4710 4763//4763
f 4763//4763 4710//4710 4711//4711
f 4763//4763 4711//4711 4764//4764
f 4764//4764 4711//4711 4712//4712
f 4764//4764 4712//4712 4765//4765
f 4765//4765 4712//4712 4713//4713
f 4765//4765 4713//4713 4766//4766
f 4766//4766 4713//4713 4714//4714
f 4766//4766 4714//4714 4767//4767
f 4767//4767 4714//4714 4715//4715
f 4767//4767 4715//4715 4768//4768
f 4768//4768 4715//4715 4716//4716
f 4768//4768 4716//4716 4769//4769
f 4769//4769 4716//4716 4717//4717
f 4769//4769 4717//4717 4770//4770
f 4770//4770 4717//4717 4718//4718
f 4770//4770 4718//4718 4771//4771
f 4771//4771 4718//4718 4719//4719
f 4771//4771 4719//4719 4772//4772
f 4772//4772 4719//4719 4720//4720
f 4772//4772 4720//4720 4773//4773
f 4773//4773 4720//4720 4721//4721
f 4773//4773 4721//4721 4774//4774
f 4774//4774 4721//4721 4722//4722
f 4774//4774 4722//4722 4775//4775
f 4775//4775 4722//4722 4723//4723
f 4775//4775 4723//4723 4776//4776
f 4776//4776 4723//4723 4724//4724
f 4776//4776 4724//4724 4777//4777
f 4777//4777 4724//4724 4725//4725
f 4777//4777 4725//4725 4778//4778
f 4778//4778 4725//4725 4726//4726
f 4778//4778 4726//4726 4779//4779
f 4779//4779 4726//4726 4727//4727
f 4779//4779 4727//4727 4780//4780
f 4780//4780 4727//4727 4728//4728
f 4780//4780 4728//4728 4781//4781
f 4781//4781 4728//4728 4729//4729
f 4781//4781 4729//4729 4782//4782
f 4782//4782 4729//4729 4730//4730
f 4782//4782 4730//4730 4783//4783
f 4783//4783 4730//4730 4731//4731
f 4783//4783 4731//4731 4784//4784
f 4784//4784 4731//4731 4732//4732
f 4784//4784 4732//4732 4785//4785
f 4785//4785 4732//4732 4733//4733
f 4785//4785 4733//4733 4786//4786
f 4786//4786 4733//4733 4734//4734
f 4786//4786 4734//4734 4787//4787
f 4787//4787 4734//4734 4735//4735
f 4787//4787 4735//4735 4788//4788
f 4788//4788 4735//4735 4736//4736
f 4788//4788 4736//4736 4789//4789
f 4789//4789 4736//4736 4737//4737
f 4789//4789 4737//4737 4790//4790
f 4790//4790 4737//4737 4738//4738
f 4790//4790 4738//4738 4791//4791
f 4791//4791 4738//4738 4739//4739
f 4791//4791 4739//4739 4792//4792
f 4792//4792 4739//4739 4740//4740
f 4792//4792 4740//4740 4793//4793
f 4793//4793 4740//4740 4741//4741
f 4793//4793 4741//4741 4742//4742
f 4742//4742 4741//4741 4690//4690
f 4794//4794 4767//4767 4795//4795
f 4795//4795 4767//4767 4768//4768
f 4795//4795 4768//4768 4796//4796
f 4796//4796 4768//4768 4769//4769
f 4796//4796 4769//4769 4797//4797
f 4797//4797 4769//4769 4770//4770
f 4797//4797 4770//4770 4798//4798
f 4798//4798 4770//4770 4771//4771
f 4798//4798 4771//4771 4799//4799
f 4799//4799 4771//4771 4772//4772
f 4799//4799 4772//4772 4800//4800
f 4800//4800 4772//4772 4773//4773
f 4800//4800 4773//4773 4801//4801
f 4801//4801 4773//4773 4774//4774
f 4801//4801 4774//4774 4802//4802
f 4802//4802 4774//4774 4775//4775
f 4802//4802 4775//4775 4803//4803
f 4803//4803 4775//4775 4776//4776
f 4803//4803 4776//4776 4804//4804
f 4804//4804 4776//4776 4777//4777
f 4804//4804 4777//4777 4805//4805
f 4805//4805 4777//4777 4778//4778
f 4805//4805 4778//4778 4806//4806
f 4806//4806 4778//4778 4779//4779
f 4806//4806 4779//4779 4807//4807
f 4807//4807 4779//4779 4780//4780
f 4807//4807 4780//4780 4808//4808
f 4808//4808 4780//4780 4809//4809
f 4808//4808 4809//4809 4810//4810
f 4810//4810 4809//4809 4782//4782
f 4810//4810 4782//4782 4811//4811
f 4811//4811 4782//4782 4783//4783
f 4811//4811 4783//4783 4812//4812
f 4812//4812 4783//4783 4784//4784
f 4812//4812 4784//4784 4813//4813
f 4813//4813 4784//4784 4785//4785
f 4813//4813 4785//4785 4814//4814
f 4814//4814 4785//4785 4786//4786
f 4814//4814 4786//4786 4815//4815
f 4815//4815 4786//4786 4787//4787
f 4815//4815 4787//4787 4816//4816
f 4816//4816 4787//4787 4788//4788
f 4816//4816 4788//4788 4817//4817
f 4817//4817 4788//4788 4789//4789
f 4817//4817 4789//4789 4818//4818
f 4818//4818 4789//4789 4790//4790
f 4818//4818 4790//4790 4819//4819
f 4819//4819 4790//4790 4791//4791
f 4819//4819 4791//4791 4820//4820
f 4820//4820 4791//4791 4792//4792
f 4820//4820 4792//4792 4821//4821
f 4821//4821 4792//4792 4793//4793
f 4821//4821 4793//4793 4822//4822
f 4822//4822 4793//4793 4742//4742
f 4822//4822 4742//4742 4823//4823
f 4823//4823 4742//4742 4743//4743
f 4823//4823 4743//4743 4824//4824
f 4824//4824 4743//4743 4744//4744
f 4824//4824 4744//4744 4825//4825
f 4825//4825 4744//4744 4745//4745
f 4825//4825 4745//4745 4826//4826
f 4826//4826 4745//4745 4746//4746
f 4826//4826 4746//4746 4827//4827
f 4827//4827 4746//4746 4747//4747
f 4827//4827 4747//4747 4828//4828
f 4828//4828 4747//4747 4748//4748
f 4828//4828 4748//4748 4829//4829
f 4829//4829 4748//4748 4749//4749
f 4829//4829 4749//4749 4830//4830
f 4830//4830 4749//4749 4750//4750
f 4830//4830 4750//4750 4831//4831
f 4831//4831 4750//4750 4751//4751
f 4831//4831 4751//4751 4832//4832
f 4832//4832 4751//4751 4752//4752
f 4832//4832 4752//4752 4833//4833
f 4833//4833 4752//4752 4753//4753
f 4833//4833 4753//4753 4834//4834
f 4834//4834 4753//4753 4754//4754
f 4834//4834 4754//4754 4835//4835
f 4835//4835 4754//4754 4836//4836
f 4835//4835 4836//4836 4837//4837
f 4837//4837 4836//4836 4756//4756
f 4837//4837 4756//4756 4838//4838
f 4838//4838 4756//4756 4757//4757
f 4838//4838 4757//4757 4839//4839
f 4839//4839 4757//4757 4758//4758
f 4839//4839 4758//4758 4840//4840
f 4840//4840 4758//4758 4759//4759
f 4840//4840 4759//4759 4841//4841
f 4841//4841 4759//4759 4760//4760
f 4841//4841 4760//4760 4842//4842
f 4842//4842 4760//4760 4761//4761
f 4842//4842 4761//4761 4843//4843
f 4843//4843 4761//4761 4762//4762
f 4843//4843 4762//4762 4844//4844
f 4844//4844 4762//4762 4763//4763
f 4844//4844 4763//4763 4845//4845
f 4845//4845 4763//4763 4764//4764
f 4845//4845 4764//4764 4846//4846
f 4846//4846 4764//4764 4765//4765
f 4846//4846 4765//4765 4847//4847
f 4847//4847 4765//4765 4766//4766
f 4847//4847 4766//4766 4794//4794
f 4794//4794 4766//4766 4767//4767
f 4848//4848 4849//4849 4850//4850
f 4851//4851 4852//4852 4849//4849
f 4849//4849 4852//4852 4853//4853
f 4849//4849 4853//4853 4850//4850
f 4854//4854 4855//4855 4851//4851
f 4851//4851 4855//4855 4856//4856
f 4851//4851 4856//4856 4852//4852
f 4857//4857 4858//4858 4854//4854
f 4854//4854 4858//4858 4859//4859
f 4854//4854 4859//4859 4855//4855
f 4860//4860 4861//4861 4857//4857
f 4857//4857 4861//4861 4862//4862
f 4857//4857 4862//4862 4858//4858
f 4863//4863 4864//4864 4860//4860
f 4860//4860 4864//4864 4865//4865
f 4860//4860 4865//4865 4861//4861
f 4866//4866 4867//4867 4863//4863
f 4863//4863 4867//4867 4868//4868
f 4863//4863 4868//4868 4864//4864
f 4869//4869 4870//4870 4866//4866
f 4866//4866 4870//4870 4871//4871
f 4866//4866 4871//4871 4867//4867
f 4872//4872 4873//4873 4869//4869
f 4869//4869 4873//4873 4874//4874
f 4869//4869 4874//4874 4870//4870
f 4875//4875 4876//4876 4872//4872
f 4872//4872 4876//4876 4877//4877
f 4872//4872 4877//4877 4873//4873
f 4878//4878 4879//4879 4875//4875
f 4875//4875 4879//4879 4880//4880
f 4875//4875 4880//4880 4876//4876
f 4881//4881 4882//4882 4878//4878
f 4878//4878 4882//4882 4883//4883
f 4878//4878 4883//4883 4879//4879
f 4884//4884 4885//4885 4881//4881
f 4881//4881 4885//4885 4886//4886
f 4881//4881 4886//4886 4882//4882
f 4887//4887 4888//4888 4884//4884
f 4884//4884 4888//4888 4889//4889
f 4884//4884 4889//4889 4885//4885
f 4890//4890 4891//4891 4887//4887
f 4887//4887 4891//4891 4892//4892
f 4887//4887 4892//4892 4888//4888
f 4893//4893 4894//4894 4890//4890
f 4890//4890 4894//4894 4895//4895
f 4890//4890 4895//4895 4891//4891
f 4896//4896 4897//4897 4893//4893
f 4893//4893 4897//4897 4898//4898
f 4893//4893 4898//4898 4894//4894
f 4899//4899 4900//4900 4896//4896
f 4896//4896 4900//4900 4901//4901
f 4896//4896 4901//4901 4897//4897
f 4902//4902 4903//4903 4899//4899
f 4899//4899 4903//4903 4904//4904
f 4899//4899 4904//4904 4900//4900
f 4905//4905 4906//4906 4902//4902
f 4902//4902 4906//4906 4907//4907
f 4902//4902 4907//4907 4903//4903
f 4908//4908 4909//4909 4905//4905
f 4905//4905 4909//4909 4910//4910
f 4905//4905 4910//4910 4906//4906
f 4911//4911 4912//4912 4908//4908
f 4908//4908 4912//4912 4913//4913
f 4908//4908 4913//4913 4909//4909
f 4914//4914 4915//4915 4911//4911
f 4911//4911 4915//4915 4916//4916
f 4911//4911 4916//4916 4912//4912
f 4917//4917 4918//4918 4914//4914
f 4914//4914 4918//4918 4919//4919
f 4914//4914 4919//4919 4915//4915
f 4920//4920 4921//4921 4917//4917
f 4917//4917 4921//4921 4922//4922
f 4917//4917 4922//4922 4918//4918
f 4850//4850 4923//4923 4848//4848
f 4848//4848 4923//4923 4924//4924
f 4848//4848 4924//4924 4920//4920
f 4920//4920 4924//4924 4925//4925
f 4920//4920 4925//4925 4921//4921
f 4797//4797 4907//4907 4796//4796
f 4796//4796 4907//4907 4906//4906
f 4796//4796 4906//4906 4795//4795
f 4795//4795 4906//4906 4910//4910
f 4795//4795 4910//4910 4794//4794
f 4794//4794 4910//4910 4847//4847
f 4847//4847 4910//4910 4909//4909
f 4847//4847 4909//4909 4846//4846
f 4846//4846 4909//4909 4913//4913
f 4846//4846 4913//4913 4845//4845
f 4845//4845 4913//4913 4912//4912
f 4845//4845 4912//4912 4844//4844
f 4844//4844 4912//4912 4916//4916
f 4844//4844 4916//4916 4843//4843
f 4843//4843 4916//4916 4915//4915
f 4843//4843 4915//4915 4842//4842
f 4842//4842 4915//4915 4919//4919
f 4842//4842 4919//4919 4841//4841
f 4841//4841 4919//4919 4918//4918
f 4841//4841 4918//4918 4840//4840
f 4840//4840 4918//4918 4922//4922
f 4840//4840 4922//4922 4839//4839
f 4839//4839 4922//4922 4921//4921
f 4839//4839 4921//4921 4838//4838
f 4838//4838 4921//4921 4925//4925
f 4838//4838 4925//4925 4837//4837
f 4837//4837 4925//4925 4924//4924
f 4837//4837 4924//4924 4926//4926
f 4926//4926 4924//4924 4927//4927
f 4926//4926 4927//4927 4834//4834
f 4834//4834 4927//4927 4850//4850
f 4834//4834 4850//4850 4833//4833
f 4833//4833 4850//4850 4853//4853
f 4833//4833 4853//4853 4832//4832
f 4832//4832 4853//4853 4852//4852
f 4832//4832 4852//4852 4831//4831
f 4831//4831 4852//4852 4856//4856
f 4831//4831 4856//4856 4830//4830
f 4830//4830 4856//4856 4855//4855
f 4830//4830 4855//4855 4829//4829
f 4829//4829 4855//4855 4859//4859
f 4829//4829 4859//4859 4828//4828
f 4828//4828 4859//4859 4858//4858
f 4828//4828 4858//4858 4827//4827
f 4827//4827 4858//4858 4862//4862
f 4827//4827 4862//4862 4826//4826
f 4826//4826 4862//4862 4861//4861
f 4826//4826 4861//4861 4825//4825
f 4825//4825 4861//4861 4865//4865
f 4825//4825 4865//4865 4824//4824
f 4824//4824 4865//4865 4864//4864
f 4824//4824 4864//4864 4823//4823
f 4823//4823 4864//4864 4868//4868
f 4823//4823 4868//4868 4822//4822
f 4822//4822 4868//4868 4867//4867
f 4822//4822 4867//4867 4821//4821
f 4821//4821 4867//4867 4871//4871
f 4821//4821 4871//4871 4820//4820
f 4820//4820 4871//4871 4870//4870
f 4820//4820 4870//4870 4819//4819
f 4819//4819 4870//4870 4874//4874
f 4819//4819 4874//4874 4818//4818
f 4818//4818 4874//4874 4873//4873
f 4818//4818 4873//4873 4817//4817
f 4817//4817 4873//4873 4877//4877
f 4817//4817 4877//4877 4816//4816
f 4816//4816 4877//4877 4876//4876
f 4816//4816 4876//4876 4815//4815
f 4815//4815 4876//4876 4880//4880
f 4815//4815 4880//4880 4814//4814
f 4814//4814 4880//4880 4879//4879
f 4814//4814 4879//4879 4813//4813
f 4813//4813 4879//4879 4883//4883
f 4813//4813 4883//4883 4812//4812
f 4812//4812 4883//4883 4882//4882
f 4812//4812 4882//4882 4811//4811
f 4811//4811 4882//4882 4886//4886
f 4811//4811 4886//4886 4810//4810
f 4810//4810 4886//4886 4885//4885
f 4810//4810 4885//4885 4928//4928
f 4928//4928 4885//4885 4889//4889
f 4928//4928 4889//4889 4807//4807
f 4807//4807 4889//4889 4888//4888
f 4807//4807 4888//4888 4806//4806
f 4806//4806 4888//4888 4892//4892
f 4806//4806 4892//4892 4805//4805
f 4805//4805 4892//4892 4891//4891
f 4805//4805 4891//4891 4804//4804
f 4804//4804 4891//4891 4895//4895
f 4804//4804 4895//4895 4803//4803
f 4803//4803 4895//4895 4894//4894
f 4803//4803 4894//4894 4802//4802
f 4802//4802 4894//4894 4898//4898
f 4802//4802 4898//4898 4801//4801
f 4801//4801 4898//4898 4897//4897
f 4801//4801 4897//4897 4800//4800
f 4800//4800 4897//4897 4901//4901
f 4800//4800 4901//4901 4799//4799
f 4799//4799 4901//4901 4900//4900
f 4799//4799 4900//4900 4798//4798
f 4798//4798 4900//4900 4904//4904
f 4798//4798 4904//4904 4797//4797
f 4797//4797 4904//4904 4903//4903
f 4797//4797 4903//4903 4907//4907
f 4563//4563 4612//4612 4902//4902
f 4902//4902 4612//4612 4614//4614
f 4902//4902 4614//4614 4905//4905
f 4905//4905 4614//4614 4588//4588
f 4905//4905 4588//4588 4908//4908
f 4908//4908 4588//4588 4587//4587
f 4908//4908 4587//4587 4911//4911
f 4911//4911 4587//4587 4579//4579
f 4911//4911 4579//4579 4914//4914
f 4914//4914 4579//4579 4578//4578
f 4914//4914 4578//4578 4917//4917
f 4917//4917 4578//4578 4567//4567
f 4917//4917 4567//4567 4920//4920
f 4920//4920 4567//4567 4566//4566
f 4920//4920 4566//4566 4929//4929
f 4929//4929 4566//4566 4930//4930
f 4929//4929 4930//4930 4849//4849
f 4849//4849 4930//4930 4622//4622
f 4849//4849 4622//4622 4851//4851
f 4851//4851 4622//4622 4621//4621
f 4851//4851 4621//4621 4854//4854
f 4854//4854 4621//4621 4625//4625
f 4854//4854 4625//4625 4857//4857
f 4857//4857 4625//4625 4624//4624
f 4857//4857 4624//4624 4860//4860
f 4860//4860 4624//4624 4593//4593
f 4860//4860 4593//4593 4863//4863
f 4863//4863 4593//4593 4592//4592
f 4863//4863 4592//4592 4866//4866
f 4866//4866 4592//4592 4597//4597
f 4866//4866 4597//4597 4869//4869
f 4869//4869 4597//4597 4569//4569
f 4869//4869 4569//4569 4872//4872
f 4872//4872 4569//4569 4568//4568
f 4872//4872 4568//4568 4875//4875
f 4875//4875 4568//4568 4582//4582
f 4875//4875 4582//4582 4878//4878
f 4878//4878 4582//4582 4581//4581
f 4878//4878 4581//4581 4881//4881
f 4881//4881 4581//4581 4573//4573
f 4881//4881 4573//4573 4884//4884
f 4884//4884 4573//4573 4931//4931
f 4884//4884 4931//4931 4887//4887
f 4887//4887 4931//4931 4561//4561
f 4887//4887 4561//4561 4890//4890
f 4890//4890 4561//4561 4560//4560
f 4890//4890 4560//4560 4893//4893
f 4893//4893 4560//4560 4576//4576
f 4893//4893 4576//4576 4896//4896
f 4896//4896 4576//4576 4564//4564
f 4896//4896 4564//4564 4899//4899
f 4899//4899 4564//4564 4563//4563
f 4899//4899 4563//4563 4902//4902
