# exported from MuJoCo
v -0.003251 0.005297 0.007000
v -0.004156 0.005297 0.007000
v -0.004323 0.005297 0.006789
v -0.001993 0.005297 0.011450
v -0.002310 0.005297 0.012000
v -0.002253 0.005297 0.011000
v 0.003249 0.005297 -0.007000
v 0.004154 0.005297 -0.007000
v 0.004321 0.005297 -0.006789
v -0.004993 0.005297 -0.009550
v -0.005310 0.005297 -0.009000
v -0.005253 0.005297 -0.010000
v -0.006571 0.005297 -0.007150
v -0.006919 0.005297 -0.006870
v -0.006924 0.005297 -0.009148
v 0.005216 0.005297 0.001857
v 0.005999 0.005297 0.002309
v 0.006645 0.005297 0.003091
v -0.005217 0.005297 -0.001857
v -0.006001 0.005297 -0.002309
v -0.006647 0.005297 -0.003091
v -0.009501 0.005297 0.012500
v -0.009501 0.005297 0.009148
v -0.009001 0.005297 0.009497
v -0.006924 0.005297 0.009148
v -0.008613 0.005297 0.009693
v -0.007156 0.005297 0.010000
v -0.009001 0.005297 0.011196
v -0.008189 0.005297 0.009790
v -0.009001 0.005297 0.012500
v -0.008310 0.005297 0.012000
v -0.009001 0.005297 0.012598
v -0.007858 0.005297 0.012783
v -0.009001 0.005297 0.012804
v -0.008022 0.005297 0.014500
v -0.007608 0.005297 0.013217
v -0.007156 0.005297 0.014000
v -0.006924 0.005297 0.014500
v -0.006924 0.005297 0.014000
v -0.003980 0.005297 0.014500
v -0.001858 0.005297 0.012783
v -0.001608 0.005297 0.013217
v -0.002022 0.005297 0.014500
v -0.004144 0.005297 0.012783
v -0.003001 0.005297 0.012804
v -0.004394 0.005297 0.013217
v -0.004846 0.005297 0.014000
v -0.002013 0.005297 0.014500
v -0.001156 0.005297 0.014000
v -0.000001 0.005297 0.014500
v -0.000001 0.005297 0.014000
v 0.002020 0.005297 0.014500
v 0.001856 0.005297 0.012783
v 0.002999 0.005297 0.012804
v 0.001606 0.005297 0.013217
v 0.001154 0.005297 0.014000
v 0.004142 0.005297 0.012783
v 0.004392 0.005297 0.013217
v 0.003978 0.005297 0.014500
v 0.004844 0.005297 0.014000
v 0.006922 0.005297 0.014500
v 0.006922 0.005297 0.014000
v 0.008020 0.005297 0.014500
v 0.007154 0.005297 0.014000
v 0.007606 0.005297 0.013217
v 0.008999 0.005297 0.012804
v 0.007856 0.005297 0.012783
v 0.007154 0.005297 0.010000
v 0.006922 0.005297 0.010000
v 0.006922 0.005297 0.009148
v 0.008611 0.005297 0.009693
v 0.008999 0.005297 0.009497
v 0.009499 0.005297 0.009148
v 0.008999 0.005297 0.011196
v 0.009499 0.005297 0.012500
v 0.008999 0.005297 0.012500
v 0.008187 0.005297 0.009790
v 0.008308 0.005297 0.012000
v 0.008999 0.005297 0.012598
v 0.009499 0.005297 -0.012500
v 0.009499 0.005297 -0.009148
v 0.008999 0.005297 -0.009497
v 0.007154 0.005297 -0.010000
v 0.008999 0.005297 -0.011196
v 0.006922 0.005297 -0.009148
v 0.008187 0.005297 -0.009790
v 0.008611 0.005297 -0.009693
v 0.008999 0.005297 -0.012500
v 0.008308 0.005297 -0.012000
v 0.008999 0.005297 -0.012804
v 0.007856 0.005297 -0.012783
v 0.008020 0.005297 -0.014500
v 0.007606 0.005297 -0.013217
v 0.007154 0.005297 -0.014000
v 0.006922 0.005297 -0.014500
v 0.006922 0.005297 -0.014000
v 0.003978 0.005297 -0.014500
v 0.003249 0.005297 -0.011000
v 0.002749 0.005297 -0.011000
v 0.002308 0.005297 -0.012000
v 0.002251 0.005297 -0.011000
v 0.001991 0.005297 -0.011450
v 0.002999 0.005297 -0.012804
v 0.003747 0.005297 -0.011000
v 0.003690 0.005297 -0.012000
v 0.001856 0.005297 -0.012783
v 0.002020 0.005297 -0.014500
v 0.004844 0.005297 -0.014000
v 0.004392 0.005297 -0.013217
v 0.004142 0.005297 -0.012783
v 0.004047 0.005297 -0.011300
v 0.004037 0.005297 -0.011222
v 0.004007 0.005297 -0.011150
v 0.004007 0.005297 -0.011450
v 0.004037 0.005297 -0.011378
v 0.003825 0.005297 -0.011010
v 0.003897 0.005297 -0.011040
v 0.001961 0.005297 -0.011378
v 0.002173 0.005297 -0.011010
v 0.002101 0.005297 -0.011040
v 0.003960 0.005297 -0.011088
v 0.002039 0.005297 -0.011088
v 0.001991 0.005297 -0.011150
v 0.001951 0.005297 -0.011300
v 0.001961 0.005297 -0.011222
v -0.002751 0.005297 -0.011000
v -0.003251 0.005297 -0.011000
v -0.003692 0.005297 -0.012000
v -0.003749 0.005297 -0.011000
v -0.003001 0.005297 -0.012804
v -0.002253 0.005297 -0.011000
v -0.002310 0.005297 -0.012000
v -0.004049 0.005297 -0.011300
v -0.004039 0.005297 -0.011378
v -0.004009 0.005297 -0.011450
v -0.004144 0.005297 -0.012783
v -0.003980 0.005297 -0.014500
v 0.001606 0.005297 -0.013217
v 0.001154 0.005297 -0.014000
v -0.000001 0.005297 -0.014500
v -0.000001 0.005297 -0.014000
v -0.002013 0.005297 -0.014500
v -0.001156 0.005297 -0.014000
v -0.002022 0.005297 -0.014500
v -0.001608 0.005297 -0.013217
v -0.001858 0.005297 -0.012783
v -0.003899 0.005297 -0.011040
v -0.003961 0.005297 -0.011088
v -0.004009 0.005297 -0.011150
v -0.001953 0.005297 -0.011300
v -0.001963 0.005297 -0.011222
v -0.001993 0.005297 -0.011150
v -0.001993 0.005297 -0.011450
v -0.001963 0.005297 -0.011378
v -0.002175 0.005297 -0.011010
v -0.002103 0.005297 -0.011040
v -0.003827 0.005297 -0.011010
v -0.002040 0.005297 -0.011088
v -0.004039 0.005297 -0.011222
v -0.008613 0.005297 -0.009693
v -0.009001 0.005297 -0.009497
v -0.009501 0.005297 -0.009148
v -0.009001 0.005297 -0.011196
v -0.009501 0.005297 -0.012500
v -0.009001 0.005297 -0.012500
v -0.008189 0.005297 -0.009790
v -0.004394 0.005297 -0.013217
v -0.004846 0.005297 -0.014000
v -0.006924 0.005297 -0.014500
v -0.006924 0.005297 -0.014000
v -0.008022 0.005297 -0.014500
v -0.007156 0.005297 -0.010000
v -0.007156 0.005297 -0.014000
v -0.007608 0.005297 -0.013217
v -0.009001 0.005297 -0.012804
v -0.007858 0.005297 -0.012783
v -0.008310 0.005297 -0.012000
v -0.007185 0.005297 -0.006511
v -0.009001 0.005297 -0.006503
v -0.009501 0.005297 -0.006852
v -0.009001 0.005297 -0.001732
v -0.009501 0.005297 -0.000000
v -0.008001 0.005297 -0.001155
v -0.008001 0.005297 -0.000250
v -0.008001 0.005297 -0.000000
v -0.006913 0.005297 -0.004437
v -0.007704 0.005297 -0.003820
v -0.007181 0.005297 -0.004795
v -0.008077 0.005297 -0.004349
v -0.007349 0.005297 -0.005209
v -0.008315 0.005297 -0.004950
v -0.007408 0.005297 -0.005652
v -0.008407 0.005297 -0.005590
v -0.007352 0.005297 -0.006096
v -0.008347 0.005297 -0.006234
v -0.008687 0.005297 -0.006336
v -0.001963 0.005297 -0.006622
v -0.001993 0.005297 -0.006550
v -0.004323 0.005297 -0.006789
v -0.006563 0.005297 -0.004159
v -0.007219 0.005297 -0.003393
v -0.001953 0.005297 -0.006700
v -0.003898 0.005297 -0.002250
v -0.004301 0.005297 -0.001328
v -0.004784 0.005297 -0.001607
v -0.001329 0.005297 -0.004300
v -0.002251 0.005297 -0.003897
v -0.001608 0.005297 -0.004783
v -0.002960 0.005297 -0.005125
v -0.001858 0.005297 -0.005217
v -0.002310 0.005297 -0.006000
v -0.005126 0.005297 -0.002959
v -0.004080 0.005297 -0.006414
v -0.003940 0.005297 -0.005989
v -0.006154 0.005297 -0.003979
v -0.005712 0.005297 -0.003908
v -0.005267 0.005297 -0.003951
v -0.004509 0.005297 -0.003158
v -0.004848 0.005297 -0.004106
v -0.003956 0.005297 -0.003497
v -0.004481 0.005297 -0.004361
v -0.003498 0.005297 -0.003955
v -0.004191 0.005297 -0.004702
v -0.003159 0.005297 -0.004508
v -0.003997 0.005297 -0.005105
v -0.003911 0.005297 -0.005543
v 0.009499 0.005297 -0.006852
v 0.009499 0.005297 -0.000000
v 0.008999 0.005297 -0.001732
v 0.005999 0.005297 -0.002309
v 0.006645 0.005297 -0.003091
v 0.007999 0.005297 -0.001155
v 0.007999 0.005297 -0.000250
v 0.007999 0.005297 -0.000000
v 0.008345 0.005297 -0.006234
v 0.007184 0.005297 -0.006511
v 0.008685 0.005297 -0.006336
v 0.008999 0.005297 -0.006503
v 0.007703 0.005297 -0.003820
v 0.006911 0.005297 -0.004437
v 0.008075 0.005297 -0.004349
v 0.007179 0.005297 -0.004795
v 0.008313 0.005297 -0.004950
v 0.007348 0.005297 -0.005209
v 0.008405 0.005297 -0.005590
v 0.007406 0.005297 -0.005652
v 0.007350 0.005297 -0.006096
v 0.004783 0.005297 -0.001607
v 0.004299 0.005297 -0.001328
v 0.003896 0.005297 -0.002250
v 0.005216 0.005297 -0.001857
v 0.005124 0.005297 -0.002959
v 0.001856 0.005297 -0.005217
v 0.002308 0.005297 -0.006000
v 0.002958 0.005297 -0.005125
v 0.004078 0.005297 -0.006414
v 0.001991 0.005297 -0.006550
v 0.001961 0.005297 -0.006622
v 0.001951 0.005297 -0.006700
v 0.005710 0.005297 -0.003908
v 0.006152 0.005297 -0.003979
v 0.007217 0.005297 -0.003393
v 0.006561 0.005297 -0.004159
v 0.001606 0.005297 -0.004783
v 0.002249 0.005297 -0.003897
v 0.001327 0.005297 -0.004300
v 0.003938 0.005297 -0.005989
v 0.003910 0.005297 -0.005543
v 0.003157 0.005297 -0.004508
v 0.003995 0.005297 -0.005105
v 0.003496 0.005297 -0.003955
v 0.004189 0.005297 -0.004702
v 0.003954 0.005297 -0.003497
v 0.004479 0.005297 -0.004361
v 0.004507 0.005297 -0.003158
v 0.004846 0.005297 -0.004106
v 0.005265 0.005297 -0.003951
v -0.006001 0.005297 0.002309
v -0.006647 0.005297 0.003091
v -0.008001 0.005297 0.001155
v -0.009001 0.005297 0.001732
v -0.008001 0.005297 0.000250
v -0.009501 0.005297 0.006852
v -0.009001 0.005297 0.006503
v -0.007185 0.005297 0.006511
v -0.008687 0.005297 0.006336
v -0.008347 0.005297 0.006234
v -0.007704 0.005297 0.003820
v -0.006913 0.005297 0.004437
v -0.008077 0.005297 0.004349
v -0.007181 0.005297 0.004795
v -0.008315 0.005297 0.004950
v -0.007349 0.005297 0.005209
v -0.008407 0.005297 0.005590
v -0.007408 0.005297 0.005652
v -0.007352 0.005297 0.006096
v -0.004784 0.005297 0.001607
v -0.004301 0.005297 0.001328
v -0.003898 0.005297 0.002250
v -0.005217 0.005297 0.001857
v -0.005126 0.005297 0.002959
v -0.001858 0.005297 0.005217
v -0.002310 0.005297 0.006000
v -0.002960 0.005297 0.005125
v -0.004080 0.005297 0.006414
v -0.005712 0.005297 0.003908
v -0.006154 0.005297 0.003979
v -0.007219 0.005297 0.003393
v -0.006563 0.005297 0.004159
v -0.001608 0.005297 0.004783
v -0.002251 0.005297 0.003897
v -0.001329 0.005297 0.004300
v -0.001993 0.005297 0.006550
v -0.001963 0.005297 0.006622
v -0.001953 0.005297 0.006700
v -0.003940 0.005297 0.005989
v -0.003911 0.005297 0.005543
v -0.003159 0.005297 0.004508
v -0.003997 0.005297 0.005105
v -0.003498 0.005297 0.003955
v -0.004191 0.005297 0.004702
v -0.003956 0.005297 0.003497
v -0.004481 0.005297 0.004361
v -0.004509 0.005297 0.003158
v -0.004848 0.005297 0.004106
v -0.005267 0.005297 0.003951
v 0.007184 0.005297 0.006511
v 0.008999 0.005297 0.006503
v 0.009499 0.005297 0.006852
v 0.008999 0.005297 0.001732
v 0.007999 0.005297 0.001155
v 0.007999 0.005297 0.000250
v 0.006911 0.005297 0.004437
v 0.007703 0.005297 0.003820
v 0.007179 0.005297 0.004795
v 0.008075 0.005297 0.004349
v 0.007348 0.005297 0.005209
v 0.008313 0.005297 0.004950
v 0.007406 0.005297 0.005652
v 0.008405 0.005297 0.005590
v 0.007350 0.005297 0.006096
v 0.008345 0.005297 0.006234
v 0.008685 0.005297 0.006336
v 0.001961 0.005297 0.006622
v 0.001991 0.005297 0.006550
v 0.004321 0.005297 0.006789
v 0.001951 0.005297 0.006700
v 0.006561 0.005297 0.004159
v 0.007217 0.005297 0.003393
v 0.003896 0.005297 0.002250
v 0.004299 0.005297 0.001328
v 0.004783 0.005297 0.001607
v 0.001327 0.005297 0.004300
v 0.002249 0.005297 0.003897
v 0.001606 0.005297 0.004783
v 0.002958 0.005297 0.005125
v 0.001856 0.005297 0.005217
v 0.002308 0.005297 0.006000
v 0.005124 0.005297 0.002959
v 0.004078 0.005297 0.006414
v 0.003938 0.005297 0.005989
v 0.006152 0.005297 0.003979
v 0.005710 0.005297 0.003908
v 0.005265 0.005297 0.003951
v 0.004507 0.005297 0.003158
v 0.004846 0.005297 0.004106
v 0.003954 0.005297 0.003497
v 0.004479 0.005297 0.004361
v 0.003496 0.005297 0.003955
v 0.004189 0.005297 0.004702
v 0.003157 0.005297 0.004508
v 0.003995 0.005297 0.005105
v 0.003910 0.005297 0.005543
v -0.004156 0.005297 -0.007000
v -0.003251 0.005297 -0.007000
v -0.001993 0.005297 -0.006850
v -0.001963 0.005297 -0.006778
v -0.002253 0.005297 -0.007000
v -0.002175 0.005297 -0.006990
v -0.002103 0.005297 -0.006960
v -0.002751 0.005297 -0.007000
v -0.002040 0.005297 -0.006912
v -0.007308 0.005297 -0.008400
v -0.007435 0.005297 -0.008566
v -0.007601 0.005297 -0.008693
v -0.008401 0.005297 -0.008693
v -0.008567 0.005297 -0.008566
v -0.008801 0.005297 -0.008000
v -0.008774 0.005297 -0.007793
v -0.008694 0.005297 -0.007600
v -0.008567 0.005297 -0.007434
v -0.007794 0.005297 -0.008773
v -0.008001 0.005297 -0.008800
v -0.008208 0.005297 -0.008773
v -0.008694 0.005297 -0.008400
v -0.008774 0.005297 -0.008207
v -0.007308 0.005297 -0.007600
v -0.007228 0.005297 -0.007793
v -0.007201 0.005297 -0.008000
v -0.007228 0.005297 -0.008207
v -0.008401 0.005297 -0.007307
v -0.008208 0.005297 -0.007227
v -0.008001 0.005297 -0.007200
v -0.007794 0.005297 -0.007227
v -0.007601 0.005297 -0.007307
v -0.007435 0.005297 -0.007434
v -0.004521 0.005297 -0.007634
v -0.004856 0.005297 -0.007212
v -0.005277 0.005297 -0.007365
v -0.005722 0.005297 -0.007406
v -0.006163 0.005297 -0.007332
v -0.006924 0.005297 -0.010000
v -0.006251 0.005297 -0.010000
v -0.005751 0.005297 -0.010000
v -0.005175 0.005297 -0.009990
v -0.005103 0.005297 -0.009960
v -0.005040 0.005297 -0.009912
v -0.004993 0.005297 -0.009850
v -0.004963 0.005297 -0.009778
v -0.004953 0.005297 -0.009700
v -0.004963 0.005297 -0.009622
v 0.005749 0.005297 -0.010000
v 0.006249 0.005297 -0.010000
v 0.006922 0.005297 -0.010000
v 0.005308 0.005297 -0.009000
v 0.004991 0.005297 -0.009550
v 0.005251 0.005297 -0.010000
v 0.004961 0.005297 -0.009622
v 0.004951 0.005297 -0.009700
v 0.005101 0.005297 -0.009960
v 0.005173 0.005297 -0.009990
v 0.004961 0.005297 -0.009778
v 0.004991 0.005297 -0.009850
v 0.005039 0.005297 -0.009912
v 0.006917 0.005297 -0.006870
v 0.006569 0.005297 -0.007150
v 0.006161 0.005297 -0.007332
v 0.004854 0.005297 -0.007212
v 0.004520 0.005297 -0.007634
v 0.005275 0.005297 -0.007365
v 0.005720 0.005297 -0.007406
v 0.008772 0.005297 -0.008207
v 0.008692 0.005297 -0.008400
v 0.007999 0.005297 -0.008800
v 0.007792 0.005297 -0.008773
v 0.008206 0.005297 -0.008773
v 0.007792 0.005297 -0.007227
v 0.007999 0.005297 -0.007200
v 0.008206 0.005297 -0.007227
v 0.008399 0.005297 -0.007307
v 0.008565 0.005297 -0.007434
v 0.008565 0.005297 -0.008566
v 0.008399 0.005297 -0.008693
v 0.008692 0.005297 -0.007600
v 0.008772 0.005297 -0.007793
v 0.008799 0.005297 -0.008000
v 0.007599 0.005297 -0.008693
v 0.007433 0.005297 -0.008566
v 0.007306 0.005297 -0.008400
v 0.007226 0.005297 -0.008207
v 0.007199 0.005297 -0.008000
v 0.007226 0.005297 -0.007793
v 0.007306 0.005297 -0.007600
v 0.007433 0.005297 -0.007434
v 0.007599 0.005297 -0.007307
v 0.002101 0.005297 -0.006960
v 0.002173 0.005297 -0.006990
v 0.002251 0.005297 -0.007000
v 0.001961 0.005297 -0.006778
v 0.001991 0.005297 -0.006850
v 0.002749 0.005297 -0.007000
v 0.002039 0.005297 -0.006912
v 0.004154 0.005297 0.007000
v 0.003249 0.005297 0.007000
v 0.001991 0.005297 0.006850
v 0.001961 0.005297 0.006778
v 0.002251 0.005297 0.007000
v 0.002173 0.005297 0.006990
v 0.002101 0.005297 0.006960
v 0.002749 0.005297 0.007000
v 0.002039 0.005297 0.006912
v 0.008399 0.005297 0.008693
v 0.008565 0.005297 0.008566
v 0.008772 0.005297 0.007793
v 0.008692 0.005297 0.007600
v 0.008565 0.005297 0.007434
v 0.007306 0.005297 0.008400
v 0.007433 0.005297 0.008566
v 0.007599 0.005297 0.008693
v 0.008692 0.005297 0.008400
v 0.008772 0.005297 0.008207
v 0.008799 0.005297 0.008000
v 0.007999 0.005297 0.007200
v 0.008206 0.005297 0.007227
v 0.008399 0.005297 0.007307
v 0.007792 0.005297 0.008773
v 0.007999 0.005297 0.008800
v 0.008206 0.005297 0.008773
v 0.007792 0.005297 0.007227
v 0.007599 0.005297 0.007307
v 0.006917 0.005297 0.006870
v 0.007433 0.005297 0.007434
v 0.007306 0.005297 0.007600
v 0.007226 0.005297 0.007793
v 0.007199 0.005297 0.008000
v 0.007226 0.005297 0.008207
v 0.004520 0.005297 0.007634
v 0.004854 0.005297 0.007212
v 0.005308 0.005297 0.009000
v 0.005275 0.005297 0.007365
v 0.005720 0.005297 0.007406
v 0.006161 0.005297 0.007332
v 0.006569 0.005297 0.007150
v 0.006249 0.005297 0.010000
v 0.005749 0.005297 0.010000
v 0.005251 0.005297 0.010000
v 0.004991 0.005297 0.009550
v 0.004961 0.005297 0.009622
v 0.004991 0.005297 0.009850
v 0.004961 0.005297 0.009778
v 0.004951 0.005297 0.009700
v 0.005173 0.005297 0.009990
v 0.005101 0.005297 0.009960
v 0.005039 0.005297 0.009912
v 0.003690 0.005297 0.012000
v 0.002308 0.005297 0.012000
v 0.004007 0.005297 0.011450
v 0.003747 0.005297 0.011000
v 0.003249 0.005297 0.011000
v 0.002749 0.005297 0.011000
v 0.002251 0.005297 0.011000
v 0.001991 0.005297 0.011450
v 0.001961 0.005297 0.011378
v 0.002039 0.005297 0.011088
v 0.002101 0.005297 0.011040
v 0.001991 0.005297 0.011150
v 0.001961 0.005297 0.011222
v 0.001951 0.005297 0.011300
v 0.002173 0.005297 0.011010
v 0.004037 0.005297 0.011222
v 0.004047 0.005297 0.011300
v 0.004037 0.005297 0.011378
v 0.003825 0.005297 0.011010
v 0.003897 0.005297 0.011040
v 0.004007 0.005297 0.011150
v 0.003960 0.005297 0.011088
v -0.003692 0.005297 0.012000
v -0.003749 0.005297 0.011000
v -0.003251 0.005297 0.011000
v -0.002751 0.005297 0.011000
v -0.004009 0.005297 0.011150
v -0.003961 0.005297 0.011088
v -0.003899 0.005297 0.011040
v -0.004009 0.005297 0.011450
v -0.004039 0.005297 0.011378
v -0.004049 0.005297 0.011300
v -0.004039 0.005297 0.011222
v -0.003827 0.005297 0.011010
v -0.001963 0.005297 0.011222
v -0.001953 0.005297 0.011300
v -0.001963 0.005297 0.011378
v -0.002175 0.005297 0.011010
v -0.002103 0.005297 0.011040
v -0.001993 0.005297 0.011150
v -0.002040 0.005297 0.011088
v -0.005751 0.005297 0.010000
v -0.006251 0.005297 0.010000
v -0.006924 0.005297 0.010000
v -0.004993 0.005297 0.009850
v -0.005040 0.005297 0.009912
v -0.005103 0.005297 0.009960
v -0.005310 0.005297 0.009000
v -0.004993 0.005297 0.009550
v -0.005253 0.005297 0.010000
v -0.004963 0.005297 0.009622
v -0.004953 0.005297 0.009700
v -0.004963 0.005297 0.009778
v -0.005175 0.005297 0.009990
v -0.006919 0.005297 0.006870
v -0.006571 0.005297 0.007150
v -0.006163 0.005297 0.007332
v -0.004856 0.005297 0.007212
v -0.004521 0.005297 0.007634
v -0.005277 0.005297 0.007365
v -0.005722 0.005297 0.007406
v -0.007601 0.005297 0.007307
v -0.007435 0.005297 0.007434
v -0.007308 0.005297 0.007600
v -0.007794 0.005297 0.007227
v -0.008001 0.005297 0.007200
v -0.008208 0.005297 0.007227
v -0.008401 0.005297 0.007307
v -0.008567 0.005297 0.007434
v -0.008694 0.005297 0.007600
v -0.008774 0.005297 0.008207
v -0.008801 0.005297 0.008000
v -0.008774 0.005297 0.007793
v -0.008694 0.005297 0.008400
v -0.008567 0.005297 0.008566
v -0.008401 0.005297 0.008693
v -0.007308 0.005297 0.008400
v -0.007435 0.005297 0.008566
v -0.007601 0.005297 0.008693
v -0.007228 0.005297 0.008207
v -0.007201 0.005297 0.008000
v -0.007228 0.005297 0.007793
v -0.008208 0.005297 0.008773
v -0.008001 0.005297 0.008800
v -0.007794 0.005297 0.008773
v -0.002103 0.005297 0.006960
v -0.002175 0.005297 0.006990
v -0.002253 0.005297 0.007000
v -0.001963 0.005297 0.006778
v -0.001993 0.005297 0.006850
v -0.002751 0.005297 0.007000
v -0.002040 0.005297 0.006912
v -0.000749 0.005297 -0.010000
v -0.000251 0.005297 -0.010000
v -0.000692 0.005297 -0.009000
v 0.000690 0.005297 -0.009000
v 0.001007 0.005297 -0.008450
v 0.000747 0.005297 -0.008000
v 0.000249 0.005297 -0.008000
v 0.000249 0.005297 -0.010000
v 0.000747 0.005297 -0.010000
v 0.001007 0.005297 -0.009550
v 0.001037 0.005297 -0.009622
v -0.000251 0.005297 -0.008000
v -0.000749 0.005297 -0.008000
v -0.001009 0.005297 -0.008450
v -0.001039 0.005297 -0.008378
v -0.001009 0.005297 -0.009550
v -0.001039 0.005297 -0.009622
v -0.001049 0.005297 -0.009700
v 0.001037 0.005297 -0.008378
v 0.001047 0.005297 -0.008300
v 0.000825 0.005297 -0.008010
v -0.000827 0.005297 -0.009990
v -0.000899 0.005297 -0.009960
v -0.000961 0.005297 -0.009912
v 0.001037 0.005297 -0.008222
v 0.001007 0.005297 -0.008150
v -0.001039 0.005297 -0.009778
v -0.001009 0.005297 -0.009850
v 0.000825 0.005297 -0.009990
v 0.000897 0.005297 -0.009960
v 0.000960 0.005297 -0.009912
v 0.001007 0.005297 -0.009850
v 0.001037 0.005297 -0.009778
v 0.001047 0.005297 -0.009700
v 0.000960 0.005297 -0.008088
v 0.000897 0.005297 -0.008040
v -0.001049 0.005297 -0.008300
v -0.000827 0.005297 -0.008010
v -0.000899 0.005297 -0.008040
v -0.000961 0.005297 -0.008088
v -0.001009 0.005297 -0.008150
v -0.001039 0.005297 -0.008222
v 0.001007 0.005297 0.008450
v 0.000690 0.005297 0.009000
v 0.000747 0.005297 0.008000
v -0.000749 0.005297 0.008000
v -0.000251 0.005297 0.008000
v -0.000692 0.005297 0.009000
v 0.001007 0.005297 0.009550
v 0.000747 0.005297 0.010000
v 0.000249 0.005297 0.010000
v 0.000249 0.005297 0.008000
v -0.000251 0.005297 0.010000
v -0.000749 0.005297 0.010000
v -0.001009 0.005297 0.009550
v -0.001039 0.005297 0.009622
v 0.001037 0.005297 0.009622
v 0.001047 0.005297 0.009700
v 0.000825 0.005297 0.009990
v -0.001009 0.005297 0.008450
v -0.001039 0.005297 0.008378
v -0.001049 0.005297 0.008300
v 0.001037 0.005297 0.008222
v 0.001047 0.005297 0.008300
v 0.001037 0.005297 0.008378
v 0.001037 0.005297 0.009778
v 0.001007 0.005297 0.009850
v -0.000961 0.005297 0.008088
v -0.000827 0.005297 0.008010
v -0.000899 0.005297 0.008040
v 0.000825 0.005297 0.008010
v 0.000897 0.005297 0.008040
v 0.000960 0.005297 0.008088
v 0.000960 0.005297 0.009912
v 0.000897 0.005297 0.009960
v -0.001049 0.005297 0.009700
v -0.000827 0.005297 0.009990
v -0.000899 0.005297 0.009960
v -0.001039 0.005297 0.008222
v -0.001009 0.005297 0.008150
v -0.000961 0.005297 0.009912
v -0.001009 0.005297 0.009850
v -0.001039 0.005297 0.009778
v 0.001007 0.005297 0.008150
v -0.010001 0.005797 0.012707
v -0.010001 0.005797 -0.012707
v -0.009501 0.003297 -0.014500
v -0.010001 0.004004 -0.014500
v -0.010001 0.001758 0.014500
v -0.010001 0.001758 0.017000
v -0.010001 0.004004 0.014500
v -0.010001 0.007372 0.017000
v -0.010001 0.007997 0.016376
v -0.010001 0.007997 -0.016376
v -0.010001 0.007372 -0.017000
v -0.010001 0.001758 -0.014500
v -0.010001 0.001758 -0.017000
v -0.009701 0.007497 0.017300
v -0.009701 0.001758 0.017300
v 0.001499 -0.006105 0.017300
v 0.002120 -0.006582 0.017300
v 0.001931 -0.005078 0.017300
v 0.008999 0.001389 0.017300
v 0.007784 -0.005136 0.017300
v 0.008320 -0.006082 0.017300
v -0.000777 -0.011601 0.017300
v -0.001501 -0.011301 0.017300
v -0.001933 -0.013117 0.017300
v 0.002597 -0.007203 0.017300
v 0.003757 -0.006577 0.017300
v 0.003519 -0.006509 0.017300
v 0.004320 -0.007527 0.017300
v 0.004655 -0.007155 0.017300
v 0.004246 -0.006531 0.017300
v 0.002897 -0.007927 0.017300
v 0.004005 -0.006584 0.017300
v 0.003305 -0.006385 0.017300
v 0.003128 -0.006212 0.017300
v 0.007413 -0.006653 0.017300
v 0.007440 -0.005722 0.017300
v 0.007247 -0.005848 0.017300
v 0.007030 -0.005927 0.017300
v 0.006801 -0.005953 0.017300
v 0.005999 -0.006653 0.017300
v 0.005999 -0.005953 0.017300
v 0.005540 -0.006705 0.017300
v 0.005461 -0.006006 0.017300
v 0.005070 -0.006876 0.017300
v 0.004944 -0.006164 0.017300
v 0.004467 -0.006419 0.017300
v 0.004320 -0.009880 0.017300
v 0.004085 -0.009439 0.017300
v 0.002897 -0.009480 0.017300
v 0.003964 -0.008953 0.017300
v 0.002999 -0.008703 0.017300
v 0.003964 -0.008453 0.017300
v 0.004085 -0.007968 0.017300
v 0.005999 -0.010753 0.017300
v 0.005540 -0.010701 0.017300
v 0.006978 -0.011957 0.017300
v 0.005070 -0.010531 0.017300
v 0.004655 -0.010252 0.017300
v 0.002597 -0.010203 0.017300
v 0.002120 -0.010825 0.017300
v 0.003305 -0.011022 0.017300
v 0.003519 -0.010898 0.017300
v 0.003757 -0.010830 0.017300
v 0.004005 -0.010822 0.017300
v 0.004246 -0.010876 0.017300
v 0.002470 -0.013497 0.017300
v 0.002283 -0.013172 0.017300
v 0.001931 -0.013117 0.017300
v 0.002172 -0.012951 0.017300
v 0.006607 -0.010775 0.017300
v 0.006436 -0.010753 0.017300
v 0.007128 -0.011563 0.017300
v 0.002118 -0.012709 0.017300
v 0.002125 -0.012462 0.017300
v 0.001499 -0.011301 0.017300
v 0.002193 -0.012224 0.017300
v 0.002318 -0.012009 0.017300
v 0.002491 -0.011833 0.017300
v 0.003128 -0.011195 0.017300
v 0.007080 -0.011728 0.017300
v 0.005140 -0.011316 0.017300
v 0.005353 -0.011415 0.017300
v 0.005538 -0.011562 0.017300
v 0.007020 -0.011068 0.017300
v 0.006909 -0.010937 0.017300
v 0.006768 -0.010837 0.017300
v 0.004467 -0.010987 0.017300
v 0.004792 -0.011174 0.017300
v 0.005682 -0.011747 0.017300
v 0.005780 -0.011962 0.017300
v 0.005825 -0.012193 0.017300
v 0.007097 -0.011222 0.017300
v 0.005814 -0.012428 0.017300
v 0.005748 -0.012655 0.017300
v 0.005946 -0.013595 0.017300
v 0.007133 -0.011391 0.017300
v 0.002133 -0.015472 0.017300
v 0.002232 -0.015613 0.017300
v 0.003043 -0.014387 0.017300
v 0.003024 -0.015784 0.017300
v 0.004537 -0.014924 0.017300
v 0.003950 -0.014453 0.017300
v 0.003724 -0.014518 0.017300
v 0.003489 -0.014529 0.017300
v 0.002858 -0.015832 0.017300
v 0.003257 -0.014484 0.017300
v 0.002686 -0.015838 0.017300
v 0.002518 -0.015801 0.017300
v 0.002363 -0.015725 0.017300
v 0.005632 -0.012859 0.017300
v 0.004949 -0.013653 0.017300
v 0.004155 -0.014336 0.017300
v 0.002611 -0.013844 0.017300
v 0.001997 -0.014245 0.017300
v 0.002711 -0.014057 0.017300
v 0.002049 -0.014703 0.017300
v 0.002857 -0.014242 0.017300
v 0.002049 -0.015141 0.017300
v 0.002070 -0.015312 0.017300
v 0.001176 -0.013025 0.017300
v 0.001547 -0.013360 0.017300
v 0.001827 -0.013774 0.017300
v 0.000776 -0.011601 0.017300
v -0.000251 -0.012669 0.017300
v -0.000001 -0.011703 0.017300
v 0.000249 -0.012669 0.017300
v 0.000734 -0.012790 0.017300
v -0.001999 -0.014245 0.017300
v -0.001828 -0.013774 0.017300
v -0.001549 -0.013360 0.017300
v -0.001178 -0.013025 0.017300
v -0.000736 -0.012790 0.017300
v -0.003491 -0.014529 0.017300
v -0.003726 -0.014518 0.017300
v -0.003026 -0.015784 0.017300
v -0.004539 -0.014924 0.017300
v -0.002234 -0.015613 0.017300
v -0.003045 -0.014387 0.017300
v -0.002365 -0.015725 0.017300
v -0.003259 -0.014484 0.017300
v -0.002520 -0.015801 0.017300
v -0.002688 -0.015838 0.017300
v -0.003952 -0.014453 0.017300
v -0.004157 -0.014336 0.017300
v -0.005947 -0.013595 0.017300
v -0.002134 -0.015472 0.017300
v -0.002072 -0.015312 0.017300
v -0.002859 -0.014242 0.017300
v -0.002051 -0.015141 0.017300
v -0.002713 -0.014057 0.017300
v -0.002051 -0.014703 0.017300
v -0.002613 -0.013844 0.017300
v -0.002472 -0.013497 0.017300
v -0.002860 -0.015832 0.017300
v -0.002285 -0.013172 0.017300
v -0.002174 -0.012951 0.017300
v -0.004322 -0.009880 0.017300
v -0.004657 -0.010252 0.017300
v -0.004248 -0.010876 0.017300
v -0.002599 -0.010203 0.017300
v -0.002899 -0.009480 0.017300
v -0.004469 -0.010987 0.017300
v -0.004007 -0.010822 0.017300
v -0.003759 -0.010830 0.017300
v -0.003521 -0.010898 0.017300
v -0.003307 -0.011022 0.017300
v -0.002122 -0.010825 0.017300
v -0.003130 -0.011195 0.017300
v -0.002493 -0.011833 0.017300
v -0.002319 -0.012009 0.017300
v -0.002195 -0.012224 0.017300
v -0.002127 -0.012462 0.017300
v -0.002120 -0.012709 0.017300
v -0.006770 -0.010837 0.017300
v -0.006910 -0.010937 0.017300
v -0.005684 -0.011747 0.017300
v -0.005782 -0.011962 0.017300
v -0.007082 -0.011728 0.017300
v -0.005826 -0.012193 0.017300
v -0.006980 -0.011957 0.017300
v -0.005816 -0.012428 0.017300
v -0.007099 -0.011222 0.017300
v -0.007135 -0.011391 0.017300
v -0.007130 -0.011563 0.017300
v -0.004951 -0.013653 0.017300
v -0.005634 -0.012859 0.017300
v -0.005750 -0.012655 0.017300
v -0.007022 -0.011068 0.017300
v -0.004794 -0.011174 0.017300
v -0.005072 -0.010531 0.017300
v -0.005142 -0.011316 0.017300
v -0.005542 -0.010701 0.017300
v -0.005355 -0.011415 0.017300
v -0.006001 -0.010753 0.017300
v -0.005539 -0.011562 0.017300
v -0.006438 -0.010753 0.017300
v -0.006609 -0.010775 0.017300
v -0.004322 -0.007527 0.017300
v -0.004087 -0.007968 0.017300
v -0.002899 -0.007927 0.017300
v -0.003966 -0.008453 0.017300
v -0.003001 -0.008703 0.017300
v -0.003966 -0.008953 0.017300
v -0.004087 -0.009439 0.017300
v -0.002599 -0.007203 0.017300
v -0.003759 -0.006577 0.017300
v -0.004007 -0.006584 0.017300
v -0.004657 -0.007155 0.017300
v -0.003130 -0.006212 0.017300
v -0.003307 -0.006385 0.017300
v -0.003521 -0.006509 0.017300
v -0.002493 -0.005574 0.017300
v -0.002122 -0.006582 0.017300
v -0.002319 -0.005397 0.017300
v -0.004248 -0.006531 0.017300
v -0.004469 -0.006419 0.017300
v -0.005072 -0.006876 0.017300
v -0.004946 -0.006164 0.017300
v -0.005542 -0.006705 0.017300
v -0.005463 -0.006006 0.017300
v -0.006001 -0.006653 0.017300
v -0.006001 -0.005953 0.017300
v -0.007415 -0.006653 0.017300
v -0.006803 -0.005953 0.017300
v -0.007032 -0.005927 0.017300
v -0.008081 -0.006492 0.017300
v -0.007946 -0.006580 0.017300
v -0.007601 -0.005556 0.017300
v -0.007248 -0.005848 0.017300
v -0.007442 -0.005722 0.017300
v -0.007633 -0.006653 0.017300
v -0.007794 -0.006635 0.017300
v -0.008322 -0.006082 0.017300
v -0.008274 -0.006236 0.017300
v -0.008192 -0.006375 0.017300
v -0.007718 -0.005357 0.017300
v -0.007786 -0.005136 0.017300
v -0.009621 0.000898 0.017300
v -0.009001 0.001389 0.017300
v 0.007716 -0.005357 0.017300
v 0.007599 -0.005556 0.017300
v 0.008272 -0.006236 0.017300
v 0.007792 -0.006635 0.017300
v 0.007944 -0.006580 0.017300
v 0.007632 -0.006653 0.017300
v 0.008079 -0.006492 0.017300
v 0.008190 -0.006375 0.017300
v 0.002125 -0.004945 0.017300
v 0.002118 -0.004698 0.017300
v 0.002491 -0.005574 0.017300
v 0.002318 -0.005397 0.017300
v 0.002193 -0.005183 0.017300
v 0.002172 -0.004456 0.017300
v 0.001931 0.007497 0.017300
v 0.002283 -0.004235 0.017300
v 0.002539 -0.003759 0.017300
v 0.002696 -0.003241 0.017300
v 0.002749 -0.002703 0.017300
v 0.009620 0.000898 0.017300
v 0.009699 0.001758 0.017300
v 0.008999 0.006997 0.017300
v 0.009699 0.007497 0.017300
v 0.007413 0.006997 0.017300
v 0.007413 0.007497 0.017300
v 0.002749 0.006997 0.017300
v -0.001501 -0.006105 0.017300
v -0.001933 -0.005078 0.017300
v -0.002195 -0.005183 0.017300
v -0.000777 -0.005806 0.017300
v -0.000001 -0.005703 0.017300
v 0.000776 -0.005806 0.017300
v -0.001933 0.007497 0.017300
v -0.002120 -0.004698 0.017300
v -0.002127 -0.004945 0.017300
v -0.009001 0.006997 0.017300
v -0.007415 0.007497 0.017300
v -0.007415 0.006997 0.017300
v -0.002751 0.006997 0.017300
v -0.002751 -0.002703 0.017300
v -0.002698 -0.003241 0.017300
v -0.002540 -0.003759 0.017300
v -0.002285 -0.004235 0.017300
v -0.002174 -0.004456 0.017300
v 0.001749 -0.002703 0.017300
v 0.001689 -0.003156 0.017300
v -0.000876 -0.004219 0.017300
v -0.001238 -0.003941 0.017300
v -0.001516 -0.003578 0.017300
v -0.001691 -0.003156 0.017300
v -0.001751 -0.002703 0.017300
v -0.001751 0.006997 0.017300
v 0.001749 0.006997 0.017300
v 0.001515 -0.003578 0.017300
v 0.001237 -0.003941 0.017300
v 0.000874 -0.004219 0.017300
v 0.000452 -0.004394 0.017300
v -0.000001 -0.004453 0.017300
v -0.000454 -0.004394 0.017300
v -0.002751 -0.002703 0.016000
v -0.002751 0.006997 0.016000
v 0.001749 0.006997 0.015800
v -0.001751 0.006997 0.015800
v 0.002749 0.006997 0.016000
v 0.008999 0.006997 0.016000
v -0.009001 0.006997 0.016000
v 0.006989 -0.008438 0.015800
v 0.007024 -0.008703 0.015800
v 0.008430 -0.006556 0.015800
v 0.004974 -0.008703 0.015800
v 0.005009 -0.008438 0.015800
v 0.004366 -0.008076 0.015800
v 0.007864 -0.010168 0.015800
v 0.006989 -0.008969 0.015800
v 0.006887 -0.009216 0.015800
v 0.006887 -0.008191 0.015800
v 0.008547 -0.006357 0.015800
v 0.008615 -0.006136 0.015800
v 0.007271 -0.010902 0.015800
v 0.007380 -0.011123 0.015800
v 0.006512 -0.009591 0.015800
v 0.006910 -0.010573 0.015800
v 0.007111 -0.010715 0.015800
v 0.006724 -0.009428 0.015800
v 0.007432 -0.011364 0.015800
v 0.007424 -0.011610 0.015800
v 0.007356 -0.011846 0.015800
v 0.004566 -0.007699 0.015800
v 0.005111 -0.008191 0.015800
v 0.004852 -0.007382 0.015800
v 0.005274 -0.007979 0.015800
v 0.005206 -0.007143 0.015800
v 0.005487 -0.007816 0.015800
v 0.005607 -0.006998 0.015800
v 0.005734 -0.007713 0.015800
v 0.005999 -0.006953 0.015800
v 0.004262 -0.008490 0.015800
v 0.004262 -0.008917 0.015800
v 0.005009 -0.008969 0.015800
v 0.004366 -0.009331 0.015800
v 0.005111 -0.009216 0.015800
v 0.004566 -0.009708 0.015800
v 0.005274 -0.009428 0.015800
v 0.004852 -0.010025 0.015800
v 0.005487 -0.009591 0.015800
v 0.005206 -0.010263 0.015800
v 0.005734 -0.009693 0.015800
v 0.005607 -0.010409 0.015800
v 0.005999 -0.009728 0.015800
v 0.005999 -0.010453 0.015800
v 0.006264 -0.009693 0.015800
v 0.006436 -0.010453 0.015800
v 0.006681 -0.010484 0.015800
v 0.008271 -0.006722 0.015800
v 0.008078 -0.006848 0.015800
v 0.006724 -0.007979 0.015800
v 0.007861 -0.006927 0.015800
v 0.006512 -0.007816 0.015800
v 0.007632 -0.006953 0.015800
v 0.006264 -0.007713 0.015800
v 0.005999 -0.007678 0.015800
v -0.008548 -0.006357 0.015800
v -0.008617 -0.006136 0.015800
v -0.007866 -0.010168 0.015800
v -0.006991 -0.008438 0.015800
v -0.006889 -0.008191 0.015800
v -0.008432 -0.006556 0.015800
v -0.008273 -0.006722 0.015800
v -0.006001 -0.006953 0.015800
v -0.007633 -0.006953 0.015800
v -0.006513 -0.007816 0.015800
v -0.007026 -0.008703 0.015800
v -0.006991 -0.008969 0.015800
v -0.007382 -0.011123 0.015800
v -0.007273 -0.010902 0.015800
v -0.007358 -0.011846 0.015800
v -0.007426 -0.011610 0.015800
v -0.007434 -0.011364 0.015800
v -0.007113 -0.010715 0.015800
v -0.006513 -0.009591 0.015800
v -0.006726 -0.009428 0.015800
v -0.006889 -0.009216 0.015800
v -0.006726 -0.007979 0.015800
v -0.007863 -0.006927 0.015800
v -0.008079 -0.006848 0.015800
v -0.006912 -0.010573 0.015800
v -0.006682 -0.010484 0.015800
v -0.006266 -0.009693 0.015800
v -0.006438 -0.010453 0.015800
v -0.006001 -0.009728 0.015800
v -0.006001 -0.010453 0.015800
v -0.005736 -0.009693 0.015800
v -0.005609 -0.010409 0.015800
v -0.005488 -0.009591 0.015800
v -0.005208 -0.010263 0.015800
v -0.005276 -0.009428 0.015800
v -0.004854 -0.010025 0.015800
v -0.005113 -0.009216 0.015800
v -0.004568 -0.009708 0.015800
v -0.005011 -0.008969 0.015800
v -0.004367 -0.009331 0.015800
v -0.004976 -0.008703 0.015800
v -0.004264 -0.008917 0.015800
v -0.004264 -0.008490 0.015800
v -0.005011 -0.008438 0.015800
v -0.004367 -0.008076 0.015800
v -0.005113 -0.008191 0.015800
v -0.004568 -0.007699 0.015800
v -0.005276 -0.007979 0.015800
v -0.004854 -0.007382 0.015800
v -0.005488 -0.007816 0.015800
v -0.005208 -0.007143 0.015800
v -0.005736 -0.007713 0.015800
v -0.005609 -0.006998 0.015800
v -0.006001 -0.007678 0.015800
v -0.006266 -0.007713 0.015800
v -0.001751 -0.002703 0.015800
v -0.000991 -0.002438 0.015800
v -0.000889 -0.002191 0.015800
v -0.000726 -0.001979 0.015800
v 0.001749 -0.002703 0.015800
v 0.000887 -0.002191 0.015800
v 0.000264 -0.001713 0.015800
v 0.000512 -0.001816 0.015800
v 0.000724 -0.001979 0.015800
v 0.000989 -0.002438 0.015800
v 0.001024 -0.002703 0.015800
v 0.001689 -0.003156 0.015800
v 0.000989 -0.002969 0.015800
v 0.001515 -0.003578 0.015800
v 0.000887 -0.003216 0.015800
v 0.001237 -0.003941 0.015800
v 0.000724 -0.003428 0.015800
v 0.000874 -0.004219 0.015800
v 0.000512 -0.003591 0.015800
v 0.000452 -0.004394 0.015800
v 0.000264 -0.003693 0.015800
v -0.000001 -0.004453 0.015800
v -0.000001 -0.003728 0.015800
v -0.000454 -0.004394 0.015800
v -0.000266 -0.003693 0.015800
v -0.000876 -0.004219 0.015800
v -0.000513 -0.003591 0.015800
v -0.001238 -0.003941 0.015800
v -0.000726 -0.003428 0.015800
v -0.001516 -0.003578 0.015800
v -0.000889 -0.003216 0.015800
v -0.001691 -0.003156 0.015800
v -0.000991 -0.002969 0.015800
v -0.001026 -0.002703 0.015800
v -0.000513 -0.001816 0.015800
v -0.000266 -0.001713 0.015800
v -0.000001 -0.001678 0.015800
v -0.001026 -0.002703 0.014500
v -0.000991 -0.002969 0.014500
v -0.000889 -0.003216 0.014500
v -0.000726 -0.003428 0.014500
v -0.000513 -0.003591 0.014500
v -0.000266 -0.003693 0.014500
v -0.000001 -0.003728 0.014500
v 0.000264 -0.003693 0.014500
v 0.000512 -0.003591 0.014500
v 0.000724 -0.003428 0.014500
v 0.000887 -0.003216 0.014500
v 0.000989 -0.002969 0.014500
v 0.001024 -0.002703 0.014500
v 0.000989 -0.002438 0.014500
v 0.000887 -0.002191 0.014500
v 0.000724 -0.001979 0.014500
v 0.000512 -0.001816 0.014500
v 0.000264 -0.001713 0.014500
v -0.000001 -0.001678 0.014500
v -0.000266 -0.001713 0.014500
v -0.000513 -0.001816 0.014500
v -0.000726 -0.001979 0.014500
v -0.000889 -0.002191 0.014500
v -0.000991 -0.002438 0.014500
v 0.002020 0.006797 0.014500
v 0.003978 0.006797 0.014500
v 0.009915 0.000843 0.014500
v 0.008999 0.003297 0.014500
v 0.009999 0.001758 0.014500
v 0.009499 0.003297 0.014500
v 0.009999 0.004004 0.014500
v 0.002597 -0.007203 0.014500
v 0.005111 -0.008191 0.014500
v 0.002897 -0.007927 0.014500
v 0.005009 -0.008438 0.014500
v 0.002999 -0.008703 0.014500
v 0.004974 -0.008703 0.014500
v 0.002897 -0.009480 0.014500
v 0.005009 -0.008969 0.014500
v 0.002597 -0.010203 0.014500
v 0.005111 -0.009216 0.014500
v 0.002216 -0.010725 0.014500
v 0.005274 -0.009428 0.014500
v 0.005487 -0.009591 0.014500
v 0.005734 -0.009693 0.014500
v 0.007738 -0.010732 0.014500
v 0.005999 -0.009728 0.014500
v 0.006264 -0.009693 0.014500
v 0.002120 -0.006582 0.014500
v 0.001499 -0.006105 0.014500
v 0.000776 -0.005806 0.014500
v 0.008020 0.006797 0.014500
v 0.008999 0.006797 0.014500
v 0.006512 -0.007816 0.014500
v 0.006724 -0.007979 0.014500
v 0.006887 -0.008191 0.014500
v -0.002022 -0.006487 0.014500
v 0.006512 -0.009591 0.014500
v 0.006724 -0.009428 0.014500
v 0.007864 -0.010168 0.014500
v 0.006887 -0.009216 0.014500
v 0.006989 -0.008969 0.014500
v 0.007024 -0.008703 0.014500
v 0.006989 -0.008438 0.014500
v -0.001501 -0.006105 0.014500
v -0.000777 -0.005806 0.014500
v 0.005734 -0.007713 0.014500
v 0.005487 -0.007816 0.014500
v 0.005274 -0.007979 0.014500
v 0.006264 -0.007713 0.014500
v 0.005999 -0.007678 0.014500
v -0.000001 -0.005703 0.014500
v -0.009001 0.006797 0.014500
v -0.008022 0.006797 0.014500
v -0.009001 0.003297 0.014500
v -0.003980 0.006797 0.014500
v -0.002022 0.006797 0.014500
v -0.007252 -0.012084 0.014500
v -0.006266 -0.009693 0.014500
v -0.006001 -0.009728 0.014500
v -0.005113 -0.008191 0.014500
v -0.005276 -0.007979 0.014500
v -0.002899 -0.007927 0.014500
v -0.006991 -0.008969 0.014500
v -0.006889 -0.009216 0.014500
v -0.007866 -0.010168 0.014500
v -0.006726 -0.009428 0.014500
v -0.006513 -0.009591 0.014500
v -0.002122 -0.006582 0.014500
v -0.002599 -0.007203 0.014500
v -0.005011 -0.008438 0.014500
v -0.005488 -0.007816 0.014500
v -0.005736 -0.007713 0.014500
v -0.006001 -0.007678 0.014500
v -0.006266 -0.007713 0.014500
v -0.009916 0.000843 0.014500
v -0.006991 -0.008438 0.014500
v -0.007026 -0.008703 0.014500
v -0.006513 -0.007816 0.014500
v -0.006726 -0.007979 0.014500
v -0.006889 -0.008191 0.014500
v -0.005736 -0.009693 0.014500
v -0.005488 -0.009591 0.014500
v -0.002122 -0.010825 0.014500
v -0.005276 -0.009428 0.014500
v -0.005113 -0.009216 0.014500
v -0.009501 0.003297 0.014500
v -0.004976 -0.008703 0.014500
v -0.003001 -0.008703 0.014500
v -0.005011 -0.008969 0.014500
v -0.002899 -0.009480 0.014500
v -0.002599 -0.010203 0.014500
v -0.002955 -0.016138 0.014500
v -0.004716 -0.015166 0.014500
v -0.006179 -0.013786 0.014500
v -0.000726 -0.013979 0.014500
v -0.000889 -0.014191 0.014500
v -0.001026 -0.014703 0.014500
v -0.000991 -0.014969 0.014500
v -0.000991 -0.014438 0.014500
v -0.001007 -0.016640 0.014500
v -0.000266 -0.015693 0.014500
v 0.001005 -0.016640 0.014500
v -0.000001 -0.015728 0.014500
v 0.000887 -0.014191 0.014500
v 0.000724 -0.013979 0.014500
v -0.000889 -0.015216 0.014500
v -0.000726 -0.015428 0.014500
v -0.000513 -0.015591 0.014500
v -0.001501 -0.011301 0.014500
v -0.000777 -0.011601 0.014500
v -0.000513 -0.013816 0.014500
v -0.000266 -0.013713 0.014500
v 0.000264 -0.015693 0.014500
v 0.000512 -0.015591 0.014500
v 0.002953 -0.016138 0.014500
v 0.000724 -0.015428 0.014500
v 0.000887 -0.015216 0.014500
v 0.004714 -0.015166 0.014500
v 0.000989 -0.014438 0.014500
v -0.000001 -0.013678 0.014500
v -0.000001 -0.011703 0.014500
v 0.000264 -0.013713 0.014500
v 0.000776 -0.011601 0.014500
v 0.000512 -0.013816 0.014500
v 0.001499 -0.011301 0.014500
v 0.002120 -0.010825 0.014500
v 0.000989 -0.014969 0.014500
v 0.001024 -0.014703 0.014500
v 0.006177 -0.013786 0.014500
v 0.007250 -0.012084 0.014500
v 0.001024 -0.014703 0.015900
v 0.000989 -0.014438 0.015900
v 0.000887 -0.014191 0.015900
v 0.000724 -0.013979 0.015900
v 0.000512 -0.013816 0.015900
v 0.000264 -0.013713 0.015900
v -0.000001 -0.013678 0.015900
v -0.000266 -0.013713 0.015900
v -0.000513 -0.013816 0.015900
v -0.000726 -0.013979 0.015900
v -0.000889 -0.014191 0.015900
v -0.000991 -0.014438 0.015900
v -0.001026 -0.014703 0.015900
v -0.000991 -0.014969 0.015900
v -0.000889 -0.015216 0.015900
v -0.000726 -0.015428 0.015900
v -0.000513 -0.015591 0.015900
v -0.000266 -0.015693 0.015900
v -0.000001 -0.015728 0.015900
v 0.000264 -0.015693 0.015900
v 0.000512 -0.015591 0.015900
v 0.000724 -0.015428 0.015900
v 0.000887 -0.015216 0.015900
v 0.000989 -0.014969 0.015900
v 0.001005 -0.016640 0.015900
v -0.001007 -0.016640 0.015900
v 0.002659 -0.016137 0.015900
v 0.002419 -0.016084 0.015900
v 0.000627 -0.013070 0.015900
v 0.001004 -0.013270 0.015900
v 0.001321 -0.013556 0.015900
v 0.001559 -0.013910 0.015900
v 0.001705 -0.014312 0.015900
v 0.001749 -0.014703 0.015900
v 0.001749 -0.015141 0.015900
v 0.001779 -0.015385 0.015900
v 0.001868 -0.015614 0.015900
v 0.002905 -0.016128 0.015900
v 0.002953 -0.016138 0.015900
v 0.003142 -0.016060 0.015900
v 0.002198 -0.015975 0.015900
v 0.002011 -0.015815 0.015900
v -0.003144 -0.016060 0.015900
v -0.002955 -0.016138 0.015900
v -0.002907 -0.016128 0.015900
v 0.000213 -0.012966 0.015900
v -0.000214 -0.012966 0.015900
v -0.000629 -0.013070 0.015900
v -0.001005 -0.013270 0.015900
v -0.001323 -0.013556 0.015900
v -0.001561 -0.013910 0.015900
v -0.001707 -0.014312 0.015900
v -0.001751 -0.014703 0.015900
v -0.001751 -0.015141 0.015900
v -0.001781 -0.015385 0.015900
v -0.001870 -0.015614 0.015900
v -0.002013 -0.015815 0.015900
v -0.002200 -0.015975 0.015900
v -0.002421 -0.016084 0.015900
v -0.002661 -0.016137 0.015900
v 0.003142 -0.016060 0.017000
v -0.007252 -0.012084 0.017000
v -0.007358 -0.011846 0.017000
v 0.004714 -0.015166 0.017000
v 0.006177 -0.013786 0.017000
v 0.007250 -0.012084 0.017000
v 0.007356 -0.011846 0.017000
v -0.006179 -0.013786 0.017000
v -0.004716 -0.015166 0.017000
v -0.003144 -0.016060 0.017000
v -0.001751 -0.015141 0.017000
v -0.001781 -0.015385 0.017000
v -0.001870 -0.015614 0.017000
v -0.002013 -0.015815 0.017000
v -0.002200 -0.015975 0.017000
v -0.002421 -0.016084 0.017000
v -0.002661 -0.016137 0.017000
v -0.002907 -0.016128 0.017000
v -0.006438 -0.010453 0.017000
v -0.006682 -0.010484 0.017000
v -0.006912 -0.010573 0.017000
v -0.007113 -0.010715 0.017000
v -0.007273 -0.010902 0.017000
v -0.007382 -0.011123 0.017000
v -0.007434 -0.011364 0.017000
v -0.007426 -0.011610 0.017000
v -0.006001 -0.010453 0.017000
v -0.005609 -0.010409 0.017000
v -0.005208 -0.010263 0.017000
v -0.004854 -0.010025 0.017000
v -0.004568 -0.009708 0.017000
v -0.004367 -0.009331 0.017000
v -0.004264 -0.008917 0.017000
v -0.004264 -0.008490 0.017000
v -0.004367 -0.008076 0.017000
v -0.004568 -0.007699 0.017000
v -0.004854 -0.007382 0.017000
v -0.005208 -0.007143 0.017000
v -0.005609 -0.006998 0.017000
v -0.006001 -0.006953 0.017000
v -0.007633 -0.006953 0.017000
v -0.008617 -0.006136 0.017000
v -0.008548 -0.006357 0.017000
v -0.008432 -0.006556 0.017000
v -0.008273 -0.006722 0.017000
v -0.008079 -0.006848 0.017000
v -0.007863 -0.006927 0.017000
v -0.009916 0.000843 0.017000
v -0.001751 -0.014703 0.017000
v 0.001749 -0.014703 0.017000
v 0.001705 -0.014312 0.017000
v 0.001559 -0.013910 0.017000
v 0.001321 -0.013556 0.017000
v 0.001004 -0.013270 0.017000
v 0.000627 -0.013070 0.017000
v 0.000213 -0.012966 0.017000
v -0.000214 -0.012966 0.017000
v -0.000629 -0.013070 0.017000
v -0.001005 -0.013270 0.017000
v -0.001323 -0.013556 0.017000
v -0.001561 -0.013910 0.017000
v -0.001707 -0.014312 0.017000
v 0.001749 -0.015141 0.017000
v 0.001779 -0.015385 0.017000
v 0.001868 -0.015614 0.017000
v 0.002011 -0.015815 0.017000
v 0.002198 -0.015975 0.017000
v 0.002419 -0.016084 0.017000
v 0.002659 -0.016137 0.017000
v 0.002905 -0.016128 0.017000
v 0.007424 -0.011610 0.017000
v 0.007432 -0.011364 0.017000
v 0.007380 -0.011123 0.017000
v 0.007271 -0.010902 0.017000
v 0.007111 -0.010715 0.017000
v 0.006910 -0.010573 0.017000
v 0.006681 -0.010484 0.017000
v 0.006436 -0.010453 0.017000
v 0.005999 -0.010453 0.017000
v 0.005999 -0.006953 0.017000
v 0.005607 -0.006998 0.017000
v 0.005206 -0.007143 0.017000
v 0.004852 -0.007382 0.017000
v 0.004566 -0.007699 0.017000
v 0.004366 -0.008076 0.017000
v 0.004262 -0.008490 0.017000
v 0.004262 -0.008917 0.017000
v 0.004366 -0.009331 0.017000
v 0.004566 -0.009708 0.017000
v 0.004852 -0.010025 0.017000
v 0.005206 -0.010263 0.017000
v 0.005607 -0.010409 0.017000
v 0.007632 -0.006953 0.017000
v 0.007861 -0.006927 0.017000
v 0.008078 -0.006848 0.017000
v 0.008271 -0.006722 0.017000
v 0.008430 -0.006556 0.017000
v 0.008547 -0.006357 0.017000
v 0.008615 -0.006136 0.017000
v 0.009915 0.000843 0.017000
v 0.009999 0.001758 0.017000
v 0.009999 0.007372 0.017000
v 0.009999 0.001758 -0.014500
v 0.009999 0.001758 -0.017000
v 0.009999 0.004004 -0.014500
v 0.009999 0.007372 -0.017000
v 0.009999 0.005797 -0.012707
v 0.009999 0.007997 -0.016376
v 0.009999 0.005797 0.012707
v 0.009999 0.007997 0.016376
v 0.009699 0.007497 -0.017300
v 0.009699 0.001758 -0.017300
v -0.001501 -0.006105 -0.017300
v -0.002122 -0.006582 -0.017300
v -0.001933 -0.005078 -0.017300
v -0.001776 -0.013678 -0.017300
v -0.001981 -0.014173 -0.017300
v -0.001933 -0.013117 -0.017300
v -0.008081 -0.006492 -0.017300
v -0.008192 -0.006375 -0.017300
v -0.007601 -0.005556 -0.017300
v -0.008274 -0.006236 -0.017300
v -0.008322 -0.006082 -0.017300
v -0.007633 -0.006653 -0.017300
v -0.007794 -0.006635 -0.017300
v -0.007946 -0.006580 -0.017300
v -0.004007 -0.006584 -0.017300
v -0.003759 -0.006577 -0.017300
v -0.004551 -0.007254 -0.017300
v -0.007415 -0.006653 -0.017300
v -0.007442 -0.005722 -0.017300
v -0.007248 -0.005848 -0.017300
v -0.003521 -0.006509 -0.017300
v -0.003307 -0.006385 -0.017300
v -0.003130 -0.006212 -0.017300
v -0.005470 -0.006723 -0.017300
v -0.004946 -0.006164 -0.017300
v -0.004976 -0.006928 -0.017300
v -0.004469 -0.006419 -0.017300
v -0.004248 -0.006531 -0.017300
v -0.007032 -0.005927 -0.017300
v -0.006803 -0.005953 -0.017300
v -0.006001 -0.006653 -0.017300
v -0.006001 -0.005953 -0.017300
v -0.005463 -0.006006 -0.017300
v -0.002195 -0.012224 -0.017300
v -0.002319 -0.012009 -0.017300
v -0.001501 -0.011301 -0.017300
v -0.004226 -0.007678 -0.017300
v -0.002599 -0.007203 -0.017300
v -0.004021 -0.008173 -0.017300
v -0.002899 -0.007927 -0.017300
v -0.003951 -0.008703 -0.017300
v -0.003001 -0.008703 -0.017300
v -0.004021 -0.009234 -0.017300
v -0.002899 -0.009480 -0.017300
v -0.004226 -0.009728 -0.017300
v -0.002599 -0.010203 -0.017300
v -0.002122 -0.010825 -0.017300
v -0.003307 -0.011022 -0.017300
v -0.004551 -0.010153 -0.017300
v -0.003521 -0.010898 -0.017300
v -0.003759 -0.010830 -0.017300
v -0.002493 -0.011833 -0.017300
v -0.003130 -0.011195 -0.017300
v -0.005947 -0.013595 -0.017300
v -0.006980 -0.011957 -0.017300
v -0.005750 -0.012655 -0.017300
v -0.005470 -0.010683 -0.017300
v -0.004976 -0.010479 -0.017300
v -0.004794 -0.011174 -0.017300
v -0.004007 -0.010822 -0.017300
v -0.004248 -0.010876 -0.017300
v -0.004469 -0.010987 -0.017300
v -0.002285 -0.013172 -0.017300
v -0.002174 -0.012951 -0.017300
v -0.002120 -0.012709 -0.017300
v -0.002127 -0.012462 -0.017300
v -0.005142 -0.011316 -0.017300
v -0.005355 -0.011415 -0.017300
v -0.006001 -0.010753 -0.017300
v -0.005539 -0.011562 -0.017300
v -0.006438 -0.010753 -0.017300
v -0.005782 -0.011962 -0.017300
v -0.005826 -0.012193 -0.017300
v -0.005816 -0.012428 -0.017300
v -0.006609 -0.010775 -0.017300
v -0.005684 -0.011747 -0.017300
v -0.006770 -0.010837 -0.017300
v -0.007099 -0.011222 -0.017300
v -0.007022 -0.011068 -0.017300
v -0.006910 -0.010937 -0.017300
v -0.007082 -0.011728 -0.017300
v -0.007130 -0.011563 -0.017300
v -0.007135 -0.011391 -0.017300
v -0.002472 -0.013497 -0.017300
v -0.002613 -0.013844 -0.017300
v -0.003026 -0.015784 -0.017300
v -0.004539 -0.014924 -0.017300
v -0.003952 -0.014453 -0.017300
v -0.002134 -0.015472 -0.017300
v -0.002234 -0.015613 -0.017300
v -0.003045 -0.014387 -0.017300
v -0.002365 -0.015725 -0.017300
v -0.002713 -0.014057 -0.017300
v -0.002051 -0.014703 -0.017300
v -0.002859 -0.014242 -0.017300
v -0.002051 -0.015141 -0.017300
v -0.002072 -0.015312 -0.017300
v -0.005634 -0.012859 -0.017300
v -0.004951 -0.013653 -0.017300
v -0.004157 -0.014336 -0.017300
v -0.003726 -0.014518 -0.017300
v -0.003491 -0.014529 -0.017300
v -0.002860 -0.015832 -0.017300
v -0.003259 -0.014484 -0.017300
v -0.002688 -0.015838 -0.017300
v -0.002520 -0.015801 -0.017300
v 0.001979 -0.014173 -0.017300
v 0.001774 -0.013678 -0.017300
v 0.001931 -0.013117 -0.017300
v 0.001449 -0.013254 -0.017300
v 0.001499 -0.011301 -0.017300
v 0.001024 -0.012928 -0.017300
v 0.000776 -0.011601 -0.017300
v 0.000530 -0.012723 -0.017300
v -0.000001 -0.011703 -0.017300
v -0.000001 -0.012653 -0.017300
v -0.000777 -0.011601 -0.017300
v -0.000532 -0.012723 -0.017300
v -0.001026 -0.012928 -0.017300
v -0.001450 -0.013254 -0.017300
v 0.002363 -0.015725 -0.017300
v 0.002232 -0.015613 -0.017300
v 0.003043 -0.014387 -0.017300
v 0.003257 -0.014484 -0.017300
v 0.003489 -0.014529 -0.017300
v 0.003024 -0.015784 -0.017300
v 0.003724 -0.014518 -0.017300
v 0.004537 -0.014924 -0.017300
v 0.003950 -0.014453 -0.017300
v 0.004155 -0.014336 -0.017300
v 0.005946 -0.013595 -0.017300
v 0.002858 -0.015832 -0.017300
v 0.002686 -0.015838 -0.017300
v 0.002518 -0.015801 -0.017300
v 0.002133 -0.015472 -0.017300
v 0.002070 -0.015312 -0.017300
v 0.002857 -0.014242 -0.017300
v 0.002049 -0.015141 -0.017300
v 0.002711 -0.014057 -0.017300
v 0.002049 -0.014703 -0.017300
v 0.002611 -0.013844 -0.017300
v 0.002470 -0.013497 -0.017300
v 0.002283 -0.013172 -0.017300
v 0.002172 -0.012951 -0.017300
v 0.005538 -0.011562 -0.017300
v 0.005353 -0.011415 -0.017300
v 0.005469 -0.010683 -0.017300
v 0.004949 -0.013653 -0.017300
v 0.005632 -0.012859 -0.017300
v 0.006978 -0.011957 -0.017300
v 0.005748 -0.012655 -0.017300
v 0.005814 -0.012428 -0.017300
v 0.005825 -0.012193 -0.017300
v 0.007080 -0.011728 -0.017300
v 0.005780 -0.011962 -0.017300
v 0.007097 -0.011222 -0.017300
v 0.007133 -0.011391 -0.017300
v 0.007128 -0.011563 -0.017300
v 0.005999 -0.010753 -0.017300
v 0.006436 -0.010753 -0.017300
v 0.005682 -0.011747 -0.017300
v 0.006607 -0.010775 -0.017300
v 0.005140 -0.011316 -0.017300
v 0.004792 -0.011174 -0.017300
v 0.004974 -0.010479 -0.017300
v 0.004467 -0.010987 -0.017300
v 0.004550 -0.010153 -0.017300
v 0.004246 -0.010876 -0.017300
v 0.006768 -0.010837 -0.017300
v 0.006909 -0.010937 -0.017300
v 0.007020 -0.011068 -0.017300
v 0.004005 -0.010822 -0.017300
v 0.003757 -0.010830 -0.017300
v 0.004224 -0.009728 -0.017300
v 0.003519 -0.010898 -0.017300
v 0.003305 -0.011022 -0.017300
v 0.003128 -0.011195 -0.017300
v 0.002491 -0.011833 -0.017300
v 0.002318 -0.012009 -0.017300
v 0.002193 -0.012224 -0.017300
v 0.002125 -0.012462 -0.017300
v 0.002118 -0.012709 -0.017300
v 0.004550 -0.007254 -0.017300
v 0.003519 -0.006509 -0.017300
v 0.003757 -0.006577 -0.017300
v 0.004974 -0.006928 -0.017300
v 0.004944 -0.006164 -0.017300
v 0.005469 -0.006723 -0.017300
v 0.005461 -0.006006 -0.017300
v 0.005999 -0.006653 -0.017300
v 0.005999 -0.005953 -0.017300
v 0.007413 -0.006653 -0.017300
v 0.006801 -0.005953 -0.017300
v 0.007030 -0.005927 -0.017300
v 0.003305 -0.006385 -0.017300
v 0.004224 -0.007678 -0.017300
v 0.002120 -0.006582 -0.017300
v 0.002120 -0.010825 -0.017300
v 0.002597 -0.010203 -0.017300
v 0.004019 -0.009234 -0.017300
v 0.002897 -0.009480 -0.017300
v 0.003949 -0.008703 -0.017300
v 0.002999 -0.008703 -0.017300
v 0.004019 -0.008173 -0.017300
v 0.002897 -0.007927 -0.017300
v 0.002597 -0.007203 -0.017300
v 0.002318 -0.005397 -0.017300
v 0.002491 -0.005574 -0.017300
v 0.003128 -0.006212 -0.017300
v 0.004005 -0.006584 -0.017300
v 0.004246 -0.006531 -0.017300
v 0.004467 -0.006419 -0.017300
v 0.007599 -0.005556 -0.017300
v 0.008079 -0.006492 -0.017300
v 0.007944 -0.006580 -0.017300
v 0.008320 -0.006082 -0.017300
v 0.008272 -0.006236 -0.017300
v 0.008190 -0.006375 -0.017300
v 0.007247 -0.005848 -0.017300
v 0.007440 -0.005722 -0.017300
v 0.007632 -0.006653 -0.017300
v 0.007792 -0.006635 -0.017300
v 0.007716 -0.005357 -0.017300
v 0.007784 -0.005136 -0.017300
v 0.009620 0.000898 -0.017300
v 0.008999 0.001389 -0.017300
v -0.009001 0.001389 -0.017300
v -0.007786 -0.005136 -0.017300
v -0.007718 -0.005357 -0.017300
v 0.001499 -0.006105 -0.017300
v 0.001931 -0.005078 -0.017300
v 0.002193 -0.005183 -0.017300
v 0.000776 -0.005806 -0.017300
v -0.000001 -0.005703 -0.017300
v -0.000777 -0.005806 -0.017300
v -0.002127 -0.004945 -0.017300
v -0.002120 -0.004698 -0.017300
v -0.002493 -0.005574 -0.017300
v -0.002319 -0.005397 -0.017300
v -0.002195 -0.005183 -0.017300
v -0.002174 -0.004456 -0.017300
v -0.001933 0.007497 -0.017300
v -0.002285 -0.004235 -0.017300
v -0.002540 -0.003759 -0.017300
v -0.002698 -0.003241 -0.017300
v -0.002751 -0.002703 -0.017300
v -0.009621 0.000898 -0.017300
v -0.009701 0.001758 -0.017300
v -0.009001 0.006997 -0.017300
v -0.009701 0.007497 -0.017300
v -0.007415 0.006997 -0.017300
v -0.007415 0.007497 -0.017300
v -0.002751 0.006997 -0.017300
v 0.008999 0.006997 -0.017300
v 0.007413 0.007497 -0.017300
v 0.007413 0.006997 -0.017300
v 0.001931 0.007497 -0.017300
v 0.002283 -0.004235 -0.017300
v 0.002172 -0.004456 -0.017300
v 0.002118 -0.004698 -0.017300
v 0.002125 -0.004945 -0.017300
v 0.002749 0.006997 -0.017300
v 0.002749 -0.002703 -0.017300
v 0.002696 -0.003241 -0.017300
v 0.002539 -0.003759 -0.017300
v -0.001751 -0.002703 -0.017300
v -0.001691 -0.003156 -0.017300
v -0.001516 -0.003578 -0.017300
v -0.001238 -0.003941 -0.017300
v -0.000876 -0.004219 -0.017300
v 0.000452 -0.004394 -0.017300
v -0.000001 -0.004453 -0.017300
v -0.000454 -0.004394 -0.017300
v 0.000874 -0.004219 -0.017300
v 0.001237 -0.003941 -0.017300
v 0.001515 -0.003578 -0.017300
v 0.001689 -0.003156 -0.017300
v 0.001749 -0.002703 -0.017300
v 0.001749 0.006997 -0.017300
v -0.001751 0.006997 -0.017300
v 0.002749 -0.002703 -0.016000
v 0.002749 0.006997 -0.016000
v -0.001751 0.006997 -0.015800
v 0.001749 0.006997 -0.015800
v 0.008999 0.006997 -0.016000
v -0.002751 0.006997 -0.016000
v -0.009001 0.006997 -0.016000
v -0.006991 -0.008438 -0.015800
v -0.007026 -0.008703 -0.015800
v -0.008432 -0.006556 -0.015800
v -0.004976 -0.008703 -0.015800
v -0.005011 -0.008438 -0.015800
v -0.004367 -0.008076 -0.015800
v -0.006991 -0.008969 -0.015800
v -0.007866 -0.010168 -0.015800
v -0.008548 -0.006357 -0.015800
v -0.008617 -0.006136 -0.015800
v -0.007358 -0.011846 -0.015800
v -0.007426 -0.011610 -0.015800
v -0.007434 -0.011364 -0.015800
v -0.006889 -0.008191 -0.015800
v -0.008273 -0.006722 -0.015800
v -0.006726 -0.007979 -0.015800
v -0.006889 -0.009216 -0.015800
v -0.006726 -0.009428 -0.015800
v -0.006513 -0.009591 -0.015800
v -0.008079 -0.006848 -0.015800
v -0.007863 -0.006927 -0.015800
v -0.006513 -0.007816 -0.015800
v -0.007633 -0.006953 -0.015800
v -0.006266 -0.007713 -0.015800
v -0.006001 -0.006953 -0.015800
v -0.006912 -0.010573 -0.015800
v -0.007113 -0.010715 -0.015800
v -0.007273 -0.010902 -0.015800
v -0.007382 -0.011123 -0.015800
v -0.004568 -0.007699 -0.015800
v -0.005113 -0.008191 -0.015800
v -0.004854 -0.007382 -0.015800
v -0.005276 -0.007979 -0.015800
v -0.005208 -0.007143 -0.015800
v -0.005488 -0.007816 -0.015800
v -0.005609 -0.006998 -0.015800
v -0.005736 -0.007713 -0.015800
v -0.006001 -0.007678 -0.015800
v -0.004264 -0.008490 -0.015800
v -0.004264 -0.008917 -0.015800
v -0.005011 -0.008969 -0.015800
v -0.004367 -0.009331 -0.015800
v -0.005113 -0.009216 -0.015800
v -0.004568 -0.009708 -0.015800
v -0.005276 -0.009428 -0.015800
v -0.004854 -0.010025 -0.015800
v -0.005488 -0.009591 -0.015800
v -0.005208 -0.010263 -0.015800
v -0.005736 -0.009693 -0.015800
v -0.005609 -0.010409 -0.015800
v -0.006001 -0.009728 -0.015800
v -0.006001 -0.010453 -0.015800
v -0.006266 -0.009693 -0.015800
v -0.006438 -0.010453 -0.015800
v -0.006682 -0.010484 -0.015800
v 0.008547 -0.006357 -0.015800
v 0.008615 -0.006136 -0.015800
v 0.007864 -0.010168 -0.015800
v 0.006887 -0.009216 -0.015800
v 0.006989 -0.008969 -0.015800
v 0.006512 -0.009591 -0.015800
v 0.006910 -0.010573 -0.015800
v 0.006681 -0.010484 -0.015800
v 0.007356 -0.011846 -0.015800
v 0.007424 -0.011610 -0.015800
v 0.007432 -0.011364 -0.015800
v 0.007380 -0.011123 -0.015800
v 0.007271 -0.010902 -0.015800
v 0.007024 -0.008703 -0.015800
v 0.008430 -0.006556 -0.015800
v 0.006989 -0.008438 -0.015800
v 0.006887 -0.008191 -0.015800
v 0.008271 -0.006722 -0.015800
v 0.008078 -0.006848 -0.015800
v 0.006264 -0.009693 -0.015800
v 0.006436 -0.010453 -0.015800
v 0.005999 -0.009728 -0.015800
v 0.005999 -0.010453 -0.015800
v 0.005734 -0.009693 -0.015800
v 0.005607 -0.010409 -0.015800
v 0.005487 -0.009591 -0.015800
v 0.005206 -0.010263 -0.015800
v 0.005274 -0.009428 -0.015800
v 0.004852 -0.010025 -0.015800
v 0.005111 -0.009216 -0.015800
v 0.004566 -0.009708 -0.015800
v 0.005009 -0.008969 -0.015800
v 0.004366 -0.009331 -0.015800
v 0.004974 -0.008703 -0.015800
v 0.006724 -0.009428 -0.015800
v 0.007111 -0.010715 -0.015800
v 0.007861 -0.006927 -0.015800
v 0.006724 -0.007979 -0.015800
v 0.007632 -0.006953 -0.015800
v 0.006512 -0.007816 -0.015800
v 0.005999 -0.006953 -0.015800
v 0.004262 -0.008917 -0.015800
v 0.004262 -0.008490 -0.015800
v 0.005009 -0.008438 -0.015800
v 0.004366 -0.008076 -0.015800
v 0.005111 -0.008191 -0.015800
v 0.004566 -0.007699 -0.015800
v 0.005274 -0.007979 -0.015800
v 0.004852 -0.007382 -0.015800
v 0.005487 -0.007816 -0.015800
v 0.005206 -0.007143 -0.015800
v 0.005734 -0.007713 -0.015800
v 0.005607 -0.006998 -0.015800
v 0.005999 -0.007678 -0.015800
v 0.006264 -0.007713 -0.015800
v 0.001749 -0.002703 -0.015800
v 0.000989 -0.002438 -0.015800
v -0.000513 -0.001816 -0.015800
v -0.000726 -0.001979 -0.015800
v -0.000889 -0.002191 -0.015800
v -0.001751 -0.002703 -0.015800
v -0.000991 -0.002438 -0.015800
v -0.001026 -0.002703 -0.015800
v -0.001691 -0.003156 -0.015800
v -0.000991 -0.002969 -0.015800
v -0.001516 -0.003578 -0.015800
v -0.000889 -0.003216 -0.015800
v -0.001238 -0.003941 -0.015800
v -0.000726 -0.003428 -0.015800
v -0.000876 -0.004219 -0.015800
v -0.000513 -0.003591 -0.015800
v -0.000454 -0.004394 -0.015800
v -0.000266 -0.003693 -0.015800
v -0.000001 -0.004453 -0.015800
v -0.000001 -0.003728 -0.015800
v 0.000452 -0.004394 -0.015800
v 0.000264 -0.003693 -0.015800
v 0.000874 -0.004219 -0.015800
v 0.000512 -0.003591 -0.015800
v 0.001237 -0.003941 -0.015800
v 0.000724 -0.003428 -0.015800
v 0.001515 -0.003578 -0.015800
v 0.000887 -0.003216 -0.015800
v 0.001689 -0.003156 -0.015800
v 0.000989 -0.002969 -0.015800
v 0.001024 -0.002703 -0.015800
v 0.000887 -0.002191 -0.015800
v 0.000724 -0.001979 -0.015800
v 0.000512 -0.001816 -0.015800
v 0.000264 -0.001713 -0.015800
v -0.000001 -0.001678 -0.015800
v -0.000266 -0.001713 -0.015800
v -0.001026 -0.002703 -0.014500
v -0.000991 -0.002969 -0.014500
v -0.000889 -0.003216 -0.014500
v -0.000726 -0.003428 -0.014500
v -0.000513 -0.003591 -0.014500
v -0.000266 -0.003693 -0.014500
v -0.000001 -0.003728 -0.014500
v 0.000264 -0.003693 -0.014500
v 0.000512 -0.003591 -0.014500
v 0.000724 -0.003428 -0.014500
v 0.000887 -0.003216 -0.014500
v 0.000989 -0.002969 -0.014500
v 0.001024 -0.002703 -0.014500
v 0.000989 -0.002438 -0.014500
v 0.000887 -0.002191 -0.014500
v 0.000724 -0.001979 -0.014500
v 0.000512 -0.001816 -0.014500
v 0.000264 -0.001713 -0.014500
v -0.000001 -0.001678 -0.014500
v -0.000266 -0.001713 -0.014500
v -0.000513 -0.001816 -0.014500
v -0.000726 -0.001979 -0.014500
v -0.000889 -0.002191 -0.014500
v -0.000991 -0.002438 -0.014500
v 0.009499 0.003297 -0.014500
v 0.008999 0.006797 -0.014500
v 0.008020 0.006797 -0.014500
v 0.008999 0.003297 -0.014500
v 0.002597 -0.010203 -0.014500
v 0.002216 -0.010725 -0.014500
v 0.005487 -0.009591 -0.014500
v 0.009915 0.000843 -0.014500
v 0.003978 0.006797 -0.014500
v 0.002020 0.006797 -0.014500
v 0.006264 -0.007713 -0.014500
v 0.006512 -0.007816 -0.014500
v 0.007024 -0.008703 -0.014500
v 0.007864 -0.010168 -0.014500
v 0.006989 -0.008438 -0.014500
v 0.005734 -0.009693 -0.014500
v 0.006724 -0.007979 -0.014500
v 0.006887 -0.008191 -0.014500
v 0.004974 -0.008703 -0.014500
v 0.005009 -0.008438 -0.014500
v 0.005734 -0.007713 -0.014500
v 0.006512 -0.009591 -0.014500
v 0.006264 -0.009693 -0.014500
v 0.007738 -0.010732 -0.014500
v 0.005999 -0.009728 -0.014500
v 0.005999 -0.007678 -0.014500
v 0.006989 -0.008969 -0.014500
v 0.006887 -0.009216 -0.014500
v 0.006724 -0.009428 -0.014500
v -0.000777 -0.005806 -0.014500
v -0.001501 -0.006105 -0.014500
v 0.002120 -0.006582 -0.014500
v 0.002597 -0.007203 -0.014500
v 0.005274 -0.009428 -0.014500
v 0.005111 -0.008191 -0.014500
v 0.005274 -0.007979 -0.014500
v 0.005487 -0.007816 -0.014500
v -0.002022 -0.006487 -0.014500
v 0.000776 -0.005806 -0.014500
v 0.001499 -0.006105 -0.014500
v 0.002897 -0.007927 -0.014500
v 0.002999 -0.008703 -0.014500
v 0.002897 -0.009480 -0.014500
v -0.000001 -0.005703 -0.014500
v 0.005111 -0.009216 -0.014500
v 0.005009 -0.008969 -0.014500
v 0.001005 -0.016640 -0.014500
v 0.000264 -0.015693 -0.014500
v -0.000001 -0.015728 -0.014500
v -0.001501 -0.011301 -0.014500
v -0.002122 -0.010825 -0.014500
v -0.000726 -0.013979 -0.014500
v -0.001007 -0.016640 -0.014500
v -0.000889 -0.015216 -0.014500
v -0.000991 -0.014969 -0.014500
v -0.002955 -0.016138 -0.014500
v -0.000777 -0.011601 -0.014500
v 0.000512 -0.013816 -0.014500
v 0.000724 -0.013979 -0.014500
v 0.000776 -0.011601 -0.014500
v 0.001499 -0.011301 -0.014500
v 0.002953 -0.016138 -0.014500
v 0.000724 -0.015428 -0.014500
v 0.000512 -0.015591 -0.014500
v 0.000989 -0.014438 -0.014500
v 0.001024 -0.014703 -0.014500
v 0.004714 -0.015166 -0.014500
v 0.000989 -0.014969 -0.014500
v 0.000887 -0.015216 -0.014500
v -0.000266 -0.015693 -0.014500
v -0.000513 -0.015591 -0.014500
v -0.000726 -0.015428 -0.014500
v -0.001026 -0.014703 -0.014500
v -0.000991 -0.014438 -0.014500
v -0.000889 -0.014191 -0.014500
v 0.002120 -0.010825 -0.014500
v 0.006177 -0.013786 -0.014500
v 0.007250 -0.012084 -0.014500
v 0.000887 -0.014191 -0.014500
v -0.000513 -0.013816 -0.014500
v -0.000266 -0.013713 -0.014500
v -0.000001 -0.011703 -0.014500
v -0.000001 -0.013678 -0.014500
v 0.000264 -0.013713 -0.014500
v -0.007252 -0.012084 -0.014500
v -0.006179 -0.013786 -0.014500
v -0.004716 -0.015166 -0.014500
v -0.006889 -0.009216 -0.014500
v -0.006991 -0.008969 -0.014500
v -0.007866 -0.010168 -0.014500
v -0.007026 -0.008703 -0.014500
v -0.009916 0.000843 -0.014500
v -0.006001 -0.009728 -0.014500
v -0.006266 -0.009693 -0.014500
v -0.006513 -0.009591 -0.014500
v -0.006726 -0.009428 -0.014500
v -0.006991 -0.008438 -0.014500
v -0.006889 -0.008191 -0.014500
v -0.006726 -0.007979 -0.014500
v -0.009001 0.003297 -0.014500
v -0.002599 -0.010203 -0.014500
v -0.005113 -0.009216 -0.014500
v -0.002899 -0.009480 -0.014500
v -0.002122 -0.006582 -0.014500
v -0.002599 -0.007203 -0.014500
v -0.005736 -0.007713 -0.014500
v -0.002899 -0.007927 -0.014500
v -0.005488 -0.007816 -0.014500
v -0.005276 -0.007979 -0.014500
v -0.002022 0.006797 -0.014500
v -0.003980 0.006797 -0.014500
v -0.009001 0.006797 -0.014500
v -0.008022 0.006797 -0.014500
v -0.005276 -0.009428 -0.014500
v -0.005488 -0.009591 -0.014500
v -0.005736 -0.009693 -0.014500
v -0.006513 -0.007816 -0.014500
v -0.006266 -0.007713 -0.014500
v -0.006001 -0.007678 -0.014500
v -0.005113 -0.008191 -0.014500
v -0.005011 -0.008438 -0.014500
v -0.003001 -0.008703 -0.014500
v -0.004976 -0.008703 -0.014500
v -0.005011 -0.008969 -0.014500
v 0.001024 -0.014703 -0.015900
v 0.000989 -0.014438 -0.015900
v 0.000887 -0.014191 -0.015900
v 0.000724 -0.013979 -0.015900
v 0.000512 -0.013816 -0.015900
v 0.000264 -0.013713 -0.015900
v -0.000001 -0.013678 -0.015900
v -0.000266 -0.013713 -0.015900
v -0.000513 -0.013816 -0.015900
v -0.000726 -0.013979 -0.015900
v -0.000889 -0.014191 -0.015900
v -0.000991 -0.014438 -0.015900
v -0.001026 -0.014703 -0.015900
v -0.000991 -0.014969 -0.015900
v -0.000889 -0.015216 -0.015900
v -0.000726 -0.015428 -0.015900
v -0.000513 -0.015591 -0.015900
v -0.000266 -0.015693 -0.015900
v -0.000001 -0.015728 -0.015900
v 0.000264 -0.015693 -0.015900
v 0.000512 -0.015591 -0.015900
v 0.000724 -0.015428 -0.015900
v 0.000887 -0.015216 -0.015900
v 0.000989 -0.014969 -0.015900
v -0.000629 -0.013070 -0.015900
v -0.001005 -0.013270 -0.015900
v -0.001323 -0.013556 -0.015900
v -0.001561 -0.013910 -0.015900
v -0.001707 -0.014312 -0.015900
v -0.001751 -0.014703 -0.015900
v -0.001751 -0.015141 -0.015900
v -0.001781 -0.015385 -0.015900
v -0.001870 -0.015614 -0.015900
v -0.001007 -0.016640 -0.015900
v -0.002661 -0.016137 -0.015900
v -0.002421 -0.016084 -0.015900
v -0.002907 -0.016128 -0.015900
v -0.002955 -0.016138 -0.015900
v -0.003144 -0.016060 -0.015900
v 0.001005 -0.016640 -0.015900
v -0.002200 -0.015975 -0.015900
v -0.002013 -0.015815 -0.015900
v 0.003142 -0.016060 -0.015900
v 0.002953 -0.016138 -0.015900
v 0.002905 -0.016128 -0.015900
v 0.001868 -0.015614 -0.015900
v 0.002011 -0.015815 -0.015900
v 0.002198 -0.015975 -0.015900
v 0.002419 -0.016084 -0.015900
v 0.002659 -0.016137 -0.015900
v -0.000214 -0.012966 -0.015900
v 0.000213 -0.012966 -0.015900
v 0.000627 -0.013070 -0.015900
v 0.001004 -0.013270 -0.015900
v 0.001321 -0.013556 -0.015900
v 0.001559 -0.013910 -0.015900
v 0.001705 -0.014312 -0.015900
v 0.001749 -0.014703 -0.015900
v 0.001749 -0.015141 -0.015900
v 0.001779 -0.015385 -0.015900
v -0.007358 -0.011846 -0.017000
v -0.007252 -0.012084 -0.017000
v 0.003142 -0.016060 -0.017000
v 0.004714 -0.015166 -0.017000
v 0.007250 -0.012084 -0.017000
v 0.007356 -0.011846 -0.017000
v 0.006177 -0.013786 -0.017000
v -0.006179 -0.013786 -0.017000
v -0.004716 -0.015166 -0.017000
v -0.003144 -0.016060 -0.017000
v 0.001749 -0.015141 -0.017000
v 0.001779 -0.015385 -0.017000
v 0.001868 -0.015614 -0.017000
v 0.002011 -0.015815 -0.017000
v 0.002198 -0.015975 -0.017000
v 0.002419 -0.016084 -0.017000
v 0.002659 -0.016137 -0.017000
v 0.002905 -0.016128 -0.017000
v 0.006436 -0.010453 -0.017000
v 0.006681 -0.010484 -0.017000
v 0.006910 -0.010573 -0.017000
v 0.007111 -0.010715 -0.017000
v 0.007271 -0.010902 -0.017000
v 0.007380 -0.011123 -0.017000
v 0.007432 -0.011364 -0.017000
v 0.007424 -0.011610 -0.017000
v 0.005999 -0.010453 -0.017000
v 0.005999 -0.006953 -0.017000
v 0.005546 -0.007013 -0.017000
v 0.005206 -0.007143 -0.017000
v 0.005124 -0.007188 -0.017000
v 0.004852 -0.007382 -0.017000
v 0.004762 -0.007466 -0.017000
v 0.004566 -0.007699 -0.017000
v 0.004484 -0.007828 -0.017000
v 0.004366 -0.008076 -0.017000
v 0.004309 -0.008250 -0.017000
v 0.004262 -0.008490 -0.017000
v 0.004249 -0.008703 -0.017000
v 0.004262 -0.008917 -0.017000
v 0.004309 -0.009156 -0.017000
v 0.004366 -0.009331 -0.017000
v 0.004484 -0.009578 -0.017000
v 0.004566 -0.009708 -0.017000
v 0.004762 -0.009941 -0.017000
v 0.004852 -0.010025 -0.017000
v 0.005546 -0.010394 -0.017000
v 0.005206 -0.010263 -0.017000
v 0.005124 -0.010219 -0.017000
v 0.007632 -0.006953 -0.017000
v 0.008615 -0.006136 -0.017000
v 0.008547 -0.006357 -0.017000
v 0.008430 -0.006556 -0.017000
v 0.008271 -0.006722 -0.017000
v 0.008078 -0.006848 -0.017000
v 0.007861 -0.006927 -0.017000
v 0.009915 0.000843 -0.017000
v 0.001749 -0.014703 -0.017000
v 0.001689 -0.014250 -0.017000
v 0.001559 -0.013910 -0.017000
v 0.001515 -0.013828 -0.017000
v 0.001321 -0.013556 -0.017000
v 0.001237 -0.013466 -0.017000
v 0.001004 -0.013270 -0.017000
v 0.000874 -0.013188 -0.017000
v 0.000627 -0.013070 -0.017000
v 0.000452 -0.013013 -0.017000
v 0.000213 -0.012966 -0.017000
v -0.000001 -0.012953 -0.017000
v -0.000214 -0.012966 -0.017000
v -0.000454 -0.013013 -0.017000
v -0.000629 -0.013070 -0.017000
v -0.000876 -0.013188 -0.017000
v -0.001005 -0.013270 -0.017000
v -0.001238 -0.013466 -0.017000
v -0.001323 -0.013556 -0.017000
v -0.001751 -0.014703 -0.017000
v -0.001691 -0.014250 -0.017000
v -0.001561 -0.013910 -0.017000
v -0.001516 -0.013828 -0.017000
v -0.001751 -0.015141 -0.017000
v -0.001781 -0.015385 -0.017000
v -0.001870 -0.015614 -0.017000
v -0.002013 -0.015815 -0.017000
v -0.002200 -0.015975 -0.017000
v -0.002421 -0.016084 -0.017000
v -0.002661 -0.016137 -0.017000
v -0.002907 -0.016128 -0.017000
v -0.007426 -0.011610 -0.017000
v -0.007434 -0.011364 -0.017000
v -0.007382 -0.011123 -0.017000
v -0.007273 -0.010902 -0.017000
v -0.007113 -0.010715 -0.017000
v -0.006912 -0.010573 -0.017000
v -0.006682 -0.010484 -0.017000
v -0.006438 -0.010453 -0.017000
v -0.006001 -0.010453 -0.017000
v -0.005548 -0.010394 -0.017000
v -0.005208 -0.010263 -0.017000
v -0.005126 -0.010219 -0.017000
v -0.004854 -0.010025 -0.017000
v -0.004763 -0.009941 -0.017000
v -0.004568 -0.009708 -0.017000
v -0.004485 -0.009578 -0.017000
v -0.004367 -0.009331 -0.017000
v -0.004311 -0.009156 -0.017000
v -0.004264 -0.008917 -0.017000
v -0.004251 -0.008703 -0.017000
v -0.004264 -0.008490 -0.017000
v -0.004311 -0.008250 -0.017000
v -0.004367 -0.008076 -0.017000
v -0.004485 -0.007828 -0.017000
v -0.004568 -0.007699 -0.017000
v -0.004763 -0.007466 -0.017000
v -0.004854 -0.007382 -0.017000
v -0.006001 -0.006953 -0.017000
v -0.005548 -0.007013 -0.017000
v -0.005208 -0.007143 -0.017000
v -0.005126 -0.007188 -0.017000
v -0.007633 -0.006953 -0.017000
v -0.007863 -0.006927 -0.017000
v -0.008079 -0.006848 -0.017000
v -0.008273 -0.006722 -0.017000
v -0.008432 -0.006556 -0.017000
v -0.008548 -0.006357 -0.017000
v -0.008617 -0.006136 -0.017000
v -0.009916 0.000843 -0.017000
v -0.009701 0.008297 -0.016500
v -0.007113 0.008297 -0.016500
v -0.006854 0.008297 -0.016500
v -0.004804 0.008297 -0.016500
v -0.004329 0.008297 -0.016500
v -0.001501 0.008297 -0.016500
v 0.001499 0.008297 -0.016500
v 0.004328 0.008297 -0.016500
v 0.009699 0.008297 -0.016500
v 0.006853 0.008297 -0.016500
v 0.004803 0.008297 -0.016500
v 0.009699 0.008297 -0.010500
v 0.009699 0.008297 -0.007587
v 0.009699 0.008297 -0.007112
v 0.009699 0.008297 -0.004803
v 0.009699 0.008297 -0.004316
v 0.009699 0.008297 -0.002512
v 0.009699 0.008297 0.002512
v 0.009699 0.008297 0.006853
v 0.009699 0.008297 0.007112
v 0.009699 0.008297 0.007587
v 0.009699 0.008297 0.009413
v 0.009699 0.008297 0.010500
v 0.009699 0.008297 0.014763
v 0.009699 0.008297 0.016500
v 0.006853 0.008297 0.014763
v -0.006991 0.008297 0.011735
v -0.006889 0.008297 0.011487
v -0.006854 0.008297 0.010500
v -0.004668 0.008297 0.005922
v -0.004770 0.008297 0.006169
v -0.004804 0.008297 0.006853
v 0.004666 0.008297 -0.005922
v 0.004768 0.008297 -0.006169
v 0.004803 0.008297 -0.007112
v -0.006991 0.008297 -0.000265
v -0.006889 0.008297 -0.000513
v -0.006854 0.008297 -0.002512
v -0.003465 0.008297 -0.002000
v -0.002829 0.008297 -0.002828
v -0.004329 0.008297 -0.002512
v -0.002001 0.008297 -0.003464
v -0.001036 0.008297 -0.003864
v -0.001501 0.008297 -0.004316
v 0.001999 0.008297 0.003464
v 0.001034 0.008297 0.003864
v 0.001499 0.008297 0.006853
v -0.008567 0.008297 0.008566
v -0.008694 0.008297 0.008400
v -0.009701 0.008297 0.009413
v -0.008774 0.008297 0.008207
v -0.009701 0.008297 0.007587
v -0.008801 0.008297 0.008000
v -0.007113 0.008297 0.009413
v -0.007228 0.008297 0.008207
v -0.007308 0.008297 0.008400
v -0.007201 0.008297 0.008000
v -0.007113 0.008297 0.007587
v -0.007228 0.008297 0.007793
v -0.007435 0.008297 0.008566
v -0.007601 0.008297 0.008693
v -0.007794 0.008297 0.008773
v -0.008001 0.008297 0.008800
v -0.008208 0.008297 0.008773
v -0.008401 0.008297 0.008693
v -0.008774 0.008297 0.007793
v -0.008694 0.008297 0.007600
v -0.009701 0.008297 0.007112
v -0.008567 0.008297 0.007434
v -0.008401 0.008297 0.007307
v -0.008208 0.008297 0.007227
v -0.007113 0.008297 0.007112
v -0.008001 0.008297 0.007200
v -0.007794 0.008297 0.007227
v -0.007601 0.008297 0.007307
v -0.007435 0.008297 0.007434
v -0.007308 0.008297 0.007600
v 0.008399 0.008297 -0.007307
v 0.008206 0.008297 -0.007227
v 0.006853 0.008297 -0.007112
v 0.007999 0.008297 -0.007200
v 0.007792 0.008297 -0.007227
v 0.008799 0.008297 -0.008000
v 0.008772 0.008297 -0.007793
v 0.008692 0.008297 -0.007600
v 0.008565 0.008297 -0.007434
v 0.007599 0.008297 -0.007307
v 0.007433 0.008297 -0.007434
v 0.006853 0.008297 -0.007587
v 0.007306 0.008297 -0.007600
v 0.007226 0.008297 -0.007793
v 0.007433 0.008297 -0.008566
v 0.007599 0.008297 -0.008693
v 0.006853 0.008297 -0.010500
v 0.007792 0.008297 -0.008773
v 0.007999 0.008297 -0.008800
v 0.007199 0.008297 -0.008000
v 0.007226 0.008297 -0.008207
v 0.007306 0.008297 -0.008400
v 0.008206 0.008297 -0.008773
v 0.008399 0.008297 -0.008693
v 0.008565 0.008297 -0.008566
v 0.008692 0.008297 -0.008400
v 0.008772 0.008297 -0.008207
v -0.007601 0.008297 -0.007307
v -0.007794 0.008297 -0.007227
v -0.007113 0.008297 -0.007112
v -0.008001 0.008297 -0.007200
v -0.008208 0.008297 -0.007227
v -0.009701 0.008297 -0.007112
v -0.007113 0.008297 -0.007587
v -0.007308 0.008297 -0.007600
v -0.007435 0.008297 -0.007434
v -0.008401 0.008297 -0.007307
v -0.008567 0.008297 -0.007434
v -0.009701 0.008297 -0.007587
v -0.008694 0.008297 -0.007600
v -0.008774 0.008297 -0.007793
v -0.007113 0.008297 -0.010500
v -0.007201 0.008297 -0.008000
v -0.007228 0.008297 -0.007793
v -0.008567 0.008297 -0.008566
v -0.008401 0.008297 -0.008693
v -0.009701 0.008297 -0.010500
v -0.007435 0.008297 -0.008566
v -0.007308 0.008297 -0.008400
v -0.007228 0.008297 -0.008207
v -0.008208 0.008297 -0.008773
v -0.008001 0.008297 -0.008800
v -0.008801 0.008297 -0.008000
v -0.008774 0.008297 -0.008207
v -0.008694 0.008297 -0.008400
v -0.007794 0.008297 -0.008773
v -0.007601 0.008297 -0.008693
v -0.001036 0.008297 0.003864
v -0.000889 0.008297 0.005488
v -0.000726 0.008297 0.005275
v -0.000513 0.008297 0.006888
v -0.000726 0.008297 0.006725
v -0.001501 0.008297 0.006853
v -0.000889 0.008297 0.006512
v -0.000991 0.008297 0.006265
v -0.001026 0.008297 0.006000
v -0.000991 0.008297 0.005735
v 0.000512 0.008297 0.005112
v 0.000724 0.008297 0.005275
v 0.000887 0.008297 0.005488
v 0.000989 0.008297 0.005735
v 0.001024 0.008297 0.006000
v 0.000989 0.008297 0.006265
v 0.000887 0.008297 0.006512
v -0.000513 0.008297 0.005112
v -0.000266 0.008297 0.005010
v -0.000001 0.008297 0.004000
v -0.000001 0.008297 0.004975
v 0.000264 0.008297 0.005010
v 0.004328 0.008297 -0.002512
v 0.002828 0.008297 -0.002828
v 0.003463 0.008297 -0.002000
v 0.003863 0.008297 -0.001035
v 0.003999 0.008297 -0.000000
v 0.004328 0.008297 0.002512
v 0.003863 0.008297 0.001035
v 0.003463 0.008297 0.002000
v 0.001999 0.008297 -0.003464
v 0.004328 0.008297 -0.004316
v 0.001034 0.008297 -0.003864
v -0.004329 0.008297 -0.004316
v -0.002001 0.008297 0.003464
v -0.002829 0.008297 0.002828
v -0.004329 0.008297 0.002512
v -0.003465 0.008297 0.002000
v -0.003865 0.008297 0.001035
v -0.004001 0.008297 -0.000000
v -0.003865 0.008297 -0.001035
v -0.004804 0.008297 -0.002512
v -0.005276 0.008297 -0.000725
v -0.005113 0.008297 -0.000513
v -0.005011 0.008297 -0.000265
v -0.004976 0.008297 -0.000000
v -0.004804 0.008297 0.002512
v -0.005011 0.008297 0.000265
v -0.005113 0.008297 0.000513
v -0.005276 0.008297 0.000725
v -0.006726 0.008297 -0.000725
v -0.006513 0.008297 -0.000888
v -0.006266 0.008297 -0.000990
v -0.006001 0.008297 -0.001025
v -0.005736 0.008297 -0.000990
v -0.005488 0.008297 -0.000888
v -0.005488 0.008297 0.000888
v -0.005736 0.008297 0.000990
v -0.006854 0.008297 0.002512
v -0.006001 0.008297 0.001025
v -0.006266 0.008297 0.000990
v -0.006513 0.008297 0.000888
v -0.006726 0.008297 0.000725
v -0.006889 0.008297 0.000513
v -0.006991 0.008297 0.000265
v -0.007113 0.008297 0.002512
v -0.007026 0.008297 -0.000000
v -0.007113 0.008297 -0.002512
v 0.000724 0.008297 0.006725
v 0.000512 0.008297 0.006888
v 0.001499 0.008297 0.007112
v 0.000264 0.008297 0.006990
v -0.000266 0.008297 0.006990
v -0.001501 0.008297 0.007112
v -0.000001 0.008297 0.007025
v 0.005111 0.008297 -0.000513
v 0.005274 0.008297 -0.000725
v 0.004803 0.008297 -0.002512
v 0.005487 0.008297 -0.000888
v 0.006989 0.008297 0.000265
v 0.006887 0.008297 0.000513
v 0.006853 0.008297 0.002512
v 0.006724 0.008297 0.000725
v 0.006512 0.008297 0.000888
v 0.005487 0.008297 0.000888
v 0.005274 0.008297 0.000725
v 0.004803 0.008297 0.002512
v 0.005111 0.008297 0.000513
v 0.005734 0.008297 -0.000990
v 0.005999 0.008297 -0.001025
v 0.006853 0.008297 -0.002512
v 0.006264 0.008297 -0.000990
v 0.006512 0.008297 -0.000888
v 0.006724 0.008297 -0.000725
v 0.005009 0.008297 0.000265
v 0.004974 0.008297 -0.000000
v 0.005009 0.008297 -0.000265
v 0.006264 0.008297 0.000990
v 0.005999 0.008297 0.001025
v 0.005734 0.008297 0.000990
v 0.007024 0.008297 -0.000000
v 0.006989 0.008297 -0.000265
v 0.006887 0.008297 -0.000513
v 0.004768 0.008297 -0.005144
v 0.004666 0.008297 -0.005392
v 0.004328 0.008297 -0.004803
v 0.004631 0.008297 -0.005657
v 0.004328 0.008297 -0.007112
v 0.005656 0.008297 -0.004632
v 0.005391 0.008297 -0.004667
v 0.004803 0.008297 -0.004316
v 0.005143 0.008297 -0.004769
v 0.004803 0.008297 -0.004803
v 0.004931 0.008297 -0.004932
v 0.005656 0.008297 -0.006682
v 0.005921 0.008297 -0.006647
v 0.004931 0.008297 -0.006382
v 0.005143 0.008297 -0.006545
v 0.005391 0.008297 -0.006647
v 0.005921 0.008297 -0.004667
v 0.006853 0.008297 -0.004316
v 0.006168 0.008297 -0.004769
v 0.006853 0.008297 -0.004803
v 0.006381 0.008297 -0.004932
v 0.006544 0.008297 -0.005144
v 0.006168 0.008297 -0.006545
v 0.006381 0.008297 -0.006382
v 0.006544 0.008297 -0.006169
v 0.006646 0.008297 -0.005922
v 0.006681 0.008297 -0.005657
v 0.006646 0.008297 -0.005392
v -0.006545 0.008297 -0.005144
v -0.006854 0.008297 -0.004803
v -0.006383 0.008297 -0.004932
v -0.006170 0.008297 -0.004769
v -0.006648 0.008297 -0.005922
v -0.006854 0.008297 -0.007112
v -0.006683 0.008297 -0.005657
v -0.006648 0.008297 -0.005392
v -0.006545 0.008297 -0.006169
v -0.006383 0.008297 -0.006382
v -0.006170 0.008297 -0.006545
v -0.005923 0.008297 -0.006647
v -0.005658 0.008297 -0.006682
v -0.004804 0.008297 -0.007112
v -0.005392 0.008297 -0.006647
v -0.005145 0.008297 -0.006545
v -0.004933 0.008297 -0.006382
v -0.005923 0.008297 -0.004667
v -0.006854 0.008297 -0.004316
v -0.005658 0.008297 -0.004632
v -0.005392 0.008297 -0.004667
v -0.004804 0.008297 -0.004316
v -0.005145 0.008297 -0.004769
v -0.004804 0.008297 -0.004803
v -0.004933 0.008297 -0.004932
v -0.004770 0.008297 -0.005144
v -0.004770 0.008297 -0.006169
v -0.004668 0.008297 -0.005922
v -0.004329 0.008297 -0.007112
v -0.004633 0.008297 -0.005657
v -0.004329 0.008297 -0.004803
v -0.004668 0.008297 -0.005392
v 0.004768 0.008297 0.006169
v 0.004666 0.008297 0.005922
v 0.004328 0.008297 0.006853
v 0.004631 0.008297 0.005657
v 0.002828 0.008297 0.002828
v 0.004666 0.008297 0.005392
v 0.004768 0.008297 0.005144
v 0.004931 0.008297 0.004932
v 0.005143 0.008297 0.004769
v 0.005921 0.008297 0.004667
v 0.005656 0.008297 0.004632
v 0.005391 0.008297 0.004667
v 0.005656 0.008297 0.006682
v 0.005391 0.008297 0.006647
v 0.004803 0.008297 0.006853
v 0.005143 0.008297 0.006545
v 0.004931 0.008297 0.006382
v 0.006168 0.008297 0.004769
v 0.006381 0.008297 0.004932
v 0.006544 0.008297 0.005144
v 0.006544 0.008297 0.006169
v 0.006381 0.008297 0.006382
v 0.006853 0.008297 0.006853
v 0.006168 0.008297 0.006545
v 0.005921 0.008297 0.006647
v 0.006646 0.008297 0.005392
v 0.006681 0.008297 0.005657
v 0.006646 0.008297 0.005922
v -0.006383 0.008297 0.006382
v -0.006545 0.008297 0.006169
v -0.006854 0.008297 0.006853
v -0.004933 0.008297 0.006382
v -0.005145 0.008297 0.006545
v -0.005392 0.008297 0.006647
v -0.006648 0.008297 0.005922
v -0.006683 0.008297 0.005657
v -0.006648 0.008297 0.005392
v -0.006545 0.008297 0.005144
v -0.006383 0.008297 0.004932
v -0.005658 0.008297 0.006682
v -0.005923 0.008297 0.006647
v -0.006170 0.008297 0.006545
v -0.006170 0.008297 0.004769
v -0.005923 0.008297 0.004667
v -0.005658 0.008297 0.004632
v -0.005392 0.008297 0.004667
v -0.005145 0.008297 0.004769
v -0.004933 0.008297 0.004932
v -0.004770 0.008297 0.005144
v -0.004668 0.008297 0.005392
v -0.004329 0.008297 0.006853
v -0.004633 0.008297 0.005657
v -0.003991 0.008297 0.009265
v -0.004026 0.008297 0.009000
v -0.004329 0.008297 0.009413
v -0.004329 0.008297 0.007587
v -0.003991 0.008297 0.008735
v -0.003889 0.008297 0.008488
v -0.003726 0.008297 0.008275
v -0.003513 0.008297 0.008112
v -0.003266 0.008297 0.008010
v -0.003001 0.008297 0.007975
v -0.002736 0.008297 0.008010
v -0.001501 0.008297 0.007587
v -0.002488 0.008297 0.008112
v -0.002011 0.008297 0.008735
v -0.001501 0.008297 0.009413
v -0.001976 0.008297 0.009000
v -0.002276 0.008297 0.008275
v -0.002113 0.008297 0.008488
v -0.002488 0.008297 0.009888
v -0.002736 0.008297 0.009990
v -0.001501 0.008297 0.010500
v -0.003001 0.008297 0.010025
v -0.003266 0.008297 0.009990
v -0.004329 0.008297 0.010500
v -0.003513 0.008297 0.009888
v -0.003726 0.008297 0.009725
v -0.003889 0.008297 0.009512
v -0.002011 0.008297 0.009265
v -0.002113 0.008297 0.009512
v -0.002276 0.008297 0.009725
v 0.002999 0.008297 0.007975
v 0.003264 0.008297 0.008010
v 0.004328 0.008297 0.007587
v 0.003512 0.008297 0.008112
v 0.002111 0.008297 0.008488
v 0.002274 0.008297 0.008275
v 0.001499 0.008297 0.007587
v 0.002487 0.008297 0.008112
v 0.002734 0.008297 0.008010
v 0.003989 0.008297 0.008735
v 0.004328 0.008297 0.009413
v 0.004024 0.008297 0.009000
v 0.002111 0.008297 0.009512
v 0.002009 0.008297 0.009265
v 0.001499 0.008297 0.009413
v 0.001974 0.008297 0.009000
v 0.002009 0.008297 0.008735
v 0.003724 0.008297 0.008275
v 0.003887 0.008297 0.008488
v 0.002274 0.008297 0.009725
v 0.001499 0.008297 0.010500
v 0.002487 0.008297 0.009888
v 0.003989 0.008297 0.009265
v 0.003887 0.008297 0.009512
v 0.004328 0.008297 0.010500
v 0.003724 0.008297 0.009725
v 0.003512 0.008297 0.009888
v 0.003264 0.008297 0.009990
v 0.002999 0.008297 0.010025
v 0.002734 0.008297 0.009990
v -0.006001 0.008297 0.010975
v -0.005736 0.008297 0.011010
v -0.004804 0.008297 0.010500
v -0.006854 0.008297 0.014763
v -0.006266 0.008297 0.012990
v -0.006513 0.008297 0.012888
v -0.006726 0.008297 0.011275
v -0.006513 0.008297 0.011112
v -0.006266 0.008297 0.011010
v -0.005488 0.008297 0.011112
v -0.005276 0.008297 0.011275
v -0.005113 0.008297 0.011487
v -0.005011 0.008297 0.011735
v -0.004976 0.008297 0.012000
v -0.004804 0.008297 0.014763
v -0.005011 0.008297 0.012265
v -0.005113 0.008297 0.012513
v -0.005276 0.008297 0.012725
v -0.005488 0.008297 0.012888
v -0.005736 0.008297 0.012990
v -0.006001 0.008297 0.013025
v -0.007026 0.008297 0.012000
v -0.007113 0.008297 0.010500
v -0.007113 0.008297 0.014763
v -0.006726 0.008297 0.012725
v -0.006889 0.008297 0.012513
v -0.006991 0.008297 0.012265
v 0.006512 0.008297 0.011112
v 0.006724 0.008297 0.011275
v 0.006853 0.008297 0.010500
v 0.006724 0.008297 0.012725
v 0.006512 0.008297 0.012888
v 0.005487 0.008297 0.012888
v 0.005274 0.008297 0.012725
v 0.004803 0.008297 0.014763
v 0.004974 0.008297 0.012000
v 0.005009 0.008297 0.011735
v 0.004803 0.008297 0.010500
v 0.006264 0.008297 0.012990
v 0.005999 0.008297 0.013025
v 0.005734 0.008297 0.012990
v 0.005111 0.008297 0.012513
v 0.005009 0.008297 0.012265
v 0.005111 0.008297 0.011487
v 0.005274 0.008297 0.011275
v 0.005487 0.008297 0.011112
v 0.005734 0.008297 0.011010
v 0.005999 0.008297 0.010975
v 0.006264 0.008297 0.011010
v 0.006887 0.008297 0.011487
v 0.006989 0.008297 0.011735
v 0.007024 0.008297 0.012000
v 0.006989 0.008297 0.012265
v 0.006887 0.008297 0.012513
v -0.006513 0.008297 -0.011112
v -0.006726 0.008297 -0.011275
v -0.006854 0.008297 -0.010500
v -0.006726 0.008297 -0.012725
v -0.006513 0.008297 -0.012888
v -0.005736 0.008297 -0.012990
v -0.006001 0.008297 -0.013025
v -0.006266 0.008297 -0.012990
v -0.005488 0.008297 -0.012888
v -0.005276 0.008297 -0.012725
v -0.005113 0.008297 -0.012513
v -0.005011 0.008297 -0.012265
v -0.004976 0.008297 -0.012000
v -0.004804 0.008297 -0.010500
v -0.005011 0.008297 -0.011735
v -0.005113 0.008297 -0.011487
v -0.005276 0.008297 -0.011275
v -0.005488 0.008297 -0.011112
v -0.005736 0.008297 -0.011010
v -0.006001 0.008297 -0.010975
v -0.006266 0.008297 -0.011010
v -0.006889 0.008297 -0.011487
v -0.006991 0.008297 -0.011735
v -0.007026 0.008297 -0.012000
v -0.006991 0.008297 -0.012265
v -0.006889 0.008297 -0.012513
v 0.006264 0.008297 -0.012990
v 0.006512 0.008297 -0.012888
v 0.005999 0.008297 -0.010975
v 0.005734 0.008297 -0.011010
v 0.004803 0.008297 -0.010500
v 0.006887 0.008297 -0.011487
v 0.006724 0.008297 -0.011275
v 0.006512 0.008297 -0.011112
v 0.006264 0.008297 -0.011010
v 0.005487 0.008297 -0.011112
v 0.005274 0.008297 -0.011275
v 0.005111 0.008297 -0.011487
v 0.005009 0.008297 -0.011735
v 0.004974 0.008297 -0.012000
v 0.005009 0.008297 -0.012265
v 0.005111 0.008297 -0.012513
v 0.005274 0.008297 -0.012725
v 0.005487 0.008297 -0.012888
v 0.005734 0.008297 -0.012990
v 0.005999 0.008297 -0.013025
v 0.006989 0.008297 -0.011735
v 0.006724 0.008297 -0.012725
v 0.006887 0.008297 -0.012513
v 0.006989 0.008297 -0.012265
v 0.007024 0.008297 -0.012000
v 0.008772 0.008297 0.008207
v 0.008799 0.008297 0.008000
v 0.008772 0.008297 0.007793
v 0.008692 0.008297 0.008400
v 0.008565 0.008297 0.008566
v 0.008399 0.008297 0.008693
v 0.008206 0.008297 0.008773
v 0.007999 0.008297 0.008800
v 0.006853 0.008297 0.009413
v 0.007792 0.008297 0.008773
v 0.007599 0.008297 0.008693
v 0.007433 0.008297 0.008566
v 0.007306 0.008297 0.008400
v 0.007226 0.008297 0.008207
v 0.006853 0.008297 0.007587
v 0.007199 0.008297 0.008000
v 0.006853 0.008297 0.007112
v 0.007599 0.008297 0.007307
v 0.007792 0.008297 0.007227
v 0.007226 0.008297 0.007793
v 0.007306 0.008297 0.007600
v 0.007433 0.008297 0.007434
v 0.007999 0.008297 0.007200
v 0.008206 0.008297 0.007227
v 0.008399 0.008297 0.007307
v 0.008565 0.008297 0.007434
v 0.008692 0.008297 0.007600
v 0.004328 0.008297 -0.010500
v 0.001499 0.008297 -0.010500
v -0.000001 0.008297 -0.010975
v -0.000266 0.008297 -0.011010
v -0.001501 0.008297 -0.010500
v -0.000513 0.008297 -0.011112
v -0.000726 0.008297 -0.011275
v -0.001026 0.008297 -0.012000
v -0.000991 0.008297 -0.012265
v -0.000889 0.008297 -0.011487
v -0.000991 0.008297 -0.011735
v -0.000889 0.008297 -0.012513
v -0.000726 0.008297 -0.012725
v -0.000513 0.008297 -0.012888
v -0.000266 0.008297 -0.012990
v -0.000001 0.008297 -0.013025
v 0.000264 0.008297 -0.012990
v 0.000512 0.008297 -0.012888
v 0.000989 0.008297 -0.011735
v 0.000887 0.008297 -0.011487
v 0.001024 0.008297 -0.012000
v 0.000989 0.008297 -0.012265
v 0.000724 0.008297 -0.012725
v 0.000887 0.008297 -0.012513
v 0.000724 0.008297 -0.011275
v 0.000512 0.008297 -0.011112
v 0.000264 0.008297 -0.011010
v -0.004329 0.008297 -0.010500
v 0.002999 0.008297 -0.007975
v 0.002734 0.008297 -0.008010
v 0.001499 0.008297 -0.007587
v 0.003512 0.008297 -0.009888
v 0.003724 0.008297 -0.009725
v 0.003887 0.008297 -0.009512
v 0.002487 0.008297 -0.008112
v 0.002274 0.008297 -0.008275
v 0.002111 0.008297 -0.008488
v 0.003989 0.008297 -0.009265
v 0.004024 0.008297 -0.009000
v 0.004328 0.008297 -0.007587
v 0.003989 0.008297 -0.008735
v 0.003887 0.008297 -0.008488
v 0.003724 0.008297 -0.008275
v 0.003512 0.008297 -0.008112
v 0.003264 0.008297 -0.008010
v 0.002111 0.008297 -0.009512
v 0.002274 0.008297 -0.009725
v 0.002487 0.008297 -0.009888
v 0.002009 0.008297 -0.008735
v 0.001974 0.008297 -0.009000
v 0.002009 0.008297 -0.009265
v 0.002734 0.008297 -0.009990
v 0.002999 0.008297 -0.010025
v 0.003264 0.008297 -0.009990
v -0.004329 0.008297 -0.007587
v -0.003001 0.008297 -0.007975
v -0.003266 0.008297 -0.008010
v -0.003513 0.008297 -0.008112
v -0.003726 0.008297 -0.008275
v -0.003889 0.008297 -0.008488
v -0.003991 0.008297 -0.009265
v -0.004026 0.008297 -0.009000
v -0.003991 0.008297 -0.008735
v -0.002488 0.008297 -0.009888
v -0.002276 0.008297 -0.009725
v -0.002113 0.008297 -0.009512
v -0.002011 0.008297 -0.009265
v -0.001976 0.008297 -0.009000
v -0.001501 0.008297 -0.007587
v -0.002011 0.008297 -0.008735
v -0.002113 0.008297 -0.008488
v -0.003889 0.008297 -0.009512
v -0.003726 0.008297 -0.009725
v -0.003513 0.008297 -0.009888
v -0.003266 0.008297 -0.009990
v -0.003001 0.008297 -0.010025
v -0.002736 0.008297 -0.009990
v -0.002276 0.008297 -0.008275
v -0.002488 0.008297 -0.008112
v -0.002736 0.008297 -0.008010
v 0.004803 0.008297 -0.007587
v -0.004804 0.008297 -0.007587
v -0.006854 0.008297 -0.007587
v 0.000887 0.008297 -0.005488
v 0.000724 0.008297 -0.005275
v 0.001499 0.008297 -0.004803
v 0.000512 0.008297 -0.005112
v 0.000264 0.008297 -0.005010
v -0.000001 0.008297 -0.007025
v 0.000264 0.008297 -0.006990
v 0.001499 0.008297 -0.007112
v -0.001501 0.008297 -0.004803
v -0.000001 0.008297 -0.004975
v -0.000266 0.008297 -0.005010
v -0.000513 0.008297 -0.005112
v -0.000726 0.008297 -0.005275
v -0.000889 0.008297 -0.005488
v -0.000991 0.008297 -0.005735
v -0.001026 0.008297 -0.006000
v -0.001501 0.008297 -0.007112
v -0.000991 0.008297 -0.006265
v -0.000889 0.008297 -0.006512
v -0.000726 0.008297 -0.006725
v -0.000513 0.008297 -0.006888
v -0.000266 0.008297 -0.006990
v 0.000512 0.008297 -0.006888
v 0.000724 0.008297 -0.006725
v 0.000887 0.008297 -0.006512
v 0.000989 0.008297 -0.006265
v 0.001024 0.008297 -0.006000
v 0.000989 0.008297 -0.005735
v 0.001499 0.008297 -0.004316
v -0.000001 0.008297 -0.004000
v -0.007113 0.008297 -0.004803
v -0.007113 0.008297 -0.004316
v -0.009701 0.008297 -0.004803
v -0.009701 0.008297 -0.004316
v -0.009701 0.008297 -0.002512
v -0.009701 0.008297 0.002512
v -0.007113 0.008297 0.006853
v -0.009701 0.008297 0.006853
v 0.004328 0.008297 0.007112
v -0.004329 0.008297 0.007112
v 0.004803 0.008297 0.007112
v 0.004803 0.008297 0.007587
v 0.004803 0.008297 0.009413
v -0.004804 0.008297 0.007112
v -0.006854 0.008297 0.007112
v -0.004804 0.008297 0.007587
v -0.006854 0.008297 0.007587
v -0.004804 0.008297 0.009413
v -0.006854 0.008297 0.009413
v -0.000001 0.008297 0.010975
v 0.000264 0.008297 0.011010
v 0.000887 0.008297 0.011487
v 0.000989 0.008297 0.011735
v 0.001024 0.008297 0.012000
v 0.001499 0.008297 0.014763
v 0.000989 0.008297 0.012265
v 0.000887 0.008297 0.012513
v 0.000264 0.008297 0.012990
v -0.001501 0.008297 0.014763
v -0.000001 0.008297 0.013025
v -0.000266 0.008297 0.012990
v -0.000513 0.008297 0.012888
v -0.000726 0.008297 0.012725
v -0.000889 0.008297 0.012513
v 0.000512 0.008297 0.011112
v 0.000724 0.008297 0.011275
v 0.004328 0.008297 0.014763
v -0.000889 0.008297 0.011487
v -0.000726 0.008297 0.011275
v -0.000513 0.008297 0.011112
v -0.000266 0.008297 0.011010
v 0.000724 0.008297 0.012725
v 0.000512 0.008297 0.012888
v -0.000991 0.008297 0.012265
v -0.001026 0.008297 0.012000
v -0.000991 0.008297 0.011735
v -0.004329 0.008297 0.014763
v -0.009701 0.008297 0.010500
v -0.009701 0.008297 0.014763
v 0.006853 0.008297 0.016500
v 0.004803 0.008297 0.016500
v 0.004328 0.008297 0.016500
v 0.001499 0.008297 0.016500
v -0.001501 0.008297 0.016500
v -0.004329 0.008297 0.016500
v -0.004804 0.008297 0.016500
v -0.006854 0.008297 0.016500
v -0.007113 0.008297 0.016500
v -0.009701 0.008297 0.016500
v -0.002001 0.005797 -0.003464
v -0.001156 0.005797 -0.003830
v -0.002001 0.006797 -0.003464
v -0.001156 0.007097 -0.003830
v -0.003465 0.006797 -0.002000
v -0.002829 0.006797 -0.002828
v -0.003465 0.006797 0.002000
v -0.003465 0.005797 0.002000
v -0.003831 0.005797 0.001155
v -0.003831 0.007097 0.001155
v -0.003865 0.007097 0.001035
v -0.004001 0.007097 -0.000000
v -0.003865 0.007097 -0.001035
v -0.003831 0.007097 -0.001155
v -0.003831 0.005797 -0.001155
v -0.003465 0.005797 -0.002000
v -0.002829 0.006797 0.002828
v -0.002001 0.006797 0.003464
v 0.001999 0.006797 0.003464
v 0.001999 0.005797 0.003464
v 0.001154 0.005797 0.003830
v 0.001154 0.007097 0.003830
v 0.001034 0.007097 0.003864
v -0.000001 0.007097 0.004000
v -0.001036 0.007097 0.003864
v -0.001156 0.007097 0.003830
v -0.001156 0.005797 0.003830
v -0.002001 0.005797 0.003464
v 0.002828 0.006797 0.002828
v 0.003463 0.006797 0.002000
v 0.003463 0.006797 -0.002000
v 0.003463 0.005797 -0.002000
v 0.003829 0.005797 -0.001155
v 0.003829 0.007097 -0.001155
v 0.003863 0.007097 -0.001035
v 0.003999 0.007097 -0.000000
v 0.003863 0.007097 0.001035
v 0.003829 0.007097 0.001155
v 0.003829 0.005797 0.001155
v 0.003463 0.005797 0.002000
v 0.002828 0.006797 -0.002828
v 0.001999 0.006797 -0.003464
v -0.001036 0.007097 -0.003864
v -0.000001 0.007097 -0.004000
v 0.001034 0.007097 -0.003864
v 0.001154 0.007097 -0.003830
v 0.001154 0.005797 -0.003830
v 0.001999 0.005797 -0.003464
v -0.004329 0.007097 0.007453
v -0.001038 0.007097 0.007453
v -0.001038 0.007097 0.007927
v 0.003264 0.007097 0.008010
v 0.002999 0.007097 0.007975
v 0.004328 0.007097 0.007927
v 0.001007 0.007097 0.009850
v 0.001037 0.007097 0.009778
v 0.001036 0.007097 0.010073
v 0.001502 0.007097 0.004843
v 0.001154 0.007097 0.004000
v 0.001606 0.007097 0.004783
v 0.004496 0.007097 0.013157
v 0.004246 0.007097 0.012723
v 0.004328 0.007097 0.010073
v -0.005751 0.007097 0.010120
v -0.005751 0.007097 0.010073
v -0.004329 0.007097 0.010073
v -0.007185 0.007097 0.006511
v -0.006854 0.007097 0.006853
v -0.006919 0.007097 0.006870
v -0.007349 0.007097 0.005209
v -0.007181 0.007097 0.004795
v -0.006913 0.007097 0.004437
v -0.001156 0.007097 0.004000
v -0.001963 0.007097 0.006778
v -0.001953 0.007097 0.006700
v -0.001038 0.007097 0.006853
v -0.001963 0.007097 0.006622
v -0.001993 0.007097 0.006550
v -0.001504 0.007097 0.004843
v -0.001608 0.007097 0.004783
v -0.002310 0.007097 0.006000
v -0.001858 0.007097 0.005217
v -0.001754 0.007097 0.005277
v -0.004156 0.007097 0.007000
v -0.003251 0.007097 0.007000
v -0.003251 0.007097 0.007120
v -0.004323 0.007097 0.006789
v -0.004329 0.007097 0.006853
v -0.002253 0.007097 0.007000
v -0.002175 0.007097 0.006990
v -0.002751 0.007097 0.007120
v -0.002751 0.007097 0.007000
v -0.002103 0.007097 0.006960
v -0.002040 0.007097 0.006912
v -0.001993 0.007097 0.006850
v -0.003940 0.007097 0.005989
v -0.004191 0.007097 0.004702
v -0.003911 0.007097 0.005543
v -0.003997 0.007097 0.005105
v -0.005145 0.007097 0.006545
v -0.004933 0.007097 0.006382
v -0.004770 0.007097 0.006169
v -0.004668 0.007097 0.005922
v -0.004080 0.007097 0.006414
v -0.004318 0.007097 0.004530
v -0.004633 0.007097 0.005657
v -0.006170 0.007097 0.006545
v -0.006383 0.007097 0.006382
v -0.006545 0.007097 0.006169
v -0.006545 0.007097 0.005144
v -0.006648 0.007097 0.005392
v -0.006683 0.007097 0.005657
v -0.006648 0.007097 0.005922
v -0.005923 0.007097 0.006647
v -0.005658 0.007097 0.006682
v -0.005392 0.007097 0.006647
v -0.004668 0.007097 0.005392
v -0.004770 0.007097 0.005144
v -0.004481 0.007097 0.004361
v -0.004933 0.007097 0.004932
v -0.004848 0.007097 0.004106
v -0.005145 0.007097 0.004769
v -0.005267 0.007097 0.003951
v -0.005392 0.007097 0.004667
v -0.005712 0.007097 0.003908
v -0.005658 0.007097 0.004632
v -0.006154 0.007097 0.003979
v -0.005923 0.007097 0.004667
v -0.006563 0.007097 0.004159
v -0.006170 0.007097 0.004769
v -0.006383 0.007097 0.004932
v -0.007408 0.007097 0.005652
v -0.007352 0.007097 0.006096
v -0.005722 0.007097 0.007406
v -0.006163 0.007097 0.007332
v -0.006571 0.007097 0.007150
v -0.005175 0.007097 0.009990
v -0.005103 0.007097 0.009960
v -0.005040 0.007097 0.009912
v -0.004993 0.007097 0.009850
v -0.004963 0.007097 0.009778
v -0.005310 0.007097 0.009000
v -0.004521 0.007097 0.007634
v -0.004993 0.007097 0.009550
v -0.004329 0.007097 0.007927
v -0.004963 0.007097 0.009622
v -0.004953 0.007097 0.009700
v -0.005253 0.007097 0.010000
v -0.005751 0.007097 0.010000
v -0.006251 0.007097 0.010073
v -0.006251 0.007097 0.010120
v -0.006889 0.007097 0.011487
v -0.004498 0.007097 0.013157
v -0.004394 0.007097 0.013217
v -0.006854 0.007097 0.013512
v -0.005113 0.007097 0.011487
v -0.005276 0.007097 0.011275
v -0.006889 0.007097 0.012513
v -0.006726 0.007097 0.012725
v -0.006513 0.007097 0.012888
v -0.006266 0.007097 0.012990
v -0.004976 0.007097 0.012000
v -0.005011 0.007097 0.011735
v -0.004248 0.007097 0.012723
v -0.005488 0.007097 0.011112
v -0.005736 0.007097 0.011010
v -0.006001 0.007097 0.010975
v -0.006266 0.007097 0.011010
v -0.006513 0.007097 0.011112
v -0.006726 0.007097 0.011275
v -0.006001 0.007097 0.013025
v -0.005736 0.007097 0.012990
v -0.005488 0.007097 0.012888
v -0.005276 0.007097 0.012725
v -0.005113 0.007097 0.012513
v -0.005011 0.007097 0.012265
v -0.006854 0.007097 0.010073
v -0.007197 0.007097 0.010073
v -0.006854 0.007097 0.010000
v -0.007156 0.007097 0.010000
v -0.007858 0.007097 0.012783
v -0.008310 0.007097 0.012000
v -0.007754 0.007097 0.012723
v -0.007026 0.007097 0.012000
v -0.006991 0.007097 0.011735
v -0.006251 0.007097 0.010000
v -0.006991 0.007097 0.012265
v -0.007504 0.007097 0.013157
v -0.007608 0.007097 0.013217
v -0.007156 0.007097 0.014000
v -0.006854 0.007097 0.014000
v -0.004846 0.007097 0.014000
v -0.001504 0.007097 0.013157
v -0.001754 0.007097 0.012723
v -0.001038 0.007097 0.010073
v -0.001993 0.007097 0.011150
v -0.002040 0.007097 0.011088
v -0.001963 0.007097 0.011222
v -0.002751 0.007097 0.010880
v -0.003251 0.007097 0.010880
v -0.002103 0.007097 0.011040
v -0.002175 0.007097 0.011010
v -0.002253 0.007097 0.011000
v -0.004049 0.007097 0.011300
v -0.001858 0.007097 0.012783
v -0.002310 0.007097 0.012000
v -0.003961 0.007097 0.011088
v -0.003899 0.007097 0.011040
v -0.003827 0.007097 0.011010
v -0.004009 0.007097 0.011150
v -0.004039 0.007097 0.011222
v -0.003692 0.007097 0.012000
v -0.004144 0.007097 0.012783
v -0.004009 0.007097 0.011450
v -0.004039 0.007097 0.011378
v -0.001993 0.007097 0.011450
v -0.001963 0.007097 0.011378
v -0.001953 0.007097 0.011300
v -0.003251 0.007097 0.011000
v -0.003749 0.007097 0.011000
v 0.001606 0.007097 0.013217
v 0.001511 0.007097 0.013382
v 0.001502 0.007097 0.013157
v 0.001435 0.007097 0.013512
v 0.001036 0.007097 0.013512
v 0.004007 0.007097 0.011150
v 0.003960 0.007097 0.011088
v 0.004037 0.007097 0.011222
v 0.003249 0.007097 0.010880
v 0.002749 0.007097 0.010880
v 0.001511 0.007097 0.010073
v 0.003897 0.007097 0.011040
v 0.003825 0.007097 0.011010
v 0.003747 0.007097 0.011000
v 0.002173 0.007097 0.011010
v 0.002101 0.007097 0.011040
v 0.002039 0.007097 0.011088
v 0.001991 0.007097 0.011150
v 0.004047 0.007097 0.011300
v 0.004037 0.007097 0.011378
v 0.002749 0.007097 0.011000
v 0.002251 0.007097 0.011000
v 0.004142 0.007097 0.012783
v 0.003690 0.007097 0.012000
v 0.004007 0.007097 0.011450
v 0.001961 0.007097 0.011222
v 0.001951 0.007097 0.011300
v 0.001752 0.007097 0.012723
v 0.002308 0.007097 0.012000
v 0.001856 0.007097 0.012783
v 0.001991 0.007097 0.011450
v 0.001961 0.007097 0.011378
v 0.007435 0.007097 0.013512
v 0.007154 0.007097 0.014000
v 0.004844 0.007097 0.014000
v 0.008308 0.007097 0.012000
v 0.007856 0.007097 0.012783
v 0.007196 0.007097 0.010073
v 0.007752 0.007097 0.012723
v 0.006249 0.007097 0.010120
v 0.004803 0.007097 0.013512
v 0.007502 0.007097 0.013157
v 0.007606 0.007097 0.013217
v 0.005999 0.007097 0.010975
v 0.005749 0.007097 0.010120
v 0.006264 0.007097 0.011010
v 0.006512 0.007097 0.011112
v 0.005734 0.007097 0.011010
v 0.005487 0.007097 0.011112
v 0.004803 0.007097 0.010073
v 0.005274 0.007097 0.011275
v 0.005111 0.007097 0.011487
v 0.005009 0.007097 0.011735
v 0.004974 0.007097 0.012000
v 0.005009 0.007097 0.012265
v 0.005111 0.007097 0.012513
v 0.005274 0.007097 0.012725
v 0.005487 0.007097 0.012888
v 0.005734 0.007097 0.012990
v 0.005999 0.007097 0.013025
v 0.006264 0.007097 0.012990
v 0.006512 0.007097 0.012888
v 0.006724 0.007097 0.012725
v 0.006887 0.007097 0.012513
v 0.006989 0.007097 0.012265
v 0.007024 0.007097 0.012000
v 0.006989 0.007097 0.011735
v 0.006887 0.007097 0.011487
v 0.006724 0.007097 0.011275
v 0.006249 0.007097 0.010073
v 0.006249 0.007097 0.010000
v 0.007154 0.007097 0.010000
v 0.005749 0.007097 0.010073
v 0.005251 0.007097 0.010000
v 0.005749 0.007097 0.010000
v 0.004991 0.007097 0.009850
v 0.005039 0.007097 0.009912
v 0.004520 0.007097 0.007634
v 0.005308 0.007097 0.009000
v 0.004991 0.007097 0.009550
v 0.004961 0.007097 0.009622
v 0.004951 0.007097 0.009700
v 0.004961 0.007097 0.009778
v 0.005101 0.007097 0.009960
v 0.005173 0.007097 0.009990
v 0.004392 0.007097 0.013217
v 0.004328 0.007097 0.006853
v 0.004803 0.007097 0.006853
v 0.004328 0.007097 0.007453
v 0.004854 0.007097 0.007212
v 0.006161 0.007097 0.007332
v 0.006569 0.007097 0.007150
v 0.006917 0.007097 0.006870
v 0.005720 0.007097 0.007406
v 0.005275 0.007097 0.007365
v 0.004931 0.007097 0.006382
v 0.005143 0.007097 0.006545
v 0.005921 0.007097 0.006647
v 0.005656 0.007097 0.006682
v 0.005391 0.007097 0.006647
v 0.005143 0.007097 0.004769
v 0.004846 0.007097 0.004106
v 0.005391 0.007097 0.004667
v 0.005265 0.007097 0.003951
v 0.005656 0.007097 0.004632
v 0.005710 0.007097 0.003908
v 0.005921 0.007097 0.004667
v 0.006152 0.007097 0.003979
v 0.006168 0.007097 0.004769
v 0.006561 0.007097 0.004159
v 0.006381 0.007097 0.004932
v 0.006911 0.007097 0.004437
v 0.006544 0.007097 0.005144
v 0.007179 0.007097 0.004795
v 0.006646 0.007097 0.005392
v 0.007348 0.007097 0.005209
v 0.006681 0.007097 0.005657
v 0.007406 0.007097 0.005652
v 0.006646 0.007097 0.005922
v 0.007350 0.007097 0.006096
v 0.006544 0.007097 0.006169
v 0.007184 0.007097 0.006511
v 0.006381 0.007097 0.006382
v 0.006168 0.007097 0.006545
v 0.004931 0.007097 0.004932
v 0.004768 0.007097 0.005144
v 0.004479 0.007097 0.004361
v 0.004666 0.007097 0.005392
v 0.004631 0.007097 0.005657
v 0.004666 0.007097 0.005922
v 0.004768 0.007097 0.006169
v 0.004321 0.007097 0.006789
v 0.004078 0.007097 0.006414
v 0.003938 0.007097 0.005989
v 0.003910 0.007097 0.005543
v 0.003995 0.007097 0.005105
v 0.004189 0.007097 0.004702
v 0.003249 0.007097 0.007120
v 0.002749 0.007097 0.007120
v 0.001511 0.007097 0.007453
v 0.001991 0.007097 0.006850
v 0.002039 0.007097 0.006912
v 0.002101 0.007097 0.006960
v 0.002749 0.007097 0.007000
v 0.002251 0.007097 0.007000
v 0.002173 0.007097 0.006990
v 0.003249 0.007097 0.007000
v 0.004154 0.007097 0.007000
v 0.001511 0.007097 0.006853
v 0.001752 0.007097 0.005277
v 0.001951 0.007097 0.006700
v 0.001961 0.007097 0.006778
v 0.001856 0.007097 0.005217
v 0.002308 0.007097 0.006000
v 0.001991 0.007097 0.006550
v 0.001961 0.007097 0.006622
v -0.000889 0.007097 0.005488
v -0.000726 0.007097 0.005275
v -0.000513 0.007097 0.005112
v 0.000264 0.007097 0.006990
v 0.000512 0.007097 0.006888
v 0.001036 0.007097 0.006853
v 0.000724 0.007097 0.006725
v 0.000724 0.007097 0.005275
v 0.000887 0.007097 0.005488
v 0.000989 0.007097 0.005735
v -0.000991 0.007097 0.005735
v -0.001026 0.007097 0.006000
v -0.000991 0.007097 0.006265
v -0.000889 0.007097 0.006512
v 0.000887 0.007097 0.006512
v 0.000989 0.007097 0.006265
v 0.001024 0.007097 0.006000
v 0.000512 0.007097 0.005112
v 0.000264 0.007097 0.005010
v -0.000001 0.007097 0.004975
v -0.000266 0.007097 0.005010
v 0.000249 0.007097 0.010073
v 0.000887 0.007097 0.011487
v 0.000249 0.007097 0.010120
v 0.000724 0.007097 0.011275
v -0.000001 0.007097 0.010975
v -0.000251 0.007097 0.010120
v 0.000264 0.007097 0.011010
v 0.000512 0.007097 0.011112
v -0.001026 0.007097 0.012000
v -0.000991 0.007097 0.012265
v -0.001038 0.007097 0.013512
v -0.000266 0.007097 0.011010
v -0.000513 0.007097 0.011112
v -0.000726 0.007097 0.011275
v -0.000889 0.007097 0.011487
v -0.000991 0.007097 0.011735
v 0.000989 0.007097 0.012265
v 0.001024 0.007097 0.012000
v -0.001608 0.007097 0.013217
v -0.000889 0.007097 0.012513
v -0.000726 0.007097 0.012725
v -0.000513 0.007097 0.012888
v 0.000989 0.007097 0.011735
v -0.000266 0.007097 0.012990
v -0.000001 0.007097 0.013025
v 0.000264 0.007097 0.012990
v 0.000512 0.007097 0.012888
v 0.000724 0.007097 0.012725
v 0.000887 0.007097 0.012513
v -0.001009 0.007097 0.009850
v -0.000961 0.007097 0.009912
v -0.000899 0.007097 0.009960
v -0.000827 0.007097 0.009990
v -0.000749 0.007097 0.010000
v -0.000251 0.007097 0.010073
v -0.000251 0.007097 0.010000
v -0.003001 0.007097 0.007975
v -0.003266 0.007097 0.008010
v -0.003001 0.007097 0.010025
v -0.002736 0.007097 0.009990
v -0.001976 0.007097 0.009000
v -0.002011 0.007097 0.008735
v -0.001038 0.007097 0.008381
v -0.003513 0.007097 0.008112
v -0.003726 0.007097 0.008275
v -0.003889 0.007097 0.008488
v -0.003889 0.007097 0.009512
v -0.003726 0.007097 0.009725
v -0.003513 0.007097 0.009888
v -0.003266 0.007097 0.009990
v -0.003991 0.007097 0.008735
v -0.004026 0.007097 0.009000
v -0.003991 0.007097 0.009265
v -0.002751 0.007097 0.011000
v -0.002488 0.007097 0.009888
v -0.002276 0.007097 0.009725
v -0.002113 0.007097 0.009512
v -0.001039 0.007097 0.009778
v -0.001049 0.007097 0.009700
v -0.002113 0.007097 0.008488
v -0.002276 0.007097 0.008275
v -0.002488 0.007097 0.008112
v -0.002736 0.007097 0.008010
v -0.002011 0.007097 0.009265
v -0.001038 0.007097 0.009619
v -0.001039 0.007097 0.009622
v -0.001039 0.007097 0.008378
v -0.001049 0.007097 0.008300
v -0.000692 0.007097 0.009000
v -0.001009 0.007097 0.009550
v -0.001009 0.007097 0.008450
v -0.000827 0.007097 0.008010
v -0.000899 0.007097 0.008040
v -0.000749 0.007097 0.008000
v -0.000961 0.007097 0.008088
v -0.001009 0.007097 0.008150
v -0.001039 0.007097 0.008222
v -0.000251 0.007097 0.008000
v -0.000251 0.007097 0.007927
v -0.000251 0.007097 0.007880
v 0.000249 0.007097 0.007880
v 0.000960 0.007097 0.008088
v 0.000897 0.007097 0.008040
v 0.001036 0.007097 0.007927
v 0.000825 0.007097 0.008010
v 0.000747 0.007097 0.008000
v 0.001047 0.007097 0.009700
v 0.001037 0.007097 0.009622
v 0.001037 0.007097 0.008378
v 0.001047 0.007097 0.008300
v 0.001511 0.007097 0.007927
v 0.001037 0.007097 0.008222
v 0.001007 0.007097 0.008150
v 0.000747 0.007097 0.010000
v 0.000825 0.007097 0.009990
v 0.000897 0.007097 0.009960
v 0.000960 0.007097 0.009912
v 0.000249 0.007097 0.010000
v -0.000726 0.007097 0.006725
v -0.000513 0.007097 0.006888
v -0.000266 0.007097 0.006990
v -0.000001 0.007097 0.007025
v 0.001036 0.007097 0.007453
v 0.000249 0.007097 0.007927
v 0.002487 0.007097 0.008112
v 0.002274 0.007097 0.008275
v 0.002009 0.007097 0.009265
v 0.002111 0.007097 0.009512
v 0.002999 0.007097 0.010025
v 0.003264 0.007097 0.009990
v 0.002734 0.007097 0.008010
v 0.002111 0.007097 0.008488
v 0.002009 0.007097 0.008735
v 0.001974 0.007097 0.009000
v 0.002274 0.007097 0.009725
v 0.002487 0.007097 0.009888
v 0.002734 0.007097 0.009990
v 0.000690 0.007097 0.009000
v 0.001007 0.007097 0.008450
v 0.001007 0.007097 0.009550
v 0.003249 0.007097 0.011000
v 0.003512 0.007097 0.009888
v 0.003724 0.007097 0.009725
v 0.003887 0.007097 0.009512
v 0.003989 0.007097 0.009265
v 0.004024 0.007097 0.009000
v 0.003989 0.007097 0.008735
v 0.003887 0.007097 0.008488
v 0.003724 0.007097 0.008275
v 0.003512 0.007097 0.008112
v 0.000249 0.007097 0.008000
v 0.001154 0.007097 0.014000
v 0.001036 0.007097 0.014000
v -0.001038 0.007097 0.014000
v -0.001156 0.007097 0.014000
v -0.004856 0.007097 0.007212
v -0.005277 0.007097 0.007365
v 0.005276 0.007097 -0.001753
v 0.005216 0.007097 -0.001857
v 0.005999 0.007097 -0.002309
v 0.007999 0.007097 0.001155
v 0.005999 0.007097 0.002309
v 0.005216 0.007097 0.001857
v 0.007999 0.007097 -0.001155
v 0.007999 0.007097 -0.000250
v 0.007879 0.007097 -0.000250
v 0.005276 0.007097 0.001753
v 0.007879 0.007097 0.000250
v 0.007999 0.007097 0.000250
v 0.003999 0.007097 -0.001155
v 0.004783 0.007097 0.001607
v 0.003999 0.007097 0.001155
v 0.004843 0.007097 0.001503
v 0.004843 0.007097 -0.001503
v 0.004783 0.007097 -0.001607
v 0.006989 0.007097 -0.000265
v 0.007024 0.007097 -0.000000
v 0.006989 0.007097 0.000265
v 0.006887 0.007097 0.000513
v 0.005274 0.007097 -0.000725
v 0.005111 0.007097 -0.000513
v 0.006512 0.007097 -0.000888
v 0.006724 0.007097 -0.000725
v 0.006887 0.007097 -0.000513
v 0.006264 0.007097 -0.000990
v 0.005999 0.007097 -0.001025
v 0.005734 0.007097 -0.000990
v 0.005487 0.007097 -0.000888
v 0.005009 0.007097 -0.000265
v 0.004974 0.007097 -0.000000
v 0.005009 0.007097 0.000265
v 0.005111 0.007097 0.000513
v 0.005274 0.007097 0.000725
v 0.005487 0.007097 0.000888
v 0.005734 0.007097 0.000990
v 0.005999 0.007097 0.001025
v 0.006264 0.007097 0.000990
v 0.006512 0.007097 0.000888
v 0.006724 0.007097 0.000725
v 0.001036 0.007097 -0.007927
v 0.001511 0.007097 -0.007927
v 0.001511 0.007097 -0.006853
v -0.000749 0.007097 -0.008000
v -0.000251 0.007097 -0.008000
v -0.000251 0.007097 -0.007927
v 0.000249 0.007097 -0.007880
v 0.000249 0.007097 -0.007927
v 0.001007 0.007097 -0.008150
v 0.001037 0.007097 -0.008222
v -0.000251 0.007097 -0.010120
v -0.000251 0.007097 -0.010073
v -0.001038 0.007097 -0.010073
v -0.004481 0.007097 -0.004361
v -0.004329 0.007097 -0.004803
v -0.004191 0.007097 -0.004702
v 0.001502 0.007097 -0.013157
v 0.001154 0.007097 -0.014000
v 0.001606 0.007097 -0.013217
v 0.007752 0.007097 -0.012723
v 0.007856 0.007097 -0.012783
v 0.008308 0.007097 -0.012000
v 0.005749 0.007097 -0.010120
v 0.005749 0.007097 -0.010073
v 0.004803 0.007097 -0.010073
v 0.004803 0.007097 -0.008124
v 0.004520 0.007097 -0.007634
v 0.004328 0.007097 -0.007927
v 0.003995 0.007097 -0.005105
v 0.004328 0.007097 -0.004803
v 0.004189 0.007097 -0.004702
v 0.001752 0.007097 -0.005277
v 0.001502 0.007097 -0.004843
v 0.001036 0.007097 -0.004803
v 0.001511 0.007097 -0.004803
v 0.001154 0.007097 -0.004000
v 0.002308 0.007097 -0.006000
v 0.001856 0.007097 -0.005217
v 0.001991 0.007097 -0.006550
v 0.001961 0.007097 -0.006622
v 0.001951 0.007097 -0.006700
v 0.001961 0.007097 -0.006778
v 0.004328 0.007097 -0.006853
v 0.004321 0.007097 -0.006789
v 0.004154 0.007097 -0.007000
v 0.003249 0.007097 -0.007120
v 0.002749 0.007097 -0.007120
v 0.002749 0.007097 -0.007000
v 0.002251 0.007097 -0.007000
v 0.002173 0.007097 -0.006990
v 0.002101 0.007097 -0.006960
v 0.002039 0.007097 -0.006912
v 0.001991 0.007097 -0.006850
v 0.003910 0.007097 -0.005543
v 0.003938 0.007097 -0.005989
v 0.004078 0.007097 -0.006414
v 0.006168 0.007097 -0.006545
v 0.005921 0.007097 -0.006647
v 0.006917 0.007097 -0.006870
v 0.005656 0.007097 -0.006682
v 0.004803 0.007097 -0.006853
v 0.005391 0.007097 -0.006647
v 0.005143 0.007097 -0.006545
v 0.004479 0.007097 -0.004361
v 0.004803 0.007097 -0.004803
v 0.004846 0.007097 -0.004106
v 0.005143 0.007097 -0.004769
v 0.005265 0.007097 -0.003951
v 0.005391 0.007097 -0.004667
v 0.005710 0.007097 -0.003908
v 0.005656 0.007097 -0.004632
v 0.006152 0.007097 -0.003979
v 0.005921 0.007097 -0.004667
v 0.006561 0.007097 -0.004159
v 0.006168 0.007097 -0.004769
v 0.006911 0.007097 -0.004437
v 0.006381 0.007097 -0.004932
v 0.007179 0.007097 -0.004795
v 0.006544 0.007097 -0.005144
v 0.007348 0.007097 -0.005209
v 0.006646 0.007097 -0.005392
v 0.007406 0.007097 -0.005652
v 0.006681 0.007097 -0.005657
v 0.007350 0.007097 -0.006096
v 0.006646 0.007097 -0.005922
v 0.007184 0.007097 -0.006511
v 0.006544 0.007097 -0.006169
v 0.006381 0.007097 -0.006382
v 0.005275 0.007097 -0.007365
v 0.005720 0.007097 -0.007406
v 0.006161 0.007097 -0.007332
v 0.006569 0.007097 -0.007150
v 0.004854 0.007097 -0.007212
v 0.005101 0.007097 -0.009960
v 0.005039 0.007097 -0.009912
v 0.005749 0.007097 -0.010000
v 0.005251 0.007097 -0.010000
v 0.005173 0.007097 -0.009990
v 0.004991 0.007097 -0.009850
v 0.004961 0.007097 -0.009778
v 0.004951 0.007097 -0.009700
v 0.005308 0.007097 -0.009000
v 0.004991 0.007097 -0.009550
v 0.004961 0.007097 -0.009622
v 0.006249 0.007097 -0.010073
v 0.006249 0.007097 -0.010120
v 0.007470 0.007097 -0.010548
v 0.004803 0.007097 -0.010548
v 0.007196 0.007097 -0.010073
v 0.007154 0.007097 -0.010000
v 0.006249 0.007097 -0.010000
v 0.007154 0.007097 -0.014000
v 0.007606 0.007097 -0.013217
v 0.004844 0.007097 -0.014000
v 0.007502 0.007097 -0.013157
v 0.006989 0.007097 -0.012265
v 0.006887 0.007097 -0.012513
v 0.006724 0.007097 -0.012725
v 0.005999 0.007097 -0.013025
v 0.006264 0.007097 -0.012990
v 0.006512 0.007097 -0.012888
v 0.005111 0.007097 -0.012513
v 0.005009 0.007097 -0.012265
v 0.004803 0.007097 -0.013927
v 0.004974 0.007097 -0.012000
v 0.005009 0.007097 -0.011735
v 0.005111 0.007097 -0.011487
v 0.005274 0.007097 -0.011275
v 0.005487 0.007097 -0.011112
v 0.005734 0.007097 -0.011010
v 0.005999 0.007097 -0.010975
v 0.006264 0.007097 -0.011010
v 0.006512 0.007097 -0.011112
v 0.006724 0.007097 -0.011275
v 0.006887 0.007097 -0.011487
v 0.006989 0.007097 -0.011735
v 0.005734 0.007097 -0.012990
v 0.005487 0.007097 -0.012888
v 0.005274 0.007097 -0.012725
v 0.007024 0.007097 -0.012000
v 0.002251 0.007097 -0.011000
v 0.002749 0.007097 -0.011000
v 0.002749 0.007097 -0.010880
v 0.001961 0.007097 -0.011378
v 0.001951 0.007097 -0.011300
v 0.001511 0.007097 -0.010548
v 0.001961 0.007097 -0.011222
v 0.001991 0.007097 -0.011150
v 0.002039 0.007097 -0.011088
v 0.002101 0.007097 -0.011040
v 0.002173 0.007097 -0.011010
v 0.004328 0.007097 -0.010548
v 0.003249 0.007097 -0.010880
v 0.003249 0.007097 -0.011000
v 0.001856 0.007097 -0.012783
v 0.002308 0.007097 -0.012000
v 0.001752 0.007097 -0.012723
v 0.001991 0.007097 -0.011450
v 0.003747 0.007097 -0.011000
v 0.003825 0.007097 -0.011010
v 0.003897 0.007097 -0.011040
v 0.003960 0.007097 -0.011088
v 0.004007 0.007097 -0.011150
v 0.004037 0.007097 -0.011222
v 0.004047 0.007097 -0.011300
v 0.004246 0.007097 -0.012723
v 0.004496 0.007097 -0.013157
v 0.004392 0.007097 -0.013217
v 0.003690 0.007097 -0.012000
v 0.004142 0.007097 -0.012783
v 0.004007 0.007097 -0.011450
v 0.004037 0.007097 -0.011378
v 0.001036 0.007097 -0.014000
v 0.001036 0.007097 -0.010548
v -0.001608 0.007097 -0.013217
v -0.001156 0.007097 -0.014000
v -0.001504 0.007097 -0.013157
v -0.001038 0.007097 -0.014000
v -0.004248 0.007097 -0.012723
v -0.004039 0.007097 -0.011378
v -0.004049 0.007097 -0.011300
v -0.004144 0.007097 -0.012783
v -0.003692 0.007097 -0.012000
v -0.004009 0.007097 -0.011450
v -0.003961 0.007097 -0.011088
v -0.004329 0.007097 -0.010548
v -0.004009 0.007097 -0.011150
v -0.004039 0.007097 -0.011222
v -0.003899 0.007097 -0.011040
v -0.003827 0.007097 -0.011010
v -0.003749 0.007097 -0.011000
v -0.002751 0.007097 -0.011000
v -0.001038 0.007097 -0.010548
v -0.002751 0.007097 -0.010880
v -0.003251 0.007097 -0.010880
v -0.003251 0.007097 -0.011000
v -0.002253 0.007097 -0.011000
v -0.002175 0.007097 -0.011010
v -0.002103 0.007097 -0.011040
v -0.002040 0.007097 -0.011088
v -0.001993 0.007097 -0.011150
v -0.001963 0.007097 -0.011222
v -0.002310 0.007097 -0.012000
v -0.001858 0.007097 -0.012783
v -0.001993 0.007097 -0.011450
v -0.001754 0.007097 -0.012723
v -0.001963 0.007097 -0.011378
v -0.001953 0.007097 -0.011300
v -0.005488 0.007097 -0.012888
v -0.005736 0.007097 -0.012990
v -0.006854 0.007097 -0.014000
v -0.005011 0.007097 -0.011735
v -0.005276 0.007097 -0.012725
v -0.004498 0.007097 -0.013157
v -0.004394 0.007097 -0.013217
v -0.004846 0.007097 -0.014000
v -0.006001 0.007097 -0.013025
v -0.006266 0.007097 -0.012990
v -0.006513 0.007097 -0.012888
v -0.006513 0.007097 -0.011112
v -0.006266 0.007097 -0.011010
v -0.006854 0.007097 -0.010548
v -0.006001 0.007097 -0.010975
v -0.005736 0.007097 -0.011010
v -0.005488 0.007097 -0.011112
v -0.005276 0.007097 -0.011275
v -0.005113 0.007097 -0.011487
v -0.004976 0.007097 -0.012000
v -0.005011 0.007097 -0.012265
v -0.005113 0.007097 -0.012513
v -0.008310 0.007097 -0.012000
v -0.007858 0.007097 -0.012783
v -0.007754 0.007097 -0.012723
v -0.006991 0.007097 -0.011735
v -0.006889 0.007097 -0.011487
v -0.006726 0.007097 -0.011275
v -0.007472 0.007097 -0.010548
v -0.007608 0.007097 -0.013217
v -0.007156 0.007097 -0.014000
v -0.007504 0.007097 -0.013157
v -0.006726 0.007097 -0.012725
v -0.006889 0.007097 -0.012513
v -0.006991 0.007097 -0.012265
v -0.007026 0.007097 -0.012000
v -0.006854 0.007097 -0.010073
v -0.007197 0.007097 -0.010073
v -0.006251 0.007097 -0.010073
v -0.006251 0.007097 -0.010000
v -0.006854 0.007097 -0.010000
v -0.007156 0.007097 -0.010000
v -0.006251 0.007097 -0.010120
v -0.005751 0.007097 -0.010120
v -0.005751 0.007097 -0.010073
v -0.005103 0.007097 -0.009960
v -0.005175 0.007097 -0.009990
v -0.004329 0.007097 -0.010073
v -0.005253 0.007097 -0.010000
v -0.004953 0.007097 -0.009700
v -0.004963 0.007097 -0.009778
v -0.004329 0.007097 -0.007927
v -0.004993 0.007097 -0.009550
v -0.004963 0.007097 -0.009622
v -0.004993 0.007097 -0.009850
v -0.005040 0.007097 -0.009912
v -0.006854 0.007097 -0.006853
v -0.004856 0.007097 -0.007212
v -0.004329 0.007097 -0.006853
v -0.004521 0.007097 -0.007634
v -0.005310 0.007097 -0.009000
v -0.007185 0.007097 -0.006511
v -0.006919 0.007097 -0.006870
v -0.006571 0.007097 -0.007150
v -0.006163 0.007097 -0.007332
v -0.005722 0.007097 -0.007406
v -0.005277 0.007097 -0.007365
v -0.007352 0.007097 -0.006096
v -0.006854 0.007097 -0.004803
v -0.007408 0.007097 -0.005652
v -0.007349 0.007097 -0.005209
v -0.006563 0.007097 -0.004159
v -0.006913 0.007097 -0.004437
v -0.007181 0.007097 -0.004795
v -0.006170 0.007097 -0.004769
v -0.005923 0.007097 -0.004667
v -0.006154 0.007097 -0.003979
v -0.005712 0.007097 -0.003908
v -0.005658 0.007097 -0.004632
v -0.005267 0.007097 -0.003951
v -0.005392 0.007097 -0.004667
v -0.004848 0.007097 -0.004106
v -0.005145 0.007097 -0.004769
v -0.004080 0.007097 -0.006414
v -0.003940 0.007097 -0.005989
v -0.004323 0.007097 -0.006789
v -0.003911 0.007097 -0.005543
v -0.003997 0.007097 -0.005105
v -0.002103 0.007097 -0.006960
v -0.002175 0.007097 -0.006990
v -0.001038 0.007097 -0.007927
v -0.002253 0.007097 -0.007000
v -0.002751 0.007097 -0.007120
v -0.003251 0.007097 -0.007120
v -0.003251 0.007097 -0.007000
v -0.004156 0.007097 -0.007000
v -0.001953 0.007097 -0.006700
v -0.001963 0.007097 -0.006778
v -0.001038 0.007097 -0.006853
v -0.001993 0.007097 -0.006850
v -0.002040 0.007097 -0.006912
v -0.002310 0.007097 -0.006000
v -0.001993 0.007097 -0.006550
v -0.001963 0.007097 -0.006622
v -0.001858 0.007097 -0.005217
v -0.001754 0.007097 -0.005277
v -0.001504 0.007097 -0.004843
v -0.001038 0.007097 -0.004803
v -0.001608 0.007097 -0.004783
v -0.001156 0.007097 -0.004000
v 0.000249 0.007097 -0.010073
v 0.000249 0.007097 -0.010120
v 0.000960 0.007097 -0.009912
v 0.000897 0.007097 -0.009960
v 0.001036 0.007097 -0.010073
v 0.000825 0.007097 -0.009990
v 0.000747 0.007097 -0.010000
v 0.001047 0.007097 -0.008300
v 0.001037 0.007097 -0.008378
v 0.001037 0.007097 -0.009622
v 0.001047 0.007097 -0.009700
v 0.001511 0.007097 -0.010073
v 0.001037 0.007097 -0.009778
v 0.001007 0.007097 -0.009850
v 0.000825 0.007097 -0.008010
v 0.000897 0.007097 -0.008040
v 0.000960 0.007097 -0.008088
v 0.000747 0.007097 -0.008000
v 0.000249 0.007097 -0.008000
v -0.000251 0.007097 -0.007880
v -0.000001 0.007097 -0.007025
v -0.001009 0.007097 -0.008150
v -0.000961 0.007097 -0.008088
v -0.000899 0.007097 -0.008040
v -0.000827 0.007097 -0.008010
v -0.000266 0.007097 -0.006990
v -0.001976 0.007097 -0.009000
v -0.002011 0.007097 -0.009265
v -0.001038 0.007097 -0.009619
v -0.002113 0.007097 -0.009512
v -0.002276 0.007097 -0.009725
v -0.002488 0.007097 -0.009888
v -0.002736 0.007097 -0.009990
v -0.003001 0.007097 -0.010025
v -0.003266 0.007097 -0.009990
v -0.003513 0.007097 -0.009888
v -0.003726 0.007097 -0.009725
v -0.003889 0.007097 -0.009512
v -0.003001 0.007097 -0.007975
v -0.002736 0.007097 -0.008010
v -0.003889 0.007097 -0.008488
v -0.003726 0.007097 -0.008275
v -0.003513 0.007097 -0.008112
v -0.003266 0.007097 -0.008010
v -0.003991 0.007097 -0.009265
v -0.004026 0.007097 -0.009000
v -0.003991 0.007097 -0.008735
v -0.002751 0.007097 -0.007000
v -0.002488 0.007097 -0.008112
v -0.002276 0.007097 -0.008275
v -0.002113 0.007097 -0.008488
v -0.001039 0.007097 -0.008222
v -0.001049 0.007097 -0.008300
v -0.001039 0.007097 -0.009622
v -0.001049 0.007097 -0.009700
v -0.002011 0.007097 -0.008735
v -0.001038 0.007097 -0.008381
v -0.001039 0.007097 -0.008378
v -0.000692 0.007097 -0.009000
v -0.001009 0.007097 -0.008450
v -0.001009 0.007097 -0.009550
v -0.000827 0.007097 -0.009990
v -0.000899 0.007097 -0.009960
v -0.000749 0.007097 -0.010000
v -0.000251 0.007097 -0.010000
v -0.000961 0.007097 -0.009912
v -0.001009 0.007097 -0.009850
v -0.001039 0.007097 -0.009778
v 0.000887 0.007097 -0.005488
v 0.000724 0.007097 -0.005275
v 0.000512 0.007097 -0.005112
v 0.000989 0.007097 -0.005735
v 0.001024 0.007097 -0.006000
v 0.001036 0.007097 -0.006853
v 0.000989 0.007097 -0.006265
v 0.000887 0.007097 -0.006512
v 0.000724 0.007097 -0.006725
v 0.000512 0.007097 -0.006888
v 0.000264 0.007097 -0.006990
v -0.000513 0.007097 -0.006888
v -0.000726 0.007097 -0.006725
v -0.000889 0.007097 -0.006512
v -0.000991 0.007097 -0.005735
v -0.001026 0.007097 -0.006000
v -0.000991 0.007097 -0.006265
v -0.000889 0.007097 -0.005488
v -0.000726 0.007097 -0.005275
v -0.000513 0.007097 -0.005112
v -0.000266 0.007097 -0.005010
v -0.000001 0.007097 -0.004975
v 0.000264 0.007097 -0.005010
v 0.004631 0.007097 -0.005657
v 0.004931 0.007097 -0.006382
v 0.004768 0.007097 -0.006169
v 0.004666 0.007097 -0.005922
v 0.004666 0.007097 -0.005392
v 0.004768 0.007097 -0.005144
v 0.004931 0.007097 -0.004932
v -0.004668 0.007097 -0.005392
v -0.004633 0.007097 -0.005657
v -0.004770 0.007097 -0.005144
v -0.004933 0.007097 -0.004932
v -0.006545 0.007097 -0.005144
v -0.006648 0.007097 -0.005392
v -0.006683 0.007097 -0.005657
v -0.006383 0.007097 -0.004932
v -0.004668 0.007097 -0.005922
v -0.006648 0.007097 -0.005922
v -0.004770 0.007097 -0.006169
v -0.004933 0.007097 -0.006382
v -0.005145 0.007097 -0.006545
v -0.006170 0.007097 -0.006545
v -0.006383 0.007097 -0.006382
v -0.006545 0.007097 -0.006169
v -0.005392 0.007097 -0.006647
v -0.005658 0.007097 -0.006682
v -0.005923 0.007097 -0.006647
v 0.002487 0.007097 -0.009888
v 0.002274 0.007097 -0.009725
v 0.002009 0.007097 -0.008735
v 0.002111 0.007097 -0.008488
v 0.004024 0.007097 -0.009000
v 0.003989 0.007097 -0.009265
v 0.004328 0.007097 -0.010073
v 0.003512 0.007097 -0.009888
v 0.003264 0.007097 -0.009990
v 0.002999 0.007097 -0.010025
v 0.002734 0.007097 -0.009990
v 0.002111 0.007097 -0.009512
v 0.002009 0.007097 -0.009265
v 0.001974 0.007097 -0.009000
v 0.003887 0.007097 -0.009512
v 0.003724 0.007097 -0.009725
v 0.000690 0.007097 -0.009000
v 0.001007 0.007097 -0.009550
v 0.001007 0.007097 -0.008450
v 0.002274 0.007097 -0.008275
v 0.002487 0.007097 -0.008112
v 0.002734 0.007097 -0.008010
v 0.002999 0.007097 -0.007975
v 0.003264 0.007097 -0.008010
v 0.003512 0.007097 -0.008112
v 0.003989 0.007097 -0.008735
v 0.003249 0.007097 -0.007000
v 0.003724 0.007097 -0.008275
v 0.003887 0.007097 -0.008488
v 0.000249 0.007097 -0.010000
v 0.001606 0.007097 -0.004783
v -0.000266 0.007097 -0.012990
v -0.000513 0.007097 -0.012888
v -0.001026 0.007097 -0.012000
v -0.000991 0.007097 -0.011735
v -0.000726 0.007097 -0.012725
v -0.000889 0.007097 -0.012513
v -0.000991 0.007097 -0.012265
v 0.000264 0.007097 -0.012990
v -0.000001 0.007097 -0.013025
v -0.000889 0.007097 -0.011487
v -0.000726 0.007097 -0.011275
v -0.000513 0.007097 -0.011112
v 0.000264 0.007097 -0.011010
v -0.000001 0.007097 -0.010975
v -0.000266 0.007097 -0.011010
v 0.000512 0.007097 -0.011112
v 0.000724 0.007097 -0.011275
v 0.000887 0.007097 -0.011487
v 0.000989 0.007097 -0.011735
v 0.001024 0.007097 -0.012000
v 0.000989 0.007097 -0.012265
v 0.000887 0.007097 -0.012513
v 0.000724 0.007097 -0.012725
v 0.000512 0.007097 -0.012888
v -0.005751 0.007097 -0.010000
v -0.005277 0.007097 0.001753
v -0.005217 0.007097 0.001857
v -0.006001 0.007097 0.002309
v -0.006001 0.007097 -0.002309
v -0.005217 0.007097 -0.001857
v -0.005277 0.007097 -0.001753
v -0.005113 0.007097 -0.000513
v -0.005276 0.007097 -0.000725
v -0.008001 0.007097 0.001155
v -0.008001 0.007097 0.000250
v -0.007881 0.007097 0.000250
v -0.004001 0.007097 0.001155
v -0.004784 0.007097 0.001607
v -0.004844 0.007097 -0.001503
v -0.004844 0.007097 0.001503
v -0.004001 0.007097 -0.001155
v -0.006726 0.007097 -0.000725
v -0.006889 0.007097 -0.000513
v -0.007881 0.007097 -0.000250
v -0.006266 0.007097 -0.000990
v -0.006513 0.007097 -0.000888
v -0.004784 0.007097 -0.001607
v -0.005488 0.007097 -0.000888
v -0.005736 0.007097 -0.000990
v -0.006001 0.007097 -0.001025
v -0.008001 0.007097 -0.000250
v -0.008001 0.007097 -0.001155
v -0.005011 0.007097 -0.000265
v -0.004976 0.007097 -0.000000
v -0.005011 0.007097 0.000265
v -0.006991 0.007097 -0.000265
v -0.007026 0.007097 -0.000000
v -0.006991 0.007097 0.000265
v -0.006889 0.007097 0.000513
v -0.005488 0.007097 0.000888
v -0.005276 0.007097 0.000725
v -0.005113 0.007097 0.000513
v -0.005736 0.007097 0.000990
v -0.006001 0.007097 0.001025
v -0.006726 0.007097 0.000725
v -0.006513 0.007097 0.000888
v -0.006266 0.007097 0.000990
v 0.000249 0.006797 0.010120
v -0.000251 0.006797 0.010120
v 0.007752 0.006797 0.012723
v 0.007502 0.006797 0.013157
v 0.004496 0.006797 0.013157
v 0.004246 0.006797 0.012723
v 0.003249 0.006797 0.010880
v 0.002749 0.006797 0.010880
v 0.001752 0.006797 0.012723
v 0.001502 0.006797 0.013157
v -0.001504 0.006797 0.013157
v -0.001754 0.006797 0.012723
v -0.002751 0.006797 0.010880
v -0.003251 0.006797 0.010880
v -0.004248 0.006797 0.012723
v -0.004498 0.006797 0.013157
v -0.007504 0.006797 0.013157
v -0.007754 0.006797 0.012723
v -0.006251 0.006797 0.010120
v -0.005751 0.006797 0.010120
v -0.003251 0.006797 0.007120
v -0.002751 0.006797 0.007120
v -0.001267 0.005311 0.004193
v -0.001262 0.005314 0.004185
v -0.001156 0.005427 0.004000
v -0.001187 0.005380 0.004054
v -0.001242 0.005326 0.004149
v -0.001200 0.005364 0.004077
v -0.001754 0.006797 0.005277
v -0.001504 0.006797 0.004843
v -0.001156 0.005443 0.003982
v -0.001156 0.005516 0.003920
v -0.001156 0.005547 0.003900
v -0.001156 0.005557 0.003894
v -0.001156 0.005663 0.003849
v -0.001156 0.005667 0.003848
v -0.001156 0.005715 0.003837
v -0.001156 0.005684 -0.003843
v -0.001156 0.005667 -0.003848
v -0.001156 0.005636 -0.003857
v -0.001156 0.005547 -0.003900
v -0.001156 0.005531 -0.003909
v -0.001156 0.005494 -0.003936
v -0.001156 0.005443 -0.003982
v -0.001156 0.005427 -0.004000
v -0.001200 0.005364 -0.004077
v -0.001206 0.005357 -0.004087
v -0.001230 0.005335 -0.004129
v -0.001262 0.005314 -0.004185
v -0.001290 0.005302 -0.004232
v -0.001504 0.006797 -0.004843
v -0.001754 0.006797 -0.005277
v -0.002009 0.005667 -0.003479
v -0.002034 0.005547 -0.003522
v -0.002074 0.005443 -0.003591
v -0.002126 0.005364 -0.003681
v -0.002186 0.005314 -0.003785
v -0.002960 0.006797 -0.005125
v -0.005126 0.006797 -0.002959
v -0.004509 0.006797 -0.003158
v -0.003956 0.006797 -0.003497
v -0.003498 0.006797 -0.003955
v -0.003159 0.006797 -0.004508
v -0.003682 0.005364 -0.002125
v -0.003786 0.005314 -0.002185
v -0.003480 0.005667 -0.002009
v -0.003523 0.005547 -0.002033
v -0.003592 0.005443 -0.002073
v -0.003895 0.005557 -0.001155
v -0.003901 0.005547 -0.001155
v -0.003983 0.005443 -0.001155
v -0.004001 0.005427 -0.001155
v -0.004054 0.005380 -0.001186
v -0.003921 0.005516 -0.001155
v -0.003838 0.005715 -0.001155
v -0.003848 0.005667 -0.001155
v -0.003850 0.005663 -0.001155
v -0.004194 0.005311 -0.001266
v -0.004078 0.005364 -0.001199
v -0.004150 0.005326 -0.001241
v -0.004186 0.005314 -0.001261
v -0.004001 0.005427 0.001155
v -0.004078 0.005364 0.001199
v -0.004088 0.005357 0.001205
v -0.004130 0.005335 0.001229
v -0.004186 0.005314 0.001261
v -0.004233 0.005302 0.001289
v -0.003844 0.005684 0.001155
v -0.003848 0.005667 0.001155
v -0.003858 0.005636 0.001155
v -0.003901 0.005547 0.001155
v -0.003910 0.005531 0.001155
v -0.003937 0.005494 0.001155
v -0.003983 0.005443 0.001155
v -0.003480 0.005667 0.002009
v -0.003523 0.005547 0.002033
v -0.003592 0.005443 0.002073
v -0.003682 0.005364 0.002125
v -0.003786 0.005314 0.002185
v -0.005126 0.006797 0.002959
v -0.002960 0.006797 0.005125
v -0.003159 0.006797 0.004508
v -0.003498 0.006797 0.003955
v -0.003956 0.006797 0.003497
v -0.004509 0.006797 0.003158
v -0.002186 0.005314 0.003785
v -0.002009 0.005667 0.003479
v -0.002034 0.005547 0.003522
v -0.002074 0.005443 0.003591
v -0.002126 0.005364 0.003681
v 0.004507 0.006797 -0.003158
v 0.005124 0.006797 -0.002959
v 0.002958 0.006797 -0.005125
v 0.003157 0.006797 -0.004508
v 0.003496 0.006797 -0.003955
v 0.003954 0.006797 -0.003497
v 0.003157 0.006797 0.004508
v 0.002958 0.006797 0.005125
v 0.005124 0.006797 0.002959
v 0.004507 0.006797 0.003158
v 0.003954 0.006797 0.003497
v 0.003496 0.006797 0.003955
v 0.002999 0.006797 0.012804
v 0.008999 0.006797 0.012804
v 0.008999 0.006797 0.009497
v 0.008999 0.006797 0.011196
v 0.008611 0.006797 0.009693
v 0.008187 0.006797 0.009790
v 0.008313 0.006797 0.004950
v 0.008075 0.006797 0.004349
v 0.008999 0.006797 0.001732
v 0.007703 0.006797 0.003820
v 0.007217 0.006797 0.003393
v 0.006645 0.006797 0.003091
v 0.008685 0.006797 0.006336
v 0.008345 0.006797 0.006234
v 0.008405 0.006797 0.005590
v 0.008999 0.006797 0.006503
v -0.003001 0.006797 0.012804
v -0.009001 0.006797 0.012804
v -0.008189 0.006797 0.009790
v -0.009001 0.006797 0.011196
v -0.008613 0.006797 0.009693
v -0.009001 0.006797 0.009497
v -0.006647 0.006797 0.003091
v -0.007219 0.006797 0.003393
v -0.009001 0.006797 0.001732
v -0.007704 0.006797 0.003820
v -0.008077 0.006797 0.004349
v -0.008315 0.006797 0.004950
v -0.009001 0.006797 0.006503
v -0.008407 0.006797 0.005590
v -0.008687 0.006797 0.006336
v -0.008347 0.006797 0.006234
v 0.002999 0.006797 -0.012804
v 0.008999 0.006797 -0.012804
v 0.008187 0.006797 -0.009790
v 0.008999 0.006797 -0.011196
v 0.008611 0.006797 -0.009693
v 0.008999 0.006797 -0.009497
v 0.006645 0.006797 -0.003091
v 0.007217 0.006797 -0.003393
v 0.008999 0.006797 -0.001732
v 0.007703 0.006797 -0.003820
v 0.008075 0.006797 -0.004349
v 0.008313 0.006797 -0.004950
v 0.008999 0.006797 -0.006503
v 0.008405 0.006797 -0.005590
v 0.008685 0.006797 -0.006336
v 0.008345 0.006797 -0.006234
v -0.003001 0.006797 -0.012804
v -0.009001 0.006797 -0.012804
v -0.009001 0.006797 -0.009497
v -0.009001 0.006797 -0.011196
v -0.008613 0.006797 -0.009693
v -0.008189 0.006797 -0.009790
v -0.008315 0.006797 -0.004950
v -0.008077 0.006797 -0.004349
v -0.009001 0.006797 -0.001732
v -0.007704 0.006797 -0.003820
v -0.007219 0.006797 -0.003393
v -0.006647 0.006797 -0.003091
v -0.008687 0.006797 -0.006336
v -0.008347 0.006797 -0.006234
v -0.008407 0.006797 -0.005590
v -0.009001 0.006797 -0.006503
v 0.003784 0.005314 -0.002185
v 0.003680 0.005364 -0.002125
v 0.003590 0.005443 -0.002073
v 0.003521 0.005547 -0.002033
v 0.003478 0.005667 -0.002009
v 0.003842 0.005684 -0.001155
v 0.003847 0.005667 -0.001155
v 0.003856 0.005636 -0.001155
v 0.003899 0.005547 -0.001155
v 0.003908 0.005531 -0.001155
v 0.003935 0.005494 -0.001155
v 0.004086 0.005357 -0.001205
v 0.004076 0.005364 -0.001199
v 0.003999 0.005427 -0.001155
v 0.003982 0.005443 -0.001155
v 0.004128 0.005335 -0.001229
v 0.004184 0.005314 -0.001261
v 0.004232 0.005302 -0.001289
v 0.004843 0.006797 -0.001503
v 0.005276 0.006797 -0.001753
v 0.007879 0.006797 -0.000250
v 0.007879 0.006797 0.000250
v 0.004192 0.005311 0.001266
v 0.004184 0.005314 0.001261
v 0.003999 0.005427 0.001155
v 0.004053 0.005380 0.001186
v 0.004148 0.005326 0.001241
v 0.004076 0.005364 0.001199
v 0.005276 0.006797 0.001753
v 0.004843 0.006797 0.001503
v 0.003982 0.005443 0.001155
v 0.003919 0.005516 0.001155
v 0.003899 0.005547 0.001155
v 0.003893 0.005557 0.001155
v 0.003848 0.005663 0.001155
v 0.003847 0.005667 0.001155
v 0.003836 0.005715 0.001155
v 0.003521 0.005547 0.002033
v 0.003590 0.005443 0.002073
v 0.003680 0.005364 0.002125
v 0.003478 0.005667 0.002009
v 0.003784 0.005314 0.002185
v 0.002008 0.005667 0.003479
v 0.002184 0.005314 0.003785
v 0.002124 0.005364 0.003681
v 0.002072 0.005443 0.003591
v 0.002033 0.005547 0.003522
v 0.001154 0.005684 0.003843
v 0.001154 0.005667 0.003848
v 0.001154 0.005636 0.003857
v 0.001154 0.005547 0.003900
v 0.001154 0.005531 0.003909
v 0.001154 0.005494 0.003936
v 0.001204 0.005357 0.004087
v 0.001198 0.005364 0.004077
v 0.001154 0.005427 0.004000
v 0.001154 0.005443 0.003982
v 0.001228 0.005335 0.004129
v 0.001260 0.005314 0.004185
v 0.001288 0.005302 0.004232
v 0.001502 0.006797 0.004843
v 0.001752 0.006797 0.005277
v -0.004844 0.006797 0.001503
v -0.005277 0.006797 0.001753
v -0.007881 0.006797 0.000250
v -0.007881 0.006797 -0.000250
v -0.005277 0.006797 -0.001753
v -0.004844 0.006797 -0.001503
v 0.002749 0.006797 0.007120
v 0.003249 0.006797 0.007120
v 0.005749 0.006797 0.010120
v 0.006249 0.006797 0.010120
v 0.000249 0.006797 0.007880
v -0.000251 0.006797 0.007880
v -0.002285 -0.013172 -0.016000
v -0.002472 -0.013497 -0.016000
v -0.002493 -0.011833 -0.016000
v -0.003130 -0.011195 -0.016000
v -0.005142 -0.011316 -0.016000
v -0.004794 -0.011174 -0.016000
v -0.003491 -0.014529 -0.016000
v -0.002713 -0.014057 -0.016000
v -0.002859 -0.014242 -0.016000
v -0.003726 -0.014518 -0.016000
v -0.003952 -0.014453 -0.016000
v -0.004157 -0.014336 -0.016000
v -0.002613 -0.013844 -0.016000
v -0.003045 -0.014387 -0.016000
v -0.003259 -0.014484 -0.016000
v -0.002127 -0.012462 -0.016000
v -0.002195 -0.012224 -0.016000
v -0.002319 -0.012009 -0.016000
v -0.002120 -0.012709 -0.016000
v -0.002174 -0.012951 -0.016000
v -0.005816 -0.012428 -0.016000
v -0.005826 -0.012193 -0.016000
v -0.005355 -0.011415 -0.016000
v -0.005782 -0.011962 -0.016000
v -0.005539 -0.011562 -0.016000
v -0.005684 -0.011747 -0.016000
v -0.004951 -0.013653 -0.016000
v -0.005634 -0.012859 -0.016000
v -0.005750 -0.012655 -0.016000
v -0.004469 -0.010987 -0.016000
v -0.004248 -0.010876 -0.016000
v -0.003307 -0.011022 -0.016000
v -0.004007 -0.010822 -0.016000
v -0.003521 -0.010898 -0.016000
v -0.003759 -0.010830 -0.016000
v 0.003489 -0.014529 -0.016000
v 0.004792 -0.011174 -0.016000
v 0.005140 -0.011316 -0.016000
v 0.003257 -0.014484 -0.016000
v 0.003043 -0.014387 -0.016000
v 0.002857 -0.014242 -0.016000
v 0.002470 -0.013497 -0.016000
v 0.002491 -0.011833 -0.016000
v 0.003128 -0.011195 -0.016000
v 0.004467 -0.010987 -0.016000
v 0.004155 -0.014336 -0.016000
v 0.003950 -0.014453 -0.016000
v 0.003724 -0.014518 -0.016000
v 0.002711 -0.014057 -0.016000
v 0.002611 -0.013844 -0.016000
v 0.002283 -0.013172 -0.016000
v 0.002172 -0.012951 -0.016000
v 0.002118 -0.012709 -0.016000
v 0.002125 -0.012462 -0.016000
v 0.002193 -0.012224 -0.016000
v 0.002318 -0.012009 -0.016000
v 0.005538 -0.011562 -0.016000
v 0.005748 -0.012655 -0.016000
v 0.005353 -0.011415 -0.016000
v 0.005632 -0.012859 -0.016000
v 0.004949 -0.013653 -0.016000
v 0.004246 -0.010876 -0.016000
v 0.003305 -0.011022 -0.016000
v 0.004005 -0.010822 -0.016000
v 0.003519 -0.010898 -0.016000
v 0.003757 -0.010830 -0.016000
v 0.005682 -0.011747 -0.016000
v 0.005780 -0.011962 -0.016000
v 0.005825 -0.012193 -0.016000
v 0.005814 -0.012428 -0.016000
v 0.006801 -0.005953 -0.016000
v 0.005999 -0.005953 -0.016000
v 0.007784 -0.005136 -0.016000
v 0.008999 0.001389 -0.016000
v 0.004944 -0.006164 -0.016000
v 0.003128 -0.006212 -0.016000
v 0.002539 -0.003759 -0.016000
v 0.002491 -0.005574 -0.016000
v 0.002283 -0.004235 -0.016000
v 0.002696 -0.003241 -0.016000
v 0.005461 -0.006006 -0.016000
v 0.007440 -0.005722 -0.016000
v 0.007599 -0.005556 -0.016000
v 0.007716 -0.005357 -0.016000
v 0.003757 -0.006577 -0.016000
v 0.003519 -0.006509 -0.016000
v 0.003305 -0.006385 -0.016000
v 0.002125 -0.004945 -0.016000
v 0.002193 -0.005183 -0.016000
v 0.002318 -0.005397 -0.016000
v 0.002118 -0.004698 -0.016000
v 0.002172 -0.004456 -0.016000
v 0.007247 -0.005848 -0.016000
v 0.007030 -0.005927 -0.016000
v 0.004467 -0.006419 -0.016000
v 0.004246 -0.006531 -0.016000
v 0.004005 -0.006584 -0.016000
v -0.002751 -0.002703 -0.016000
v -0.002698 -0.003241 -0.016000
v -0.004946 -0.006164 -0.016000
v -0.002540 -0.003759 -0.016000
v -0.005463 -0.006006 -0.016000
v -0.006001 -0.005953 -0.016000
v -0.007786 -0.005136 -0.016000
v -0.006803 -0.005953 -0.016000
v -0.002493 -0.005574 -0.016000
v -0.003130 -0.006212 -0.016000
v -0.004469 -0.006419 -0.016000
v -0.004248 -0.006531 -0.016000
v -0.009001 0.001389 -0.016000
v -0.002195 -0.005183 -0.016000
v -0.002174 -0.004456 -0.016000
v -0.002127 -0.004945 -0.016000
v -0.002120 -0.004698 -0.016000
v -0.002285 -0.004235 -0.016000
v -0.002319 -0.005397 -0.016000
v -0.007248 -0.005848 -0.016000
v -0.007442 -0.005722 -0.016000
v -0.007032 -0.005927 -0.016000
v -0.007601 -0.005556 -0.016000
v -0.007718 -0.005357 -0.016000
v -0.003307 -0.006385 -0.016000
v -0.003521 -0.006509 -0.016000
v -0.004007 -0.006584 -0.016000
v -0.003759 -0.006577 -0.016000
v -0.002540 -0.003759 0.016000
v -0.002698 -0.003241 0.016000
v -0.004946 -0.006164 0.016000
v -0.005463 -0.006006 0.016000
v -0.006001 -0.005953 0.016000
v -0.009001 0.001389 0.016000
v -0.002174 -0.004456 0.016000
v -0.002285 -0.004235 0.016000
v -0.002493 -0.005574 0.016000
v -0.003130 -0.006212 0.016000
v -0.007786 -0.005136 0.016000
v -0.006803 -0.005953 0.016000
v -0.007718 -0.005357 0.016000
v -0.007601 -0.005556 0.016000
v -0.007442 -0.005722 0.016000
v -0.007248 -0.005848 0.016000
v -0.007032 -0.005927 0.016000
v -0.003759 -0.006577 0.016000
v -0.003521 -0.006509 0.016000
v -0.003307 -0.006385 0.016000
v -0.002319 -0.005397 0.016000
v -0.002195 -0.005183 0.016000
v -0.002120 -0.004698 0.016000
v -0.002127 -0.004945 0.016000
v -0.004469 -0.006419 0.016000
v -0.004248 -0.006531 0.016000
v -0.004007 -0.006584 0.016000
v -0.005634 -0.012859 0.016000
v -0.005750 -0.012655 0.016000
v -0.005816 -0.012428 0.016000
v -0.005826 -0.012193 0.016000
v -0.005782 -0.011962 0.016000
v -0.005684 -0.011747 0.016000
v -0.005539 -0.011562 0.016000
v -0.005355 -0.011415 0.016000
v -0.005142 -0.011316 0.016000
v -0.004951 -0.013653 0.016000
v -0.004157 -0.014336 0.016000
v -0.002613 -0.013844 0.016000
v -0.002713 -0.014057 0.016000
v -0.002859 -0.014242 0.016000
v -0.003045 -0.014387 0.016000
v -0.003259 -0.014484 0.016000
v -0.003491 -0.014529 0.016000
v -0.003726 -0.014518 0.016000
v -0.003952 -0.014453 0.016000
v -0.002472 -0.013497 0.016000
v -0.002285 -0.013172 0.016000
v 0.002283 -0.013172 0.016000
v 0.002470 -0.013497 0.016000
v 0.002611 -0.013844 0.016000
v -0.002174 -0.012951 0.016000
v -0.002120 -0.012709 0.016000
v -0.002127 -0.012462 0.016000
v -0.002195 -0.012224 0.016000
v -0.002319 -0.012009 0.016000
v -0.002493 -0.011833 0.016000
v -0.003130 -0.011195 0.016000
v 0.003128 -0.011195 0.016000
v 0.002491 -0.011833 0.016000
v -0.004469 -0.010987 0.016000
v -0.004248 -0.010876 0.016000
v -0.004007 -0.010822 0.016000
v -0.003759 -0.010830 0.016000
v -0.003521 -0.010898 0.016000
v -0.003307 -0.011022 0.016000
v -0.004794 -0.011174 0.016000
v 0.002491 -0.005574 0.016000
v 0.003128 -0.006212 0.016000
v 0.002749 -0.002703 0.016000
v 0.002696 -0.003241 0.016000
v 0.002539 -0.003759 0.016000
v 0.002283 -0.004235 0.016000
v 0.002172 -0.004456 0.016000
v 0.002118 -0.004698 0.016000
v 0.002125 -0.004945 0.016000
v 0.002193 -0.005183 0.016000
v 0.002318 -0.005397 0.016000
v 0.008999 0.001389 0.016000
v 0.002172 -0.012951 0.016000
v 0.002118 -0.012709 0.016000
v 0.002125 -0.012462 0.016000
v 0.002193 -0.012224 0.016000
v 0.002318 -0.012009 0.016000
v 0.007784 -0.005136 0.016000
v 0.007716 -0.005357 0.016000
v 0.007599 -0.005556 0.016000
v 0.007440 -0.005722 0.016000
v 0.007247 -0.005848 0.016000
v 0.007030 -0.005927 0.016000
v 0.006801 -0.005953 0.016000
v 0.005999 -0.005953 0.016000
v 0.004155 -0.014336 0.016000
v 0.003950 -0.014453 0.016000
v 0.003724 -0.014518 0.016000
v 0.003489 -0.014529 0.016000
v 0.003257 -0.014484 0.016000
v 0.003043 -0.014387 0.016000
v 0.002857 -0.014242 0.016000
v 0.002711 -0.014057 0.016000
v 0.004949 -0.013653 0.016000
v 0.005632 -0.012859 0.016000
v 0.005140 -0.011316 0.016000
v 0.005353 -0.011415 0.016000
v 0.005538 -0.011562 0.016000
v 0.005682 -0.011747 0.016000
v 0.005780 -0.011962 0.016000
v 0.005825 -0.012193 0.016000
v 0.005814 -0.012428 0.016000
v 0.005748 -0.012655 0.016000
v 0.004467 -0.010987 0.016000
v 0.004246 -0.010876 0.016000
v 0.004005 -0.010822 0.016000
v 0.003757 -0.010830 0.016000
v 0.003519 -0.010898 0.016000
v 0.003305 -0.011022 0.016000
v 0.004467 -0.006419 0.016000
v 0.004944 -0.006164 0.016000
v 0.005461 -0.006006 0.016000
v 0.004792 -0.011174 0.016000
v 0.004246 -0.006531 0.016000
v 0.004005 -0.006584 0.016000
v 0.003757 -0.006577 0.016000
v 0.003519 -0.006509 0.016000
v 0.003305 -0.006385 0.016000
v 0.001154 0.005427 -0.004000
v 0.001154 0.005443 -0.003982
v 0.001154 0.005516 -0.003920
v 0.001154 0.005547 -0.003900
v 0.001154 0.005557 -0.003894
v 0.001154 0.005663 -0.003849
v 0.001154 0.005667 -0.003848
v 0.001154 0.005715 -0.003837
v 0.001502 0.006797 -0.004843
v 0.001752 0.006797 -0.005277
v -0.003251 0.006797 -0.007120
v -0.002751 0.006797 -0.007120
v 0.002749 0.006797 -0.007120
v 0.003249 0.006797 -0.007120
v 0.000249 0.006797 -0.007880
v -0.000251 0.006797 -0.007880
v 0.000249 0.006797 -0.010120
v -0.000251 0.006797 -0.010120
v -0.006251 0.006797 -0.010120
v -0.005751 0.006797 -0.010120
v 0.005749 0.006797 -0.010120
v 0.006249 0.006797 -0.010120
v 0.007752 0.006797 -0.012723
v 0.007502 0.006797 -0.013157
v 0.004496 0.006797 -0.013157
v 0.004246 0.006797 -0.012723
v 0.003249 0.006797 -0.010880
v 0.002749 0.006797 -0.010880
v 0.001752 0.006797 -0.012723
v 0.001502 0.006797 -0.013157
v -0.001504 0.006797 -0.013157
v -0.001754 0.006797 -0.012723
v -0.002751 0.006797 -0.010880
v -0.003251 0.006797 -0.010880
v -0.004248 0.006797 -0.012723
v -0.004498 0.006797 -0.013157
v -0.007504 0.006797 -0.013157
v -0.007754 0.006797 -0.012723
v 0.001265 0.005311 -0.004193
v 0.001260 0.005314 -0.004185
v 0.001185 0.005380 -0.004054
v 0.001240 0.005326 -0.004149
v 0.001198 0.005364 -0.004077
v 0.002033 0.005547 -0.003522
v 0.002072 0.005443 -0.003591
v 0.002124 0.005364 -0.003681
v 0.002008 0.005667 -0.003479
v 0.002184 0.005314 -0.003785
vn 0.000000 -0.025213 0.999682
vn 0.000000 0.000000 1.000000
vn 0.000000 -1.000000 0.000000
vn 0.873295 0.000000 0.487192
vn 0.000000 -1.000000 0.000000
vn 0.017358 0.000000 -0.999849
vn 0.000000 -0.025213 -0.999682
vn 0.000000 0.000000 -1.000000
vn 0.000000 -1.000000 0.000000
vn 0.873294 0.000000 0.487193
vn 0.000000 -1.000000 0.000000
vn 0.017358 0.000000 -0.999849
vn 0.484110 0.000000 0.875007
vn 0.000000 0.000000 1.000000
vn 0.000000 -1.000000 0.000000
vn 0.000000 0.000000 1.000000
vn 0.000000 0.000000 1.000000
vn 0.000000 -1.000000 0.000000
vn 0.000000 0.000000 1.000000
vn 0.000000 0.000000 1.000000
vn 0.000000 -1.000000 0.000000
vn -0.174220 -0.962510 -0.207900
vn -0.298558 -0.954392 0.000000
vn 0.000000 0.000000 1.000000
vn 0.000000 -1.000000 0.000000
vn -0.377371 0.000000 0.926062
vn 0.000000 0.000000 1.000000
vn 0.000000 -1.000000 0.000000
vn 0.000000 0.000000 1.000000
vn 0.000000 -0.950380 -0.311090
vn 0.866050 -0.000275 0.499958
vn 0.000000 -1.000000 0.000000
vn 0.863755 -0.079790 -0.497555
vn 1.000000 0.000000 0.000000
vn 0.000000 0.000000 1.000000
vn 0.865925 -0.025274 -0.499534
vn 0.866056 0.000000 -0.499946
vn 0.000000 0.000000 -1.000000
vn 0.000000 0.000000 -1.000000
vn 0.000000 0.000000 -1.000000
vn 0.000000 0.000000 1.000000
vn 0.865926 -0.025273 -0.499533
vn 0.000000 0.000000 -1.000000
vn 0.000000 -1.000000 0.000000
vn 0.000000 0.000000 1.000000
vn -0.865926 -0.025273 -0.499533
vn 0.000000 0.000000 -1.000000
vn 0.000000 0.000000 -1.000000
vn 0.866057 0.000000 -0.499946
vn 0.000000 0.000000 -1.000000
vn 0.000000 0.000000 -1.000000
vn 0.000000 0.000000 -1.000000
vn 0.000000 -1.000000 0.000000
vn 0.000000 0.000000 1.000000
vn -0.865924 -0.025350 -0.499533
vn 0.000000 0.000000 -1.000000
vn 0.000000 0.000000 1.000000
vn 0.865926 -0.025274 -0.499534
vn 0.000000 0.000000 -1.000000
vn 0.000000 0.000000 1.000000
vn 0.000000 0.000000 -1.000000
vn 0.000000 0.000000 -1.000000
vn 0.000000 0.000000 1.000000
vn -0.866265 -0.000209 -0.499585
vn 0.000000 0.000000 1.000000
vn 0.000000 0.000000 1.000000
vn -0.865926 -0.025274 -0.499534
vn -0.866179 -0.000056 0.499734
vn 0.000000 0.000000 1.000000
vn 0.000000 -1.000000 0.000000
vn 0.300909 0.000000 0.953653
vn 0.000000 0.000000 1.000000
vn 0.277865 -0.960620 0.000000
vn 0.000000 0.000000 1.000000
vn 0.732937 -0.600878 -0.318983
vn 0.000000 -0.977619 -0.210383
vn 0.000000 0.000000 1.000000
vn -0.866145 -0.000030 0.499792
vn -1.000000 0.000000 0.000000
vn 0.174220 -0.962510 0.207899
vn 0.293347 -0.956006 0.000000
vn 0.000000 0.000000 1.000000
vn 0.000000 0.000000 1.000000
vn 0.000000 -1.000000 0.000000
vn 0.000000 -1.000000 0.000000
vn 0.000000 0.000000 1.000000
vn 0.377371 0.000000 -0.926062
vn 0.000000 -0.956160 0.292846
vn -0.866135 -0.000055 -0.499809
vn -1.000000 0.000000 0.000000
vn -0.865926 -0.025274 0.499534
vn 0.000000 0.000000 1.000000
vn -0.865926 -0.025274 0.499534
vn -0.866057 0.000000 0.499946
vn 0.000000 0.000000 1.000000
vn 0.000000 0.000000 1.000000
vn 0.000000 0.000000 1.000000
vn 0.000000 0.000000 1.000000
vn 0.000000 -0.036419 0.999337
vn 0.000000 0.000000 1.000000
vn -0.017358 0.000000 0.999849
vn -0.873295 0.000000 -0.487191
vn 0.000000 -1.000000 0.000000
vn 0.000000 -1.000000 0.000000
vn 0.866056 0.000000 0.499946
vn -0.865926 -0.025273 0.499534
vn 0.000000 0.000000 1.000000
vn 0.000000 0.000000 1.000000
vn 0.863755 -0.079789 0.497555
vn 0.865926 -0.025273 0.499534
vn 0.999088 0.000000 0.042695
vn 0.953714 0.000000 0.300715
vn 0.845080 0.000000 0.534641
vn 0.873295 0.000000 -0.487192
vn 0.976789 0.000000 -0.214205
vn 0.214208 0.000000 0.976788
vn 0.462570 0.000000 0.886583
vn -0.953712 0.000000 -0.300720
vn -0.300725 0.000000 0.953711
vn -0.540757 0.000000 0.841179
vn 0.674367 0.000000 0.738397
vn -0.736440 0.000000 0.676503
vn -0.885664 0.000000 0.464326
vn -0.999088 0.000000 -0.042699
vn -0.976788 0.000000 0.214211
vn 0.000000 0.000000 1.000000
vn 0.000000 -0.036419 0.999337
vn 0.000000 0.000000 1.000000
vn -0.017358 0.000000 0.999849
vn 0.000000 -1.000000 0.000000
vn 0.000000 -1.000000 0.000000
vn 0.866056 0.000000 0.499946
vn -0.999088 0.000000 -0.042691
vn -0.953710 0.000000 -0.300727
vn -0.873294 0.000000 -0.487193
vn -0.865926 -0.025273 0.499534
vn 0.000000 0.000000 1.000000
vn -0.865926 -0.025273 0.499534
vn -0.866057 0.000000 0.499946
vn 0.000000 0.000000 1.000000
vn 0.000000 0.000000 1.000000
vn 0.000000 0.000000 1.000000
vn 0.000000 0.000000 1.000000
vn 0.000000 0.000000 1.000000
vn 0.865926 -0.025273 0.499533
vn 0.865926 -0.025273 0.499534
vn -0.540755 0.000000 0.841180
vn -0.736448 0.000000 0.676494
vn -0.885661 0.000000 0.464332
vn 0.999088 0.000000 0.042695
vn 0.953714 0.000000 0.300715
vn 0.845080 0.000000 0.534641
vn 0.873295 0.000000 -0.487192
vn 0.976789 0.000000 -0.214205
vn 0.214208 0.000000 0.976788
vn 0.462570 0.000000 0.886583
vn -0.300723 0.000000 0.953712
vn 0.674367 0.000000 0.738397
vn -0.976789 0.000000 0.214203
vn -0.300909 0.000000 -0.953653
vn 0.000000 0.000000 1.000000
vn -0.274904 -0.961472 0.000000
vn 0.000000 0.000000 1.000000
vn -0.732937 -0.600877 0.318982
vn 0.000000 -0.978677 0.205407
vn 0.000000 0.000000 1.000000
vn -0.865926 -0.025273 0.499533
vn 0.000000 0.000000 1.000000
vn 0.000000 0.000000 1.000000
vn 0.000000 0.000000 1.000000
vn 0.000000 0.000000 1.000000
vn 0.866157 -0.000119 -0.499772
vn 0.866056 0.000000 0.499946
vn 0.865925 -0.025274 0.499534
vn 0.000000 0.000000 1.000000
vn 0.865926 -0.025274 0.499533
vn 0.997552 0.000000 -0.069936
vn 0.000000 -1.000000 0.000000
vn 1.000000 0.000000 0.000000
vn -0.292541 -0.956253 0.000000
vn 0.000000 -1.000000 0.000000
vn -0.509732 -0.860333 0.000000
vn 0.499772 0.000000 0.866157
vn 0.999966 -0.008257 0.000000
vn 0.996815 -0.079745 0.000000
vn 0.000000 0.000000 1.000000
vn -0.769876 0.000000 0.638194
vn 0.891097 0.000000 -0.453812
vn -0.897824 0.000000 0.440355
vn 0.976644 0.000000 -0.214863
vn -0.975746 0.000000 0.218908
vn 0.999208 0.000000 0.039788
vn -0.999895 0.000000 -0.014523
vn 0.956199 0.000000 0.292716
vn 0.000000 0.000000 1.000000
vn -0.410678 0.000000 0.911780
vn 0.000000 0.000000 1.000000
vn 0.000000 0.000000 1.000000
vn 0.000000 -1.000000 0.000000
vn 0.552965 0.000000 -0.833204
vn -0.599834 0.000000 0.800124
vn 0.000000 0.000000 1.000000
vn 0.012888 -0.999902 0.005492
vn -0.500399 -0.000075 0.865795
vn 0.000000 0.000000 1.000000
vn 0.866106 0.000118 -0.499860
vn 0.002971 -0.999967 0.007606
vn 0.000000 -1.000000 0.000000
vn 0.000000 -1.000000 0.000000
vn 0.865926 -0.025273 -0.499534
vn 0.000000 0.000000 1.000000
vn 0.000000 0.000000 1.000000
vn -0.919688 0.000000 0.392651
vn -0.988887 0.000000 0.148670
vn 0.000000 0.000000 1.000000
vn 0.074286 0.000000 -0.997237
vn -0.181067 0.000000 -0.983471
vn 0.381270 0.000000 0.924464
vn -0.424530 0.000000 -0.905414
vn 0.587679 0.000000 0.809094
vn -0.639150 0.000000 -0.769082
vn 0.760315 0.000000 0.649554
vn -0.814088 0.000000 -0.580742
vn 0.891197 0.000000 0.453616
vn -0.934464 0.000000 -0.356058
vn -0.994201 0.000000 -0.107543
vn 0.292434 -0.956286 0.000000
vn 0.509732 -0.860333 0.000000
vn 0.000000 0.000000 1.000000
vn -0.499772 0.000000 0.866157
vn 0.000000 0.000000 1.000000
vn 0.000000 0.000000 1.000000
vn 0.000000 -1.000000 0.000000
vn -0.996815 -0.079745 0.000000
vn 0.000000 0.000000 1.000000
vn 0.000000 -1.000000 0.000000
vn 0.349677 0.000000 0.936871
vn -1.000000 0.000000 0.000000
vn 0.717146 0.000000 0.696923
vn 0.000000 0.000000 1.000000
vn 0.860544 0.000000 0.509376
vn -0.848420 0.000000 -0.529324
vn 0.955599 0.000000 0.294669
vn -0.954734 0.000000 -0.297462
vn 0.997930 0.000000 0.064316
vn -0.998984 0.000000 -0.045067
vn -0.977989 0.000000 0.208658
vn 0.499376 -0.034175 0.865711
vn 0.499858 -0.000159 0.866108
vn -0.006142 -0.999978 0.002406
vn 0.499807 -0.025244 0.865769
vn 0.000000 -1.000000 0.000000
vn -0.865926 -0.025273 -0.499534
vn 0.000000 0.000000 1.000000
vn 0.000000 -1.000000 0.000000
vn 0.882560 0.000000 0.470199
vn -0.873295 0.000000 0.487191
vn 0.000000 0.000000 1.000000
vn 0.000000 0.000000 1.000000
vn 0.000000 0.000000 1.000000
vn -0.241653 0.000000 -0.970363
vn 0.534559 0.000000 0.845132
vn -0.479378 0.000000 -0.877608
vn 0.000000 0.000000 1.000000
vn -0.005492 -0.999902 0.012888
vn -0.865795 -0.000075 -0.500399
vn 0.972903 0.000000 0.231214
vn 0.999762 0.000000 -0.021800
vn -0.924464 0.000000 0.381270
vn 0.961807 0.000000 -0.273727
vn -0.809094 0.000000 0.587679
vn 0.860852 0.000000 -0.508855
vn -0.649554 0.000000 0.760315
vn 0.703344 0.000000 -0.710850
vn -0.453616 0.000000 0.891197
vn 0.499614 0.000000 -0.866248
vn 0.265279 0.000000 -0.964172
vn 0.499772 0.000000 -0.866157
vn 0.000000 0.000000 1.000000
vn 0.000000 0.000000 1.000000
vn 0.000000 0.000000 1.000000
vn 0.000000 -1.000000 0.000000
vn -0.290399 -0.956906 0.000000
vn 1.000000 0.000000 0.000000
vn 0.000000 -1.000000 0.000000
vn -0.349676 0.000000 -0.936871
vn 0.000000 0.000000 1.000000
vn -0.717406 0.000000 -0.696656
vn 0.000000 0.000000 1.000000
vn -0.860089 0.000000 -0.510144
vn 0.848758 0.000000 0.528782
vn -0.955599 0.000000 -0.294670
vn 0.954947 0.000000 0.296777
vn -0.997930 0.000000 -0.064315
vn 0.998915 0.000000 0.046567
vn 0.977835 0.000000 -0.209377
vn -0.499820 -0.034206 -0.865454
vn -0.499860 0.000118 -0.866106
vn 0.006147 -0.999978 -0.002401
vn -0.499480 -0.025227 -0.865958
vn 0.000000 -1.000000 0.000000
vn 0.865926 -0.025273 0.499534
vn 0.000000 0.000000 1.000000
vn 0.000000 -1.000000 0.000000
vn -0.882560 0.000000 -0.470199
vn 0.000000 0.000000 1.000000
vn 0.241652 0.000000 0.970363
vn -0.534793 0.000000 -0.844983
vn 0.479379 0.000000 0.877608
vn 0.000000 0.000000 1.000000
vn 0.005492 -0.999902 -0.012888
vn 0.865795 -0.000075 0.500399
vn 0.873295 0.000000 -0.487192
vn 0.000000 0.000000 1.000000
vn 0.000000 0.000000 1.000000
vn -0.972734 0.000000 -0.231925
vn -0.999778 0.000000 0.021049
vn 0.924464 0.000000 -0.381270
vn -0.961410 0.000000 0.275119
vn 0.809094 0.000000 -0.587680
vn -0.853583 0.002363 0.520952
vn 0.649555 0.000000 -0.760315
vn 0.000000 0.000000 1.000000
vn 0.453616 0.000000 -0.891197
vn -0.499615 0.000000 0.866248
vn -0.265279 0.000000 0.964172
vn 0.000000 -1.000000 0.000000
vn -1.000000 0.000000 0.000000
vn 0.289439 -0.957196 0.000000
vn 0.000000 -1.000000 0.000000
vn -0.499772 0.000000 -0.866157
vn -0.999966 -0.008257 0.000000
vn 0.000000 0.000000 1.000000
vn 0.770131 0.000000 -0.637886
vn -0.890489 0.000000 0.455005
vn 0.898029 0.000000 -0.439936
vn -0.976802 0.000000 0.214145
vn 0.975746 0.000000 -0.218907
vn -0.999178 0.000000 -0.040538
vn 0.999895 0.000000 0.014521
vn -0.956619 0.000000 -0.291341
vn 0.000000 0.000000 1.000000
vn 0.410678 0.000000 -0.911781
vn 0.000000 0.000000 1.000000
vn 0.000000 0.000000 1.000000
vn 0.000000 -1.000000 0.000000
vn 0.000000 0.000000 1.000000
vn -0.552965 0.000000 0.833204
vn 0.599336 0.000000 -0.800498
vn -0.012878 -0.999902 -0.005488
vn 0.499763 -0.000125 -0.866162
vn 0.000000 0.000000 1.000000
vn -0.866107 0.000118 0.499859
vn -0.002971 -0.999967 -0.007606
vn 0.000000 -1.000000 0.000000
vn 0.000000 -1.000000 0.000000
vn -0.865926 -0.025273 0.499534
vn 0.000000 0.000000 1.000000
vn 0.000000 0.000000 1.000000
vn 0.919688 0.000000 -0.392651
vn 0.989107 0.000000 -0.147201
vn 0.000000 0.000000 1.000000
vn -0.074286 0.000000 0.997237
vn 0.181067 0.000000 0.983471
vn -0.381270 0.000000 -0.924464
vn 0.424530 0.000000 0.905414
vn -0.587679 0.000000 -0.809094
vn 0.639149 0.000000 0.769083
vn -0.760315 0.000000 -0.649554
vn 0.814088 0.000000 0.580741
vn -0.891197 0.000000 -0.453616
vn 0.934714 0.000000 0.355401
vn 0.994281 0.000000 0.106799
vn -0.322410 0.000000 -0.946600
vn 0.000000 -0.025213 -0.999682
vn 0.000000 -1.000000 0.000000
vn 0.000000 0.000000 1.000000
vn 0.017359 0.000000 -0.999849
vn 0.300723 0.000000 -0.953712
vn 0.536875 0.000000 -0.843662
vn 0.000000 -0.036419 -0.999337
vn 0.738577 0.000000 -0.674169
vn -0.887243 0.000000 0.461303
vn -0.737756 0.000000 0.675068
vn -0.536772 0.000000 0.843728
vn 0.461301 0.000000 0.887244
vn 0.675072 0.000000 0.737752
vn 0.000000 0.000000 1.000000
vn 0.976489 0.000000 -0.215568
vn 0.887244 0.000000 -0.461300
vn 0.737754 0.000000 -0.675069
vn -0.300746 0.000000 0.953704
vn -0.043437 0.000000 0.999056
vn 0.215567 0.000000 0.976489
vn 0.843727 0.000000 0.536772
vn 0.953705 0.000000 0.300745
vn -0.843729 0.000000 -0.536769
vn -0.953703 0.000000 -0.300750
vn -0.999056 0.000000 -0.043439
vn -0.976488 0.000000 0.215572
vn 0.536772 0.000000 -0.843728
vn 0.000000 0.000000 1.000000
vn 0.043437 0.000000 -0.999056
vn -0.215568 0.000000 -0.976489
vn -0.461302 0.000000 -0.887243
vn -0.675069 0.000000 -0.737755
vn 0.865932 0.000000 -0.500162
vn 0.000000 0.000000 1.000000
vn -0.260323 0.000000 0.965522
vn 0.000000 -1.000000 0.000000
vn 0.165487 0.000000 0.986212
vn 0.000000 0.000000 -1.000000
vn 0.000000 -0.031590 -0.999501
vn 0.000000 -0.036419 -0.999337
vn 0.300715 0.000000 -0.953714
vn 0.536875 0.000000 -0.843662
vn 0.738578 0.000000 -0.674168
vn 0.887428 0.000000 -0.460946
vn 0.976791 0.000000 -0.214196
vn 0.999088 0.000000 0.042690
vn 0.953715 0.000000 0.300712
vn 0.000000 -0.079745 -0.996815
vn 0.000000 -0.030576 -0.999532
vn 0.000000 0.000000 -1.000000
vn 0.000000 -1.000000 0.000000
vn -0.873295 0.000000 0.487192
vn 0.000000 0.000000 1.000000
vn -0.976789 0.000000 0.214205
vn -0.999088 0.000000 -0.042694
vn -0.464328 0.000000 -0.885664
vn -0.214203 0.000000 -0.976789
vn -0.953712 0.000000 -0.300721
vn -0.841178 0.000000 -0.540758
vn -0.676502 0.000000 -0.736441
vn 0.000000 0.000000 1.000000
vn -0.557819 0.000000 0.829963
vn 0.000000 -1.000000 0.000000
vn 0.341564 0.000000 0.939859
vn -0.866139 0.000119 -0.499803
vn 0.000000 0.000000 1.000000
vn -0.080372 0.000000 0.996765
vn -0.976489 0.000000 0.215568
vn -0.887243 0.000000 0.461302
vn -0.043437 0.000000 0.999056
vn 0.215567 0.000000 0.976489
vn -0.300746 0.000000 0.953704
vn 0.300747 0.000000 -0.953704
vn 0.000000 0.000000 1.000000
vn -0.215568 0.000000 -0.976489
vn -0.461302 0.000000 -0.887243
vn -0.675069 0.000000 -0.737755
vn -0.737755 0.000000 0.675069
vn -0.536773 0.000000 0.843727
vn -0.843728 0.000000 -0.536771
vn 0.000000 0.000000 1.000000
vn -0.999056 0.000000 -0.043437
vn 0.461302 0.000000 0.887243
vn 0.675071 0.000000 0.737753
vn 0.843728 0.000000 0.536772
vn 0.953704 0.000000 0.300747
vn 0.999056 0.000000 0.043437
vn 0.976489 0.000000 -0.215567
vn 0.887243 0.000000 -0.461302
vn 0.737755 0.000000 -0.675068
vn 0.536771 0.000000 -0.843728
vn -0.464331 0.000000 -0.885662
vn -0.214210 0.000000 -0.976788
vn -0.017359 0.000000 -0.999849
vn 0.000000 0.000000 1.000000
vn 0.000000 -1.000000 0.000000
vn 0.000000 -0.036419 -0.999337
vn -0.676499 0.000000 -0.736444
vn 0.322410 0.000000 0.946600
vn 0.000000 -0.025213 0.999682
vn 0.000000 -1.000000 0.000000
vn 0.000000 0.000000 1.000000
vn -0.017359 0.000000 0.999849
vn -0.300723 0.000000 0.953712
vn -0.540758 0.000000 0.841178
vn 0.000000 -0.036419 0.999337
vn -0.736441 0.000000 0.676502
vn -0.461302 0.000000 -0.887243
vn -0.675070 0.000000 -0.737753
vn -0.976489 0.000000 0.215567
vn -0.887243 0.000000 0.461302
vn -0.737755 0.000000 0.675069
vn 0.887243 0.000000 -0.461303
vn 0.737755 0.000000 -0.675068
vn 0.536773 0.000000 -0.843727
vn -0.843727 0.000000 -0.536772
vn 0.000000 0.000000 1.000000
vn -0.999056 0.000000 -0.043437
vn -0.043437 0.000000 0.999056
vn 0.000000 0.000000 1.000000
vn -0.536771 0.000000 0.843728
vn 0.300745 0.000000 -0.953705
vn 0.043437 0.000000 -0.999056
vn -0.215567 0.000000 -0.976489
vn 0.215568 0.000000 0.976489
vn 0.461302 0.000000 0.887243
vn 0.000000 0.000000 1.000000
vn 0.675070 0.000000 0.737754
vn 0.843728 0.000000 0.536771
vn 0.953704 0.000000 0.300747
vn 0.999056 0.000000 0.043437
vn 0.976489 0.000000 -0.215568
vn -0.866207 0.000000 0.499686
vn 0.000000 0.000000 1.000000
vn 0.000000 -1.000000 0.000000
vn 0.260323 0.000000 -0.965522
vn 0.000000 -1.000000 0.000000
vn -0.165487 0.000000 -0.986212
vn -0.484110 0.000000 -0.875007
vn 0.000000 0.000000 1.000000
vn 0.000000 -0.036419 0.999337
vn -0.017358 0.000000 0.999849
vn -0.873295 0.000000 -0.487192
vn -0.953713 0.000000 -0.300719
vn -0.885662 0.000000 0.464331
vn -0.976789 0.000000 0.214206
vn -0.999088 0.000000 -0.042694
vn -0.300716 0.000000 0.953714
vn -0.540759 0.000000 0.841178
vn -0.736444 0.000000 0.676499
vn 0.000000 -1.000000 0.000000
vn 0.000000 0.000000 1.000000
vn 0.873295 0.000000 0.487192
vn 0.017358 0.000000 -0.999849
vn 0.000000 -0.036419 -0.999337
vn 0.000000 -0.079745 -0.996815
vn 0.000000 0.000000 1.000000
vn -0.873295 0.000000 0.487191
vn -0.976787 0.000000 0.214212
vn -0.676496 0.000000 -0.736446
vn -0.464332 0.000000 -0.885661
vn -0.841178 0.000000 -0.540758
vn -0.953713 0.000000 -0.300719
vn -0.999088 0.000000 -0.042698
vn -0.214208 0.000000 -0.976788
vn 0.976789 0.000000 -0.214203
vn 0.999088 0.000000 0.042695
vn 0.953714 0.000000 0.300716
vn 0.300725 0.000000 -0.953711
vn 0.536874 0.000000 -0.843663
vn 0.887430 0.000000 -0.460943
vn 0.738576 0.000000 -0.674170
vn 0.000000 0.000000 1.000000
vn 0.000000 0.000000 1.000000
vn 0.000000 -0.079745 -0.996815
vn 0.000000 -0.036419 -0.999337
vn -0.841182 0.000000 -0.540752
vn -0.676500 0.000000 -0.736442
vn -0.464329 0.000000 -0.885663
vn -0.873294 0.000000 0.487193
vn -0.976789 0.000000 0.214205
vn -0.999088 0.000000 -0.042691
vn -0.953711 0.000000 -0.300726
vn -0.214207 0.000000 -0.976788
vn 0.976789 0.000000 -0.214203
vn 0.999088 0.000000 0.042695
vn 0.953714 0.000000 0.300716
vn 0.300725 0.000000 -0.953711
vn 0.536874 0.000000 -0.843663
vn 0.887430 0.000000 -0.460943
vn 0.738576 0.000000 -0.674170
vn 0.000000 -0.079745 0.996815
vn 0.000000 -0.030576 0.999532
vn 0.000000 0.000000 1.000000
vn 0.845078 0.000000 0.534642
vn 0.674371 0.000000 0.738393
vn 0.462563 0.000000 0.886586
vn 0.000000 0.000000 1.000000
vn 0.873294 0.000000 -0.487193
vn 0.000000 0.000000 1.000000
vn 0.976791 0.000000 -0.214195
vn 0.999088 0.000000 0.042690
vn 0.953714 0.000000 0.300714
vn 0.214203 0.000000 0.976789
vn 0.000000 0.000000 1.000000
vn 0.557819 0.000000 -0.829963
vn 0.000000 -1.000000 0.000000
vn -0.341563 0.000000 -0.939859
vn 0.865932 0.000000 0.500162
vn 0.000000 0.000000 1.000000
vn 0.080372 0.000000 -0.996765
vn -0.536770 0.000000 0.843728
vn -0.737756 0.000000 0.675068
vn -0.887243 0.000000 0.461302
vn -0.300747 0.000000 0.953704
vn 0.000000 0.000000 1.000000
vn 0.215568 0.000000 0.976489
vn 0.461301 0.000000 0.887244
vn 0.675070 0.000000 0.737753
vn 0.843728 0.000000 0.536771
vn 0.976489 0.000000 -0.215569
vn 0.000000 0.000000 1.000000
vn 0.953705 0.000000 0.300744
vn 0.887244 0.000000 -0.461300
vn 0.737754 0.000000 -0.675069
vn 0.536773 0.000000 -0.843727
vn -0.843729 0.000000 -0.536770
vn -0.675070 0.000000 -0.737754
vn -0.461302 0.000000 -0.887243
vn -0.953703 0.000000 -0.300750
vn -0.999056 0.000000 -0.043439
vn -0.976488 0.000000 0.215571
vn 0.300744 0.000000 -0.953705
vn 0.043437 0.000000 -0.999056
vn -0.215567 0.000000 -0.976489
vn 0.462568 0.000000 0.886584
vn 0.214210 0.000000 0.976788
vn 0.017359 0.000000 0.999849
vn 0.000000 0.000000 1.000000
vn 0.000000 -1.000000 0.000000
vn 0.000000 -0.036419 0.999337
vn 0.674369 0.000000 0.738395
vn 0.000000 0.000000 1.000000
vn 0.000000 -0.079745 -0.996815
vn 0.000000 -1.000000 0.000000
vn 0.000000 -1.000000 0.000000
vn 0.873295 0.000000 -0.487192
vn 0.000000 0.000000 1.000000
vn 0.000000 -0.079745 0.996815
vn 0.000000 -0.036419 -0.999337
vn 0.017358 0.000000 -0.999849
vn 0.873295 0.000000 0.487191
vn 0.953713 0.000000 0.300719
vn 0.000000 -0.036419 0.999337
vn -0.017358 0.000000 0.999849
vn -0.878380 0.000000 -0.477963
vn -0.966234 0.000000 -0.257665
vn -0.873093 -0.000007 0.487553
vn -0.976788 -0.000043 0.214207
vn -0.999088 0.000000 -0.042694
vn 0.976787 0.000000 -0.214212
vn 0.999088 0.000000 0.042698
vn 0.214204 0.000000 0.976789
vn -0.214205 0.000000 -0.976789
vn -0.464326 0.000000 -0.885664
vn -0.676503 0.000000 -0.736440
vn 0.953712 0.000000 0.300721
vn 0.845078 0.000000 0.534642
vn -0.953711 0.000000 -0.300725
vn -0.841179 0.000000 -0.540757
vn 0.300718 0.000000 -0.953713
vn 0.536877 0.000000 -0.843661
vn 0.738578 0.000000 -0.674168
vn 0.887428 0.000000 -0.460946
vn 0.976787 0.000000 -0.214212
vn 0.999088 0.000000 0.042698
vn 0.674371 0.000000 0.738393
vn 0.462567 0.000000 0.886585
vn -0.999088 0.000000 -0.042694
vn -0.300716 0.000000 0.953714
vn -0.540758 0.000000 0.841178
vn -0.736446 0.000000 0.676496
vn -0.885661 0.000000 0.464332
vn -0.976788 0.000000 0.214208
vn 0.873295 0.000000 0.487192
vn 0.000000 -1.000000 0.000000
vn 0.017358 0.000000 -0.999849
vn 0.000000 0.000000 1.000000
vn 0.000000 -0.079745 -0.996815
vn 0.000000 -1.000000 0.000000
vn 0.873295 0.000000 -0.487191
vn 0.000000 0.000000 1.000000
vn 0.000000 -0.079745 0.996815
vn 0.000000 -0.036419 -0.999337
vn 0.000000 -0.036419 0.999337
vn -0.017358 0.000000 0.999849
vn -0.878381 0.000000 -0.477962
vn -0.966235 0.000000 -0.257663
vn 0.976788 0.000000 -0.214211
vn 0.999088 0.000000 0.042698
vn 0.214204 0.000000 0.976789
vn -0.873093 -0.000007 0.487554
vn -0.976788 -0.000043 0.214208
vn -0.999088 0.000000 -0.042694
vn 0.976787 0.000000 -0.214212
vn 0.999088 0.000000 0.042698
vn 0.953712 0.000000 0.300721
vn 0.953712 0.000000 0.300721
vn 0.845078 0.000000 0.534642
vn -0.676503 0.000000 -0.736440
vn -0.214205 0.000000 -0.976789
vn -0.464326 0.000000 -0.885664
vn 0.300718 0.000000 -0.953713
vn 0.536877 0.000000 -0.843661
vn 0.738578 0.000000 -0.674168
vn 0.674371 0.000000 0.738393
vn 0.462567 0.000000 0.886585
vn -0.999088 0.000000 -0.042694
vn -0.300716 0.000000 0.953714
vn -0.540758 0.000000 0.841178
vn -0.953711 0.000000 -0.300725
vn -0.841179 0.000000 -0.540757
vn -0.736446 0.000000 0.676496
vn -0.885661 0.000000 0.464332
vn -0.976788 0.000000 0.214208
vn 0.887428 0.000000 -0.460946
vn -0.974925 -0.221619 -0.020155
vn -1.000000 0.000000 0.000000
vn -0.239228 -0.507557 0.827741
vn -0.992960 -0.083755 0.083755
vn -0.999639 -0.026881 0.000000
vn -0.999846 -0.017541 0.000000
vn -1.000000 0.000000 0.000000
vn -1.000000 0.000000 0.000000
vn -1.000000 0.000000 0.000000
vn -0.986829 0.161767 0.000000
vn -1.000000 0.000000 0.000000
vn -0.999846 -0.017541 0.000000
vn -0.999915 -0.013018 0.000000
vn -0.198141 0.226840 0.953564
vn -0.312826 -0.006869 0.949786
vn -0.461407 -0.887189 0.000000
vn -0.675550 -0.737315 0.000000
vn 0.000000 0.000000 1.000000
vn -0.997663 0.068325 0.000000
vn -0.982742 0.184981 0.000000
vn 0.278807 -0.051930 0.958942
vn 0.216204 0.976348 0.000000
vn 0.461393 0.887196 0.000000
vn 0.000000 0.000000 1.000000
vn -0.843096 -0.537763 0.000000
vn 0.000000 0.000000 1.000000
vn 0.352610 0.935771 0.000000
vn 0.000000 0.000000 1.000000
vn 0.165695 -0.177335 0.970102
vn 0.000000 0.000000 1.000000
vn -0.953622 -0.301008 0.000000
vn -0.134386 0.990929 0.000000
vn 0.571183 0.820823 0.000000
vn 0.705800 0.708411 0.000000
vn 0.000000 -0.307565 0.951527
vn -0.667434 0.744669 0.000000
vn -0.481193 0.876615 0.000000
vn -0.267419 0.963580 0.000000
vn 0.000000 0.000000 1.000000
vn 0.011017 -0.257256 0.966281
vn -0.039521 0.999219 0.000000
vn 0.072863 -0.263337 0.961948
vn -0.228522 0.973539 0.000000
vn 0.133760 -0.240535 0.961380
vn -0.413477 0.910515 0.000000
vn -0.465381 0.885111 0.000000
vn 0.238814 0.180907 0.954065
vn 0.244573 0.104281 0.964007
vn -0.976368 0.216113 0.000000
vn 0.182175 0.029278 0.982830
vn -0.999042 -0.043754 0.000000
vn 0.183948 -0.015763 0.982810
vn 0.251546 -0.086352 0.963986
vn 0.011779 0.202969 0.979114
vn 0.060684 0.301366 0.951576
vn 0.000000 0.000000 1.000000
vn 0.000000 0.000000 1.000000
vn 0.056557 0.084124 0.994849
vn 0.000000 0.000000 1.000000
vn -0.708286 0.705921 -0.002536
vn 0.000000 0.000000 1.000000
vn 0.428670 -0.903461 0.000000
vn 0.195074 -0.980788 0.000000
vn -0.051492 -0.998673 0.000000
vn -0.297424 -0.954745 0.000000
vn 0.888469 0.458937 0.000000
vn 0.877773 0.479077 0.000000
vn 0.000000 0.000000 1.000000
vn 0.927350 0.374195 0.000000
vn 0.044211 0.349411 0.935926
vn 0.000000 0.196027 0.980599
vn 0.206576 -0.006718 0.978407
vn 0.990589 0.136867 0.000000
vn 0.993784 -0.111326 0.000000
vn -0.608351 0.793668 0.000000
vn 0.935491 -0.353349 0.000000
vn 0.819994 -0.572372 0.000000
vn 0.708847 -0.705363 0.000000
vn 0.705800 -0.708411 0.000000
vn 0.245535 -0.089766 0.965223
vn -0.394710 -0.918806 0.000000
vn -0.491681 -0.870775 0.000000
vn -0.681760 -0.731576 0.000000
vn 0.538501 0.460751 0.705496
vn 0.409453 0.579576 0.704585
vn 0.257215 0.661822 0.704153
vn -0.479078 -0.877773 0.000000
vn -0.418889 -0.908038 0.000000
vn -0.834675 -0.550742 0.000000
vn -0.939503 -0.342542 0.000000
vn -0.993638 -0.112621 0.000000
vn 0.636710 0.314033 0.704261
vn -0.992124 0.125261 0.000000
vn 0.000000 0.000000 1.000000
vn 0.255693 -0.192441 0.947411
vn 0.693543 0.149645 0.704701
vn 0.000000 0.000000 1.000000
vn 0.000000 0.000000 1.000000
vn 0.000000 0.000000 1.000000
vn 0.165711 -0.291459 0.942121
vn 0.201110 -0.247091 0.947893
vn 0.000000 0.000000 1.000000
vn -0.201049 0.979581 0.000000
vn 0.000000 0.000000 1.000000
vn 0.000000 0.000000 1.000000
vn 0.000000 0.000000 1.000000
vn 0.000000 0.000000 1.000000
vn 0.000000 0.000000 1.000000
vn 0.000000 0.000000 1.000000
vn -0.795690 0.605704 0.000000
vn -0.724593 0.689177 0.000000
vn -0.637348 0.770576 0.000000
vn 0.918550 0.395305 0.000000
vn -0.201824 -0.055801 0.977831
vn 0.000000 0.000000 1.000000
vn -0.341326 -0.018996 0.939753
vn 0.000000 0.000000 1.000000
vn -0.195066 -0.008581 0.980753
vn -0.143541 -0.055787 0.988071
vn 0.000000 0.000000 1.000000
vn -0.320796 -0.300030 0.898372
vn -0.405249 -0.225029 0.886078
vn -0.301131 0.953583 0.000000
vn 0.029300 -0.182315 0.982804
vn -0.043735 0.999043 0.000000
vn -0.015754 -0.183845 0.982829
vn -0.086298 -0.251578 0.963982
vn 0.211967 -0.042875 0.976336
vn 0.420670 -0.194809 0.886051
vn 0.342054 -0.275380 0.898424
vn 0.113758 -0.150304 0.982073
vn 0.104335 -0.244511 0.964017
vn -0.112303 0.993674 0.000000
vn 0.000000 0.000000 1.000000
vn -0.100259 -0.189066 0.976833
vn -0.189729 -0.276501 0.942099
vn 0.000000 0.000000 1.000000
vn 0.000000 0.000000 1.000000
vn 0.000000 0.000000 1.000000
vn 0.000000 0.000000 1.000000
vn 0.000000 0.000000 1.000000
vn 0.000000 0.000000 1.000000
vn 0.351904 0.936036 0.000000
vn 0.000000 0.000000 1.000000
vn -0.217052 -0.194932 0.956499
vn 0.000000 0.000000 1.000000
vn 0.000000 0.000000 1.000000
vn 0.000000 0.000000 1.000000
vn 0.256438 0.000000 0.966561
vn 0.000000 0.000000 1.000000
vn 0.244387 -0.014183 0.969574
vn 0.000000 0.000000 1.000000
vn -0.908403 0.418096 0.000000
vn 0.000000 0.000000 1.000000
vn -0.877773 0.479077 0.000000
vn -0.954985 0.296654 0.000000
vn 0.000000 0.000000 1.000000
vn -0.176582 0.188986 0.965973
vn 0.000000 0.000000 1.000000
vn 0.843220 0.537569 0.000000
vn 0.953583 0.301131 0.000000
vn 0.479078 -0.877772 0.000000
vn 0.135719 -0.990747 0.000000
vn -0.113699 -0.993515 0.000000
vn -0.352609 -0.935771 0.000000
vn 0.000000 0.000000 1.000000
vn 0.675316 0.737528 0.000000
vn -0.705800 -0.708411 0.000000
vn 0.000000 0.000000 1.000000
vn -0.768555 -0.639784 0.000000
vn -0.903958 -0.427621 0.000000
vn 0.000000 0.000000 1.000000
vn -0.998526 0.054268 0.000000
vn 0.000000 0.000000 1.000000
vn 0.000000 0.000000 1.000000
vn 0.000000 0.000000 1.000000
vn 0.000000 0.000000 1.000000
vn -0.152222 -0.067799 0.986018
vn 0.000000 0.000000 1.000000
vn -0.292522 -0.180972 0.938978
vn 0.979416 0.201852 0.000000
vn 0.000000 0.000000 1.000000
vn 0.000000 0.000000 1.000000
vn 0.000000 0.000000 1.000000
vn 0.689177 0.724593 0.000000
vn 0.758110 0.652127 0.000000
vn 0.905271 0.424834 0.000000
vn 0.000000 0.000000 1.000000
vn 0.459278 -0.888293 0.000000
vn -0.141775 0.255692 0.956306
vn 0.394709 -0.918806 0.000000
vn -0.082148 0.296893 0.951371
vn 0.000000 0.000000 1.000000
vn -0.018992 0.341270 0.939773
vn 0.000000 0.000000 1.000000
vn -0.008873 0.194912 0.980781
vn -0.055674 0.143879 0.988028
vn 0.000000 0.000000 1.000000
vn -0.244720 -0.104612 0.963934
vn 0.976348 -0.216203 0.000000
vn -0.182272 -0.029184 0.982815
vn 0.999043 0.043735 0.000000
vn -0.183891 0.015747 0.982821
vn -0.251665 0.086140 0.963973
vn 0.887020 -0.461731 0.000000
vn 0.000000 0.000000 1.000000
vn 0.000000 0.000000 1.000000
vn -0.163923 -0.203339 0.965289
vn 0.000000 0.000000 1.000000
vn -0.637512 0.770440 0.000000
vn -0.428669 0.903462 0.000000
vn -0.708844 0.705365 0.000000
vn 0.734694 -0.678397 -0.001634
vn -0.820186 0.572097 0.000000
vn 0.296186 0.955130 0.000000
vn 0.465380 0.885111 0.000000
vn -0.113751 -0.245856 0.962609
vn 0.353497 0.935436 0.000000
vn -0.053079 -0.261633 0.963707
vn 0.163495 0.986544 0.000000
vn -0.005311 -0.357953 0.933725
vn 0.000000 0.000000 1.000000
vn 0.000000 -0.154156 0.988047
vn 0.014183 0.999899 0.000000
vn 0.190792 0.981631 0.000000
vn 0.000000 0.000000 1.000000
vn 0.000000 0.000000 1.000000
vn 0.000000 0.000000 1.000000
vn 0.413146 0.910665 0.000000
vn 0.607180 0.794564 0.000000
vn 0.000000 0.000000 1.000000
vn 0.000000 0.000000 1.000000
vn -0.264546 -0.049233 0.963116
vn 0.000000 0.000000 1.000000
vn 0.000000 0.000000 1.000000
vn 0.898741 0.438481 0.000000
vn 0.000000 0.000000 1.000000
vn -0.289043 -0.052234 0.955890
vn 0.991625 0.129148 0.000000
vn -0.930168 0.367134 0.000000
vn 0.000000 0.000000 1.000000
vn 0.000000 0.000000 1.000000
vn 0.000000 0.000000 1.000000
vn 0.000000 0.000000 1.000000
vn 0.000000 0.000000 1.000000
vn 0.000000 0.000000 1.000000
vn 0.000000 0.000000 1.000000
vn 0.980996 0.194029 0.000000
vn 0.000000 0.000000 1.000000
vn 0.709279 0.704927 0.000000
vn 0.000000 0.000000 1.000000
vn 0.902409 0.430881 0.000000
vn 0.000000 0.000000 1.000000
vn 0.000000 0.251330 0.967902
vn 0.000000 0.000000 1.000000
vn 0.935718 -0.352750 0.000000
vn 0.986660 -0.162792 0.000000
vn 0.000000 0.000000 1.000000
vn 0.304345 -0.050857 0.951203
vn 0.288069 -0.001863 0.957608
vn 0.000000 0.000000 1.000000
vn 0.175145 0.186041 0.966806
vn 0.000000 -1.000000 0.000000
vn 0.000000 0.526787 0.849997
vn 1.000000 0.000000 0.000000
vn 0.527294 -0.849681 -0.001837
vn 0.000000 0.000000 1.000000
vn -0.935771 0.352608 0.000000
vn 0.300618 -0.953745 0.000000
vn 0.044182 -0.999023 0.000000
vn -0.216522 -0.976278 0.000000
vn 0.000000 0.280283 0.959918
vn 0.000000 0.000000 1.000000
vn -0.993784 0.111324 0.000000
vn 1.000000 0.000000 0.000000
vn 0.000000 0.541130 0.840939
vn 0.000000 -1.000000 0.000000
vn 0.000000 0.000000 1.000000
vn -0.999987 -0.005177 0.000000
vn -0.973603 -0.228246 0.000000
vn -0.910409 -0.413709 0.000000
vn 0.000000 0.000000 1.000000
vn 0.000000 0.000000 1.000000
vn -0.999996 0.003022 0.000000
vn -0.976360 0.216151 0.000000
vn 0.461862 0.886952 0.000000
vn 0.675925 0.736971 0.000000
vn 0.843510 0.537114 0.000000
vn 0.953494 0.301412 0.000000
vn 0.999936 0.011314 0.000000
vn 1.000000 0.000000 0.000000
vn -1.000000 0.000000 0.000000
vn -0.887710 0.460403 0.000000
vn -0.737642 0.675192 0.000000
vn -0.537113 0.843511 0.000000
vn -0.300744 0.953705 0.000000
vn 0.000000 0.000000 1.000000
vn 0.215451 0.976515 0.000000
vn 0.000000 0.000000 1.000000
vn 0.000000 0.000000 1.000000
vn 0.000000 0.000000 1.000000
vn 0.000000 0.000000 1.000000
vn 0.000000 0.000000 1.000000
vn 0.000000 0.000000 1.000000
vn 0.000000 0.000000 1.000000
vn 0.000000 0.000000 1.000000
vn -0.991391 -0.130939 0.000000
vn 0.000000 0.000000 1.000000
vn 0.000000 0.000000 1.000000
vn 0.976364 -0.216132 0.000000
vn 0.918166 -0.396195 0.000000
vn 0.000000 0.000000 1.000000
vn 0.000000 0.000000 1.000000
vn -0.887279 0.461234 0.000000
vn 0.000000 0.000000 1.000000
vn 0.898740 -0.438481 0.000000
vn 0.982688 -0.185267 0.000013
vn 0.000000 0.000000 1.000000
vn 0.957036 0.289970 0.000000
vn 0.000000 0.000000 1.000000
vn 0.508868 0.860845 0.000000
vn 0.703689 0.710508 0.000000
vn -0.737206 0.675668 0.000000
vn 0.998796 0.049054 0.000000
vn 0.980476 -0.196642 0.000000
vn 0.944820 -0.327469 0.008872
vn 0.794782 -0.606896 0.000000
vn 0.887279 -0.461234 0.000000
vn 0.624599 -0.780946 0.000000
vn 0.736581 -0.676350 0.000000
vn 0.416113 -0.909313 0.000000
vn 0.537524 -0.843248 0.000000
vn 0.194524 -0.980898 0.000000
vn 0.302634 -0.953107 0.000000
vn 0.000000 0.000000 1.000000
vn 0.986542 -0.163507 0.000000
vn 0.996653 0.081745 0.000000
vn 0.953943 0.299990 0.000000
vn 0.947179 0.320705 0.000000
vn 0.843092 0.537769 0.000000
vn 0.842072 0.539366 0.000000
vn 0.674418 0.738350 0.000000
vn 0.685561 0.728016 0.000000
vn 0.460720 0.887545 0.000000
vn 0.489178 0.872184 0.000000
vn 0.216132 0.976364 0.000000
vn 0.270886 0.962612 0.000000
vn -0.043983 0.999032 0.000000
vn 0.053001 0.998595 0.000000
vn -0.299631 0.954055 0.000000
vn 0.066733 0.997771 0.000000
vn 0.284970 0.958536 0.000000
vn 0.608585 -0.793489 0.000000
vn 0.000000 0.000000 1.000000
vn 0.000000 0.000000 1.000000
vn 0.000000 0.000000 1.000000
vn 0.000000 0.000000 1.000000
vn 0.007439 -0.999972 0.000000
vn 0.000000 0.000000 1.000000
vn 0.043983 -0.999032 0.000000
vn -0.929672 -0.368388 0.000000
vn -0.982980 -0.183711 -0.000079
vn 0.000000 0.000000 1.000000
vn 0.000000 0.000000 1.000000
vn 0.000000 0.000000 1.000000
vn 0.000000 0.000000 1.000000
vn -0.666708 -0.745319 0.000000
vn -0.022228 -0.999753 0.000000
vn 0.000000 0.000000 1.000000
vn 0.000000 0.000000 1.000000
vn 0.000000 0.000000 1.000000
vn 0.953943 0.299990 0.000000
vn -0.929972 0.367631 0.000000
vn 0.000000 0.000000 1.000000
vn -0.949838 -0.312618 -0.008842
vn -0.993409 -0.114624 0.000000
vn -0.991417 0.130735 0.000000
vn -0.642329 0.766429 0.000000
vn 0.000000 0.000000 1.000000
vn 0.000000 0.000000 1.000000
vn 0.843092 0.537770 0.000000
vn 0.000000 0.000000 1.000000
vn 0.000000 0.000000 1.000000
vn -0.480581 -0.876951 0.000000
vn -0.435738 0.900074 0.000000
vn -0.205805 0.978593 0.000000
vn 0.216132 0.976364 0.000000
vn -0.027717 0.999616 0.000000
vn -0.043983 0.999032 0.000000
vn 0.000000 0.000000 1.000000
vn -0.299632 0.954055 0.000000
vn -0.193728 0.981055 0.000000
vn -0.537199 0.843455 0.000000
vn -0.416763 0.909015 0.000000
vn -0.737206 0.675668 0.000000
vn -0.623638 0.781713 0.000000
vn -0.887278 0.461235 0.000000
vn -0.794403 0.607392 0.000000
vn -0.976481 0.215601 0.000000
vn -0.917881 0.396856 0.000000
vn 0.000000 0.000000 1.000000
vn -0.986795 0.161974 0.000000
vn -0.996717 -0.080963 0.000000
vn -0.953829 -0.300349 0.000000
vn -0.947419 -0.319997 0.000000
vn -0.843092 -0.537770 0.000000
vn -0.841357 -0.540479 0.000000
vn -0.675667 -0.737207 0.000000
vn -0.685977 -0.727623 0.000000
vn -0.462180 -0.886786 0.000000
vn -0.489775 -0.871849 0.000000
vn -0.217064 -0.976157 0.000000
vn -0.270139 -0.962821 0.000000
vn 0.043983 -0.999032 0.000000
vn 0.302633 -0.953107 0.000000
vn 0.999996 0.003022 0.000000
vn 0.000000 0.000000 1.000000
vn 0.000000 0.000000 1.000000
vn 0.000000 0.000000 1.000000
vn -0.999936 0.011314 0.000000
vn 0.000000 0.000000 1.000000
vn 0.000000 0.000000 1.000000
vn 0.000000 0.000000 1.000000
vn 0.000000 0.000000 1.000000
vn -0.953829 -0.300350 0.000000
vn -0.999035 -0.043927 0.000000
vn -0.953916 0.300075 0.000000
vn -0.976481 0.215603 0.000000
vn -0.843843 0.536590 0.000000
vn -0.887278 0.461235 0.000000
vn -0.675192 0.737642 0.000000
vn -0.737206 0.675668 0.000000
vn -0.461561 0.887109 0.000000
vn -0.537200 0.843455 0.000000
vn -0.215451 0.976515 0.000000
vn -0.299631 0.954055 0.000000
vn 0.043373 0.999059 0.000000
vn -0.043983 0.999032 0.000000
vn 0.300744 0.953705 0.000000
vn 0.216132 0.976364 0.000000
vn 0.537780 0.843085 0.000000
vn 0.460719 0.887546 0.000000
vn 0.738008 0.674793 0.000000
vn 0.674418 0.738350 0.000000
vn 0.887109 0.461561 0.000000
vn 0.843093 0.537768 0.000000
vn 0.976204 0.216853 0.000000
vn 0.953942 0.299991 0.000000
vn 0.999037 0.043872 0.000000
vn 0.000000 0.000000 1.000000
vn 0.000000 0.000000 1.000000
vn 0.000000 0.000000 1.000000
vn 0.000000 0.000000 -1.000000
vn 0.000000 0.000000 1.000000
vn 0.000000 0.000000 -1.000000
vn 0.000000 0.000000 -1.000000
vn 0.000000 0.000000 1.000000
vn 0.000000 0.000000 -1.000000
vn 0.000000 0.000000 -1.000000
vn 0.000000 0.000000 1.000000
vn 0.000000 0.000000 1.000000
vn 0.000000 0.000000 -1.000000
vn 0.000000 0.000000 -1.000000
vn 0.000000 0.000000 -1.000000
vn 0.000000 0.000000 -1.000000
vn 0.000000 0.000000 -1.000000
vn 0.000000 0.000000 -1.000000
vn 0.000000 0.000000 -1.000000
vn 0.000000 0.000000 -1.000000
vn 0.000000 0.000000 -1.000000
vn 0.000000 0.000000 -1.000000
vn 0.000000 0.000000 -1.000000
vn 0.000000 0.000000 -1.000000
vn 0.000000 0.000000 -1.000000
vn 0.000000 0.000000 -1.000000
vn 0.000000 0.000000 -1.000000
vn 0.000000 0.000000 1.000000
vn 0.000000 0.000000 1.000000
vn 0.000000 0.000000 -1.000000
vn 0.000000 0.000000 1.000000
vn 0.999850 -0.017335 0.000000
vn 0.239228 -0.507557 -0.827741
vn 0.992960 -0.083755 -0.083755
vn -0.887020 -0.461730 0.000000
vn 0.000000 0.000000 -1.000000
vn -0.976348 -0.216204 0.000000
vn 0.000000 0.000000 -1.000000
vn -0.999043 0.043735 0.000000
vn 0.000000 0.000000 -1.000000
vn -0.953583 0.301131 0.000000
vn 0.000000 0.000000 -1.000000
vn 0.000000 0.000000 1.000000
vn 0.000000 0.000000 -1.000000
vn 0.000000 0.000000 -1.000000
vn 0.000000 0.000000 -1.000000
vn 0.000000 0.000000 -1.000000
vn 0.000000 0.000000 -1.000000
vn 0.000000 0.000000 -1.000000
vn 0.043983 0.999032 0.000000
vn -0.215867 0.976423 0.000000
vn -0.737314 -0.675550 0.000000
vn 0.000000 0.000000 -1.000000
vn 0.000000 0.000000 1.000000
vn 0.866067 0.000000 0.499929
vn 0.000000 0.000000 1.000000
vn 0.000000 0.000000 -1.000000
vn 0.000000 0.000000 -1.000000
vn 0.000000 0.000000 -1.000000
vn 0.000000 0.000000 -1.000000
vn 0.000000 0.000000 1.000000
vn 0.000000 0.000000 -1.000000
vn 0.982853 -0.184391 0.000018
vn -0.843092 0.537769 0.000000
vn -0.953943 0.299990 0.000000
vn 0.000000 0.000000 -1.000000
vn 0.000000 0.000000 -1.000000
vn 0.445576 -0.895244 0.000000
vn 0.216613 -0.976258 0.000000
vn 0.000000 0.000000 -1.000000
vn 0.000000 0.000000 -1.000000
vn 0.000000 0.000000 -1.000000
vn 0.000000 0.000000 -1.000000
vn 0.000000 0.000000 -1.000000
vn -0.044163 -0.999024 0.000000
vn 1.000000 0.000000 0.000000
vn 0.000000 0.000000 1.000000
vn 0.000000 0.000000 -1.000000
vn 0.000000 0.000000 1.000000
vn 0.000000 0.000000 1.000000
vn 0.000000 0.000000 -1.000000
vn 0.000000 0.000000 1.000000
vn 0.000000 0.000000 1.000000
vn 0.000000 0.000000 1.000000
vn 0.000000 0.000000 1.000000
vn 0.000000 0.000000 1.000000
vn 0.976481 0.215601 0.000000
vn 0.887278 0.461235 0.000000
vn -0.978553 -0.205981 -0.002449
vn 0.000000 0.000000 -1.000000
vn 0.000000 0.000000 1.000000
vn 0.000000 0.000000 -1.000000
vn 0.000000 0.000000 -1.000000
vn 0.000000 0.000000 1.000000
vn -0.538092 -0.842887 0.000000
vn 0.000000 0.000000 -1.000000
vn 0.000000 0.000000 -1.000000
vn 0.000000 0.000000 -1.000000
vn 0.000000 0.000000 1.000000
vn 0.000000 0.000000 -1.000000
vn 0.999035 -0.043926 0.000000
vn 0.000000 0.000000 -1.000000
vn 0.000000 0.000000 -1.000000
vn 0.000000 0.000000 -1.000000
vn 0.000000 0.000000 -1.000000
vn 0.000000 0.000000 -1.000000
vn 0.000000 0.000000 -1.000000
vn 0.000000 0.000000 -1.000000
vn 0.000000 0.000000 -1.000000
vn -0.380669 -0.411167 -0.828271
vn 0.000000 0.000000 -1.000000
vn 0.999042 -0.043753 0.000000
vn 0.000000 0.000000 -1.000000
vn 0.976368 0.216113 0.000000
vn 0.886929 0.461907 0.000000
vn 0.000000 0.000000 -1.000000
vn 0.000000 0.000000 1.000000
vn 0.000000 0.000000 -1.000000
vn 0.000000 0.000000 -1.000000
vn 0.000000 0.000000 -1.000000
vn 0.000000 0.000000 1.000000
vn 0.000000 0.000000 1.000000
vn 0.953829 -0.300350 0.000000
vn -0.167537 -0.985866 0.000000
vn 0.000000 0.000000 -1.000000
vn 0.083764 -0.996486 0.000000
vn 0.043983 0.999032 0.000000
vn 0.000000 0.000000 -1.000000
vn 0.000000 0.000000 -1.000000
vn 0.000000 0.000000 1.000000
vn 0.000000 0.000000 -1.000000
vn 0.536631 0.843817 0.000000
vn 0.537153 0.843485 0.000000
vn 0.000000 0.000000 1.000000
vn 0.000000 0.000000 1.000000
vn 0.000000 0.000000 1.000000
vn -0.215866 0.976423 0.000000
vn 0.000000 0.000000 -1.000000
vn 0.000000 0.000000 1.000000
vn 0.000000 0.000000 1.000000
vn 0.000000 0.000000 -1.000000
vn 0.000000 0.000000 1.000000
vn 0.000000 0.000000 -1.000000
vn 0.000000 0.000000 -1.000000
vn 0.043754 0.999042 0.000000
vn 0.000000 0.000000 -1.000000
vn -0.216113 0.976368 0.000000
vn 0.000000 0.000000 1.000000
vn 0.000000 0.000000 -1.000000
vn -0.618081 0.786114 0.000000
vn 0.000000 0.000000 -1.000000
vn 0.000000 0.000000 -1.000000
vn 0.000000 0.000000 1.000000
vn 0.000000 0.000000 1.000000
vn -0.999035 -0.043927 0.000000
vn -0.953829 -0.300350 0.000000
vn -0.843092 -0.537770 0.000000
vn -0.675668 -0.737206 0.000000
vn -0.462181 -0.886786 0.000000
vn -0.217063 -0.976158 0.000000
vn 0.000000 0.000000 1.000000
vn 0.302633 -0.953107 0.000000
vn 0.537523 -0.843249 0.000000
vn 0.736582 -0.676348 0.000000
vn 0.887279 -0.461234 0.000000
vn 0.976364 -0.216132 0.000000
vn 0.999037 0.043872 0.000000
vn 0.953942 0.299990 0.000000
vn 0.000000 0.000000 1.000000
vn 0.000000 0.000000 1.000000
vn 0.460718 0.887547 0.000000
vn 0.216132 0.976364 0.000000
vn 0.000000 0.000000 1.000000
vn -0.299629 0.954056 0.000000
vn 0.000000 0.000000 1.000000
vn -0.792763 0.609530 0.000000
vn 0.000000 0.000000 1.000000
vn -0.976481 0.215604 0.000000
vn 0.167537 -0.985866 0.000000
vn -0.083764 -0.996486 0.000000
vn -0.132433 -0.991192 0.000000
vn 0.000000 0.000000 1.000000
vn -0.396195 -0.918166 0.000000
vn -0.606896 -0.794782 0.000000
vn -0.781712 -0.623640 0.000000
vn -0.909288 -0.416168 0.000000
vn -0.981025 -0.193884 0.000000
vn 0.000000 0.000000 1.000000
vn -0.999642 -0.026777 0.000000
vn 0.000000 0.000000 1.000000
vn -0.899018 -0.437913 0.000000
vn 0.117159 -0.993113 0.000000
vn 0.261933 -0.965086 0.000000
vn 0.463169 -0.886232 -0.008247
vn -0.584842 -0.811147 0.000000
vn -0.765087 -0.643927 0.000000
vn -0.482009 -0.876142 -0.006566
vn -0.331481 -0.943447 -0.005343
vn -0.197427 -0.980318 0.000000
vn -0.163506 -0.986542 0.000000
vn 0.081680 -0.996659 0.000000
vn 0.320466 -0.947260 0.000000
vn 0.539724 -0.841842 0.000000
vn 0.727231 -0.686393 0.000000
vn 0.872372 -0.488843 0.000000
vn 0.962671 -0.270675 0.000000
vn 0.998594 -0.053002 0.000000
vn 0.997907 -0.064659 0.000000
vn 0.958798 -0.284088 0.000000
vn 0.859649 -0.510885 0.000000
vn 0.709825 -0.704378 0.000000
vn 0.515096 -0.857132 0.000000
vn 0.000000 0.000000 1.000000
vn 0.047760 -0.998859 0.000000
vn 0.486135 -0.873884 0.000000
vn -0.852534 -0.522672 0.000000
vn -0.920573 -0.337930 0.195829
vn 0.630528 -0.776167 0.000000
vn 0.798315 -0.602240 0.000000
vn 0.844203 -0.508235 0.170350
vn 0.925002 -0.324782 0.197200
vn -0.744687 -0.667414 0.000000
vn -0.582025 -0.813171 0.000000
vn -0.438897 -0.848527 0.295585
vn 0.999642 -0.026776 0.000000
vn 0.977086 -0.196006 0.082976
vn 0.885809 -0.438495 0.151872
vn 0.752220 -0.641226 0.151642
vn 0.588443 -0.804288 0.082794
vn 0.359299 -0.920785 0.151849
vn 0.138967 -0.986816 0.082961
vn -0.110054 -0.990468 0.082838
vn -0.056320 0.972572 0.225682
vn -0.284598 0.958647 0.000000
vn -0.508270 0.861198 0.000000
vn -0.703690 0.710507 0.000000
vn -0.857132 0.515097 0.000000
vn -0.957036 0.289969 0.000000
vn -0.998796 0.049053 0.000000
vn -0.980476 -0.196640 0.000000
vn -0.053001 0.998595 0.000000
vn -0.249298 0.947520 0.200143
vn -0.463324 0.862223 0.204701
vn -0.658034 0.724569 0.204921
vn -0.813903 0.543717 0.204777
vn -0.921540 0.329968 0.204660
vn -0.974023 0.096807 0.204716
vn -0.968580 -0.141151 0.204766
vn -0.905336 -0.372148 0.204629
vn -0.788176 -0.580441 0.204614
vn -0.625004 -0.753262 0.204857
vn -0.423313 -0.882576 0.204612
vn -0.207130 -0.955728 0.209001
vn -0.025482 -0.973209 0.228505
vn -0.006014 -0.984346 0.176144
vn -0.935598 -0.178917 0.304377
vn -0.899312 -0.437307 0.000000
vn -0.774281 -0.632842 0.000000
vn -0.607180 -0.794564 0.000000
vn -0.413145 -0.910665 0.000000
vn -0.190248 -0.981736 0.000000
vn -0.984433 -0.175763 0.000000
vn 0.939102 -0.050720 0.339874
vn -0.998595 -0.053001 0.000000
vn -0.945122 -0.247326 0.213481
vn -0.860365 -0.460421 0.218599
vn -0.723149 -0.655375 0.218035
vn -0.542316 -0.811442 0.217841
vn -0.330639 -0.918208 0.218107
vn -0.098528 -0.970986 0.217894
vn 0.140657 -0.965826 0.217706
vn 0.369582 -0.903223 0.218167
vn 0.576846 -0.787174 0.218186
vn 0.750655 -0.623696 0.217991
vn 0.879465 -0.423223 0.217768
vn 0.952599 -0.207163 0.222798
vn -0.969189 -0.053662 0.240402
vn -0.953513 -0.289717 0.082930
vn -0.853140 -0.515005 0.083200
vn -0.702586 -0.706774 0.082729
vn -0.507376 -0.857733 0.082849
vn -0.295681 -0.943143 0.151834
vn -0.040554 -0.995720 0.083046
vn 0.203349 -0.975590 0.082908
vn 0.993409 -0.114624 0.000000
vn 0.991417 0.130737 0.000000
vn 0.929972 0.367631 0.000000
vn 0.811146 0.584844 0.000000
vn 0.642328 0.766430 0.000000
vn 0.436809 0.899554 0.000000
vn 0.205530 0.978651 0.000000
vn 0.027693 0.999617 0.000000
vn 0.050987 0.944944 0.323236
vn 0.020309 -0.984809 0.172450
vn 0.248687 -0.947589 0.200573
vn 0.463933 -0.861938 0.204522
vn 0.658480 -0.724222 0.204712
vn 0.814523 -0.542761 0.204846
vn 0.921278 -0.330485 0.205004
vn 0.973908 -0.097574 0.204898
vn 0.968399 0.142497 0.204692
vn 0.905477 0.371536 0.205117
vn 0.788502 0.579920 0.204835
vn 0.624182 0.753922 0.204937
vn 0.423780 0.882279 0.204927
vn 0.206379 0.955934 0.208802
vn 0.020530 -0.986712 0.161178
vn 0.267419 -0.963580 0.000000
vn 0.481193 -0.876615 0.000000
vn 0.667434 -0.744669 0.000000
vn 0.820460 -0.571704 0.000000
vn 0.930168 -0.367133 0.000000
vn 0.982871 -0.184296 0.000000
vn 0.972267 -0.164287 0.166451
vn 0.999917 -0.012865 0.000000
vn 1.000000 0.000000 0.000000
vn 0.000000 0.000000 1.000000
vn 0.999850 -0.017335 0.000000
vn 1.000000 0.000000 0.000000
vn 1.000000 0.000000 0.000000
vn 0.974925 -0.221619 0.020155
vn 1.000000 0.000000 0.000000
vn 1.000000 0.000000 0.000000
vn 0.986829 0.161768 0.000000
vn 0.195364 0.235500 -0.952036
vn 0.312813 -0.006786 -0.949791
vn 0.490293 -0.871557 0.001357
vn 0.000000 0.000000 1.000000
vn 0.000000 0.000000 -1.000000
vn 0.377854 -0.229695 -0.896921
vn 0.200749 -0.059563 -0.977830
vn 0.000000 0.000000 -1.000000
vn 0.000000 0.000000 -1.000000
vn 0.000000 0.000000 -1.000000
vn 0.000000 0.000000 -1.000000
vn 0.000000 0.000000 -1.000000
vn -0.278942 -0.051916 -0.958904
vn 0.000000 0.000000 -1.000000
vn 0.000000 0.000000 -1.000000
vn 0.000000 0.000000 -1.000000
vn 0.134386 0.990929 0.000000
vn -0.111026 0.993818 0.000000
vn 0.000000 0.000000 -1.000000
vn 0.000000 -0.307591 -0.951519
vn 0.666708 0.745319 0.000000
vn 0.480581 0.876951 0.000000
vn 0.000000 0.000000 -1.000000
vn -0.571184 0.820822 0.000000
vn -0.705800 0.708411 0.000000
vn -0.061310 -0.206638 -0.976495
vn 0.413476 0.910515 0.000000
vn -0.135965 -0.223357 -0.965207
vn 0.000000 0.000000 1.000000
vn 0.375832 0.926688 0.000000
vn 0.268171 0.963372 0.000000
vn 0.000000 0.000000 1.000000
vn -0.014239 -0.262659 -0.964784
vn 0.039521 0.999219 0.000000
vn 0.228522 0.973539 0.000000
vn -0.935939 -0.352161 0.000000
vn -0.820629 -0.571461 0.000000
vn 0.000000 0.000000 1.000000
vn 0.000000 0.000000 -1.000000
vn 0.843096 -0.537763 0.000000
vn -0.030934 -0.006058 -0.999503
vn 0.953622 -0.301008 0.000000
vn 0.000000 0.000000 -1.000000
vn 0.999042 -0.043753 0.000000
vn -0.133918 0.035929 -0.990341
vn 0.976368 0.216113 0.000000
vn 0.000000 0.000000 -1.000000
vn 0.886929 0.461907 0.000000
vn 0.737510 0.675336 0.000000
vn 0.000000 0.000000 -1.000000
vn -0.133102 0.143947 -0.980593
vn -0.428669 -0.903462 0.000000
vn -0.195074 -0.980789 0.000000
vn -0.708411 -0.705800 0.000000
vn 0.000000 0.000000 1.000000
vn -0.255693 -0.192441 -0.947411
vn -0.199667 -0.117713 -0.972768
vn 0.000000 0.000000 -1.000000
vn -0.057887 0.256926 -0.964696
vn -0.117230 0.223286 -0.967678
vn 0.418889 -0.908037 0.000000
vn 0.051492 -0.998673 0.000000
vn 0.000000 0.000000 1.000000
vn 0.479078 -0.877772 0.000000
vn -0.877773 0.479077 0.000000
vn -0.927351 0.374193 0.000000
vn -0.990589 0.136867 0.000000
vn -0.993784 -0.111325 0.000000
vn 0.394709 -0.918806 0.000000
vn 0.000000 0.000000 1.000000
vn -0.016270 0.224992 -0.974225
vn 0.000000 0.000000 1.000000
vn 0.000000 0.320905 -0.947111
vn 0.000000 0.000000 1.000000
vn 0.993797 -0.111212 0.000000
vn 0.992474 0.122458 0.000000
vn 0.000000 0.000000 -1.000000
vn 0.000000 0.000000 -1.000000
vn 0.000000 0.000000 -1.000000
vn 0.000000 0.000000 -1.000000
vn 0.000000 0.000000 -1.000000
vn 0.000000 0.000000 -1.000000
vn -0.216988 -0.079329 -0.972946
vn 0.000000 0.000000 -1.000000
vn 0.000000 0.000000 -1.000000
vn -0.888468 0.458938 0.000000
vn -0.918550 0.395305 0.000000
vn -0.165711 -0.291459 -0.942121
vn -0.201117 -0.247043 -0.947904
vn 0.000000 0.000000 -1.000000
vn 0.000000 0.000000 -1.000000
vn 0.000000 0.000000 -1.000000
vn 0.000000 0.000000 -1.000000
vn 0.000000 0.000000 -1.000000
vn 0.000000 0.000000 1.000000
vn 0.343446 -0.024017 -0.938865
vn 0.000000 0.000000 1.000000
vn 0.195066 -0.008581 -0.980753
vn 0.143815 -0.055893 -0.988025
vn 0.795690 0.605704 0.000000
vn 0.724593 0.689177 0.000000
vn 0.637348 0.770576 0.000000
vn 0.201049 0.979581 0.000000
vn 0.000000 0.000000 1.000000
vn 0.000000 0.000000 -1.000000
vn 0.000000 0.000000 1.000000
vn 0.000000 0.000000 -1.000000
vn 0.000000 0.000000 -1.000000
vn -0.224083 -0.050790 -0.973246
vn -0.392450 -0.205732 -0.896469
vn 0.000000 0.000000 -1.000000
vn -0.094978 -0.094978 -0.990938
vn 0.000000 0.000000 1.000000
vn 0.000000 0.000000 -1.000000
vn -0.216113 0.976368 0.000000
vn -0.035922 -0.133890 -0.990345
vn 0.043754 0.999042 0.000000
vn 0.000000 0.000000 -1.000000
vn 0.301008 0.953622 0.000000
vn 0.006058 -0.030937 -0.999503
vn 0.000000 0.000000 -1.000000
vn 0.297948 -0.309601 -0.902981
vn 0.000000 0.000000 -1.000000
vn 0.000000 0.000000 -1.000000
vn 0.000000 0.000000 -1.000000
vn 0.000000 0.000000 1.000000
vn 0.112303 0.993674 0.000000
vn 0.100259 -0.189066 -0.976833
vn 0.000000 0.000000 -1.000000
vn 0.189696 -0.276514 -0.942102
vn -0.351904 0.936036 0.000000
vn 0.000000 0.000000 1.000000
vn 0.217052 -0.194932 -0.956499
vn 0.000000 0.000000 -1.000000
vn 0.000000 0.000000 -1.000000
vn 0.000000 0.000000 -1.000000
vn 0.000000 0.000000 -1.000000
vn 0.000000 0.000000 -1.000000
vn 0.000000 0.000000 1.000000
vn -0.256438 0.000000 -0.966561
vn 0.000000 0.000000 1.000000
vn -0.246013 -0.017790 -0.969103
vn 0.000000 0.000000 1.000000
vn 0.908403 0.418097 0.000000
vn 0.877773 0.479077 0.000000
vn 0.954985 0.296655 0.000000
vn 0.000000 0.000000 -1.000000
vn -0.558959 -0.829195 0.000000
vn 0.063985 0.215652 -0.974372
vn -0.689177 0.724593 0.000000
vn -0.758110 0.652127 0.000000
vn 0.292649 -0.180968 -0.938940
vn -0.905271 0.424835 0.000000
vn -0.979134 0.203216 0.000000
vn 0.000000 0.000000 1.000000
vn 0.152221 -0.067799 -0.986018
vn 0.000000 0.000000 -1.000000
vn 0.000000 0.000000 -1.000000
vn 0.000000 0.000000 -1.000000
vn 0.000000 0.000000 -1.000000
vn 0.026138 0.376269 -0.926142
vn 0.008878 0.195315 -0.980700
vn 0.000000 0.000000 -1.000000
vn 0.055703 0.143325 -0.988107
vn -0.394710 -0.918806 0.000000
vn -0.459278 -0.888293 0.000000
vn 0.145922 0.240045 -0.959732
vn 0.000000 0.000000 1.000000
vn 0.153449 0.147523 -0.977083
vn -0.374665 -0.927160 0.000000
vn 0.000000 0.000000 -1.000000
vn 0.000000 0.000000 -1.000000
vn 0.000000 0.000000 -1.000000
vn -0.135719 -0.990747 0.000000
vn 0.000000 0.000000 1.000000
vn 0.000000 0.000000 -1.000000
vn 0.000000 0.000000 -1.000000
vn 0.571183 -0.820823 0.000000
vn 0.705800 -0.708411 0.000000
vn 0.000000 0.000000 1.000000
vn 0.769221 -0.638982 0.000000
vn 0.902910 -0.429830 0.000000
vn 0.000000 0.000000 1.000000
vn 0.998526 0.054268 0.000000
vn 0.132984 -0.143972 -0.980606
vn 0.428669 0.903462 0.000000
vn 0.193771 0.981047 0.000000
vn 0.109908 -0.209341 -0.971646
vn -0.353497 0.935436 0.000000
vn 0.060730 -0.267938 -0.961520
vn -0.163495 0.986544 0.000000
vn 0.006960 -0.355635 -0.934599
vn 0.000000 0.000000 1.000000
vn 0.000000 -0.154116 -0.988053
vn -0.014183 0.999899 0.000000
vn -0.190519 0.981683 0.000000
vn 0.000000 0.000000 -1.000000
vn 0.000000 0.000000 -1.000000
vn 0.000000 0.000000 1.000000
vn -0.677976 0.735082 0.001737
vn -0.849807 0.527090 0.001953
vn 0.030830 0.006063 -0.999506
vn -0.953583 0.301131 0.000000
vn 0.000000 0.000000 -1.000000
vn -0.999043 0.043735 0.000000
vn 0.133950 -0.035938 -0.990336
vn -0.976348 -0.216204 0.000000
vn -0.887020 -0.461730 0.000000
vn 0.819550 0.573008 0.000000
vn 0.709279 0.704927 0.000000
vn 0.705800 0.708411 0.000000
vn -0.052843 0.998603 0.000000
vn 0.000000 0.000000 1.000000
vn -0.465381 0.885111 0.000000
vn 0.000000 0.000000 -1.000000
vn 0.000000 0.000000 -1.000000
vn 0.000000 0.000000 -1.000000
vn 0.264514 -0.049265 -0.963123
vn 0.000000 0.000000 -1.000000
vn 0.000000 0.000000 -1.000000
vn -0.412599 0.910913 0.000000
vn -0.608585 0.793489 0.000000
vn 0.000000 0.000000 -1.000000
vn 0.000000 0.000000 -1.000000
vn -0.898740 0.438481 0.000000
vn 0.000000 0.000000 1.000000
vn 0.288901 -0.052228 -0.955933
vn -0.991625 0.129148 0.000000
vn 0.997663 0.068325 0.000000
vn 0.982742 0.184981 0.000000
vn 0.930169 0.367133 0.000000
vn -0.537653 -0.843166 0.000000
vn 0.000000 0.000000 -1.000000
vn 0.935322 0.353797 0.000000
vn -0.300741 -0.953706 0.000000
vn -0.044163 -0.999024 0.000000
vn 0.216613 -0.976258 0.000000
vn -0.980996 0.194027 0.000000
vn 0.000000 0.000000 -1.000000
vn -0.708844 0.705365 0.000000
vn 0.000000 0.000000 1.000000
vn -0.903462 0.428669 0.000000
vn 0.000000 0.000000 -1.000000
vn 0.000000 0.251316 -0.967905
vn 0.000000 0.000000 -1.000000
vn -0.935513 -0.353292 0.000000
vn -0.986561 -0.163396 0.000000
vn 0.000000 0.000000 1.000000
vn -0.304608 -0.050936 -0.951115
vn -0.288077 -0.001887 -0.957606
vn 0.000000 0.000000 1.000000
vn -0.175145 0.186041 -0.966806
vn 0.000000 -1.000000 0.000000
vn 0.000000 0.526798 -0.849990
vn -1.000000 0.000000 0.000000
vn -1.000000 0.000000 0.000000
vn 0.000000 0.537714 -0.843127
vn 0.000000 -1.000000 0.000000
vn 0.000000 0.280295 -0.959914
vn 0.000000 0.000000 -1.000000
vn 0.000000 0.000000 -1.000000
vn 0.000000 0.000000 -1.000000
vn 0.993784 0.111326 0.000000
vn 0.000000 0.000000 1.000000
vn 0.999987 -0.005177 0.000000
vn 0.973878 -0.227072 0.000000
vn 0.910176 -0.414223 0.000000
vn 0.999996 0.003022 0.000000
vn 0.976204 0.216853 0.000000
vn 0.887109 0.461561 0.000000
vn 0.738008 0.674793 0.000000
vn 0.537780 0.843085 0.000000
vn -0.215451 0.976515 0.000000
vn 0.000000 0.000000 -1.000000
vn 0.300744 0.953705 0.000000
vn -0.461561 0.887109 0.000000
vn -0.675192 0.737642 0.000000
vn -0.843843 0.536590 0.000000
vn -0.953916 0.300075 0.000000
vn -0.999936 0.011314 0.000000
vn -1.000000 0.000000 0.000000
vn 1.000000 0.000000 0.000000
vn 0.000000 0.000000 -1.000000
vn 0.000000 0.000000 -1.000000
vn 0.000000 0.000000 -1.000000
vn 0.000000 0.000000 -1.000000
vn 0.000000 0.000000 -1.000000
vn 0.000000 0.000000 -1.000000
vn 0.000000 0.000000 -1.000000
vn 0.000000 0.000000 1.000000
vn 0.991391 -0.130935 0.000000
vn 0.000000 0.000000 -1.000000
vn 0.000000 0.000000 1.000000
vn -0.976365 -0.216130 0.000000
vn -0.930348 -0.366616 -0.006790
vn 0.000000 0.000000 -1.000000
vn -0.971123 -0.238515 0.005580
vn -0.899312 -0.437307 0.000000
vn -0.982689 -0.185264 0.000126
vn -0.946923 -0.321057 0.016124
vn -0.980476 -0.196640 0.000000
vn -0.998796 0.049053 0.000000
vn 0.000000 0.000000 1.000000
vn -0.607180 -0.794564 0.000000
vn 0.000000 0.000000 1.000000
vn 0.887278 0.461235 0.000000
vn 0.736580 0.676350 0.000000
vn 0.000000 0.000000 -1.000000
vn -0.413145 -0.910665 0.000000
vn 0.000000 0.000000 1.000000
vn 0.000000 0.000000 1.000000
vn -0.007441 -0.999972 0.000000
vn 0.000000 0.000000 -1.000000
vn 0.000000 0.000000 1.000000
vn -0.508270 0.861198 0.000000
vn -0.703690 0.710507 0.000000
vn 0.000000 0.000000 -1.000000
vn -0.957036 0.289969 0.000000
vn -0.809812 -0.586653 -0.006509
vn -0.887278 -0.461235 0.000000
vn -0.639345 -0.768901 -0.005424
vn -0.737206 -0.675668 0.000000
vn -0.456119 -0.889913 -0.003250
vn -0.538092 -0.842887 0.000000
vn -0.233002 -0.972476 0.000156
vn -0.301911 -0.953336 0.000000
vn -0.043983 -0.999032 0.000000
vn -0.990502 -0.137440 -0.004018
vn -0.996711 0.080962 -0.003636
vn -0.953943 0.299990 0.000000
vn -0.947413 0.319995 -0.003380
vn -0.843092 0.537770 0.000000
vn -0.841352 0.540476 -0.003379
vn -0.675667 0.737207 0.000000
vn -0.685557 0.728012 -0.003160
vn -0.460207 0.887812 0.000000
vn -0.461118 0.887332 -0.003486
vn -0.215868 0.976423 0.000000
vn 0.000000 0.000000 1.000000
vn 0.043983 0.999032 0.000000
vn -0.059811 0.998209 0.001547
vn 0.300350 0.953829 0.000000
vn -0.066877 0.997761 0.000000
vn -0.284598 0.958647 0.000000
vn 0.930168 -0.367133 0.000000
vn 0.982966 -0.183791 -0.000008
vn 0.000000 0.000000 1.000000
vn -0.843092 0.537769 0.000000
vn -0.953943 0.299990 0.000000
vn 0.000000 0.000000 1.000000
vn 0.436809 0.899554 0.000000
vn 0.205530 0.978651 0.000000
vn 0.945720 -0.324874 -0.008414
vn 0.993409 -0.114624 0.000000
vn 0.991417 0.130737 0.000000
vn 0.929972 0.367631 0.000000
vn 0.000000 0.000000 -1.000000
vn 0.000000 0.000000 -1.000000
vn 0.000000 0.000000 -1.000000
vn 0.000000 0.000000 1.000000
vn 0.000000 0.000000 1.000000
vn 0.667434 -0.744669 0.000000
vn 0.481193 -0.876615 0.000000
vn -0.215867 0.976423 0.000000
vn 0.027693 0.999617 0.000000
vn 0.043983 0.999032 0.000000
vn 0.000000 0.000000 1.000000
vn 0.300350 0.953829 0.000000
vn 0.233002 0.972476 0.000156
vn 0.536632 0.843816 0.000000
vn 0.455277 0.890343 -0.003493
vn 0.736581 0.676350 0.000000
vn 0.639269 0.768965 -0.005402
vn 0.887279 0.461234 0.000000
vn 0.810442 0.585788 -0.006019
vn 0.976481 0.215603 0.000000
vn 0.930087 0.367281 -0.006589
vn 0.000000 0.000000 1.000000
vn 0.000000 0.000000 -1.000000
vn 0.642328 0.766430 0.000000
vn 0.000000 0.000000 1.000000
vn 0.000000 0.000000 1.000000
vn 0.000000 0.000000 1.000000
vn 0.000000 0.000000 -1.000000
vn 0.025533 -0.999674 0.000635
vn 0.992040 0.125730 -0.006995
vn 0.993886 -0.110327 -0.004362
vn 0.953829 -0.300349 0.000000
vn 0.947173 -0.320703 -0.003604
vn 0.843092 -0.537769 0.000000
vn 0.842067 -0.539363 -0.003351
vn 0.674418 -0.738350 0.000000
vn 0.685974 -0.727620 -0.002951
vn 0.462695 -0.886518 0.000000
vn 0.461119 -0.887332 -0.003316
vn 0.217330 -0.976098 0.000000
vn 0.000000 0.000000 1.000000
vn -0.043983 -0.999032 0.000000
vn -0.301911 -0.953336 0.000000
vn -0.999996 0.003022 0.000000
vn 0.000000 0.000000 -1.000000
vn 0.000000 0.000000 -1.000000
vn 0.000000 0.000000 -1.000000
vn 0.000000 0.000000 -1.000000
vn 0.999936 0.011314 0.000000
vn 0.953829 -0.300350 0.000000
vn 0.999035 -0.043927 0.000000
vn 0.953494 0.301412 0.000000
vn 0.976481 0.215603 0.000000
vn 0.843510 0.537114 0.000000
vn 0.887279 0.461234 0.000000
vn 0.675925 0.736971 0.000000
vn 0.736582 0.676348 0.000000
vn 0.461862 0.886952 0.000000
vn 0.536631 0.843817 0.000000
vn 0.215451 0.976515 0.000000
vn 0.300349 0.953829 0.000000
vn -0.043373 0.999059 0.000000
vn 0.043983 0.999032 0.000000
vn -0.300744 0.953705 0.000000
vn -0.215867 0.976423 0.000000
vn -0.537113 0.843511 0.000000
vn -0.460207 0.887812 0.000000
vn -0.737642 0.675192 0.000000
vn -0.675668 0.737206 0.000000
vn -0.887710 0.460403 0.000000
vn -0.843092 0.537770 0.000000
vn -0.976360 0.216151 0.000000
vn -0.953942 0.299991 0.000000
vn -0.999037 0.043872 0.000000
vn 0.000000 0.000000 -1.000000
vn 0.000000 0.000000 -1.000000
vn 0.000000 0.000000 -1.000000
vn 0.000000 0.000000 -1.000000
vn 0.000000 0.000000 -1.000000
vn 0.000000 0.000000 -1.000000
vn 0.000000 0.000000 1.000000
vn 0.000000 0.000000 1.000000
vn 0.000000 0.000000 1.000000
vn 0.000000 0.000000 1.000000
vn 0.000000 0.000000 1.000000
vn 0.000000 0.000000 1.000000
vn 0.000000 0.000000 1.000000
vn 0.000000 0.000000 1.000000
vn 0.000000 0.000000 1.000000
vn 0.000000 0.000000 1.000000
vn 0.000000 0.000000 1.000000
vn 0.000000 0.000000 1.000000
vn 0.000000 0.000000 1.000000
vn 0.000000 0.000000 1.000000
vn 0.000000 0.000000 1.000000
vn 0.000000 0.000000 1.000000
vn 0.000000 0.000000 1.000000
vn 0.000000 0.000000 1.000000
vn 0.000000 0.000000 1.000000
vn 0.000000 0.000000 1.000000
vn 0.000000 0.000000 1.000000
vn 0.000000 0.000000 1.000000
vn 0.000000 0.000000 1.000000
vn 0.000000 0.000000 1.000000
vn 0.000000 0.000000 1.000000
vn -1.000000 0.000000 0.000000
vn 0.000000 0.000000 1.000000
vn 0.000000 0.000000 1.000000
vn -0.894972 0.446122 0.000000
vn 0.000000 0.000000 1.000000
vn 0.000000 0.000000 1.000000
vn 0.000000 0.000000 1.000000
vn 0.000000 0.000000 1.000000
vn 0.000000 0.000000 1.000000
vn 0.000000 0.000000 1.000000
vn 0.000000 0.000000 1.000000
vn -0.999035 -0.043927 0.000000
vn 0.982853 -0.184391 -0.000018
vn 0.000000 0.000000 1.000000
vn 0.000000 0.000000 1.000000
vn 0.000000 0.000000 1.000000
vn 0.000000 0.000000 1.000000
vn 0.000000 0.000000 1.000000
vn 0.000000 0.000000 1.000000
vn 0.000000 0.000000 1.000000
vn 0.000000 0.000000 1.000000
vn -0.299631 0.954055 0.000000
vn 0.000000 0.000000 1.000000
vn 0.000000 0.000000 1.000000
vn 0.000000 0.000000 1.000000
vn -0.976481 0.215603 0.000000
vn 0.000000 0.000000 1.000000
vn 0.000000 0.000000 1.000000
vn 0.000000 0.000000 1.000000
vn 0.479889 -0.877330 0.000000
vn 0.000000 0.000000 1.000000
vn -0.843096 -0.537763 0.000000
vn 0.000000 0.000000 1.000000
vn 0.000000 0.000000 1.000000
vn 0.000000 0.000000 1.000000
vn 0.000000 0.000000 1.000000
vn 0.000000 0.000000 1.000000
vn -0.216522 -0.976278 0.000000
vn -0.461407 -0.887189 0.000000
vn -0.953622 -0.301008 0.000000
vn -0.999042 -0.043754 0.000000
vn -0.976368 0.216113 0.000000
vn 0.044182 -0.999024 0.000000
vn 0.000000 0.000000 1.000000
vn 0.000000 0.000000 1.000000
vn 0.167537 -0.985866 0.000000
vn -0.299629 0.954056 0.000000
vn 0.000000 0.000000 1.000000
vn 0.461393 0.887196 0.000000
vn 0.000000 0.000000 1.000000
vn 0.000000 0.000000 1.000000
vn -0.083764 -0.996486 0.000000
vn 0.000000 0.000000 1.000000
vn 0.000000 0.000000 1.000000
vn 0.000000 0.000000 1.000000
vn 0.216204 0.976348 0.000000
vn 0.000000 0.000000 1.000000
vn 0.000000 0.000000 1.000000
vn 0.000000 0.000000 1.000000
vn -0.537347 0.843361 0.000000
vn 0.000000 0.000000 1.000000
vn 0.000000 0.000000 1.000000
vn -0.537200 0.843455 0.000000
vn 0.000000 0.000000 1.000000
vn 0.000000 0.000000 1.000000
vn 0.604503 -0.796599 0.002642
vn 0.000000 0.000000 1.000000
vn 0.000000 0.000000 1.000000
vn 0.216132 0.976364 0.000000
vn 0.000000 0.000000 1.000000
vn 0.000000 0.000000 1.000000
vn 0.000000 0.000000 1.000000
vn 0.000000 0.000000 1.000000
vn 0.000000 0.000000 1.000000
vn 0.000000 0.000000 1.000000
vn 0.000000 0.000000 1.000000
vn 0.000000 0.000000 1.000000
vn 0.000000 0.000000 1.000000
vn 0.000000 0.000000 1.000000
vn 0.000000 0.000000 1.000000
vn -0.043735 0.999043 0.000000
vn 0.000000 0.000000 1.000000
vn 0.000000 0.000000 1.000000
vn 0.000000 0.000000 1.000000
vn 0.000000 0.000000 1.000000
vn 0.000000 0.000000 1.000000
vn 0.843092 0.537770 0.000000
vn 0.953943 0.299990 0.000000
vn -0.980322 -0.197405 0.000163
vn 0.000000 0.000000 1.000000
vn 0.000000 0.000000 1.000000
vn 0.000000 0.000000 1.000000
vn 0.000000 0.000000 1.000000
vn 0.000000 0.000000 1.000000
vn 0.674417 0.738351 0.000000
vn 0.000000 0.000000 1.000000
vn 0.000000 0.000000 1.000000
vn 0.000000 0.000000 1.000000
vn 0.000000 0.000000 1.000000
vn 0.843220 0.537569 0.000000
vn 0.000000 0.000000 1.000000
vn 0.953583 0.301131 0.000000
vn 0.000000 0.000000 1.000000
vn 0.000000 0.000000 1.000000
vn 0.000000 0.000000 1.000000
vn 0.000000 0.000000 1.000000
vn -0.462180 -0.886786 0.000000
vn 0.000000 0.000000 1.000000
vn 0.000000 0.000000 1.000000
vn 0.000000 0.000000 1.000000
vn 0.000000 0.000000 1.000000
vn -0.866066 0.000000 -0.499929
vn 0.000000 0.000000 1.000000
vn 0.000000 0.000000 1.000000
vn 0.000000 0.000000 1.000000
vn 0.000000 0.000000 1.000000
vn 0.000000 0.000000 1.000000
vn 0.000000 0.000000 1.000000
vn 0.000000 0.000000 1.000000
vn 0.000000 0.000000 1.000000
vn 0.999043 0.043735 0.000000
vn 0.000000 0.000000 1.000000
vn 0.000000 0.000000 1.000000
vn -0.999037 0.043872 0.000000
vn -0.976364 -0.216132 0.000000
vn -0.887278 -0.461235 0.000000
vn -0.737206 -0.675668 0.000000
vn -0.538092 -0.842886 0.000000
vn -0.301911 -0.953336 0.000000
vn 0.000000 0.000000 1.000000
vn 0.217330 -0.976098 0.000000
vn 0.462694 -0.886518 0.000000
vn 0.674418 -0.738350 0.000000
vn 0.843093 -0.537768 0.000000
vn 0.953829 -0.300350 0.000000
vn 0.999035 -0.043927 0.000000
vn 0.976481 0.215604 0.000000
vn 0.000000 0.000000 1.000000
vn 0.792765 0.609528 0.000000
vn 0.000000 0.000000 -1.000000
vn 0.000000 0.000000 -1.000000
vn 0.043983 0.999032 0.000000
vn -0.215866 0.976423 0.000000
vn -0.460206 0.887812 0.000000
vn 0.000000 0.000000 -1.000000
vn 0.000000 0.000000 1.000000
vn -0.953942 0.299991 0.000000
vn 0.367279 -0.930082 -0.007310
vn 0.586151 -0.810176 -0.006516
vn 0.768586 -0.639723 -0.005506
vn 0.000000 0.000000 1.000000
vn 0.972476 -0.233002 0.000506
vn 0.000000 0.000000 1.000000
vn 0.999642 -0.026776 0.000000
vn 0.000000 0.000000 1.000000
vn 0.899018 -0.437913 0.000000
vn -0.167537 -0.985866 0.000000
vn 0.132433 -0.991192 0.000000
vn 0.000000 0.000000 -1.000000
vn -0.117159 -0.993113 0.000000
vn -0.261933 -0.965086 0.000000
vn -0.463169 -0.886232 0.008247
vn 0.083764 -0.996486 0.000000
vn 0.584842 -0.811147 0.000000
vn 0.765087 -0.643927 0.000000
vn 0.482009 -0.876142 0.006566
vn 0.331481 -0.943447 0.005343
vn 0.197427 -0.980318 0.000000
vn -0.859649 -0.510885 0.000000
vn -0.709825 -0.704378 0.000000
vn -0.515096 -0.857132 0.000000
vn 0.000000 0.000000 -1.000000
vn -0.047760 -0.998859 0.000000
vn 0.125634 -0.992047 -0.007665
vn -0.110224 -0.993895 -0.004754
vn -0.320702 -0.947172 -0.003857
vn -0.539363 -0.842066 -0.003512
vn -0.728011 -0.685558 -0.003221
vn -0.887712 -0.460386 -0.003651
vn 0.000000 0.000000 1.000000
vn -0.998175 -0.060354 0.001861
vn -0.997907 -0.064661 0.000000
vn -0.958798 -0.284089 0.000000
vn -0.925003 -0.324781 -0.197199
vn -0.844149 -0.508244 -0.170588
vn 0.438897 -0.848527 -0.295585
vn 0.582025 -0.813171 0.000000
vn 0.852534 -0.522672 0.000000
vn 0.920572 -0.337931 -0.195829
vn 0.744687 -0.667414 0.000000
vn -0.798315 -0.602241 0.000000
vn -0.630528 -0.776167 0.000000
vn -0.486135 -0.873884 0.000000
vn -0.999642 -0.026777 0.000000
vn -0.977085 -0.196008 -0.082976
vn -0.885777 -0.438479 -0.152104
vn -0.752220 -0.641226 -0.151642
vn -0.588443 -0.804288 -0.082794
vn -0.359299 -0.920785 -0.151849
vn -0.138967 -0.986816 -0.082961
vn 0.110054 -0.990468 -0.082838
vn 0.056218 0.972626 -0.225475
vn 0.284970 0.958536 0.000000
vn 0.508868 0.860845 0.000000
vn 0.703689 0.710508 0.000000
vn 0.857132 0.515097 0.000000
vn 0.957036 0.289970 0.000000
vn 0.998796 0.049054 0.000000
vn 0.980476 -0.196642 0.000000
vn 0.059811 0.998209 0.001547
vn 0.032819 -0.972147 -0.232064
vn 0.239981 -0.956415 -0.166370
vn 0.374187 -0.914278 -0.155175
vn 0.543747 -0.778044 -0.314621
vn 0.585405 -0.810734 -0.003461
vn 0.719368 -0.622581 -0.308061
vn 0.769235 -0.638952 -0.004254
vn 0.853011 -0.425558 -0.302115
vn 0.905244 -0.424864 -0.004828
vn 0.948126 -0.210791 -0.237960
vn 0.982563 -0.185860 -0.005196
vn 0.999985 0.000000 -0.005417
vn 0.952212 0.131657 -0.275606
vn 0.969853 0.243635 -0.005269
vn 0.883879 0.372256 -0.283168
vn 0.883379 0.468635 -0.004798
vn 0.756609 0.585924 -0.290234
vn 0.742471 0.669864 -0.004397
vn 0.578127 0.759501 -0.298208
vn 0.212475 0.936346 -0.279482
vn 0.358133 0.912918 -0.195757
vn 0.557938 0.829874 -0.003849
vn 0.006012 -0.984345 -0.176149
vn 0.935603 -0.178876 -0.304386
vn 0.898740 -0.438481 0.000000
vn 0.773568 -0.633713 0.000000
vn 0.608585 -0.793489 0.000000
vn 0.412598 -0.910913 0.000000
vn 0.190519 -0.981683 0.000000
vn 0.984425 -0.175804 0.000000
vn -0.938139 -0.064055 -0.340282
vn -0.954240 -0.240238 -0.178076
vn -0.913310 -0.371647 -0.166563
vn -0.773796 -0.540054 -0.331030
vn -0.811269 -0.584658 -0.004058
vn -0.617958 -0.716186 -0.324355
vn -0.638394 -0.769696 -0.004637
vn -0.422341 -0.848946 -0.317678
vn -0.424864 -0.905243 -0.005061
vn -0.208095 -0.944727 -0.253354
vn -0.185859 -0.982561 -0.005561
vn -0.000000 -0.999983 -0.005909
vn 0.131291 -0.947481 -0.291620
vn 0.243081 -0.969989 -0.005796
vn 0.370680 -0.879308 -0.299020
vn 0.469607 -0.882859 -0.005371
vn 0.583892 -0.751710 -0.306597
vn 0.668699 -0.743519 -0.004581
vn 0.755850 -0.574671 -0.313759
vn 0.998175 -0.060355 0.001861
vn 0.931776 -0.210699 -0.295634
vn 0.910491 -0.356986 -0.208727
vn 0.829873 -0.557939 -0.003821
vn 0.969189 -0.053661 -0.240401
vn 0.953513 -0.289716 -0.082930
vn 0.853156 -0.515015 -0.082975
vn 0.705973 -0.691782 -0.151788
vn 0.507376 -0.857733 -0.082849
vn 0.295681 -0.943143 -0.151834
vn 0.040554 -0.995720 -0.083046
vn -0.203349 -0.975590 -0.082908
vn -0.993409 -0.114624 0.000000
vn -0.991417 0.130735 0.000000
vn -0.929972 0.367631 0.000000
vn -0.811147 0.584842 0.000000
vn -0.642329 0.766429 0.000000
vn -0.435738 0.900074 0.000000
vn -0.205805 0.978593 0.000000
vn -0.027717 0.999616 0.000000
vn -0.063601 0.944077 -0.323532
vn -0.239901 0.956470 -0.166169
vn -0.374524 0.914002 -0.155987
vn -0.542398 0.778595 -0.315586
vn -0.584121 0.811658 -0.003717
vn -0.719855 0.621931 -0.308236
vn -0.769696 0.638395 -0.004549
vn -0.852675 0.427285 -0.300620
vn -0.905244 0.424865 -0.004873
vn -0.948510 0.209043 -0.237971
vn -0.982771 0.184763 -0.004874
vn -0.999941 -0.000000 -0.010834
vn -0.981150 -0.081647 -0.175151
vn -0.970406 -0.241426 -0.005140
vn -0.884557 -0.370780 -0.282987
vn -0.882406 -0.470460 -0.005229
vn -0.756225 -0.586299 -0.290478
vn -0.742470 -0.669863 -0.004707
vn -0.577258 -0.760127 -0.298295
vn -0.023711 -0.984754 -0.172328
vn -0.212381 -0.936139 -0.280248
vn -0.357441 -0.913190 -0.195755
vn -0.559548 -0.828790 -0.003578
vn -0.020524 -0.986735 -0.161035
vn -0.267794 -0.963476 0.000000
vn -0.480581 -0.876951 0.000000
vn -0.666708 -0.745319 0.000000
vn -0.821824 -0.569741 0.000000
vn -0.929672 -0.368388 0.000000
vn -0.982888 -0.184205 0.000000
vn -0.972255 -0.164366 -0.166447
vn 0.000000 1.000000 0.000000
vn 0.000000 1.000000 0.000000
vn 0.000000 1.000000 0.000000
vn 0.000000 0.967400 -0.253254
vn 0.000000 1.000000 0.000000
vn 0.000000 0.983773 -0.179415
vn 0.000000 1.000000 0.000000
vn 0.000000 0.973125 -0.230278
vn 0.000000 1.000000 0.000000
vn 0.000000 0.980311 -0.197462
vn 0.000000 1.000000 0.000000
vn 0.000000 1.000000 0.000000
vn 0.194518 0.980899 0.000000
vn 0.498700 0.866775 0.000000
vn 0.000000 1.000000 0.000000
vn 0.000000 1.000000 0.000000
vn 0.000000 1.000000 0.000000
vn 0.000000 1.000000 0.000000
vn 0.000000 1.000000 0.000000
vn 0.000000 1.000000 0.000000
vn 0.197077 0.980388 0.000000
vn 0.000000 1.000000 0.000000
vn 0.000000 1.000000 0.000000
vn 0.000000 1.000000 0.000000
vn 0.000000 0.959549 0.281543
vn 0.000000 1.000000 0.000000
vn 0.976423 0.000000 0.215865
vn 0.887811 0.000000 0.460208
vn 0.000000 1.000000 0.000000
vn -0.976365 0.000000 -0.216130
vn -0.887545 0.000000 -0.460721
vn 0.000000 1.000000 0.000000
vn 0.991391 0.000000 0.130939
vn 0.887546 0.000000 0.460720
vn 0.000000 1.000000 0.000000
vn 0.000000 0.000000 1.000000
vn 0.887811 0.000000 0.460208
vn 0.000000 1.000000 0.000000
vn 0.883212 -0.003520 0.468961
vn 0.000000 0.000000 1.000000
vn 0.000000 1.000000 0.000000
vn 0.000000 0.000000 1.000000
vn 0.259642 -0.005766 0.965688
vn 0.000000 1.000000 0.000000
vn 0.000000 1.000000 0.000000
vn 0.000000 1.000000 0.000000
vn 0.000000 1.000000 0.000000
vn 0.675072 0.000000 -0.737752
vn 0.843727 0.000000 -0.536772
vn 0.000000 1.000000 0.000000
vn 0.000000 0.000000 1.000000
vn -0.197336 0.980336 0.000000
vn 0.999056 0.000000 -0.043439
vn 0.000000 1.000000 0.000000
vn -0.976488 0.000000 -0.215572
vn -0.887243 0.000000 -0.461303
vn -0.999056 0.000000 0.043439
vn 0.000000 1.000000 0.000000
vn -0.953703 0.000000 0.300750
vn -0.737756 0.000000 -0.675068
vn -0.536772 0.000000 -0.843727
vn -0.300746 0.000000 -0.953704
vn 0.000000 0.000000 1.000000
vn 0.215567 0.000000 -0.976489
vn 0.461301 0.000000 -0.887244
vn 0.976489 0.000000 0.215568
vn 0.887244 0.000000 0.461300
vn -0.707108 0.707106 0.000000
vn 0.737754 0.000000 0.675069
vn 0.536772 0.000000 0.843728
vn 0.300746 0.000000 0.953704
vn 0.000000 1.000000 0.000000
vn 0.043437 0.000000 0.999056
vn -0.215568 0.000000 0.976489
vn -0.461302 0.000000 0.887243
vn -0.675069 0.000000 0.737755
vn -0.843729 0.000000 0.536769
vn -0.536771 0.000000 -0.843728
vn -0.300747 0.000000 -0.953704
vn 0.000000 1.000000 0.000000
vn -0.043437 0.000000 -0.999056
vn 0.215568 0.000000 -0.976489
vn -0.999056 0.000000 0.043437
vn -0.976489 0.000000 -0.215567
vn -0.887243 0.000000 -0.461302
vn -0.737755 0.000000 -0.675069
vn 0.461302 0.000000 -0.887243
vn 0.675070 0.000000 -0.737754
vn 0.000000 1.000000 0.000000
vn 0.843728 0.000000 -0.536771
vn 0.953704 0.000000 -0.300747
vn 0.737755 0.000000 0.675068
vn 0.536773 0.000000 0.843727
vn 0.000000 1.000000 0.000000
vn 0.300745 0.000000 0.953705
vn 0.000000 1.000000 0.000000
vn 0.999056 0.000000 -0.043437
vn 0.991600 0.000000 0.129339
vn 0.887243 0.000000 0.461303
vn -0.215567 0.000000 0.976489
vn -0.461302 0.000000 0.887243
vn -0.675070 0.000000 0.737753
vn 0.000000 1.000000 0.000000
vn -0.953704 0.000000 0.300747
vn -0.536770 0.000000 -0.843728
vn -0.300747 0.000000 -0.953704
vn 0.000000 1.000000 0.000000
vn -0.043437 0.000000 -0.999056
vn 0.215567 0.000000 -0.976489
vn 0.000000 1.000000 0.000000
vn 0.000000 1.000000 0.000000
vn -0.887243 0.000000 -0.461302
vn -0.737756 0.000000 -0.675068
vn 0.461301 0.000000 -0.887244
vn 0.675070 0.000000 -0.737753
vn -0.199505 0.979897 0.000000
vn 0.843728 0.000000 -0.536771
vn 0.953705 0.000000 -0.300744
vn 0.000000 1.000000 0.000000
vn -0.999056 0.000000 0.043439
vn -0.976488 0.000000 -0.215571
vn 0.737754 0.000000 0.675069
vn 0.536773 0.000000 0.843727
vn 0.000000 1.000000 0.000000
vn -0.675070 0.000000 0.737754
vn -0.843729 0.000000 0.536770
vn -0.953703 0.000000 0.300750
vn 0.000000 1.000000 0.000000
vn 0.043437 0.000000 0.999056
vn 0.999056 0.000000 -0.043439
vn 0.000000 1.000000 0.000000
vn 0.887244 0.000000 0.461300
vn -0.215567 0.000000 0.976489
vn -0.461302 0.000000 0.887243
vn 0.000000 1.000000 0.000000
vn 0.887546 0.000000 0.460720
vn 0.737727 0.000000 0.675099
vn 0.460720 0.000000 -0.887546
vn 0.675101 0.000000 -0.737726
vn 0.000000 1.000000 0.000000
vn 0.843817 0.000000 -0.536631
vn 0.953829 0.000000 -0.300350
vn 0.999032 0.000000 -0.043983
vn 0.000000 0.000000 1.000000
vn 0.000000 0.000000 1.000000
vn -0.676350 0.000000 0.736581
vn -0.843816 0.000000 0.536632
vn 0.000000 0.000000 1.000000
vn -0.999032 0.000000 0.043983
vn -0.976364 0.000000 -0.216133
vn -0.887545 0.000000 -0.460721
vn 0.000000 0.000000 1.000000
vn 0.000000 1.000000 0.000000
vn -0.043758 0.000000 -0.999042
vn 0.000000 1.000000 0.000000
vn -0.130938 0.000000 0.991391
vn 0.000000 1.000000 0.000000
vn -0.675390 0.000000 0.737461
vn -0.858391 -0.002656 0.512989
vn -0.965688 -0.005766 0.259643
vn 0.000000 0.000000 1.000000
vn 0.000000 1.000000 0.000000
vn -0.976353 0.000000 -0.216181
vn -0.883356 -0.003520 -0.468690
vn 0.000000 1.000000 0.000000
vn 0.000000 1.000000 0.000000
vn 0.000000 0.000000 1.000000
vn 0.000000 1.000000 0.000000
vn 0.000000 1.000000 0.000000
vn 0.675550 0.000000 -0.737315
vn 0.000000 1.000000 0.000000
vn 0.858160 -0.002655 -0.513375
vn 0.965688 -0.005766 -0.259642
vn 0.000000 0.000000 1.000000
vn 0.976353 0.000000 0.216181
vn 0.000000 1.000000 0.000000
vn 0.000000 0.000000 1.000000
vn -0.843455 0.000000 0.537201
vn -0.954055 0.000000 0.299631
vn 0.000000 0.000000 1.000000
vn 0.000000 1.000000 0.000000
vn -0.976423 0.000000 -0.215865
vn -0.887811 0.000000 -0.460208
vn 0.000000 0.000000 1.000000
vn 0.000000 0.000000 1.000000
vn 0.000000 0.000000 1.000000
vn 0.000000 0.000000 1.000000
vn 0.000000 1.000000 0.000000
vn 0.000000 0.000000 1.000000
vn 0.000000 0.000000 1.000000
vn 0.000000 0.000000 1.000000
vn 0.000000 1.000000 0.000000
vn 0.000000 1.000000 0.000000
vn 0.000000 0.000000 1.000000
vn 0.000000 0.000000 1.000000
vn 0.000000 0.000000 1.000000
vn 0.000000 0.000000 1.000000
vn 0.000000 0.000000 1.000000
vn 0.954055 0.000000 -0.299631
vn 0.000000 1.000000 0.000000
vn 0.999032 0.000000 -0.043981
vn 0.000000 1.000000 0.000000
vn -0.738350 0.000000 -0.674418
vn -0.537200 0.000000 -0.843455
vn 0.000000 1.000000 0.000000
vn -0.299632 0.000000 -0.954055
vn 0.216133 0.000000 -0.976364
vn 0.000000 1.000000 0.000000
vn -0.043983 0.000000 -0.999032
vn 0.887812 0.000000 0.460207
vn 0.000000 0.000000 1.000000
vn 0.000000 1.000000 0.000000
vn 0.000000 0.000000 1.000000
vn 0.000000 1.000000 0.000000
vn -0.887812 0.000000 -0.460207
vn 0.000000 1.000000 0.000000
vn 0.000000 0.000000 1.000000
vn 0.000000 0.000000 1.000000
vn 0.000000 0.000000 1.000000
vn 0.000000 0.000000 1.000000
vn 0.000000 1.000000 0.000000
vn 0.843455 0.000000 -0.537200
vn 0.000000 1.000000 0.000000
vn 0.000000 0.000000 1.000000
vn 0.000000 1.000000 0.000000
vn 0.000000 0.000000 1.000000
vn 0.000000 0.000000 1.000000
vn 0.000000 0.000000 1.000000
vn 0.954055 0.000000 -0.299631
vn 0.000000 0.000000 1.000000
vn 0.976423 0.000000 0.215867
vn 0.000000 0.000000 1.000000
vn 0.000000 1.000000 0.000000
vn 0.000000 0.000000 1.000000
vn 0.000000 1.000000 0.000000
vn 0.000000 1.000000 0.000000
vn 0.000000 1.000000 0.000000
vn 0.843455 0.000000 -0.537200
vn 0.954055 0.000000 -0.299631
vn 0.000000 1.000000 0.000000
vn 0.000000 0.000000 1.000000
vn 0.000000 1.000000 0.000000
vn 0.000000 0.000000 1.000000
vn 0.215867 0.000000 -0.976423
vn 0.000000 1.000000 0.000000
vn 0.460208 0.000000 -0.887811
vn 0.000000 1.000000 0.000000
vn 0.675668 0.000000 -0.737206
vn 0.000000 0.000000 1.000000
vn -0.216133 0.000000 0.976364
vn 0.738350 0.000000 0.674418
vn 0.537200 0.000000 0.843455
vn 0.299632 0.000000 0.954055
vn -0.300350 0.000000 -0.953829
vn 0.000000 1.000000 0.000000
vn -0.536632 0.000000 -0.843817
vn 0.000000 1.000000 0.000000
vn -0.736581 0.000000 -0.676350
vn -0.887812 0.000000 -0.460207
vn -0.460721 0.000000 0.887545
vn -0.675100 0.000000 0.737726
vn -0.843816 0.000000 0.536632
vn -0.953829 0.000000 0.300349
vn -0.999032 0.000000 0.043983
vn -0.976423 0.000000 -0.215867
vn 0.844023 0.000000 -0.536306
vn 0.000000 1.000000 0.000000
vn 0.675043 0.000000 -0.737778
vn 0.460719 0.000000 -0.887546
vn 0.976099 0.000000 0.217328
vn 0.000000 1.000000 0.000000
vn 0.999032 0.000000 -0.043981
vn 0.953336 0.000000 -0.301911
vn 0.887032 0.000000 0.461709
vn 0.738975 0.000000 0.673733
vn 0.536632 0.000000 0.843817
vn 0.000000 0.000000 1.000000
vn 0.043928 0.000000 0.999035
vn 0.000000 1.000000 0.000000
vn -0.215603 0.000000 0.976481
vn -0.461234 0.000000 0.887278
vn -0.676348 0.000000 0.736582
vn 0.216133 0.000000 -0.976364
vn 0.000000 1.000000 0.000000
vn 0.000000 0.000000 1.000000
vn -0.299990 0.000000 -0.953942
vn 0.000000 1.000000 0.000000
vn -0.537768 0.000000 -0.843093
vn 0.000000 1.000000 0.000000
vn -0.737206 0.000000 -0.675668
vn -0.887811 0.000000 -0.460208
vn 0.000000 0.000000 1.000000
vn -0.953829 0.000000 0.300349
vn 0.000000 1.000000 0.000000
vn 0.000000 0.000000 1.000000
vn 0.000000 1.000000 0.000000
vn -0.976423 0.000000 -0.215865
vn 0.843816 0.000000 -0.536632
vn 0.953829 0.000000 -0.300349
vn 0.000000 1.000000 0.000000
vn 0.000000 1.000000 0.000000
vn 0.000000 1.000000 0.000000
vn 0.000000 1.000000 0.000000
vn 0.887812 0.000000 0.460207
vn 0.000000 0.000000 1.000000
vn 0.000000 0.000000 1.000000
vn 0.000000 0.000000 1.000000
vn 0.000000 1.000000 0.000000
vn 0.000000 0.000000 1.000000
vn -0.043983 0.000000 -0.999032
vn 0.215867 0.000000 -0.976423
vn 0.000000 1.000000 0.000000
vn 0.460208 0.000000 -0.887811
vn 0.676349 0.000000 -0.736581
vn 0.000000 0.000000 1.000000
vn 0.000000 0.000000 1.000000
vn 0.000000 0.000000 1.000000
vn -0.887546 0.000000 -0.460720
vn -0.737725 0.000000 -0.675101
vn 0.000000 1.000000 0.000000
vn -0.536632 0.000000 -0.843817
vn -0.300350 0.000000 -0.953829
vn -0.954055 0.000000 0.299631
vn 0.000000 0.000000 1.000000
vn -0.976364 0.000000 -0.216132
vn 0.675725 0.000000 -0.737154
vn 0.844384 0.000000 -0.535738
vn 0.000000 1.000000 0.000000
vn -0.738349 0.000000 -0.674419
vn -0.537768 0.000000 -0.843093
vn -0.299990 0.000000 -0.953942
vn 0.953107 0.000000 -0.302634
vn 0.000000 0.000000 1.000000
vn 0.976158 0.000000 0.217062
vn 0.000000 0.000000 1.000000
vn 0.000000 0.000000 1.000000
vn -0.043872 0.000000 -0.999037
vn 0.216133 0.000000 -0.976364
vn 0.460719 0.000000 -0.887546
vn 0.000000 0.000000 1.000000
vn 0.000000 1.000000 0.000000
vn 0.000000 0.000000 1.000000
vn 0.000000 0.000000 1.000000
vn 0.000000 0.000000 1.000000
vn 0.000000 0.000000 1.000000
vn 0.000000 1.000000 0.000000
vn -0.954055 0.000000 0.299631
vn 0.000000 1.000000 0.000000
vn 0.000000 1.000000 0.000000
vn 0.953829 0.000000 -0.300349
vn 0.999032 0.000000 -0.043981
vn 0.000000 1.000000 0.000000
vn 0.000000 1.000000 0.000000
vn 0.976364 0.000000 0.216131
vn 0.887545 0.000000 0.460721
vn 0.737726 0.000000 0.675101
vn 0.536633 0.000000 0.843816
vn 0.300350 0.000000 0.953829
vn 0.000000 1.000000 0.000000
vn -0.215868 0.000000 0.976423
vn 0.000000 1.000000 0.000000
vn -0.460208 0.000000 0.887811
vn 0.000000 1.000000 0.000000
vn 0.000000 1.000000 0.000000
vn -0.999032 0.000000 0.043983
vn -0.676349 0.000000 0.736582
vn -0.843817 0.000000 0.536632
vn -0.537200 0.000000 -0.843455
vn -0.299632 0.000000 -0.954055
vn 0.000000 1.000000 0.000000
vn 0.000000 1.000000 0.000000
vn 0.216132 0.000000 -0.976364
vn 0.000000 1.000000 0.000000
vn 0.460721 0.000000 -0.887545
vn 0.000000 0.000000 1.000000
vn 0.843816 0.000000 -0.536633
vn -0.976364 0.000000 -0.216131
vn 0.000000 0.000000 1.000000
vn -0.738349 0.000000 -0.674419
vn 0.000000 1.000000 0.000000
vn -0.215868 0.000000 0.976423
vn 0.000000 1.000000 0.000000
vn -0.460208 0.000000 0.887811
vn 0.887545 0.000000 0.460721
vn 0.737726 0.000000 0.675101
vn 0.000000 1.000000 0.000000
vn 0.536633 0.000000 0.843816
vn 0.300350 0.000000 0.953829
vn 0.000000 0.000000 1.000000
vn 0.000000 1.000000 0.000000
vn -0.999032 0.000000 0.043983
vn 0.843816 0.000000 -0.536633
vn 0.953829 0.000000 -0.300350
vn 0.000000 1.000000 0.000000
vn 0.000000 0.000000 1.000000
vn 0.976364 0.000000 0.216133
vn -0.676349 0.000000 0.736582
vn -0.843817 0.000000 0.536632
vn 0.000000 0.000000 1.000000
vn 0.000000 1.000000 0.000000
vn 0.460721 0.000000 -0.887545
vn -0.976364 0.000000 -0.216131
vn 0.000000 0.000000 1.000000
vn 0.000000 1.000000 0.000000
vn -0.738349 0.000000 -0.674419
vn -0.537200 0.000000 -0.843455
vn -0.299632 0.000000 -0.954055
vn 0.000000 1.000000 0.000000
vn 0.216132 0.000000 -0.976364
vn 0.000000 1.000000 0.000000
vn -0.215866 0.000000 0.976423
vn 0.000000 1.000000 0.000000
vn 0.000000 1.000000 0.000000
vn 0.000000 0.000000 1.000000
vn 0.000000 0.000000 1.000000
vn 0.736580 0.000000 0.676350
vn 0.536632 0.000000 0.843817
vn 0.300349 0.000000 0.953829
vn -0.460208 0.000000 0.887811
vn -0.675667 0.000000 0.737207
vn -0.843454 0.000000 0.537201
vn -0.954055 0.000000 0.299631
vn 0.000000 0.000000 1.000000
vn 0.000000 1.000000 0.000000
vn -0.976423 0.000000 -0.215866
vn 0.000000 0.000000 1.000000
vn 0.000000 0.000000 1.000000
vn 0.000000 0.000000 1.000000
vn 0.000000 1.000000 0.000000
vn 0.000000 0.000000 1.000000
vn 0.999032 0.000000 -0.043981
vn 0.000000 1.000000 0.000000
vn 0.000000 1.000000 0.000000
vn 0.000000 0.000000 1.000000
vn 0.000000 0.000000 1.000000
vn 0.954055 0.000000 -0.299631
vn -0.460208 0.000000 0.887811
vn -0.675668 0.000000 0.737206
vn 0.000000 1.000000 0.000000
vn 0.000000 0.000000 1.000000
vn 0.000000 0.000000 1.000000
vn 0.000000 0.000000 1.000000
vn 0.000000 0.000000 1.000000
vn 0.000000 1.000000 0.000000
vn 0.000000 0.000000 1.000000
vn 0.976423 0.000000 0.215867
vn 0.000000 1.000000 0.000000
vn 0.000000 0.000000 1.000000
vn 0.000000 1.000000 0.000000
vn 0.000000 0.000000 1.000000
vn 0.000000 0.000000 1.000000
vn 0.954055 0.000000 -0.299631
vn 0.887812 0.000000 0.460207
vn 0.736581 0.000000 0.676350
vn 0.536633 0.000000 0.843816
vn 0.000000 0.000000 1.000000
vn 0.043981 0.000000 0.999032
vn -0.215865 0.000000 0.976423
vn 0.000000 1.000000 0.000000
vn 0.000000 1.000000 0.000000
vn 0.000000 1.000000 0.000000
vn 0.000000 1.000000 0.000000
vn -0.887812 0.000000 -0.460207
vn 0.460721 0.000000 -0.887545
vn 0.674417 0.000000 -0.738351
vn 0.000000 1.000000 0.000000
vn 0.000000 1.000000 0.000000
vn 0.000000 1.000000 0.000000
vn 0.000000 1.000000 0.000000
vn 0.000000 1.000000 0.000000
vn 0.000000 1.000000 0.000000
vn 0.000000 1.000000 0.000000
vn 0.000000 1.000000 0.000000
vn 0.000000 0.000000 1.000000
vn -0.954055 0.000000 0.299631
vn 0.000000 0.000000 1.000000
vn 0.000000 1.000000 0.000000
vn -0.976423 0.000000 -0.215865
vn -0.887811 0.000000 -0.460208
vn -0.737206 0.000000 -0.675669
vn -0.537200 0.000000 -0.843455
vn 0.000000 0.000000 1.000000
vn -0.043982 0.000000 -0.999032
vn 0.216130 0.000000 -0.976365
vn 0.843454 0.000000 -0.537201
vn 0.954055 0.000000 -0.299631
vn 0.991391 0.000000 -0.130935
vn 0.000000 1.000000 0.000000
vn 0.000000 0.000000 1.000000
vn 0.000000 1.000000 0.000000
vn 0.000000 1.000000 0.000000
vn 0.000000 1.000000 0.000000
vn 0.216130 0.000000 -0.976365
vn 0.000000 1.000000 0.000000
vn -0.887812 0.000000 -0.460207
vn -0.737206 0.000000 -0.675668
vn -0.537201 0.000000 -0.843454
vn -0.299631 0.000000 -0.954055
vn 0.460721 0.000000 -0.887545
vn 0.674418 0.000000 -0.738350
vn 0.843455 0.000000 -0.537201
vn 0.954055 0.000000 -0.299631
vn 0.000000 0.000000 1.000000
vn 0.976423 0.000000 0.215867
vn 0.000000 0.000000 1.000000
vn 0.000000 1.000000 0.000000
vn 0.000000 1.000000 0.000000
vn 0.000000 1.000000 0.000000
vn 0.000000 1.000000 0.000000
vn 0.000000 1.000000 0.000000
vn 0.000000 1.000000 0.000000
vn 0.000000 1.000000 0.000000
vn 0.000000 1.000000 0.000000
vn 0.000000 1.000000 0.000000
vn -0.976489 0.000000 -0.215568
vn 0.000000 0.000000 1.000000
vn -0.953704 0.000000 0.300746
vn -0.887243 0.000000 -0.461302
vn -0.737755 0.000000 -0.675069
vn -0.536773 0.000000 -0.843727
vn 0.000000 0.000000 1.000000
vn -0.043437 0.000000 -0.999056
vn 0.000000 1.000000 0.000000
vn 0.215567 0.000000 -0.976489
vn 0.461302 0.000000 -0.887243
vn 0.675071 0.000000 -0.737753
vn 0.843728 0.000000 -0.536772
vn 0.953704 0.000000 -0.300747
vn 0.000000 1.000000 0.000000
vn 0.999056 0.000000 -0.043437
vn 0.000000 1.000000 0.000000
vn 0.536771 0.000000 0.843728
vn 0.300747 0.000000 0.953704
vn 0.976489 0.000000 0.215567
vn 0.887243 0.000000 0.461302
vn 0.737755 0.000000 0.675068
vn 0.043437 0.000000 0.999056
vn -0.215568 0.000000 0.976489
vn -0.461302 0.000000 0.887243
vn -0.675069 0.000000 0.737755
vn -0.843728 0.000000 0.536771
vn 0.000000 1.000000 0.000000
vn 0.000000 1.000000 0.000000
vn 0.000000 1.000000 0.000000
vn 0.216130 0.000000 -0.976365
vn 0.000000 1.000000 0.000000
vn 0.460720 0.000000 -0.887545
vn 0.674418 0.000000 -0.738349
vn 0.000000 1.000000 0.000000
vn 0.000000 0.000000 1.000000
vn 0.843455 0.000000 -0.537199
vn 0.954055 0.000000 -0.299632
vn 0.000000 1.000000 0.000000
vn 0.000000 1.000000 0.000000
vn 0.000000 1.000000 0.000000
vn 0.000000 1.000000 0.000000
vn 0.000000 1.000000 0.000000
vn 0.000000 1.000000 0.000000
vn 0.000000 1.000000 0.000000
vn -0.976423 0.000000 -0.215867
vn -0.887811 0.000000 -0.460208
vn 0.000000 1.000000 0.000000
vn 0.000000 0.000000 1.000000
vn 0.000000 1.000000 0.000000
vn 0.000000 1.000000 0.000000
vn -0.737206 0.000000 -0.675668
vn -0.537201 0.000000 -0.843454
vn -0.299631 0.000000 -0.954055
vn 0.000000 1.000000 0.000000
vn 0.000000 1.000000 0.000000
vn 0.216132 0.000000 -0.976364
vn 0.000000 1.000000 0.000000
vn -0.460208 0.000000 0.887811
vn -0.676349 0.000000 0.736582
vn -0.843817 0.000000 0.536632
vn 0.460721 0.000000 -0.887545
vn 0.675101 0.000000 -0.737726
vn 0.843816 0.000000 -0.536633
vn -0.953830 0.000000 0.300348
vn 0.000000 0.000000 1.000000
vn 0.000000 1.000000 0.000000
vn -0.976364 0.000000 -0.216132
vn -0.887546 0.000000 -0.460719
vn -0.738349 0.000000 -0.674419
vn -0.537200 0.000000 -0.843455
vn -0.299632 0.000000 -0.954055
vn 0.887545 0.000000 0.460721
vn 0.737726 0.000000 0.675101
vn 0.536633 0.000000 0.843816
vn 0.953829 0.000000 -0.300350
vn 0.000000 1.000000 0.000000
vn 0.976364 0.000000 0.216132
vn 0.300350 0.000000 0.953829
vn 0.000000 1.000000 0.000000
vn -0.215868 0.000000 0.976423
vn 0.000000 1.000000 0.000000
vn 0.000000 1.000000 0.000000
vn 0.216132 0.000000 -0.976364
vn 0.460721 0.000000 -0.887545
vn 0.675101 0.000000 -0.737726
vn 0.843816 0.000000 -0.536633
vn 0.976365 0.000000 0.216130
vn 0.000000 0.000000 1.000000
vn 0.953829 0.000000 -0.300349
vn -0.460208 0.000000 0.887811
vn -0.676349 0.000000 0.736582
vn -0.843817 0.000000 0.536632
vn -0.953830 0.000000 0.300348
vn 0.000000 1.000000 0.000000
vn 0.000000 1.000000 0.000000
vn -0.976364 0.000000 -0.216132
vn -0.887546 0.000000 -0.460719
vn 0.887545 0.000000 0.460721
vn 0.737726 0.000000 0.675101
vn 0.536633 0.000000 0.843816
vn 0.300350 0.000000 0.953829
vn 0.000000 1.000000 0.000000
vn -0.215868 0.000000 0.976423
vn -0.738349 0.000000 -0.674419
vn -0.537200 0.000000 -0.843455
vn -0.299632 0.000000 -0.954055
vn 0.000000 1.000000 0.000000
vn 0.000000 1.000000 0.000000
vn 0.000000 1.000000 0.000000
vn -0.887545 0.000000 -0.460721
vn -0.738350 0.000000 -0.674418
vn 0.000000 1.000000 0.000000
vn -0.537201 0.000000 -0.843455
vn -0.299631 0.000000 -0.954055
vn 0.043983 0.000000 0.999032
vn -0.215867 0.000000 0.976423
vn 0.000000 1.000000 0.000000
vn 0.000000 1.000000 0.000000
vn -0.043983 0.000000 -0.999032
vn 0.216132 0.000000 -0.976364
vn 0.460719 0.000000 -0.887546
vn 0.675101 0.000000 -0.737725
vn 0.843817 0.000000 -0.536631
vn 0.953829 0.000000 -0.300350
vn 0.000000 1.000000 0.000000
vn 0.000000 1.000000 0.000000
vn 0.976364 0.000000 0.216133
vn 0.887546 0.000000 0.460720
vn 0.737727 0.000000 0.675100
vn 0.536631 0.000000 0.843817
vn 0.300350 0.000000 0.953829
vn -0.460208 0.000000 0.887811
vn -0.676349 0.000000 0.736581
vn -0.843816 0.000000 0.536632
vn -0.953829 0.000000 0.300350
vn 0.000000 1.000000 0.000000
vn -0.976364 0.000000 -0.216133
vn 0.000000 1.000000 0.000000
vn 0.043758 0.000000 0.999042
vn 0.000000 1.000000 0.000000
vn 0.000000 1.000000 0.000000
vn 0.000000 1.000000 0.000000
vn 0.000000 1.000000 0.000000
vn 0.000000 1.000000 0.000000
vn 0.000000 1.000000 0.000000
vn 0.000000 1.000000 0.000000
vn 0.000000 1.000000 0.000000
vn 0.000000 1.000000 0.000000
vn 0.000000 1.000000 0.000000
vn 0.000000 1.000000 0.000000
vn 0.000000 1.000000 0.000000
vn 0.000000 1.000000 0.000000
vn 0.000000 1.000000 0.000000
vn 0.000000 1.000000 0.000000
vn 0.000000 1.000000 0.000000
vn 0.000000 1.000000 0.000000
vn 0.000000 1.000000 0.000000
vn 0.000000 1.000000 0.000000
vn 0.000000 1.000000 0.000000
vn -0.215865 0.000000 0.976423
vn -0.843454 0.000000 0.537201
vn -0.954055 0.000000 0.299632
vn 0.000000 1.000000 0.000000
vn 0.000000 1.000000 0.000000
vn -0.976423 0.000000 -0.215868
vn 0.000000 0.000000 1.000000
vn 0.000000 1.000000 0.000000
vn 0.000000 1.000000 0.000000
vn 0.000000 0.000000 1.000000
vn 0.000000 0.000000 1.000000
vn 0.000000 0.000000 1.000000
vn 0.000000 0.000000 1.000000
vn 0.000000 0.000000 1.000000
vn -0.460208 0.000000 0.887811
vn -0.675668 0.000000 0.737206
vn 0.000000 1.000000 0.000000
vn 0.887812 0.000000 0.460207
vn 0.736582 0.000000 0.676349
vn 0.536632 0.000000 0.843816
vn 0.300349 0.000000 0.953830
vn 0.000000 0.000000 1.000000
vn 0.000000 0.000000 1.000000
vn 0.954055 0.000000 -0.299632
vn 0.000000 1.000000 0.000000
vn 0.976423 0.000000 0.215867
vn 0.000000 1.000000 0.000000
vn 0.000000 1.000000 0.000000
vn 0.000000 1.000000 0.000000
vn 0.000000 0.971257 0.238032
vn 0.000000 0.875691 0.482872
vn 0.000000 0.980808 0.194978
vn 0.000000 0.947971 0.318356
vn 0.000000 0.973112 0.230332
vn 0.000000 0.888258 0.459345
vn 0.000000 0.980074 0.198635
vn 0.000000 0.959696 0.281040
vn 0.000000 0.957000 0.290088
vn 0.000000 0.953708 0.300736
vn -0.866021 0.000001 0.500008
vn 0.397451 -0.004944 0.917610
vn 0.397455 0.000000 0.917622
vn 0.388306 -0.003816 0.921523
vn 0.917622 0.000000 0.397455
vn 0.000000 0.000000 1.000000
vn 0.917622 0.000000 -0.397455
vn 0.500008 0.000000 0.866021
vn 0.917611 -0.004944 -0.397450
vn 0.921523 -0.003816 -0.388306
vn 0.990379 0.000000 -0.138381
vn 0.999042 0.000000 0.043758
vn 0.965688 -0.005766 0.259642
vn 0.920468 -0.005570 0.390777
vn 0.917599 -0.007136 0.397444
vn 0.500008 0.000001 -0.866021
vn 0.000000 0.000000 1.000000
vn 0.397455 0.000000 -0.917621
vn 0.000000 0.000000 1.000000
vn 0.866021 0.000000 -0.500008
vn -0.397450 -0.004944 -0.917610
vn -0.388306 -0.003816 -0.921523
vn 0.000000 0.000000 1.000000
vn 0.043758 0.000000 -0.999042
vn 0.000000 -1.000000 0.000000
vn 0.390778 -0.005571 -0.920468
vn 0.397446 -0.006973 -0.917599
vn -0.866021 0.000001 -0.500008
vn 0.000000 0.000000 1.000000
vn -0.917622 0.000000 -0.397455
vn 0.000000 0.000000 1.000000
vn -0.500008 0.000001 -0.866021
vn -0.917611 -0.004944 0.397450
vn -0.921523 -0.003816 0.388306
vn -0.990379 0.000000 0.138382
vn -0.999042 0.000000 -0.043758
vn -0.965688 -0.005766 -0.259643
vn -0.920468 -0.005570 -0.390777
vn -0.917599 -0.007136 -0.397445
vn -0.500008 0.000001 0.866021
vn 0.000000 0.000000 1.000000
vn -0.397455 0.000000 0.917622
vn 0.138382 0.000000 0.990379
vn 0.000000 0.000000 1.000000
vn -0.259642 -0.005766 0.965688
vn -0.390777 -0.005570 0.920468
vn -0.397445 -0.007136 0.917598
vn 0.866021 0.000001 0.500008
vn 0.000000 -1.000000 0.000000
vn 0.000000 -1.000000 0.000000
vn 0.000000 -1.000000 0.000000
vn -0.299632 0.000000 0.954055
vn -0.043983 0.000000 0.999032
vn 0.000000 -1.000000 0.000000
vn 0.887428 0.000000 0.460946
vn 0.976787 0.000000 0.214212
vn 0.000000 -1.000000 0.000000
vn 0.000000 -1.000000 0.000000
vn 0.000000 -1.000000 0.000000
vn -0.866099 0.000133 0.499873
vn 0.000000 -1.000000 0.000000
vn 0.000000 -1.000000 0.000000
vn 0.000000 -1.000000 0.000000
vn 0.000000 -1.000000 0.000000
vn 1.000000 0.000000 0.000000
vn 0.000000 -1.000000 0.000000
vn 0.851065 0.000000 -0.525060
vn 0.000000 -1.000000 0.000000
vn 0.690762 0.000000 -0.723082
vn 0.976644 0.000000 0.214863
vn 0.891097 0.000000 0.453812
vn 0.000000 0.000000 1.000000
vn 0.904843 0.000069 0.425745
vn 0.976789 0.000000 0.214203
vn 0.999088 0.000000 -0.042695
vn 0.000000 -1.000000 0.000000
vn 0.953714 0.000000 -0.300717
vn 0.000000 -1.000000 0.000000
vn 0.000000 -1.000000 0.000000
vn 0.865835 -0.000079 0.500330
vn 0.866395 0.000000 -0.499360
vn 0.866056 0.000000 0.499946
vn 0.000000 -1.000000 0.000000
vn -0.322410 0.000000 0.946600
vn 0.000000 0.000000 1.000000
vn 0.000000 -1.000000 0.000000
vn -0.839209 0.000000 -0.543809
vn 0.000000 -1.000000 0.000000
vn 0.017359 0.000000 0.999849
vn 0.300723 0.000000 0.953712
vn 0.000000 -1.000000 0.000000
vn 0.000000 0.000000 1.000000
vn 0.536875 0.000000 0.843662
vn 0.000000 -1.000000 0.000000
vn 0.887429 0.000000 0.460944
vn -0.988887 0.000000 -0.148670
vn 0.000000 0.000000 1.000000
vn -0.994201 0.000000 0.107543
vn -0.934464 0.000000 0.356058
vn -0.461234 0.000000 -0.887279
vn -0.676348 0.000000 -0.736582
vn -0.843816 0.000000 -0.536632
vn -0.953830 0.000000 -0.300349
vn -0.919688 0.000000 -0.392651
vn 0.000000 0.000000 1.000000
vn 0.000000 0.000000 1.000000
vn 0.536632 0.000000 -0.843817
vn 0.738975 0.000000 -0.673733
vn 0.887031 0.000000 -0.461709
vn 0.844023 0.000000 0.536306
vn 0.953336 0.000000 0.301911
vn 0.999032 0.000000 0.043981
vn 0.976099 0.000000 -0.217328
vn 0.300350 0.000000 -0.953829
vn 0.043928 0.000000 -0.999035
vn -0.215603 0.000000 -0.976481
vn -0.976423 0.000000 0.215866
vn -0.887811 0.000000 0.460208
vn -0.603550 0.000000 0.797325
vn -0.792763 0.000000 0.609530
vn -0.424530 0.000000 0.905414
vn -0.609528 0.000000 0.792765
vn -0.181067 0.000000 0.983471
vn -0.381692 0.000000 0.924290
vn 0.074286 0.000000 0.997237
vn -0.130454 0.000000 0.991454
vn 0.323652 0.000000 0.946176
vn 0.130939 0.000000 0.991390
vn 0.552965 0.000000 0.833204
vn 0.381689 0.000000 0.924291
vn 0.675043 0.000000 0.737778
vn 0.999208 0.000000 -0.039788
vn 0.956199 0.000000 -0.292716
vn -0.006010 0.000000 -0.999982
vn 0.247833 0.000000 -0.968803
vn 0.484110 0.000000 -0.875007
vn 0.300715 0.000000 0.953714
vn 0.536875 0.000000 0.843662
vn 0.738578 0.000000 0.674168
vn 0.887428 0.000000 0.460946
vn 0.976791 0.000000 0.214196
vn 0.998031 0.000000 0.062730
vn 0.865932 0.000000 0.500162
vn 0.000000 0.000000 1.000000
vn 0.000000 -1.000000 0.000000
vn 0.000000 -1.000000 0.000000
vn 0.999088 0.000000 -0.042690
vn 0.017358 0.000000 0.999849
vn 0.000000 0.000000 1.000000
vn 0.000000 -1.000000 0.000000
vn 0.000000 -1.000000 0.000000
vn 0.000000 -1.000000 0.000000
vn 0.000000 -1.000000 0.000000
vn 0.000000 0.000000 1.000000
vn 0.000000 -1.000000 0.000000
vn -0.887811 0.000000 0.460208
vn -0.737206 0.000000 0.675669
vn 0.000000 -1.000000 0.000000
vn 0.736581 0.000000 -0.676349
vn 0.536631 0.000000 -0.843817
vn 0.300348 0.000000 -0.953830
vn -0.999032 0.000000 -0.043981
vn -0.976423 0.000000 0.215865
vn 0.000000 -1.000000 0.000000
vn -0.537200 0.000000 0.843455
vn 0.000000 0.000000 1.000000
vn -0.043982 0.000000 0.999032
vn 0.216130 0.000000 0.976365
vn 0.460721 0.000000 0.887545
vn 0.674417 0.000000 0.738351
vn 0.043983 0.000000 -0.999032
vn 0.000000 0.000000 1.000000
vn -0.460206 0.000000 -0.887812
vn -0.675667 0.000000 -0.737207
vn 0.000000 0.000000 1.000000
vn -0.954055 0.000000 -0.299631
vn 0.000000 -1.000000 0.000000
vn 0.866157 -0.000270 0.499772
vn 0.000000 0.000000 1.000000
vn 0.000000 0.000000 1.000000
vn 0.866057 0.000000 -0.499945
vn 0.865939 0.000000 0.500150
vn 0.000000 -1.000000 0.000000
vn 0.999032 0.000000 0.043981
vn 0.000000 -1.000000 0.000000
vn 0.000000 0.000000 1.000000
vn 0.976423 0.000000 -0.215866
vn 0.000000 -1.000000 0.000000
vn 0.866056 0.000000 -0.499946
vn 0.866056 0.000000 -0.499946
vn 0.000000 0.000000 -1.000000
vn 0.000000 0.000000 1.000000
vn 0.000000 -1.000000 0.000000
vn 0.000000 -1.000000 0.000000
vn 0.000000 -1.000000 0.000000
vn 0.845080 0.000000 -0.534641
vn 0.674367 0.000000 -0.738397
vn 0.953714 0.000000 -0.300715
vn 0.000000 -1.000000 0.000000
vn 0.000000 -1.000000 0.000000
vn 0.462570 0.000000 -0.886583
vn 0.214208 0.000000 -0.976788
vn 0.017358 0.000000 -0.999849
vn 0.000000 -1.000000 0.000000
vn 0.866056 0.000000 -0.499946
vn 0.866056 0.000000 -0.499946
vn -0.736448 0.000000 -0.676494
vn -0.540755 0.000000 -0.841180
vn -0.300723 0.000000 -0.953712
vn -0.885661 0.000000 -0.464332
vn -0.976789 0.000000 -0.214203
vn -0.995362 0.000000 0.096205
vn -0.866056 0.000000 -0.499946
vn -0.873294 0.000000 0.487193
vn -0.953710 0.000000 0.300727
vn 0.873295 0.000000 0.487192
vn 0.000000 -1.000000 0.000000
vn 0.999088 0.000000 -0.042695
vn 0.000000 0.000000 -1.000000
vn -0.017358 0.000000 -0.999849
vn -0.866623 0.000000 -0.498964
vn -0.865160 0.000309 -0.501497
vn 0.000000 -1.000000 0.000000
vn -0.865906 -0.000282 -0.500207
vn 0.000000 -1.000000 0.000000
vn 0.845080 0.000000 -0.534641
vn 0.674367 0.000000 -0.738397
vn 0.953714 0.000000 -0.300715
vn 0.000000 -1.000000 0.000000
vn 0.000000 -1.000000 0.000000
vn 0.000000 -1.000000 0.000000
vn 0.462570 0.000000 -0.886583
vn 0.214208 0.000000 -0.976788
vn 0.017358 0.000000 -0.999849
vn -0.300725 0.000000 -0.953711
vn -0.540757 0.000000 -0.841179
vn -0.736440 0.000000 -0.676503
vn -0.885664 0.000000 -0.464326
vn 0.000000 -1.000000 0.000000
vn 0.976789 0.000000 0.214205
vn 0.000000 0.000000 -1.000000
vn -0.017358 0.000000 -0.999849
vn 0.866056 0.000000 -0.499946
vn 0.866056 0.000000 -0.499946
vn 0.873295 0.000000 0.487192
vn -0.976788 0.000000 -0.214211
vn 0.000000 -1.000000 0.000000
vn 0.000000 -1.000000 0.000000
vn -0.995361 0.000000 0.096206
vn -0.866057 0.000000 -0.499946
vn -0.873295 0.000000 0.487191
vn -0.953712 0.000000 0.300720
vn 0.000000 0.000000 1.000000
vn 0.000000 0.000000 -1.000000
vn 0.000000 0.000000 -1.000000
vn -0.866133 0.000000 0.499813
vn -0.866057 0.000000 -0.499946
vn -0.866157 -0.000029 0.499772
vn 0.000000 -1.000000 0.000000
vn 0.000000 -1.000000 0.000000
vn 0.000000 -1.000000 0.000000
vn 0.000000 -1.000000 0.000000
vn -0.865158 0.000000 -0.501499
vn -0.043981 0.000000 0.999032
vn 0.000000 -1.000000 0.000000
vn 0.000000 0.000000 1.000000
vn -0.537201 0.000000 0.843454
vn 0.000000 -1.000000 0.000000
vn 0.460721 0.000000 0.887545
vn 0.000000 -1.000000 0.000000
vn 0.674418 0.000000 0.738350
vn 0.843455 0.000000 0.537201
vn 0.954055 0.000000 0.299631
vn 0.991391 0.000000 0.130938
vn 0.976423 0.000000 -0.215867
vn 0.887812 0.000000 -0.460207
vn 0.736582 0.000000 -0.676349
vn 0.536632 0.000000 -0.843817
vn 0.300348 0.000000 -0.953830
vn 0.000000 0.000000 1.000000
vn -0.215866 0.000000 -0.976423
vn -0.460206 0.000000 -0.887812
vn -0.675669 0.000000 -0.737206
vn 0.000000 0.000000 1.000000
vn -0.954055 0.000000 -0.299631
vn -0.999032 0.000000 -0.043983
vn -0.976423 0.000000 0.215867
vn -0.887812 0.000000 0.460207
vn -0.737206 0.000000 0.675668
vn 1.000000 0.000000 0.000000
vn 0.000000 0.000000 1.000000
vn 0.000000 0.000000 1.000000
vn -1.000000 0.000000 0.000000
vn -0.017358 0.000000 0.999849
vn 0.000000 0.000000 1.000000
vn -0.841178 0.000000 0.540758
vn -0.676502 0.000000 0.736441
vn 0.000000 0.000000 1.000000
vn -0.866207 0.000000 0.499686
vn -0.873295 0.000000 -0.487192
vn -0.976789 0.000000 -0.214205
vn 0.000000 0.000000 1.000000
vn -0.953712 0.000000 0.300721
vn -0.464328 0.000000 0.885664
vn -0.214203 0.000000 0.976789
vn 0.866057 0.000000 -0.499946
vn 0.000000 -1.000000 0.000000
vn 0.000000 -1.000000 0.000000
vn 0.000000 -1.000000 0.000000
vn 0.341564 0.000000 -0.939858
vn -0.329045 0.000000 -0.944314
vn -0.557819 0.000000 -0.829963
vn -0.749312 0.000000 -0.662218
vn -0.080372 0.000000 -0.996765
vn 0.176440 0.000000 -0.984311
vn 0.738350 0.000000 -0.674418
vn 0.537200 0.000000 -0.843455
vn -0.216133 0.000000 -0.976364
vn 0.043983 0.000000 -0.999032
vn 0.299632 0.000000 -0.954055
vn 0.460208 0.000000 0.887811
vn 0.499614 0.000000 0.866248
vn 0.130938 0.000000 0.991391
vn 0.265279 0.000000 0.964172
vn -0.130939 0.000000 0.991391
vn 0.011261 0.000000 0.999937
vn -0.381692 0.000000 0.924290
vn -0.241653 0.000000 0.970363
vn -0.607726 0.000000 0.794147
vn -0.479378 0.000000 0.877608
vn -0.792763 0.000000 0.609530
vn -0.686535 0.000000 0.727096
vn -0.924833 0.000000 0.380374
vn -0.848420 0.000000 0.529324
vn -0.991391 0.000000 0.130939
vn -0.954734 0.000000 0.297462
vn -0.991391 0.000000 -0.130939
vn -0.998984 0.000000 0.045067
vn -0.924290 0.000000 -0.381690
vn -0.977989 0.000000 -0.208658
vn -0.794146 0.000000 -0.607727
vn -0.893071 0.000000 -0.449915
vn -0.607726 0.000000 -0.794147
vn -0.460721 0.000000 -0.887545
vn 0.675668 0.000000 0.737206
vn 0.843455 0.000000 0.537200
vn 0.761774 0.000000 0.647843
vn 0.954055 0.000000 0.299631
vn 0.991391 0.000000 0.130939
vn 0.976364 0.000000 -0.216132
vn 0.887546 0.000000 -0.460720
vn 0.000000 0.000000 1.000000
vn 0.882560 0.000000 -0.470199
vn 0.972903 0.000000 -0.231214
vn 0.999762 0.000000 0.021800
vn 0.961807 0.000000 0.273727
vn 0.860852 0.000000 0.508855
vn 0.000000 -1.000000 0.000000
vn 0.000000 -1.000000 0.000000
vn 0.000000 -1.000000 0.000000
vn -0.841178 0.000000 0.540759
vn -0.676499 0.000000 0.736444
vn -0.464331 0.000000 0.885662
vn 0.000000 0.000000 1.000000
vn -0.017359 0.000000 0.999849
vn -0.214210 0.000000 0.976788
vn 0.000000 0.000000 1.000000
vn 0.000000 0.000000 1.000000
vn 0.000000 -1.000000 0.000000
vn 0.000000 -1.000000 0.000000
vn -0.999088 0.000000 0.042698
vn -0.953712 0.000000 0.300720
vn -0.866057 0.000000 0.499946
vn -0.866057 0.000000 0.499946
vn -0.873295 0.000000 -0.487191
vn -0.976787 0.000000 -0.214212
vn 0.843817 0.000000 0.536631
vn 0.675101 0.000000 0.737725
vn 0.000000 0.000000 1.000000
vn -0.215867 0.000000 -0.976423
vn -0.460208 0.000000 -0.887811
vn 0.000000 -1.000000 0.000000
vn -0.676349 0.000000 -0.736581
vn -0.738350 0.000000 0.674418
vn -0.887545 0.000000 0.460721
vn -0.976364 0.000000 0.216133
vn 0.953829 0.000000 0.300350
vn 0.999032 0.000000 0.043983
vn 0.976364 0.000000 -0.216133
vn 0.887546 0.000000 -0.460720
vn -0.843816 0.000000 -0.536632
vn -0.953829 0.000000 -0.300350
vn -0.999032 0.000000 -0.043983
vn 0.000000 0.000000 1.000000
vn 0.000000 -1.000000 0.000000
vn 0.000000 -1.000000 0.000000
vn 0.130939 0.000000 0.991390
vn 0.000000 -1.000000 0.000000
vn 0.000000 -1.000000 0.000000
vn 0.000000 -1.000000 0.000000
vn -0.737206 0.000000 0.675668
vn -0.043981 0.000000 0.999032
vn 0.000000 -1.000000 0.000000
vn 0.000000 0.000000 1.000000
vn -0.537201 0.000000 0.843454
vn 0.999032 0.000000 0.043983
vn 0.976423 0.000000 -0.215868
vn 0.000000 -1.000000 0.000000
vn 0.000000 0.000000 1.000000
vn 0.460720 0.000000 0.887545
vn 0.674419 0.000000 0.738349
vn 0.843455 0.000000 0.537199
vn 0.954055 0.000000 0.299632
vn -0.954055 0.000000 -0.299632
vn -0.999032 0.000000 -0.043983
vn 0.866057 0.000000 -0.499946
vn 0.887812 0.000000 -0.460207
vn 0.736583 0.000000 -0.676347
vn 0.536631 0.000000 -0.843817
vn -0.976423 0.000000 0.215867
vn 0.300348 0.000000 -0.953830
vn 0.000000 -1.000000 0.000000
vn -0.215866 0.000000 -0.976423
vn -0.460206 0.000000 -0.887812
vn -0.675669 0.000000 -0.737206
vn -0.843455 0.000000 -0.537200
vn -0.841179 0.000000 0.540757
vn -0.676503 0.000000 0.736440
vn -0.464326 0.000000 0.885664
vn -0.214205 0.000000 0.976789
vn -0.017358 0.000000 0.999849
vn -1.000000 0.000000 0.000000
vn 0.000000 0.000000 1.000000
vn -0.043983 0.000000 0.999032
vn 0.216132 0.000000 0.976364
vn 0.043983 0.000000 -0.999032
vn -0.215868 0.000000 -0.976423
vn -0.999032 0.000000 -0.043983
vn -0.976364 0.000000 0.216132
vn 0.000000 -1.000000 0.000000
vn 0.460721 0.000000 0.887545
vn 0.675101 0.000000 0.737726
vn 0.843816 0.000000 0.536633
vn 0.887545 0.000000 -0.460721
vn 0.737726 0.000000 -0.675101
vn 0.536633 0.000000 -0.843816
vn 0.300350 0.000000 -0.953829
vn 0.953829 0.000000 0.300349
vn 0.000000 0.000000 1.000000
vn 0.976365 0.000000 -0.216130
vn 0.000000 0.000000 -1.000000
vn -0.460208 0.000000 -0.887811
vn -0.676349 0.000000 -0.736582
vn 0.000000 0.000000 1.000000
vn 0.000000 0.000000 1.000000
vn -0.999088 0.000000 0.042694
vn 0.000000 0.000000 1.000000
vn -0.738349 0.000000 0.674419
vn -0.537200 0.000000 0.843455
vn -0.299632 0.000000 0.954055
vn 0.000000 -1.000000 0.000000
vn 0.000000 -1.000000 0.000000
vn -0.976788 0.000000 -0.214207
vn 0.000000 -1.000000 0.000000
vn -0.999088 0.000000 0.042694
vn -0.866395 0.000000 0.499359
vn -0.869841 0.000000 -0.493332
vn -0.872890 0.000000 0.487917
vn -0.300716 0.000000 -0.953714
vn -0.540758 0.000000 -0.841178
vn -0.017358 0.000000 -0.999849
vn -0.736446 0.000000 -0.676496
vn -0.885661 0.000000 -0.464332
vn -0.976788 0.000000 -0.214208
vn 0.000000 0.000000 -1.000000
vn -1.000000 0.000000 0.000000
vn 0.000000 -1.000000 0.000000
vn 0.000000 -1.000000 0.000000
vn 0.674371 0.000000 -0.738393
vn 0.462567 0.000000 -0.886585
vn 0.000000 -1.000000 0.000000
vn 0.214204 0.000000 -0.976789
vn 0.017358 0.000000 -0.999849
vn 0.999088 0.000000 -0.042698
vn 0.000000 -1.000000 0.000000
vn 0.000000 -1.000000 0.000000
vn 0.999088 0.000000 -0.042698
vn 0.000000 -1.000000 0.000000
vn 0.953712 0.000000 -0.300721
vn 0.845078 0.000000 -0.534642
vn 0.017358 0.000000 0.999849
vn 0.300718 0.000000 0.953713
vn 0.536877 0.000000 0.843661
vn 0.738578 0.000000 0.674168
vn 0.000000 0.000000 1.000000
vn 0.737727 0.000000 -0.675100
vn 0.536631 0.000000 -0.843817
vn 0.300350 0.000000 -0.953829
vn 0.000000 0.000000 1.000000
vn 0.000000 -1.000000 0.000000
vn 0.000000 -1.000000 0.000000
vn 0.460721 0.000000 0.887545
vn 0.675101 0.000000 0.737726
vn 0.976364 0.000000 -0.216132
vn 0.887545 0.000000 -0.460721
vn 0.043983 0.000000 -0.999032
vn -0.215868 0.000000 -0.976423
vn 0.216132 0.000000 0.976364
vn 0.843816 0.000000 0.536633
vn 0.953829 0.000000 0.300351
vn 0.000000 -1.000000 0.000000
vn 0.737726 0.000000 -0.675101
vn 0.536633 0.000000 -0.843816
vn 0.300350 0.000000 -0.953829
vn 0.866395 0.000000 -0.499359
vn 0.873295 0.000000 0.487192
vn 0.873295 0.000000 -0.487191
vn 0.000000 0.000000 -1.000000
vn -0.460208 0.000000 -0.887811
vn -0.676349 0.000000 -0.736582
vn -0.843817 0.000000 -0.536632
vn -0.953830 0.000000 -0.300348
vn 0.000000 0.000000 1.000000
vn -0.976364 0.000000 0.216132
vn -0.887546 0.000000 0.460719
vn -0.738349 0.000000 0.674419
vn -0.537200 0.000000 0.843455
vn 0.000000 0.000000 -1.000000
vn -0.866265 -0.000209 -0.499585
vn 0.000000 0.000000 -1.000000
vn 0.000000 0.000000 -1.000000
vn 0.866057 0.000000 -0.499946
vn 0.000000 0.000000 1.000000
vn -0.260323 0.000000 -0.965522
vn 0.000000 -1.000000 0.000000
vn 0.499946 0.000000 0.866057
vn 0.000000 0.000000 1.000000
vn 0.000000 0.000000 1.000000
vn -0.499772 0.000000 -0.866157
vn 0.499946 0.000000 -0.866057
vn -0.499772 0.000000 0.866157
vn -1.000000 0.000000 0.000000
vn 0.000000 -1.000000 0.000000
vn 0.000000 -1.000000 0.000000
vn 0.000000 -1.000000 0.000000
vn -1.000000 0.000000 0.000000
vn 0.499468 0.000000 0.866333
vn 0.499809 -0.000125 -0.866135
vn 0.000000 -1.000000 0.000000
vn 0.000000 -1.000000 0.000000
vn 0.000000 -1.000000 0.000000
vn 0.499389 0.000101 0.866378
vn -0.976423 0.000000 0.215867
vn 0.000000 0.000000 1.000000
vn -0.954055 0.000000 -0.299631
vn -0.843455 0.000000 -0.537200
vn 0.674418 0.000000 0.738350
vn 0.843455 0.000000 0.537200
vn -0.537201 0.000000 0.843455
vn 0.000000 -1.000000 0.000000
vn -0.887812 0.000000 0.460207
vn -0.299631 0.000000 0.954055
vn 0.000000 -1.000000 0.000000
vn 0.000000 0.000000 1.000000
vn 0.460720 0.000000 0.887545
vn 0.954055 0.000000 0.299631
vn 0.999032 0.000000 0.043983
vn 0.976423 0.000000 -0.215867
vn 0.887812 0.000000 -0.460207
vn 0.736581 0.000000 -0.676350
vn 0.000000 0.000000 1.000000
vn 0.300350 0.000000 -0.953829
vn 0.043983 0.000000 -0.999032
vn -0.215867 0.000000 -0.976423
vn -0.460207 0.000000 -0.887811
vn -0.675668 0.000000 -0.737206
vn 0.000000 -1.000000 0.000000
vn 0.000000 -1.000000 0.000000
vn 0.000000 -1.000000 0.000000
vn -0.017358 0.000000 0.999849
vn 0.000000 0.000000 1.000000
vn 0.000000 -1.000000 0.000000
vn 0.000000 -1.000000 0.000000
vn 1.000000 0.000000 0.000000
vn 0.887428 0.000000 0.460946
vn 0.976787 0.000000 0.214212
vn 0.000000 -1.000000 0.000000
vn -1.000000 0.000000 0.000000
vn 0.000000 -1.000000 0.000000
vn -0.703343 0.000000 -0.710850
vn 0.000000 -1.000000 0.000000
vn -0.860852 0.000000 -0.508856
vn 0.000000 -1.000000 0.000000
vn 0.000000 0.000000 1.000000
vn -0.866057 0.000000 0.499946
vn 0.000000 -1.000000 0.000000
vn -0.866057 0.000000 0.499946
vn -0.999761 0.000000 0.021863
vn 0.000000 -1.000000 0.000000
vn -1.000000 0.000000 0.000000
vn 0.000000 -1.000000 0.000000
vn -0.866207 0.000081 -0.499686
vn 0.000000 0.000000 1.000000
vn 0.000000 -1.000000 0.000000
vn 0.934714 0.000000 -0.355401
vn 0.000000 -1.000000 0.000000
vn 0.814088 0.000000 -0.580741
vn 0.000000 -1.000000 0.000000
vn 0.000000 -1.000000 0.000000
vn 0.000000 -1.000000 0.000000
vn 0.000000 -1.000000 0.000000
vn -0.904843 0.000069 -0.425745
vn -0.995361 0.000000 0.096206
vn -0.866057 0.000000 -0.499946
vn -0.873295 0.000000 0.487191
vn 0.000000 -1.000000 0.000000
vn -0.999088 0.000000 0.042698
vn -0.976787 0.000000 -0.214211
vn 0.000000 -1.000000 0.000000
vn 0.839209 0.000000 0.543808
vn 0.000000 0.000000 -1.000000
vn 0.000000 -1.000000 0.000000
vn 0.000000 -1.000000 0.000000
vn 0.000000 0.000000 -1.000000
vn -0.017359 0.000000 -0.999849
vn -0.300723 0.000000 -0.953712
vn -0.540758 0.000000 -0.841178
vn 0.000000 -1.000000 0.000000
vn -0.885664 0.000000 -0.464328
vn 0.994281 0.000000 -0.106799
vn 0.989107 0.000000 0.147201
vn 0.919688 0.000000 0.392651
vn -0.536632 0.000000 0.843817
vn -0.300350 0.000000 0.953829
vn 0.000000 0.000000 1.000000
vn -0.043983 0.000000 0.999032
vn 0.000000 -1.000000 0.000000
vn 0.215867 0.000000 0.976423
vn 0.460208 0.000000 0.887811
vn 0.639149 0.000000 -0.769083
vn 0.000000 -1.000000 0.000000
vn 0.424530 0.000000 -0.905414
vn 0.000000 0.000000 1.000000
vn 0.181067 0.000000 -0.983471
vn 0.380376 0.000000 -0.924832
vn -0.074286 0.000000 -0.997237
vn 0.130938 0.000000 -0.991391
vn -0.323652 0.000000 -0.946176
vn -0.130939 0.000000 -0.991391
vn -0.552965 0.000000 -0.833204
vn -0.381692 0.000000 -0.924290
vn -0.746497 0.000000 -0.665389
vn -0.607726 0.000000 -0.794147
vn -0.890489 0.000000 -0.455005
vn -0.792763 0.000000 -0.609530
vn -0.976802 0.000000 -0.214145
vn -0.924833 0.000000 -0.380374
vn -0.999178 0.000000 0.040538
vn -0.991391 0.000000 -0.130939
vn -0.956619 0.000000 0.291341
vn -0.991391 0.000000 0.130939
vn -0.850729 0.000000 0.525605
vn -0.924290 0.000000 0.381690
vn -0.737725 0.000000 0.675101
vn 0.260323 0.000000 0.965522
vn 0.006010 0.000000 0.999982
vn -0.247833 0.000000 0.968803
vn -0.484110 0.000000 0.875007
vn -0.784121 0.000000 0.620608
vn -0.540759 0.000000 -0.841178
vn -0.736444 0.000000 -0.676499
vn 0.000000 0.000000 -1.000000
vn -0.017358 0.000000 -0.999849
vn -0.300716 0.000000 -0.953714
vn -0.885662 0.000000 -0.464331
vn -0.976789 0.000000 -0.214206
vn -0.999088 0.000000 0.042694
vn -0.997876 0.000000 0.065145
vn -0.873295 0.000000 0.487192
vn -0.923077 0.000000 0.384615
vn 0.000000 -1.000000 0.000000
vn 0.000000 -1.000000 0.000000
vn 0.000000 0.000000 1.000000
vn 0.000000 -1.000000 0.000000
vn -0.866291 -0.000046 -0.499540
vn 0.000000 0.000000 -1.000000
vn 0.000000 0.000000 -1.000000
vn 0.000000 0.000000 1.000000
vn -0.866057 0.000000 0.499946
vn 0.000000 0.000000 1.000000
vn 0.000000 -1.000000 0.000000
vn -0.976423 0.000000 0.215867
vn -0.887812 0.000000 0.460207
vn -0.737207 0.000000 0.675667
vn -0.043983 0.000000 0.999032
vn 0.000000 -1.000000 0.000000
vn -0.537200 0.000000 0.843455
vn 0.843455 0.000000 0.537200
vn 0.954055 0.000000 0.299631
vn 0.000000 0.000000 1.000000
vn 0.991390 0.000000 0.130939
vn 0.976423 0.000000 -0.215867
vn 0.887812 0.000000 -0.460207
vn 0.736581 0.000000 -0.676350
vn 0.536633 0.000000 -0.843816
vn 0.300349 0.000000 -0.953829
vn 0.000000 -1.000000 0.000000
vn -0.215865 0.000000 -0.976423
vn -0.460208 0.000000 -0.887811
vn -0.675668 0.000000 -0.737206
vn -0.843455 0.000000 -0.537201
vn 0.000000 -1.000000 0.000000
vn 0.216132 0.000000 0.976364
vn 0.460719 0.000000 0.887546
vn 0.674419 0.000000 0.738349
vn -0.999032 0.000000 -0.043983
vn -0.017358 0.000000 0.999849
vn 0.000000 0.000000 1.000000
vn 0.000000 -1.000000 0.000000
vn 0.000000 -1.000000 0.000000
vn -0.999088 0.000000 0.042698
vn 0.000000 -1.000000 0.000000
vn -0.953713 0.000000 0.300719
vn -0.841178 0.000000 0.540758
vn -0.676496 0.000000 0.736446
vn -0.464332 0.000000 0.885661
vn -0.214208 0.000000 0.976788
vn 0.000000 -1.000000 0.000000
vn 0.000000 -1.000000 0.000000
vn 0.000000 0.000000 1.000000
vn -0.866057 0.000000 0.499946
vn -0.866057 0.000000 0.499946
vn 0.000000 -1.000000 0.000000
vn -0.873295 0.000000 -0.487191
vn 0.017358 0.000000 0.999849
vn 0.300725 0.000000 0.953711
vn 0.536874 0.000000 0.843663
vn 0.738576 0.000000 0.674170
vn 0.887430 0.000000 0.460943
vn 0.976789 0.000000 0.214203
vn 0.000000 0.000000 1.000000
vn 0.000000 -1.000000 0.000000
vn 0.000000 -1.000000 0.000000
vn 0.865454 0.000000 0.500989
vn 0.995362 0.000000 -0.096206
vn 0.866056 0.000000 0.499946
vn 0.873295 0.000000 -0.487192
vn 0.953714 0.000000 -0.300716
vn 0.000000 0.000000 1.000000
vn 0.000000 -1.000000 0.000000
vn 0.866057 0.000000 0.499946
vn 0.866057 0.000000 0.499946
vn 0.000000 -1.000000 0.000000
vn 0.000000 0.000000 1.000000
vn 0.000000 -1.000000 0.000000
vn -0.976789 0.000000 -0.214205
vn 0.000000 0.000000 1.000000
vn -0.866056 0.000000 0.499946
vn -0.866056 0.000000 0.499946
vn -0.873294 0.000000 -0.487193
vn -0.676500 0.000000 0.736442
vn 0.000000 -1.000000 0.000000
vn -0.841182 0.000000 0.540752
vn -0.953711 0.000000 0.300726
vn -0.464329 0.000000 0.885663
vn -0.214207 0.000000 0.976788
vn -0.017358 0.000000 0.999849
vn 0.000000 0.000000 1.000000
vn 0.000000 -1.000000 0.000000
vn 0.000000 -1.000000 0.000000
vn 0.000000 -1.000000 0.000000
vn 0.000000 0.000000 1.000000
vn 0.017358 0.000000 0.999849
vn 0.300725 0.000000 0.953711
vn 0.536874 0.000000 0.843663
vn 0.738576 0.000000 0.674170
vn 0.887430 0.000000 0.460943
vn 0.976789 0.000000 0.214203
vn 0.995362 0.000000 -0.096206
vn 0.866056 0.000000 0.499946
vn 0.873295 0.000000 -0.487192
vn 0.000000 -1.000000 0.000000
vn 0.000000 -1.000000 0.000000
vn 0.999088 0.000000 -0.042695
vn 0.000000 -1.000000 0.000000
vn -0.299630 0.000000 0.954055
vn 0.000000 0.000000 1.000000
vn 0.000000 -1.000000 0.000000
vn -0.737207 0.000000 0.675667
vn 0.000000 -1.000000 0.000000
vn -0.866057 0.000000 0.499945
vn 0.000000 0.000000 1.000000
vn -0.043983 0.000000 0.999032
vn 0.216131 0.000000 0.976364
vn 0.460719 0.000000 0.887546
vn 0.536632 0.000000 -0.843817
vn 0.300349 0.000000 -0.953829
vn 0.000000 -1.000000 0.000000
vn 0.000000 -1.000000 0.000000
vn -0.215866 0.000000 -0.976423
vn -0.460208 0.000000 -0.887811
vn -0.675667 0.000000 -0.737207
vn -0.843454 0.000000 -0.537201
vn -0.999032 0.000000 -0.043981
vn 0.000000 0.000000 1.000000
vn -0.887811 0.000000 0.460208
vn 0.866136 -0.000055 -0.499809
vn 0.866057 0.000000 0.499945
vn 0.000000 -1.000000 0.000000
vn 0.000000 0.000000 1.000000
vn 0.887811 0.000000 -0.460208
vn 0.736580 0.000000 -0.676350
vn 0.000000 0.000000 1.000000
vn 0.866056 0.000000 0.499946
vn 0.866056 0.000000 0.499946
vn 0.000000 -1.000000 0.000000
vn 0.674417 0.000000 0.738350
vn 0.000000 -1.000000 0.000000
vn 0.000000 0.000000 1.000000
vn 0.999032 0.000000 0.043981
vn 0.000000 -1.000000 0.000000
vn 0.866291 -0.000527 -0.499539
vn -1.000000 0.000000 0.000000
vn 0.000000 0.000000 -1.000000
vn 0.000000 0.000000 -1.000000
vn 0.000000 0.000000 -1.000000
vn 0.000000 -1.000000 0.000000
vn 0.000000 -1.000000 0.000000
vn 0.000000 -1.000000 0.000000
vn 0.462563 0.000000 -0.886586
vn 0.214203 0.000000 -0.976789
vn 0.000000 -1.000000 0.000000
vn 0.017358 0.000000 -0.999849
vn 0.999088 0.000000 -0.042690
vn 0.953714 0.000000 -0.300714
vn 0.000000 -1.000000 0.000000
vn 0.000000 0.000000 1.000000
vn 0.976791 0.000000 0.214195
vn 0.845078 0.000000 -0.534642
vn 0.674371 0.000000 -0.738393
vn 0.000000 -1.000000 0.000000
vn 0.000000 0.000000 1.000000
vn 0.000000 -1.000000 0.000000
vn 0.865932 0.000000 -0.500162
vn 0.865932 0.000000 -0.500162
vn 0.892769 0.000000 0.450515
vn 0.750058 0.000000 0.661372
vn 0.557819 0.000000 0.829963
vn 0.329045 0.000000 0.944314
vn 0.080372 0.000000 0.996765
vn -0.176441 0.000000 0.984311
vn 0.977835 0.000000 0.209377
vn 0.000000 -1.000000 0.000000
vn 0.998915 0.000000 -0.046567
vn 0.954947 0.000000 -0.296777
vn 0.479379 0.000000 -0.877608
vn 0.686535 0.000000 -0.727096
vn 0.848758 0.000000 -0.528782
vn 0.000000 0.000000 1.000000
vn 0.381689 0.000000 -0.924291
vn 0.241652 0.000000 -0.970363
vn -0.011261 0.000000 -0.999937
vn 0.130939 0.000000 -0.991390
vn -0.265279 0.000000 -0.964172
vn -0.130454 0.000000 -0.991454
vn -0.499615 0.000000 -0.866248
vn 0.000000 0.000000 1.000000
vn -0.882560 0.000000 0.470199
vn -0.972734 0.000000 0.231925
vn 0.000000 0.000000 1.000000
vn -0.999778 0.000000 -0.021049
vn -0.961410 0.000000 -0.275119
vn 0.462568 0.000000 -0.886584
vn 0.214210 0.000000 -0.976788
vn 0.000000 -1.000000 0.000000
vn 0.017359 0.000000 -0.999849
vn 0.000000 -1.000000 0.000000
vn 0.000000 -1.000000 0.000000
vn 0.000000 0.000000 -1.000000
vn 0.000000 0.000000 -1.000000
vn 0.999088 0.000000 -0.042694
vn 0.953714 0.000000 -0.300716
vn 0.000000 -1.000000 0.000000
vn 0.000000 -1.000000 0.000000
vn 0.674369 0.000000 -0.738395
vn 0.866056 0.000000 -0.499946
vn 0.873295 0.000000 0.487192
vn 0.976789 0.000000 0.214204
vn 0.866056 0.000000 -0.499946
vn 0.000000 -1.000000 0.000000
vn 0.000000 -1.000000 0.000000
vn 0.000000 -1.000000 0.000000
vn 0.866099 0.000133 -0.499872
vn 0.896637 0.000000 -0.442767
vn 0.000000 -1.000000 0.000000
vn 0.000000 -1.000000 0.000000
vn 0.674371 0.000000 -0.738393
vn 0.462567 0.000000 -0.886585
vn 0.000000 -1.000000 0.000000
vn 0.214204 0.000000 -0.976789
vn 0.017358 0.000000 -0.999849
vn 0.999088 0.000000 -0.042698
vn 0.000000 -1.000000 0.000000
vn 0.000000 -1.000000 0.000000
vn 0.999088 0.000000 -0.042698
vn 0.000000 -1.000000 0.000000
vn 0.953712 0.000000 -0.300721
vn 0.845078 0.000000 -0.534642
vn 0.300718 0.000000 0.953713
vn 0.536877 0.000000 0.843661
vn 0.738578 0.000000 0.674168
vn 0.017358 0.000000 0.999849
vn 0.000000 0.000000 1.000000
vn 0.000000 -1.000000 0.000000
vn 0.000000 0.000000 1.000000
vn -0.841179 0.000000 0.540757
vn -0.676503 0.000000 0.736440
vn -0.464326 0.000000 0.885664
vn -0.214205 0.000000 0.976789
vn 0.000000 0.000000 1.000000
vn -0.999032 0.000000 -0.043983
vn -0.976364 0.000000 0.216131
vn 0.000000 -1.000000 0.000000
vn 0.000000 0.000000 1.000000
vn -0.738349 0.000000 0.674419
vn -0.537200 0.000000 0.843455
vn -0.299632 0.000000 0.954055
vn -0.043983 0.000000 0.999032
vn 0.216132 0.000000 0.976364
vn 0.460721 0.000000 0.887545
vn 0.675101 0.000000 0.737726
vn 0.843816 0.000000 0.536633
vn 0.043983 0.000000 -0.999032
vn -0.215868 0.000000 -0.976423
vn 0.887545 0.000000 -0.460721
vn 0.737726 0.000000 -0.675101
vn 0.536633 0.000000 -0.843816
vn 0.300350 0.000000 -0.953829
vn 0.953829 0.000000 0.300349
vn 0.000000 0.000000 1.000000
vn 0.976364 0.000000 -0.216131
vn 0.000000 0.000000 -1.000000
vn -0.460208 0.000000 -0.887811
vn -0.676349 0.000000 -0.736582
vn 0.000000 0.000000 1.000000
vn 0.000000 0.000000 1.000000
vn -0.999088 0.000000 0.042694
vn 0.000000 -1.000000 0.000000
vn -0.999088 0.000000 0.042694
vn 0.000000 -1.000000 0.000000
vn 0.000000 -1.000000 0.000000
vn -0.976788 0.000000 -0.214208
vn -0.866395 0.000000 0.499359
vn -0.869841 0.000000 -0.493332
vn -0.872891 0.000000 0.487916
vn -0.300716 0.000000 -0.953714
vn -0.540758 0.000000 -0.841178
vn -0.017358 0.000000 -0.999849
vn 0.000000 0.000000 -1.000000
vn -0.736446 0.000000 -0.676496
vn -0.885661 0.000000 -0.464332
vn -0.976788 0.000000 -0.214208
vn -0.843816 0.000000 -0.536632
vn -0.676350 0.000000 -0.736581
vn -0.460207 0.000000 -0.887812
vn -0.953829 0.000000 -0.300350
vn -0.999032 0.000000 -0.043983
vn 0.000000 -1.000000 0.000000
vn -0.976364 0.000000 0.216133
vn -0.887545 0.000000 0.460721
vn -0.738350 0.000000 0.674418
vn 0.000000 0.000000 1.000000
vn -0.299632 0.000000 0.954055
vn 0.460720 0.000000 0.887546
vn 0.675101 0.000000 0.737726
vn 0.843817 0.000000 0.536631
vn 0.976364 0.000000 -0.216133
vn 0.999032 0.000000 0.043983
vn 0.953829 0.000000 0.300350
vn 0.887546 0.000000 -0.460720
vn 0.737727 0.000000 -0.675099
vn 0.536632 0.000000 -0.843817
vn 0.300349 0.000000 -0.953829
vn 0.043983 0.000000 -0.999032
vn -0.215867 0.000000 -0.976423
vn 0.000000 0.000000 1.000000
vn 0.676349 0.000000 0.736581
vn 0.843816 0.000000 0.536632
vn 0.953829 0.000000 0.300349
vn 0.976423 0.000000 -0.215867
vn 0.887812 0.000000 -0.460207
vn 0.737206 0.000000 -0.675668
vn -0.954055 0.000000 -0.299631
vn 0.000000 0.000000 1.000000
vn -0.843455 0.000000 -0.537200
vn -0.675667 0.000000 -0.737207
vn 0.887299 0.000000 -0.461196
vn 0.976158 0.000000 -0.217062
vn 0.999032 0.000000 0.043981
vn 0.737833 0.000000 -0.674983
vn -0.976365 0.000000 0.216130
vn 0.953107 0.000000 0.302634
vn -0.887545 0.000000 0.460721
vn -0.738349 0.000000 0.674419
vn -0.537768 0.000000 0.843093
vn 0.460719 0.000000 0.887546
vn 0.675725 0.000000 0.737153
vn 0.844384 0.000000 0.535739
vn -0.299990 0.000000 0.953942
vn -0.043872 0.000000 0.999037
vn 0.216133 0.000000 0.976364
vn 0.460721 0.000000 0.887545
vn 0.675101 0.000000 0.737726
vn 0.976364 0.000000 -0.216133
vn 0.887545 0.000000 -0.460721
vn 0.000000 0.000000 1.000000
vn -0.976364 0.000000 0.216131
vn 0.000000 -1.000000 0.000000
vn -0.537200 0.000000 0.843455
vn -0.299632 0.000000 0.954055
vn -0.043983 0.000000 0.999032
vn 0.216132 0.000000 0.976364
vn 0.843816 0.000000 0.536633
vn 0.953829 0.000000 0.300350
vn 0.000000 -1.000000 0.000000
vn -0.887546 0.000000 0.460719
vn -0.738349 0.000000 0.674419
vn 0.866395 0.000000 -0.499359
vn 0.873295 0.000000 0.487191
vn 0.873295 0.000000 -0.487192
vn 0.737726 0.000000 -0.675101
vn 0.536633 0.000000 -0.843816
vn 0.300350 0.000000 -0.953829
vn 0.043983 0.000000 -0.999032
vn -0.215868 0.000000 -0.976423
vn -0.460208 0.000000 -0.887811
vn -0.953830 0.000000 -0.300348
vn 0.000000 0.000000 -1.000000
vn -0.676349 0.000000 -0.736582
vn -0.843817 0.000000 -0.536632
vn 0.000000 0.000000 -1.000000
vn -0.865835 -0.000079 -0.500330
vn 0.216132 0.000000 0.976364
vn 0.460718 0.000000 0.887546
vn 0.999032 0.000000 0.043983
vn 0.976423 0.000000 -0.215867
vn 0.674419 0.000000 0.738349
vn 0.843456 0.000000 0.537198
vn 0.954055 0.000000 0.299632
vn 0.000000 -1.000000 0.000000
vn -0.043983 0.000000 0.999032
vn 0.887812 0.000000 -0.460207
vn 0.736582 0.000000 -0.676349
vn 0.536632 0.000000 -0.843816
vn -0.215865 0.000000 -0.976423
vn 0.000000 0.000000 1.000000
vn 0.300349 0.000000 -0.953829
vn -0.460208 0.000000 -0.887811
vn -0.675668 0.000000 -0.737206
vn -0.843454 0.000000 -0.537201
vn -0.954055 0.000000 -0.299632
vn -0.999032 0.000000 -0.043983
vn -0.976423 0.000000 0.215868
vn -0.887811 0.000000 0.460208
vn -0.737207 0.000000 0.675667
vn -0.537200 0.000000 0.843455
vn 0.000000 0.000000 -1.000000
vn 0.000000 -1.000000 0.000000
vn -0.499468 0.000000 -0.866332
vn 0.499772 0.000000 -0.866157
vn 0.499772 0.000000 0.866157
vn -0.499468 0.000000 0.866332
vn 0.000000 -1.000000 0.000000
vn -0.887811 0.000000 0.460208
vn -0.737206 0.000000 0.675668
vn 0.499772 0.000000 -0.866157
vn 0.000000 0.000000 1.000000
vn 0.000000 -1.000000 0.000000
vn 0.000000 -1.000000 0.000000
vn 0.000000 0.000000 1.000000
vn 0.000000 -1.000000 0.000000
vn 0.000000 -1.000000 0.000000
vn -0.500252 -0.000191 0.865880
vn 0.000000 -1.000000 0.000000
vn 0.843454 0.000000 0.537201
vn 0.000000 -1.000000 0.000000
vn 0.216132 0.000000 0.976364
vn 0.460720 0.000000 0.887546
vn -0.500331 -0.000232 0.865834
vn -0.537200 0.000000 0.843455
vn 0.000000 -1.000000 0.000000
vn -0.043983 0.000000 0.999032
vn 1.000000 0.000000 0.000000
vn 0.499772 0.000000 0.866157
vn -0.976423 0.000000 0.215865
vn -0.999032 0.000000 -0.043981
vn -0.954055 0.000000 -0.299631
vn 0.954055 0.000000 0.299631
vn 0.000000 0.000000 1.000000
vn 0.976423 0.000000 -0.215865
vn 0.887811 0.000000 -0.460208
vn -0.460207 0.000000 -0.887812
vn -0.675667 0.000000 -0.737207
vn -0.843454 0.000000 -0.537201
vn 0.000000 0.000000 1.000000
vn 0.043983 0.000000 -0.999032
vn 0.736580 0.000000 -0.676350
vn 0.536631 0.000000 -0.843817
vn 0.300349 0.000000 -0.953829
vn 0.000000 -0.057050 0.998371
vn 0.000000 -0.072536 0.997366
vn -0.864233 -0.072576 -0.497830
vn -0.865105 -0.057082 -0.498332
vn 0.864233 -0.072576 -0.497830
vn 0.865105 -0.057081 -0.498332
vn 0.000000 -0.072536 -0.997366
vn 0.000000 -0.057050 -0.998371
vn -0.864232 -0.072576 -0.497831
vn -0.865105 -0.057081 -0.498333
vn 0.864233 -0.072576 -0.497829
vn 0.865105 -0.057081 -0.498332
vn 0.000000 -0.072536 -0.997366
vn 0.000000 -0.057050 -0.998371
vn -0.864233 -0.072576 -0.497829
vn -0.865106 -0.057081 -0.498330
vn 0.864232 -0.072576 -0.497831
vn 0.865105 -0.057082 -0.498333
vn 0.000000 -0.072536 0.997366
vn 0.000000 -0.057050 0.998371
vn 0.000000 -0.072536 0.997366
vn 0.000000 -0.057050 0.998371
vn 0.000000 0.000000 1.000000
vn 0.000000 0.000000 1.000000
vn 0.867253 0.000000 0.497868
vn 0.866132 0.000081 0.499815
vn 0.000000 0.000000 1.000000
vn 0.864140 -0.001572 0.503249
vn 0.864233 -0.072576 0.497829
vn 0.865105 -0.057081 0.498332
vn 1.000000 0.000000 0.000000
vn 1.000000 0.000000 0.000000
vn 0.314606 -0.605827 -0.730751
vn 0.366937 -0.363517 -0.856278
vn 0.366937 -0.363517 -0.856278
vn 0.367150 -0.380617 -0.848723
vn 0.000000 0.000000 1.000000
vn 0.393201 -0.118013 0.911848
vn 0.000000 0.000000 1.000000
vn 0.363090 -0.380427 0.850553
vn 0.000000 0.000000 1.000000
vn 0.311681 -0.605637 0.732160
vn 0.000000 0.000000 1.000000
vn 0.000000 0.000000 1.000000
vn 0.866246 0.000206 -0.499617
vn 0.867638 0.001719 -0.497193
vn 0.867848 0.001772 -0.496827
vn 0.867900 0.001817 -0.496736
vn 0.864224 -0.001029 -0.503105
vn 0.864139 -0.001390 -0.503251
vn 0.864233 -0.072576 -0.497829
vn 0.865105 -0.057081 -0.498332
vn 0.380478 -0.256842 0.888408
vn 0.339808 -0.499230 0.797057
vn 0.275449 -0.707947 0.650337
vn 0.204534 -0.850404 0.484747
vn 0.099195 -0.965190 0.242008
vn -0.866021 0.000000 0.500008
vn 0.000000 0.000000 1.000000
vn 0.453616 0.000000 0.891197
vn 0.000000 0.000000 1.000000
vn 0.000000 0.000000 1.000000
vn 0.924464 0.000000 0.381270
vn 0.462926 -0.864855 0.194228
vn 0.241051 -0.965265 0.100788
vn 0.887135 -0.257048 0.383298
vn 0.816769 -0.457745 0.351222
vn 0.649494 -0.708248 0.276662
vn 0.856279 -0.363514 0.366938
vn 0.730748 -0.605831 0.314604
vn 0.000000 0.000000 1.000000
vn -0.504872 0.000000 0.863194
vn -0.500252 -0.000191 0.865880
vn 0.000000 0.000000 1.000000
vn 0.000000 0.000000 1.000000
vn 0.850249 -0.377944 0.366383
vn 0.856279 -0.363514 0.366938
vn 0.000000 0.000000 1.000000
vn -0.503256 -0.001576 0.864136
vn 0.000000 0.000000 1.000000
vn 0.000000 0.000000 1.000000
vn -0.499617 0.000206 -0.866247
vn -0.497191 0.001720 -0.867639
vn -0.496831 0.001770 -0.867846
vn -0.496735 0.001817 -0.867900
vn -0.503101 -0.001027 -0.864227
vn -0.503250 -0.001389 -0.864139
vn 0.911750 -0.119618 -0.392943
vn 0.000000 0.000000 1.000000
vn 0.851650 -0.377818 -0.363245
vn 0.000000 0.000000 1.000000
vn 0.732158 -0.605641 -0.311680
vn 0.000000 0.000000 1.000000
vn 0.000000 0.000000 1.000000
vn 0.888543 -0.256820 -0.380176
vn 0.797734 -0.498057 -0.339941
vn 0.650336 -0.707949 -0.275448
vn 0.484746 -0.850405 -0.204533
vn 0.242008 -0.965190 -0.099195
vn 0.500008 0.000000 0.866021
vn 0.000000 0.000000 1.000000
vn 0.891197 0.000000 -0.453616
vn 0.000000 0.000000 1.000000
vn 0.000000 0.000000 1.000000
vn 0.381270 0.000000 -0.924464
vn 0.100788 -0.965265 -0.241051
vn 0.383904 -0.257052 -0.886872
vn 0.351460 -0.458606 -0.816184
vn 0.276911 -0.708288 -0.649345
vn 0.194487 -0.864856 -0.462817
vn -0.381270 0.000000 0.924464
vn -0.500008 0.000000 -0.866021
vn 0.000000 0.000000 1.000000
vn 0.000000 0.000000 1.000000
vn 0.000000 0.000000 1.000000
vn -0.587679 0.000000 0.809094
vn -0.924464 0.000000 -0.381270
vn 0.866021 0.000000 -0.500008
vn 0.000000 0.000000 1.000000
vn 0.000000 0.000000 1.000000
vn 0.000000 0.000000 1.000000
vn -0.809094 0.000000 -0.587679
vn 0.000000 0.000000 1.000000
vn -1.000000 0.000000 0.000000
vn -1.000000 0.000000 0.000000
vn 0.865960 0.000000 -0.500113
vn 0.377371 0.000000 0.926062
vn 0.865960 0.000000 -0.500113
vn 0.955599 0.000000 -0.294669
vn 0.000000 0.000000 1.000000
vn 0.000000 0.000000 1.000000
vn 0.000000 0.000000 1.000000
vn 0.000000 0.000000 1.000000
vn 0.499977 0.000000 0.866039
vn 0.349677 0.000000 -0.936871
vn 0.995688 0.000000 0.092766
vn 0.000000 -1.000000 0.000000
vn -1.000000 0.000000 0.000000
vn 0.000000 0.000000 1.000000
vn -0.866066 0.000000 0.499929
vn -0.865960 0.000000 -0.500113
vn 1.000000 0.000000 0.000000
vn -0.300909 0.000000 0.953653
vn 1.000000 0.000000 0.000000
vn -0.499977 0.000000 0.866039
vn 0.000000 0.000000 1.000000
vn 0.000000 0.000000 1.000000
vn 0.000000 0.000000 1.000000
vn 0.000000 0.000000 1.000000
vn 0.000000 -1.000000 0.000000
vn 1.000000 0.000000 0.000000
vn -0.999895 0.000000 0.014523
vn -0.410678 0.000000 -0.911780
vn 0.000000 0.000000 1.000000
vn 0.000000 0.000000 1.000000
vn 0.866067 0.000000 -0.499929
vn 0.865960 0.000000 0.500113
vn -1.000000 0.000000 0.000000
vn 0.300909 0.000000 -0.953653
vn -1.000000 0.000000 0.000000
vn 0.499977 0.000000 -0.866039
vn 0.000000 0.000000 1.000000
vn 0.000000 0.000000 1.000000
vn 0.000000 0.000000 1.000000
vn 0.000000 0.000000 1.000000
vn 0.000000 -1.000000 0.000000
vn -1.000000 0.000000 0.000000
vn 0.999895 0.000000 -0.014521
vn 0.410678 0.000000 0.911780
vn 0.000000 0.000000 1.000000
vn 0.000000 0.000000 1.000000
vn 1.000000 0.000000 0.000000
vn 1.000000 0.000000 0.000000
vn -0.865960 0.000000 0.500113
vn -0.377371 0.000000 -0.926062
vn -0.865960 0.000000 0.500113
vn -0.955599 0.000000 0.294670
vn 0.000000 0.000000 1.000000
vn 0.000000 0.000000 1.000000
vn 0.000000 0.000000 1.000000
vn 0.000000 0.000000 1.000000
vn -0.499977 0.000000 -0.866039
vn -0.349676 0.000000 0.936871
vn -0.995688 0.000000 -0.092768
vn 0.000000 -1.000000 0.000000
vn 1.000000 0.000000 0.000000
vn -0.241948 -0.965201 0.099236
vn -0.484747 -0.850404 0.204534
vn -0.650337 -0.707948 0.275449
vn -0.797734 -0.498057 0.339941
vn -0.888543 -0.256820 0.380177
vn -0.911750 -0.119611 0.392943
vn 0.000000 0.000000 1.000000
vn -0.851647 -0.377824 0.363244
vn 0.000000 0.000000 1.000000
vn -0.732161 -0.605637 0.311681
vn 0.000000 0.000000 1.000000
vn 0.496745 0.001530 0.867895
vn 0.497065 0.001501 0.867712
vn 0.499181 0.000179 0.866498
vn 0.000000 0.000000 1.000000
vn 0.496658 0.001573 0.867945
vn 0.499766 0.000186 0.866161
vn 0.503250 -0.001390 0.864139
vn 0.498692 -0.072576 0.863735
vn 0.499195 -0.057081 0.864607
vn -0.997518 -0.070413 0.000000
vn -0.998012 -0.063032 0.000000
vn 0.000000 0.000000 1.000000
vn 0.000000 0.000000 1.000000
vn 0.497868 0.000000 -0.867253
vn 0.499367 0.000063 -0.866390
vn 0.000000 0.000000 1.000000
vn 0.503158 -0.001813 -0.864193
vn 0.498692 -0.072576 -0.863735
vn 0.499195 -0.057081 -0.864607
vn 0.000000 0.000000 -1.000000
vn 0.000000 0.000000 -1.000000
vn -0.730751 -0.605827 -0.314606
vn -0.856279 -0.363514 -0.366938
vn -0.856279 -0.363514 -0.366938
vn -0.849872 -0.377982 -0.367216
vn 0.000000 0.000000 1.000000
vn -0.816646 -0.457744 -0.351511
vn -0.649345 -0.708288 -0.276910
vn -0.462817 -0.864856 -0.194487
vn -0.886942 -0.257093 -0.383716
vn -0.241051 -0.965265 -0.100788
vn -0.379979 -0.258255 -0.888212
vn -0.099195 -0.965190 -0.242008
vn -0.204534 -0.850404 -0.484747
vn -0.275631 -0.707164 -0.651112
vn -0.339768 -0.498048 -0.797813
vn -0.392944 -0.119610 -0.911750
vn 0.000000 0.000000 1.000000
vn -0.362736 -0.380408 -0.850713
vn 0.000000 0.000000 1.000000
vn -0.311998 -0.603721 -0.733607
vn 0.000000 0.000000 1.000000
vn -0.867841 0.001765 0.496839
vn -0.867635 0.001715 0.497199
vn -0.866246 0.000205 0.499618
vn 0.000000 0.000000 1.000000
vn -0.867897 0.001814 0.496741
vn -0.864224 -0.001030 0.503105
vn -0.864142 -0.001388 0.503246
vn -0.864232 -0.072576 0.497831
vn -0.865104 -0.057081 0.498333
vn -0.498692 -0.072576 -0.863736
vn -0.499196 -0.057081 -0.864607
vn 0.997518 -0.070412 0.000000
vn 0.998012 -0.063032 0.000000
vn -0.498692 -0.072576 0.863736
vn -0.499196 -0.057082 0.864607
vn 0.000000 -0.072536 0.997366
vn 0.000000 -0.057050 0.998371
vn 0.000000 -0.072536 0.997366
vn 0.000000 -0.057050 0.998371
vn 0.000000 -0.072536 -0.997366
vn 0.000000 -0.057050 -0.998371
vn -0.877773 0.479077 0.000000
vn 0.000000 0.000000 -1.000000
vn 0.000000 0.000000 1.000000
vn 0.000000 0.000000 -1.000000
vn 0.000000 0.000000 -1.000000
vn 0.000000 0.000000 -1.000000
vn 0.000000 0.000000 -1.000000
vn 0.000000 0.000000 -1.000000
vn 0.000000 0.000000 -1.000000
vn 0.000000 0.000000 -1.000000
vn 0.000000 0.000000 1.000000
vn 0.000000 0.000000 1.000000
vn 0.000000 0.000000 -1.000000
vn 0.000000 0.000000 -1.000000
vn 0.000000 0.000000 -1.000000
vn -0.980996 -0.194027 0.000000
vn -0.903958 -0.427621 0.000000
vn -0.768555 -0.639784 0.000000
vn -0.998526 0.054268 0.000000
vn -0.954985 0.296654 0.000000
vn 0.979416 0.201852 0.000000
vn 0.999415 -0.034214 0.000000
vn 0.000000 0.000000 1.000000
vn 0.964269 -0.264925 0.000000
vn 0.737096 -0.675788 0.000000
vn 0.874558 -0.484920 0.000000
vn 0.000000 0.000000 1.000000
vn 0.770613 0.637304 0.000000
vn 0.905271 0.424834 0.000000
vn 0.479078 -0.877772 0.000000
vn 0.374666 -0.927160 0.000000
vn -0.571184 -0.820822 0.000000
vn 0.135719 -0.990747 0.000000
vn -0.352609 -0.935771 0.000000
vn -0.113699 -0.993515 0.000000
vn 0.000000 0.000000 -1.000000
vn 0.000000 0.000000 -1.000000
vn 0.000000 0.000000 -1.000000
vn 0.000000 0.000000 -1.000000
vn 0.000000 0.000000 -1.000000
vn 0.000000 0.000000 -1.000000
vn 0.000000 0.000000 -1.000000
vn 0.000000 0.000000 -1.000000
vn 0.000000 0.000000 1.000000
vn -0.479078 -0.877773 0.000000
vn -0.652127 0.758110 0.000000
vn 0.000000 0.000000 1.000000
vn 0.000000 0.000000 -1.000000
vn 0.000000 0.000000 -1.000000
vn 0.000000 0.000000 1.000000
vn 0.877773 0.479077 0.000000
vn 0.927350 0.374195 0.000000
vn 0.990589 0.136867 0.000000
vn 0.993784 -0.111326 0.000000
vn 0.935491 -0.353349 0.000000
vn 0.819994 -0.572372 0.000000
vn -0.681760 -0.731576 0.000000
vn -0.935744 0.352681 0.000000
vn -0.421487 -0.906835 0.000000
vn 0.000000 0.000000 1.000000
vn 0.000000 0.000000 1.000000
vn -0.297424 -0.954745 0.000000
vn 0.637511 -0.770441 0.000000
vn -0.051492 -0.998673 0.000000
vn 0.428670 -0.903461 0.000000
vn 0.195074 -0.980788 0.000000
vn -0.834675 -0.550742 0.000000
vn -0.939503 -0.342542 0.000000
vn -0.993638 -0.112621 0.000000
vn -0.992124 0.125261 0.000000
vn -0.041235 0.999150 0.000000
vn 0.000000 0.000000 -1.000000
vn -0.982742 0.184981 0.000000
vn 0.000000 0.000000 -1.000000
vn 0.000000 0.000000 -1.000000
vn 0.000000 0.000000 -1.000000
vn 0.000000 0.000000 -1.000000
vn 0.000000 0.000000 1.000000
vn 0.884835 -0.465904 0.000000
vn 0.000000 0.000000 -1.000000
vn 0.000000 0.000000 -1.000000
vn -0.667434 0.744669 0.000000
vn -0.820460 0.571704 0.000000
vn -0.930168 0.367134 0.000000
vn 0.111026 0.993818 0.000000
vn 0.352610 0.935771 0.000000
vn 0.571183 0.820823 0.000000
vn 0.980996 0.194029 0.000000
vn 0.902409 0.430881 0.000000
vn 0.769774 0.638316 0.000000
vn 0.998526 -0.054268 0.000000
vn 0.954985 -0.296656 0.000000
vn -0.481193 0.876615 0.000000
vn -0.267419 0.963580 0.000000
vn -0.465381 0.885111 0.000000
vn -0.375831 0.926688 0.000000
vn -0.134386 0.990929 0.000000
vn 0.000000 0.000000 1.000000
vn 0.000000 0.000000 -1.000000
vn 0.000000 0.000000 -1.000000
vn 0.000000 0.000000 -1.000000
vn 0.000000 0.000000 -1.000000
vn 0.000000 0.000000 -1.000000
vn 0.000000 0.000000 -1.000000
vn 0.014183 0.999899 0.000000
vn 0.000000 0.000000 -1.000000
vn 0.000000 0.000000 1.000000
vn 0.465380 0.885111 0.000000
vn 0.296186 0.955130 0.000000
vn 0.000000 0.000000 -1.000000
vn -0.935771 0.352608 0.000000
vn -0.927351 -0.374193 0.000000
vn -0.993784 0.111324 0.000000
vn -0.990589 -0.136867 0.000000
vn -0.885359 -0.464908 0.000000
vn -0.820186 0.572097 0.000000
vn 0.413146 0.910665 0.000000
vn 0.607180 0.794564 0.000000
vn 0.190792 0.981631 0.000000
vn 0.773566 0.633715 0.000000
vn 0.898741 0.438481 0.000000
vn -0.637512 0.770440 0.000000
vn -0.428669 0.903462 0.000000
vn 0.052843 0.998603 0.000000
vn -0.193770 0.981047 0.000000
vn 0.000000 0.000000 1.000000
vn 0.000000 0.000000 1.000000
vn 0.000000 0.000000 1.000000
vn 0.000000 0.000000 1.000000
vn 0.000000 0.000000 1.000000
vn 0.000000 0.000000 1.000000
vn -0.954985 -0.296654 0.000000
vn -0.885359 -0.464908 0.000000
vn 0.000000 0.000000 1.000000
vn 0.000000 0.000000 1.000000
vn 0.982742 0.184981 0.000000
vn 0.041235 0.999150 0.000000
vn 0.930169 0.367133 0.000000
vn 0.820459 0.571705 0.000000
vn 0.666708 0.745319 0.000000
vn 0.480581 0.876951 0.000000
vn 0.268171 0.963372 0.000000
vn -0.111026 0.993818 0.000000
vn -0.352609 0.935771 0.000000
vn -0.571184 0.820822 0.000000
vn -0.769108 0.639118 0.000000
vn -0.903462 0.428669 0.000000
vn -0.998526 -0.054268 0.000000
vn -0.980996 0.194027 0.000000
vn 0.465380 0.885111 0.000000
vn 0.375832 0.926688 0.000000
vn 0.134386 0.990929 0.000000
vn 0.000000 0.000000 1.000000
vn 0.935744 0.352679 0.000000
vn 0.992474 0.122458 0.000000
vn 0.993797 -0.111212 0.000000
vn 0.939959 -0.341289 0.000000
vn 0.833363 -0.552726 0.000000
vn 0.682471 -0.730912 0.000000
vn 0.492291 -0.870431 0.000000
vn 0.000000 0.000000 1.000000
vn 0.000000 0.000000 1.000000
vn 0.652127 0.758110 0.000000
vn 0.000000 0.000000 1.000000
vn 0.000000 0.000000 1.000000
vn 0.000000 0.000000 1.000000
vn 0.000000 0.000000 1.000000
vn 0.000000 0.000000 1.000000
vn 0.000000 0.000000 1.000000
vn 0.000000 0.000000 1.000000
vn 0.000000 0.000000 1.000000
vn 0.000000 0.000000 1.000000
vn -0.877773 0.479077 0.000000
vn 0.877773 0.479077 0.000000
vn 0.000000 0.000000 1.000000
vn 0.000000 0.000000 1.000000
vn -0.927351 0.374193 0.000000
vn -0.990589 0.136867 0.000000
vn -0.993784 -0.111325 0.000000
vn -0.935939 -0.352161 0.000000
vn -0.820629 -0.571461 0.000000
vn 0.000000 0.000000 1.000000
vn 0.000000 0.000000 1.000000
vn 0.000000 0.000000 1.000000
vn 0.000000 0.000000 1.000000
vn 0.479078 -0.877772 0.000000
vn 0.297424 -0.954745 0.000000
vn 0.051492 -0.998673 0.000000
vn -0.195074 -0.980789 0.000000
vn -0.428669 -0.903462 0.000000
vn -0.637512 -0.770440 0.000000
vn 0.000000 0.000000 1.000000
vn 0.000000 0.000000 1.000000
vn 0.000000 0.000000 1.000000
vn 0.000000 0.000000 1.000000
vn 0.000000 0.000000 1.000000
vn 0.000000 0.000000 1.000000
vn 0.884835 -0.465904 0.000000
vn 0.927350 -0.374196 0.000000
vn 0.990589 -0.136867 0.000000
vn 0.993784 0.111326 0.000000
vn 0.935322 0.353797 0.000000
vn 0.819550 0.573008 0.000000
vn 0.000000 0.000000 1.000000
vn 0.954985 0.296655 0.000000
vn 0.998526 0.054268 0.000000
vn 0.980996 -0.194029 0.000000
vn 0.902910 -0.429830 0.000000
vn 0.769221 -0.638982 0.000000
vn 0.000000 0.000000 1.000000
vn -0.898740 0.438481 0.000000
vn -0.773568 0.633714 0.000000
vn -0.608585 0.793489 0.000000
vn -0.412599 0.910913 0.000000
vn -0.190519 0.981683 0.000000
vn -0.014183 0.999899 0.000000
vn 0.000000 0.000000 1.000000
vn 0.000000 0.000000 1.000000
vn 0.000000 0.000000 1.000000
vn 0.000000 0.000000 1.000000
vn 0.000000 0.000000 1.000000
vn 0.000000 0.000000 1.000000
vn 0.000000 0.000000 1.000000
vn 0.000000 0.000000 1.000000
vn 0.000000 0.000000 1.000000
vn 0.000000 0.000000 1.000000
vn -0.770613 0.637304 0.000000
vn 0.000000 0.000000 1.000000
vn -0.558959 -0.829195 0.000000
vn -0.737806 -0.675013 0.000000
vn -0.875162 -0.483830 0.000000
vn -0.963539 -0.267570 0.000000
vn -0.999462 -0.032793 0.000000
vn -0.979134 0.203216 0.000000
vn -0.905271 0.424835 0.000000
vn -0.479078 -0.877773 0.000000
vn -0.374665 -0.927160 0.000000
vn -0.135719 -0.990747 0.000000
vn 0.113700 -0.993515 0.000000
vn 0.352610 -0.935771 0.000000
vn 0.571183 -0.820823 0.000000
vn -0.465381 0.885111 0.000000
vn 0.000000 0.000000 1.000000
vn 0.000000 0.000000 1.000000
vn 0.000000 0.000000 1.000000
vn -0.296185 0.955130 0.000000
vn -0.052843 0.998603 0.000000
vn 0.193771 0.981047 0.000000
vn 0.428669 0.903462 0.000000
vn 0.637511 0.770441 0.000000
vn -0.867253 0.000000 -0.497868
vn -1.000000 0.000000 0.000000
vn -1.000000 0.000000 0.000000
vn -0.314885 -0.603891 0.732232
vn -0.366576 -0.363573 0.856409
vn -0.366576 -0.363573 0.856409
vn -0.366791 -0.380599 0.848887
vn 0.000000 0.000000 1.000000
vn -0.865105 -0.057081 -0.498333
vn -0.864232 -0.072576 -0.497831
vn 0.000000 -0.057050 -0.998371
vn 0.000000 -0.072536 -0.997366
vn 0.000000 -0.057050 -0.998371
vn 0.000000 -0.072536 -0.997366
vn 0.000000 -0.057050 0.998371
vn 0.000000 -0.072536 0.997366
vn 0.000000 -0.072536 -0.997366
vn 0.000000 -0.057050 -0.998371
vn 0.000000 -0.057050 -0.998371
vn 0.000000 -0.072536 -0.997366
vn 0.000000 -0.057050 -0.998371
vn 0.000000 -0.072536 -0.997366
vn -0.865105 -0.057082 0.498332
vn -0.864233 -0.072576 0.497830
vn 0.865105 -0.057082 0.498332
vn 0.864233 -0.072576 0.497830
vn 0.000000 -0.057050 0.998371
vn 0.000000 -0.072536 0.997366
vn -0.865105 -0.057081 0.498333
vn -0.864232 -0.072576 0.497831
vn 0.865105 -0.057081 0.498332
vn 0.864233 -0.072576 0.497829
vn 0.000000 -0.057050 0.998371
vn 0.000000 -0.072536 0.997366
vn -0.865106 -0.057082 0.498330
vn -0.864233 -0.072576 0.497829
vn 0.865104 -0.057082 0.498333
vn 0.864232 -0.072576 0.497831
vn 0.000000 0.000000 1.000000
vn 0.000000 0.000000 1.000000
vn -0.866132 0.000081 -0.499815
vn 0.000000 0.000000 1.000000
vn -0.864140 -0.001573 -0.503249
vn -0.351291 -0.457758 0.816733
vn -0.277075 -0.707492 0.650142
vn -0.194487 -0.864855 0.462818
vn -0.383564 -0.258531 0.886589
vn -0.100788 -0.965265 0.241051
f 1//1 2//2 3//3
f 4//4 5//5 6//6
f 7//7 8//8 9//9
f 10//10 11//11 12//12
f 13//13 14//14 15//15
f 16//16 17//17 18//18
f 19//19 20//20 21//21
f 22//22 23//23 24//24
f 23//23 25//25 24//24
f 24//24 25//25 26//26
f 27//27 28//28 25//25
f 28//28 29//29 25//25
f 25//25 29//29 26//26
f 24//24 28//28 22//22
f 28//28 27//27 22//22
f 22//22 27//27 30//30
f 27//27 31//31 30//30
f 30//30 31//31 32//32
f 31//31 33//33 32//32
f 32//32 33//33 34//34
f 33//33 35//35 34//34
f 33//33 36//36 35//35
f 36//36 37//37 35//35
f 35//35 37//37 38//38
f 37//37 39//39 38//38
f 38//38 39//39 40//40
f 41//41 42//42 43//43
f 44//44 45//45 46//46
f 45//45 40//40 46//46
f 46//46 40//40 47//47
f 40//40 39//39 47//47
f 43//43 42//42 48//48
f 42//42 49//49 48//48
f 48//48 49//49 50//50
f 49//49 51//51 50//50
f 50//50 51//51 52//52
f 53//53 54//54 55//55
f 54//54 52//52 55//55
f 55//55 52//52 56//56
f 52//52 51//51 56//56
f 57//57 58//58 59//59
f 58//58 60//60 59//59
f 59//59 60//60 61//61
f 60//60 62//62 61//61
f 61//61 62//62 63//63
f 62//62 64//64 63//63
f 64//64 65//65 63//63
f 63//63 65//65 66//66
f 65//65 67//67 66//66
f 68//68 69//69 70//70
f 71//71 70//70 72//72
f 70//70 73//73 72//72
f 72//72 73//73 74//74
f 73//73 75//75 74//74
f 75//75 76//76 74//74
f 74//74 76//76 77//77
f 78//78 76//76 67//67
f 76//76 79//79 67//67
f 67//67 79//79 66//66
f 71//71 77//77 70//70
f 77//77 76//76 70//70
f 70//70 76//76 68//68
f 76//76 78//78 68//68
f 80//80 81//81 82//82
f 83//83 84//84 85//85
f 84//84 86//86 85//85
f 85//85 86//86 87//87
f 82//82 84//84 80//80
f 84//84 83//83 80//80
f 80//80 83//83 88//88
f 83//83 89//89 88//88
f 88//88 89//89 90//90
f 89//89 91//91 90//90
f 90//90 91//91 92//92
f 91//91 93//93 92//92
f 93//93 94//94 92//92
f 92//92 94//94 95//95
f 94//94 96//96 95//95
f 95//95 96//96 97//97
f 98//98 99//99 100//100
f 99//99 101//101 100//100
f 100//100 101//101 102//102
f 98//98 103//103 104//104
f 103//103 105//105 104//104
f 98//98 100//100 103//103
f 100//100 106//106 103//103
f 103//103 106//106 107//107
f 96//96 108//108 97//97
f 108//108 109//109 97//97
f 97//97 109//109 103//103
f 109//109 110//110 103//103
f 103//103 110//110 105//105
f 111//111 112//112 113//113
f 105//105 114//114 104//104
f 114//114 115//115 104//104
f 104//104 115//115 116//116
f 115//115 117//117 116//116
f 102//102 101//101 118//118
f 101//101 119//119 118//118
f 118//118 119//119 120//120
f 111//111 113//113 115//115
f 113//113 121//121 115//115
f 115//115 121//121 117//117
f 120//120 122//122 118//118
f 122//122 123//123 118//118
f 118//118 123//123 124//124
f 123//123 125//125 124//124
f 126//126 127//127 128//128
f 127//127 129//129 128//128
f 126//126 130//130 131//131
f 130//130 132//132 131//131
f 133//133 134//134 129//129
f 134//134 135//135 129//129
f 129//129 135//135 128//128
f 126//126 128//128 130//130
f 128//128 136//136 130//130
f 130//130 136//136 137//137
f 106//106 138//138 107//107
f 138//138 139//139 107//107
f 107//107 139//139 140//140
f 139//139 141//141 140//140
f 140//140 141//141 142//142
f 141//141 143//143 142//142
f 142//142 143//143 144//144
f 143//143 145//145 144//144
f 144//144 145//145 130//130
f 145//145 146//146 130//130
f 130//130 146//146 132//132
f 147//147 148//148 149//149
f 150//150 151//151 152//152
f 132//132 153//153 131//131
f 153//153 154//154 131//131
f 131//131 154//154 155//155
f 154//154 156//156 155//155
f 147//147 149//149 157//157
f 150//150 152//152 154//154
f 152//152 158//158 154//154
f 154//154 158//158 156//156
f 157//157 149//149 129//129
f 149//149 159//159 129//129
f 129//129 159//159 133//133
f 160//160 15//15 161//161
f 15//15 162//162 161//161
f 161//161 162//162 163//163
f 162//162 164//164 163//163
f 164//164 165//165 163//163
f 163//163 165//165 166//166
f 136//136 167//167 137//137
f 167//167 168//168 137//137
f 137//137 168//168 169//169
f 168//168 170//170 169//169
f 169//169 170//170 171//171
f 160//160 166//166 15//15
f 166//166 165//165 15//15
f 15//15 165//165 172//172
f 170//170 173//173 171//171
f 173//173 174//174 171//171
f 171//171 174//174 175//175
f 174//174 176//176 175//175
f 175//175 176//176 165//165
f 176//176 177//177 165//165
f 165//165 177//177 172//172
f 178//178 179//179 180//180
f 179//179 181//181 180//180
f 180//180 181//181 182//182
f 21//21 20//20 181//181
f 20//20 183//183 181//181
f 181//181 183//183 182//182
f 183//183 184//184 182//182
f 182//182 184//184 185//185
f 186//186 187//187 188//188
f 187//187 189//189 188//188
f 188//188 189//189 190//190
f 189//189 191//191 190//190
f 190//190 191//191 192//192
f 191//191 193//193 192//192
f 192//192 193//193 194//194
f 193//193 195//195 194//194
f 194//194 195//195 178//178
f 195//195 196//196 178//178
f 178//178 196//196 179//179
f 197//197 198//198 199//199
f 200//200 21//21 186//186
f 21//21 201//201 186//186
f 186//186 201//201 187//187
f 197//197 199//199 202//202
f 203//203 204//204 205//205
f 206//206 207//207 208//208
f 207//207 209//209 208//208
f 208//208 209//209 210//210
f 209//209 211//211 210//210
f 203//203 205//205 212//212
f 198//198 211//211 199//199
f 211//211 209//209 199//199
f 199//199 209//209 213//213
f 209//209 214//214 213//213
f 200//200 215//215 21//21
f 215//215 212//212 21//21
f 21//21 212//212 19//19
f 212//212 205//205 19//19
f 215//215 216//216 212//212
f 216//216 217//217 212//212
f 212//212 217//217 218//218
f 217//217 219//219 218//218
f 218//218 219//219 220//220
f 219//219 221//221 220//220
f 220//220 221//221 222//222
f 221//221 223//223 222//222
f 222//222 223//223 224//224
f 223//223 225//225 224//224
f 224//224 225//225 209//209
f 225//225 226//226 209//209
f 209//209 226//226 214//214
f 227//227 228//228 229//229
f 230//230 231//231 232//232
f 231//231 229//229 232//232
f 232//232 229//229 233//233
f 229//229 228//228 233//233
f 233//233 228//228 234//234
f 235//235 236//236 237//237
f 236//236 238//238 237//237
f 239//239 240//240 241//241
f 240//240 242//242 241//241
f 241//241 242//242 243//243
f 242//242 244//244 243//243
f 243//243 244//244 245//245
f 244//244 246//246 245//245
f 245//245 246//246 235//235
f 246//246 247//247 235//235
f 235//235 247//247 236//236
f 248//248 249//249 250//250
f 248//248 250//250 251//251
f 250//250 252//252 251//251
f 251//251 252//252 230//230
f 253//253 254//254 255//255
f 254//254 9//9 255//255
f 255//255 9//9 256//256
f 254//254 257//257 9//9
f 257//257 258//258 9//9
f 9//9 258//258 259//259
f 230//230 252//252 231//231
f 252//252 260//260 231//231
f 231//231 260//260 261//261
f 239//239 262//262 240//240
f 262//262 231//231 240//240
f 240//240 231//231 263//263
f 231//231 261//261 263//263
f 253//253 255//255 264//264
f 255//255 265//265 264//264
f 264//264 265//265 266//266
f 256//256 267//267 255//255
f 267//267 268//268 255//255
f 255//255 268//268 269//269
f 268//268 270//270 269//269
f 269//269 270//270 271//271
f 270//270 272//272 271//271
f 271//271 272//272 273//273
f 272//272 274//274 273//273
f 273//273 274//274 275//275
f 274//274 276//276 275//275
f 275//275 276//276 252//252
f 276//276 277//277 252//252
f 252//252 277//277 260//260
f 278//278 279//279 280//280
f 279//279 281//281 280//280
f 280//280 281//281 282//282
f 185//185 282//282 182//182
f 282//282 281//281 182//182
f 182//182 281//281 283//283
f 281//281 284//284 283//283
f 283//283 284//284 285//285
f 284//284 286//286 285//285
f 285//285 286//286 287//287
f 288//288 289//289 290//290
f 289//289 291//291 290//290
f 290//290 291//291 292//292
f 291//291 293//293 292//292
f 292//292 293//293 294//294
f 293//293 295//295 294//294
f 294//294 295//295 287//287
f 295//295 296//296 287//287
f 287//287 296//296 285//285
f 297//297 298//298 299//299
f 297//297 299//299 300//300
f 299//299 301//301 300//300
f 300//300 301//301 278//278
f 302//302 303//303 304//304
f 303//303 3//3 304//304
f 304//304 3//3 305//305
f 278//278 301//301 279//279
f 301//301 306//306 279//279
f 279//279 306//306 307//307
f 288//288 308//308 289//289
f 308//308 279//279 289//289
f 289//289 279//279 309//309
f 279//279 307//307 309//309
f 302//302 304//304 310//310
f 304//304 311//311 310//310
f 310//310 311//311 312//312
f 303//303 313//313 3//3
f 313//313 314//314 3//3
f 3//3 314//314 315//315
f 305//305 316//316 304//304
f 316//316 317//317 304//304
f 304//304 317//317 318//318
f 317//317 319//319 318//318
f 318//318 319//319 320//320
f 319//319 321//321 320//320
f 320//320 321//321 322//322
f 321//321 323//323 322//322
f 322//322 323//323 324//324
f 323//323 325//325 324//324
f 324//324 325//325 301//301
f 325//325 326//326 301//301
f 301//301 326//326 306//306
f 327//327 328//328 329//329
f 328//328 330//330 329//329
f 329//329 330//330 228//228
f 18//18 17//17 330//330
f 17//17 331//331 330//330
f 330//330 331//331 228//228
f 331//331 332//332 228//228
f 228//228 332//332 234//234
f 333//333 334//334 335//335
f 334//334 336//336 335//335
f 335//335 336//336 337//337
f 336//336 338//338 337//337
f 337//337 338//338 339//339
f 338//338 340//340 339//339
f 339//339 340//340 341//341
f 340//340 342//342 341//341
f 341//341 342//342 327//327
f 342//342 343//343 327//327
f 327//327 343//343 328//328
f 344//344 345//345 346//346
f 344//344 346//346 347//347
f 348//348 18//18 333//333
f 18//18 349//349 333//333
f 333//333 349//349 334//334
f 350//350 351//351 352//352
f 353//353 354//354 355//355
f 354//354 356//356 355//355
f 355//355 356//356 357//357
f 356//356 358//358 357//357
f 350//350 352//352 359//359
f 345//345 358//358 346//346
f 358//358 356//356 346//346
f 346//346 356//356 360//360
f 356//356 361//361 360//360
f 348//348 362//362 18//18
f 362//362 359//359 18//18
f 18//18 359//359 16//16
f 359//359 352//352 16//16
f 362//362 363//363 359//359
f 363//363 364//364 359//359
f 359//359 364//364 365//365
f 364//364 366//366 365//365
f 365//365 366//366 367//367
f 366//366 368//368 367//367
f 367//367 368//368 369//369
f 368//368 370//370 369//369
f 369//369 370//370 371//371
f 370//370 372//372 371//371
f 371//371 372//372 356//356
f 372//372 373//373 356//356
f 356//356 373//373 361//361
f 199//199 374//374 375//375
f 375//375 376//376 199//199
f 376//376 377//377 199//199
f 199//199 377//377 202//202
f 378//378 379//379 380//380
f 375//375 381//381 376//376
f 381//381 378//378 376//376
f 376//376 378//378 382//382
f 378//378 380//380 382//382
f 383//383 384//384 15//15
f 384//384 385//385 15//15
f 162//162 386//386 387//387
f 180//180 162//162 388//388
f 388//388 389//389 180//180
f 389//389 390//390 180//180
f 180//180 390//390 391//391
f 385//385 392//392 15//15
f 392//392 393//393 15//15
f 15//15 393//393 162//162
f 393//393 394//394 162//162
f 162//162 394//394 386//386
f 387//387 395//395 162//162
f 395//395 396//396 162//162
f 162//162 396//396 388//388
f 397//397 398//398 14//14
f 398//398 399//399 14//14
f 14//14 399//399 15//15
f 399//399 400//400 15//15
f 15//15 400//400 383//383
f 391//391 401//401 180//180
f 401//401 402//402 180//180
f 180//180 402//402 178//178
f 402//402 403//403 178//178
f 403//403 404//404 178//178
f 404//404 405//405 178//178
f 178//178 405//405 14//14
f 405//405 406//406 14//14
f 14//14 406//406 397//397
f 11//11 407//407 408//408
f 408//408 409//409 11//11
f 409//409 410//410 11//11
f 11//11 410//410 15//15
f 410//410 411//411 15//15
f 15//15 411//411 13//13
f 172//172 412//412 15//15
f 412//412 413//413 15//15
f 15//15 413//413 11//11
f 413//413 414//414 11//11
f 11//11 414//414 12//12
f 12//12 415//415 416//416
f 416//416 417//417 12//12
f 417//417 418//418 12//12
f 12//12 418//418 419//419
f 419//419 420//420 12//12
f 420//420 421//421 12//12
f 12//12 421//421 10//10
f 422//422 423//423 85//85
f 423//423 424//424 85//85
f 85//85 424//424 83//83
f 425//425 426//426 427//427
f 426//426 428//428 427//427
f 429//429 430//430 428//428
f 430//430 431//431 428//428
f 428//428 431//431 427//427
f 429//429 432//432 430//430
f 432//432 433//433 430//430
f 430//430 433//433 434//434
f 85//85 435//435 436//436
f 436//436 437//437 85//85
f 437//437 425//425 85//85
f 85//85 425//425 422//422
f 425//425 427//427 422//422
f 438//438 439//439 440//440
f 439//439 425//425 440//440
f 440//440 425//425 441//441
f 425//425 437//437 441//441
f 442//442 443//443 81//81
f 85//85 444//444 445//445
f 87//87 82//82 85//85
f 82//82 81//81 85//85
f 85//85 81//81 444//444
f 81//81 446//446 444//444
f 447//447 448//448 236//236
f 448//448 227//227 236//236
f 236//236 227//227 238//238
f 227//227 229//229 238//238
f 448//448 449//449 227//227
f 449//449 450//450 227//227
f 227//227 450//450 451//451
f 443//443 452//452 81//81
f 452//452 453//453 81//81
f 81//81 453//453 446//446
f 451//451 454//454 227//227
f 454//454 455//455 227//227
f 227//227 455//455 81//81
f 455//455 456//456 81//81
f 81//81 456//456 442//442
f 445//445 457//457 85//85
f 457//457 458//458 85//85
f 85//85 458//458 459//459
f 459//459 460//460 85//85
f 460//460 461//461 85//85
f 85//85 461//461 435//435
f 461//461 462//462 435//435
f 462//462 463//463 435//435
f 463//463 464//464 435//435
f 435//435 464//464 236//236
f 464//464 465//465 236//236
f 236//236 465//465 447//447
f 466//466 467//467 468//468
f 259//259 469//469 9//9
f 469//469 470//470 9//9
f 9//9 470//470 7//7
f 470//470 471//471 7//7
f 471//471 470//470 468//468
f 470//470 472//472 468//468
f 468//468 472//472 466//466
f 346//346 473//473 474//474
f 474//474 475//475 346//346
f 475//475 476//476 346//346
f 346//346 476//476 347//347
f 477//477 478//478 479//479
f 474//474 480//480 475//475
f 480//480 477//477 475//475
f 475//475 477//477 481//481
f 477//477 479//479 481//481
f 73//73 482//482 483//483
f 484//484 485//485 329//329
f 485//485 486//486 329//329
f 487//487 488//488 70//70
f 488//488 489//489 70//70
f 483//483 490//490 73//73
f 490//490 491//491 73//73
f 73//73 491//491 329//329
f 491//491 492//492 329//329
f 329//329 492//492 484//484
f 493//493 327//327 494//494
f 327//327 329//329 494//494
f 494//494 329//329 495//495
f 329//329 486//486 495//495
f 489//489 496//496 70//70
f 496//496 497//497 70//70
f 70//70 497//497 73//73
f 497//497 498//498 73//73
f 73//73 498//498 482//482
f 493//493 499//499 327//327
f 499//499 500//500 327//327
f 327//327 500//500 501//501
f 500//500 502//502 501//501
f 501//501 502//502 503//503
f 503//503 504//504 501//501
f 504//504 505//505 501//501
f 501//501 505//505 70//70
f 505//505 506//506 70//70
f 70//70 506//506 487//487
f 507//507 508//508 509//509
f 508//508 510//510 509//509
f 511//511 512//512 70//70
f 512//512 513//513 70//70
f 70//70 513//513 501//501
f 69//69 514//514 70//70
f 514//514 509//509 70//70
f 70//70 509//509 511//511
f 509//509 510//510 511//511
f 514//514 515//515 509//509
f 515//515 516//516 509//509
f 509//509 516//516 517//517
f 516//516 518//518 517//517
f 519//519 520//520 521//521
f 516//516 522//522 518//518
f 522//522 523//523 518//518
f 518//518 523//523 521//521
f 523//523 524//524 521//521
f 521//521 524//524 519//519
f 59//59 54//54 57//57
f 54//54 53//53 57//57
f 57//57 53//53 525//525
f 53//53 526//526 525//525
f 527//527 525//525 528//528
f 525//525 529//529 528//528
f 529//529 525//525 530//530
f 525//525 526//526 530//530
f 530//530 526//526 531//531
f 526//526 532//532 531//531
f 531//531 532//532 533//533
f 534//534 535//535 536//536
f 535//535 537//537 536//536
f 533//533 538//538 531//531
f 538//538 537//537 531//531
f 531//531 537//537 539//539
f 537//537 535//535 539//539
f 540//540 541//541 528//528
f 541//541 542//542 528//528
f 528//528 542//542 527//527
f 528//528 543//543 540//540
f 543//543 544//544 540//540
f 540//540 544//544 545//545
f 544//544 546//546 545//545
f 43//43 45//45 41//41
f 45//45 44//44 41//41
f 41//41 44//44 5//5
f 44//44 547//547 5//5
f 548//548 549//549 547//547
f 547//547 549//549 5//5
f 549//549 550//550 5//5
f 5//5 550//550 6//6
f 551//551 552//552 553//553
f 547//547 554//554 548//548
f 554//554 555//555 548//548
f 548//548 555//555 556//556
f 556//556 557//557 548//548
f 557//557 551//551 548//548
f 548//548 551//551 558//558
f 551//551 553//553 558//558
f 559//559 560//560 6//6
f 560//560 561//561 6//6
f 6//6 561//561 4//4
f 6//6 562//562 559//559
f 562//562 563//563 559//559
f 559//559 563//563 564//564
f 563//563 565//565 564//564
f 566//566 567//567 25//25
f 567//567 568//568 25//25
f 25//25 568//568 27//27
f 569//569 570//570 571//571
f 572//572 573//573 574//574
f 573//573 575//575 574//574
f 574//574 575//575 576//576
f 576//576 577//577 574//574
f 577//577 569//569 574//574
f 574//574 569//569 578//578
f 569//569 571//571 578//578
f 25//25 579//579 580//580
f 580//580 581//581 25//25
f 581//581 572//572 25//25
f 25//25 572//572 566//566
f 572//572 574//574 566//566
f 582//582 583//583 584//584
f 583//583 572//572 584//584
f 584//584 572//572 585//585
f 572//572 581//581 585//585
f 586//586 285//285 587//587
f 285//285 579//579 587//587
f 587//587 579//579 588//588
f 586//586 589//589 285//285
f 589//589 590//590 285//285
f 285//285 590//590 283//283
f 590//590 591//591 283//283
f 591//591 592//592 283//283
f 592//592 593//593 283//283
f 283//283 593//593 594//594
f 595//595 23//23 596//596
f 23//23 283//283 596//596
f 596//596 283//283 597//597
f 283//283 594//594 597//597
f 595//595 598//598 23//23
f 598//598 599//599 23//23
f 23//23 599//599 600//600
f 601//601 25//25 602//602
f 25//25 603//603 602//602
f 601//601 604//604 25//25
f 604//604 605//605 25//25
f 25//25 605//605 579//579
f 605//605 606//606 579//579
f 579//579 606//606 588//588
f 600//600 607//607 23//23
f 607//607 608//608 23//23
f 23//23 608//608 25//25
f 608//608 609//609 25//25
f 25//25 609//609 603//603
f 610//610 611//611 612//612
f 315//315 613//613 3//3
f 613//613 614//614 3//3
f 3//3 614//614 1//1
f 614//614 615//615 1//1
f 615//615 614//614 612//612
f 614//614 616//616 612//612
f 612//612 616//616 610//610
f 617//617 618//618 619//619
f 619//619 618//618 620//620
f 621//621 622//622 620//620
f 622//622 623//623 620//620
f 620//620 623//623 619//619
f 618//618 624//624 620//620
f 624//624 625//625 620//620
f 620//620 625//625 626//626
f 625//625 627//627 626//626
f 623//623 628//628 619//619
f 628//628 629//629 619//619
f 619//619 629//629 630//630
f 629//629 631//631 630//630
f 619//619 632//632 617//617
f 632//632 633//633 617//617
f 617//617 633//633 634//634
f 621//621 635//635 622//622
f 635//635 636//636 622//622
f 622//622 636//636 637//637
f 638//638 617//617 639//639
f 617//617 640//640 639//639
f 636//636 641//641 642//642
f 634//634 643//643 617//617
f 643//643 644//644 617//617
f 617//617 644//644 640//640
f 645//645 646//646 625//625
f 646//646 647//647 625//625
f 625//625 647//647 648//648
f 648//648 649//649 625//625
f 649//649 650//650 625//625
f 625//625 650//650 627//627
f 642//642 651//651 636//636
f 651//651 652//652 636//636
f 636//636 652//652 637//637
f 631//631 629//629 653//653
f 629//629 654//654 653//653
f 653//653 654//654 655//655
f 655//655 656//656 653//653
f 656//656 657//657 653//653
f 653//653 657//657 658//658
f 659//659 660//660 661//661
f 662//662 663//663 664//664
f 665//665 666//666 660//660
f 666//666 667//667 660//660
f 660//660 667//667 664//664
f 664//664 663//663 660//660
f 663//663 668//668 660//660
f 660//660 668//668 661//661
f 667//667 669//669 664//664
f 669//669 670//670 664//664
f 664//664 670//670 671//671
f 670//670 672//672 671//671
f 665//665 673//673 666//666
f 673//673 674//674 666//666
f 666//666 674//674 675//675
f 664//664 676//676 662//662
f 676//676 677//677 662//662
f 662//662 677//677 678//678
f 679//679 680//680 661//661
f 680//680 681//681 661//661
f 661//661 681//681 659//659
f 674//674 682//682 683//683
f 662//662 684//684 685//685
f 684//684 686//686 685//685
f 687//687 688//688 689//689
f 683//683 690//690 674//674
f 690//690 691//691 674//674
f 674//674 691//691 675//675
f 672//672 670//670 692//692
f 670//670 693//693 692//692
f 692//692 693//693 694//694
f 678//678 695//695 662//662
f 695//695 696//696 662//662
f 662//662 696//696 684//684
f 694//694 697//697 692//692
f 697//697 698//698 692//692
f 692//692 698//698 699//699
f 687//687 689//689 661//661
f 689//689 700//700 661//661
f 661//661 700//700 679//679
f 23//23 22//22 701//701
f 702//702 164//164 162//162
f 162//162 180//180 702//702
f 180//180 182//182 702//702
f 702//702 182//182 701//701
f 182//182 283//283 701//701
f 701//701 283//283 23//23
f 703//703 164//164 704//704
f 164//164 702//702 704//704
f 705//705 706//706 707//707
f 706//706 708//708 707//707
f 707//707 708//708 701//701
f 708//708 709//709 701//701
f 701//701 709//709 702//702
f 709//709 710//710 702//702
f 702//702 710//710 704//704
f 710//710 711//711 704//704
f 704//704 711//711 712//712
f 711//711 713//713 712//712
f 708//708 706//706 714//714
f 706//706 715//715 714//714
f 716//716 717//717 718//718
f 719//719 720//720 721//721
f 722//722 723//723 724//724
f 725//725 726//726 727//727
f 728//728 729//729 730//730
f 725//725 731//731 726//726
f 731//731 728//728 726//726
f 726//726 728//728 732//732
f 728//728 730//730 732//732
f 727//727 733//733 725//725
f 733//733 734//734 725//725
f 725//725 734//734 717//717
f 735//735 736//736 737//737
f 737//737 738//738 735//735
f 738//738 739//739 735//735
f 735//735 739//739 740//740
f 739//739 741//741 740//740
f 740//740 741//741 742//742
f 741//741 743//743 742//742
f 742//742 743//743 744//744
f 743//743 745//745 744//744
f 744//744 745//745 729//729
f 745//745 746//746 729//729
f 729//729 746//746 730//730
f 747//747 748//748 749//749
f 748//748 750//750 749//749
f 749//749 750//750 751//751
f 750//750 752//752 751//751
f 751//751 752//752 731//731
f 752//752 753//753 731//731
f 731//731 753//753 728//728
f 754//754 755//755 756//756
f 755//755 757//757 756//756
f 747//747 749//749 758//758
f 749//749 759//759 758//758
f 758//758 759//759 757//757
f 760//760 761//761 759//759
f 761//761 762//762 759//759
f 762//762 763//763 759//759
f 763//763 764//764 759//759
f 759//759 764//764 765//765
f 766//766 767//767 768//768
f 767//767 769//769 768//768
f 770//770 771//771 772//772
f 773//773 774//774 775//775
f 774//774 776//776 775//775
f 776//776 777//777 775//775
f 777//777 778//778 775//775
f 775//775 778//778 760//760
f 778//778 779//779 760//760
f 760//760 779//779 761//761
f 754//754 756//756 771//771
f 756//756 780//780 771//771
f 771//771 780//780 772//772
f 781//781 782//782 756//756
f 782//782 783//783 756//756
f 784//784 785//785 786//786
f 757//757 759//759 756//756
f 759//759 765//765 756//756
f 756//756 765//765 781//781
f 765//765 787//787 781//781
f 781//781 787//787 788//788
f 783//783 789//789 756//756
f 789//789 790//790 756//756
f 756//756 790//790 791//791
f 784//784 786//786 792//792
f 791//791 793//793 756//756
f 793//793 794//794 756//756
f 756//756 794//794 795//795
f 770//770 772//772 786//786
f 772//772 796//796 786//786
f 786//786 796//796 792//792
f 797//797 798//798 799//799
f 800//800 801//801 802//802
f 802//802 803//803 800//800
f 803//803 804//804 800//800
f 800//800 804//804 805//805
f 804//804 806//806 805//805
f 805//805 806//806 807//807
f 806//806 808//808 807//807
f 799//799 798//798 806//806
f 798//798 809//809 806//806
f 806//806 809//809 808//808
f 794//794 810//810 795//795
f 810//810 811//811 795//795
f 795//795 811//811 801//801
f 811//811 812//812 801//801
f 801//801 812//812 802//802
f 813//813 814//814 815//815
f 814//814 816//816 815//815
f 815//815 816//816 817//817
f 816//816 818//818 817//817
f 817//817 818//818 799//799
f 818//818 819//819 799//799
f 799//799 819//819 797//797
f 768//768 820//820 821//821
f 813//813 766//766 814//814
f 766//766 768//768 814//814
f 814//814 768//768 822//822
f 768//768 821//821 822//822
f 769//769 773//773 768//768
f 773//773 775//775 768//768
f 768//768 775//775 820//820
f 775//775 823//823 820//820
f 722//722 824//824 825//825
f 824//824 826//826 825//825
f 825//825 826//826 823//823
f 826//826 827//827 823//823
f 823//823 827//827 820//820
f 724//724 828//828 829//829
f 829//829 830//830 724//724
f 830//830 831//831 724//724
f 724//724 831//831 722//722
f 831//831 832//832 722//722
f 722//722 832//832 824//824
f 833//833 834//834 835//835
f 835//835 834//834 836//836
f 837//837 838//838 839//839
f 838//838 840//840 839//839
f 839//839 840//840 841//841
f 840//840 842//842 841//841
f 834//834 843//843 836//836
f 843//843 844//844 836//836
f 836//836 844//844 845//845
f 837//837 846//846 838//838
f 846//846 847//847 838//838
f 838//838 847//847 848//848
f 847//847 849//849 848//848
f 848//848 849//849 850//850
f 849//849 851//851 850//850
f 850//850 851//851 852//852
f 851//851 828//828 852//852
f 852//852 828//828 853//853
f 833//833 835//835 840//840
f 835//835 854//854 840//840
f 840//840 854//854 842//842
f 853//853 828//828 855//855
f 828//828 724//724 855//855
f 855//855 724//724 856//856
f 857//857 858//858 859//859
f 860//860 861//861 857//857
f 859//859 858//858 862//862
f 857//857 859//859 860//860
f 859//859 863//863 860//860
f 860//860 863//863 864//864
f 864//864 865//865 860//860
f 865//865 866//866 860//860
f 860//860 866//866 867//867
f 866//866 868//868 867//867
f 867//867 868//868 723//723
f 868//868 869//869 723//723
f 723//723 869//869 870//870
f 870//870 871//871 723//723
f 871//871 872//872 723//723
f 723//723 872//872 724//724
f 872//872 873//873 724//724
f 724//724 873//873 856//856
f 874//874 875//875 876//876
f 877//877 878//878 879//879
f 878//878 880//880 879//879
f 879//879 880//880 881//881
f 882//882 883//883 877//877
f 883//883 884//884 877//877
f 877//877 884//884 878//878
f 844//844 885//885 845//845
f 885//885 886//886 845//845
f 845//845 886//886 880//880
f 886//886 887//887 880//880
f 880//880 887//887 881//881
f 876//876 875//875 877//877
f 875//875 888//888 877//877
f 877//877 888//888 882//882
f 862//862 858//858 889//889
f 858//858 890//890 889//889
f 889//889 890//890 891//891
f 890//890 892//892 891//891
f 891//891 892//892 893//893
f 892//892 894//894 893//893
f 893//893 894//894 895//895
f 894//894 896//896 895//895
f 895//895 896//896 876//876
f 896//896 897//897 876//876
f 876//876 897//897 874//874
f 898//898 899//899 900//900
f 899//899 901//901 900//900
f 900//900 901//901 902//902
f 901//901 903//903 902//902
f 902//902 903//903 861//861
f 903//903 904//904 861//861
f 861//861 904//904 857//857
f 900//900 905//905 906//906
f 900//900 906//906 898//898
f 906//906 907//907 898//898
f 898//898 907//907 908//908
f 909//909 910//910 905//905
f 910//910 911//911 905//905
f 905//905 911//911 906//906
f 909//909 905//905 912//912
f 905//905 913//913 912//912
f 912//912 913//913 914//914
f 907//907 915//915 908//908
f 915//915 916//916 908//908
f 908//908 916//916 917//917
f 916//916 918//918 917//917
f 917//917 918//918 919//919
f 918//918 920//920 919//919
f 919//919 920//920 921//921
f 920//920 922//922 921//921
f 921//921 922//922 923//923
f 922//922 924//924 923//923
f 923//923 924//924 925//925
f 926//926 927//927 928//928
f 925//925 929//929 923//923
f 929//929 930//930 923//923
f 923//923 930//930 931//931
f 930//930 928//928 931//931
f 931//931 928//928 932//932
f 928//928 927//927 932//932
f 933//933 934//934 928//928
f 934//934 935//935 928//928
f 928//928 935//935 926//926
f 928//928 936//936 933//933
f 936//936 937//937 933//933
f 933//933 937//937 938//938
f 937//937 939//939 938//938
f 938//938 939//939 715//715
f 720//720 940//940 721//721
f 940//940 941//941 721//721
f 721//721 941//941 942//942
f 943//943 944//944 941//941
f 736//736 735//735 941//941
f 735//735 945//945 941//941
f 941//941 945//945 943//943
f 944//944 946//946 941//941
f 946//946 947//947 941//941
f 941//941 947//947 942//942
f 948//948 949//949 718//718
f 734//734 950//950 717//717
f 950//950 951//951 717//717
f 717//717 951//951 718//718
f 951//951 952//952 718//718
f 718//718 952//952 948//948
f 949//949 953//953 954//954
f 953//953 955//955 954//954
f 956//956 957//957 958//958
f 721//721 959//959 719//719
f 959//959 960//960 719//719
f 719//719 960//960 961//961
f 960//960 962//962 961//961
f 961//961 962//962 963//963
f 962//962 964//964 963//963
f 963//963 964//964 965//965
f 964//964 954//954 965//965
f 965//965 954//954 958//958
f 954//954 955//955 958//958
f 958//958 955//955 956//956
f 966//966 967//967 913//913
f 967//967 968//968 913//913
f 913//913 968//968 914//914
f 966//966 969//969 967//967
f 969//969 970//970 967//967
f 967//967 970//970 718//718
f 970//970 971//971 718//718
f 718//718 971//971 716//716
f 972//972 973//973 967//967
f 973//973 974//974 967//967
f 967//967 974//974 968//968
f 715//715 939//939 714//714
f 939//939 975//975 714//714
f 714//714 975//975 976//976
f 975//975 977//977 976//976
f 976//976 977//977 972//972
f 977//977 978//978 972//972
f 972//972 978//978 979//979
f 980//980 981//981 979//979
f 981//981 982//982 979//979
f 979//979 982//982 972//972
f 982//982 983//983 972//972
f 972//972 983//983 973//973
f 949//949 954//954 718//718
f 954//954 984//984 718//718
f 718//718 984//984 985//985
f 986//986 987//987 967//967
f 987//987 988//988 967//967
f 988//988 989//989 967//967
f 989//989 990//990 967//967
f 967//967 990//990 972//972
f 990//990 991//991 972//972
f 972//972 991//991 954//954
f 991//991 992//992 954//954
f 954//954 992//992 984//984
f 985//985 993//993 718//718
f 993//993 994//994 718//718
f 718//718 994//994 995//995
f 995//995 996//996 718//718
f 996//996 997//997 718//718
f 718//718 997//997 967//967
f 997//997 998//998 967//967
f 967//967 998//998 986//986
f 999//999 979//979 1000//1000
f 979//979 978//978 1000//1000
f 992//992 991//991 1001//1001
f 991//991 1002//1002 1001//1001
f 965//965 1003//1003 963//963
f 1003//1003 1004//1004 963//963
f 963//963 1004//1004 961//961
f 1000//1000 978//978 1005//1005
f 978//978 977//977 1005//1005
f 1005//1005 977//977 975//975
f 1006//1006 1007//1007 1008//1008
f 1009//1009 1010//1010 1011//1011
f 1012//1012 1013//1013 1014//1014
f 1006//1006 1008//1008 1015//1015
f 1007//1007 1013//1013 1008//1008
f 1013//1013 1012//1012 1008//1008
f 1008//1008 1012//1012 1016//1016
f 1012//1012 1017//1017 1016//1016
f 1018//1018 1019//1019 1012//1012
f 1020//1020 1021//1021 1022//1022
f 1022//1022 1018//1018 1020//1020
f 1018//1018 1012//1012 1020//1020
f 1020//1020 1012//1012 1023//1023
f 1012//1012 1014//1014 1023//1023
f 1019//1019 1024//1024 1012//1012
f 1024//1024 1025//1025 1012//1012
f 1012//1012 1025//1025 1026//1026
f 1011//1011 1010//1010 1027//1027
f 1010//1010 1028//1028 1027//1027
f 1027//1027 1028//1028 1029//1029
f 1028//1028 1030//1030 1029//1029
f 1029//1029 1030//1030 1031//1031
f 1030//1030 1032//1032 1031//1031
f 1031//1031 1032//1032 1033//1033
f 1032//1032 1034//1034 1033//1033
f 1033//1033 1034//1034 1035//1035
f 1011//1011 1036//1036 1009//1009
f 1036//1036 1037//1037 1009//1009
f 1009//1009 1037//1037 1038//1038
f 1037//1037 1039//1039 1038//1038
f 1038//1038 1039//1039 1040//1040
f 1039//1039 1041//1041 1040//1040
f 1040//1040 1041//1041 1042//1042
f 1041//1041 1043//1043 1042//1042
f 1042//1042 1043//1043 1044//1044
f 1043//1043 1045//1045 1044//1044
f 1044//1044 1045//1045 1046//1046
f 1045//1045 1047//1047 1046//1046
f 1046//1046 1047//1047 1048//1048
f 1047//1047 1049//1049 1048//1048
f 1048//1048 1049//1049 1050//1050
f 1049//1049 1051//1051 1050//1050
f 1050//1050 1051//1051 1020//1020
f 1051//1051 1052//1052 1020//1020
f 1020//1020 1052//1052 1021//1021
f 1008//1008 1053//1053 1015//1015
f 1053//1053 1054//1054 1015//1015
f 1015//1015 1054//1054 1055//1055
f 1054//1054 1056//1056 1055//1055
f 1055//1055 1056//1056 1057//1057
f 1056//1056 1058//1058 1057//1057
f 1057//1057 1058//1058 1059//1059
f 1058//1058 1035//1035 1059//1059
f 1059//1059 1035//1035 1060//1060
f 1035//1035 1034//1034 1060//1060
f 1061//1061 1062//1062 1063//1063
f 1064//1064 1065//1065 1066//1066
f 1061//1061 1063//1063 1066//1066
f 1066//1066 1065//1065 1067//1067
f 1068//1068 1069//1069 1070//1070
f 1064//1064 1066//1066 1071//1071
f 1066//1066 1063//1063 1071//1071
f 1071//1071 1063//1063 1072//1072
f 1063//1063 1073//1073 1074//1074
f 1075//1075 1076//1076 1063//1063
f 1076//1076 1077//1077 1063//1063
f 1063//1063 1077//1077 1073//1073
f 1078//1078 1079//1079 1074//1074
f 1079//1079 1080//1080 1074//1074
f 1074//1074 1080//1080 1063//1063
f 1080//1080 1081//1081 1063//1063
f 1063//1063 1081//1081 1072//1072
f 1070//1070 1069//1069 1082//1082
f 1069//1069 1083//1083 1082//1082
f 1082//1082 1083//1083 1065//1065
f 1083//1083 1084//1084 1065//1065
f 1065//1065 1084//1084 1067//1067
f 1078//1078 1085//1085 1079//1079
f 1085//1085 1086//1086 1079//1079
f 1079//1079 1086//1086 1087//1087
f 1086//1086 1088//1088 1087//1087
f 1087//1087 1088//1088 1089//1089
f 1088//1088 1090//1090 1089//1089
f 1089//1089 1090//1090 1091//1091
f 1090//1090 1092//1092 1091//1091
f 1091//1091 1092//1092 1093//1093
f 1092//1092 1094//1094 1093//1093
f 1093//1093 1094//1094 1095//1095
f 1094//1094 1096//1096 1095//1095
f 1095//1095 1096//1096 1097//1097
f 1096//1096 1098//1098 1097//1097
f 1097//1097 1098//1098 1099//1099
f 1098//1098 1100//1100 1099//1099
f 1099//1099 1100//1100 1101//1101
f 1100//1100 1102//1102 1101//1101
f 1102//1102 1103//1103 1101//1101
f 1101//1101 1103//1103 1104//1104
f 1103//1103 1105//1105 1104//1104
f 1104//1104 1105//1105 1106//1106
f 1105//1105 1107//1107 1106//1106
f 1106//1106 1107//1107 1108//1108
f 1107//1107 1109//1109 1108//1108
f 1108//1108 1109//1109 1110//1110
f 1109//1109 1111//1111 1110//1110
f 1110//1110 1111//1111 1112//1112
f 1111//1111 1113//1113 1112//1112
f 1112//1112 1113//1113 1114//1114
f 1113//1113 1068//1068 1114//1114
f 1114//1114 1068//1068 1115//1115
f 1068//1068 1070//1070 1115//1115
f 1116//1116 1117//1117 1002//1002
f 1117//1117 1118//1118 1002//1002
f 1002//1002 1118//1118 1119//1119
f 1120//1120 1001//1001 1121//1121
f 1122//1122 1123//1123 1001//1001
f 1123//1123 1124//1124 1001//1001
f 1001//1001 1124//1124 1121//1121
f 1121//1121 1125//1125 1120//1120
f 1125//1125 1126//1126 1120//1120
f 1120//1120 1126//1126 1127//1127
f 1126//1126 1128//1128 1127//1127
f 1127//1127 1128//1128 1129//1129
f 1128//1128 1130//1130 1129//1129
f 1129//1129 1130//1130 1131//1131
f 1130//1130 1132//1132 1131//1131
f 1131//1131 1132//1132 1133//1133
f 1132//1132 1134//1134 1133//1133
f 1133//1133 1134//1134 1135//1135
f 1134//1134 1136//1136 1135//1135
f 1135//1135 1136//1136 1137//1137
f 1136//1136 1138//1138 1137//1137
f 1137//1137 1138//1138 1139//1139
f 1138//1138 1140//1140 1139//1139
f 1139//1139 1140//1140 1141//1141
f 1140//1140 1142//1142 1141//1141
f 1141//1141 1142//1142 1143//1143
f 1142//1142 1144//1144 1143//1143
f 1143//1143 1144//1144 1145//1145
f 1144//1144 1146//1146 1145//1145
f 1145//1145 1146//1146 1147//1147
f 1146//1146 1148//1148 1147//1147
f 1147//1147 1148//1148 1116//1116
f 1148//1148 1149//1149 1116//1116
f 1116//1116 1149//1149 1117//1117
f 1119//1119 1150//1150 1002//1002
f 1150//1150 1151//1151 1002//1002
f 1002//1002 1151//1151 1001//1001
f 1151//1151 1152//1152 1001//1001
f 1001//1001 1152//1152 1122//1122
f 1153//1153 1149//1149 1154//1154
f 1149//1149 1148//1148 1154//1154
f 1154//1154 1148//1148 1155//1155
f 1148//1148 1146//1146 1155//1155
f 1155//1155 1146//1146 1156//1156
f 1146//1146 1144//1144 1156//1156
f 1156//1156 1144//1144 1157//1157
f 1144//1144 1142//1142 1157//1157
f 1157//1157 1142//1142 1158//1158
f 1142//1142 1140//1140 1158//1158
f 1158//1158 1140//1140 1159//1159
f 1140//1140 1138//1138 1159//1159
f 1159//1159 1138//1138 1160//1160
f 1138//1138 1136//1136 1160//1160
f 1160//1160 1136//1136 1161//1161
f 1136//1136 1134//1134 1161//1161
f 1161//1161 1134//1134 1162//1162
f 1134//1134 1132//1132 1162//1162
f 1162//1162 1132//1132 1163//1163
f 1132//1132 1130//1130 1163//1163
f 1163//1163 1130//1130 1164//1164
f 1130//1130 1128//1128 1164//1164
f 1164//1164 1128//1128 1165//1165
f 1128//1128 1126//1126 1165//1165
f 1165//1165 1126//1126 1166//1166
f 1126//1126 1125//1125 1166//1166
f 1166//1166 1125//1125 1167//1167
f 1125//1125 1121//1121 1167//1167
f 1167//1167 1121//1121 1168//1168
f 1121//1121 1124//1124 1168//1168
f 1168//1168 1124//1124 1169//1169
f 1124//1124 1123//1123 1169//1169
f 1169//1169 1123//1123 1170//1170
f 1123//1123 1122//1122 1170//1170
f 1170//1170 1122//1122 1171//1171
f 1122//1122 1152//1152 1171//1171
f 1171//1171 1152//1152 1172//1172
f 1152//1152 1151//1151 1172//1172
f 1172//1172 1151//1151 1173//1173
f 1151//1151 1150//1150 1173//1173
f 1173//1173 1150//1150 1174//1174
f 1150//1150 1119//1119 1174//1174
f 1174//1174 1119//1119 1175//1175
f 1119//1119 1118//1118 1175//1175
f 1175//1175 1118//1118 1176//1176
f 1118//1118 1117//1117 1176//1176
f 1176//1176 1117//1117 1153//1153
f 1117//1117 1149//1149 1153//1153
f 52//52 1177//1177 1178//1178
f 1179//1179 1180//1180 1181//1181
f 1180//1180 1182//1182 1181//1181
f 1181//1181 1182//1182 1183//1183
f 1184//1184 1185//1185 1186//1186
f 1185//1185 1187//1187 1186//1186
f 1186//1186 1187//1187 1188//1188
f 1187//1187 1189//1189 1188//1188
f 1188//1188 1189//1189 1190//1190
f 1189//1189 1191//1191 1190//1190
f 1190//1190 1191//1191 1192//1192
f 1191//1191 1193//1193 1192//1192
f 1192//1192 1193//1193 1194//1194
f 1193//1193 1195//1195 1194//1194
f 1195//1195 1196//1196 1194//1194
f 1196//1196 1197//1197 1194//1194
f 1194//1194 1197//1197 1198//1198
f 1197//1197 1199//1199 1198//1198
f 1198//1198 1199//1199 1200//1200
f 1184//1184 1201//1201 1185//1185
f 1201//1201 1202//1202 1185//1185
f 1185//1185 1202//1202 1162//1162
f 1202//1202 1203//1203 1162//1162
f 1162//1162 1203//1203 1161//1161
f 1204//1204 1205//1205 63//63
f 1205//1205 1180//1180 63//63
f 63//63 1180//1180 61//61
f 1180//1180 1179//1179 61//61
f 61//61 1179//1179 59//59
f 1206//1206 1179//1179 1207//1207
f 1179//1179 1208//1208 1207//1207
f 1209//1209 1153//1153 1154//1154
f 1179//1179 1166//1166 1167//1167
f 1200//1200 1210//1210 1198//1198
f 1210//1210 1211//1211 1198//1198
f 1198//1198 1211//1211 1212//1212
f 1211//1211 1213//1213 1212//1212
f 1213//1213 1214//1214 1212//1212
f 1214//1214 1215//1215 1212//1212
f 1212//1212 1215//1215 1179//1179
f 1215//1215 1216//1216 1179//1179
f 1179//1179 1216//1216 1208//1208
f 1154//1154 1155//1155 1209//1209
f 1155//1155 1156//1156 1209//1209
f 1209//1209 1156//1156 1217//1217
f 1156//1156 1218//1218 1217//1217
f 1164//1164 1219//1219 1163//1163
f 1219//1219 1220//1220 1163//1163
f 1163//1163 1220//1220 1162//1162
f 1220//1220 1221//1221 1162//1162
f 1162//1162 1221//1221 1185//1185
f 1206//1206 1222//1222 1179//1179
f 1222//1222 1223//1223 1179//1179
f 1179//1179 1223//1223 1166//1166
f 1223//1223 1219//1219 1166//1166
f 1166//1166 1219//1219 1165//1165
f 1219//1219 1164//1164 1165//1165
f 1173//1173 1174//1174 48//48
f 1174//1174 1175//1175 48//48
f 48//48 1175//1175 1176//1176
f 1167//1167 1168//1168 1179//1179
f 1168//1168 52//52 1179//1179
f 1179//1179 52//52 59//59
f 52//52 1178//1178 59//59
f 1156//1156 1157//1157 1218//1218
f 1157//1157 1158//1158 1218//1218
f 1218//1218 1158//1158 1224//1224
f 1158//1158 1159//1159 1224//1224
f 1224//1224 1159//1159 1203//1203
f 1159//1159 1160//1160 1203//1203
f 1203//1203 1160//1160 1161//1161
f 1168//1168 1169//1169 52//52
f 1169//1169 1170//1170 52//52
f 52//52 1170//1170 50//50
f 1170//1170 1171//1171 50//50
f 50//50 1171//1171 48//48
f 1171//1171 1172//1172 48//48
f 48//48 1172//1172 1173//1173
f 38//38 40//40 1209//1209
f 1225//1225 1226//1226 1227//1227
f 1226//1226 35//35 1227//1227
f 1227//1227 35//35 38//38
f 1228//1228 1229//1229 43//43
f 1176//1176 1153//1153 48//48
f 1153//1153 1209//1209 48//48
f 48//48 1209//1209 43//43
f 1209//1209 40//40 43//43
f 43//43 40//40 1228//1228
f 1230//1230 1231//1231 1232//1232
f 1233//1233 1234//1234 1235//1235
f 1236//1236 1237//1237 1238//1238
f 1237//1237 1239//1239 1238//1238
f 1238//1238 1239//1239 1230//1230
f 1239//1239 1240//1240 1230//1230
f 1230//1230 1240//1240 1231//1231
f 38//38 1209//1209 1227//1227
f 1209//1209 1241//1241 1227//1227
f 1227//1227 1241//1241 1242//1242
f 1233//1233 1235//1235 1243//1243
f 1234//1234 1244//1244 1235//1235
f 1244//1244 1245//1245 1235//1235
f 1235//1235 1245//1245 1242//1242
f 1242//1242 1245//1245 1227//1227
f 1245//1245 1246//1246 1227//1227
f 1227//1227 1246//1246 1247//1247
f 1248//1248 1249//1249 1238//1238
f 1249//1249 1250//1250 1238//1238
f 1238//1238 1250//1250 1236//1236
f 1251//1251 1252//1252 1248//1248
f 1252//1252 1253//1253 1248//1248
f 1248//1248 1253//1253 1249//1249
f 1254//1254 1255//1255 1256//1256
f 1255//1255 1257//1257 1256//1256
f 1256//1256 1257//1257 1258//1258
f 1247//1247 1251//1251 1227//1227
f 1251//1251 1248//1248 1227//1227
f 1227//1227 1248//1248 1259//1259
f 1248//1248 705//705 1259//1259
f 1259//1259 705//705 707//707
f 1243//1243 1235//1235 1260//1260
f 1235//1235 1261//1261 1260//1260
f 1260//1260 1261//1261 1262//1262
f 1261//1261 1263//1263 1262//1262
f 1262//1262 1263//1263 1258//1258
f 1263//1263 1264//1264 1258//1258
f 1258//1258 1264//1264 1256//1256
f 1256//1256 1265//1265 1266//1266
f 1232//1232 1254//1254 1230//1230
f 1254//1254 1256//1256 1230//1230
f 1230//1230 1256//1256 1267//1267
f 1256//1256 1266//1266 1267//1267
f 1256//1256 1268//1268 1269//1269
f 1265//1265 1270//1270 1271//1271
f 1256//1256 1269//1269 1265//1265
f 1269//1269 1272//1272 1265//1265
f 1265//1265 1272//1272 1270//1270
f 1273//1273 1274//1274 1275//1275
f 1274//1274 1276//1276 1275//1275
f 1277//1277 1278//1278 1198//1198
f 1271//1271 1279//1279 1265//1265
f 1279//1279 1280//1280 1265//1265
f 1265//1265 1280//1280 1273//1273
f 1280//1280 1281//1281 1273//1273
f 1273//1273 1281//1281 1274//1274
f 1256//1256 1282//1282 1268//1268
f 1282//1282 1283//1283 1268//1268
f 1268//1268 1283//1283 1284//1284
f 1283//1283 1285//1285 1284//1284
f 1276//1276 1286//1286 1275//1275
f 1286//1286 1287//1287 1275//1275
f 1275//1275 1287//1287 1288//1288
f 1287//1287 1289//1289 1288//1288
f 1289//1289 1290//1290 1288//1288
f 1288//1288 1290//1290 1291//1291
f 1277//1277 1198//1198 1292//1292
f 1285//1285 1283//1283 1293//1293
f 1283//1283 1294//1294 1293//1293
f 1293//1293 1294//1294 1295//1295
f 1294//1294 1296//1296 1295//1295
f 1295//1295 1296//1296 1297//1297
f 1297//1297 1296//1296 1278//1278
f 1296//1296 1298//1298 1278//1278
f 1278//1278 1298//1298 1198//1198
f 1298//1298 1299//1299 1198//1198
f 1198//1198 1299//1299 1194//1194
f 1290//1290 1300//1300 1291//1291
f 1300//1300 1301//1301 1291//1291
f 1291//1291 1301//1301 1302//1302
f 1301//1301 1292//1292 1302//1302
f 1302//1302 1292//1292 1303//1303
f 1292//1292 1198//1198 1303//1303
f 1301//1301 1304//1304 1292//1292
f 1304//1304 1305//1305 1292//1292
f 1292//1292 1305//1305 1277//1277
f 1305//1305 1306//1306 1277//1277
f 1277//1277 1306//1306 1278//1278
f 1306//1306 1307//1307 1278//1278
f 1278//1278 1307//1307 1297//1297
f 1307//1307 1308//1308 1297//1297
f 1297//1297 1308//1308 1295//1295
f 1308//1308 1309//1309 1295//1295
f 1295//1295 1309//1309 1293//1293
f 1309//1309 1310//1310 1293//1293
f 1293//1293 1310//1310 1285//1285
f 1310//1310 1311//1311 1285//1285
f 1285//1285 1311//1311 1284//1284
f 1311//1311 1312//1312 1284//1284
f 1284//1284 1312//1312 1268//1268
f 1312//1312 1313//1313 1268//1268
f 1268//1268 1313//1313 1269//1269
f 1313//1313 1314//1314 1269//1269
f 1269//1269 1314//1314 1272//1272
f 1314//1314 1315//1315 1272//1272
f 1272//1272 1315//1315 1270//1270
f 1315//1315 1316//1316 1270//1270
f 1270//1270 1316//1316 1271//1271
f 1316//1316 1317//1317 1271//1271
f 1271//1271 1317//1317 1279//1279
f 1317//1317 1318//1318 1279//1279
f 1279//1279 1318//1318 1280//1280
f 1318//1318 1319//1319 1280//1280
f 1280//1280 1319//1319 1281//1281
f 1319//1319 1320//1320 1281//1281
f 1281//1281 1320//1320 1274//1274
f 1320//1320 1321//1321 1274//1274
f 1274//1274 1321//1321 1276//1276
f 1321//1321 1322//1322 1276//1276
f 1276//1276 1322//1322 1286//1286
f 1322//1322 1323//1323 1286//1286
f 1286//1286 1323//1323 1287//1287
f 1323//1323 1324//1324 1287//1287
f 1287//1287 1324//1324 1289//1289
f 1324//1324 1325//1325 1289//1289
f 1289//1289 1325//1325 1290//1290
f 1325//1325 1326//1326 1290//1290
f 1290//1290 1326//1326 1300//1300
f 1326//1326 1327//1327 1300//1300
f 1300//1300 1327//1327 1301//1301
f 1327//1327 1304//1304 1301//1301
f 1328//1328 1323//1323 1322//1322
f 1328//1328 1322//1322 1329//1329
f 1328//1328 1330//1330 1331//1331
f 1310//1310 1309//1309 1332//1332
f 1332//1332 1309//1309 1333//1333
f 1309//1309 1308//1308 1333//1333
f 1333//1333 1308//1308 1334//1334
f 1308//1308 1307//1307 1334//1334
f 1334//1334 1307//1307 1335//1335
f 1307//1307 1306//1306 1335//1335
f 1335//1335 1306//1306 1336//1336
f 1306//1306 1305//1305 1336//1336
f 1336//1336 1305//1305 1337//1337
f 1305//1305 1304//1304 1337//1337
f 1337//1337 1304//1304 1338//1338
f 1304//1304 1327//1327 1338//1338
f 1338//1338 1327//1327 1339//1339
f 1327//1327 1326//1326 1339//1339
f 1339//1339 1326//1326 1340//1340
f 1330//1330 1328//1328 1341//1341
f 1328//1328 1342//1342 1341//1341
f 1341//1341 1342//1342 1343//1343
f 1323//1323 1328//1328 1324//1324
f 1328//1328 1331//1331 1324//1324
f 1324//1324 1331//1331 1325//1325
f 1331//1331 1344//1344 1325//1325
f 1325//1325 1344//1344 1326//1326
f 1344//1344 1345//1345 1326//1326
f 1326//1326 1345//1345 1340//1340
f 1322//1322 1321//1321 1329//1329
f 1321//1321 1320//1320 1329//1329
f 1329//1329 1320//1320 1319//1319
f 1346//1346 1347//1347 1348//1348
f 1347//1347 1329//1329 1348//1348
f 1332//1332 1349//1349 1310//1310
f 1349//1349 1350//1350 1310//1310
f 1310//1310 1350//1350 1311//1311
f 1350//1350 1351//1351 1311//1311
f 1311//1311 1351//1351 1312//1312
f 1351//1351 1352//1352 1312//1312
f 1312//1312 1352//1352 1313//1313
f 1352//1352 1353//1353 1313//1313
f 1313//1313 1353//1353 1314//1314
f 1353//1353 1354//1354 1314//1314
f 1314//1314 1354//1354 1315//1315
f 1354//1354 1355//1355 1315//1315
f 1315//1315 1355//1355 1316//1316
f 1355//1355 1356//1356 1316//1316
f 1316//1316 1356//1356 1317//1317
f 1356//1356 1357//1357 1317//1317
f 1317//1317 1357//1357 1318//1318
f 1357//1357 1358//1358 1318//1318
f 1318//1318 1358//1358 1359//1359
f 1359//1359 1360//1360 1318//1318
f 1360//1360 1361//1361 1318//1318
f 1318//1318 1361//1361 1319//1319
f 1361//1361 1362//1362 1319//1319
f 1319//1319 1362//1362 1329//1329
f 1362//1362 1363//1363 1329//1329
f 1329//1329 1363//1363 1348//1348
f 1347//1347 1346//1346 1266//1266
f 1266//1266 1265//1265 1347//1347
f 1265//1265 1273//1273 1347//1347
f 1347//1347 1273//1273 1329//1329
f 1273//1273 1275//1275 1329//1329
f 1329//1329 1275//1275 1328//1328
f 1275//1275 1288//1288 1328//1328
f 1328//1328 1288//1288 1342//1342
f 1342//1342 1288//1288 1343//1343
f 1288//1288 1291//1291 1343//1343
f 1343//1343 1291//1291 1364//1364
f 1212//1212 1012//1012 1198//1198
f 1012//1012 1026//1026 1198//1198
f 1198//1198 1026//1026 1303//1303
f 1365//1365 1366//1366 1075//1075
f 1364//1364 1291//1291 1367//1367
f 1291//1291 1302//1302 1367//1367
f 1367//1367 1302//1302 1368//1368
f 1302//1302 1303//1303 1368//1368
f 1368//1368 1303//1303 1369//1369
f 1303//1303 1026//1026 1369//1369
f 1369//1369 1026//1026 1370//1370
f 1063//1063 1238//1238 1075//1075
f 1238//1238 1230//1230 1075//1075
f 1075//1075 1230//1230 1365//1365
f 1230//1230 1267//1267 1365//1365
f 1365//1365 1267//1267 1371//1371
f 1267//1267 1266//1266 1371//1371
f 1371//1371 1266//1266 1372//1372
f 1266//1266 1346//1346 1372//1372
f 1372//1372 1346//1346 1373//1373
f 1357//1357 1374//1374 1375//1375
f 1357//1357 1375//1375 1358//1358
f 1375//1375 1376//1376 1358//1358
f 1358//1358 1376//1376 1359//1359
f 1376//1376 1377//1377 1359//1359
f 1359//1359 1377//1377 1360//1360
f 1377//1377 1378//1378 1360//1360
f 1360//1360 1378//1378 1361//1361
f 1378//1378 1379//1379 1361//1361
f 1361//1361 1379//1379 1362//1362
f 1379//1379 1380//1380 1362//1362
f 1362//1362 1380//1380 1363//1363
f 1380//1380 1381//1381 1363//1363
f 1363//1363 1381//1381 1348//1348
f 1381//1381 1373//1373 1348//1348
f 1348//1348 1373//1373 1346//1346
f 835//835 1373//1373 1381//1381
f 835//835 1381//1381 854//854
f 1381//1381 1380//1380 854//854
f 854//854 1380//1380 842//842
f 1380//1380 1379//1379 842//842
f 842//842 1379//1379 841//841
f 1379//1379 1378//1378 841//841
f 841//841 1378//1378 839//839
f 1378//1378 1377//1377 839//839
f 839//839 1377//1377 837//837
f 1377//1377 1376//1376 837//837
f 837//837 1376//1376 846//846
f 1376//1376 1375//1375 846//846
f 846//846 1375//1375 847//847
f 1375//1375 1374//1374 847//847
f 847//847 1374//1374 849//849
f 878//878 1366//1366 1365//1365
f 878//878 1365//1365 880//880
f 1365//1365 1371//1371 880//880
f 880//880 1371//1371 845//845
f 1371//1371 1372//1372 845//845
f 845//845 1372//1372 836//836
f 1372//1372 1373//1373 836//836
f 836//836 1373//1373 835//835
f 896//896 1382//1382 1383//1383
f 896//896 1383//1383 897//897
f 1383//1383 1384//1384 897//897
f 897//897 1384//1384 874//874
f 1384//1384 1385//1385 874//874
f 874//874 1385//1385 875//875
f 1385//1385 1386//1386 875//875
f 875//875 1386//1386 888//888
f 1386//1386 1387//1387 888//888
f 888//888 1387//1387 882//882
f 1387//1387 1388//1388 882//882
f 882//882 1388//1388 883//883
f 1388//1388 1389//1389 883//883
f 883//883 1389//1389 884//884
f 1389//1389 1366//1366 884//884
f 884//884 1366//1366 878//878
f 1382//1382 1088//1088 1086//1086
f 1382//1382 1086//1086 1383//1383
f 1086//1086 1085//1085 1383//1383
f 1383//1383 1085//1085 1384//1384
f 1085//1085 1078//1078 1384//1384
f 1384//1384 1078//1078 1385//1385
f 1078//1078 1074//1074 1385//1385
f 1385//1385 1074//1074 1386//1386
f 1074//1074 1073//1073 1386//1386
f 1386//1386 1073//1073 1387//1387
f 1073//1073 1077//1077 1387//1387
f 1387//1387 1077//1077 1388//1388
f 1077//1077 1076//1076 1388//1388
f 1388//1388 1076//1076 1389//1389
f 1076//1076 1075//1075 1389//1389
f 1389//1389 1075//1075 1366//1366
f 1090//1090 1088//1088 1390//1390
f 1088//1088 1382//1382 1390//1390
f 896//896 894//894 1382//1382
f 894//894 1390//1390 1382//1382
f 1390//1390 894//894 1391//1391
f 894//894 892//892 1391//1391
f 1391//1391 892//892 1392//1392
f 892//892 890//890 1392//1392
f 1392//1392 890//890 1393//1393
f 890//890 858//858 1393//1393
f 1393//1393 858//858 1394//1394
f 858//858 857//857 1394//1394
f 1394//1394 857//857 1395//1395
f 857//857 904//904 1395//1395
f 1395//1395 904//904 1396//1396
f 904//904 903//903 1396//1396
f 1396//1396 903//903 1397//1397
f 903//903 901//901 1397//1397
f 1397//1397 901//901 1398//1398
f 901//901 899//899 1398//1398
f 1398//1398 899//899 1399//1399
f 899//899 898//898 1399//1399
f 1399//1399 898//898 1400//1400
f 898//898 908//908 1400//1400
f 1400//1400 908//908 1401//1401
f 908//908 917//917 1401//1401
f 1401//1401 917//917 1402//1402
f 917//917 919//919 1402//1402
f 1402//1402 919//919 1403//1403
f 919//919 921//921 1403//1403
f 1090//1090 1390//1390 1092//1092
f 1390//1390 1391//1391 1092//1092
f 1092//1092 1391//1391 1094//1094
f 1391//1391 1392//1392 1094//1094
f 1094//1094 1392//1392 1096//1096
f 1392//1392 1393//1393 1096//1096
f 1096//1096 1393//1393 1098//1098
f 1393//1393 1394//1394 1098//1098
f 1098//1098 1394//1394 1100//1100
f 1394//1394 1395//1395 1100//1100
f 1100//1100 1395//1395 1102//1102
f 1395//1395 1396//1396 1102//1102
f 1102//1102 1396//1396 1103//1103
f 1396//1396 1397//1397 1103//1103
f 1103//1103 1397//1397 1105//1105
f 1397//1397 1398//1398 1105//1105
f 1105//1105 1398//1398 1107//1107
f 1398//1398 1399//1399 1107//1107
f 1107//1107 1399//1399 1109//1109
f 1399//1399 1400//1400 1109//1109
f 1109//1109 1400//1400 1111//1111
f 1400//1400 1401//1401 1111//1111
f 1111//1111 1401//1401 1113//1113
f 1401//1401 1402//1402 1113//1113
f 1113//1113 1402//1402 1068//1068
f 1402//1402 1403//1403 1068//1068
f 1069//1069 1068//1068 1404//1404
f 1068//1068 1403//1403 1404//1404
f 1403//1403 921//921 1404//1404
f 921//921 923//923 1404//1404
f 1404//1404 923//923 931//931
f 933//933 1405//1405 1406//1406
f 933//933 1406//1406 934//934
f 1406//1406 1407//1407 934//934
f 934//934 1407//1407 935//935
f 1407//1407 1408//1408 935//935
f 935//935 1408//1408 926//926
f 1408//1408 1409//1409 926//926
f 926//926 1409//1409 927//927
f 1409//1409 1410//1410 927//927
f 927//927 1410//1410 932//932
f 1410//1410 1404//1404 932//932
f 932//932 1404//1404 931//931
f 1069//1069 1404//1404 1410//1410
f 1069//1069 1410//1410 1083//1083
f 1410//1410 1409//1409 1083//1083
f 1083//1083 1409//1409 1084//1084
f 1409//1409 1408//1408 1084//1084
f 1084//1084 1408//1408 1067//1067
f 1408//1408 1407//1407 1067//1067
f 1067//1067 1407//1407 1066//1066
f 1407//1407 1406//1406 1066//1066
f 1066//1066 1406//1406 1061//1061
f 1406//1406 1405//1405 1061//1061
f 1061//1061 1405//1405 1062//1062
f 1238//1238 1063//1063 1062//1062
f 1405//1405 1411//1411 1062//1062
f 1411//1411 1248//1248 1062//1062
f 1062//1062 1248//1248 1238//1238
f 933//933 938//938 1405//1405
f 938//938 1411//1411 1405//1405
f 706//706 1411//1411 715//715
f 1411//1411 938//938 715//715
f 705//705 1248//1248 706//706
f 1248//1248 1411//1411 706//706
f 1374//1374 1412//1412 849//849
f 1412//1412 851//851 849//849
f 1413//1413 816//816 1414//1414
f 816//816 814//814 1414//1414
f 1414//1414 814//814 1415//1415
f 814//814 822//822 1415//1415
f 1415//1415 822//822 1416//1416
f 822//822 821//821 1416//1416
f 1416//1416 821//821 1417//1417
f 821//821 820//820 1417//1417
f 1417//1417 820//820 1418//1418
f 820//820 827//827 1418//1418
f 1418//1418 827//827 1419//1419
f 827//827 826//826 1419//1419
f 1419//1419 826//826 1420//1420
f 826//826 824//824 1420//1420
f 1420//1420 824//824 1421//1421
f 824//824 832//832 1421//1421
f 1421//1421 832//832 1422//1422
f 832//832 831//831 1422//1422
f 1422//1422 831//831 1423//1423
f 831//831 830//830 1423//1423
f 1423//1423 830//830 1424//1424
f 830//830 829//829 1424//1424
f 1424//1424 829//829 1425//1425
f 829//829 828//828 1425//1425
f 1425//1425 828//828 1412//1412
f 828//828 851//851 1412//1412
f 1337//1337 1413//1413 1336//1336
f 1413//1413 1414//1414 1336//1336
f 1336//1336 1414//1414 1335//1335
f 1414//1414 1415//1415 1335//1335
f 1335//1335 1415//1415 1334//1334
f 1415//1415 1416//1416 1334//1334
f 1334//1334 1416//1416 1333//1333
f 1416//1416 1417//1417 1333//1333
f 1333//1333 1417//1417 1332//1332
f 1417//1417 1418//1418 1332//1332
f 1332//1332 1418//1418 1349//1349
f 1418//1418 1419//1419 1349//1349
f 1349//1349 1419//1419 1350//1350
f 1419//1419 1420//1420 1350//1350
f 1350//1350 1420//1420 1351//1351
f 1420//1420 1421//1421 1351//1351
f 1351//1351 1421//1421 1352//1352
f 1421//1421 1422//1422 1352//1352
f 1352//1352 1422//1422 1353//1353
f 1422//1422 1423//1423 1353//1353
f 1353//1353 1423//1423 1354//1354
f 1423//1423 1424//1424 1354//1354
f 1354//1354 1424//1424 1355//1355
f 1424//1424 1425//1425 1355//1355
f 1355//1355 1425//1425 1356//1356
f 1425//1425 1412//1412 1356//1356
f 1412//1412 1374//1374 1356//1356
f 1374//1374 1357//1357 1356//1356
f 1426//1426 1413//1413 1338//1338
f 1413//1413 1337//1337 1338//1338
f 818//818 816//816 1426//1426
f 816//816 1413//1413 1426//1426
f 818//818 1426//1426 1427//1427
f 818//818 1427//1427 819//819
f 1427//1427 1428//1428 819//819
f 819//819 1428//1428 797//797
f 1428//1428 1429//1429 797//797
f 797//797 1429//1429 798//798
f 1429//1429 1430//1430 798//798
f 798//798 1430//1430 809//809
f 1430//1430 1431//1431 809//809
f 809//809 1431//1431 808//808
f 1431//1431 1432//1432 808//808
f 808//808 1432//1432 807//807
f 1432//1432 1433//1433 807//807
f 807//807 1433//1433 805//805
f 1433//1433 1364//1364 805//805
f 805//805 1364//1364 800//800
f 1426//1426 1338//1338 1339//1339
f 1426//1426 1339//1339 1427//1427
f 1339//1339 1340//1340 1427//1427
f 1427//1427 1340//1340 1428//1428
f 1340//1340 1345//1345 1428//1428
f 1428//1428 1345//1345 1429//1429
f 1345//1345 1344//1344 1429//1429
f 1429//1429 1344//1344 1430//1430
f 1344//1344 1331//1331 1430//1430
f 1430//1430 1331//1331 1431//1431
f 1331//1331 1330//1330 1431//1431
f 1431//1431 1330//1330 1432//1432
f 1330//1330 1341//1341 1432//1432
f 1432//1432 1341//1341 1433//1433
f 1341//1341 1343//1343 1433//1433
f 1433//1433 1343//1343 1364//1364
f 800//800 1364//1364 1367//1367
f 800//800 1367//1367 801//801
f 1367//1367 1368//1368 801//801
f 801//801 1368//1368 795//795
f 1368//1368 1369//1369 795//795
f 795//795 1369//1369 756//756
f 1369//1369 1370//1370 756//756
f 756//756 1370//1370 780//780
f 780//780 1370//1370 1434//1434
f 780//780 1434//1434 772//772
f 1434//1434 1435//1435 772//772
f 772//772 1435//1435 796//796
f 1435//1435 1436//1436 796//796
f 796//796 1436//1436 792//792
f 1436//1436 1437//1437 792//792
f 792//792 1437//1437 784//784
f 1437//1437 1438//1438 784//784
f 784//784 1438//1438 785//785
f 1438//1438 1439//1439 785//785
f 785//785 1439//1439 786//786
f 1439//1439 1440//1440 786//786
f 786//786 1440//1440 770//770
f 1440//1440 1441//1441 770//770
f 770//770 1441//1441 771//771
f 1051//1051 1441//1441 1440//1440
f 1051//1051 1440//1440 1052//1052
f 1440//1440 1439//1439 1052//1052
f 1052//1052 1439//1439 1021//1021
f 1439//1439 1438//1438 1021//1021
f 1021//1021 1438//1438 1022//1022
f 1438//1438 1437//1437 1022//1022
f 1022//1022 1437//1437 1018//1018
f 1437//1437 1436//1436 1018//1018
f 1018//1018 1436//1436 1019//1019
f 1436//1436 1435//1435 1019//1019
f 1019//1019 1435//1435 1024//1024
f 1435//1435 1434//1434 1024//1024
f 1024//1024 1434//1434 1025//1025
f 1434//1434 1370//1370 1025//1025
f 1025//1025 1370//1370 1026//1026
f 1051//1051 1049//1049 1441//1441
f 1049//1049 1442//1442 1441//1441
f 1441//1441 1442//1442 771//771
f 1442//1442 754//754 771//771
f 1443//1443 740//740 1444//1444
f 740//740 742//742 1444//1444
f 1444//1444 742//742 1445//1445
f 742//742 744//744 1445//1445
f 1445//1445 744//744 1446//1446
f 744//744 729//729 1446//1446
f 1446//1446 729//729 1447//1447
f 729//729 728//728 1447//1447
f 1447//1447 728//728 1448//1448
f 728//728 753//753 1448//1448
f 1448//1448 753//753 1449//1449
f 753//753 752//752 1449//1449
f 1449//1449 752//752 1450//1450
f 752//752 750//750 1450//1450
f 1450//1450 750//750 1451//1451
f 750//750 748//748 1451//1451
f 1451//1451 748//748 1452//1452
f 748//748 747//747 1452//1452
f 1452//1452 747//747 1453//1453
f 747//747 758//758 1453//1453
f 1453//1453 758//758 1454//1454
f 758//758 757//757 1454//1454
f 1454//1454 757//757 1455//1455
f 757//757 755//755 1455//1455
f 1455//1455 755//755 1442//1442
f 755//755 754//754 1442//1442
f 1035//1035 1443//1443 1033//1033
f 1443//1443 1444//1444 1033//1033
f 1033//1033 1444//1444 1031//1031
f 1444//1444 1445//1445 1031//1031
f 1031//1031 1445//1445 1029//1029
f 1445//1445 1446//1446 1029//1029
f 1029//1029 1446//1446 1027//1027
f 1446//1446 1447//1447 1027//1027
f 1027//1027 1447//1447 1011//1011
f 1447//1447 1448//1448 1011//1011
f 1011//1011 1448//1448 1036//1036
f 1448//1448 1449//1449 1036//1036
f 1036//1036 1449//1449 1037//1037
f 1449//1449 1450//1450 1037//1037
f 1037//1037 1450//1450 1039//1039
f 1450//1450 1451//1451 1039//1039
f 1039//1039 1451//1451 1041//1041
f 1451//1451 1452//1452 1041//1041
f 1041//1041 1452//1452 1043//1043
f 1452//1452 1453//1453 1043//1043
f 1043//1043 1453//1453 1045//1045
f 1453//1453 1454//1454 1045//1045
f 1045//1045 1454//1454 1047//1047
f 1454//1454 1455//1455 1047//1047
f 1047//1047 1455//1455 1049//1049
f 1455//1455 1442//1442 1049//1049
f 1035//1035 1058//1058 1443//1443
f 1058//1058 1456//1456 1443//1443
f 740//740 1443//1443 735//735
f 1443//1443 1456//1456 735//735
f 735//735 1456//1456 945//945
f 945//945 1456//1456 1457//1457
f 945//945 1457//1457 943//943
f 1457//1457 1458//1458 943//943
f 943//943 1458//1458 944//944
f 1458//1458 1459//1459 944//944
f 944//944 1459//1459 946//946
f 1459//1459 1460//1460 946//946
f 946//946 1460//1460 947//947
f 1460//1460 1461//1461 947//947
f 947//947 1461//1461 942//942
f 1461//1461 1462//1462 942//942
f 942//942 1462//1462 721//721
f 1456//1456 1058//1058 1056//1056
f 1456//1456 1056//1056 1457//1457
f 1056//1056 1054//1054 1457//1457
f 1457//1457 1054//1054 1458//1458
f 1054//1054 1053//1053 1458//1458
f 1458//1458 1053//1053 1459//1459
f 1053//1053 1008//1008 1459//1459
f 1459//1459 1008//1008 1460//1460
f 1008//1008 1016//1016 1460//1460
f 1460//1460 1016//1016 1461//1461
f 1016//1016 1017//1017 1461//1461
f 1461//1461 1017//1017 1462//1462
f 1012//1012 1212//1212 1017//1017
f 1212//1212 1179//1179 1017//1017
f 1017//1017 1179//1179 1462//1462
f 1179//1179 1463//1463 1462//1462
f 1179//1179 1181//1181 1463//1463
f 1181//1181 1464//1464 1463//1463
f 1463//1463 1464//1464 959//959
f 1464//1464 960//960 959//959
f 959//959 721//721 1463//1463
f 721//721 1462//1462 1463//1463
f 962//962 960//960 1465//1465
f 960//960 1464//1464 1465//1465
f 1466//1466 1467//1467 1468//1468
f 1467//1467 1469//1469 1468//1468
f 1468//1468 1469//1469 1470//1470
f 1469//1469 1471//1471 1470//1470
f 1470//1470 1471//1471 1472//1472
f 1471//1471 1473//1473 1472//1472
f 1472//1472 1473//1473 1183//1183
f 1473//1473 1465//1465 1183//1183
f 1183//1183 1465//1465 1181//1181
f 1465//1465 1464//1464 1181//1181
f 1469//1469 1467//1467 1474//1474
f 1467//1467 1475//1475 1474//1474
f 1476//1476 1477//1477 1478//1478
f 1479//1479 1480//1480 1481//1481
f 1482//1482 1483//1483 1484//1484
f 1483//1483 1485//1485 1484//1484
f 1484//1484 1485//1485 1486//1486
f 1487//1487 1488//1488 1484//1484
f 1488//1488 1489//1489 1484//1484
f 1484//1484 1489//1489 1482//1482
f 1490//1490 1491//1491 1492//1492
f 1487//1487 1484//1484 1493//1493
f 1484//1484 1494//1494 1493//1493
f 1493//1493 1494//1494 1495//1495
f 1496//1496 1497//1497 1477//1477
f 1497//1497 1498//1498 1477//1477
f 1499//1499 1500//1500 1501//1501
f 1500//1500 1502//1502 1501//1501
f 1501//1501 1502//1502 1492//1492
f 1502//1502 1503//1503 1492//1492
f 1492//1492 1503//1503 1490//1490
f 1495//1495 1504//1504 1493//1493
f 1504//1504 1505//1505 1493//1493
f 1493//1493 1505//1505 1506//1506
f 1505//1505 1507//1507 1506//1506
f 1506//1506 1507//1507 1499//1499
f 1507//1507 1508//1508 1499//1499
f 1499//1499 1508//1508 1500//1500
f 1509//1509 1510//1510 1511//1511
f 1491//1491 1496//1496 1492//1492
f 1496//1496 1477//1477 1492//1492
f 1492//1492 1477//1477 1512//1512
f 1477//1477 1513//1513 1512//1512
f 1512//1512 1513//1513 1514//1514
f 1513//1513 1515//1515 1514//1514
f 1514//1514 1515//1515 1516//1516
f 1515//1515 1517//1517 1516//1516
f 1516//1516 1517//1517 1518//1518
f 1517//1517 1519//1519 1518//1518
f 1518//1518 1519//1519 1520//1520
f 1519//1519 1521//1521 1520//1520
f 1520//1520 1521//1521 1522//1522
f 1522//1522 1511//1511 1520//1520
f 1511//1511 1523//1523 1520//1520
f 1520//1520 1523//1523 1524//1524
f 1523//1523 1525//1525 1524//1524
f 1524//1524 1525//1525 1526//1526
f 1510//1510 1527//1527 1511//1511
f 1527//1527 1528//1528 1511//1511
f 1511//1511 1528//1528 1523//1523
f 1529//1529 1530//1530 1531//1531
f 1532//1532 1533//1533 1534//1534
f 1526//1526 1535//1535 1524//1524
f 1535//1535 1536//1536 1524//1524
f 1524//1524 1536//1536 1533//1533
f 1536//1536 1537//1537 1533//1533
f 1533//1533 1537//1537 1534//1534
f 1538//1538 1539//1539 1481//1481
f 1539//1539 1540//1540 1481//1481
f 1481//1481 1540//1540 1511//1511
f 1540//1540 1541//1541 1511//1511
f 1511//1511 1541//1541 1509//1509
f 1534//1534 1542//1542 1532//1532
f 1542//1542 1543//1543 1532//1532
f 1532//1532 1543//1543 1544//1544
f 1543//1543 1545//1545 1544//1544
f 1544//1544 1545//1545 1546//1546
f 1547//1547 1548//1548 1530//1530
f 1548//1548 1549//1549 1530//1530
f 1530//1530 1549//1549 1531//1531
f 1546//1546 1545//1545 1550//1550
f 1545//1545 1551//1551 1550//1550
f 1550//1550 1551//1551 1552//1552
f 1553//1553 1554//1554 1551//1551
f 1554//1554 1555//1555 1551//1551
f 1551//1551 1555//1555 1552//1552
f 1530//1530 1556//1556 1547//1547
f 1556//1556 1557//1557 1547//1547
f 1547//1547 1557//1557 1551//1551
f 1557//1557 1558//1558 1551//1551
f 1551//1551 1558//1558 1553//1553
f 1538//1538 1481//1481 1559//1559
f 1481//1481 1480//1480 1559//1559
f 1559//1559 1480//1480 1560//1560
f 1561//1561 1562//1562 1563//1563
f 1564//1564 1565//1565 1566//1566
f 1565//1565 1567//1567 1566//1566
f 1560//1560 1480//1480 1568//1568
f 1480//1480 1569//1569 1568//1568
f 1568//1568 1569//1569 1570//1570
f 1569//1569 1571//1571 1570//1570
f 1570//1570 1571//1571 1566//1566
f 1571//1571 1572//1572 1566//1566
f 1566//1566 1572//1572 1564//1564
f 1531//1531 1573//1573 1529//1529
f 1573//1573 1574//1574 1529//1529
f 1529//1529 1574//1574 1562//1562
f 1574//1574 1575//1575 1562//1562
f 1562//1562 1575//1575 1563//1563
f 1563//1563 1576//1576 1561//1561
f 1576//1576 1577//1577 1561//1561
f 1561//1561 1577//1577 1578//1578
f 1577//1577 1579//1579 1578//1578
f 1578//1578 1579//1579 1580//1580
f 1579//1579 1566//1566 1580//1580
f 1580//1580 1566//1566 1581//1581
f 1566//1566 1567//1567 1581//1581
f 1582//1582 1583//1583 1584//1584
f 1583//1583 1585//1585 1584//1584
f 1584//1584 1585//1585 1586//1586
f 1585//1585 1587//1587 1586//1586
f 1586//1586 1587//1587 1588//1588
f 1587//1587 1589//1589 1588//1588
f 1588//1588 1589//1589 1590//1590
f 1589//1589 1591//1591 1590//1590
f 1590//1590 1591//1591 1592//1592
f 1591//1591 1593//1593 1592//1592
f 1592//1592 1593//1593 1511//1511
f 1593//1593 1594//1594 1511//1511
f 1511//1511 1594//1594 1481//1481
f 1594//1594 1595//1595 1481//1481
f 1481//1481 1595//1595 1479//1479
f 1596//1596 1597//1597 1598//1598
f 1599//1599 1600//1600 1601//1601
f 1600//1600 1602//1602 1601//1601
f 1601//1601 1602//1602 1603//1603
f 1602//1602 1604//1604 1603//1603
f 1604//1604 1605//1605 1603//1603
f 1603//1603 1605//1605 1606//1606
f 1601//1601 1607//1607 1599//1599
f 1607//1607 1608//1608 1599//1599
f 1599//1599 1608//1608 1598//1598
f 1608//1608 1609//1609 1598//1598
f 1598//1598 1609//1609 1596//1596
f 1597//1597 1610//1610 1598//1598
f 1610//1610 1611//1611 1598//1598
f 1598//1598 1611//1611 1612//1612
f 1611//1611 1613//1613 1612//1612
f 1612//1612 1613//1613 1614//1614
f 1613//1613 1615//1615 1614//1614
f 1614//1614 1615//1615 1616//1616
f 1615//1615 1582//1582 1616//1616
f 1616//1616 1582//1582 1617//1617
f 1617//1617 1582//1582 1618//1618
f 1582//1582 1584//1584 1618//1618
f 1618//1618 1584//1584 1619//1619
f 1620//1620 1621//1621 1622//1622
f 1605//1605 1623//1623 1606//1606
f 1623//1623 1624//1624 1606//1606
f 1606//1606 1624//1624 1625//1625
f 1624//1624 1626//1626 1625//1625
f 1626//1626 1627//1627 1625//1625
f 1627//1627 1628//1628 1625//1625
f 1625//1625 1628//1628 1629//1629
f 1628//1628 1630//1630 1629//1629
f 1631//1631 1632//1632 1630//1630
f 1632//1632 1633//1633 1630//1630
f 1630//1630 1633//1633 1629//1629
f 1622//1622 1634//1634 1620//1620
f 1634//1634 1635//1635 1620//1620
f 1620//1620 1635//1635 1636//1636
f 1635//1635 1637//1637 1636//1636
f 1621//1621 1638//1638 1622//1622
f 1638//1638 1639//1639 1622//1622
f 1622//1622 1639//1639 1640//1640
f 1639//1639 1641//1641 1640//1640
f 1640//1640 1641//1641 1642//1642
f 1641//1641 1643//1643 1642//1642
f 1637//1637 1644//1644 1636//1636
f 1644//1644 1645//1645 1636//1636
f 1636//1636 1645//1645 1630//1630
f 1645//1645 1646//1646 1630//1630
f 1630//1630 1646//1646 1631//1631
f 1643//1643 1647//1647 1642//1642
f 1647//1647 1648//1648 1642//1642
f 1642//1642 1648//1648 1649//1649
f 1648//1648 1650//1650 1649//1649
f 1649//1649 1650//1650 1586//1586
f 1650//1650 1651//1651 1586//1586
f 1651//1651 1652//1652 1586//1586
f 1652//1652 1653//1653 1586//1586
f 1586//1586 1653//1653 1654//1654
f 1654//1654 1655//1655 1586//1586
f 1655//1655 1656//1656 1586//1586
f 1586//1586 1656//1656 1584//1584
f 1656//1656 1657//1657 1584//1584
f 1584//1584 1657//1657 1619//1619
f 1658//1658 1659//1659 1660//1660
f 1661//1661 1662//1662 1663//1663
f 1662//1662 1664//1664 1663//1663
f 1663//1663 1664//1664 1665//1665
f 1664//1664 1666//1666 1665//1665
f 1665//1665 1666//1666 1667//1667
f 1666//1666 1668//1668 1667//1667
f 1667//1667 1668//1668 1669//1669
f 1659//1659 1658//1658 1670//1670
f 1658//1658 1671//1671 1670//1670
f 1670//1670 1671//1671 1672//1672
f 1586//1586 1673//1673 1649//1649
f 1673//1673 1674//1674 1649//1649
f 1649//1649 1674//1674 1675//1675
f 1674//1674 1676//1676 1675//1675
f 1675//1675 1676//1676 1677//1677
f 1676//1676 1678//1678 1677//1677
f 1677//1677 1678//1678 1679//1679
f 1678//1678 1680//1680 1679//1679
f 1679//1679 1680//1680 1671//1671
f 1680//1680 1681//1681 1671//1671
f 1671//1671 1681//1681 1672//1672
f 1682//1682 1683//1683 1672//1672
f 1683//1683 1684//1684 1672//1672
f 1672//1672 1684//1684 1670//1670
f 1660//1660 1685//1685 1658//1658
f 1685//1685 1686//1686 1658//1658
f 1658//1658 1686//1686 1661//1661
f 1686//1686 1687//1687 1661//1661
f 1661//1661 1687//1687 1662//1662
f 1688//1688 1689//1689 1690//1690
f 1691//1691 1692//1692 1688//1688
f 1692//1692 1693//1693 1688//1688
f 1688//1688 1693//1693 1689//1689
f 1669//1669 1694//1694 1667//1667
f 1694//1694 1695//1695 1667//1667
f 1667//1667 1695//1695 1696//1696
f 1695//1695 1688//1688 1696//1696
f 1696//1696 1688//1688 1697//1697
f 1688//1688 1690//1690 1697//1697
f 1688//1688 1698//1698 1691//1691
f 1698//1698 1699//1699 1691//1691
f 1691//1691 1699//1699 1700//1700
f 1699//1699 1701//1701 1700//1700
f 1700//1700 1701//1701 1475//1475
f 1702//1702 1703//1703 1486//1486
f 1703//1703 1704//1704 1486//1486
f 1486//1486 1704//1704 1484//1484
f 1705//1705 1706//1706 1672//1672
f 1706//1706 1707//1707 1672//1672
f 1672//1672 1707//1707 1682//1682
f 1705//1705 1708//1708 1706//1706
f 1708//1708 1709//1709 1706//1706
f 1706//1706 1709//1709 1478//1478
f 1709//1709 1710//1710 1478//1478
f 1478//1478 1710//1710 1476//1476
f 1711//1711 1712//1712 1478//1478
f 1498//1498 1713//1713 1477//1477
f 1713//1713 1714//1714 1477//1477
f 1477//1477 1714//1714 1478//1478
f 1714//1714 1715//1715 1478//1478
f 1478//1478 1715//1715 1711//1711
f 1712//1712 1716//1716 1717//1717
f 1716//1716 1718//1718 1717//1717
f 1719//1719 1720//1720 1721//1721
f 1486//1486 1722//1722 1702//1702
f 1722//1722 1723//1723 1702//1702
f 1702//1702 1723//1723 1724//1724
f 1723//1723 1725//1725 1724//1724
f 1724//1724 1725//1725 1726//1726
f 1725//1725 1727//1727 1726//1726
f 1726//1726 1727//1727 1728//1728
f 1727//1727 1717//1717 1728//1728
f 1728//1728 1717//1717 1721//1721
f 1717//1717 1718//1718 1721//1721
f 1721//1721 1718//1718 1719//1719
f 1475//1475 1701//1701 1474//1474
f 1701//1701 1729//1729 1474//1474
f 1474//1474 1729//1729 1730//1730
f 1729//1729 1731//1731 1730//1730
f 1730//1730 1731//1731 1732//1732
f 1733//1733 1734//1734 1732//1732
f 1734//1734 1735//1735 1732//1732
f 1732//1732 1735//1735 1706//1706
f 1735//1735 1736//1736 1706//1706
f 1706//1706 1736//1736 1707//1707
f 1731//1731 1737//1737 1732//1732
f 1737//1737 1738//1738 1732//1732
f 1732//1732 1738//1738 1733//1733
f 1738//1738 1739//1739 1733//1733
f 1733//1733 1739//1739 1740//1740
f 1712//1712 1717//1717 1478//1478
f 1717//1717 1741//1741 1478//1478
f 1478//1478 1741//1741 1742//1742
f 1742//1742 1743//1743 1478//1478
f 1743//1743 1744//1744 1478//1478
f 1478//1478 1744//1744 1745//1745
f 1746//1746 1706//1706 1747//1747
f 1706//1706 1478//1478 1747//1747
f 1747//1747 1478//1478 1748//1748
f 1478//1478 1745//1745 1748//1748
f 1746//1746 1749//1749 1706//1706
f 1749//1749 1750//1750 1706//1706
f 1706//1706 1750//1750 1751//1751
f 1751//1751 1752//1752 1706//1706
f 1752//1752 1753//1753 1706//1706
f 1706//1706 1753//1753 1732//1732
f 1753//1753 1754//1754 1732//1732
f 1732//1732 1754//1754 1717//1717
f 1754//1754 1755//1755 1717//1717
f 1717//1717 1755//1755 1741//1741
f 1756//1756 1738//1738 1757//1757
f 1738//1738 1737//1737 1757//1757
f 1755//1755 1754//1754 1758//1758
f 1754//1754 1759//1759 1758//1758
f 1757//1757 1737//1737 1760//1760
f 1737//1737 1731//1731 1760//1760
f 1760//1760 1731//1731 1729//1729
f 1728//1728 1761//1761 1726//1726
f 1761//1761 1762//1762 1726//1726
f 1726//1726 1762//1762 1724//1724
f 1763//1763 1764//1764 1765//1765
f 1766//1766 1767//1767 1768//1768
f 1764//1764 1769//1769 1765//1765
f 1769//1769 1770//1770 1765//1765
f 1765//1765 1770//1770 1771//1771
f 1770//1770 1772//1772 1771//1771
f 1773//1773 1770//1770 1774//1774
f 1770//1770 1775//1775 1774//1774
f 1763//1763 1765//1765 1776//1776
f 1765//1765 1777//1777 1776//1776
f 1776//1776 1777//1777 1778//1778
f 1769//1769 1779//1779 1770//1770
f 1779//1779 1780//1780 1770//1770
f 1770//1770 1780//1780 1781//1781
f 1777//1777 1782//1782 1778//1778
f 1782//1782 1783//1783 1778//1778
f 1778//1778 1783//1783 1784//1784
f 1783//1783 1785//1785 1784//1784
f 1784//1784 1785//1785 1786//1786
f 1785//1785 1787//1787 1786//1786
f 1788//1788 1789//1789 1781//1781
f 1789//1789 1790//1790 1781//1781
f 1781//1781 1790//1790 1770//1770
f 1790//1790 1791//1791 1770//1770
f 1770//1770 1791//1791 1775//1775
f 1768//1768 1767//1767 1792//1792
f 1767//1767 1793//1793 1792//1792
f 1792//1792 1793//1793 1794//1794
f 1793//1793 1795//1795 1794//1794
f 1794//1794 1795//1795 1796//1796
f 1795//1795 1797//1797 1796//1796
f 1796//1796 1797//1797 1798//1798
f 1797//1797 1799//1799 1798//1798
f 1798//1798 1799//1799 1787//1787
f 1799//1799 1800//1800 1787//1787
f 1787//1787 1800//1800 1786//1786
f 1768//1768 1801//1801 1766//1766
f 1801//1801 1802//1802 1766//1766
f 1766//1766 1802//1802 1803//1803
f 1802//1802 1804//1804 1803//1803
f 1803//1803 1804//1804 1805//1805
f 1804//1804 1806//1806 1805//1805
f 1805//1805 1806//1806 1807//1807
f 1806//1806 1808//1808 1807//1807
f 1807//1807 1808//1808 1809//1809
f 1808//1808 1810//1810 1809//1809
f 1809//1809 1810//1810 1811//1811
f 1810//1810 1812//1812 1811//1811
f 1811//1811 1812//1812 1813//1813
f 1812//1812 1814//1814 1813//1813
f 1813//1813 1814//1814 1815//1815
f 1814//1814 1816//1816 1815//1815
f 1815//1815 1816//1816 1781//1781
f 1816//1816 1817//1817 1781//1781
f 1781//1781 1817//1817 1788//1788
f 1818//1818 1819//1819 1820//1820
f 1821//1821 1822//1822 1820//1820
f 1823//1823 1824//1824 1825//1825
f 1820//1820 1826//1826 1827//1827
f 1827//1827 1828//1828 1820//1820
f 1828//1828 1829//1829 1820//1820
f 1820//1820 1829//1829 1830//1830
f 1822//1822 1831//1831 1820//1820
f 1831//1831 1832//1832 1820//1820
f 1820//1820 1832//1832 1818//1818
f 1831//1831 1833//1833 1832//1832
f 1833//1833 1834//1834 1832//1832
f 1832//1832 1834//1834 1835//1835
f 1834//1834 1836//1836 1835//1835
f 1823//1823 1825//1825 1837//1837
f 1825//1825 1838//1838 1837//1837
f 1837//1837 1838//1838 1839//1839
f 1838//1838 1840//1840 1839//1839
f 1839//1839 1840//1840 1841//1841
f 1840//1840 1842//1842 1841//1841
f 1841//1841 1842//1842 1843//1843
f 1842//1842 1844//1844 1843//1843
f 1843//1843 1844//1844 1845//1845
f 1844//1844 1846//1846 1845//1845
f 1845//1845 1846//1846 1847//1847
f 1846//1846 1848//1848 1847//1847
f 1847//1847 1848//1848 1849//1849
f 1848//1848 1850//1850 1849//1849
f 1849//1849 1850//1850 1851//1851
f 1821//1821 1820//1820 1852//1852
f 1820//1820 1830//1830 1852//1852
f 1852//1852 1830//1830 1823//1823
f 1830//1830 1853//1853 1823//1823
f 1823//1823 1853//1853 1824//1824
f 1836//1836 1834//1834 1854//1854
f 1834//1834 1855//1855 1854//1854
f 1854//1854 1855//1855 1856//1856
f 1855//1855 1857//1857 1856//1856
f 1856//1856 1857//1857 1858//1858
f 1850//1850 1859//1859 1851//1851
f 1859//1859 1860//1860 1851//1851
f 1851//1851 1860//1860 1861//1861
f 1860//1860 1862//1862 1861//1861
f 1861//1861 1862//1862 1863//1863
f 1862//1862 1864//1864 1863//1863
f 1863//1863 1864//1864 1865//1865
f 1864//1864 1866//1866 1865//1865
f 1865//1865 1866//1866 1867//1867
f 1866//1866 1868//1868 1867//1867
f 1867//1867 1868//1868 1869//1869
f 1868//1868 1870//1870 1869//1869
f 1869//1869 1870//1870 1871//1871
f 1870//1870 1858//1858 1871//1871
f 1871//1871 1858//1858 1872//1872
f 1858//1858 1857//1857 1872//1872
f 1759//1759 1873//1873 1874//1874
f 1875//1875 1876//1876 1758//1758
f 1876//1876 1877//1877 1758//1758
f 1758//1758 1877//1877 1878//1878
f 1877//1877 1879//1879 1878//1878
f 1879//1879 1880//1880 1878//1878
f 1878//1878 1880//1880 1881//1881
f 1880//1880 1882//1882 1881//1881
f 1881//1881 1882//1882 1883//1883
f 1882//1882 1884//1884 1883//1883
f 1883//1883 1884//1884 1885//1885
f 1884//1884 1886//1886 1885//1885
f 1885//1885 1886//1886 1887//1887
f 1886//1886 1888//1888 1887//1887
f 1887//1887 1888//1888 1889//1889
f 1888//1888 1890//1890 1889//1889
f 1889//1889 1890//1890 1891//1891
f 1890//1890 1892//1892 1891//1891
f 1891//1891 1892//1892 1893//1893
f 1892//1892 1894//1894 1893//1893
f 1893//1893 1894//1894 1895//1895
f 1894//1894 1896//1896 1895//1895
f 1895//1895 1896//1896 1897//1897
f 1896//1896 1898//1898 1897//1897
f 1897//1897 1898//1898 1899//1899
f 1898//1898 1900//1900 1899//1899
f 1899//1899 1900//1900 1901//1901
f 1900//1900 1902//1902 1901//1901
f 1901//1901 1902//1902 1873//1873
f 1902//1902 1903//1903 1873//1873
f 1873//1873 1903//1903 1874//1874
f 1874//1874 1904//1904 1759//1759
f 1904//1904 1905//1905 1759//1759
f 1759//1759 1905//1905 1906//1906
f 1906//1906 1907//1907 1759//1759
f 1907//1907 1908//1908 1759//1759
f 1759//1759 1908//1908 1758//1758
f 1908//1908 1909//1909 1758//1758
f 1758//1758 1909//1909 1875//1875
f 1880//1880 1910//1910 1882//1882
f 1910//1910 1911//1911 1882//1882
f 1882//1882 1911//1911 1884//1884
f 1911//1911 1912//1912 1884//1884
f 1884//1884 1912//1912 1886//1886
f 1912//1912 1913//1913 1886//1886
f 1886//1886 1913//1913 1888//1888
f 1913//1913 1914//1914 1888//1888
f 1888//1888 1914//1914 1890//1890
f 1914//1914 1915//1915 1890//1890
f 1890//1890 1915//1915 1892//1892
f 1915//1915 1916//1916 1892//1892
f 1892//1892 1916//1916 1894//1894
f 1916//1916 1917//1917 1894//1894
f 1894//1894 1917//1917 1896//1896
f 1917//1917 1918//1918 1896//1896
f 1896//1896 1918//1918 1898//1898
f 1918//1918 1919//1919 1898//1898
f 1898//1898 1919//1919 1900//1900
f 1919//1919 1920//1920 1900//1900
f 1900//1900 1920//1920 1902//1902
f 1920//1920 1921//1921 1902//1902
f 1902//1902 1921//1921 1903//1903
f 1921//1921 1922//1922 1903//1903
f 1903//1903 1922//1922 1874//1874
f 1922//1922 1923//1923 1874//1874
f 1874//1874 1923//1923 1904//1904
f 1923//1923 1924//1924 1904//1904
f 1904//1904 1924//1924 1905//1905
f 1924//1924 1925//1925 1905//1905
f 1905//1905 1925//1925 1906//1906
f 1925//1925 1926//1926 1906//1906
f 1906//1906 1926//1926 1907//1907
f 1926//1926 1927//1927 1907//1907
f 1907//1907 1927//1927 1908//1908
f 1927//1927 1928//1928 1908//1908
f 1908//1908 1928//1928 1909//1909
f 1928//1928 1929//1929 1909//1909
f 1909//1909 1929//1929 1875//1875
f 1929//1929 1930//1930 1875//1875
f 1875//1875 1930//1930 1876//1876
f 1930//1930 1931//1931 1876//1876
f 1876//1876 1931//1931 1877//1877
f 1931//1931 1932//1932 1877//1877
f 1877//1877 1932//1932 1879//1879
f 1932//1932 1933//1933 1879//1879
f 1879//1879 1933//1933 1880//1880
f 1933//1933 1910//1910 1880//1880
f 1466//1466 1468//1468 1934//1934
f 1935//1935 1936//1936 1937//1937
f 1936//1936 92//92 1937//1937
f 1928//1928 1927//1927 1937//1937
f 92//92 1931//1931 1930//1930
f 1938//1938 1939//1939 1940//1940
f 92//92 1930//1930 1937//1937
f 1930//1930 1929//1929 1937//1937
f 1937//1937 1929//1929 1928//1928
f 1927//1927 1926//1926 1937//1937
f 1926//1926 1925//1925 1937//1937
f 1937//1937 1925//1925 1934//1934
f 1925//1925 1924//1924 1934//1934
f 1934//1934 1924//1924 1466//1466
f 1924//1924 1923//1923 1466//1466
f 1466//1466 1923//1923 1941//1941
f 1923//1923 1922//1922 1941//1941
f 1942//1942 1943//1943 97//97
f 1943//1943 107//107 97//97
f 1944//1944 1945//1945 1941//1941
f 1946//1946 1947//1947 1948//1948
f 1947//1947 1941//1941 1948//1948
f 1940//1940 1939//1939 1949//1949
f 1945//1945 1950//1950 1941//1941
f 1950//1950 1951//1951 1941//1941
f 1941//1941 1951//1951 1948//1948
f 1919//1919 1952//1952 1953//1953
f 1922//1922 1921//1921 1954//1954
f 1921//1921 1920//1920 1954//1954
f 1955//1955 1956//1956 1957//1957
f 1956//1956 1958//1958 1957//1957
f 1922//1922 1954//1954 1941//1941
f 1954//1954 1959//1959 1941//1941
f 1941//1941 1959//1959 1944//1944
f 1946//1946 1960//1960 1947//1947
f 1960//1960 1961//1961 1947//1947
f 1947//1947 1961//1961 1957//1957
f 1961//1961 1962//1962 1957//1957
f 1957//1957 1962//1962 1955//1955
f 1914//1914 1913//1913 1963//1963
f 1963//1963 1913//1913 1964//1964
f 1965//1965 1966//1966 1967//1967
f 1953//1953 1968//1968 1919//1919
f 1968//1968 1969//1969 1919//1919
f 1919//1919 1969//1969 1920//1920
f 1969//1969 1970//1970 1920//1920
f 1920//1920 1970//1970 1954//1954
f 1964//1964 1913//1913 1971//1971
f 1913//1913 1912//1912 1971//1971
f 1971//1971 1912//1912 1911//1911
f 1917//1917 1972//1972 1973//1973
f 1910//1910 1933//1933 142//142
f 1966//1966 1974//1974 1967//1967
f 1974//1974 1975//1975 1967//1967
f 1967//1967 1975//1975 1940//1940
f 1975//1975 1976//1976 1940//1940
f 1940//1940 1976//1976 1938//1938
f 1972//1972 1917//1917 1977//1977
f 1917//1917 1916//1916 1977//1977
f 1977//1977 1916//1916 1963//1963
f 1916//1916 1915//1915 1963//1963
f 1963//1963 1915//1915 1914//1914
f 92//92 95//95 1931//1931
f 95//95 97//97 1931//1931
f 1931//1931 97//97 1932//1932
f 97//97 107//107 1932//1932
f 1932//1932 107//107 1933//1933
f 107//107 140//140 1933//1933
f 1933//1933 140//140 142//142
f 1973//1973 1965//1965 1917//1917
f 1965//1965 1967//1967 1917//1917
f 1917//1917 1967//1967 1918//1918
f 1967//1967 1978//1978 1918//1918
f 1918//1918 1978//1978 1919//1919
f 1978//1978 1979//1979 1919//1919
f 1919//1919 1979//1979 1952//1952
f 1980//1980 1981//1981 1982//1982
f 1983//1983 1984//1984 1985//1985
f 1980//1980 1982//1982 1986//1986
f 1987//1987 1988//1988 1989//1989
f 1983//1983 1985//1985 1990//1990
f 1991//1991 1992//1992 1993//1993
f 1993//1993 1992//1992 1994//1994
f 1995//1995 1996//1996 1980//1980
f 1996//1996 1997//1997 1980//1980
f 1980//1980 1997//1997 1981//1981
f 1998//1998 1999//1999 2000//2000
f 1999//1999 2001//2001 2000//2000
f 2000//2000 2001//2001 1995//1995
f 2001//2001 2002//2002 1995//1995
f 1995//1995 2002//2002 1996//1996
f 1982//1982 2003//2003 1986//1986
f 2003//2003 2004//2004 1986//1986
f 1986//1986 2004//2004 1989//1989
f 2004//2004 2005//2005 1989//1989
f 1989//1989 2005//2005 1987//1987
f 1988//1988 2006//2006 1989//1989
f 2006//2006 2007//2007 1989//1989
f 1989//1989 2007//2007 1984//1984
f 2007//2007 2008//2008 1984//1984
f 1984//1984 2008//2008 1985//1985
f 2009//2009 1957//1957 1939//1939
f 1957//1957 1958//1958 1939//1939
f 1939//1939 1958//1958 1949//1949
f 2000//2000 2010//2010 1998//1998
f 2010//2010 2011//2011 1998//1998
f 1998//1998 2011//2011 2012//2012
f 2011//2011 1957//1957 2012//2012
f 2012//2012 1957//1957 1992//1992
f 1957//1957 2009//2009 1992//1992
f 1992//1992 2009//2009 1994//1994
f 1985//1985 2013//2013 1990//1990
f 2013//2013 2014//2014 1990//1990
f 1990//1990 2014//2014 2015//2015
f 2014//2014 2016//2016 2015//2015
f 2015//2015 2016//2016 1993//1993
f 2016//2016 2017//2017 1993//1993
f 1993//1993 2017//2017 1991//1991
f 2018//2018 2019//2019 1984//1984
f 2019//2019 2020//2020 1984//1984
f 1984//1984 2020//2020 1989//1989
f 2021//2021 2022//2022 2023//2023
f 2022//2022 2024//2024 2023//2023
f 2023//2023 2024//2024 2025//2025
f 2026//2026 2027//2027 2018//2018
f 2027//2027 2028//2028 2018//2018
f 2018//2018 2028//2028 2023//2023
f 2028//2028 2029//2029 2023//2023
f 2023//2023 2029//2029 2021//2021
f 2024//2024 2030//2030 2025//2025
f 2030//2030 2031//2031 2025//2025
f 2025//2025 2031//2031 2032//2032
f 2025//2025 2033//2033 712//712
f 2033//2033 703//703 712//712
f 712//712 703//703 704//704
f 1984//1984 2034//2034 2035//2035
f 2034//2034 2036//2036 2035//2035
f 1911//1911 1910//1910 1971//1971
f 1910//1910 142//142 1971//1971
f 1971//1971 142//142 2037//2037
f 142//142 144//144 2037//2037
f 2037//2037 144//144 2038//2038
f 144//144 2039//2039 2038//2038
f 2038//2038 2039//2039 2040//2040
f 2039//2039 2041//2041 2040//2040
f 2040//2040 2041//2041 2042//2042
f 2043//2043 2044//2044 144//144
f 2044//2044 137//137 144//144
f 144//144 137//137 2025//2025
f 137//137 169//169 2025//2025
f 2025//2025 169//169 2033//2033
f 169//169 171//171 2033//2033
f 2033//2033 171//171 2045//2045
f 171//171 2046//2046 2045//2045
f 2035//2035 2047//2047 1984//1984
f 2047//2047 2048//2048 1984//1984
f 1984//1984 2048//2048 2018//2018
f 2048//2048 2049//2049 2018//2018
f 2018//2018 2049//2049 2026//2026
f 2032//2032 2050//2050 2025//2025
f 2050//2050 2051//2051 2025//2025
f 2025//2025 2051//2051 144//144
f 2051//2051 2052//2052 144//144
f 144//144 2052//2052 2039//2039
f 2042//2042 2053//2053 2040//2040
f 2053//2053 2054//2054 2040//2040
f 2040//2040 2054//2054 2055//2055
f 2054//2054 2056//2056 2055//2055
f 2055//2055 2056//2056 2036//2036
f 2056//2056 2057//2057 2036//2036
f 2036//2036 2057//2057 2035//2035
f 2058//2058 1999//1999 2059//2059
f 1999//1999 1998//1998 2059//2059
f 2059//2059 1998//1998 2060//2060
f 1998//1998 2012//2012 2060//2060
f 2060//2060 2012//2012 2061//2061
f 2012//2012 1992//1992 2061//2061
f 2061//2061 1992//1992 2062//2062
f 1992//1992 1991//1991 2062//2062
f 2062//2062 1991//1991 2063//2063
f 1991//1991 2017//2017 2063//2063
f 2063//2063 2017//2017 2064//2064
f 2017//2017 2016//2016 2064//2064
f 2064//2064 2016//2016 2065//2065
f 2016//2016 2014//2014 2065//2065
f 2065//2065 2014//2014 2066//2066
f 2014//2014 2013//2013 2066//2066
f 2066//2066 2013//2013 2067//2067
f 2013//2013 1985//1985 2067//2067
f 2067//2067 1985//1985 2068//2068
f 1985//1985 2008//2008 2068//2068
f 2068//2068 2008//2008 2069//2069
f 2008//2008 2007//2007 2069//2069
f 2069//2069 2007//2007 2070//2070
f 2007//2007 2006//2006 2070//2070
f 2070//2070 2006//2006 2071//2071
f 2006//2006 1988//1988 2071//2071
f 2071//2071 1988//1988 2072//2072
f 1988//1988 1987//1987 2072//2072
f 2072//2072 1987//1987 2073//2073
f 1987//1987 2005//2005 2073//2073
f 2073//2073 2005//2005 2074//2074
f 2005//2005 2004//2004 2074//2074
f 2074//2074 2004//2004 2075//2075
f 2004//2004 2003//2003 2075//2075
f 2075//2075 2003//2003 2076//2076
f 2003//2003 1982//1982 2076//2076
f 2076//2076 1982//1982 2077//2077
f 1982//1982 1981//1981 2077//2077
f 2077//2077 1981//1981 2078//2078
f 1981//1981 1997//1997 2078//2078
f 2078//2078 1997//1997 2079//2079
f 1997//1997 1996//1996 2079//2079
f 2079//2079 1996//1996 2080//2080
f 1996//1996 2002//2002 2080//2080
f 2080//2080 2002//2002 2081//2081
f 2002//2002 2001//2001 2081//2081
f 2081//2081 2001//2001 2058//2058
f 2001//2001 1999//1999 2058//2058
f 2064//2064 2065//2065 2082//2082
f 2082//2082 2065//2065 2083//2083
f 2065//2065 2066//2066 2083//2083
f 2083//2083 2066//2066 2084//2084
f 2066//2066 2067//2067 2084//2084
f 2084//2084 2067//2067 2085//2085
f 2067//2067 2068//2068 2085//2085
f 2085//2085 2068//2068 2086//2086
f 2068//2068 2069//2069 2086//2086
f 2086//2086 2069//2069 2087//2087
f 2069//2069 2070//2070 2087//2087
f 2087//2087 2070//2070 2088//2088
f 2070//2070 2071//2071 2088//2088
f 2088//2088 2071//2071 2089//2089
f 2071//2071 2072//2072 2089//2089
f 2089//2089 2072//2072 2090//2090
f 2091//2091 2092//2092 2093//2093
f 2092//2092 2091//2091 2094//2094
f 2091//2091 2095//2095 2094//2094
f 2094//2094 2095//2095 2096//2096
f 2076//2076 2097//2097 2075//2075
f 2097//2097 2091//2091 2075//2075
f 2075//2075 2091//2091 2074//2074
f 2091//2091 2093//2093 2074//2074
f 2074//2074 2093//2093 2073//2073
f 2093//2093 2098//2098 2073//2073
f 2073//2073 2098//2098 2072//2072
f 2098//2098 2099//2099 2072//2072
f 2072//2072 2099//2099 2090//2090
f 2076//2076 2077//2077 2097//2097
f 2077//2077 2078//2078 2097//2097
f 2097//2097 2078//2078 2079//2079
f 2100//2100 2101//2101 2102//2102
f 2101//2101 2097//2097 2102//2102
f 2103//2103 2104//2104 2080//2080
f 2104//2104 2105//2105 2080//2080
f 2080//2080 2105//2105 2079//2079
f 2105//2105 2106//2106 2079//2079
f 2079//2079 2106//2106 2097//2097
f 2106//2106 2107//2107 2097//2097
f 2097//2097 2107//2107 2102//2102
f 2082//2082 2108//2108 2064//2064
f 2108//2108 2109//2109 2064//2064
f 2064//2064 2109//2109 2063//2063
f 2109//2109 2110//2110 2063//2063
f 2063//2063 2110//2110 2062//2062
f 2110//2110 2111//2111 2062//2062
f 2062//2062 2111//2111 2061//2061
f 2111//2111 2112//2112 2061//2061
f 2061//2061 2112//2112 2060//2060
f 2112//2112 2113//2113 2060//2060
f 2060//2060 2113//2113 2059//2059
f 2113//2113 2114//2114 2059//2059
f 2059//2059 2114//2114 2058//2058
f 2114//2114 2115//2115 2058//2058
f 2058//2058 2115//2115 2081//2081
f 2115//2115 2116//2116 2081//2081
f 2081//2081 2116//2116 2080//2080
f 2116//2116 2117//2117 2080//2080
f 2080//2080 2117//2117 2103//2103
f 1773//1773 2118//2118 2119//2119
f 2100//2100 2120//2120 2121//2121
f 2101//2101 2100//2100 2000//2000
f 1989//1989 2091//2091 1986//1986
f 2091//2091 2097//2097 1986//1986
f 1986//1986 2097//2097 1980//1980
f 2097//2097 2101//2101 1980//1980
f 1980//1980 2101//2101 1995//1995
f 2101//2101 2000//2000 1995//1995
f 2020//2020 2096//2096 1989//1989
f 2096//2096 2095//2095 1989//1989
f 1989//1989 2095//2095 2091//2091
f 2023//2023 1770//1770 2018//2018
f 1770//1770 1773//1773 2018//2018
f 2122//2122 2123//2123 1826//1826
f 2100//2100 2121//2121 2000//2000
f 2121//2121 2124//2124 2000//2000
f 2000//2000 2124//2124 2010//2010
f 2124//2124 2122//2122 2010//2010
f 2010//2010 2122//2122 2011//2011
f 2122//2122 1826//1826 2011//2011
f 2011//2011 1826//1826 1957//1957
f 1826//1826 1820//1820 1957//1957
f 1957//1957 1820//1820 1947//1947
f 1773//1773 2119//2119 2018//2018
f 2119//2119 2125//2125 2018//2018
f 2018//2018 2125//2125 2019//2019
f 2125//2125 2126//2126 2019//2019
f 2019//2019 2126//2126 2020//2020
f 2126//2126 2127//2127 2020//2020
f 2020//2020 2127//2127 2096//2096
f 2116//2116 2128//2128 2129//2129
f 2116//2116 2129//2129 2117//2117
f 2129//2129 2130//2130 2117//2117
f 2117//2117 2130//2130 2103//2103
f 2130//2130 2131//2131 2103//2103
f 2103//2103 2131//2131 2104//2104
f 2131//2131 2132//2132 2104//2104
f 2104//2104 2132//2132 2105//2105
f 2132//2132 2133//2133 2105//2105
f 2105//2105 2133//2133 2106//2106
f 2133//2133 2134//2134 2106//2106
f 2106//2106 2134//2134 2107//2107
f 2134//2134 2135//2135 2107//2107
f 2107//2107 2135//2135 2102//2102
f 2135//2135 2120//2120 2102//2102
f 2102//2102 2120//2120 2100//2100
f 1601//1601 2120//2120 2135//2135
f 1601//1601 2135//2135 1607//1607
f 2135//2135 2134//2134 1607//1607
f 1607//1607 2134//2134 1608//1608
f 2134//2134 2133//2133 1608//1608
f 1608//1608 2133//2133 1609//1609
f 2133//2133 2132//2132 1609//1609
f 1609//1609 2132//2132 1596//1596
f 2132//2132 2131//2131 1596//1596
f 1596//1596 2131//2131 1597//1597
f 2131//2131 2130//2130 1597//1597
f 1597//1597 2130//2130 1610//1610
f 2130//2130 2129//2129 1610//1610
f 1610//1610 2129//2129 1611//1611
f 2129//2129 2128//2128 1611//1611
f 1611//1611 2128//2128 1613//1613
f 1629//1629 2123//2123 2122//2122
f 1629//1629 2122//2122 1625//1625
f 2122//2122 2124//2124 1625//1625
f 1625//1625 2124//2124 1606//1606
f 2124//2124 2121//2121 1606//1606
f 1606//1606 2121//2121 1603//1603
f 2121//2121 2120//2120 1603//1603
f 1603//1603 2120//2120 1601//1601
f 1635//1635 2136//2136 2137//2137
f 1635//1635 2137//2137 1637//1637
f 2137//2137 2138//2138 1637//1637
f 1637//1637 2138//2138 1644//1644
f 2138//2138 2139//2139 1644//1644
f 1644//1644 2139//2139 1645//1645
f 2139//2139 2140//2140 1645//1645
f 1645//1645 2140//2140 1646//1646
f 2140//2140 2141//2141 1646//1646
f 1646//1646 2141//2141 1631//1631
f 2141//2141 2142//2142 1631//1631
f 1631//1631 2142//2142 1632//1632
f 2142//2142 2143//2143 1632//1632
f 1632//1632 2143//2143 1633//1633
f 2143//2143 2123//2123 1633//1633
f 1633//1633 2123//2123 1629//1629
f 2136//2136 1838//1838 1825//1825
f 2136//2136 1825//1825 2137//2137
f 1825//1825 1824//1824 2137//2137
f 2137//2137 1824//1824 2138//2138
f 1824//1824 1853//1853 2138//2138
f 2138//2138 1853//1853 2139//2139
f 1853//1853 1830//1830 2139//2139
f 2139//2139 1830//1830 2140//2140
f 1830//1830 1829//1829 2140//2140
f 2140//2140 1829//1829 2141//2141
f 1829//1829 1828//1828 2141//2141
f 2141//2141 1828//1828 2142//2142
f 1828//1828 1827//1827 2142//2142
f 2142//2142 1827//1827 2143//2143
f 1827//1827 1826//1826 2143//2143
f 2143//2143 1826//1826 2123//2123
f 1840//1840 1838//1838 2144//2144
f 1838//1838 2136//2136 2144//2144
f 1635//1635 1634//1634 2136//2136
f 1634//1634 2144//2144 2136//2136
f 1665//1665 2145//2145 1663//1663
f 2145//2145 2146//2146 1663//1663
f 1663//1663 2146//2146 1661//1661
f 2146//2146 2147//2147 1661//1661
f 2147//2147 2148//2148 1661//1661
f 1661//1661 2148//2148 1658//1658
f 2148//2148 2149//2149 1658//1658
f 2149//2149 2150//2150 1658//1658
f 1658//1658 2150//2150 1671//1671
f 2150//2150 2151//2151 1671//1671
f 2151//2151 2152//2152 1671//1671
f 1671//1671 2152//2152 1679//1679
f 2152//2152 2153//2153 1679//1679
f 2153//2153 2154//2154 1679//1679
f 1679//1679 2154//2154 1677//1677
f 2154//2154 2155//2155 1677//1677
f 2155//2155 2156//2156 1677//1677
f 2156//2156 2157//2157 1677//1677
f 1677//1677 2157//2157 1675//1675
f 2157//2157 2158//2158 1675//1675
f 2158//2158 2159//2159 1675//1675
f 1675//1675 2159//2159 1649//1649
f 2159//2159 2160//2160 1649//1649
f 2160//2160 2161//2161 1649//1649
f 1649//1649 2161//2161 1642//1642
f 2161//2161 2162//2162 1642//1642
f 2162//2162 2163//2163 1642//1642
f 1642//1642 2163//2163 1640//1640
f 2144//2144 1634//1634 2164//2164
f 1634//1634 1622//1622 2164//2164
f 2164//2164 1622//1622 2165//2165
f 1622//1622 1640//1640 2165//2165
f 2165//2165 1640//1640 2166//2166
f 1640//1640 2163//2163 2166//2166
f 1842//1842 1840//1840 2144//2144
f 2146//2146 2145//2145 1858//1858
f 1858//1858 1870//1870 2146//2146
f 1870//1870 1868//1868 2146//2146
f 2146//2146 1868//1868 2147//2147
f 1866//1866 2149//2149 1868//1868
f 2149//2149 2148//2148 1868//1868
f 1868//1868 2148//2148 2147//2147
f 1864//1864 1862//1862 2153//2153
f 2153//2153 2152//2152 1864//1864
f 2152//2152 2151//2151 1864//1864
f 1864//1864 2151//2151 1866//1866
f 2151//2151 2150//2150 1866//1866
f 1866//1866 2150//2150 2149//2149
f 1859//1859 2156//2156 1860//1860
f 2156//2156 2155//2155 1860//1860
f 1860//1860 2155//2155 1862//1862
f 2155//2155 2154//2154 1862//1862
f 1862//1862 2154//2154 2153//2153
f 1850//1850 2158//2158 1859//1859
f 2158//2158 2157//2157 1859//1859
f 1859//1859 2157//2157 2156//2156
f 1848//1848 2160//2160 1850//1850
f 2160//2160 2159//2159 1850//1850
f 1850//1850 2159//2159 2158//2158
f 1846//1846 2162//2162 1848//1848
f 2162//2162 2161//2161 1848//1848
f 1848//1848 2161//2161 2160//2160
f 2144//2144 2164//2164 1842//1842
f 2164//2164 2165//2165 1842//1842
f 1842//1842 2165//2165 1844//1844
f 2165//2165 2166//2166 1844//1844
f 1844//1844 2166//2166 1846//1846
f 2166//2166 2163//2163 1846//1846
f 1846//1846 2163//2163 2162//2162
f 1856//1856 1858//1858 2167//2167
f 1858//1858 2145//2145 2167//2167
f 2145//2145 1665//1665 2167//2167
f 1665//1665 1667//1667 2167//2167
f 2167//2167 1667//1667 1696//1696
f 1691//1691 2168//2168 2169//2169
f 1691//1691 2169//2169 1692//1692
f 2169//2169 2170//2170 1692//1692
f 1692//1692 2170//2170 1693//1693
f 2170//2170 2171//2171 1693//1693
f 1693//1693 2171//2171 1689//1689
f 2171//2171 2172//2172 1689//1689
f 1689//1689 2172//2172 1690//1690
f 2172//2172 2173//2173 1690//1690
f 1690//1690 2173//2173 1697//1697
f 2173//2173 2167//2167 1697//1697
f 1697//1697 2167//2167 1696//1696
f 1856//1856 2167//2167 2173//2173
f 1856//1856 2173//2173 1854//1854
f 2173//2173 2172//2172 1854//1854
f 1854//1854 2172//2172 1836//1836
f 2172//2172 2171//2171 1836//1836
f 1836//1836 2171//2171 1835//1835
f 2171//2171 2170//2170 1835//1835
f 1835//1835 2170//2170 1832//1832
f 2170//2170 2169//2169 1832//1832
f 1832//1832 2169//2169 1818//1818
f 2169//2169 2168//2168 1818//1818
f 1818//1818 2168//2168 1819//1819
f 1947//1947 1820//1820 1819//1819
f 2168//2168 2174//2174 1819//1819
f 2174//2174 1941//1941 1819//1819
f 1819//1819 1941//1941 1947//1947
f 1691//1691 1700//1700 2168//2168
f 1700//1700 2174//2174 2168//2168
f 1467//1467 2174//2174 1475//1475
f 2174//2174 1700//1700 1475//1475
f 2174//2174 1467//1467 1941//1941
f 1467//1467 1466//1466 1941//1941
f 2128//2128 2175//2175 1613//1613
f 2175//2175 1615//1615 1613//1613
f 1615//1615 2175//2175 1582//1582
f 2175//2175 2176//2176 1582//1582
f 1582//1582 2176//2176 1583//1583
f 2176//2176 2177//2177 1583//1583
f 2177//2177 2178//2178 1583//1583
f 1583//1583 2178//2178 1585//1585
f 2178//2178 2179//2179 1585//1585
f 2179//2179 2180//2180 1585//1585
f 1585//1585 2180//2180 1587//1587
f 2180//2180 2181//2181 1587//1587
f 2181//2181 2182//2182 1587//1587
f 1587//1587 2182//2182 1589//1589
f 2182//2182 2183//2183 1589//1589
f 2183//2183 2184//2184 1589//1589
f 1589//1589 2184//2184 1591//1591
f 2184//2184 2185//2185 1591//1591
f 2185//2185 2186//2186 1591//1591
f 2186//2186 2187//2187 1591//1591
f 1591//1591 2187//2187 1593//1593
f 2187//2187 2188//2188 1593//1593
f 2188//2188 2189//2189 1593//1593
f 1593//1593 2189//2189 1594//1594
f 2189//2189 2190//2190 1594//1594
f 2190//2190 2191//2191 1594//1594
f 1594//1594 2191//2191 1595//1595
f 2191//2191 2192//2192 1595//1595
f 2192//2192 2193//2193 1595//1595
f 1595//1595 2193//2193 1479//1479
f 2194//2194 1569//1569 2195//2195
f 1569//1569 1480//1480 2195//2195
f 2195//2195 1480//1480 2196//2196
f 1480//1480 1479//1479 2196//2196
f 2196//2196 1479//1479 2197//2197
f 1479//1479 2193//2193 2197//2197
f 2176//2176 2175//2175 2115//2115
f 2086//2086 2087//2087 2194//2194
f 2115//2115 2114//2114 2176//2176
f 2114//2114 2113//2113 2176//2176
f 2176//2176 2113//2113 2177//2177
f 2112//2112 2179//2179 2113//2113
f 2179//2179 2178//2178 2113//2113
f 2113//2113 2178//2178 2177//2177
f 2111//2111 2110//2110 2183//2183
f 2183//2183 2182//2182 2111//2111
f 2182//2182 2181//2181 2111//2111
f 2111//2111 2181//2181 2112//2112
f 2181//2181 2180//2180 2112//2112
f 2112//2112 2180//2180 2179//2179
f 2108//2108 2186//2186 2109//2109
f 2186//2186 2185//2185 2109//2109
f 2109//2109 2185//2185 2110//2110
f 2185//2185 2184//2184 2110//2110
f 2110//2110 2184//2184 2183//2183
f 2082//2082 2188//2188 2108//2108
f 2188//2188 2187//2187 2108//2108
f 2108//2108 2187//2187 2186//2186
f 2083//2083 2190//2190 2082//2082
f 2190//2190 2189//2189 2082//2082
f 2082//2082 2189//2189 2188//2188
f 2084//2084 2192//2192 2083//2083
f 2192//2192 2191//2191 2083//2083
f 2083//2083 2191//2191 2190//2190
f 2194//2194 2195//2195 2086//2086
f 2195//2195 2196//2196 2086//2086
f 2086//2086 2196//2196 2085//2085
f 2196//2196 2197//2197 2085//2085
f 2085//2085 2197//2197 2084//2084
f 2197//2197 2193//2193 2084//2084
f 2084//2084 2193//2193 2192//2192
f 2175//2175 2128//2128 2115//2115
f 2128//2128 2116//2116 2115//2115
f 2198//2198 2194//2194 2088//2088
f 2194//2194 2087//2087 2088//2088
f 1571//1571 1569//1569 2198//2198
f 1569//1569 2194//2194 2198//2198
f 1571//1571 2198//2198 2199//2199
f 1571//1571 2199//2199 1572//1572
f 2199//2199 2200//2200 1572//1572
f 1572//1572 2200//2200 1564//1564
f 2200//2200 2201//2201 1564//1564
f 1564//1564 2201//2201 1565//1565
f 2201//2201 2202//2202 1565//1565
f 1565//1565 2202//2202 1567//1567
f 2202//2202 2203//2203 1567//1567
f 1567//1567 2203//2203 1581//1581
f 2203//2203 2204//2204 1581//1581
f 1581//1581 2204//2204 1580//1580
f 2204//2204 2205//2205 1580//1580
f 1580//1580 2205//2205 1578//1578
f 2205//2205 2127//2127 1578//1578
f 1578//1578 2127//2127 1561//1561
f 2198//2198 2088//2088 2089//2089
f 2198//2198 2089//2089 2199//2199
f 2089//2089 2090//2090 2199//2199
f 2199//2199 2090//2090 2200//2200
f 2090//2090 2099//2099 2200//2200
f 2200//2200 2099//2099 2201//2201
f 2099//2099 2098//2098 2201//2201
f 2201//2201 2098//2098 2202//2202
f 2098//2098 2093//2093 2202//2202
f 2202//2202 2093//2093 2203//2203
f 2093//2093 2092//2092 2203//2203
f 2203//2203 2092//2092 2204//2204
f 2092//2092 2094//2094 2204//2204
f 2204//2204 2094//2094 2205//2205
f 2094//2094 2096//2096 2205//2205
f 2205//2205 2096//2096 2127//2127
f 1561//1561 2127//2127 2126//2126
f 1561//1561 2126//2126 1562//1562
f 2126//2126 2125//2125 1562//1562
f 1562//1562 2125//2125 1529//1529
f 2125//2125 2119//2119 1529//1529
f 1529//1529 2119//2119 1530//1530
f 2119//2119 2118//2118 1530//1530
f 1530//1530 2118//2118 1556//1556
f 1556//1556 2118//2118 2206//2206
f 1556//1556 2206//2206 1557//1557
f 2206//2206 2207//2207 1557//1557
f 1557//1557 2207//2207 1558//1558
f 2207//2207 2208//2208 1558//1558
f 1558//1558 2208//2208 1553//1553
f 2208//2208 2209//2209 1553//1553
f 1553//1553 2209//2209 1554//1554
f 2209//2209 2210//2210 1554//1554
f 1554//1554 2210//2210 1555//1555
f 2210//2210 2211//2211 1555//1555
f 1555//1555 2211//2211 1552//1552
f 2211//2211 2212//2212 1552//1552
f 1552//1552 2212//2212 1550//1550
f 2212//2212 2213//2213 1550//1550
f 1550//1550 2213//2213 1546//1546
f 1816//1816 2213//2213 2212//2212
f 1816//1816 2212//2212 1817//1817
f 2212//2212 2211//2211 1817//1817
f 1817//1817 2211//2211 1788//1788
f 2211//2211 2210//2210 1788//1788
f 1788//1788 2210//2210 1789//1789
f 2210//2210 2209//2209 1789//1789
f 1789//1789 2209//2209 1790//1790
f 2209//2209 2208//2208 1790//1790
f 1790//1790 2208//2208 1791//1791
f 2208//2208 2207//2207 1791//1791
f 1791//1791 2207//2207 1775//1775
f 2207//2207 2206//2206 1775//1775
f 1775//1775 2206//2206 1774//1774
f 2206//2206 2118//2118 1774//1774
f 1774//1774 2118//2118 1773//1773
f 1816//1816 1814//1814 2213//2213
f 1814//1814 2214//2214 2213//2213
f 2213//2213 2214//2214 1546//1546
f 2214//2214 1544//1544 1546//1546
f 1544//1544 2214//2214 1532//1532
f 2214//2214 2215//2215 1532//1532
f 1532//1532 2215//2215 1533//1533
f 2215//2215 2216//2216 1533//1533
f 2216//2216 2217//2217 1533//1533
f 1533//1533 2217//2217 1524//1524
f 2217//2217 2218//2218 1524//1524
f 2218//2218 2219//2219 1524//1524
f 1524//1524 2219//2219 1520//1520
f 2219//2219 2220//2220 1520//1520
f 2220//2220 2221//2221 1520//1520
f 1520//1520 2221//2221 1518//1518
f 2221//2221 2222//2222 1518//1518
f 2222//2222 2223//2223 1518//1518
f 1518//1518 2223//2223 1516//1516
f 2223//2223 2224//2224 1516//1516
f 2224//2224 2225//2225 1516//1516
f 2225//2225 2226//2226 1516//1516
f 1516//1516 2226//2226 1514//1514
f 2226//2226 2227//2227 1514//1514
f 2227//2227 2228//2228 1514//1514
f 1514//1514 2228//2228 1512//1512
f 2228//2228 2229//2229 1512//1512
f 2229//2229 2230//2230 1512//1512
f 1512//1512 2230//2230 1492//1492
f 2230//2230 2231//2231 1492//1492
f 2231//2231 2232//2232 1492//1492
f 1492//1492 2232//2232 1501//1501
f 2233//2233 1506//1506 2234//2234
f 1506//1506 1499//1499 2234//2234
f 2234//2234 1499//1499 2235//2235
f 1499//1499 1501//1501 2235//2235
f 2235//2235 1501//1501 2236//2236
f 1501//1501 2232//2232 2236//2236
f 1798//1798 1787//1787 2233//2233
f 2215//2215 2214//2214 1814//1814
f 1814//1814 1812//1812 2215//2215
f 1812//1812 1810//1810 2215//2215
f 2215//2215 1810//1810 2216//2216
f 1808//1808 1806//1806 2220//2220
f 2220//2220 2219//2219 1808//1808
f 2219//2219 2218//2218 1808//1808
f 1808//1808 2218//2218 1810//1810
f 2218//2218 2217//2217 1810//1810
f 1810//1810 2217//2217 2216//2216
f 1804//1804 1802//1802 2224//2224
f 2224//2224 2223//2223 1804//1804
f 2223//2223 2222//2222 1804//1804
f 1804//1804 2222//2222 1806//1806
f 2222//2222 2221//2221 1806//1806
f 1806//1806 2221//2221 2220//2220
f 1768//1768 2227//2227 1801//1801
f 2227//2227 2226//2226 1801//1801
f 1801//1801 2226//2226 1802//1802
f 2226//2226 2225//2225 1802//1802
f 1802//1802 2225//2225 2224//2224
f 1792//1792 2229//2229 1768//1768
f 2229//2229 2228//2228 1768//1768
f 1768//1768 2228//2228 2227//2227
f 1794//1794 2231//2231 1792//1792
f 2231//2231 2230//2230 1792//1792
f 1792//1792 2230//2230 2229//2229
f 2233//2233 2234//2234 1798//1798
f 2234//2234 2235//2235 1798//1798
f 1798//1798 2235//2235 1796//1796
f 2235//2235 2236//2236 1796//1796
f 1796//1796 2236//2236 1794//1794
f 2236//2236 2232//2232 1794//1794
f 1794//1794 2232//2232 2231//2231
f 1787//1787 1785//1785 2233//2233
f 1785//1785 2237//2237 2233//2233
f 1506//1506 2233//2233 1493//1493
f 2233//2233 2237//2237 1493//1493
f 1493//1493 2237//2237 1487//1487
f 1487//1487 2237//2237 2238//2238
f 1487//1487 2238//2238 1488//1488
f 2238//2238 2239//2239 1488//1488
f 1488//1488 2239//2239 1489//1489
f 2239//2239 2240//2240 1489//1489
f 1489//1489 2240//2240 1482//1482
f 2240//2240 2241//2241 1482//1482
f 1482//1482 2241//2241 1483//1483
f 2241//2241 2242//2242 1483//1483
f 1483//1483 2242//2242 1485//1485
f 2242//2242 2243//2243 1485//1485
f 1485//1485 2243//2243 1486//1486
f 2237//2237 1785//1785 1783//1783
f 2237//2237 1783//1783 2238//2238
f 1783//1783 1782//1782 2238//2238
f 2238//2238 1782//1782 2239//2239
f 1782//1782 1777//1777 2239//2239
f 2239//2239 1777//1777 2240//2240
f 1777//1777 1765//1765 2240//2240
f 2240//2240 1765//1765 2241//2241
f 1765//1765 1771//1771 2241//2241
f 2241//2241 1771//1771 2242//2242
f 1771//1771 1772//1772 2242//2242
f 2242//2242 1772//1772 2243//2243
f 1770//1770 2023//2023 1772//1772
f 2023//2023 2025//2025 1772//1772
f 1772//1772 2025//2025 2243//2243
f 2025//2025 2244//2244 2243//2243
f 2243//2243 2244//2244 1486//1486
f 2244//2244 1722//1722 1486//1486
f 2244//2244 713//713 1722//1722
f 713//713 1723//1723 1722//1722
f 713//713 2244//2244 712//712
f 2244//2244 2025//2025 712//712
f 1725//1725 1723//1723 711//711
f 1723//1723 713//713 711//711
f 711//711 710//710 1725//1725
f 710//710 2245//2245 1725//1725
f 1725//1725 2245//2245 1727//1727
f 2245//2245 2246//2246 1727//1727
f 2246//2246 2247//2247 1727//1727
f 2247//2247 2248//2248 1727//1727
f 1727//1727 2248//2248 1717//1717
f 2248//2248 2249//2249 1717//1717
f 2249//2249 2250//2250 1717//1717
f 1717//1717 2250//2250 1732//1732
f 2250//2250 2251//2251 1732//1732
f 2251//2251 2252//2252 1732//1732
f 1732//1732 2252//2252 1730//1730
f 2253//2253 1474//1474 2254//2254
f 1474//1474 1730//1730 2254//2254
f 2254//2254 1730//1730 2255//2255
f 1730//1730 2252//2252 2255//2255
f 1474//1474 2253//2253 1469//1469
f 2253//2253 1471//1471 1469//1469
f 1471//1471 2253//2253 2256//2256
f 2256//2256 2257//2257 1471//1471
f 2257//2257 2258//2258 1471//1471
f 1471//1471 2258//2258 1473//1473
f 2258//2258 2259//2259 1473//1473
f 1473//1473 2259//2259 2260//2260
f 2260//2260 2261//2261 1473//1473
f 2261//2261 2262//2262 1473//1473
f 1473//1473 2262//2262 2263//2263
f 2263//2263 2264//2264 1473//1473
f 2264//2264 2265//2265 1473//1473
f 1473//1473 2265//2265 2266//2266
f 2266//2266 2267//2267 1473//1473
f 2267//2267 2268//2268 1473//1473
f 1473//1473 2268//2268 2269//2269
f 2269//2269 2268//2268 2270//2270
f 2271//2271 2272//2272 2273//2273
f 2274//2274 2275//2275 2276//2276
f 2277//2277 2278//2278 2279//2279
f 2280//2280 2281//2281 2282//2282
f 2283//2283 2284//2284 2285//2285
f 2286//2286 2287//2287 2288//2288
f 2289//2289 2290//2290 2291//2291
f 2292//2292 2293//2293 2294//2294
f 2293//2293 2295//2295 2294//2294
f 2294//2294 2295//2295 2296//2296
f 2295//2295 2297//2297 2296//2296
f 2298//2298 2299//2299 2300//2300
f 2299//2299 2298//2298 2301//2301
f 2298//2298 2302//2302 2301//2301
f 2301//2301 2302//2302 2303//2303
f 2300//2300 2304//2304 2298//2298
f 2304//2304 2305//2305 2298//2298
f 2298//2298 2305//2305 2306//2306
f 2307//2307 2308//2308 2294//2294
f 2308//2308 2309//2309 2294//2294
f 2294//2294 2309//2309 2292//2292
f 2297//2297 2310//2310 2296//2296
f 2310//2310 2311//2311 2296//2296
f 2296//2296 2311//2311 2312//2312
f 2311//2311 2313//2313 2312//2312
f 2313//2313 2314//2314 2312//2312
f 2312//2312 2314//2314 2315//2315
f 2316//2316 2317//2317 2318//2318
f 2318//2318 2319//2319 2316//2316
f 2319//2319 2320//2320 2316//2316
f 2316//2316 2320//2320 2302//2302
f 2320//2320 2321//2321 2302//2302
f 2302//2302 2321//2321 2303//2303
f 2322//2322 2323//2323 2258//2258
f 2324//2324 2325//2325 2326//2326
f 2327//2327 2328//2328 2257//2257
f 2328//2328 2329//2329 2257//2257
f 2257//2257 2329//2329 2258//2258
f 2329//2329 2330//2330 2258//2258
f 2258//2258 2330//2330 2322//2322
f 2326//2326 2331//2331 2324//2324
f 2331//2331 2332//2332 2324//2324
f 2324//2324 2332//2332 2333//2333
f 2332//2332 2334//2334 2333//2333
f 2333//2333 2334//2334 2335//2335
f 2336//2336 2337//2337 2338//2338
f 2337//2337 2339//2339 2338//2338
f 2338//2338 2339//2339 2340//2340
f 2335//2335 2341//2341 2333//2333
f 2341//2341 2342//2342 2333//2333
f 2333//2333 2342//2342 2338//2338
f 2342//2342 2343//2343 2338//2338
f 2338//2338 2343//2343 2336//2336
f 2340//2340 2344//2344 2256//2256
f 2344//2344 2345//2345 2256//2256
f 2345//2345 2346//2346 2256//2256
f 2346//2346 2347//2347 2256//2256
f 2256//2256 2347//2347 2257//2257
f 2347//2347 2348//2348 2257//2257
f 2257//2257 2348//2348 2327//2327
f 2349//2349 2350//2350 2351//2351
f 2352//2352 2353//2353 2354//2354
f 2355//2355 2356//2356 2351//2351
f 2356//2356 2357//2357 2351//2351
f 2351//2351 2357//2357 2349//2349
f 2353//2353 2358//2358 2354//2354
f 2358//2358 2359//2359 2354//2354
f 2354//2354 2359//2359 2360//2360
f 2359//2359 2361//2361 2360//2360
f 2360//2360 2361//2361 2362//2362
f 2363//2363 2364//2364 2355//2355
f 2364//2364 2365//2365 2355//2355
f 2355//2355 2365//2365 2356//2356
f 2366//2366 2367//2367 2368//2368
f 2369//2369 2370//2370 2363//2363
f 2370//2370 2371//2371 2363//2363
f 2363//2363 2371//2371 2364//2364
f 2372//2372 2373//2373 2363//2363
f 2362//2362 2374//2374 2360//2360
f 2374//2374 2375//2375 2360//2360
f 2360//2360 2375//2375 2368//2368
f 2375//2375 2376//2376 2368//2368
f 2368//2368 2376//2376 2366//2366
f 2373//2373 2377//2377 2363//2363
f 2377//2377 2378//2378 2363//2363
f 2363//2363 2378//2378 2369//2369
f 2379//2379 2380//2380 2381//2381
f 2382//2382 2383//2383 2384//2384
f 2383//2383 2385//2385 2384//2384
f 2385//2385 2386//2386 2384//2384
f 2386//2386 2387//2387 2384//2384
f 2384//2384 2387//2387 2388//2388
f 2389//2389 2390//2390 2290//2290
f 2390//2390 2391//2391 2290//2290
f 2391//2391 2392//2392 2290//2290
f 2290//2290 2392//2392 2291//2291
f 2392//2392 2393//2393 2291//2291
f 2393//2393 2394//2394 2291//2291
f 2291//2291 2394//2394 2395//2395
f 2381//2381 2396//2396 2379//2379
f 2396//2396 2397//2397 2379//2379
f 2379//2379 2397//2397 2398//2398
f 2397//2397 2399//2399 2398//2398
f 2398//2398 2399//2399 2290//2290
f 2399//2399 2400//2400 2290//2290
f 2290//2290 2400//2400 2389//2389
f 2401//2401 2402//2402 2403//2403
f 2403//2403 2404//2404 2401//2401
f 2404//2404 2405//2405 2401//2401
f 2401//2401 2405//2405 2406//2406
f 2405//2405 2407//2407 2406//2406
f 2406//2406 2407//2407 2408//2408
f 2402//2402 2401//2401 2409//2409
f 2401//2401 2410//2410 2409//2409
f 2409//2409 2410//2410 2411//2411
f 2285//2285 2284//2284 2412//2412
f 2413//2413 2414//2414 2415//2415
f 2414//2414 2416//2416 2415//2415
f 2416//2416 2417//2417 2415//2415
f 2417//2417 2418//2418 2415//2415
f 2415//2415 2418//2418 2285//2285
f 2418//2418 2419//2419 2285//2285
f 2285//2285 2419//2419 2283//2283
f 2420//2420 2421//2421 2422//2422
f 2422//2422 2423//2423 2420//2420
f 2423//2423 2424//2424 2420//2420
f 2420//2420 2424//2424 2425//2425
f 2424//2424 2426//2426 2425//2425
f 2426//2426 2427//2427 2425//2425
f 2425//2425 2427//2427 2428//2428
f 2281//2281 2429//2429 2282//2282
f 2429//2429 2430//2430 2282//2282
f 2282//2282 2430//2430 2431//2431
f 2432//2432 2433//2433 2420//2420
f 2433//2433 2434//2434 2420//2420
f 2420//2420 2434//2434 2421//2421
f 2428//2428 2435//2435 2425//2425
f 2435//2435 2436//2436 2425//2425
f 2425//2425 2436//2436 2437//2437
f 2436//2436 2438//2438 2437//2437
f 2438//2438 2439//2439 2437//2437
f 2439//2439 2440//2440 2437//2437
f 2437//2437 2440//2440 2441//2441
f 2442//2442 2443//2443 2444//2444
f 2443//2443 2445//2445 2444//2444
f 2444//2444 2445//2445 2446//2446
f 2395//2395 2447//2447 2291//2291
f 2447//2447 2448//2448 2291//2291
f 2291//2291 2448//2448 2449//2449
f 2448//2448 2450//2450 2449//2449
f 2382//2382 2384//2384 2451//2451
f 2384//2384 2452//2452 2451//2451
f 2451//2451 2452//2452 2453//2453
f 2454//2454 2455//2455 2456//2456
f 2455//2455 2457//2457 2456//2456
f 2458//2458 2459//2459 2460//2460
f 2459//2459 2461//2461 2460//2460
f 2460//2460 2461//2461 2462//2462
f 2463//2463 2464//2464 2465//2465
f 2464//2464 2466//2466 2465//2465
f 2467//2467 2468//2468 2469//2469
f 2468//2468 2470//2470 2469//2469
f 2470//2470 2471//2471 2469//2469
f 2469//2469 2471//2471 2472//2472
f 2466//2466 2473//2473 2465//2465
f 2473//2473 2474//2474 2465//2465
f 2465//2465 2474//2474 2456//2456
f 2474//2474 2475//2475 2456//2456
f 2456//2456 2475//2475 2454//2454
f 2462//2462 2476//2476 2460//2460
f 2476//2476 2477//2477 2460//2460
f 2460//2460 2477//2477 2465//2465
f 2477//2477 2478//2478 2465//2465
f 2465//2465 2478//2478 2463//2463
f 2479//2479 2262//2262 2480//2480
f 2262//2262 2261//2261 2480//2480
f 2480//2480 2261//2261 2481//2481
f 2482//2482 2483//2483 2484//2484
f 2483//2483 2485//2485 2484//2484
f 2484//2484 2485//2485 2486//2486
f 2487//2487 2488//2488 2489//2489
f 2488//2488 2490//2490 2489//2489
f 2489//2489 2490//2490 2491//2491
f 2490//2490 2492//2492 2491//2491
f 2493//2493 2494//2494 2324//2324
f 2278//2278 2495//2495 2279//2279
f 2495//2495 2496//2496 2279//2279
f 2279//2279 2496//2496 2497//2497
f 2498//2498 2499//2499 2500//2500
f 2499//2499 2501//2501 2500//2500
f 2500//2500 2501//2501 2502//2502
f 2501//2501 2503//2503 2502//2502
f 2494//2494 2504//2504 2324//2324
f 2504//2504 2505//2505 2324//2324
f 2324//2324 2505//2505 2506//2506
f 2506//2506 2507//2507 2324//2324
f 2507//2507 2508//2508 2324//2324
f 2324//2324 2508//2508 2501//2501
f 2508//2508 2509//2509 2501//2501
f 2501//2501 2509//2509 2503//2503
f 2510//2510 2511//2511 2512//2512
f 2511//2511 2513//2513 2512//2512
f 2514//2514 2515//2515 2516//2516
f 2515//2515 2511//2511 2516//2516
f 2516//2516 2511//2511 2517//2517
f 2511//2511 2510//2510 2517//2517
f 2514//2514 2518//2518 2515//2515
f 2518//2518 2519//2519 2515//2515
f 2515//2515 2519//2519 2520//2520
f 2521//2521 2522//2522 2523//2523
f 2522//2522 2524//2524 2523//2523
f 2524//2524 2525//2525 2523//2523
f 2523//2523 2525//2525 2526//2526
f 2513//2513 2511//2511 2527//2527
f 2511//2511 2528//2528 2527//2527
f 2527//2527 2528//2528 2529//2529
f 2530//2530 2531//2531 2532//2532
f 2531//2531 2533//2533 2532//2532
f 2532//2532 2533//2533 2534//2534
f 2533//2533 2535//2535 2534//2534
f 2536//2536 2537//2537 2538//2538
f 2537//2537 2539//2539 2538//2538
f 2538//2538 2539//2539 2540//2540
f 2539//2539 2541//2541 2540//2540
f 2542//2542 2543//2543 2544//2544
f 2543//2543 2545//2545 2544//2544
f 2545//2545 2406//2406 2544//2544
f 2544//2544 2406//2406 2546//2546
f 2406//2406 2408//2408 2546//2546
f 2547//2547 2548//2548 2465//2465
f 2548//2548 2549//2549 2465//2465
f 2465//2465 2549//2549 2550//2550
f 2551//2551 2460//2460 2552//2552
f 2460//2460 2465//2465 2552//2552
f 2552//2552 2465//2465 2553//2553
f 2465//2465 2550//2550 2553//2553
f 2554//2554 2555//2555 2556//2556
f 2555//2555 2557//2557 2556//2556
f 2556//2556 2557//2557 2558//2558
f 2551//2551 2559//2559 2460//2460
f 2559//2559 2560//2560 2460//2460
f 2460//2460 2560//2560 2561//2561
f 2562//2562 2563//2563 2564//2564
f 2563//2563 2565//2565 2564//2564
f 2564//2564 2565//2565 2566//2566
f 2561//2561 2567//2567 2460//2460
f 2567//2567 2568//2568 2460//2460
f 2460//2460 2568//2568 2564//2564
f 2568//2568 2569//2569 2564//2564
f 2564//2564 2569//2569 2562//2562
f 2570//2570 2571//2571 2572//2572
f 2275//2275 2573//2573 2276//2276
f 2573//2573 2574//2574 2276//2276
f 2276//2276 2574//2574 2575//2575
f 2571//2571 2576//2576 2572//2572
f 2576//2576 2577//2577 2572//2572
f 2572//2572 2577//2577 2437//2437
f 2577//2577 2578//2578 2437//2437
f 2578//2578 2579//2579 2437//2437
f 2437//2437 2579//2579 2580//2580
f 2581//2581 2582//2582 2572//2572
f 2582//2582 2583//2583 2572//2572
f 2572//2572 2583//2583 2570//2570
f 2580//2580 2584//2584 2437//2437
f 2584//2584 2585//2585 2437//2437
f 2437//2437 2585//2585 2425//2425
f 2585//2585 2586//2586 2425//2425
f 2586//2586 2587//2587 2425//2425
f 2587//2587 2588//2588 2425//2425
f 2425//2425 2588//2588 2589//2589
f 2590//2590 2591//2591 2415//2415
f 2379//2379 2413//2413 2592//2592
f 2413//2413 2415//2415 2592//2592
f 2592//2592 2415//2415 2593//2593
f 2415//2415 2591//2591 2593//2593
f 2594//2594 2595//2595 2596//2596
f 2596//2596 2595//2595 2597//2597
f 2595//2595 2598//2598 2597//2597
f 2597//2597 2598//2598 2599//2599
f 2599//2599 2600//2600 2597//2597
f 2600//2600 2601//2601 2597//2597
f 2597//2597 2601//2601 2602//2602
f 2603//2603 2604//2604 2605//2605
f 2604//2604 2606//2606 2605//2605
f 2605//2605 2607//2607 2608//2608
f 2607//2607 2609//2609 2608//2608
f 2606//2606 2610//2610 2605//2605
f 2610//2610 2611//2611 2605//2605
f 2605//2605 2611//2611 2607//2607
f 2612//2612 2613//2613 2614//2614
f 2615//2615 2616//2616 2617//2617
f 2616//2616 2618//2618 2617//2617
f 2618//2618 2619//2619 2617//2617
f 2617//2617 2619//2619 2596//2596
f 2619//2619 2620//2620 2596//2596
f 2596//2596 2620//2620 2594//2594
f 2609//2609 2621//2621 2608//2608
f 2621//2621 2622//2622 2608//2608
f 2608//2608 2622//2622 2614//2614
f 2622//2622 2623//2623 2614//2614
f 2614//2614 2623//2623 2612//2612
f 2624//2624 2625//2625 2626//2626
f 2625//2625 2627//2627 2626//2626
f 2628//2628 2629//2629 2630//2630
f 2629//2629 2631//2631 2630//2630
f 2630//2630 2631//2631 2632//2632
f 2626//2626 2633//2633 2634//2634
f 2633//2633 2635//2635 2634//2634
f 2636//2636 2637//2637 2638//2638
f 2637//2637 2639//2639 2638//2638
f 2638//2638 2639//2639 2630//2630
f 2639//2639 2640//2640 2630//2630
f 2630//2630 2640//2640 2628//2628
f 2627//2627 2641//2641 2626//2626
f 2641//2641 2642//2642 2626//2626
f 2626//2626 2642//2642 2633//2633
f 2636//2636 2638//2638 2643//2643
f 2638//2638 2644//2644 2643//2643
f 2643//2643 2644//2644 2645//2645
f 2635//2635 2646//2646 2634//2634
f 2646//2646 2647//2647 2634//2634
f 2634//2634 2647//2647 2648//2648
f 2647//2647 2649//2649 2648//2648
f 2648//2648 2649//2649 2650//2650
f 2650//2650 2651//2651 2648//2648
f 2651//2651 2652//2652 2648//2648
f 2648//2648 2652//2652 2644//2644
f 2652//2652 2653//2653 2644//2644
f 2644//2644 2653//2653 2645//2645
f 2654//2654 2655//2655 2656//2656
f 2657//2657 2658//2658 2659//2659
f 2272//2272 2660//2660 2273//2273
f 2660//2660 2661//2661 2273//2273
f 2273//2273 2661//2661 2662//2662
f 2655//2655 2663//2663 2656//2656
f 2663//2663 2664//2664 2656//2656
f 2656//2656 2664//2664 2665//2665
f 2665//2665 2666//2666 2656//2656
f 2666//2666 2667//2667 2656//2656
f 2656//2656 2667//2667 2668//2668
f 2667//2667 2669//2669 2668//2668
f 2669//2669 2670//2670 2668//2668
f 2668//2668 2670//2670 2671//2671
f 2671//2671 2672//2672 2668//2668
f 2672//2672 2673//2673 2668//2668
f 2668//2668 2673//2673 2657//2657
f 2673//2673 2674//2674 2657//2657
f 2657//2657 2674//2674 2658//2658
f 2675//2675 2676//2676 2677//2677
f 2659//2659 2678//2678 2657//2657
f 2678//2678 2679//2679 2657//2657
f 2657//2657 2679//2679 2677//2677
f 2679//2679 2680//2680 2677//2677
f 2677//2677 2680//2680 2675//2675
f 2681//2681 2682//2682 2683//2683
f 2270//2270 2684//2684 2685//2685
f 2686//2686 2687//2687 2688//2688
f 2689//2689 2690//2690 2691//2691
f 2685//2685 2692//2692 2270//2270
f 2692//2692 2693//2693 2270//2270
f 2270//2270 2693//2693 2688//2688
f 2693//2693 2694//2694 2688//2688
f 2688//2688 2694//2694 2686//2686
f 2687//2687 2695//2695 2688//2688
f 2695//2695 2696//2696 2688//2688
f 2688//2688 2696//2696 2689//2689
f 2690//2690 2697//2697 2691//2691
f 2697//2697 2698//2698 2691//2691
f 2691//2691 2698//2698 2699//2699
f 2700//2700 2701//2701 2683//2683
f 2701//2701 2702//2702 2683//2683
f 2683//2683 2702//2702 2681//2681
f 2703//2703 2704//2704 2267//2267
f 2704//2704 2705//2705 2267//2267
f 2267//2267 2705//2705 2268//2268
f 2705//2705 2706//2706 2268//2268
f 2268//2268 2706//2706 2270//2270
f 2706//2706 2707//2707 2270//2270
f 2270//2270 2707//2707 2684//2684
f 2708//2708 2709//2709 2710//2710
f 2247//2247 2711//2711 2712//2712
f 2713//2713 2248//2248 2714//2714
f 2248//2248 2247//2247 2714//2714
f 2714//2714 2247//2247 2715//2715
f 2247//2247 2712//2712 2715//2715
f 2713//2713 2716//2716 2248//2248
f 2716//2716 2717//2717 2248//2248
f 2248//2248 2717//2717 2718//2718
f 2718//2718 2719//2719 2248//2248
f 2719//2719 2720//2720 2248//2248
f 2248//2248 2720//2720 2721//2721
f 2720//2720 2722//2722 2721//2721
f 2722//2722 2723//2723 2721//2721
f 2723//2723 2724//2724 2721//2721
f 2721//2721 2724//2724 2725//2725
f 2726//2726 2727//2727 2710//2710
f 2727//2727 2728//2728 2710//2710
f 2710//2710 2728//2728 2708//2708
f 2729//2729 2730//2730 2363//2363
f 2730//2730 2731//2731 2363//2363
f 2363//2363 2731//2731 2246//2246
f 2731//2731 2732//2732 2246//2246
f 2246//2246 2732//2732 2247//2247
f 2732//2732 2733//2733 2247//2247
f 2247//2247 2733//2733 2711//2711
f 2734//2734 2735//2735 2254//2254
f 2736//2736 2737//2737 2738//2738
f 2739//2739 2740//2740 2338//2338
f 2740//2740 2741//2741 2338//2338
f 2338//2338 2741//2741 2742//2742
f 2737//2737 2743//2743 2738//2738
f 2743//2743 2744//2744 2738//2738
f 2738//2738 2744//2744 2745//2745
f 2745//2745 2746//2746 2738//2738
f 2746//2746 2747//2747 2738//2738
f 2738//2738 2747//2747 2255//2255
f 2747//2747 2748//2748 2255//2255
f 2748//2748 2749//2749 2255//2255
f 2255//2255 2749//2749 2750//2750
f 2750//2750 2751//2751 2255//2255
f 2751//2751 2752//2752 2255//2255
f 2255//2255 2752//2752 2254//2254
f 2752//2752 2753//2753 2254//2254
f 2254//2254 2753//2753 2734//2734
f 2340//2340 2256//2256 2338//2338
f 2256//2256 2754//2754 2338//2338
f 2338//2338 2754//2754 2739//2739
f 2735//2735 2755//2755 2254//2254
f 2755//2755 2756//2756 2254//2254
f 2254//2254 2756//2756 2253//2253
f 2756//2756 2757//2757 2253//2253
f 2253//2253 2757//2757 2256//2256
f 2757//2757 2758//2758 2256//2256
f 2256//2256 2758//2758 2754//2754
f 2759//2759 2266//2266 2760//2760
f 2266//2266 2265//2265 2760//2760
f 2760//2760 2265//2265 2761//2761
f 2759//2759 2762//2762 2266//2266
f 2762//2762 2763//2763 2266//2266
f 2266//2266 2763//2763 2764//2764
f 2765//2765 2766//2766 2767//2767
f 2766//2766 2768//2768 2767//2767
f 2768//2768 2769//2769 2767//2767
f 2767//2767 2769//2769 2770//2770
f 2770//2770 2771//2771 2767//2767
f 2771//2771 2772//2772 2767//2767
f 2767//2767 2772//2772 2773//2773
f 2772//2772 2774//2774 2773//2773
f 2775//2775 2776//2776 2777//2777
f 2774//2774 2778//2778 2773//2773
f 2778//2778 2779//2779 2773//2773
f 2773//2773 2779//2779 2775//2775
f 2779//2779 2780//2780 2775//2775
f 2775//2775 2780//2780 2776//2776
f 2781//2781 2782//2782 2264//2264
f 2782//2782 2783//2783 2264//2264
f 2783//2783 2784//2784 2264//2264
f 2264//2264 2784//2784 2265//2265
f 2784//2784 2785//2785 2265//2265
f 2265//2265 2785//2785 2761//2761
f 2252//2252 2251//2251 2786//2786
f 2251//2251 2787//2787 2786//2786
f 2788//2788 2789//2789 2790//2790
f 2789//2789 2791//2791 2790//2790
f 2790//2790 2791//2791 2792//2792
f 2793//2793 2794//2794 2250//2250
f 2792//2792 2795//2795 2790//2790
f 2795//2795 2796//2796 2790//2790
f 2790//2790 2796//2796 2793//2793
f 2794//2794 2797//2797 2250//2250
f 2797//2797 2798//2798 2250//2250
f 2250//2250 2798//2798 2799//2799
f 2799//2799 2800//2800 2250//2250
f 2800//2800 2801//2801 2250//2250
f 2250//2250 2801//2801 2251//2251
f 2801//2801 2802//2802 2251//2251
f 2251//2251 2802//2802 2803//2803
f 2787//2787 2804//2804 2805//2805
f 2804//2804 2787//2787 2806//2806
f 2787//2787 2251//2251 2806//2806
f 2806//2806 2251//2251 2807//2807
f 2803//2803 2808//2808 2251//2251
f 2808//2808 2809//2809 2251//2251
f 2251//2251 2809//2809 2807//2807
f 2805//2805 2810//2810 2787//2787
f 2810//2810 2811//2811 2787//2787
f 2787//2787 2811//2811 2812//2812
f 2793//2793 2250//2250 2790//2790
f 2250//2250 2249//2249 2790//2790
f 2790//2790 2249//2249 2813//2813
f 2246//2246 2245//2245 2363//2363
f 2245//2245 2368//2368 2363//2363
f 2363//2363 2368//2368 2372//2372
f 2368//2368 2367//2367 2372//2372
f 2814//2814 2815//2815 2816//2816
f 2817//2817 2818//2818 2786//2786
f 2818//2818 2819//2819 2786//2786
f 2815//2815 2820//2820 2816//2816
f 2820//2820 2821//2821 2816//2816
f 2816//2816 2821//2821 2822//2822
f 2819//2819 2823//2823 2786//2786
f 2823//2823 2824//2824 2786//2786
f 2786//2786 2824//2824 2825//2825
f 2824//2824 2826//2826 2825//2825
f 2825//2825 2826//2826 2827//2827
f 2827//2827 2828//2828 2825//2825
f 2828//2828 2829//2829 2825//2825
f 2825//2825 2829//2829 2830//2830
f 2831//2831 2832//2832 2787//2787
f 2832//2832 2833//2833 2787//2787
f 2822//2822 2834//2834 2816//2816
f 2834//2834 2835//2835 2816//2816
f 2816//2816 2835//2835 2787//2787
f 2835//2835 2836//2836 2787//2787
f 2787//2787 2836//2836 2831//2831
f 2833//2833 2837//2837 2787//2787
f 2837//2837 2838//2838 2787//2787
f 2787//2787 2838//2838 2786//2786
f 2838//2838 2839//2839 2786//2786
f 2786//2786 2839//2839 2817//2817
f 2840//2840 2841//2841 2842//2842
f 2842//2842 2843//2843 2840//2840
f 2843//2843 2844//2844 2840//2840
f 2840//2840 2844//2844 2845//2845
f 2846//2846 2813//2813 2847//2847
f 2813//2813 2840//2840 2847//2847
f 2847//2847 2840//2840 2848//2848
f 2840//2840 2845//2845 2848//2848
f 2849//2849 2850//2850 2790//2790
f 2850//2850 2851//2851 2790//2790
f 2851//2851 2852//2852 2790//2790
f 2852//2852 2853//2853 2790//2790
f 2790//2790 2853//2853 2854//2854
f 2853//2853 2855//2855 2854//2854
f 2854//2854 2855//2855 2856//2856
f 2846//2846 2857//2857 2813//2813
f 2857//2857 2858//2858 2813//2813
f 2813//2813 2858//2858 2859//2859
f 2859//2859 2860//2860 2813//2813
f 2860//2860 2861//2861 2813//2813
f 2813//2813 2861//2861 2790//2790
f 2861//2861 2862//2862 2790//2790
f 2790//2790 2862//2862 2849//2849
f 2856//2856 2863//2863 2854//2854
f 2863//2863 2864//2864 2854//2854
f 2854//2854 2864//2864 2865//2865
f 2742//2742 2736//2736 2338//2338
f 2736//2736 2738//2738 2338//2338
f 2338//2338 2738//2738 2333//2333
f 2738//2738 2866//2866 2333//2333
f 2333//2333 2866//2866 2324//2324
f 2866//2866 2279//2279 2324//2324
f 2324//2324 2279//2279 2493//2493
f 2279//2279 2497//2497 2493//2493
f 2255//2255 2252//2252 2738//2738
f 2252//2252 2786//2786 2738//2738
f 2738//2738 2786//2786 2866//2866
f 2786//2786 2825//2825 2866//2866
f 2866//2866 2825//2825 2279//2279
f 2825//2825 2486//2486 2279//2279
f 2279//2279 2486//2486 2277//2277
f 2486//2486 2485//2485 2277//2277
f 2249//2249 2248//2248 2813//2813
f 2248//2248 2721//2721 2813//2813
f 2813//2813 2721//2721 2840//2840
f 2721//2721 2867//2867 2840//2840
f 2840//2840 2867//2867 2538//2538
f 2867//2867 2523//2523 2538//2538
f 2538//2538 2523//2523 2536//2536
f 2523//2523 2526//2526 2536//2536
f 2725//2725 2726//2726 2721//2721
f 2726//2726 2710//2710 2721//2721
f 2721//2721 2710//2710 2867//2867
f 2710//2710 2868//2868 2867//2867
f 2867//2867 2868//2868 2523//2523
f 2868//2868 2515//2515 2523//2523
f 2523//2523 2515//2515 2521//2521
f 2515//2515 2520//2520 2521//2521
f 2869//2869 2870//2870 2871//2871
f 2870//2870 2872//2872 2871//2871
f 2871//2871 2872//2872 2873//2873
f 2874//2874 2875//2875 2876//2876
f 2877//2877 2878//2878 2879//2879
f 2879//2879 2880//2880 2877//2877
f 2880//2880 2881//2881 2877//2877
f 2877//2877 2881//2881 2882//2882
f 2882//2882 2883//2883 2877//2877
f 2883//2883 2884//2884 2877//2877
f 2877//2877 2884//2884 2885//2885
f 2884//2884 2886//2886 2885//2885
f 2885//2885 2886//2886 2887//2887
f 2887//2887 2888//2888 2885//2885
f 2888//2888 2889//2889 2885//2885
f 2885//2885 2889//2889 2890//2890
f 2890//2890 2874//2874 2885//2885
f 2874//2874 2876//2876 2885//2885
f 2885//2885 2876//2876 2854//2854
f 2876//2876 2816//2816 2854//2854
f 2854//2854 2816//2816 2790//2790
f 2816//2816 2787//2787 2790//2790
f 2790//2790 2787//2787 2788//2788
f 2787//2787 2812//2812 2788//2788
f 2875//2875 2891//2891 2876//2876
f 2891//2891 2892//2892 2876//2876
f 2876//2876 2892//2892 2893//2893
f 2893//2893 2894//2894 2876//2876
f 2894//2894 2895//2895 2876//2876
f 2876//2876 2895//2895 2871//2871
f 2895//2895 2896//2896 2871//2871
f 2871//2871 2896//2896 2869//2869
f 2830//2830 2814//2814 2825//2825
f 2814//2814 2816//2816 2825//2825
f 2825//2825 2816//2816 2486//2486
f 2816//2816 2876//2876 2486//2486
f 2486//2486 2876//2876 2484//2484
f 2876//2876 2871//2871 2484//2484
f 2484//2484 2871//2871 2410//2410
f 2871//2871 2897//2897 2410//2410
f 2410//2410 2897//2897 2411//2411
f 2897//2897 2898//2898 2411//2411
f 2873//2873 2878//2878 2871//2871
f 2878//2878 2877//2877 2871//2871
f 2871//2871 2877//2877 2897//2897
f 2877//2877 2288//2288 2897//2897
f 2897//2897 2288//2288 2898//2898
f 2288//2288 2287//2287 2898//2898
f 2865//2865 2841//2841 2854//2854
f 2841//2841 2840//2840 2854//2854
f 2854//2854 2840//2840 2885//2885
f 2840//2840 2538//2538 2885//2885
f 2885//2885 2538//2538 2877//2877
f 2538//2538 2540//2540 2877//2877
f 2877//2877 2540//2540 2288//2288
f 2540//2540 2412//2412 2288//2288
f 2288//2288 2412//2412 2286//2286
f 2412//2412 2284//2284 2286//2286
f 2323//2323 2325//2325 2258//2258
f 2325//2325 2324//2324 2258//2258
f 2258//2258 2324//2324 2259//2259
f 2324//2324 2501//2501 2259//2259
f 2259//2259 2501//2501 2260//2260
f 2501//2501 2499//2499 2260//2260
f 2260//2260 2499//2499 2261//2261
f 2499//2499 2469//2469 2261//2261
f 2261//2261 2469//2469 2481//2481
f 2469//2469 2472//2472 2481//2481
f 2498//2498 2487//2487 2499//2499
f 2487//2487 2489//2489 2499//2499
f 2499//2499 2489//2489 2469//2469
f 2489//2489 2456//2456 2469//2469
f 2469//2469 2456//2456 2467//2467
f 2456//2456 2457//2457 2467//2467
f 2530//2530 2529//2529 2531//2531
f 2529//2529 2528//2528 2531//2531
f 2531//2531 2528//2528 2420//2420
f 2528//2528 2282//2282 2420//2420
f 2420//2420 2282//2282 2432//2432
f 2282//2282 2431//2431 2432//2432
f 2709//2709 2729//2729 2710//2710
f 2729//2729 2363//2363 2710//2710
f 2710//2710 2363//2363 2868//2868
f 2363//2363 2355//2355 2868//2868
f 2868//2868 2355//2355 2515//2515
f 2355//2355 2351//2351 2515//2515
f 2515//2515 2351//2351 2511//2511
f 2351//2351 2899//2899 2511//2511
f 2511//2511 2899//2899 2528//2528
f 2899//2899 2900//2900 2528//2528
f 2528//2528 2900//2900 2282//2282
f 2900//2900 2446//2446 2282//2282
f 2282//2282 2446//2446 2280//2280
f 2446//2446 2445//2445 2280//2280
f 2492//2492 2482//2482 2491//2491
f 2482//2482 2484//2484 2491//2491
f 2491//2491 2484//2484 2489//2489
f 2484//2484 2410//2410 2489//2489
f 2489//2489 2410//2410 2456//2456
f 2410//2410 2401//2401 2456//2456
f 2456//2456 2401//2401 2465//2465
f 2401//2401 2406//2406 2465//2465
f 2465//2465 2406//2406 2547//2547
f 2406//2406 2545//2545 2547//2547
f 2541//2541 2535//2535 2540//2540
f 2535//2535 2533//2533 2540//2540
f 2540//2540 2533//2533 2412//2412
f 2533//2533 2531//2531 2412//2412
f 2412//2412 2531//2531 2285//2285
f 2531//2531 2420//2420 2285//2285
f 2285//2285 2420//2420 2415//2415
f 2420//2420 2425//2425 2415//2415
f 2415//2415 2425//2425 2590//2590
f 2425//2425 2589//2589 2590//2590
f 2479//2479 2458//2458 2262//2262
f 2458//2458 2460//2460 2262//2262
f 2262//2262 2460//2460 2263//2263
f 2460//2460 2564//2564 2263//2263
f 2263//2263 2564//2564 2264//2264
f 2564//2564 2775//2775 2264//2264
f 2264//2264 2775//2775 2781//2781
f 2775//2775 2777//2777 2781//2781
f 2350//2350 2352//2352 2351//2351
f 2352//2352 2354//2354 2351//2351
f 2351//2351 2354//2354 2899//2899
f 2354//2354 2901//2901 2899//2899
f 2899//2899 2901//2901 2900//2900
f 2901//2901 2902//2902 2900//2900
f 2900//2900 2902//2902 2446//2446
f 2902//2902 2903//2903 2446//2446
f 2446//2446 2903//2903 2444//2444
f 2903//2903 2904//2904 2444//2444
f 2444//2444 2904//2904 2905//2905
f 2904//2904 2906//2906 2905//2905
f 2905//2905 2906//2906 2316//2316
f 2906//2906 2312//2312 2316//2316
f 2316//2316 2312//2312 2317//2317
f 2312//2312 2315//2315 2317//2317
f 2546//2546 2289//2289 2544//2544
f 2289//2289 2291//2291 2544//2544
f 2544//2544 2291//2291 2907//2907
f 2291//2291 2449//2449 2907//2907
f 2907//2907 2449//2449 2626//2626
f 2449//2449 2630//2630 2626//2626
f 2626//2626 2630//2630 2624//2624
f 2630//2630 2632//2632 2624//2624
f 2602//2602 2603//2603 2597//2597
f 2603//2603 2605//2605 2597//2597
f 2597//2597 2605//2605 2908//2908
f 2605//2605 2452//2452 2908//2908
f 2908//2908 2452//2452 2592//2592
f 2452//2452 2384//2384 2592//2592
f 2592//2592 2384//2384 2379//2379
f 2384//2384 2388//2388 2379//2379
f 2379//2379 2388//2388 2380//2380
f 2764//2764 2765//2765 2266//2266
f 2765//2765 2767//2767 2266//2266
f 2266//2266 2767//2767 2267//2267
f 2767//2767 2683//2683 2267//2267
f 2267//2267 2683//2683 2703//2703
f 2683//2683 2682//2682 2703//2703
f 2566//2566 2554//2554 2564//2564
f 2554//2554 2556//2556 2564//2564
f 2564//2564 2556//2556 2775//2775
f 2556//2556 2909//2909 2775//2775
f 2775//2775 2909//2909 2773//2773
f 2909//2909 2910//2910 2773//2773
f 2773//2773 2910//2910 2767//2767
f 2910//2910 2911//2911 2767//2767
f 2767//2767 2911//2911 2683//2683
f 2911//2911 2691//2691 2683//2683
f 2683//2683 2691//2691 2700//2700
f 2691//2691 2699//2699 2700//2700
f 2558//2558 2542//2542 2556//2556
f 2542//2542 2544//2544 2556//2556
f 2556//2556 2544//2544 2909//2909
f 2544//2544 2907//2907 2909//2909
f 2909//2909 2907//2907 2910//2910
f 2907//2907 2626//2626 2910//2910
f 2910//2910 2626//2626 2911//2911
f 2626//2626 2634//2634 2911//2911
f 2911//2911 2634//2634 2691//2691
f 2634//2634 2648//2648 2691//2691
f 2575//2575 2581//2581 2276//2276
f 2581//2581 2572//2572 2276//2276
f 2276//2276 2572//2572 2912//2912
f 2572//2572 2913//2913 2912//2912
f 2912//2912 2913//2913 2914//2914
f 2913//2913 2915//2915 2914//2914
f 2914//2914 2915//2915 2916//2916
f 2915//2915 2917//2917 2916//2916
f 2916//2916 2917//2917 2656//2656
f 2917//2917 2273//2273 2656//2656
f 2656//2656 2273//2273 2654//2654
f 2273//2273 2662//2662 2654//2654
f 2441//2441 2442//2442 2437//2437
f 2442//2442 2444//2444 2437//2437
f 2437//2437 2444//2444 2572//2572
f 2444//2444 2905//2905 2572//2572
f 2572//2572 2905//2905 2913//2913
f 2905//2905 2316//2316 2913//2913
f 2913//2913 2316//2316 2915//2915
f 2316//2316 2302//2302 2915//2915
f 2915//2915 2302//2302 2917//2917
f 2302//2302 2298//2298 2917//2917
f 2917//2917 2298//2298 2273//2273
f 2298//2298 2676//2676 2273//2273
f 2273//2273 2676//2676 2271//2271
f 2676//2676 2675//2675 2271//2271
f 2918//2918 2919//2919 2644//2644
f 2920//2920 2921//2921 2644//2644
f 2921//2921 2922//2922 2644//2644
f 2923//2923 2924//2924 2925//2925
f 2923//2923 2926//2926 2927//2927
f 2926//2926 2928//2928 2927//2927
f 2927//2927 2928//2928 2929//2929
f 2929//2929 2930//2930 2927//2927
f 2930//2930 2931//2931 2927//2927
f 2927//2927 2931//2931 2932//2932
f 2919//2919 2933//2933 2644//2644
f 2933//2933 2934//2934 2644//2644
f 2644//2644 2934//2934 2920//2920
f 2689//2689 2691//2691 2688//2688
f 2691//2691 2648//2648 2688//2688
f 2688//2688 2648//2648 2935//2935
f 2648//2648 2644//2644 2935//2935
f 2935//2935 2644//2644 2923//2923
f 2644//2644 2922//2922 2923//2923
f 2923//2923 2922//2922 2924//2924
f 2936//2936 2937//2937 2614//2614
f 2937//2937 2938//2938 2614//2614
f 2614//2614 2938//2938 2939//2939
f 2925//2925 2940//2940 2923//2923
f 2940//2940 2941//2941 2923//2923
f 2923//2923 2941//2941 2926//2926
f 2932//2932 2942//2942 2927//2927
f 2942//2942 2943//2943 2927//2927
f 2927//2927 2943//2943 2614//2614
f 2943//2943 2944//2944 2614//2614
f 2614//2614 2944//2944 2936//2936
f 2939//2939 2918//2918 2614//2614
f 2918//2918 2644//2644 2614//2614
f 2614//2614 2644//2644 2608//2608
f 2644//2644 2638//2638 2608//2608
f 2608//2608 2638//2638 2605//2605
f 2638//2638 2630//2630 2605//2605
f 2605//2605 2630//2630 2452//2452
f 2630//2630 2449//2449 2452//2452
f 2452//2452 2449//2449 2453//2453
f 2449//2449 2450//2450 2453//2453
f 2613//2613 2615//2615 2614//2614
f 2615//2615 2617//2617 2614//2614
f 2614//2614 2617//2617 2927//2927
f 2617//2617 2945//2945 2927//2927
f 2593//2593 2274//2274 2592//2592
f 2274//2274 2276//2276 2592//2592
f 2592//2592 2276//2276 2908//2908
f 2276//2276 2912//2912 2908//2908
f 2908//2908 2912//2912 2597//2597
f 2912//2912 2914//2914 2597//2597
f 2597//2597 2914//2914 2596//2596
f 2914//2914 2916//2916 2596//2596
f 2596//2596 2916//2916 2617//2617
f 2916//2916 2656//2656 2617//2617
f 2617//2617 2656//2656 2945//2945
f 2656//2656 2668//2668 2945//2945
f 2306//2306 2307//2307 2298//2298
f 2307//2307 2294//2294 2298//2298
f 2298//2298 2294//2294 2676//2676
f 2294//2294 2946//2946 2676//2676
f 2676//2676 2946//2946 2677//2677
f 2946//2946 2947//2947 2677//2677
f 2269//2269 2270//2270 2948//2948
f 2270//2270 2688//2688 2948//2948
f 2948//2948 2688//2688 2949//2949
f 2688//2688 2935//2935 2949//2949
f 2949//2949 2935//2935 2950//2950
f 2935//2935 2923//2923 2950//2950
f 2950//2950 2923//2923 2951//2951
f 2923//2923 2927//2927 2951//2951
f 2951//2951 2927//2927 2952//2952
f 2927//2927 2945//2945 2952//2952
f 2952//2952 2945//2945 2953//2953
f 2945//2945 2668//2668 2953//2953
f 2953//2953 2668//2668 2954//2954
f 2668//2668 2657//2657 2954//2954
f 2954//2954 2657//2657 2955//2955
f 2657//2657 2677//2677 2955//2955
f 2955//2955 2677//2677 2956//2956
f 2677//2677 2947//2947 2956//2956
f 2956//2956 2947//2947 2957//2957
f 2766//2766 497//497 2768//2768
f 497//497 496//496 2768//2768
f 2768//2768 496//496 2769//2769
f 496//496 489//489 2769//2769
f 2769//2769 489//489 2770//2770
f 489//489 488//488 2770//2770
f 2770//2770 488//488 2771//2771
f 488//488 487//487 2771//2771
f 2771//2771 487//487 2772//2772
f 487//487 506//506 2772//2772
f 2772//2772 506//506 2774//2774
f 506//506 505//505 2774//2774
f 2774//2774 505//505 2778//2778
f 505//505 504//504 2778//2778
f 2778//2778 504//504 2779//2779
f 504//504 503//503 2779//2779
f 2779//2779 503//503 2780//2780
f 503//503 502//502 2780//2780
f 2780//2780 502//502 2776//2776
f 502//502 500//500 2776//2776
f 2776//2776 500//500 2777//2777
f 500//500 499//499 2777//2777
f 2777//2777 499//499 2781//2781
f 499//499 493//493 2781//2781
f 2781//2781 493//493 2782//2782
f 493//493 494//494 2782//2782
f 2782//2782 494//494 2783//2783
f 494//494 495//495 2783//2783
f 2783//2783 495//495 2784//2784
f 495//495 486//486 2784//2784
f 2784//2784 486//486 2785//2785
f 486//486 485//485 2785//2785
f 2785//2785 485//485 2761//2761
f 485//485 484//484 2761//2761
f 2761//2761 484//484 2760//2760
f 484//484 492//492 2760//2760
f 2760//2760 492//492 2759//2759
f 492//492 491//491 2759//2759
f 2759//2759 491//491 2762//2762
f 491//491 490//490 2762//2762
f 2762//2762 490//490 2763//2763
f 490//490 483//483 2763//2763
f 2763//2763 483//483 2764//2764
f 483//483 482//482 2764//2764
f 2764//2764 482//482 2765//2765
f 482//482 498//498 2765//2765
f 2765//2765 498//498 2766//2766
f 498//498 497//497 2766//2766
f 2307//2307 608//608 2308//2308
f 608//608 607//607 2308//2308
f 2308//2308 607//607 2309//2309
f 607//607 600//600 2309//2309
f 2309//2309 600//600 2292//2292
f 600//600 599//599 2292//2292
f 2292//2292 599//599 2293//2293
f 599//599 598//598 2293//2293
f 2293//2293 598//598 2295//2295
f 598//598 595//595 2295//2295
f 2295//2295 595//595 2297//2297
f 595//595 596//596 2297//2297
f 2297//2297 596//596 2310//2310
f 596//596 597//597 2310//2310
f 2310//2310 597//597 2311//2311
f 597//597 594//594 2311//2311
f 2311//2311 594//594 2313//2313
f 594//594 593//593 2313//2313
f 2313//2313 593//593 2314//2314
f 593//593 592//592 2314//2314
f 2314//2314 592//592 2315//2315
f 592//592 591//591 2315//2315
f 2315//2315 591//591 2317//2317
f 591//591 590//590 2317//2317
f 2317//2317 590//590 2318//2318
f 590//590 589//589 2318//2318
f 2318//2318 589//589 2319//2319
f 589//589 586//586 2319//2319
f 2319//2319 586//586 2320//2320
f 586//586 587//587 2320//2320
f 2320//2320 587//587 2321//2321
f 587//587 588//588 2321//2321
f 2321//2321 588//588 2303//2303
f 588//588 606//606 2303//2303
f 2303//2303 606//606 2301//2301
f 606//606 605//605 2301//2301
f 2301//2301 605//605 2299//2299
f 605//605 604//604 2299//2299
f 2299//2299 604//604 2300//2300
f 604//604 601//601 2300//2300
f 2300//2300 601//601 2304//2304
f 601//601 602//602 2304//2304
f 2304//2304 602//602 2305//2305
f 602//602 603//603 2305//2305
f 2305//2305 603//603 2306//2306
f 603//603 609//609 2306//2306
f 2306//2306 609//609 2307//2307
f 609//609 608//608 2307//2307
f 2325//2325 448//448 2326//2326
f 448//448 447//447 2326//2326
f 2326//2326 447//447 2331//2331
f 447//447 465//465 2331//2331
f 2331//2331 465//465 2332//2332
f 465//465 464//464 2332//2332
f 2332//2332 464//464 2334//2334
f 464//464 463//463 2334//2334
f 2334//2334 463//463 2335//2335
f 463//463 462//462 2335//2335
f 2335//2335 462//462 2341//2341
f 462//462 461//461 2341//2341
f 2341//2341 461//461 2342//2342
f 461//461 460//460 2342//2342
f 2342//2342 460//460 2343//2343
f 460//460 459//459 2343//2343
f 2343//2343 459//459 2336//2336
f 459//459 458//458 2336//2336
f 2336//2336 458//458 2337//2337
f 458//458 457//457 2337//2337
f 2337//2337 457//457 2339//2339
f 457//457 445//445 2339//2339
f 2339//2339 445//445 2340//2340
f 445//445 444//444 2340//2340
f 2340//2340 444//444 2344//2344
f 444//444 446//446 2344//2344
f 2344//2344 446//446 2345//2345
f 446//446 453//453 2345//2345
f 2345//2345 453//453 2346//2346
f 453//453 452//452 2346//2346
f 2346//2346 452//452 2347//2347
f 452//452 443//443 2347//2347
f 2347//2347 443//443 2348//2348
f 443//443 442//442 2348//2348
f 2348//2348 442//442 2327//2327
f 442//442 456//456 2327//2327
f 2327//2327 456//456 2328//2328
f 456//456 455//455 2328//2328
f 2328//2328 455//455 2329//2329
f 455//455 454//454 2329//2329
f 2329//2329 454//454 2330//2330
f 454//454 451//451 2330//2330
f 2330//2330 451//451 2322//2322
f 451//451 450//450 2322//2322
f 2322//2322 450//450 2323//2323
f 450//450 449//449 2323//2323
f 2323//2323 449//449 2325//2325
f 449//449 448//448 2325//2325
f 2352//2352 403//403 2353//2353
f 403//403 402//402 2353//2353
f 2353//2353 402//402 2358//2358
f 402//402 401//401 2358//2358
f 2358//2358 401//401 2359//2359
f 401//401 391//391 2359//2359
f 2359//2359 391//391 2361//2361
f 391//391 390//390 2361//2361
f 2361//2361 390//390 2362//2362
f 390//390 389//389 2362//2362
f 2362//2362 389//389 2374//2374
f 389//389 388//388 2374//2374
f 2374//2374 388//388 2375//2375
f 388//388 396//396 2375//2375
f 2375//2375 396//396 2376//2376
f 396//396 395//395 2376//2376
f 2376//2376 395//395 2366//2366
f 395//395 387//387 2366//2366
f 2366//2366 387//387 2367//2367
f 387//387 386//386 2367//2367
f 2367//2367 386//386 2372//2372
f 386//386 394//394 2372//2372
f 2372//2372 394//394 2373//2373
f 394//394 393//393 2373//2373
f 2373//2373 393//393 2377//2377
f 393//393 392//392 2377//2377
f 2377//2377 392//392 2378//2378
f 392//392 385//385 2378//2378
f 2378//2378 385//385 2369//2369
f 385//385 384//384 2369//2369
f 2369//2369 384//384 2370//2370
f 384//384 383//383 2370//2370
f 2370//2370 383//383 2371//2371
f 383//383 400//400 2371//2371
f 2371//2371 400//400 2364//2364
f 400//400 399//399 2364//2364
f 2364//2364 399//399 2365//2365
f 399//399 398//398 2365//2365
f 2365//2365 398//398 2356//2356
f 398//398 397//397 2356//2356
f 2356//2356 397//397 2357//2357
f 397//397 406//406 2357//2357
f 2357//2357 406//406 2349//2349
f 406//406 405//405 2349//2349
f 2349//2349 405//405 2350//2350
f 405//405 404//404 2350//2350
f 2350//2350 404//404 2352//2352
f 404//404 403//403 2352//2352
f 2958//2958 2959//2959 2960//2960
f 2959//2959 2961//2961 2960//2960
f 2283//2283 2962//2962 2284//2284
f 2962//2962 2963//2963 2284//2284
f 2284//2284 2963//2963 2286//2286
f 2964//2964 2965//2965 2966//2966
f 2416//2416 2967//2967 2417//2417
f 2967//2967 2968//2968 2417//2417
f 2417//2417 2968//2968 2418//2418
f 2968//2968 2969//2969 2418//2418
f 2418//2418 2969//2969 2419//2419
f 2969//2969 2970//2970 2419//2419
f 2419//2419 2970//2970 2283//2283
f 2970//2970 2971//2971 2283//2283
f 2283//2283 2971//2971 2962//2962
f 2971//2971 2972//2972 2962//2962
f 2962//2962 2972//2972 2973//2973
f 2966//2966 2967//2967 2964//2964
f 2967//2967 2416//2416 2964//2964
f 2964//2964 2416//2416 2974//2974
f 2416//2416 2414//2414 2974//2974
f 2974//2974 2414//2414 2975//2975
f 2414//2414 2413//2413 2975//2975
f 2976//2976 2977//2977 2978//2978
f 2289//2289 2979//2979 2290//2290
f 2979//2979 2980//2980 2290//2290
f 2290//2290 2980//2980 2398//2398
f 2980//2980 2981//2981 2398//2398
f 2398//2398 2981//2981 2379//2379
f 2981//2981 2982//2982 2379//2379
f 2379//2379 2982//2982 2413//2413
f 2982//2982 2983//2983 2413//2413
f 2413//2413 2983//2983 2975//2975
f 2983//2983 2984//2984 2975//2975
f 2975//2975 2984//2984 2985//2985
f 2978//2978 2979//2979 2976//2976
f 2979//2979 2289//2289 2976//2976
f 2976//2976 2289//2289 2986//2986
f 2289//2289 2546//2546 2986//2986
f 2986//2986 2546//2546 2987//2987
f 2546//2546 2408//2408 2987//2987
f 2988//2988 2989//2989 2990//2990
f 2403//2403 2991//2991 2404//2404
f 2991//2991 2992//2992 2404//2404
f 2404//2404 2992//2992 2405//2405
f 2992//2992 2993//2993 2405//2405
f 2405//2405 2993//2993 2407//2407
f 2993//2993 2994//2994 2407//2407
f 2407//2407 2994//2994 2408//2408
f 2994//2994 2995//2995 2408//2408
f 2408//2408 2995//2995 2987//2987
f 2995//2995 2996//2996 2987//2987
f 2987//2987 2996//2996 2997//2997
f 2990//2990 2991//2991 2988//2988
f 2991//2991 2403//2403 2988//2988
f 2988//2988 2403//2403 2998//2998
f 2403//2403 2402//2402 2998//2998
f 2998//2998 2402//2402 2999//2999
f 2402//2402 2409//2409 2999//2999
f 2963//2963 2960//2960 2286//2286
f 2960//2960 2961//2961 2286//2286
f 2286//2286 2961//2961 2287//2287
f 2961//2961 3000//3000 2287//2287
f 2287//2287 3000//3000 2898//2898
f 3000//3000 3001//3001 2898//2898
f 2898//2898 3001//3001 2411//2411
f 3001//3001 3002//3002 2411//2411
f 2411//2411 3002//3002 2409//2409
f 3002//3002 3003//3003 2409//2409
f 2409//2409 3003//3003 2999//2999
f 3003//3003 3004//3004 2999//2999
f 2999//2999 3004//3004 3005//3005
f 3006//3006 3007//3007 3008//3008
f 3009//3009 3010//3010 3011//3011
f 3012//3012 3013//3013 3014//3014
f 3015//3015 3016//3016 3017//3017
f 3018//3018 3019//3019 3020//3020
f 3021//3021 3022//3022 3023//3023
f 3024//3024 3025//3025 3026//3026
f 3027//3027 3028//3028 3029//3029
f 3030//3030 2983//2983 2982//2982
f 3031//3031 3032//3032 3033//3033
f 3032//3032 3034//3034 3033//3033
f 3033//3033 3034//3034 3035//3035
f 3036//3036 3037//3037 3030//3030
f 3038//3038 3039//3039 3040//3040
f 3030//3030 2982//2982 3036//3036
f 2982//2982 3033//3033 3036//3036
f 3036//3036 3033//3033 3040//3040
f 3033//3033 3035//3035 3040//3040
f 3040//3040 3035//3035 3038//3038
f 3041//3041 3042//3042 3043//3043
f 3044//3044 3041//3041 3045//3045
f 3041//3041 3006//3006 3045//3045
f 3046//3046 3047//3047 3007//3007
f 3041//3041 3043//3043 3006//3006
f 3043//3043 3048//3048 3006//3006
f 3006//3006 3048//3048 3007//3007
f 3048//3048 3049//3049 3007//3007
f 3007//3007 3049//3049 3046//3046
f 3047//3047 3050//3050 3007//3007
f 3050//3050 3051//3051 3007//3007
f 3007//3007 3051//3051 3033//3033
f 3051//3051 3052//3052 3033//3033
f 3033//3033 3052//3052 3031//3031
f 3053//3053 3054//3054 3055//3055
f 3054//3054 3056//3056 3055//3055
f 3057//3057 3058//3058 3045//3045
f 3058//3058 3059//3059 3045//3045
f 3045//3045 3059//3059 3060//3060
f 3053//3053 3061//3061 3054//3054
f 3061//3061 3044//3044 3054//3054
f 3054//3054 3044//3044 3062//3062
f 3044//3044 3045//3045 3062//3062
f 3062//3062 3045//3045 3063//3063
f 3045//3045 3060//3060 3063//3063
f 3064//3064 3025//3025 3065//3065
f 3025//3025 3066//3066 3065//3065
f 3067//3067 3068//3068 3029//3029
f 3068//3068 3069//3069 3029//3029
f 3029//3029 3069//3069 3025//3025
f 3069//3069 3070//3070 3025//3025
f 3025//3025 3070//3070 3066//3066
f 3064//3064 3071//3071 3025//3025
f 3071//3071 3072//3072 3025//3025
f 3025//3025 3072//3072 3045//3045
f 3072//3072 3073//3073 3045//3045
f 3045//3045 3073//3073 3057//3057
f 3063//3063 3074//3074 3062//3062
f 3074//3074 3075//3075 3062//3062
f 3062//3062 3075//3075 3076//3076
f 3075//3075 3077//3077 3076//3076
f 3076//3076 3077//3077 3078//3078
f 3077//3077 3079//3079 3078//3078
f 3078//3078 3079//3079 3080//3080
f 3079//3079 3081//3081 3080//3080
f 3080//3080 3081//3081 3082//3082
f 3081//3081 3083//3083 3082//3082
f 3082//3082 3083//3083 3084//3084
f 3083//3083 3085//3085 3084//3084
f 3084//3084 3085//3085 3086//3086
f 3085//3085 3087//3087 3086//3086
f 3086//3086 3087//3087 3029//3029
f 3087//3087 3088//3088 3029//3029
f 3029//3029 3088//3088 3067//3067
f 3027//3027 3029//3029 3089//3089
f 3025//3025 3024//3024 3029//3029
f 3024//3024 3090//3090 3029//3029
f 3029//3029 3090//3090 3089//3089
f 3091//3091 3092//3092 3025//3025
f 3092//3092 3093//3093 3025//3025
f 3025//3025 3093//3093 3026//3026
f 3023//3023 3094//3094 3095//3095
f 3095//3095 3096//3096 3023//3023
f 3096//3096 3097//3097 3023//3023
f 3023//3023 3097//3097 3098//3098
f 3099//3099 3100//3100 3101//3101
f 3100//3100 3102//3102 3101//3101
f 3101//3101 3102//3102 3103//3103
f 3102//3102 3023//3023 3103//3103
f 3103//3103 3023//3023 3104//3104
f 3023//3023 3098//3098 3104//3104
f 3094//3094 3023//3023 3105//3105
f 3023//3023 3022//3022 3105//3105
f 3105//3105 3022//3022 3106//3106
f 3107//3107 3108//3108 3109//3109
f 3110//3110 3111//3111 3112//3112
f 3113//3113 3114//3114 3021//3021
f 3115//3115 3116//3116 3112//3112
f 3116//3116 3117//3117 3112//3112
f 3112//3112 3117//3117 3118//3118
f 3119//3119 3120//3120 3121//3121
f 3120//3120 3113//3113 3121//3121
f 3114//3114 3122//3122 3021//3021
f 3122//3122 3123//3123 3021//3021
f 3021//3021 3123//3123 3108//3108
f 3123//3123 3124//3124 3108//3108
f 3108//3108 3124//3124 3125//3125
f 3125//3125 3126//3126 3108//3108
f 3126//3126 3127//3127 3108//3108
f 3108//3108 3127//3127 3109//3109
f 3118//3118 3128//3128 3112//3112
f 3128//3128 3129//3129 3112//3112
f 3112//3112 3129//3129 3110//3110
f 3129//3129 3130//3130 3110//3110
f 3130//3130 3131//3131 3110//3110
f 3131//3131 3132//3132 3110//3110
f 3110//3110 3132//3132 3121//3121
f 3132//3132 3133//3133 3121//3121
f 3121//3121 3133//3133 3119//3119
f 3134//3134 3135//3135 3136//3136
f 3135//3135 3137//3137 3136//3136
f 3138//3138 3139//3139 3140//3140
f 3139//3139 3135//3135 3140//3140
f 3141//3141 3140//3140 3142//3142
f 3140//3140 3135//3135 3142//3142
f 3142//3142 3135//3135 3109//3109
f 3135//3135 3134//3134 3109//3109
f 3109//3109 3134//3134 3107//3107
f 3134//3134 3136//3136 3107//3107
f 3107//3107 3136//3136 3143//3143
f 3141//3141 3144//3144 3140//3140
f 3144//3144 3115//3115 3140//3140
f 3140//3140 3115//3115 3145//3145
f 3115//3115 3112//3112 3145//3145
f 3145//3145 3112//3112 3146//3146
f 3147//3147 3146//3146 3148//3148
f 3146//3146 3112//3112 3148//3148
f 3148//3148 3112//3112 3149//3149
f 3112//3112 3111//3111 3149//3149
f 3150//3150 3151//3151 3152//3152
f 3153//3153 3154//3154 3152//3152
f 3153//3153 3152//3152 3155//3155
f 3156//3156 3157//3157 3023//3023
f 3154//3154 3158//3158 3152//3152
f 3158//3158 3159//3159 3152//3152
f 3152//3152 3159//3159 3160//3160
f 3113//3113 3021//3021 3121//3121
f 3021//3021 3023//3023 3121//3121
f 3121//3121 3023//3023 3161//3161
f 3151//3151 3162//3162 3163//3163
f 3164//3164 3023//3023 3165//3165
f 3023//3023 3166//3166 3165//3165
f 3164//3164 3167//3167 3023//3023
f 3167//3167 3168//3168 3023//3023
f 3023//3023 3168//3168 3161//3161
f 3169//3169 3170//3170 3171//3171
f 3170//3170 3121//3121 3171//3171
f 3171//3171 3121//3121 3172//3172
f 3121//3121 3161//3161 3172//3172
f 3163//3163 3173//3173 3151//3151
f 3173//3173 3174//3174 3151//3151
f 3151//3151 3174//3174 3152//3152
f 3174//3174 3175//3175 3152//3152
f 3152//3152 3175//3175 3155//3155
f 3157//3157 3176//3176 3023//3023
f 3176//3176 3177//3177 3023//3023
f 3023//3023 3177//3177 3166//3166
f 3178//3178 3179//3179 3180//3180
f 3179//3179 3181//3181 3180//3180
f 3180//3180 3181//3181 3182//3182
f 3183//3183 3184//3184 3020//3020
f 3183//3183 3020//3020 3185//3185
f 3186//3186 3187//3187 3188//3188
f 3184//3184 3189//3189 3020//3020
f 3189//3189 3190//3190 3020//3020
f 3020//3020 3190//3190 3191//3191
f 3192//3192 3193//3193 3188//3188
f 3193//3193 3194//3194 3188//3188
f 3188//3188 3194//3194 3195//3195
f 3185//3185 3020//3020 3196//3196
f 3020//3020 3019//3019 3196//3196
f 3196//3196 3019//3019 3197//3197
f 3187//3187 3198//3198 3188//3188
f 3198//3198 3199//3199 3188//3188
f 3188//3188 3199//3199 3192//3192
f 3200//3200 3201//3201 3019//3019
f 3201//3201 3202//3202 3019//3019
f 3019//3019 3202//3202 3197//3197
f 3195//3195 3203//3203 3188//3188
f 3203//3203 3204//3204 3188//3188
f 3188//3188 3204//3204 3205//3205
f 3206//3206 3207//3207 3208//3208
f 3207//3207 3205//3205 3208//3208
f 3208//3208 3205//3205 3209//3209
f 3205//3205 3204//3204 3209//3209
f 3210//3210 3211//3211 3212//3212
f 3213//3213 3214//3214 3215//3215
f 3214//3214 3216//3216 3215//3215
f 3215//3215 3216//3216 3217//3217
f 3212//3212 3218//3218 3210//3210
f 3218//3218 3219//3219 3210//3210
f 3210//3210 3219//3219 3220//3220
f 3221//3221 3222//3222 3223//3223
f 3222//3222 3217//3217 3223//3223
f 3223//3223 3217//3217 3224//3224
f 3225//3225 3226//3226 3227//3227
f 3226//3226 3228//3228 3227//3227
f 3227//3227 3228//3228 3229//3229
f 3229//3229 3230//3230 3227//3227
f 3230//3230 3231//3231 3227//3227
f 3227//3227 3231//3231 3218//3218
f 3231//3231 3232//3232 3218//3218
f 3232//3232 3233//3233 3218//3218
f 3233//3233 3234//3234 3218//3218
f 3218//3218 3234//3234 3235//3235
f 3235//3235 3236//3236 3218//3218
f 3236//3236 3237//3237 3218//3218
f 3218//3218 3237//3237 3219//3219
f 3237//3237 3238//3238 3219//3219
f 3219//3219 3238//3238 3239//3239
f 3239//3239 3240//3240 3219//3219
f 3240//3240 3241//3241 3219//3219
f 3219//3219 3241//3241 3216//3216
f 3241//3241 3242//3242 3216//3216
f 3216//3216 3242//3242 3243//3243
f 3243//3243 3244//3244 3216//3216
f 3244//3244 3245//3245 3216//3216
f 3216//3216 3245//3245 3217//3217
f 3245//3245 3246//3246 3217//3217
f 3217//3217 3246//3246 3224//3224
f 3217//3217 3247//3247 3215//3215
f 3247//3247 3248//3248 3215//3215
f 3215//3215 3248//3248 3249//3249
f 3221//3221 3225//3225 3222//3222
f 3225//3225 3227//3227 3222//3222
f 3222//3222 3227//3227 3250//3250
f 3227//3227 3251//3251 3250//3250
f 3250//3250 3251//3251 3252//3252
f 3227//3227 3253//3253 3254//3254
f 3255//3255 3256//3256 3257//3257
f 3257//3257 3258//3258 3255//3255
f 3258//3258 3259//3259 3255//3255
f 3255//3255 3259//3259 3227//3227
f 3259//3259 3260//3260 3227//3227
f 3227//3227 3260//3260 3253//3253
f 3254//3254 3261//3261 3227//3227
f 3261//3261 3262//3262 3227//3227
f 3227//3227 3262//3262 3251//3251
f 3212//3212 3263//3263 3218//3218
f 3263//3263 3018//3018 3218//3218
f 3218//3218 3018//3018 3227//3227
f 3018//3018 3020//3020 3227//3227
f 3227//3227 3020//3020 3255//3255
f 3020//3020 3011//3011 3255//3255
f 3264//3264 3265//3265 3266//3266
f 3265//3265 3267//3267 3266//3266
f 3268//3268 3265//3265 3269//3269
f 3265//3265 3270//3270 3269//3269
f 3268//3268 3271//3271 3265//3265
f 3271//3271 3272//3272 3265//3265
f 3265//3265 3272//3272 3267//3267
f 3265//3265 3273//3273 3274//3274
f 3275//3275 3270//3270 3276//3276
f 3270//3270 3265//3265 3276//3276
f 3276//3276 3265//3265 3277//3277
f 3265//3265 3274//3274 3277//3277
f 3278//3278 3279//3279 3280//3280
f 3279//3279 3281//3281 3280//3280
f 3280//3280 3281//3281 3282//3282
f 3281//3281 3283//3283 3282//3282
f 3282//3282 3283//3283 3284//3284
f 3283//3283 3285//3285 3284//3284
f 3284//3284 3285//3285 3286//3286
f 3285//3285 3287//3287 3286//3286
f 3286//3286 3287//3287 3288//3288
f 3287//3287 3289//3289 3288//3288
f 3288//3288 3289//3289 3290//3290
f 3289//3289 3291//3291 3290//3290
f 3290//3290 3291//3291 3292//3292
f 3291//3291 3293//3293 3292//3292
f 3292//3292 3293//3293 3294//3294
f 3293//3293 3295//3295 3294//3294
f 3294//3294 3295//3295 3296//3296
f 3295//3295 3297//3297 3296//3296
f 3296//3296 3297//3297 3298//3298
f 3297//3297 3299//3299 3298//3298
f 3298//3298 3299//3299 3300//3300
f 3299//3299 3270//3270 3300//3300
f 3300//3300 3270//3270 3301//3301
f 3270//3270 3275//3275 3301//3301
f 3278//3278 3302//3302 3279//3279
f 3302//3302 3303//3303 3279//3279
f 3279//3279 3303//3303 3304//3304
f 3303//3303 3305//3305 3304//3304
f 3305//3305 3306//3306 3304//3304
f 3304//3304 3306//3306 3264//3264
f 3306//3306 3307//3307 3264//3264
f 3264//3264 3307//3307 3265//3265
f 3307//3307 3308//3308 3265//3265
f 3265//3265 3308//3308 3273//3273
f 3309//3309 3310//3310 3311//3311
f 3311//3311 3312//3312 3309//3309
f 3312//3312 3313//3313 3309//3309
f 3309//3309 3313//3313 3314//3314
f 3315//3315 3266//3266 3316//3316
f 3266//3266 3317//3317 3316//3316
f 3318//3318 3319//3319 3317//3317
f 3319//3319 3320//3320 3317//3317
f 3321//3321 3316//3316 3322//3322
f 3316//3316 3317//3317 3322//3322
f 3322//3322 3317//3317 3323//3323
f 3317//3317 3320//3320 3323//3323
f 3315//3315 3324//3324 3266//3266
f 3324//3324 3325//3325 3266//3266
f 3266//3266 3325//3325 3264//3264
f 3325//3325 3309//3309 3264//3264
f 3264//3264 3309//3309 3304//3304
f 3309//3309 3314//3314 3304//3304
f 3326//3326 3015//3015 3327//3327
f 3328//3328 3329//3329 3326//3326
f 3330//3330 3331//3331 3327//3327
f 3331//3331 3332//3332 3327//3327
f 3327//3327 3332//3332 3326//3326
f 3332//3332 3333//3333 3326//3326
f 3326//3326 3333//3333 3328//3328
f 2980//2980 2979//2979 3016//3016
f 3334//3334 2982//2982 3335//3335
f 2982//2982 3336//3336 3335//3335
f 3337//3337 3338//3338 3339//3339
f 3338//3338 3340//3340 3339//3339
f 3341//3341 2980//2980 3342//3342
f 2980//2980 3343//3343 3342//3342
f 3334//3334 3344//3344 2982//2982
f 3344//3344 3345//3345 2982//2982
f 2982//2982 3345//3345 3033//3033
f 3345//3345 3346//3346 3033//3033
f 3033//3033 3346//3346 3347//3347
f 3340//3340 3348//3348 3339//3339
f 3348//3348 3349//3349 3339//3339
f 3339//3339 3349//3349 3350//3350
f 3015//3015 3326//3326 3016//3016
f 3326//3326 3339//3339 3016//3016
f 3016//3016 3339//3339 2980//2980
f 3339//3339 3350//3350 2980//2980
f 2980//2980 3350//3350 3343//3343
f 3341//3341 3351//3351 2980//2980
f 3351//3351 3352//3352 2980//2980
f 2980//2980 3352//3352 2981//2981
f 3352//3352 3353//3353 2981//2981
f 2981//2981 3353//3353 2982//2982
f 3353//3353 3354//3354 2982//2982
f 2982//2982 3354//3354 3336//3336
f 3355//3355 3356//3356 3357//3357
f 3356//3356 3358//3358 3357//3357
f 3359//3359 3360//3360 3361//3361
f 3360//3360 3357//3357 3361//3361
f 3361//3361 3357//3357 3362//3362
f 3357//3357 3358//3358 3362//3362
f 3363//3363 3364//3364 3365//3365
f 3366//3366 3367//3367 3152//3152
f 3367//3367 3368//3368 3152//3152
f 3368//3368 3369//3369 3152//3152
f 3152//3152 3369//3369 3370//3370
f 3182//3182 3371//3371 3372//3372
f 3373//3373 3150//3150 3365//3365
f 3150//3150 3152//3152 3365//3365
f 3365//3365 3152//3152 3363//3363
f 3152//3152 3370//3370 3363//3363
f 3364//3364 3374//3374 3365//3365
f 3374//3374 3375//3375 3365//3365
f 3365//3365 3375//3375 3376//3376
f 3205//3205 3180//3180 3188//3188
f 3180//3180 3182//3182 3188//3188
f 3188//3188 3182//3182 3014//3014
f 3182//3182 3372//3372 3014//3014
f 3014//3014 3372//3372 3377//3377
f 3376//3376 3378//3378 3365//3365
f 3378//3378 3379//3379 3365//3365
f 3365//3365 3379//3379 3182//3182
f 3379//3379 3380//3380 3182//3182
f 3182//3182 3380//3380 3381//3381
f 3381//3381 3382//3382 3182//3182
f 3382//3382 3383//3383 3182//3182
f 3182//3182 3383//3383 3371//3371
f 3152//3152 3384//3384 3385//3385
f 3385//3385 3386//3386 3152//3152
f 3386//3386 3387//3387 3152//3152
f 3152//3152 3387//3387 3388//3388
f 3359//3359 3366//3366 3360//3360
f 3366//3366 3152//3152 3360//3360
f 3360//3360 3152//3152 3389//3389
f 3152//3152 3388//3388 3389//3389
f 3389//3389 3388//3388 3390//3390
f 3102//3102 3391//3391 3392//3392
f 3393//3393 3394//3394 3152//3152
f 3395//3395 3396//3396 3397//3397
f 3392//3392 3398//3398 3102//3102
f 3398//3398 3399//3399 3102//3102
f 3102//3102 3399//3399 3400//3400
f 3401//3401 3402//3402 3023//3023
f 3402//3402 3403//3403 3023//3023
f 3023//3023 3403//3403 3404//3404
f 3400//3400 3405//3405 3102//3102
f 3405//3405 3406//3406 3102//3102
f 3102//3102 3406//3406 3023//3023
f 3406//3406 3407//3407 3023//3023
f 3023//3023 3407//3407 3401//3401
f 3404//3404 3393//3393 3023//3023
f 3393//3393 3152//3152 3023//3023
f 3023//3023 3152//3152 3156//3156
f 3152//3152 3160//3160 3156//3156
f 3156//3156 3160//3160 3408//3408
f 3394//3394 3409//3409 3152//3152
f 3409//3409 3410//3410 3152//3152
f 3152//3152 3410//3410 3411//3411
f 3384//3384 3152//3152 3412//3412
f 3152//3152 3411//3411 3412//3412
f 3412//3412 3411//3411 3413//3413
f 3414//3414 3415//3415 3008//3008
f 3415//3415 3416//3416 3008//3008
f 3008//3008 3416//3416 3417//3417
f 3418//3418 3419//3419 3411//3411
f 3419//3419 3420//3420 3411//3411
f 3411//3411 3420//3420 3413//3413
f 3397//3397 3396//3396 3421//3421
f 3396//3396 3414//3414 3421//3421
f 3421//3421 3414//3414 3422//3422
f 3423//3423 3424//3424 3425//3425
f 3424//3424 3419//3419 3425//3425
f 3425//3425 3419//3419 3397//3397
f 3419//3419 3418//3418 3397//3397
f 3397//3397 3418//3418 3395//3395
f 3426//3426 3427//3427 3008//3008
f 3426//3426 3008//3008 3428//3428
f 3427//3427 3429//3429 3008//3008
f 3429//3429 3430//3430 3008//3008
f 3008//3008 3430//3430 3414//3414
f 3430//3430 3431//3431 3414//3414
f 3414//3414 3431//3431 3422//3422
f 3432//3432 3428//3428 3433//3433
f 3428//3428 3008//3008 3433//3433
f 3433//3433 3008//3008 3434//3434
f 3008//3008 3007//3007 3434//3434
f 3434//3434 3007//3007 3435//3435
f 3436//3436 3437//3437 3438//3438
f 3437//3437 3439//3439 3438//3438
f 3438//3438 3439//3439 3440//3440
f 3014//3014 3013//3013 3188//3188
f 3013//3013 3441//3441 3188//3188
f 3188//3188 3441//3441 3442//3442
f 3443//3443 3444//3444 3445//3445
f 3444//3444 3446//3446 3445//3445
f 3445//3445 3446//3446 3438//3438
f 3446//3446 3447//3447 3438//3438
f 3438//3438 3447//3447 3436//3436
f 3448//3448 3449//3449 3014//3014
f 3449//3449 3450//3450 3014//3014
f 3450//3450 3451//3451 3014//3014
f 3014//3014 3451//3451 3012//3012
f 3377//3377 3356//3356 3014//3014
f 3356//3356 3355//3355 3014//3014
f 3014//3014 3355//3355 3448//3448
f 3355//3355 3452//3452 3448//3448
f 3347//3347 3453//3453 3033//3033
f 3453//3453 3454//3454 3033//3033
f 3033//3033 3454//3454 3007//3007
f 3454//3454 3455//3455 3007//3007
f 3455//3455 3456//3456 3007//3007
f 3456//3456 3457//3457 3007//3007
f 3007//3007 3457//3457 3435//3435
f 3457//3457 3458//3458 3435//3435
f 3459//3459 3460//3460 3445//3445
f 3188//3188 3461//3461 3462//3462
f 3463//3463 3464//3464 3020//3020
f 3011//3011 3010//3010 3445//3445
f 3010//3010 3465//3465 3445//3445
f 3445//3445 3465//3465 3459//3459
f 3460//3460 3466//3466 3445//3445
f 3466//3466 3467//3467 3445//3445
f 3445//3445 3467//3467 3468//3468
f 3462//3462 3469//3469 3188//3188
f 3469//3469 3470//3470 3188//3188
f 3188//3188 3470//3470 3471//3471
f 3472//3472 3473//3473 3474//3474
f 3473//3473 3443//3443 3474//3474
f 3474//3474 3443//3443 3442//3442
f 3443//3443 3445//3445 3442//3442
f 3442//3442 3445//3445 3188//3188
f 3445//3445 3468//3468 3188//3188
f 3188//3188 3468//3468 3461//3461
f 3471//3471 3463//3463 3188//3188
f 3463//3463 3020//3020 3188//3188
f 3188//3188 3020//3020 3186//3186
f 3020//3020 3191//3191 3186//3186
f 3186//3186 3191//3191 3475//3475
f 3464//3464 3476//3476 3020//3020
f 3476//3476 3477//3477 3020//3020
f 3020//3020 3477//3477 3478//3478
f 3478//3478 3479//3479 3020//3020
f 3479//3479 3480//3480 3020//3020
f 3020//3020 3480//3480 3011//3011
f 3480//3480 3481//3481 3011//3011
f 3011//3011 3481//3481 3482//3482
f 3482//3482 3483//3483 3011//3011
f 3483//3483 3484//3484 3011//3011
f 3011//3011 3484//3484 3009//3009
f 3329//3329 3318//3318 3326//3326
f 3318//3318 3317//3317 3326//3326
f 3326//3326 3317//3317 3339//3339
f 3317//3317 3457//3457 3339//3339
f 3339//3339 3457//3457 3337//3337
f 3457//3457 3456//3456 3337//3337
f 3267//3267 3255//3255 3266//3266
f 3255//3255 3011//3011 3266//3266
f 3266//3266 3011//3011 3317//3317
f 3011//3011 3445//3445 3317//3317
f 3317//3317 3445//3445 3457//3457
f 3445//3445 3438//3438 3457//3457
f 3457//3457 3438//3438 3458//3458
f 3438//3438 3440//3440 3458//3458
f 3458//3458 3440//3440 3485//3485
f 3181//3181 3486//3486 3182//3182
f 3486//3486 3487//3487 3182//3182
f 3182//3182 3487//3487 3365//3365
f 3487//3487 3488//3488 3365//3365
f 3365//3365 3488//3488 3373//3373
f 3488//3488 3489//3489 3373//3373
f 3417//3417 3391//3391 3008//3008
f 3391//3391 3102//3102 3008//3008
f 3008//3008 3102//3102 3006//3006
f 3102//3102 3100//3100 3006//3006
f 3006//3006 3100//3100 3045//3045
f 3100//3100 3490//3490 3045//3045
f 3045//3045 3490//3490 3025//3025
f 3490//3490 3491//3491 3025//3025
f 3025//3025 3491//3491 3091//3091
f 3492//3492 3493//3493 3494//3494
f 3495//3495 3496//3496 3497//3497
f 3498//3498 3499//3499 3494//3494
f 3499//3499 3500//3500 3494//3494
f 3497//3497 3501//3501 3495//3495
f 3501//3501 3502//3502 3495//3495
f 3495//3495 3502//3502 3503//3503
f 2991//2991 3504//3504 2992//2992
f 3504//3504 2993//2993 2992//2992
f 3505//3505 3506//3506 3507//3507
f 3506//3506 3508//3508 3507//3507
f 3504//3504 3509//3509 2993//2993
f 3509//3509 3508//3508 2993//2993
f 2993//2993 3508//3508 2994//2994
f 3508//3508 3506//3506 2994//2994
f 2994//2994 3506//3506 2995//2995
f 3510//3510 3500//3500 3511//3511
f 3500//3500 3502//3502 3511//3511
f 3511//3511 3502//3502 3512//3512
f 3502//3502 3513//3513 3512//3512
f 3508//3508 3514//3514 3515//3515
f 3516//3516 3494//3494 3517//3517
f 3494//3494 3500//3500 3517//3517
f 3517//3517 3500//3500 3518//3518
f 3500//3500 3510//3510 3518//3518
f 3516//3516 3519//3519 3494//3494
f 3519//3519 3520//3520 3494//3494
f 3494//3494 3520//3520 3492//3492
f 3520//3520 3521//3521 3492//3492
f 3492//3492 3521//3521 3508//3508
f 3521//3521 3522//3522 3508//3508
f 3508//3508 3522//3522 3514//3514
f 3515//3515 3523//3523 3508//3508
f 3523//3523 3524//3524 3508//3508
f 3508//3508 3524//3524 3507//3507
f 3524//3524 3525//3525 3507//3507
f 3507//3507 3525//3525 3526//3526
f 3526//3526 3527//3527 3507//3507
f 3527//3527 3528//3528 3507//3507
f 3507//3507 3528//3528 3501//3501
f 3528//3528 3529//3529 3501//3501
f 3501//3501 3529//3529 3530//3530
f 3530//3530 3531//3531 3501//3501
f 3531//3531 3532//3532 3501//3501
f 3501//3501 3532//3532 3502//3502
f 3532//3532 3533//3533 3502//3502
f 3502//3502 3533//3533 3513//3513
f 3534//3534 3535//3535 3536//3536
f 3537//3537 3538//3538 3539//3539
f 3540//3540 3541//3541 3534//3534
f 3542//3542 3543//3543 3534//3534
f 3544//3544 3545//3545 3546//3546
f 3547//3547 3548//3548 3549//3549
f 3550//3550 3551//3551 3552//3552
f 3553//3553 3554//3554 3555//3555
f 3556//3556 3557//3557 3558//3558
f 3559//3559 3560//3560 3561//3561
f 3562//3562 3563//3563 3564//3564
f 3565//3565 3566//3566 3536//3536
f 3567//3567 3568//3568 3569//3569
f 3570//3570 3571//3571 3572//3572
f 3571//3571 3565//3565 3572//3572
f 3572//3572 3565//3565 3573//3573
f 3565//3565 3536//3536 3573//3573
f 3573//3573 3536//3536 3574//3574
f 3536//3536 3575//3575 3574//3574
f 3576//3576 3577//3577 3578//3578
f 3579//3579 3580//3580 3535//3535
f 3580//3580 3581//3581 3535//3535
f 3581//3581 3582//3582 3535//3535
f 3535//3535 3582//3582 3583//3583
f 3583//3583 3584//3584 3535//3535
f 3584//3584 3585//3585 3535//3535
f 3535//3535 3585//3585 3536//3536
f 3585//3585 3586//3586 3536//3536
f 3536//3536 3586//3586 3575//3575
f 3562//3562 3587//3587 3563//3563
f 3587//3587 3588//3588 3563//3563
f 3563//3563 3588//3588 3589//3589
f 3590//3590 3591//3591 3592//3592
f 3591//3591 3593//3593 3592//3592
f 3592//3592 3593//3593 3594//3594
f 3593//3593 3595//3595 3594//3594
f 3594//3594 3595//3595 3596//3596
f 3564//3564 3563//3563 3597//3597
f 3563//3563 3598//3598 3597//3597
f 3597//3597 3598//3598 3599//3599
f 3598//3598 3600//3600 3599//3599
f 3599//3599 3600//3600 3601//3601
f 3600//3600 3602//3602 3601//3601
f 3601//3601 3602//3602 3603//3603
f 3602//3602 3604//3604 3603//3603
f 3603//3603 3604//3604 3605//3605
f 3604//3604 3606//3606 3605//3605
f 3605//3605 3606//3606 3607//3607
f 3606//3606 3608//3608 3607//3607
f 3607//3607 3608//3608 3609//3609
f 3608//3608 3610//3610 3609//3609
f 3609//3609 3610//3610 3611//3611
f 3610//3610 3612//3612 3611//3611
f 3611//3611 3612//3612 3613//3613
f 3612//3612 3614//3614 3613//3613
f 3613//3613 3614//3614 3615//3615
f 3614//3614 3616//3616 3615//3615
f 3615//3615 3616//3616 3617//3617
f 3616//3616 3618//3618 3617//3617
f 3617//3617 3618//3618 3619//3619
f 3618//3618 3620//3620 3619//3619
f 3619//3619 3620//3620 3592//3592
f 3620//3620 3621//3621 3592//3592
f 3592//3592 3621//3621 3590//3590
f 3594//3594 3622//3622 3623//3623
f 3623//3623 3624//3624 3594//3594
f 3624//3624 3625//3625 3594//3594
f 3594//3594 3625//3625 3592//3592
f 3578//3578 3561//3561 3576//3576
f 3561//3561 3560//3560 3576//3576
f 3576//3576 3560//3560 3594//3594
f 3560//3560 3626//3626 3594//3594
f 3594//3594 3626//3626 3622//3622
f 3627//3627 3628//3628 3558//3558
f 3557//3557 3629//3629 3630//3630
f 3557//3557 3630//3630 3558//3558
f 3630//3630 3631//3631 3558//3558
f 3558//3558 3631//3631 3627//3627
f 3628//3628 3632//3632 3558//3558
f 3632//3632 3633//3633 3558//3558
f 3558//3558 3633//3633 3634//3634
f 3635//3635 3559//3559 3636//3636
f 3559//3559 3637//3637 3636//3636
f 3638//3638 3639//3639 3640//3640
f 3640//3640 3639//3639 3641//3641
f 3640//3640 3642//3642 3638//3638
f 3642//3642 3643//3643 3638//3638
f 3638//3638 3643//3643 3644//3644
f 3645//3645 3646//3646 3647//3647
f 3646//3646 3648//3648 3647//3647
f 3649//3649 3650//3650 3648//3648
f 3650//3650 3651//3651 3648//3648
f 3652//3652 3647//3647 3653//3653
f 3647//3647 3648//3648 3653//3653
f 3653//3653 3648//3648 3654//3654
f 3648//3648 3651//3651 3654//3654
f 3655//3655 3656//3656 3657//3657
f 3656//3656 3658//3658 3657//3657
f 3657//3657 3658//3658 3641//3641
f 3658//3658 3659//3659 3641//3641
f 3659//3659 3660//3660 3641//3641
f 3660//3660 3661//3661 3641//3641
f 3641//3641 3661//3661 3662//3662
f 3662//3662 3663//3663 3641//3641
f 3663//3663 3664//3664 3641//3641
f 3641//3641 3664//3664 3640//3640
f 3664//3664 3665//3665 3640//3640
f 3640//3640 3665//3665 3666//3666
f 3666//3666 3667//3667 3640//3640
f 3667//3667 3668//3668 3640//3640
f 3640//3640 3668//3668 3669//3669
f 3652//3652 3670//3670 3647//3647
f 3670//3670 3671//3671 3647//3647
f 3647//3647 3671//3671 3657//3657
f 3671//3671 3672//3672 3657//3657
f 3657//3657 3672//3672 3655//3655
f 3555//3555 3640//3640 3553//3553
f 3640//3640 3669//3669 3553//3553
f 3553//3553 3669//3669 3648//3648
f 3669//3669 3673//3673 3648//3648
f 3648//3648 3673//3673 3649//3649
f 3674//3674 3675//3675 3676//3676
f 3677//3677 3678//3678 3679//3679
f 3678//3678 3680//3680 3679//3679
f 3679//3679 3680//3680 3681//3681
f 3681//3681 3682//3682 3679//3679
f 3682//3682 3683//3683 3679//3679
f 3679//3679 3683//3683 3684//3684
f 3684//3684 3674//3674 3679//3679
f 3674//3674 3676//3676 3679//3679
f 3679//3679 3676//3676 3685//3685
f 3676//3676 3686//3686 3685//3685
f 3685//3685 3686//3686 3687//3687
f 3688//3688 3689//3689 3690//3690
f 3689//3689 3691//3691 3690//3690
f 3687//3687 3692//3692 3685//3685
f 3692//3692 3693//3693 3685//3685
f 3685//3685 3693//3693 3694//3694
f 3694//3694 3695//3695 3685//3685
f 3695//3695 3696//3696 3685//3685
f 3685//3685 3696//3696 3697//3697
f 3697//3697 3698//3698 3685//3685
f 3698//3698 3699//3699 3685//3685
f 3685//3685 3699//3699 3641//3641
f 3699//3699 3700//3700 3641//3641
f 3641//3641 3700//3700 3657//3657
f 3700//3700 3701//3701 3657//3657
f 3702//3702 3703//3703 3704//3704
f 3703//3703 3699//3699 3704//3704
f 3704//3704 3699//3699 3705//3705
f 3699//3699 3698//3698 3705//3705
f 3706//3706 3551//3551 3707//3707
f 3551//3551 3550//3550 3707//3707
f 3707//3707 3550//3550 3679//3679
f 3550//3550 3690//3690 3679//3679
f 3679//3679 3690//3690 3677//3677
f 3690//3690 3691//3691 3677//3677
f 3708//3708 3709//3709 3710//3710
f 3709//3709 3711//3711 3710//3710
f 3712//3712 3713//3713 3714//3714
f 3715//3715 3716//3716 3712//3712
f 3716//3716 3717//3717 3712//3712
f 3712//3712 3717//3717 3713//3713
f 3718//3718 3719//3719 3720//3720
f 3719//3719 3721//3721 3720//3720
f 3718//3718 3722//3722 3719//3719
f 3722//3722 3723//3723 3719//3719
f 3719//3719 3723//3723 3724//3724
f 3725//3725 3726//3726 3727//3727
f 3726//3726 3719//3719 3727//3727
f 3727//3727 3719//3719 3728//3728
f 3719//3719 3724//3724 3728//3728
f 3728//3728 3724//3724 3729//3729
f 3725//3725 3730//3730 3726//3726
f 3730//3730 3731//3731 3726//3726
f 3726//3726 3731//3731 3732//3732
f 3732//3732 3733//3733 3726//3726
f 3733//3733 3734//3734 3726//3726
f 3726//3726 3734//3734 3735//3735
f 3736//3736 3737//3737 3738//3738
f 3737//3737 3739//3739 3738//3738
f 3738//3738 3739//3739 3740//3740
f 3739//3739 3726//3726 3740//3740
f 3740//3740 3726//3726 3741//3741
f 3726//3726 3735//3735 3741//3741
f 3742//3742 3743//3743 3744//3744
f 3745//3745 3712//3712 3719//3719
f 3712//3712 3714//3714 3719//3719
f 3719//3719 3714//3714 3721//3721
f 3746//3746 3742//3742 3747//3747
f 3742//3742 3744//3744 3747//3747
f 3747//3747 3744//3744 3748//3748
f 3744//3744 3749//3749 3748//3748
f 3743//3743 3750//3750 3744//3744
f 3750//3750 3751//3751 3744//3744
f 3744//3744 3751//3751 3752//3752
f 3753//3753 3754//3754 3755//3755
f 3754//3754 3756//3756 3755//3755
f 3755//3755 3756//3756 3719//3719
f 3756//3756 3757//3757 3719//3719
f 3719//3719 3757//3757 3758//3758
f 3758//3758 3759//3759 3719//3719
f 3759//3759 3760//3760 3719//3719
f 3719//3719 3760//3760 3745//3745
f 3745//3745 3761//3761 3712//3712
f 3761//3761 3762//3762 3712//3712
f 3712//3712 3762//3762 3747//3747
f 3762//3762 3763//3763 3747//3747
f 3747//3747 3763//3763 3746//3746
f 3764//3764 3765//3765 3766//3766
f 3767//3767 3768//3768 3755//3755
f 3768//3768 3769//3769 3755//3755
f 3755//3755 3769//3769 3753//3753
f 3764//3764 3766//3766 3770//3770
f 3771//3771 3772//3772 3773//3773
f 3772//3772 3744//3744 3773//3773
f 3752//3752 3774//3774 3744//3744
f 3774//3774 3775//3775 3744//3744
f 3744//3744 3775//3775 3773//3773
f 3775//3775 3776//3776 3773//3773
f 3773//3773 3776//3776 3766//3766
f 3776//3776 3777//3777 3766//3766
f 3777//3777 3767//3767 3766//3766
f 3767//3767 3755//3755 3766//3766
f 3766//3766 3755//3755 3770//3770
f 3755//3755 3778//3778 3770//3770
f 3770//3770 3778//3778 3779//3779
f 3780//3780 3781//3781 3778//3778
f 3781//3781 3782//3782 3778//3778
f 3778//3778 3782//3782 3779//3779
f 3782//3782 3783//3783 3779//3779
f 3780//3780 3778//3778 3784//3784
f 3778//3778 3755//3755 3784//3784
f 3784//3784 3755//3755 3785//3785
f 3755//3755 3719//3719 3785//3785
f 3785//3785 3719//3719 3786//3786
f 3787//3787 3788//3788 3789//3789
f 3788//3788 3790//3790 3789//3789
f 3789//3789 3791//3791 3792//3792
f 3793//3793 3794//3794 3789//3789
f 3794//3794 3795//3795 3789//3789
f 3789//3789 3795//3795 3791//3791
f 3792//3792 3796//3796 3789//3789
f 3796//3796 3797//3797 3789//3789
f 3789//3789 3797//3797 3787//3787
f 3798//3798 3799//3799 3800//3800
f 3799//3799 3801//3801 3800//3800
f 3800//3800 3801//3801 3793//3793
f 3801//3801 3802//3802 3793//3793
f 3793//3793 3802//3802 3794//3794
f 3803//3803 3804//3804 3798//3798
f 3804//3804 3805//3805 3798//3798
f 3798//3798 3805//3805 3806//3806
f 3806//3806 3807//3807 3798//3798
f 3807//3807 3808//3808 3798//3798
f 3798//3798 3808//3808 3799//3799
f 3809//3809 3810//3810 3811//3811
f 3810//3810 3812//3812 3811//3811
f 3813//3813 3814//3814 3810//3810
f 3814//3814 3815//3815 3810//3810
f 3810//3810 3815//3815 3812//3812
f 3816//3816 3817//3817 3818//3818
f 3818//3818 3817//3817 3819//3819
f 3817//3817 3820//3820 3819//3819
f 3819//3819 3820//3820 3821//3821
f 3820//3820 3822//3822 3821//3821
f 3821//3821 3822//3822 3823//3823
f 3822//3822 3824//3824 3823//3823
f 3823//3823 3824//3824 3547//3547
f 3825//3825 3826//3826 3827//3827
f 3826//3826 3828//3828 3827//3827
f 3827//3827 3828//3828 3829//3829
f 3830//3830 3831//3831 3832//3832
f 3831//3831 3833//3833 3832//3832
f 3834//3834 3835//3835 3793//3793
f 3835//3835 3836//3836 3793//3793
f 3836//3836 3837//3837 3793//3793
f 3793//3793 3837//3837 3800//3800
f 3837//3837 3827//3827 3800//3800
f 3838//3838 3839//3839 3840//3840
f 3839//3839 3841//3841 3840//3840
f 3840//3840 3841//3841 3832//3832
f 3841//3841 3842//3842 3832//3832
f 3832//3832 3842//3842 3830//3830
f 3843//3843 3844//3844 3840//3840
f 3844//3844 3845//3845 3840//3840
f 3840//3840 3845//3845 3838//3838
f 3846//3846 3843//3843 3847//3847
f 3843//3843 3840//3840 3847//3847
f 3847//3847 3840//3840 3848//3848
f 3840//3840 3849//3849 3848//3848
f 3848//3848 3849//3849 3850//3850
f 3849//3849 3851//3851 3850//3850
f 2961//2961 3851//3851 3000//3000
f 3851//3851 3849//3849 3000//3000
f 3000//3000 3849//3849 3001//3001
f 3849//3849 3567//3567 3001//3001
f 3001//3001 3567//3567 3002//3002
f 3567//3567 3569//3569 3002//3002
f 3002//3002 3569//3569 3003//3003
f 3852//3852 3853//3853 3707//3707
f 3707//3707 3853//3853 3726//3726
f 3854//3854 3855//3855 3856//3856
f 3855//3855 3857//3857 3856//3856
f 3856//3856 3857//3857 3858//3858
f 3534//3534 3543//3543 3535//3535
f 3543//3543 3859//3859 3535//3535
f 3535//3535 3859//3859 3860//3860
f 3861//3861 3862//3862 3863//3863
f 3862//3862 3864//3864 3863//3863
f 3863//3863 3864//3864 3856//3856
f 3864//3864 3865//3865 3856//3856
f 3856//3856 3865//3865 3854//3854
f 3866//3866 3867//3867 3534//3534
f 3867//3867 3868//3868 3534//3534
f 3534//3534 3868//3868 3542//3542
f 3866//3866 3534//3534 3869//3869
f 3534//3534 3541//3541 3869//3869
f 3869//3869 3541//3541 3870//3870
f 3871//3871 3540//3540 3872//3872
f 3873//3873 3874//3874 3832//3832
f 3874//3874 3875//3875 3832//3832
f 3832//3832 3875//3875 3876//3876
f 3876//3876 3537//3537 3832//3832
f 3537//3537 3539//3539 3832//3832
f 3832//3832 3539//3539 3840//3840
f 3539//3539 3871//3871 3840//3840
f 3840//3840 3871//3871 3877//3877
f 3871//3871 3872//3872 3877//3877
f 3878//3878 3879//3879 3880//3880
f 3881//3881 3882//3882 3546//3546
f 3882//3882 3883//3883 3546//3546
f 3883//3883 3884//3884 3546//3546
f 3884//3884 3885//3885 3546//3546
f 3546//3546 3885//3885 3789//3789
f 3885//3885 3886//3886 3789//3789
f 3886//3886 3887//3887 3789//3789
f 3887//3887 3888//3888 3789//3789
f 3789//3789 3888//3888 3889//3889
f 3890//3890 3891//3891 3832//3832
f 3892//3892 3893//3893 3793//3793
f 3893//3893 3894//3894 3793//3793
f 3793//3793 3894//3894 3895//3895
f 3889//3889 3896//3896 3789//3789
f 3896//3896 3897//3897 3789//3789
f 3789//3789 3897//3897 3793//3793
f 3897//3897 3898//3898 3793//3793
f 3793//3793 3898//3898 3892//3892
f 3895//3895 3890//3890 3793//3793
f 3890//3890 3832//3832 3793//3793
f 3793//3793 3832//3832 3834//3834
f 3832//3832 3833//3833 3834//3834
f 3834//3834 3833//3833 3899//3899
f 3891//3891 3900//3900 3832//3832
f 3900//3900 3901//3901 3832//3832
f 3832//3832 3901//3901 3902//3902
f 3873//3873 3832//3832 3903//3903
f 3832//3832 3902//3902 3903//3903
f 3903//3903 3902//3902 3904//3904
f 3880//3880 3879//3879 3905//3905
f 3879//3879 3881//3881 3905//3905
f 3905//3905 3881//3881 3906//3906
f 3907//3907 3908//3908 3902//3902
f 3908//3908 3909//3909 3902//3902
f 3902//3902 3909//3909 3904//3904
f 3910//3910 3911//3911 3912//3912
f 3911//3911 3908//3908 3912//3912
f 3912//3912 3908//3908 3880//3880
f 3908//3908 3907//3907 3880//3880
f 3880//3880 3907//3907 3878//3878
f 3546//3546 3913//3913 3914//3914
f 3913//3913 3546//3546 3915//3915
f 3546//3546 3545//3545 3915//3915
f 3915//3915 3545//3545 3916//3916
f 3914//3914 3917//3917 3546//3546
f 3917//3917 3918//3918 3546//3546
f 3546//3546 3918//3918 3881//3881
f 3918//3918 3919//3919 3881//3881
f 3881//3881 3919//3919 3906//3906
f 3920//3920 3567//3567 3921//3921
f 3567//3567 3922//3922 3921//3921
f 3920//3920 3923//3923 3567//3567
f 3923//3923 3924//3924 3567//3567
f 3567//3567 3924//3924 3925//3925
f 3924//3924 3926//3926 3925//3925
f 3925//3925 3926//3926 3927//3927
f 3927//3927 3928//3928 3925//3925
f 3928//3928 3929//3929 3925//3925
f 3925//3925 3929//3929 3540//3540
f 3929//3929 3930//3930 3540//3540
f 3540//3540 3930//3930 3872//3872
f 3877//3877 3931//3931 3840//3840
f 3931//3931 3932//3932 3840//3840
f 3840//3840 3932//3932 3933//3933
f 3934//3934 3849//3849 3935//3935
f 3849//3849 3840//3840 3935//3935
f 3935//3935 3840//3840 3936//3936
f 3840//3840 3933//3933 3936//3936
f 3934//3934 3937//3937 3849//3849
f 3937//3937 3938//3938 3849//3849
f 3849//3849 3938//3938 3939//3939
f 3939//3939 3940//3940 3849//3849
f 3940//3940 3941//3941 3849//3849
f 3849//3849 3941//3941 3567//3567
f 3941//3941 3942//3942 3567//3567
f 3567//3567 3942//3942 3922//3922
f 3589//3589 3577//3577 3563//3563
f 3577//3577 3576//3576 3563//3563
f 3563//3563 3576//3576 3943//3943
f 3596//3596 3944//3944 3594//3594
f 3944//3944 3945//3945 3594//3594
f 3594//3594 3945//3945 3576//3576
f 3945//3945 3946//3946 3576//3576
f 3576//3576 3946//3946 3943//3943
f 3943//3943 3947//3947 3563//3563
f 3947//3947 3948//3948 3563//3563
f 3563//3563 3948//3948 3598//3598
f 3948//3948 3949//3949 3598//3598
f 3598//3598 3949//3949 3600//3600
f 3950//3950 3951//3951 3548//3548
f 3950//3950 3548//3548 3952//3952
f 3547//3547 3824//3824 3548//3548
f 3824//3824 3953//3953 3548//3548
f 3548//3548 3953//3953 3952//3952
f 3954//3954 3810//3810 3955//3955
f 3810//3810 3956//3956 3955//3955
f 3818//3818 3813//3813 3816//3816
f 3813//3813 3810//3810 3816//3816
f 3816//3816 3810//3810 3957//3957
f 3810//3810 3954//3954 3957//3957
f 3829//3829 3549//3549 3827//3827
f 3549//3549 3548//3548 3827//3827
f 3827//3827 3548//3548 3800//3800
f 3548//3548 3951//3951 3800//3800
f 3800//3800 3951//3951 3958//3958
f 3809//3809 3803//3803 3810//3810
f 3803//3803 3798//3798 3810//3810
f 3810//3810 3798//3798 3956//3956
f 3798//3798 3959//3959 3956//3956
f 3958//3958 3960//3960 3800//3800
f 3960//3960 3961//3961 3800//3800
f 3800//3800 3961//3961 3962//3962
f 3963//3963 3964//3964 3798//3798
f 3964//3964 3965//3965 3798//3798
f 3798//3798 3965//3965 3959//3959
f 3962//3962 3966//3966 3800//3800
f 3966//3966 3967//3967 3800//3800
f 3800//3800 3967//3967 3798//3798
f 3967//3967 3968//3968 3798//3798
f 3798//3798 3968//3968 3963//3963
f 3969//3969 3970//3970 3863//3863
f 3535//3535 3971//3971 3972//3972
f 3973//3973 3974//3974 3975//3975
f 3976//3976 3977//3977 3975//3975
f 3977//3977 3978//3978 3975//3975
f 3975//3975 3978//3978 3863//3863
f 3978//3978 3979//3979 3863//3863
f 3863//3863 3979//3979 3969//3969
f 3970//3970 3980//3980 3863//3863
f 3980//3980 3981//3981 3863//3863
f 3863//3863 3981//3981 3982//3982
f 3974//3974 3983//3983 3975//3975
f 3983//3983 3984//3984 3975//3975
f 3975//3975 3984//3984 3976//3976
f 3985//3985 3986//3986 3987//3987
f 3986//3986 3861//3861 3987//3987
f 3987//3987 3861//3861 3860//3860
f 3861//3861 3863//3863 3860//3860
f 3860//3860 3863//3863 3535//3535
f 3863//3863 3982//3982 3535//3535
f 3535//3535 3982//3982 3971//3971
f 3972//3972 3988//3988 3535//3535
f 3988//3988 3989//3989 3535//3535
f 3535//3535 3989//3989 3990//3990
f 3991//3991 3992//3992 3561//3561
f 3992//3992 3993//3993 3561//3561
f 3634//3634 3637//3637 3558//3558
f 3637//3637 3559//3559 3558//3558
f 3558//3558 3559//3559 3975//3975
f 3559//3559 3561//3561 3975//3975
f 3975//3975 3561//3561 3973//3973
f 3561//3561 3994//3994 3973//3973
f 3990//3990 3991//3991 3535//3535
f 3991//3991 3561//3561 3535//3535
f 3535//3535 3561//3561 3579//3579
f 3561//3561 3578//3578 3579//3579
f 3579//3579 3578//3578 3995//3995
f 3993//3993 3996//3996 3561//3561
f 3996//3996 3997//3997 3561//3561
f 3561//3561 3997//3997 3994//3994
f 3639//3639 3556//3556 3641//3641
f 3556//3556 3558//3558 3641//3641
f 3641//3641 3558//3558 3685//3685
f 3558//3558 3975//3975 3685//3685
f 3685//3685 3975//3975 3679//3679
f 3975//3975 3863//3863 3679//3679
f 3679//3679 3863//3863 3707//3707
f 3863//3863 3856//3856 3707//3707
f 3707//3707 3856//3856 3852//3852
f 3856//3856 3858//3858 3852//3852
f 3852//3852 3858//3858 3998//3998
f 3540//3540 3534//3534 3925//3925
f 3534//3534 3536//3536 3925//3925
f 3925//3925 3536//3536 3567//3567
f 3536//3536 3566//3566 3567//3567
f 3567//3567 3566//3566 3568//3568
f 3566//3566 3999//3999 3568//3568
f 3568//3568 3999//3999 3569//3569
f 3711//3711 4000//4000 4001//4001
f 4002//4002 4003//4003 3726//3726
f 4001//4001 4004//4004 3711//3711
f 4004//4004 4005//4005 3711//3711
f 3711//3711 4005//4005 4006//4006
f 3706//3706 4007//4007 3711//3711
f 4007//4007 4008//4008 3711//3711
f 3711//3711 4008//4008 4000//4000
f 3739//3739 3710//3710 3726//3726
f 3710//3710 3711//3711 3726//3726
f 3726//3726 3711//3711 4002//4002
f 3711//3711 4006//4006 4002//4002
f 4003//4003 4009//4009 3726//3726
f 4009//4009 4010//4010 3726//3726
f 3726//3726 4010//4010 4011//4011
f 4012//4012 3707//3707 4013//4013
f 3707//3707 3726//3726 4013//4013
f 4013//4013 3726//3726 4014//4014
f 3726//3726 4011//4011 4014//4014
f 4012//4012 4015//4015 3707//3707
f 4015//4015 4016//4016 3707//3707
f 3707//3707 4016//4016 4017//4017
f 4017//4017 4018//4018 3707//3707
f 4018//4018 4019//4019 3707//3707
f 3707//3707 4019//4019 3706//3706
f 4019//4019 4020//4020 3706//3706
f 3706//3706 4020//4020 4021//4021
f 4021//4021 4022//4022 3706//3706
f 4022//4022 4023//4023 3706//3706
f 3706//3706 4023//4023 4007//4007
f 3853//3853 3544//3544 3726//3726
f 3544//3544 3546//3546 3726//3726
f 3726//3726 3546//3546 3719//3719
f 3546//3546 3789//3789 3719//3719
f 3719//3719 3789//3789 3786//3786
f 3789//3789 3790//3790 3786//3786
f 3786//3786 3790//3790 4024//4024
f 4025//4025 4026//4026 4027//4027
f 4028//4028 4029//4029 4030//4030
f 4031//4031 4032//4032 4030//4030
f 4027//4027 4033//4033 4025//4025
f 4033//4033 4034//4034 4025//4025
f 4025//4025 4034//4034 4035//4035
f 4036//4036 4037//4037 4038//4038
f 4037//4037 4039//4039 4038//4038
f 2969//2969 4040//4040 2970//2970
f 4040//4040 2971//2971 2970//2970
f 4041//4041 4042//4042 4043//4043
f 4044//4044 4045//4045 4028//4028
f 4046//4046 4040//4040 4038//4038
f 4040//4040 2969//2969 4038//4038
f 4038//4038 2969//2969 4036//4036
f 2969//2969 2968//2968 4036//4036
f 4036//4036 2968//2968 2967//2967
f 4032//4032 4047//4047 4030//4030
f 4047//4047 4048//4048 4030//4030
f 4030//4030 4048//4048 4028//4028
f 4048//4048 4049//4049 4028//4028
f 4028//4028 4049//4049 4044//4044
f 4050//4050 4051//4051 4043//4043
f 4051//4051 4028//4028 4043//4043
f 4043//4043 4028//4028 4041//4041
f 4028//4028 4045//4045 4041//4041
f 4031//4031 4030//4030 4052//4052
f 4030//4030 4038//4038 4052//4052
f 4052//4052 4038//4038 4053//4053
f 4038//4038 4039//4039 4053//4053
f 4053//4053 4039//4039 4054//4054
f 4042//4042 4055//4055 4043//4043
f 4055//4055 4056//4056 4043//4043
f 4043//4043 4056//4056 4035//4035
f 4056//4056 4057//4057 4035//4035
f 4035//4035 4057//4057 4058//4058
f 4059//4059 4060//4060 4039//4039
f 4060//4060 4061//4061 4039//4039
f 4039//4039 4061//4061 4054//4054
f 4059//4059 4039//4039 4062//4062
f 4039//4039 4025//4025 4062//4062
f 4062//4062 4025//4025 4063//4063
f 4058//4058 4064//4064 4035//4035
f 4064//4064 4065//4065 4035//4035
f 4035//4035 4065//4065 4025//4025
f 4065//4065 4066//4066 4025//4025
f 4025//4025 4066//4066 4063//4063
f 3357//3357 4067//4067 3355//3355
f 4067//4067 667//667 3355//3355
f 3355//3355 667//667 3452//3452
f 669//669 667//667 4068//4068
f 667//667 4067//4067 4068//4068
f 3357//3357 3360//3360 4067//4067
f 3360//3360 4068//4068 4067//4067
f 3390//3390 669//669 3389//3389
f 669//669 4068//4068 3389//3389
f 3389//3389 4068//4068 3360//3360
f 567//567 3143//3143 568//568
f 3143//3143 3136//3136 568//568
f 568//568 3136//3136 27//27
f 3136//3136 3137//3137 27//27
f 574//574 3105//3105 566//566
f 3105//3105 3106//3106 566//566
f 515//515 3252//3252 516//516
f 3252//3252 3251//3251 516//516
f 68//68 3249//3249 69//69
f 3249//3249 3248//3248 69//69
f 69//69 3248//3248 514//514
f 666//666 3448//3448 667//667
f 3448//3448 3452//3452 667//667
f 669//669 3390//3390 670//670
f 3390//3390 3388//3388 670//670
f 3139//3139 31//31 3135//3135
f 31//31 27//27 3135//3135
f 3135//3135 27//27 3137//3137
f 36//36 3146//3146 37//37
f 3146//3146 3147//3147 37//37
f 31//31 3139//3139 33//33
f 3139//3139 3138//3138 33//33
f 37//37 3147//3147 39//39
f 3147//3147 3148//3148 39//39
f 39//39 3148//3148 47//47
f 3148//3148 3149//3149 47//47
f 44//44 3170//3170 547//547
f 3170//3170 3169//3169 547//547
f 47//47 3149//3149 46//46
f 3149//3149 3111//3111 46//46
f 547//547 3169//3169 554//554
f 3169//3169 3171//3171 554//554
f 3177//3177 548//548 558//558
f 3177//3177 558//558 3166//3166
f 558//558 553//553 3166//3166
f 3166//3166 553//553 3165//3165
f 553//553 552//552 3165//3165
f 3165//3165 552//552 3164//3164
f 552//552 551//551 3164//3164
f 3164//3164 551//551 3167//3167
f 551//551 557//557 3167//3167
f 3167//3167 557//557 3168//3168
f 557//557 556//556 3168//3168
f 3168//3168 556//556 3161//3161
f 556//556 555//555 3161//3161
f 3161//3161 555//555 3172//3172
f 555//555 554//554 3172//3172
f 3172//3172 554//554 3171//3171
f 550//550 3408//3408 6//6
f 3408//3408 3160//3160 6//6
f 548//548 3177//3177 549//549
f 3177//3177 3176//3176 549//549
f 6//6 3160//3160 3159//3159
f 6//6 3159//3159 562//562
f 3159//3159 3158//3158 562//562
f 562//562 3158//3158 563//563
f 3158//3158 3154//3154 563//563
f 563//563 3154//3154 565//565
f 3154//3154 3153//3153 565//565
f 565//565 3153//3153 564//564
f 3153//3153 3155//3155 564//564
f 564//564 3155//3155 559//559
f 3155//3155 3175//3175 559//559
f 559//559 3175//3175 560//560
f 3175//3175 3174//3174 560//560
f 560//560 3174//3174 561//561
f 3174//3174 3173//3173 561//561
f 561//561 3173//3173 4//4
f 4//4 3173//3173 5//5
f 3173//3173 3163//3163 5//5
f 42//42 3373//3373 49//49
f 3373//3373 3489//3489 49//49
f 5//5 3163//3163 41//41
f 3163//3163 3162//3162 41//41
f 3486//3486 56//56 3487//3487
f 56//56 51//51 3487//3487
f 3487//3487 51//51 3488//3488
f 51//51 49//49 3488//3488
f 3488//3488 49//49 3489//3489
f 53//53 3207//3207 526//526
f 3207//3207 3206//3206 526//526
f 55//55 56//56 3486//3486
f 3486//3486 3181//3181 55//55
f 3181//3181 3179//3179 55//55
f 55//55 3179//3179 3178//3178
f 526//526 3206//3206 532//532
f 3206//3206 3208//3208 532//532
f 3199//3199 531//531 539//539
f 3199//3199 539//539 3192//3192
f 539//539 535//535 3192//3192
f 3192//3192 535//535 3193//3193
f 535//535 534//534 3193//3193
f 3193//3193 534//534 3194//3194
f 534//534 536//536 3194//3194
f 3194//3194 536//536 3195//3195
f 536//536 537//537 3195//3195
f 3195//3195 537//537 3203//3203
f 537//537 538//538 3203//3203
f 3203//3203 538//538 3204//3204
f 538//538 533//533 3204//3204
f 3204//3204 533//533 3209//3209
f 533//533 532//532 3209//3209
f 3209//3209 532//532 3208//3208
f 529//529 3475//3475 528//528
f 3475//3475 3191//3191 528//528
f 531//531 3199//3199 530//530
f 3199//3199 3198//3198 530//530
f 528//528 3191//3191 3190//3190
f 528//528 3190//3190 543//543
f 3190//3190 3189//3189 543//543
f 543//543 3189//3189 544//544
f 3189//3189 3184//3184 544//544
f 544//544 3184//3184 546//546
f 3184//3184 3183//3183 546//546
f 546//546 3183//3183 545//545
f 3183//3183 3185//3185 545//545
f 545//545 3185//3185 540//540
f 3185//3185 3196//3196 540//540
f 540//540 3196//3196 541//541
f 3196//3196 3197//3197 541//541
f 541//541 3197//3197 542//542
f 3197//3197 3202//3202 542//542
f 542//542 3202//3202 527//527
f 527//527 3202//3202 525//525
f 3202//3202 3201//3201 525//525
f 58//58 3263//3263 60//60
f 3263//3263 3212//3212 60//60
f 525//525 3201//3201 57//57
f 3201//3201 3200//3200 57//57
f 60//60 3212//3212 62//62
f 3212//3212 3211//3211 62//62
f 62//62 3211//3211 64//64
f 67//67 3214//3214 78//78
f 3214//3214 3213//3213 78//78
f 3220//3220 65//65 3210//3210
f 65//65 64//64 3210//3210
f 3210//3210 64//64 3211//3211
f 3249//3249 68//68 3215//3215
f 68//68 78//78 3215//3215
f 3215//3215 78//78 3213//3213
f 3216//3216 3214//3214 4069//4069
f 3214//3214 67//67 4069//4069
f 3219//3219 3216//3216 4070//4070
f 3216//3216 4069//4069 4070//4070
f 67//67 65//65 4069//4069
f 65//65 4070//4070 4069//4069
f 65//65 3220//3220 4070//4070
f 3220//3220 3219//3219 4070//4070
f 3018//3018 3263//3263 4071//4071
f 3263//3263 58//58 4071//4071
f 3019//3019 3018//3018 4072//4072
f 3018//3018 4071//4071 4072//4072
f 58//58 57//57 4071//4071
f 57//57 4072//4072 4071//4071
f 57//57 3200//3200 4072//4072
f 3200//3200 3019//3019 4072//4072
f 3186//3186 3475//3475 4073//4073
f 3475//3475 529//529 4073//4073
f 3187//3187 3186//3186 4074//4074
f 3186//3186 4073//4073 4074//4074
f 529//529 530//530 4073//4073
f 530//530 4074//4074 4073//4073
f 530//530 3198//3198 4074//4074
f 3198//3198 3187//3187 4074//4074
f 3205//3205 3207//3207 4075//4075
f 3207//3207 53//53 4075//4075
f 3180//3180 3205//3205 4076//4076
f 3205//3205 4075//4075 4076//4076
f 53//53 55//55 4075//4075
f 55//55 4076//4076 4075//4075
f 55//55 3178//3178 4076//4076
f 3178//3178 3180//3180 4076//4076
f 3150//3150 3373//3373 4077//4077
f 3373//3373 42//42 4077//4077
f 3151//3151 3150//3150 4078//4078
f 3150//3150 4077//4077 4078//4078
f 42//42 41//41 4077//4077
f 41//41 4078//4078 4077//4077
f 41//41 3162//3162 4078//4078
f 3162//3162 3151//3151 4078//4078
f 3156//3156 3408//3408 4079//4079
f 3408//3408 550//550 4079//4079
f 3157//3157 3156//3156 4080//4080
f 3156//3156 4079//4079 4080//4080
f 550//550 549//549 4079//4079
f 549//549 4080//4080 4079//4079
f 549//549 3176//3176 4080//4080
f 3176//3176 3157//3157 4080//4080
f 3121//3121 3170//3170 4081//4081
f 3170//3170 44//44 4081//4081
f 3110//3110 3121//3121 4082//4082
f 3121//3121 4081//4081 4082//4082
f 44//44 46//46 4081//4081
f 46//46 4082//4082 4081//4081
f 46//46 3111//3111 4082//4082
f 3111//3111 3110//3110 4082//4082
f 3145//3145 3146//3146 4083//4083
f 3146//3146 36//36 4083//4083
f 3140//3140 3145//3145 4084//4084
f 3145//3145 4083//4083 4084//4084
f 36//36 33//33 4083//4083
f 33//33 4084//4084 4083//4083
f 33//33 3138//3138 4084//4084
f 3138//3138 3140//3140 4084//4084
f 3143//3143 567//567 3107//3107
f 567//567 4085//4085 3107//3107
f 3107//3107 4085//4085 3108//3108
f 3021//3021 3108//3108 4086//4086
f 3108//3108 4085//4085 4086//4086
f 567//567 566//566 4085//4085
f 566//566 4086//4086 4085//4085
f 3021//3021 4086//4086 3022//3022
f 4086//4086 566//566 3022//3022
f 3022//3022 566//566 3106//3106
f 3105//3105 574//574 578//578
f 3105//3105 578//578 3094//3094
f 578//578 571//571 3094//3094
f 3094//3094 571//571 3095//3095
f 571//571 570//570 3095//3095
f 3095//3095 570//570 3096//3096
f 570//570 569//569 3096//3096
f 3096//3096 569//569 3097//3097
f 569//569 577//577 3097//3097
f 3097//3097 577//577 3098//3098
f 577//577 576//576 3098//3098
f 3098//3098 576//576 3104//3104
f 576//576 575//575 3104//3104
f 3104//3104 575//575 3103//3103
f 575//575 573//573 3103//3103
f 3103//3103 573//573 3101//3101
f 572//572 3099//3099 573//573
f 3099//3099 3101//3101 573//573
f 583//583 3100//3100 572//572
f 3100//3100 3099//3099 572//572
f 582//582 3490//3490 583//583
f 3490//3490 3100//3100 583//583
f 3490//3490 582//582 3491//3491
f 582//582 584//584 3491//3491
f 3491//3491 584//584 3091//3091
f 584//584 585//585 3091//3091
f 3091//3091 585//585 3092//3092
f 585//585 581//581 3092//3092
f 3092//3092 581//581 3093//3093
f 581//581 580//580 3093//3093
f 3093//3093 580//580 3026//3026
f 580//580 579//579 3026//3026
f 3026//3026 579//579 3024//3024
f 579//579 285//285 3024//3024
f 3024//3024 285//285 3090//3090
f 285//285 296//296 3090//3090
f 3090//3090 296//296 3089//3089
f 296//296 295//295 3089//3089
f 3089//3089 295//295 3027//3027
f 295//295 293//293 3027//3027
f 3027//3027 293//293 3028//3028
f 293//293 291//291 3028//3028
f 3028//3028 291//291 3029//3029
f 291//291 289//289 3029//3029
f 3029//3029 289//289 3086//3086
f 289//289 309//309 3086//3086
f 3086//3086 309//309 3084//3084
f 309//309 307//307 3084//3084
f 3084//3084 307//307 3082//3082
f 307//307 306//306 3082//3082
f 3082//3082 306//306 3080//3080
f 306//306 326//326 3080//3080
f 3080//3080 326//326 3078//3078
f 326//326 325//325 3078//3078
f 3078//3078 325//325 3076//3076
f 325//325 323//323 3076//3076
f 3076//3076 323//323 3062//3062
f 323//323 321//321 3062//3062
f 3//3 3044//3044 305//305
f 3044//3044 3061//3061 305//305
f 305//305 3061//3061 316//316
f 3061//3061 3053//3053 316//316
f 316//316 3053//3053 317//317
f 3053//3053 3055//3055 317//317
f 317//317 3055//3055 319//319
f 3055//3055 3056//3056 319//319
f 319//319 3056//3056 321//321
f 3056//3056 3054//3054 321//321
f 321//321 3054//3054 3062//3062
f 2//2 3041//3041 3//3
f 3041//3041 3044//3044 3//3
f 1//1 3042//3042 2//2
f 3042//3042 3041//3041 2//2
f 612//612 3046//3046 615//615
f 3046//3046 3049//3049 615//615
f 480//480 3321//3321 477//477
f 3321//3321 3322//3322 477//477
f 473//473 3325//3325 474//474
f 3325//3325 3324//3324 474//474
f 3043//3043 3042//3042 4087//4087
f 3042//3042 1//1 4087//4087
f 3048//3048 3043//3043 4088//4088
f 3043//3043 4087//4087 4088//4088
f 1//1 615//615 4087//4087
f 615//615 4088//4088 4087//4087
f 615//615 3049//3049 4088//4088
f 3049//3049 3048//3048 4088//4088
f 3046//3046 612//612 611//611
f 3046//3046 611//611 3047//3047
f 611//611 610//610 3047//3047
f 3047//3047 610//610 3050//3050
f 610//610 616//616 3050//3050
f 3050//3050 616//616 3051//3051
f 616//616 614//614 3051//3051
f 3051//3051 614//614 3052//3052
f 614//614 613//613 3052//3052
f 3052//3052 613//613 3031//3031
f 613//613 315//315 3031//3031
f 3031//3031 315//315 3032//3032
f 315//315 314//314 3032//3032
f 3032//3032 314//314 3034//3034
f 314//314 313//313 3034//3034
f 3034//3034 313//313 3035//3035
f 303//303 3038//3038 313//313
f 3038//3038 3035//3035 313//313
f 302//302 3039//3039 303//303
f 3039//3039 3038//3038 303//303
f 310//310 312//312 3037//3037
f 312//312 4089//4089 3037//3037
f 3037//3037 4089//4089 4090//4090
f 4091//4091 3030//3030 4092//4092
f 3030//3030 3037//3037 4092//4092
f 4090//4090 4093//4093 3037//3037
f 4093//4093 4094//4094 3037//3037
f 3037//3037 4094//4094 4092//4092
f 3040//3040 3039//3039 4095//4095
f 3039//3039 302//302 4095//4095
f 3036//3036 3040//3040 4096//4096
f 3040//3040 4095//4095 4096//4096
f 302//302 310//310 4095//4095
f 310//310 4096//4096 4095//4095
f 310//310 3037//3037 4096//4096
f 3037//3037 3036//3036 4096//4096
f 4091//4091 4097//4097 3030//3030
f 4097//4097 4098//4098 3030//3030
f 3030//3030 4098//4098 4099//4099
f 4099//4099 4100//4100 3030//3030
f 4100//4100 4101//4101 3030//3030
f 3030//3030 4101//4101 4102//4102
f 4102//4102 4103//4103 3030//3030
f 4103//4103 2984//2984 3030//3030
f 3030//3030 2984//2984 2983//2983
f 2961//2961 2959//2959 3851//3851
f 2959//2959 4104//4104 3851//3851
f 3851//3851 4104//4104 4105//4105
f 4105//4105 4106//4106 3851//3851
f 4106//4106 4107//4107 3851//3851
f 3851//3851 4107//4107 4108//4108
f 4108//4108 4109//4109 3851//3851
f 4109//4109 4110//4110 3851//3851
f 3851//3851 4110//4110 4111//4111
f 3851//3851 4111//4111 3850//3850
f 4111//4111 4112//4112 3850//3850
f 4112//4112 4113//4113 3850//3850
f 4113//4113 4114//4114 3850//3850
f 3850//3850 4114//4114 4115//4115
f 4115//4115 4116//4116 3850//3850
f 4116//4116 206//206 3850//3850
f 3850//3850 206//206 208//208
f 211//211 3843//3843 210//210
f 3843//3843 3846//3846 210//210
f 3848//3848 3850//3850 4117//4117
f 3850//3850 208//208 4117//4117
f 3847//3847 3848//3848 4118//4118
f 3848//3848 4117//4117 4118//4118
f 208//208 210//210 4117//4117
f 210//210 4118//4118 4117//4117
f 210//210 3846//3846 4118//4118
f 3846//3846 3847//3847 4118//4118
f 2959//2959 2958//2958 4104//4104
f 2958//2958 4119//4119 4104//4104
f 4104//4104 4119//4119 4105//4105
f 4105//4105 4119//4119 4106//4106
f 4119//4119 4120//4120 4106//4106
f 4106//4106 4120//4120 4107//4107
f 4107//4107 4120//4120 4108//4108
f 4120//4120 4121//4121 4108//4108
f 4108//4108 4121//4121 4109//4109
f 4113//4113 4112//4112 4122//4122
f 4112//4112 4111//4111 4122//4122
f 4122//4122 4111//4111 4121//4121
f 4111//4111 4110//4110 4121//4121
f 4121//4121 4110//4110 4109//4109
f 4113//4113 4122//4122 4114//4114
f 4122//4122 4123//4123 4114//4114
f 4114//4114 4123//4123 4115//4115
f 4115//4115 4123//4123 4116//4116
f 4123//4123 207//207 4116//4116
f 4116//4116 207//207 206//206
f 2960//2960 4124//4124 2958//2958
f 4124//4124 209//209 2958//2958
f 2958//2958 209//209 207//207
f 4119//4119 2958//2958 4120//4120
f 2958//2958 4121//4121 4120//4120
f 207//207 4123//4123 2958//2958
f 4123//4123 4122//4122 2958//2958
f 2958//2958 4122//4122 4121//4121
f 4125//4125 212//212 218//218
f 4125//4125 218//218 4126//4126
f 218//218 220//220 4126//4126
f 4126//4126 220//220 4127//4127
f 220//220 222//222 4127//4127
f 4127//4127 222//222 4128//4128
f 222//222 224//224 4128//4128
f 4128//4128 224//224 4129//4129
f 224//224 209//209 4129//4129
f 4129//4129 209//209 4124//4124
f 4125//4125 2962//2962 212//212
f 2962//2962 2973//2973 212//212
f 4130//4130 4131//4131 2973//2973
f 4131//4131 203//203 2973//2973
f 2973//2973 203//203 212//212
f 4132//4132 4133//4133 2973//2973
f 4133//4133 4134//4134 2973//2973
f 2973//2973 4134//4134 4130//4130
f 4135//4135 4136//4136 4133//4133
f 4137//4137 4138//4138 4134//4134
f 4138//4138 4139//4139 4134//4134
f 4134//4134 4139//4139 4130//4130
f 4133//4133 4136//4136 4134//4134
f 4136//4136 4140//4140 4134//4134
f 4134//4134 4140//4140 4137//4137
f 4132//4132 2973//2973 2972//2972
f 2972//2972 4141//4141 4132//4132
f 4141//4141 4142//4142 4132//4132
f 4132//4132 4142//4142 4133//4133
f 4142//4142 4143//4143 4133//4133
f 4133//4133 4143//4143 4135//4135
f 204//204 203//203 4144//4144
f 203//203 4131//4131 4144//4144
f 4139//4139 4145//4145 4130//4130
f 4145//4145 4146//4146 4130//4130
f 4130//4130 4146//4146 4131//4131
f 4146//4146 4147//4147 4131//4131
f 4131//4131 4147//4147 4144//4144
f 19//19 4029//4029 20//20
f 4029//4029 4028//4028 20//20
f 205//205 204//204 4046//4046
f 204//204 4144//4144 4046//4046
f 4046//4046 4144//4144 4147//4147
f 4138//4138 4040//4040 4139//4139
f 4040//4040 4046//4046 4139//4139
f 4147//4147 4146//4146 4046//4046
f 4146//4146 4145//4145 4046//4046
f 4046//4046 4145//4145 4139//4139
f 20//20 4028//4028 183//183
f 4028//4028 4051//4051 183//183
f 282//282 4034//4034 280//280
f 4034//4034 4033//4033 280//280
f 183//183 4051//4051 184//184
f 4051//4051 4050//4050 184//184
f 280//280 4033//4033 278//278
f 4033//4033 4027//4027 278//278
f 4036//4036 4148//4148 4037//4037
f 4148//4148 4149//4149 4037//4037
f 4149//4149 4150//4150 4037//4037
f 4150//4150 4151//4151 4037//4037
f 4037//4037 4151//4151 4152//4152
f 4152//4152 4153//4153 4037//4037
f 4153//4153 298//298 4037//4037
f 4037//4037 298//298 297//297
f 278//278 4027//4027 300//300
f 4027//4027 4026//4026 300//300
f 2967//2967 2966//2966 4036//4036
f 2966//2966 4154//4154 4036//4036
f 4036//4036 4154//4154 4155//4155
f 4155//4155 4156//4156 4036//4036
f 4156//4156 4157//4157 4036//4036
f 4036//4036 4157//4157 4158//4158
f 4158//4158 4159//4159 4036//4036
f 4159//4159 4160//4160 4036//4036
f 4036//4036 4160//4160 4148//4148
f 2966//2966 2965//2965 4154//4154
f 2965//2965 4161//4161 4154//4154
f 4154//4154 4161//4161 4155//4155
f 4155//4155 4161//4161 4156//4156
f 4161//4161 4162//4162 4156//4156
f 4156//4156 4162//4162 4157//4157
f 4157//4157 4162//4162 4158//4158
f 4162//4162 4163//4163 4158//4158
f 4158//4158 4163//4163 4159//4159
f 4150//4150 4149//4149 4164//4164
f 4149//4149 4148//4148 4164//4164
f 4164//4164 4148//4148 4163//4163
f 4148//4148 4160//4160 4163//4163
f 4163//4163 4160//4160 4159//4159
f 4150//4150 4164//4164 4151//4151
f 4164//4164 4165//4165 4151//4151
f 4151//4151 4165//4165 4152//4152
f 4152//4152 4165//4165 4153//4153
f 4165//4165 299//299 4153//4153
f 4153//4153 299//299 298//298
f 2964//2964 4166//4166 2965//2965
f 4166//4166 301//301 2965//2965
f 2965//2965 301//301 299//299
f 4161//4161 2965//2965 4162//4162
f 2965//2965 4163//4163 4162//4162
f 299//299 4165//4165 2965//2965
f 4165//4165 4164//4164 2965//2965
f 2965//2965 4164//4164 4163//4163
f 4167//4167 304//304 318//318
f 4167//4167 318//318 4168//4168
f 318//318 320//320 4168//4168
f 4168//4168 320//320 4169//4169
f 320//320 322//322 4169//4169
f 4169//4169 322//322 4170//4170
f 322//322 324//324 4170//4170
f 4170//4170 324//324 4171//4171
f 324//324 301//301 4171//4171
f 4171//4171 301//301 4166//4166
f 4167//4167 2975//2975 304//304
f 2975//2975 2985//2985 304//304
f 304//304 2985//2985 311//311
f 2985//2985 4172//4172 311//311
f 2985//2985 4173//4173 4174//4174
f 4174//4174 4175//4175 2985//2985
f 4175//4175 4176//4176 2985//2985
f 2985//2985 4176//4176 4172//4172
f 4100//4100 4099//4099 4174//4174
f 4097//4097 4091//4091 4175//4175
f 4091//4091 4092//4092 4175//4175
f 4175//4175 4092//4092 4176//4176
f 4174//4174 4099//4099 4175//4175
f 4099//4099 4098//4098 4175//4175
f 4175//4175 4098//4098 4097//4097
f 4173//4173 2985//2985 2984//2984
f 2984//2984 4103//4103 4173//4173
f 4103//4103 4102//4102 4173//4173
f 4173//4173 4102//4102 4174//4174
f 4102//4102 4101//4101 4174//4174
f 4174//4174 4101//4101 4100//4100
f 312//312 311//311 4089//4089
f 311//311 4172//4172 4089//4089
f 4092//4092 4094//4094 4176//4176
f 4094//4094 4093//4093 4176//4176
f 4176//4176 4093//4093 4172//4172
f 4093//4093 4090//4090 4172//4172
f 4172//4172 4090//4090 4089//4089
f 4167//4167 4168//4168 2975//2975
f 4168//4168 4169//4169 2975//2975
f 2975//2975 4169//4169 2974//2974
f 4169//4169 4170//4170 2974//2974
f 2974//2974 4170//4170 2964//2964
f 4170//4170 4171//4171 2964//2964
f 2964//2964 4171//4171 4166//4166
f 4125//4125 4126//4126 2962//2962
f 4126//4126 4127//4127 2962//2962
f 2962//2962 4127//4127 2963//2963
f 4127//4127 4128//4128 2963//2963
f 2963//2963 4128//4128 2960//2960
f 4128//4128 4129//4129 2960//2960
f 2960//2960 4129//4129 4124//4124
f 4177//4177 4178//4178 2988//2988
f 2999//2999 4179//4179 4180//4180
f 2999//2999 4180//4180 2998//2998
f 4180//4180 4181//4181 2998//2998
f 2998//2998 4181//4181 2988//2988
f 4181//4181 4182//4182 2988//2988
f 2988//2988 4182//4182 4177//4177
f 4183//4183 4184//4184 2976//2976
f 2987//2987 4185//4185 4186//4186
f 2987//2987 4186//4186 2986//2986
f 4186//4186 4187//4187 2986//2986
f 2986//2986 4187//4187 2976//2976
f 4187//4187 4188//4188 2976//2976
f 2976//2976 4188//4188 4183//4183
f 1177//1177 4189//4189 1178//1178
f 1204//1204 4190//4190 1205//1205
f 4191//4191 4192//4192 4193//4193
f 4192//4192 4194//4194 4193//4193
f 4195//4195 4196//4196 4197//4197
f 4196//4196 4198//4198 4197//4197
f 4198//4198 4199//4199 4197//4197
f 4197//4197 4199//4199 4200//4200
f 4201//4201 4202//4202 4203//4203
f 4195//4195 4197//4197 4203//4203
f 4197//4197 4204//4204 4203//4203
f 4203//4203 4204//4204 4201//4201
f 4205//4205 1229//1229 1228//1228
f 4206//4206 1226//1226 1225//1225
f 4207//4207 4208//4208 4209//4209
f 4208//4208 4210//4210 4209//4209
f 4211//4211 4212//4212 4213//4213
f 4212//4212 4214//4214 4213//4213
f 4214//4214 4215//4215 4213//4213
f 4215//4215 4216//4216 4213//4213
f 4213//4213 4216//4216 4217//4217
f 4216//4216 4218//4218 4217//4217
f 4217//4217 4218//4218 4219//4219
f 4218//4218 4220//4220 4219//4219
f 4221//4221 1943//1943 1942//1942
f 4222//4222 1936//1936 1935//1935
f 4223//4223 4224//4224 4225//4225
f 4224//4224 4226//4226 4225//4225
f 4227//4227 4228//4228 4229//4229
f 4228//4228 4230//4230 4229//4229
f 4230//4230 4231//4231 4229//4229
f 4231//4231 4232//4232 4229//4229
f 4229//4229 4232//4232 4233//4233
f 4232//4232 4234//4234 4233//4233
f 4233//4233 4234//4234 4235//4235
f 4234//4234 4236//4236 4235//4235
f 2043//2043 4237//4237 2044//2044
f 2045//2045 2046//2046 4238//4238
f 4239//4239 4240//4240 4241//4241
f 4240//4240 4242//4242 4241//4241
f 4243//4243 4244//4244 4245//4245
f 4244//4244 4246//4246 4245//4245
f 4246//4246 4247//4247 4245//4245
f 4245//4245 4247//4247 4248//4248
f 4249//4249 4250//4250 4251//4251
f 4243//4243 4245//4245 4251//4251
f 4245//4245 4252//4252 4251//4251
f 4251//4251 4252//4252 4249//4249
f 2988//2988 4178//4178 2989//2989
f 4178//4178 252//252 2989//2989
f 252//252 250//250 2989//2989
f 250//250 4253//4253 2989//2989
f 2989//2989 4253//4253 4254//4254
f 4254//4254 4255//4255 2989//2989
f 4255//4255 4256//4256 2989//2989
f 2989//2989 4256//4256 4257//4257
f 2990//2990 2989//2989 4258//4258
f 2989//2989 4257//4257 4258//4258
f 4258//4258 4257//4257 4259//4259
f 4259//4259 4257//4257 4260//4260
f 4257//4257 4256//4256 4260//4260
f 4260//4260 4256//4256 4261//4261
f 4261//4261 4256//4256 4262//4262
f 4256//4256 4255//4255 4262//4262
f 4262//4262 4255//4255 4263//4263
f 4264//4264 4265//4265 4254//4254
f 4265//4265 4266//4266 4254//4254
f 4254//4254 4266//4266 4255//4255
f 4266//4266 4267//4267 4255//4255
f 4255//4255 4267//4267 4263//4263
f 4264//4264 4254//4254 4268//4268
f 4254//4254 4253//4253 4268//4268
f 4268//4268 4253//4253 4269//4269
f 4269//4269 4253//4253 4270//4270
f 4253//4253 250//250 4270//4270
f 4270//4270 250//250 249//249
f 2991//2991 2990//2990 3504//3504
f 2990//2990 4258//4258 3504//3504
f 3504//3504 4258//4258 4259//4259
f 4259//4259 4260//4260 3504//3504
f 4260//4260 4261//4261 3504//3504
f 3504//3504 4261//4261 4262//4262
f 4262//4262 4263//4263 3504//3504
f 4263//4263 4267//4267 3504//3504
f 3504//3504 4267//4267 4266//4266
f 3504//3504 4266//4266 3509//3509
f 4266//4266 4265//4265 3509//3509
f 4265//4265 4264//4264 3509//3509
f 4264//4264 4268//4268 3509//3509
f 3509//3509 4268//4268 4269//4269
f 4269//4269 4270//4270 3509//3509
f 4270//4270 249//249 3509//3509
f 3509//3509 249//249 248//248
f 230//230 3494//3494 251//251
f 3494//3494 3493//3493 251//251
f 3508//3508 3509//3509 4271//4271
f 3509//3509 248//248 4271//4271
f 3492//3492 3508//3508 4272//4272
f 3508//3508 4271//4271 4272//4272
f 248//248 251//251 4271//4271
f 251//251 4272//4272 4271//4271
f 251//251 3493//3493 4272//4272
f 3493//3493 3492//3492 4272//4272
f 232//232 3498//3498 230//230
f 3498//3498 3494//3494 230//230
f 233//233 3499//3499 232//232
f 3499//3499 3498//3498 232//232
f 331//331 3495//3495 332//332
f 3495//3495 3503//3503 332//332
f 3500//3500 3499//3499 4273//4273
f 3499//3499 233//233 4273//4273
f 3502//3502 3500//3500 4274//4274
f 3500//3500 4273//4273 4274//4274
f 332//332 4274//4274 234//234
f 4274//4274 4273//4273 234//234
f 234//234 4273//4273 233//233
f 332//332 3503//3503 4274//4274
f 3503//3503 3502//3502 4274//4274
f 17//17 3496//3496 331//331
f 3496//3496 3495//3495 331//331
f 16//16 3497//3497 17//17
f 3497//3497 3496//3496 17//17
f 352//352 351//351 3505//3505
f 351//351 4275//4275 3505//3505
f 3505//3505 4275//4275 4276//4276
f 4277//4277 3506//3506 4278//4278
f 3506//3506 3505//3505 4278//4278
f 4276//4276 4279//4279 3505//3505
f 4279//4279 4280//4280 3505//3505
f 3505//3505 4280//4280 4278//4278
f 3501//3501 3497//3497 4281//4281
f 3497//3497 16//16 4281//4281
f 3507//3507 3501//3501 4282//4282
f 3501//3501 4281//4281 4282//4282
f 16//16 352//352 4281//4281
f 352//352 4282//4282 4281//4281
f 352//352 3505//3505 4282//4282
f 3505//3505 3507//3507 4282//4282
f 4277//4277 4283//4283 3506//3506
f 4283//4283 4284//4284 3506//3506
f 3506//3506 4284//4284 4285//4285
f 4285//4285 4286//4286 3506//3506
f 4286//4286 4287//4287 3506//3506
f 3506//3506 4287//4287 4288//4288
f 4288//4288 4289//4289 3506//3506
f 4289//4289 2996//2996 3506//3506
f 3506//3506 2996//2996 2995//2995
f 4286//4286 4285//4285 4290//4290
f 4283//4283 4277//4277 4291//4291
f 4277//4277 4278//4278 4291//4291
f 4291//4291 4278//4278 4292//4292
f 4290//4290 4285//4285 4291//4291
f 4285//4285 4284//4284 4291//4291
f 4291//4291 4284//4284 4283//4283
f 4293//4293 2997//2997 2996//2996
f 2996//2996 4289//4289 4293//4293
f 4289//4289 4288//4288 4293//4293
f 4293//4293 4288//4288 4290//4290
f 4288//4288 4287//4287 4290//4290
f 4290//4290 4287//4287 4286//4286
f 351//351 350//350 4275//4275
f 350//350 4294//4294 4275//4275
f 4278//4278 4280//4280 4292//4292
f 4280//4280 4279//4279 4292//4292
f 4292//4292 4279//4279 4294//4294
f 4279//4279 4276//4276 4294//4294
f 4294//4294 4276//4276 4275//4275
f 4185//4185 2987//2987 359//359
f 2987//2987 2997//2997 359//359
f 4293//4293 4290//4290 2997//2997
f 4290//4290 4291//4291 2997//2997
f 2997//2997 4291//4291 4292//4292
f 4292//4292 4294//4294 2997//2997
f 4294//4294 350//350 2997//2997
f 2997//2997 350//350 359//359
f 4185//4185 359//359 365//365
f 4185//4185 365//365 4186//4186
f 365//365 367//367 4186//4186
f 4186//4186 367//367 4187//4187
f 367//367 369//369 4187//4187
f 4187//4187 369//369 4188//4188
f 369//369 371//371 4188//4188
f 4188//4188 371//371 4183//4183
f 371//371 356//356 4183//4183
f 4183//4183 356//356 4184//4184
f 4295//4295 2977//2977 354//354
f 2976//2976 4184//4184 2977//2977
f 4184//4184 356//356 2977//2977
f 2977//2977 356//356 354//354
f 354//354 4296//4296 4297//4297
f 4297//4297 4298//4298 354//354
f 4298//4298 4299//4299 354//354
f 354//354 4299//4299 4295//4295
f 2978//2978 2977//2977 4300//4300
f 2977//2977 4295//4295 4300//4300
f 4300//4300 4295//4295 4301//4301
f 4301//4301 4295//4295 4302//4302
f 4295//4295 4299//4299 4302//4302
f 4302//4302 4299//4299 4303//4303
f 4303//4303 4299//4299 4304//4304
f 4299//4299 4298//4298 4304//4304
f 4304//4304 4298//4298 4305//4305
f 4306//4306 4307//4307 4297//4297
f 4307//4307 4308//4308 4297//4297
f 4297//4297 4308//4308 4298//4298
f 4308//4308 4309//4309 4298//4298
f 4298//4298 4309//4309 4305//4305
f 4306//4306 4297//4297 4310//4310
f 4297//4297 4296//4296 4310//4310
f 4310//4310 4296//4296 4311//4311
f 4311//4311 4296//4296 4312//4312
f 4296//4296 354//354 4312//4312
f 4312//4312 354//354 353//353
f 2979//2979 2978//2978 3016//3016
f 2978//2978 4300//4300 3016//3016
f 3016//3016 4300//4300 4301//4301
f 4301//4301 4302//4302 3016//3016
f 4302//4302 4303//4303 3016//3016
f 3016//3016 4303//4303 4304//4304
f 4304//4304 4305//4305 3016//3016
f 4305//4305 4309//4309 3016//3016
f 3016//3016 4309//4309 4308//4308
f 3016//3016 4308//4308 3017//3017
f 4308//4308 4307//4307 3017//3017
f 4307//4307 4306//4306 3017//3017
f 4306//4306 4310//4310 3017//3017
f 3017//3017 4310//4310 4311//4311
f 4311//4311 4312//4312 3017//3017
f 4312//4312 353//353 3017//3017
f 3017//3017 353//353 355//355
f 358//358 3331//3331 357//357
f 3331//3331 3330//3330 357//357
f 3015//3015 3017//3017 4313//4313
f 3017//3017 355//355 4313//4313
f 3327//3327 3015//3015 4314//4314
f 3015//3015 4313//4313 4314//4314
f 355//355 357//357 4313//4313
f 357//357 4314//4314 4313//4313
f 357//357 3330//3330 4314//4314
f 3330//3330 3327//3327 4314//4314
f 345//345 3332//3332 358//358
f 3332//3332 3331//3331 358//358
f 477//477 3322//3322 3323//3323
f 477//477 3323//3323 478//478
f 3323//3323 3320//3320 478//478
f 478//478 3320//3320 479//479
f 3320//3320 3319//3319 479//479
f 479//479 3319//3319 481//481
f 3319//3319 3318//3318 481//481
f 481//481 3318//3318 475//475
f 3318//3318 3329//3329 475//475
f 475//475 3329//3329 476//476
f 3329//3329 3328//3328 476//476
f 476//476 3328//3328 347//347
f 3328//3328 3333//3333 347//347
f 347//347 3333//3333 344//344
f 3333//3333 3332//3332 344//344
f 344//344 3332//3332 345//345
f 4227//4227 231//231 262//262
f 4227//4227 262//262 4228//4228
f 262//262 239//239 4228//4228
f 4228//4228 239//239 4230//4230
f 239//239 241//241 4230//4230
f 4230//4230 241//241 4231//4231
f 241//241 243//243 4231//4231
f 4231//4231 243//243 4232//4232
f 243//243 245//245 4232//4232
f 4232//4232 245//245 4234//4234
f 245//245 235//235 4234//4234
f 4234//4234 235//235 4236//4236
f 4227//4227 4229//4229 231//231
f 4229//4229 229//229 231//231
f 4229//4229 4233//4233 229//229
f 4233//4233 238//238 229//229
f 4236//4236 235//235 237//237
f 4236//4236 237//237 4235//4235
f 237//237 238//238 4235//4235
f 4235//4235 238//238 4233//4233
f 2044//2044 4237//4237 137//137
f 4237//4237 130//130 137//137
f 4237//4237 2043//2043 130//130
f 2043//2043 144//144 130//130
f 4240//4240 4239//4239 163//163
f 4239//4239 161//161 163//163
f 4242//4242 166//166 160//160
f 4242//4242 160//160 4241//4241
f 160//160 161//161 4241//4241
f 4241//4241 161//161 4239//4239
f 4242//4242 4240//4240 166//166
f 4240//4240 163//163 166//166
f 4245//4245 4248//4248 181//181
f 4248//4248 21//21 181//181
f 4250//4250 195//195 193//193
f 4250//4250 193//193 4251//4251
f 193//193 191//191 4251//4251
f 4251//4251 191//191 4243//4243
f 191//191 189//189 4243//4243
f 4243//4243 189//189 4244//4244
f 189//189 187//187 4244//4244
f 4244//4244 187//187 4246//4246
f 187//187 201//201 4246//4246
f 4246//4246 201//201 4247//4247
f 201//201 21//21 4247//4247
f 4247//4247 21//21 4248//4248
f 4252//4252 179//179 196//196
f 4252//4252 196//196 4249//4249
f 196//196 195//195 4249//4249
f 4249//4249 195//195 4250//4250
f 4252//4252 4245//4245 179//179
f 4245//4245 181//181 179//179
f 4039//4039 4037//4037 4315//4315
f 4037//4037 297//297 4315//4315
f 4025//4025 4039//4039 4316//4316
f 4039//4039 4315//4315 4316//4316
f 297//297 300//300 4315//4315
f 300//300 4316//4316 4315//4315
f 300//300 4026//4026 4316//4316
f 4026//4026 4025//4025 4316//4316
f 4035//4035 4034//4034 4317//4317
f 4034//4034 282//282 4317//4317
f 4043//4043 4035//4035 4318//4318
f 4035//4035 4317//4317 4318//4318
f 184//184 4318//4318 185//185
f 4318//4318 4317//4317 185//185
f 185//185 4317//4317 282//282
f 184//184 4050//4050 4318//4318
f 4050//4050 4043//4043 4318//4318
f 4030//4030 4029//4029 4319//4319
f 4029//4029 19//19 4319//4319
f 4038//4038 4030//4030 4320//4320
f 4030//4030 4319//4319 4320//4320
f 19//19 205//205 4319//4319
f 205//205 4320//4320 4319//4319
f 205//205 4046//4046 4320//4320
f 4046//4046 4038//4038 4320//4320
f 4138//4138 4137//4137 4040//4040
f 4137//4137 4140//4140 4040//4040
f 4040//4040 4140//4140 4136//4136
f 4136//4136 4135//4135 4040//4040
f 4135//4135 4143//4143 4040//4040
f 4040//4040 4143//4143 4142//4142
f 4142//4142 4141//4141 4040//4040
f 4141//4141 2972//2972 4040//4040
f 4040//4040 2972//2972 2971//2971
f 3316//3316 3321//3321 4321//4321
f 3321//3321 480//480 4321//4321
f 3315//3315 3316//3316 4322//4322
f 3316//3316 4321//4321 4322//4322
f 480//480 474//474 4321//4321
f 474//474 4322//4322 4321//4321
f 474//474 3324//3324 4322//4322
f 3324//3324 3315//3315 4322//4322
f 346//346 3309//3309 473//473
f 3309//3309 3325//3325 473//473
f 3309//3309 346//346 3310//3310
f 346//346 360//360 3310//3310
f 3310//3310 360//360 3311//3311
f 360//360 361//361 3311//3311
f 3311//3311 361//361 3312//3312
f 361//361 373//373 3312//3312
f 3312//3312 373//373 3313//3313
f 373//373 372//372 3313//3313
f 3313//3313 372//372 3314//3314
f 372//372 370//370 3314//3314
f 3314//3314 370//370 3304//3304
f 370//370 368//368 3304//3304
f 3304//3304 368//368 3279//3279
f 368//368 366//366 3279//3279
f 3279//3279 366//366 3281//3281
f 366//366 364//364 3281//3281
f 3281//3281 364//364 3283//3283
f 364//364 363//363 3283//3283
f 3283//3283 363//363 3285//3285
f 363//363 362//362 3285//3285
f 3285//3285 362//362 3287//3287
f 362//362 348//348 3287//3287
f 3287//3287 348//348 3289//3289
f 348//348 333//333 3289//3289
f 3289//3289 333//333 3291//3291
f 333//333 335//335 3291//3291
f 3291//3291 335//335 3293//3293
f 335//335 337//337 3293//3293
f 3293//3293 337//337 3295//3295
f 337//337 339//339 3295//3295
f 3295//3295 339//339 3297//3297
f 339//339 341//341 3297//3297
f 3297//3297 341//341 3299//3299
f 341//341 327//327 3299//3299
f 3299//3299 327//327 3270//3270
f 327//327 501//501 3270//3270
f 3270//3270 501//501 3269//3269
f 501//501 513//513 3269//3269
f 3269//3269 513//513 3268//3268
f 513//513 512//512 3268//3268
f 3268//3268 512//512 3271//3271
f 512//512 511//511 3271//3271
f 3271//3271 511//511 3272//3272
f 511//511 510//510 3272//3272
f 3272//3272 510//510 3267//3267
f 510//510 508//508 3267//3267
f 507//507 3255//3255 508//508
f 3255//3255 3267//3267 508//508
f 509//509 3256//3256 507//507
f 3256//3256 3255//3255 507//507
f 517//517 3257//3257 509//509
f 3257//3257 3256//3256 509//509
f 516//516 3251//3251 3262//3262
f 516//516 3262//3262 522//522
f 3262//3262 3261//3261 522//522
f 522//522 3261//3261 523//523
f 3261//3261 3254//3254 523//523
f 523//523 3254//3254 524//524
f 3254//3254 3253//3253 524//524
f 524//524 3253//3253 519//519
f 3253//3253 3260//3260 519//519
f 519//519 3260//3260 520//520
f 3260//3260 3259//3259 520//520
f 520//520 3259//3259 521//521
f 3259//3259 3258//3258 521//521
f 521//521 3258//3258 518//518
f 3258//3258 3257//3257 518//518
f 518//518 3257//3257 517//517
f 3252//3252 515//515 3250//3250
f 515//515 4323//4323 3250//3250
f 3250//3250 4323//4323 3222//3222
f 3217//3217 3222//3222 4324//4324
f 3222//3222 4323//4323 4324//4324
f 515//515 514//514 4323//4323
f 514//514 4324//4324 4323//4323
f 3217//3217 4324//4324 3247//3247
f 4324//4324 514//514 3247//3247
f 3247//3247 514//514 3248//3248
f 3448//3448 666//666 675//675
f 3448//3448 675//675 3449//3449
f 675//675 691//691 3449//3449
f 3449//3449 691//691 3450//3450
f 691//691 690//690 3450//3450
f 3450//3450 690//690 3451//3451
f 690//690 683//683 3451//3451
f 3451//3451 683//683 3012//3012
f 683//683 682//682 3012//3012
f 3012//3012 682//682 3013//3013
f 682//682 674//674 3013//3013
f 3013//3013 674//674 3441//3441
f 674//674 673//673 3441//3441
f 3441//3441 673//673 3442//3442
f 673//673 665//665 3442//3442
f 3442//3442 665//665 3474//3474
f 660//660 3472//3472 665//665
f 3472//3472 3474//3474 665//665
f 659//659 3473//3473 660//660
f 3473//3473 3472//3472 660//660
f 661//661 3440//3440 3439//3439
f 661//661 3439//3439 687//687
f 3439//3439 3437//3437 687//687
f 687//687 3437//3437 688//688
f 3437//3437 3436//3436 688//688
f 688//688 3436//3436 689//689
f 3436//3436 3447//3447 689//689
f 689//689 3447//3447 700//700
f 3447//3447 3446//3446 700//700
f 700//700 3446//3446 679//679
f 3446//3446 3444//3444 679//679
f 679//679 3444//3444 680//680
f 3444//3444 3443//3443 680//680
f 680//680 3443//3443 681//681
f 3443//3443 3473//3473 681//681
f 681//681 3473//3473 659//659
f 668//668 3485//3485 661//661
f 3485//3485 3440//3440 661//661
f 662//662 3428//3428 663//663
f 3428//3428 3432//3432 663//663
f 3485//3485 668//668 3458//3458
f 668//668 4325//4325 3458//3458
f 3458//3458 4325//4325 3435//3435
f 3434//3434 3435//3435 4326//4326
f 3435//3435 4325//4325 4326//4326
f 668//668 663//663 4325//4325
f 663//663 4326//4326 4325//4325
f 3434//3434 4326//4326 3433//3433
f 4326//4326 663//663 3433//3433
f 3433//3433 663//663 3432//3432
f 3428//3428 662//662 685//685
f 3428//3428 685//685 3426//3426
f 685//685 686//686 3426//3426
f 3426//3426 686//686 3427//3427
f 686//686 684//684 3427//3427
f 3427//3427 684//684 3429//3429
f 684//684 696//696 3429//3429
f 3429//3429 696//696 3430//3430
f 696//696 695//695 3430//3430
f 3430//3430 695//695 3431//3431
f 695//695 678//678 3431//3431
f 3431//3431 678//678 3422//3422
f 678//678 677//677 3422//3422
f 3422//3422 677//677 3421//3421
f 3421//3421 677//677 3397//3397
f 677//677 676//676 3397//3397
f 3397//3397 676//676 3425//3425
f 664//664 3423//3423 676//676
f 3423//3423 3425//3425 676//676
f 671//671 3424//3424 664//664
f 3424//3424 3423//3423 664//664
f 670//670 3388//3388 3387//3387
f 670//670 3387//3387 693//693
f 3387//3387 3386//3386 693//693
f 693//693 3386//3386 694//694
f 3386//3386 3385//3385 694//694
f 694//694 3385//3385 697//697
f 3385//3385 3384//3384 697//697
f 697//697 3384//3384 698//698
f 3384//3384 3412//3412 698//698
f 698//698 3412//3412 699//699
f 3412//3412 3413//3413 699//699
f 699//699 3413//3413 692//692
f 3413//3413 3420//3420 692//692
f 692//692 3420//3420 672//672
f 672//672 3420//3420 671//671
f 3420//3420 3419//3419 671//671
f 671//671 3419//3419 3424//3424
f 3924//3924 2895//2895 3926//3926
f 2895//2895 2894//2894 3926//3926
f 3926//3926 2894//2894 3927//3927
f 2894//2894 2893//2893 3927//3927
f 3927//3927 2893//2893 3928//3928
f 2893//2893 2892//2892 3928//3928
f 3928//3928 2892//2892 3929//3929
f 2892//2892 2891//2891 3929//3929
f 3929//3929 2891//2891 3930//3930
f 2891//2891 2875//2875 3930//3930
f 3930//3930 2875//2875 3872//3872
f 2875//2875 2874//2874 3872//3872
f 3872//3872 2874//2874 3877//3877
f 2874//2874 2890//2890 3877//3877
f 3877//3877 2890//2890 3931//3931
f 2890//2890 2889//2889 3931//3931
f 3931//3931 2889//2889 3932//3932
f 2889//2889 2888//2888 3932//3932
f 3932//3932 2888//2888 3933//3933
f 2888//2888 2887//2887 3933//3933
f 3933//3933 2887//2887 3936//3936
f 2887//2887 2886//2886 3936//3936
f 3936//3936 2886//2886 3935//3935
f 2886//2886 2884//2884 3935//3935
f 3935//3935 2884//2884 3934//3934
f 2884//2884 2883//2883 3934//3934
f 3934//3934 2883//2883 3937//3937
f 2883//2883 2882//2882 3937//3937
f 3937//3937 2882//2882 3938//3938
f 2882//2882 2881//2881 3938//3938
f 3938//3938 2881//2881 3939//3939
f 2881//2881 2880//2880 3939//3939
f 3939//3939 2880//2880 3940//3940
f 2880//2880 2879//2879 3940//3940
f 3940//3940 2879//2879 3941//3941
f 2879//2879 2878//2878 3941//3941
f 3941//3941 2878//2878 3942//3942
f 2878//2878 2873//2873 3942//3942
f 3942//3942 2873//2873 3922//3922
f 2873//2873 2872//2872 3922//3922
f 3922//3922 2872//2872 3921//3921
f 2872//2872 2870//2870 3921//3921
f 3921//3921 2870//2870 3920//3920
f 2870//2870 2869//2869 3920//3920
f 3920//3920 2869//2869 3923//3923
f 2869//2869 2896//2896 3923//3923
f 3923//3923 2896//2896 3924//3924
f 2896//2896 2895//2895 3924//3924
f 4049//4049 2432//2432 4044//4044
f 2432//2432 2431//2431 4044//4044
f 4044//4044 2431//2431 4045//4045
f 2431//2431 2430//2430 4045//4045
f 4045//4045 2430//2430 4041//4041
f 2430//2430 2429//2429 4041//4041
f 4041//4041 2429//2429 4042//4042
f 2429//2429 2281//2281 4042//4042
f 4042//4042 2281//2281 4055//4055
f 2281//2281 2280//2280 4055//4055
f 4055//4055 2280//2280 4056//4056
f 2280//2280 2445//2445 4056//4056
f 4056//4056 2445//2445 4057//4057
f 2445//2445 2443//2443 4057//4057
f 4057//4057 2443//2443 4058//4058
f 2443//2443 2442//2442 4058//4058
f 4058//4058 2442//2442 4064//4064
f 2442//2442 2441//2441 4064//4064
f 4064//4064 2441//2441 4065//4065
f 2441//2441 2440//2440 4065//4065
f 4065//4065 2440//2440 4066//4066
f 2440//2440 2439//2439 4066//4066
f 4066//4066 2439//2439 4063//4063
f 2439//2439 2438//2438 4063//4063
f 4063//4063 2438//2438 4062//4062
f 2438//2438 2436//2436 4062//4062
f 4062//4062 2436//2436 4059//4059
f 2436//2436 2435//2435 4059//4059
f 4059//4059 2435//2435 4060//4060
f 2435//2435 2428//2428 4060//4060
f 4060//4060 2428//2428 4061//4061
f 2428//2428 2427//2427 4061//4061
f 4061//4061 2427//2427 4054//4054
f 2427//2427 2426//2426 4054//4054
f 4054//4054 2426//2426 4053//4053
f 2426//2426 2424//2424 4053//4053
f 4053//4053 2424//2424 4052//4052
f 2424//2424 2423//2423 4052//4052
f 4052//4052 2423//2423 4031//4031
f 2423//2423 2422//2422 4031//4031
f 4031//4031 2422//2422 4032//4032
f 2422//2422 2421//2421 4032//4032
f 4032//4032 2421//2421 4047//4047
f 2421//2421 2434//2434 4047//4047
f 4047//4047 2434//2434 4048//4048
f 2434//2434 2433//2433 4048//4048
f 4048//4048 2433//2433 4049//4049
f 2433//2433 2432//2432 4049//4049
f 3345//3345 2387//2387 3346//3346
f 2387//2387 2386//2386 3346//3346
f 3346//3346 2386//2386 3347//3347
f 2386//2386 2385//2385 3347//3347
f 3347//3347 2385//2385 3453//3453
f 2385//2385 2383//2383 3453//3453
f 3453//3453 2383//2383 3454//3454
f 2383//2383 2382//2382 3454//3454
f 3454//3454 2382//2382 3455//3455
f 2382//2382 2451//2451 3455//3455
f 3455//3455 2451//2451 3456//3456
f 2451//2451 2453//2453 3456//3456
f 3456//3456 2453//2453 3337//3337
f 2453//2453 2450//2450 3337//3337
f 3337//3337 2450//2450 3338//3338
f 2450//2450 2448//2448 3338//3338
f 3338//3338 2448//2448 3340//3340
f 2448//2448 2447//2447 3340//3340
f 3340//3340 2447//2447 3348//3348
f 2447//2447 2395//2395 3348//3348
f 3348//3348 2395//2395 3349//3349
f 2395//2395 2394//2394 3349//3349
f 3349//3349 2394//2394 3350//3350
f 2394//2394 2393//2393 3350//3350
f 3350//3350 2393//2393 3343//3343
f 2393//2393 2392//2392 3343//3343
f 3343//3343 2392//2392 3342//3342
f 2392//2392 2391//2391 3342//3342
f 3342//3342 2391//2391 3341//3341
f 2391//2391 2390//2390 3341//3341
f 3341//3341 2390//2390 3351//3351
f 2390//2390 2389//2389 3351//3351
f 3351//3351 2389//2389 3352//3352
f 2389//2389 2400//2400 3352//3352
f 3352//3352 2400//2400 3353//3353
f 2400//2400 2399//2399 3353//3353
f 3353//3353 2399//2399 3354//3354
f 2399//2399 2397//2397 3354//3354
f 3354//3354 2397//2397 3336//3336
f 2397//2397 2396//2396 3336//3336
f 3336//3336 2396//2396 3335//3335
f 2396//2396 2381//2381 3335//3335
f 3335//3335 2381//2381 3334//3334
f 2381//2381 2380//2380 3334//3334
f 3334//3334 2380//2380 3344//3344
f 2380//2380 2388//2388 3344//3344
f 3344//3344 2388//2388 3345//3345
f 2388//2388 2387//2387 3345//3345
f 3530//3530 2477//2477 3531//3531
f 2477//2477 2476//2476 3531//3531
f 3531//3531 2476//2476 3532//3532
f 2476//2476 2462//2462 3532//3532
f 3532//3532 2462//2462 3533//3533
f 2462//2462 2461//2461 3533//3533
f 3533//3533 2461//2461 3513//3513
f 2461//2461 2459//2459 3513//3513
f 3513//3513 2459//2459 3512//3512
f 2459//2459 2458//2458 3512//3512
f 3512//3512 2458//2458 3511//3511
f 2458//2458 2479//2479 3511//3511
f 3511//3511 2479//2479 3510//3510
f 2479//2479 2480//2480 3510//3510
f 3510//3510 2480//2480 3518//3518
f 2480//2480 2481//2481 3518//3518
f 3518//3518 2481//2481 3517//3517
f 2481//2481 2472//2472 3517//3517
f 3517//3517 2472//2472 3516//3516
f 2472//2472 2471//2471 3516//3516
f 3516//3516 2471//2471 3519//3519
f 2471//2471 2470//2470 3519//3519
f 3519//3519 2470//2470 3520//3520
f 2470//2470 2468//2468 3520//3520
f 3520//3520 2468//2468 3521//3521
f 2468//2468 2467//2467 3521//3521
f 3521//3521 2467//2467 3522//3522
f 2467//2467 2457//2457 3522//3522
f 3522//3522 2457//2457 3514//3514
f 2457//2457 2455//2455 3514//3514
f 3514//3514 2455//2455 3515//3515
f 2455//2455 2454//2454 3515//3515
f 3515//3515 2454//2454 3523//3523
f 2454//2454 2475//2475 3523//3523
f 3523//3523 2475//2475 3524//3524
f 2475//2475 2474//2474 3524//3524
f 3524//3524 2474//2474 3525//3525
f 2474//2474 2473//2473 3525//3525
f 3525//3525 2473//2473 3526//3526
f 2473//2473 2466//2466 3526//3526
f 3526//3526 2466//2466 3527//3527
f 2466//2466 2464//2464 3527//3527
f 3527//3527 2464//2464 3528//3528
f 2464//2464 2463//2463 3528//3528
f 3528//3528 2463//2463 3529//3529
f 2463//2463 2478//2478 3529//3529
f 3529//3529 2478//2478 3530//3530
f 2478//2478 2477//2477 3530//3530
f 2485//2485 3943//3943 2277//2277
f 3943//3943 3946//3946 2277//2277
f 2277//2277 3946//3946 2278//2278
f 3946//3946 3945//3945 2278//2278
f 2278//2278 3945//3945 2495//2495
f 3945//3945 3944//3944 2495//2495
f 2495//2495 3944//3944 2496//2496
f 3944//3944 3596//3596 2496//2496
f 2496//2496 3596//3596 2497//2497
f 3596//3596 3595//3595 2497//2497
f 2497//2497 3595//3595 2493//2493
f 3595//3595 3593//3593 2493//2493
f 2493//2493 3593//3593 2494//2494
f 3593//3593 3591//3591 2494//2494
f 2494//2494 3591//3591 2504//2504
f 3591//3591 3590//3590 2504//2504
f 2504//2504 3590//3590 2505//2505
f 3590//3590 3621//3621 2505//2505
f 2505//2505 3621//3621 2506//2506
f 3621//3621 3620//3620 2506//2506
f 2506//2506 3620//3620 2507//2507
f 3620//3620 3618//3618 2507//2507
f 2507//2507 3618//3618 2508//2508
f 3618//3618 3616//3616 2508//2508
f 2508//2508 3616//3616 2509//2509
f 3616//3616 3614//3614 2509//2509
f 2509//2509 3614//3614 2503//2503
f 3614//3614 3612//3612 2503//2503
f 2503//2503 3612//3612 2502//2502
f 3612//3612 3610//3610 2502//2502
f 2502//2502 3610//3610 2500//2500
f 3610//3610 3608//3608 2500//2500
f 2500//2500 3608//3608 2498//2498
f 3608//3608 3606//3606 2498//2498
f 2498//2498 3606//3606 2487//2487
f 3606//3606 3604//3604 2487//2487
f 2487//2487 3604//3604 2488//2488
f 3604//3604 3602//3602 2488//2488
f 2488//2488 3602//3602 2490//2490
f 3602//3602 3600//3600 2490//2490
f 2490//2490 3600//3600 2492//2492
f 3600//3600 3949//3949 2492//2492
f 2492//2492 3949//3949 2482//2482
f 3949//3949 3948//3948 2482//2482
f 2482//2482 3948//3948 2483//2483
f 3948//3948 3947//3947 2483//2483
f 2483//2483 3947//3947 2485//2485
f 3947//3947 3943//3943 2485//2485
f 2516//2516 3956//3956 2514//2514
f 3956//3956 3959//3959 2514//2514
f 2514//2514 3959//3959 2518//2518
f 3959//3959 3965//3965 2518//2518
f 2518//2518 3965//3965 2519//2519
f 3965//3965 3964//3964 2519//2519
f 2519//2519 3964//3964 2520//2520
f 3964//3964 3963//3963 2520//2520
f 2520//2520 3963//3963 2521//2521
f 3963//3963 3968//3968 2521//2521
f 2521//2521 3968//3968 2522//2522
f 3968//3968 3967//3967 2522//2522
f 2522//2522 3967//3967 2524//2524
f 3967//3967 3966//3966 2524//2524
f 2524//2524 3966//3966 2525//2525
f 3966//3966 3962//3962 2525//2525
f 2525//2525 3962//3962 2526//2526
f 3962//3962 3961//3961 2526//2526
f 2526//2526 3961//3961 2536//2536
f 3961//3961 3960//3960 2536//2536
f 2536//2536 3960//3960 2537//2537
f 3960//3960 3958//3958 2537//2537
f 2537//2537 3958//3958 2539//2539
f 3958//3958 3951//3951 2539//2539
f 2539//2539 3951//3951 2541//2541
f 3951//3951 3950//3950 2541//2541
f 2541//2541 3950//3950 2535//2535
f 3950//3950 3952//3952 2535//2535
f 2535//2535 3952//3952 2534//2534
f 3952//3952 3953//3953 2534//2534
f 2534//2534 3953//3953 2532//2532
f 3953//3953 3824//3824 2532//2532
f 2532//2532 3824//3824 2530//2530
f 3824//3824 3822//3822 2530//2530
f 2530//2530 3822//3822 2529//2529
f 3822//3822 3820//3820 2529//2529
f 2529//2529 3820//3820 2527//2527
f 3820//3820 3817//3817 2527//2527
f 2527//2527 3817//3817 2513//2513
f 3817//3817 3816//3816 2513//2513
f 2513//2513 3816//3816 2512//2512
f 3816//3816 3957//3957 2512//2512
f 2512//2512 3957//3957 2510//2510
f 3957//3957 3954//3954 2510//2510
f 2510//2510 3954//3954 2517//2517
f 3954//3954 3955//3955 2517//2517
f 2517//2517 3955//3955 2516//2516
f 3955//3955 3956//3956 2516//2516
f 2545//2545 3306//3306 2547//2547
f 3306//3306 3305//3305 2547//2547
f 2547//2547 3305//3305 2548//2548
f 3305//3305 3303//3303 2548//2548
f 2548//2548 3303//3303 2549//2549
f 3303//3303 3302//3302 2549//2549
f 2549//2549 3302//3302 2550//2550
f 3302//3302 3278//3278 2550//2550
f 2550//2550 3278//3278 2553//2553
f 3278//3278 3280//3280 2553//2553
f 2553//2553 3280//3280 2552//2552
f 3280//3280 3282//3282 2552//2552
f 2552//2552 3282//3282 2551//2551
f 3282//3282 3284//3284 2551//2551
f 2551//2551 3284//3284 2559//2559
f 3284//3284 3286//3286 2559//2559
f 2559//2559 3286//3286 2560//2560
f 3286//3286 3288//3288 2560//2560
f 2560//2560 3288//3288 2561//2561
f 3288//3288 3290//3290 2561//2561
f 2561//2561 3290//3290 2567//2567
f 3290//3290 3292//3292 2567//2567
f 2567//2567 3292//3292 2568//2568
f 3292//3292 3294//3294 2568//2568
f 2568//2568 3294//3294 2569//2569
f 3294//3294 3296//3296 2569//2569
f 2569//2569 3296//3296 2562//2562
f 3296//3296 3298//3298 2562//2562
f 2562//2562 3298//3298 2563//2563
f 3298//3298 3300//3300 2563//2563
f 2563//2563 3300//3300 2565//2565
f 3300//3300 3301//3301 2565//2565
f 2565//2565 3301//3301 2566//2566
f 3301//3301 3275//3275 2566//2566
f 2566//2566 3275//3275 2554//2554
f 3275//3275 3276//3276 2554//2554
f 2554//2554 3276//3276 2555//2555
f 3276//3276 3277//3277 2555//2555
f 2555//2555 3277//3277 2557//2557
f 3277//3277 3274//3274 2557//2557
f 2557//2557 3274//3274 2558//2558
f 3274//3274 3273//3273 2558//2558
f 2558//2558 3273//3273 2542//2542
f 3273//3273 3308//3308 2542//2542
f 2542//2542 3308//3308 2543//2543
f 3308//3308 3307//3307 2543//2543
f 2543//2543 3307//3307 2545//2545
f 3307//3307 3306//3306 2545//2545
f 2577//2577 3069//3069 2578//2578
f 3069//3069 3068//3068 2578//2578
f 2578//2578 3068//3068 2579//2579
f 3068//3068 3067//3067 2579//2579
f 2579//2579 3067//3067 2580//2580
f 3067//3067 3088//3088 2580//2580
f 2580//2580 3088//3088 2584//2584
f 3088//3088 3087//3087 2584//2584
f 2584//2584 3087//3087 2585//2585
f 3087//3087 3085//3085 2585//2585
f 2585//2585 3085//3085 2586//2586
f 3085//3085 3083//3083 2586//2586
f 2586//2586 3083//3083 2587//2587
f 3083//3083 3081//3081 2587//2587
f 2587//2587 3081//3081 2588//2588
f 3081//3081 3079//3079 2588//2588
f 2588//2588 3079//3079 2589//2589
f 3079//3079 3077//3077 2589//2589
f 2589//2589 3077//3077 2590//2590
f 3077//3077 3075//3075 2590//2590
f 2590//2590 3075//3075 2591//2591
f 3075//3075 3074//3074 2591//2591
f 2591//2591 3074//3074 2593//2593
f 3074//3074 3063//3063 2593//2593
f 2593//2593 3063//3063 2274//2274
f 3063//3063 3060//3060 2274//2274
f 2274//2274 3060//3060 2275//2275
f 3060//3060 3059//3059 2275//2275
f 2275//2275 3059//3059 2573//2573
f 3059//3059 3058//3058 2573//2573
f 2573//2573 3058//3058 2574//2574
f 3058//3058 3057//3057 2574//2574
f 2574//2574 3057//3057 2575//2575
f 3057//3057 3073//3073 2575//2575
f 2575//2575 3073//3073 2581//2581
f 3073//3073 3072//3072 2581//2581
f 2581//2581 3072//3072 2582//2582
f 3072//3072 3071//3071 2582//2582
f 2582//2582 3071//3071 2583//2583
f 3071//3071 3064//3064 2583//2583
f 2583//2583 3064//3064 2570//2570
f 3064//3064 3065//3065 2570//2570
f 2570//2570 3065//3065 2571//2571
f 3065//3065 3066//3066 2571//2571
f 2571//2571 3066//3066 2576//2576
f 3066//3066 3070//3070 2576//2576
f 2576//2576 3070//3070 2577//2577
f 3070//3070 3069//3069 2577//2577
f 3391//3391 2603//2603 3392//3392
f 2603//2603 2602//2602 3392//3392
f 3392//3392 2602//2602 3398//3398
f 2602//2602 2601//2601 3398//3398
f 3398//3398 2601//2601 3399//3399
f 2601//2601 2600//2600 3399//3399
f 3399//3399 2600//2600 3400//3400
f 2600//2600 2599//2599 3400//3400
f 3400//3400 2599//2599 3405//3405
f 2599//2599 2598//2598 3405//3405
f 3405//3405 2598//2598 3406//3406
f 2598//2598 2595//2595 3406//3406
f 3406//3406 2595//2595 3407//3407
f 2595//2595 2594//2594 3407//3407
f 3407//3407 2594//2594 3401//3401
f 2594//2594 2620//2620 3401//3401
f 3401//3401 2620//2620 3402//3402
f 2620//2620 2619//2619 3402//3402
f 3402//3402 2619//2619 3403//3403
f 2619//2619 2618//2618 3403//3403
f 3403//3403 2618//2618 3404//3404
f 2618//2618 2616//2616 3404//3404
f 3404//3404 2616//2616 3393//3393
f 2616//2616 2615//2615 3393//3393
f 3393//3393 2615//2615 3394//3394
f 2615//2615 2613//2613 3394//3394
f 3394//3394 2613//2613 3409//3409
f 2613//2613 2612//2612 3409//3409
f 3409//3409 2612//2612 3410//3410
f 2612//2612 2623//2623 3410//3410
f 3410//3410 2623//2623 3411//3411
f 2623//2623 2622//2622 3411//3411
f 3411//3411 2622//2622 3418//3418
f 2622//2622 2621//2621 3418//3418
f 3418//3418 2621//2621 3395//3395
f 2621//2621 2609//2609 3395//3395
f 3395//3395 2609//2609 3396//3396
f 2609//2609 2607//2607 3396//3396
f 3396//3396 2607//2607 3414//3414
f 2607//2607 2611//2611 3414//3414
f 3414//3414 2611//2611 3415//3415
f 2611//2611 2610//2610 3415//3415
f 3415//3415 2610//2610 3416//3416
f 2610//2610 2606//2606 3416//3416
f 3416//3416 2606//2606 3417//3417
f 2606//2606 2604//2604 3417//3417
f 3417//3417 2604//2604 3391//3391
f 2604//2604 2603//2603 3391//3391
f 3010//3010 2624//2624 3465//3465
f 2624//2624 2632//2632 3465//3465
f 3465//3465 2632//2632 3459//3459
f 2632//2632 2631//2631 3459//3459
f 3459//3459 2631//2631 3460//3460
f 2631//2631 2629//2629 3460//3460
f 3460//3460 2629//2629 3466//3466
f 2629//2629 2628//2628 3466//3466
f 3466//3466 2628//2628 3467//3467
f 2628//2628 2640//2640 3467//3467
f 3467//3467 2640//2640 3468//3468
f 2640//2640 2639//2639 3468//3468
f 3468//3468 2639//2639 3461//3461
f 2639//2639 2637//2637 3461//3461
f 3461//3461 2637//2637 3462//3462
f 2637//2637 2636//2636 3462//3462
f 3462//3462 2636//2636 3469//3469
f 2636//2636 2643//2643 3469//3469
f 3469//3469 2643//2643 3470//3470
f 2643//2643 2645//2645 3470//3470
f 3470//3470 2645//2645 3471//3471
f 2645//2645 2653//2653 3471//3471
f 3471//3471 2653//2653 3463//3463
f 2653//2653 2652//2652 3463//3463
f 3463//3463 2652//2652 3464//3464
f 2652//2652 2651//2651 3464//3464
f 3464//3464 2651//2651 3476//3476
f 2651//2651 2650//2650 3476//3476
f 3476//3476 2650//2650 3477//3477
f 2650//2650 2649//2649 3477//3477
f 3477//3477 2649//2649 3478//3478
f 2649//2649 2647//2647 3478//3478
f 3478//3478 2647//2647 3479//3479
f 2647//2647 2646//2646 3479//3479
f 3479//3479 2646//2646 3480//3480
f 2646//2646 2635//2635 3480//3480
f 3480//3480 2635//2635 3481//3481
f 2635//2635 2633//2633 3481//3481
f 3481//3481 2633//2633 3482//3482
f 2633//2633 2642//2642 3482//3482
f 3482//3482 2642//2642 3483//3483
f 2642//2642 2641//2641 3483//3483
f 3483//3483 2641//2641 3484//3484
f 2641//2641 2627//2627 3484//3484
f 3484//3484 2627//2627 3009//3009
f 2627//2627 2625//2625 3009//3009
f 3009//3009 2625//2625 3010//3010
f 2625//2625 2624//2624 3010//3010
f 3885//3885 2861//2861 3886//3886
f 2861//2861 2860//2860 3886//3886
f 3886//3886 2860//2860 3887//3887
f 2860//2860 2859//2859 3887//3887
f 3887//3887 2859//2859 3888//3888
f 2859//2859 2858//2858 3888//3888
f 3888//3888 2858//2858 3889//3889
f 2858//2858 2857//2857 3889//3889
f 3889//3889 2857//2857 3896//3896
f 2857//2857 2846//2846 3896//3896
f 3896//3896 2846//2846 3897//3897
f 2846//2846 2847//2847 3897//3897
f 3897//3897 2847//2847 3898//3898
f 2847//2847 2848//2848 3898//3898
f 3898//3898 2848//2848 3892//3892
f 2848//2848 2845//2845 3892//3892
f 3892//3892 2845//2845 3893//3893
f 2845//2845 2844//2844 3893//3893
f 3893//3893 2844//2844 3894//3894
f 2844//2844 2843//2843 3894//3894
f 3894//3894 2843//2843 3895//3895
f 2843//2843 2842//2842 3895//3895
f 3895//3895 2842//2842 3890//3890
f 2842//2842 2841//2841 3890//3890
f 3890//3890 2841//2841 3891//3891
f 2841//2841 2865//2865 3891//3891
f 3891//3891 2865//2865 3900//3900
f 2865//2865 2864//2864 3900//3900
f 3900//3900 2864//2864 3901//3901
f 2864//2864 2863//2863 3901//3901
f 3901//3901 2863//2863 3902//3902
f 2863//2863 2856//2856 3902//3902
f 3902//3902 2856//2856 3907//3907
f 2856//2856 2855//2855 3907//3907
f 3907//3907 2855//2855 3878//3878
f 2855//2855 2853//2853 3878//3878
f 3878//3878 2853//2853 3879//3879
f 2853//2853 2852//2852 3879//3879
f 3879//3879 2852//2852 3881//3881
f 2852//2852 2851//2851 3881//3881
f 3881//3881 2851//2851 3882//3882
f 2851//2851 2850//2850 3882//3882
f 3882//3882 2850//2850 3883//3883
f 2850//2850 2849//2849 3883//3883
f 3883//3883 2849//2849 3884//3884
f 2849//2849 2862//2862 3884//3884
f 3884//3884 2862//2862 3885//3885
f 2862//2862 2861//2861 3885//3885
f 3978//3978 2838//2838 3979//3979
f 2838//2838 2837//2837 3979//3979
f 3979//3979 2837//2837 3969//3969
f 2837//2837 2833//2833 3969//3969
f 3969//3969 2833//2833 3970//3970
f 2833//2833 2832//2832 3970//3970
f 3970//3970 2832//2832 3980//3980
f 2832//2832 2831//2831 3980//3980
f 3980//3980 2831//2831 3981//3981
f 2831//2831 2836//2836 3981//3981
f 3981//3981 2836//2836 3982//3982
f 2836//2836 2835//2835 3982//3982
f 3982//3982 2835//2835 3971//3971
f 2835//2835 2834//2834 3971//3971
f 3971//3971 2834//2834 3972//3972
f 2834//2834 2822//2822 3972//3972
f 3972//3972 2822//2822 3988//3988
f 2822//2822 2821//2821 3988//3988
f 3988//3988 2821//2821 3989//3989
f 2821//2821 2820//2820 3989//3989
f 3989//3989 2820//2820 3990//3990
f 2820//2820 2815//2815 3990//3990
f 3990//3990 2815//2815 3991//3991
f 2815//2815 2814//2814 3991//3991
f 3991//3991 2814//2814 3992//3992
f 2814//2814 2830//2830 3992//3992
f 3992//3992 2830//2830 3993//3993
f 2830//2830 2829//2829 3993//3993
f 3993//3993 2829//2829 3996//3996
f 2829//2829 2828//2828 3996//3996
f 3996//3996 2828//2828 3997//3997
f 2828//2828 2827//2827 3997//3997
f 3997//3997 2827//2827 3994//3994
f 2827//2827 2826//2826 3994//3994
f 3994//3994 2826//2826 3973//3973
f 2826//2826 2824//2824 3973//3973
f 3973//3973 2824//2824 3974//3974
f 2824//2824 2823//2823 3974//3974
f 3974//3974 2823//2823 3983//3983
f 2823//2823 2819//2819 3983//3983
f 3983//3983 2819//2819 3984//3984
f 2819//2819 2818//2818 3984//3984
f 3984//3984 2818//2818 3976//3976
f 2818//2818 2817//2817 3976//3976
f 3976//3976 2817//2817 3977//3977
f 2817//2817 2839//2839 3977//3977
f 3977//3977 2839//2839 3978//3978
f 2839//2839 2838//2838 3978//3978
f 3124//3124 2654//2654 3125//3125
f 2654//2654 2662//2662 3125//3125
f 3125//3125 2662//2662 3126//3126
f 2662//2662 2661//2661 3126//3126
f 3126//3126 2661//2661 3127//3127
f 2661//2661 2660//2660 3127//3127
f 3127//3127 2660//2660 3109//3109
f 2660//2660 2272//2272 3109//3109
f 3109//3109 2272//2272 3142//3142
f 2272//2272 2271//2271 3142//3142
f 3142//3142 2271//2271 3141//3141
f 2271//2271 2675//2675 3141//3141
f 3141//3141 2675//2675 3144//3144
f 2675//2675 2680//2680 3144//3144
f 3144//3144 2680//2680 3115//3115
f 2680//2680 2679//2679 3115//3115
f 3115//3115 2679//2679 3116//3116
f 2679//2679 2678//2678 3116//3116
f 3116//3116 2678//2678 3117//3117
f 2678//2678 2659//2659 3117//3117
f 3117//3117 2659//2659 3118//3118
f 2659//2659 2658//2658 3118//3118
f 3118//3118 2658//2658 3128//3128
f 2658//2658 2674//2674 3128//3128
f 3128//3128 2674//2674 3129//3129
f 2674//2674 2673//2673 3129//3129
f 3129//3129 2673//2673 3130//3130
f 2673//2673 2672//2672 3130//3130
f 3130//3130 2672//2672 3131//3131
f 2672//2672 2671//2671 3131//3131
f 3131//3131 2671//2671 3132//3132
f 2671//2671 2670//2670 3132//3132
f 3132//3132 2670//2670 3133//3133
f 2670//2670 2669//2669 3133//3133
f 3133//3133 2669//2669 3119//3119
f 2669//2669 2667//2667 3119//3119
f 3119//3119 2667//2667 3120//3120
f 2667//2667 2666//2666 3120//3120
f 3120//3120 2666//2666 3113//3113
f 2666//2666 2665//2665 3113//3113
f 3113//3113 2665//2665 3114//3114
f 2665//2665 2664//2664 3114//3114
f 3114//3114 2664//2664 3122//3122
f 2664//2664 2663//2663 3122//3122
f 3122//3122 2663//2663 3123//3123
f 2663//2663 2655//2655 3123//3123
f 3123//3123 2655//2655 3124//3124
f 2655//2655 2654//2654 3124//3124
f 3359//3359 2918//2918 3366//3366
f 2918//2918 2939//2939 3366//3366
f 3366//3366 2939//2939 3367//3367
f 2939//2939 2938//2938 3367//3367
f 3367//3367 2938//2938 3368//3368
f 2938//2938 2937//2937 3368//3368
f 3368//3368 2937//2937 3369//3369
f 2937//2937 2936//2936 3369//3369
f 3369//3369 2936//2936 3370//3370
f 2936//2936 2944//2944 3370//3370
f 3370//3370 2944//2944 3363//3363
f 2944//2944 2943//2943 3363//3363
f 3363//3363 2943//2943 3364//3364
f 2943//2943 2942//2942 3364//3364
f 3364//3364 2942//2942 3374//3374
f 2942//2942 2932//2932 3374//3374
f 3374//3374 2932//2932 3375//3375
f 2932//2932 2931//2931 3375//3375
f 3375//3375 2931//2931 3376//3376
f 2931//2931 2930//2930 3376//3376
f 3376//3376 2930//2930 3378//3378
f 2930//2930 2929//2929 3378//3378
f 3378//3378 2929//2929 3379//3379
f 2929//2929 2928//2928 3379//3379
f 3379//3379 2928//2928 3380//3380
f 2928//2928 2926//2926 3380//3380
f 3380//3380 2926//2926 3381//3381
f 2926//2926 2941//2941 3381//3381
f 3381//3381 2941//2941 3382//3382
f 2941//2941 2940//2940 3382//3382
f 3382//3382 2940//2940 3383//3383
f 2940//2940 2925//2925 3383//3383
f 3383//3383 2925//2925 3371//3371
f 2925//2925 2924//2924 3371//3371
f 3371//3371 2924//2924 3372//3372
f 2924//2924 2922//2922 3372//3372
f 3372//3372 2922//2922 3377//3377
f 2922//2922 2921//2921 3377//3377
f 3377//3377 2921//2921 3356//3356
f 2921//2921 2920//2920 3356//3356
f 3356//3356 2920//2920 3358//3358
f 2920//2920 2934//2934 3358//3358
f 3358//3358 2934//2934 3362//3362
f 2934//2934 2933//2933 3362//3362
f 3362//3362 2933//2933 3361//3361
f 2933//2933 2919//2919 3361//3361
f 3361//3361 2919//2919 3359//3359
f 2919//2919 2918//2918 3359//3359
f 3221//3221 2701//2701 3225//3225
f 2701//2701 2700//2700 3225//3225
f 3225//3225 2700//2700 3226//3226
f 2700//2700 2699//2699 3226//3226
f 3226//3226 2699//2699 3228//3228
f 2699//2699 2698//2698 3228//3228
f 3228//3228 2698//2698 3229//3229
f 2698//2698 2697//2697 3229//3229
f 3229//3229 2697//2697 3230//3230
f 2697//2697 2690//2690 3230//3230
f 3230//3230 2690//2690 3231//3231
f 2690//2690 2689//2689 3231//3231
f 3231//3231 2689//2689 3232//3232
f 2689//2689 2696//2696 3232//3232
f 3232//3232 2696//2696 3233//3233
f 2696//2696 2695//2695 3233//3233
f 3233//3233 2695//2695 3234//3234
f 2695//2695 2687//2687 3234//3234
f 3234//3234 2687//2687 3235//3235
f 2687//2687 2686//2686 3235//3235
f 3235//3235 2686//2686 3236//3236
f 2686//2686 2694//2694 3236//3236
f 3236//3236 2694//2694 3237//3237
f 2694//2694 2693//2693 3237//3237
f 3237//3237 2693//2693 3238//3238
f 2693//2693 2692//2692 3238//3238
f 3238//3238 2692//2692 3239//3239
f 2692//2692 2685//2685 3239//3239
f 3239//3239 2685//2685 3240//3240
f 2685//2685 2684//2684 3240//3240
f 3240//3240 2684//2684 3241//3241
f 2684//2684 2707//2707 3241//3241
f 3241//3241 2707//2707 3242//3242
f 2707//2707 2706//2706 3242//3242
f 3242//3242 2706//2706 3243//3243
f 2706//2706 2705//2705 3243//3243
f 3243//3243 2705//2705 3244//3244
f 2705//2705 2704//2704 3244//3244
f 3244//3244 2704//2704 3245//3245
f 2704//2704 2703//2703 3245//3245
f 3245//3245 2703//2703 3246//3246
f 2703//2703 2682//2682 3246//3246
f 3246//3246 2682//2682 3224//3224
f 2682//2682 2681//2681 3224//3224
f 3224//3224 2681//2681 3223//3223
f 2681//2681 2702//2702 3223//3223
f 3223//3223 2702//2702 3221//3221
f 2702//2702 2701//2701 3221//3221
f 3750//3750 2714//2714 3751//3751
f 2714//2714 2715//2715 3751//3751
f 3751//3751 2715//2715 3752//3752
f 2715//2715 2712//2712 3752//3752
f 3752//3752 2712//2712 3774//3774
f 2712//2712 2711//2711 3774//3774
f 3774//3774 2711//2711 3775//3775
f 2711//2711 2733//2733 3775//3775
f 3775//3775 2733//2733 3776//3776
f 2733//2733 2732//2732 3776//3776
f 3776//3776 2732//2732 3777//3777
f 2732//2732 2731//2731 3777//3777
f 3777//3777 2731//2731 3767//3767
f 2731//2731 2730//2730 3767//3767
f 3767//3767 2730//2730 3768//3768
f 2730//2730 2729//2729 3768//3768
f 3768//3768 2729//2729 3769//3769
f 2729//2729 2709//2709 3769//3769
f 3769//3769 2709//2709 3753//3753
f 2709//2709 2708//2708 3753//3753
f 3753//3753 2708//2708 3754//3754
f 2708//2708 2728//2728 3754//3754
f 3754//3754 2728//2728 3756//3756
f 2728//2728 2727//2727 3756//3756
f 3756//3756 2727//2727 3757//3757
f 2727//2727 2726//2726 3757//3757
f 3757//3757 2726//2726 3758//3758
f 2726//2726 2725//2725 3758//3758
f 3758//3758 2725//2725 3759//3759
f 2725//2725 2724//2724 3759//3759
f 3759//3759 2724//2724 3760//3760
f 2724//2724 2723//2723 3760//3760
f 3760//3760 2723//2723 3745//3745
f 2723//2723 2722//2722 3745//3745
f 3745//3745 2722//2722 3761//3761
f 2722//2722 2720//2720 3761//3761
f 3761//3761 2720//2720 3762//3762
f 2720//2720 2719//2719 3762//3762
f 3762//3762 2719//2719 3763//3763
f 2719//2719 2718//2718 3763//3763
f 3763//3763 2718//2718 3746//3746
f 2718//2718 2717//2717 3746//3746
f 3746//3746 2717//2717 3742//3742
f 2717//2717 2716//2716 3742//3742
f 3742//3742 2716//2716 3743//3743
f 2716//2716 2713//2713 3743//3743
f 3743//3743 2713//2713 3750//3750
f 2713//2713 2714//2714 3750//3750
f 4008//4008 2801//2801 4000//4000
f 2801//2801 2800//2800 4000//4000
f 4000//4000 2800//2800 4001//4001
f 2800//2800 2799//2799 4001//4001
f 4001//4001 2799//2799 4004//4004
f 2799//2799 2798//2798 4004//4004
f 4004//4004 2798//2798 4005//4005
f 2798//2798 2797//2797 4005//4005
f 4005//4005 2797//2797 4006//4006
f 2797//2797 2794//2794 4006//4006
f 4006//4006 2794//2794 4002//4002
f 2794//2794 2793//2793 4002//4002
f 4002//4002 2793//2793 4003//4003
f 2793//2793 2796//2796 4003//4003
f 4003//4003 2796//2796 4009//4009
f 2796//2796 2795//2795 4009//4009
f 4009//4009 2795//2795 4010//4010
f 2795//2795 2792//2792 4010//4010
f 4010//4010 2792//2792 4011//4011
f 2792//2792 2791//2791 4011//4011
f 4011//4011 2791//2791 4014//4014
f 2791//2791 2789//2789 4014//4014
f 4014//4014 2789//2789 4013//4013
f 2789//2789 2788//2788 4013//4013
f 4013//4013 2788//2788 4012//4012
f 2788//2788 2812//2812 4012//4012
f 4012//4012 2812//2812 4015//4015
f 2812//2812 2811//2811 4015//4015
f 4015//4015 2811//2811 4016//4016
f 2811//2811 2810//2810 4016//4016
f 4016//4016 2810//2810 4017//4017
f 2810//2810 2805//2805 4017//4017
f 4017//4017 2805//2805 4018//4018
f 2805//2805 2804//2804 4018//4018
f 4018//4018 2804//2804 4019//4019
f 2804//2804 2806//2806 4019//4019
f 4019//4019 2806//2806 4020//4020
f 2806//2806 2807//2807 4020//4020
f 4020//4020 2807//2807 4021//4021
f 2807//2807 2809//2809 4021//4021
f 4021//4021 2809//2809 4022//4022
f 2809//2809 2808//2808 4022//4022
f 4022//4022 2808//2808 4023//4023
f 2808//2808 2803//2803 4023//4023
f 4023//4023 2803//2803 4007//4007
f 2803//2803 2802//2802 4007//4007
f 4007//4007 2802//2802 4008//4008
f 2802//2802 2801//2801 4008//4008
f 3652//3652 2753//2753 3670//3670
f 2753//2753 2752//2752 3670//3670
f 3670//3670 2752//2752 3671//3671
f 2752//2752 2751//2751 3671//3671
f 3671//3671 2751//2751 3672//3672
f 2751//2751 2750//2750 3672//3672
f 3672//3672 2750//2750 3655//3655
f 2750//2750 2749//2749 3655//3655
f 3655//3655 2749//2749 3656//3656
f 2749//2749 2748//2748 3656//3656
f 3656//3656 2748//2748 3658//3658
f 2748//2748 2747//2747 3658//3658
f 3658//3658 2747//2747 3659//3659
f 2747//2747 2746//2746 3659//3659
f 3659//3659 2746//2746 3660//3660
f 2746//2746 2745//2745 3660//3660
f 3660//3660 2745//2745 3661//3661
f 2745//2745 2744//2744 3661//3661
f 3661//3661 2744//2744 3662//3662
f 2744//2744 2743//2743 3662//3662
f 3662//3662 2743//2743 3663//3663
f 2743//2743 2737//2737 3663//3663
f 3663//3663 2737//2737 3664//3664
f 2737//2737 2736//2736 3664//3664
f 3664//3664 2736//2736 3665//3665
f 2736//2736 2742//2742 3665//3665
f 3665//3665 2742//2742 3666//3666
f 2742//2742 2741//2741 3666//3666
f 3666//3666 2741//2741 3667//3667
f 2741//2741 2740//2740 3667//3667
f 3667//3667 2740//2740 3668//3668
f 2740//2740 2739//2739 3668//3668
f 3668//3668 2739//2739 3669//3669
f 2739//2739 2754//2754 3669//3669
f 3669//3669 2754//2754 3673//3673
f 2754//2754 2758//2758 3673//3673
f 3673//3673 2758//2758 3649//3649
f 2758//2758 2757//2757 3649//3649
f 3649//3649 2757//2757 3650//3650
f 2757//2757 2756//2756 3650//3650
f 3650//3650 2756//2756 3651//3651
f 2756//2756 2755//2755 3651//3651
f 3651//3651 2755//2755 3654//3654
f 2755//2755 2735//2735 3654//3654
f 3654//3654 2735//2735 3653//3653
f 2735//2735 2734//2734 3653//3653
f 3653//3653 2734//2734 3652//3652
f 2734//2734 2753//2753 3652//3652
f 2957//2957 2947//2947 709//709
f 2947//2947 2946//2946 709//709
f 709//709 2946//2946 2294//2294
f 2904//2904 2903//2903 710//710
f 2294//2294 2296//2296 709//709
f 2296//2296 2312//2312 709//709
f 709//709 2312//2312 710//710
f 2312//2312 2906//2906 710//710
f 710//710 2906//2906 2904//2904
f 2903//2903 2902//2902 710//710
f 2902//2902 2901//2901 710//710
f 710//710 2901//2901 2354//2354
f 2354//2354 2360//2360 710//710
f 2360//2360 2368//2368 710//710
f 710//710 2368//2368 2245//2245
f 714//714 2957//2957 708//708
f 2957//2957 709//709 708//708
f 972//972 954//954 2951//2951
f 964//964 962//962 2269//2269
f 2951//2951 2952//2952 972//972
f 2952//2952 2953//2953 972//972
f 972//972 2953//2953 976//976
f 2953//2953 2954//2954 976//976
f 2957//2957 714//714 2956//2956
f 714//714 976//976 2956//2956
f 2956//2956 976//976 2955//2955
f 976//976 2954//2954 2955//2955
f 2269//2269 2948//2948 964//964
f 2948//2948 2949//2949 964//964
f 964//964 2949//2949 954//954
f 2949//2949 2950//2950 954//954
f 954//954 2950//2950 2951//2951
f 1465//1465 1473//1473 962//962
f 1473//1473 2269//2269 962//962
f 1871//1871 1959//1959 1869//1869
f 1959//1959 1954//1954 1869//1869
f 1869//1869 1954//1954 1867//1867
f 1954//1954 1970//1970 1867//1867
f 1867//1867 1970//1970 1865//1865
f 1970//1970 1969//1969 1865//1865
f 1865//1865 1969//1969 1863//1863
f 1969//1969 1968//1968 1863//1863
f 1863//1863 1968//1968 1861//1861
f 1968//1968 1953//1953 1861//1861
f 1861//1861 1953//1953 1851//1851
f 1953//1953 1952//1952 1851//1851
f 1851//1851 1952//1952 1849//1849
f 1952//1952 1979//1979 1849//1849
f 1849//1849 1979//1979 1847//1847
f 1979//1979 1978//1978 1847//1847
f 1847//1847 1978//1978 1845//1845
f 1978//1978 1967//1967 1845//1845
f 1845//1845 1967//1967 1843//1843
f 1967//1967 1940//1940 1843//1843
f 1843//1843 1940//1940 1841//1841
f 1940//1940 1949//1949 1841//1841
f 1841//1841 1949//1949 1839//1839
f 1949//1949 1958//1958 1839//1839
f 1839//1839 1958//1958 1837//1837
f 1958//1958 1956//1956 1837//1837
f 1837//1837 1956//1956 1823//1823
f 1956//1956 1955//1955 1823//1823
f 1823//1823 1955//1955 1852//1852
f 1955//1955 1962//1962 1852//1852
f 1852//1852 1962//1962 1821//1821
f 1962//1962 1961//1961 1821//1821
f 1821//1821 1961//1961 1822//1822
f 1961//1961 1960//1960 1822//1822
f 1822//1822 1960//1960 1831//1831
f 1960//1960 1946//1946 1831//1831
f 1831//1831 1946//1946 1833//1833
f 1946//1946 1948//1948 1833//1833
f 1833//1833 1948//1948 1834//1834
f 1948//1948 1951//1951 1834//1834
f 1834//1834 1951//1951 1855//1855
f 1951//1951 1950//1950 1855//1855
f 1855//1855 1950//1950 1857//1857
f 1950//1950 1945//1945 1857//1857
f 1857//1857 1945//1945 1872//1872
f 1945//1945 1944//1944 1872//1872
f 1872//1872 1944//1944 1871//1871
f 1944//1944 1959//1959 1871//1871
f 1813//1813 2026//2026 1811//1811
f 2026//2026 2049//2049 1811//1811
f 1811//1811 2049//2049 1809//1809
f 2049//2049 2048//2048 1809//1809
f 1809//1809 2048//2048 1807//1807
f 2048//2048 2047//2047 1807//1807
f 1807//1807 2047//2047 1805//1805
f 2047//2047 2035//2035 1805//1805
f 1805//1805 2035//2035 1803//1803
f 2035//2035 2057//2057 1803//1803
f 1803//1803 2057//2057 1766//1766
f 2057//2057 2056//2056 1766//1766
f 1766//1766 2056//2056 1767//1767
f 2056//2056 2054//2054 1767//1767
f 1767//1767 2054//2054 1793//1793
f 2054//2054 2053//2053 1793//1793
f 1793//1793 2053//2053 1795//1795
f 2053//2053 2042//2042 1795//1795
f 1795//1795 2042//2042 1797//1797
f 2042//2042 2041//2041 1797//1797
f 1797//1797 2041//2041 1799//1799
f 2041//2041 2039//2039 1799//1799
f 1799//1799 2039//2039 1800//1800
f 2039//2039 2052//2052 1800//1800
f 1800//1800 2052//2052 1786//1786
f 2052//2052 2051//2051 1786//1786
f 1786//1786 2051//2051 1784//1784
f 2051//2051 2050//2050 1784//1784
f 1784//1784 2050//2050 1778//1778
f 2050//2050 2032//2032 1778//1778
f 1778//1778 2032//2032 1776//1776
f 2032//2032 2031//2031 1776//1776
f 1776//1776 2031//2031 1763//1763
f 2031//2031 2030//2030 1763//1763
f 1763//1763 2030//2030 1764//1764
f 2030//2030 2024//2024 1764//1764
f 1764//1764 2024//2024 1769//1769
f 2024//2024 2022//2022 1769//1769
f 1769//1769 2022//2022 1779//1779
f 2022//2022 2021//2021 1779//1779
f 1779//1779 2021//2021 1780//1780
f 2021//2021 2029//2029 1780//1780
f 1780//1780 2029//2029 1781//1781
f 2029//2029 2028//2028 1781//1781
f 1781//1781 2028//2028 1815//1815
f 2028//2028 2027//2027 1815//1815
f 1815//1815 2027//2027 1813//1813
f 2027//2027 2026//2026 1813//1813
f 1476//1476 1971//1971 1477//1477
f 1971//1971 2037//2037 1477//1477
f 1477//1477 2037//2037 1513//1513
f 2037//2037 2038//2038 1513//1513
f 1513//1513 2038//2038 1515//1515
f 2038//2038 2040//2040 1515//1515
f 1515//1515 2040//2040 1517//1517
f 2040//2040 2055//2055 1517//1517
f 1517//1517 2055//2055 1519//1519
f 2055//2055 2036//2036 1519//1519
f 1519//1519 2036//2036 1521//1521
f 2036//2036 2034//2034 1521//1521
f 1521//1521 2034//2034 1522//1522
f 2034//2034 1984//1984 1522//1522
f 1522//1522 1984//1984 1511//1511
f 1984//1984 1983//1983 1511//1511
f 1511//1511 1983//1983 1592//1592
f 1983//1983 1990//1990 1592//1592
f 1592//1592 1990//1990 1590//1590
f 1990//1990 2015//2015 1590//1590
f 1590//1590 2015//2015 1588//1588
f 2015//2015 1993//1993 1588//1588
f 1588//1588 1993//1993 1586//1586
f 1993//1993 1994//1994 1586//1586
f 1586//1586 1994//1994 1673//1673
f 1994//1994 2009//2009 1673//1673
f 2009//2009 1939//1939 1673//1673
f 1673//1673 1939//1939 1674//1674
f 1939//1939 1938//1938 1674//1674
f 1674//1674 1938//1938 1676//1676
f 1938//1938 1976//1976 1676//1676
f 1676//1676 1976//1976 1678//1678
f 1976//1976 1975//1975 1678//1678
f 1678//1678 1975//1975 1680//1680
f 1975//1975 1974//1974 1680//1680
f 1680//1680 1974//1974 1681//1681
f 1974//1974 1966//1966 1681//1681
f 1681//1681 1966//1966 1672//1672
f 1966//1966 1965//1965 1672//1672
f 1672//1672 1965//1965 1705//1705
f 1965//1965 1973//1973 1705//1705
f 1705//1705 1973//1973 1708//1708
f 1973//1973 1972//1972 1708//1708
f 1708//1708 1972//1972 1709//1709
f 1972//1972 1977//1977 1709//1709
f 1709//1709 1977//1977 1710//1710
f 1977//1977 1963//1963 1710//1710
f 1710//1710 1963//1963 1476//1476
f 1963//1963 1964//1964 1476//1476
f 1476//1476 1964//1964 1971//1971
f 1878//1878 1741//1741 1758//1758
f 1741//1741 1755//1755 1758//1758
f 1741//1741 1878//1878 1742//1742
f 1878//1878 1881//1881 1742//1742
f 1742//1742 1881//1881 1743//1743
f 1881//1881 1883//1883 1743//1743
f 1743//1743 1883//1883 1744//1744
f 1883//1883 1885//1885 1744//1744
f 1744//1744 1885//1885 1745//1745
f 1885//1885 1887//1887 1745//1745
f 1745//1745 1887//1887 1748//1748
f 1887//1887 1889//1889 1748//1748
f 1748//1748 1889//1889 1747//1747
f 1889//1889 1891//1891 1747//1747
f 1747//1747 1891//1891 1746//1746
f 1891//1891 1893//1893 1746//1746
f 1746//1746 1893//1893 1749//1749
f 1893//1893 1895//1895 1749//1749
f 1749//1749 1895//1895 1750//1750
f 1895//1895 1897//1897 1750//1750
f 1750//1750 1897//1897 1751//1751
f 1897//1897 1899//1899 1751//1751
f 1751//1751 1899//1899 1752//1752
f 1899//1899 1901//1901 1752//1752
f 1752//1752 1901//1901 1753//1753
f 1901//1901 1873//1873 1753//1753
f 1753//1753 1873//1873 1754//1754
f 1873//1873 1759//1759 1754//1754
f 4327//4327 4328//4328 4329//4329
f 4329//4329 4328//4328 4330//4330
f 4331//4331 4332//4332 4333//4333
f 4334//4334 4335//4335 4332//4332
f 4333//4333 4336//4336 4331//4331
f 4336//4336 4337//4337 4331//4331
f 4331//4331 4337//4337 4338//4338
f 4330//4330 4328//4328 4332//4332
f 4328//4328 4339//4339 4332//4332
f 4332//4332 4339//4339 4334//4334
f 4335//4335 4340//4340 4332//4332
f 4340//4340 4341//4341 4332//4332
f 4332//4332 4341//4341 4333//4333
f 4342//4342 4329//4329 4343//4343
f 4329//4329 4344//4344 4343//4343
f 4342//4342 4345//4345 4329//4329
f 4345//4345 4346//4346 4329//4329
f 4329//4329 4346//4346 4327//4327
f 4347//4347 4348//4348 4349//4349
f 4348//4348 4350//4350 4349//4349
f 4349//4349 4350//4350 4351//4351
f 4350//4350 4352//4352 4351//4351
f 4338//4338 4353//4353 4331//4331
f 4353//4353 4354//4354 4331//4331
f 4331//4331 4354//4354 4349//4349
f 4354//4354 4355//4355 4349//4349
f 4349//4349 4355//4355 4347//4347
f 4332//4332 4356//4356 4330//4330
f 4356//4356 4357//4357 4330//4330
f 4330//4330 4357//4357 4358//4358
f 4357//4357 4359//4359 4358//4358
f 4358//4358 4359//4359 4360//4360
f 4359//4359 4361//4361 4360//4360
f 4362//4362 4363//4363 4364//4364
f 4362//4362 4365//4365 4363//4363
f 4365//4365 4366//4366 4363//4363
f 4363//4363 4366//4366 4367//4367
f 4368//4368 4369//4369 4363//4363
f 4369//4369 4370//4370 4363//4363
f 4363//4363 4370//4370 4371//4371
f 4372//4372 4373//4373 4364//4364
f 4373//4373 4374//4374 4364//4364
f 4364//4364 4374//4374 4362//4362
f 4367//4367 4375//4375 4363//4363
f 4375//4375 4376//4376 4363//4363
f 4363//4363 4376//4376 4368//4368
f 4368//4368 4377//4377 4369//4369
f 4377//4377 4378//4378 4369//4369
f 4369//4369 4378//4378 4379//4379
f 4379//4379 4380//4380 4369//4369
f 4380//4380 4381//4381 4369//4369
f 4369//4369 4381//4381 4382//4382
f 4383//4383 4384//4384 4385//4385
f 4384//4384 4386//4386 4385//4385
f 4385//4385 4386//4386 4364//4364
f 4386//4386 4387//4387 4364//4364
f 4364//4364 4387//4387 4372//4372
f 4371//4371 4370//4370 4388//4388
f 4370//4370 4389//4389 4388//4388
f 4388//4388 4389//4389 4390//4390
f 4389//4389 4391//4391 4390//4390
f 4390//4390 4391//4391 4392//4392
f 4383//4383 4393//4393 4394//4394
f 4394//4394 4395//4395 4383//4383
f 4395//4395 4396//4396 4383//4383
f 4383//4383 4396//4396 4384//4384
f 4397//4397 4398//4398 4399//4399
f 1757//1757 1760//1760 4400//4400
f 4401//4401 4402//4402 4403//4403
f 4402//4402 4404//4404 4403//4403
f 4403//4403 4404//4404 4405//4405
f 4403//4403 4406//4406 4401//4401
f 4406//4406 1756//1756 4401//4401
f 4401//4401 1756//1756 4407//4407
f 1756//1756 1757//1757 4407//4407
f 4407//4407 1757//1757 4398//4398
f 1757//1757 4400//4400 4398//4398
f 4398//4398 4400//4400 4399//4399
f 4408//4408 4399//4399 4409//4409
f 4399//4399 4410//4410 4409//4409
f 4411//4411 4412//4412 4413//4413
f 4414//4414 4404//4404 4415//4415
f 4404//4404 4416//4416 4415//4415
f 4414//4414 4417//4417 4404//4404
f 4417//4417 4418//4418 4404//4404
f 4404//4404 4418//4418 4405//4405
f 4408//4408 4419//4419 4399//4399
f 4419//4419 4420//4420 4399//4399
f 4399//4399 4420//4420 4397//4397
f 4401//4401 4421//4421 4402//4402
f 4421//4421 4422//4422 4402//4402
f 4402//4402 4422//4422 4413//4413
f 4422//4422 4423//4423 4413//4413
f 4413//4413 4423//4423 4411//4411
f 4424//4424 4425//4425 4426//4426
f 4425//4425 4427//4427 4426//4426
f 4424//4424 4426//4426 1761//1761
f 4426//4426 4428//4428 1761//1761
f 1761//1761 4428//4428 4429//4429
f 4430//4430 4429//4429 4431//4431
f 4427//4427 4432//4432 4426//4426
f 4432//4432 4433//4433 4426//4426
f 4426//4426 4433//4433 4434//4434
f 4433//4433 4435//4435 4434//4434
f 4429//4429 4430//4430 1761//1761
f 4430//4430 4436//4436 1761//1761
f 1761//1761 4436//4436 1762//1762
f 4437//4437 4438//4438 4439//4439
f 4438//4438 4440//4440 4439//4439
f 4427//4427 4441//4441 4432//4432
f 4441//4441 4438//4438 4432//4432
f 4432//4432 4438//4438 4442//4442
f 4438//4438 4437//4437 4442//4442
f 4443//4443 4444//4444 4445//4445
f 4444//4444 4446//4446 4445//4445
f 4445//4445 4446//4446 4431//4431
f 4446//4446 4447//4447 4431//4431
f 4431//4431 4447//4447 4430//4430
f 4433//4433 4448//4448 4435//4435
f 4448//4448 4449//4449 4435//4435
f 4435//4435 4449//4449 4450//4450
f 4449//4449 4451//4451 4450//4450
f 4354//4354 1573//1573 4355//4355
f 1573//1573 1531//1531 4355//4355
f 4355//4355 1531//1531 4347//4347
f 1531//1531 1549//1549 4347//4347
f 4347//4347 1549//1549 4348//4348
f 1549//1549 1548//1548 4348//4348
f 4348//4348 1548//1548 4350//4350
f 1548//1548 1547//1547 4350//4350
f 4350//4350 1547//1547 4352//4352
f 1547//1547 1551//1551 4352//4352
f 4352//4352 1551//1551 4351//4351
f 1551//1551 1545//1545 4351//4351
f 4351//4351 1545//1545 4349//4349
f 1545//1545 1543//1543 4349//4349
f 4349//4349 1543//1543 4331//4331
f 1543//1543 1542//1542 4331//4331
f 1573//1573 4354//4354 1574//1574
f 4354//4354 4353//4353 1574//1574
f 1574//1574 4353//4353 1575//1575
f 4353//4353 4338//4338 1575//1575
f 4452//4452 4453//4453 4454//4454
f 4453//4453 999//999 4454//4454
f 4454//4454 999//999 4455//4455
f 999//999 1000//1000 4455//4455
f 4455//4455 1000//1000 4456//4456
f 1000//1000 1005//1005 4457//4457
f 4458//4458 4459//4459 4460//4460
f 4459//4459 4452//4452 4460//4460
f 4460//4460 4452//4452 4461//4461
f 4452//4452 4454//4454 4461//4461
f 1000//1000 4457//4457 4456//4456
f 4457//4457 4462//4462 4456//4456
f 4456//4456 4462//4462 4463//4463
f 4462//4462 4464//4464 4463//4463
f 4463//4463 4464//4464 4465//4465
f 4466//4466 4467//4467 4465//4465
f 4467//4467 4468//4468 4465//4465
f 4465//4465 4468//4468 4463//4463
f 4469//4469 4470//4470 4471//4471
f 4460//4460 4472//4472 4458//4458
f 4472//4472 4473//4473 4458//4458
f 4458//4458 4473//4473 4474//4474
f 4473//4473 4475//4475 4474//4474
f 4454//4454 4476//4476 4461//4461
f 4476//4476 4477//4477 4461//4461
f 4461//4461 4477//4477 4471//4471
f 4477//4477 4478//4478 4471//4471
f 4471//4471 4478//4478 4469//4469
f 886//886 4479//4479 887//887
f 4479//4479 4480//4480 887//887
f 887//887 4480//4480 881//881
f 4480//4480 4481//4481 881//881
f 881//881 4481//4481 879//879
f 4481//4481 4482//4482 879//879
f 879//879 4482//4482 877//877
f 4482//4482 4483//4483 877//877
f 877//877 4483//4483 876//876
f 4483//4483 4484//4484 876//876
f 876//876 4484//4484 895//895
f 4484//4484 4485//4485 895//895
f 895//895 4485//4485 893//893
f 4485//4485 4486//4486 893//893
f 893//893 4486//4486 891//891
f 4486//4486 4487//4487 891//891
f 4479//4479 886//886 4488//4488
f 886//886 885//885 4488//4488
f 4488//4488 885//885 4489//4489
f 885//885 844//844 4489//4489
f 852//852 4490//4490 850//850
f 4490//4490 4491//4491 850//850
f 850//850 4491//4491 848//848
f 4491//4491 4492//4492 848//848
f 848//848 4492//4492 838//838
f 4492//4492 4493//4493 838//838
f 838//838 4493//4493 840//840
f 4493//4493 4494//4494 840//840
f 840//840 4494//4494 833//833
f 4494//4494 4495//4495 833//833
f 833//833 4495//4495 834//834
f 4495//4495 4496//4496 834//834
f 834//834 4496//4496 843//843
f 4496//4496 4497//4497 843//843
f 843//843 4497//4497 844//844
f 4497//4497 4489//4489 844//844
f 4490//4490 852//852 853//853
f 4490//4490 853//853 4498//4498
f 853//853 855//855 4498//4498
f 4498//4498 855//855 4499//4499
f 4500//4500 767//767 766//766
f 4500//4500 766//766 4501//4501
f 766//766 813//813 4501//4501
f 4501//4501 813//813 4502//4502
f 4499//4499 855//855 4503//4503
f 855//855 856//856 4503//4503
f 4503//4503 856//856 4504//4504
f 856//856 873//873 4504//4504
f 4504//4504 873//873 4505//4505
f 873//873 872//872 4505//4505
f 4505//4505 872//872 4506//4506
f 872//872 871//871 4506//4506
f 4506//4506 871//871 4507//4507
f 871//871 870//870 4507//4507
f 4507//4507 870//870 4508//4508
f 870//870 869//869 4508//4508
f 869//869 868//868 4508//4508
f 868//868 4509//4509 4508//4508
f 779//779 778//778 4510//4510
f 778//778 4511//4511 4510//4510
f 862//862 4512//4512 859//859
f 4512//4512 4513//4513 859//859
f 859//859 4513//4513 863//863
f 4513//4513 4514//4514 863//863
f 863//863 4514//4514 864//864
f 4514//4514 4515//4515 864//864
f 864//864 4515//4515 865//865
f 4515//4515 4516//4516 865//865
f 865//865 4516//4516 866//866
f 4516//4516 4517//4517 866//866
f 866//866 4517//4517 868//868
f 4517//4517 4509//4509 868//868
f 4456//4456 922//922 920//920
f 4456//4456 920//920 4455//4455
f 920//920 918//918 4455//4455
f 4455//4455 918//918 4454//4454
f 918//918 916//916 4454//4454
f 4454//4454 916//916 4476//4476
f 4512//4512 862//862 889//889
f 4512//4512 889//889 4518//4518
f 889//889 891//891 4518//4518
f 4518//4518 891//891 4487//4487
f 4476//4476 916//916 4477//4477
f 916//916 915//915 4477//4477
f 4477//4477 915//915 4478//4478
f 915//915 907//907 4478//4478
f 4478//4478 907//907 4469//4469
f 907//907 906//906 4469//4469
f 4469//4469 906//906 4470//4470
f 906//906 911//911 4470//4470
f 4470//4470 911//911 4471//4471
f 911//911 910//910 4471//4471
f 4471//4471 910//910 4461//4461
f 910//910 909//909 4461//4461
f 909//909 912//912 4461//4461
f 912//912 4460//4460 4461//4461
f 950//950 734//734 4519//4519
f 734//734 4520//4520 4519//4519
f 982//982 4459//4459 983//983
f 4459//4459 4458//4458 983//983
f 983//983 4458//4458 973//973
f 4458//4458 4474//4474 973//973
f 973//973 4474//4474 974//974
f 4474//4474 4475//4475 974//974
f 974//974 4475//4475 968//968
f 4475//4475 4473//4473 968//968
f 968//968 4473//4473 914//914
f 4473//4473 4472//4472 914//914
f 914//914 4472//4472 912//912
f 4472//4472 4460//4460 912//912
f 4459//4459 982//982 981//981
f 4459//4459 981//981 4452//4452
f 981//981 980//980 4452//4452
f 4452//4452 980//980 4453//4453
f 980//980 979//979 4453//4453
f 4453//4453 979//979 999//999
f 4521//4521 958//958 957//957
f 4521//4521 957//957 4522//4522
f 957//957 956//956 4522//4522
f 4522//4522 956//956 4523//4523
f 956//956 955//955 4523//4523
f 4523//4523 955//955 4524//4524
f 4524//4524 955//955 4525//4525
f 955//955 953//953 4525//4525
f 4525//4525 953//953 4526//4526
f 953//953 949//949 4526//4526
f 4526//4526 949//949 4527//4527
f 949//949 948//948 4527//4527
f 4527//4527 948//948 4528//4528
f 948//948 952//952 4528//4528
f 4528//4528 952//952 4529//4529
f 952//952 951//951 4529//4529
f 4529//4529 951//951 4519//4519
f 951//951 950//950 4519//4519
f 958//958 4521//4521 965//965
f 4521//4521 1003//1003 965//965
f 4530//4530 719//719 1004//1004
f 719//719 961//961 1004//1004
f 922//922 4456//4456 924//924
f 4456//4456 4463//4463 924//924
f 924//924 4463//4463 925//925
f 4463//4463 4468//4468 925//925
f 925//925 4468//4468 929//929
f 4468//4468 4467//4467 929//929
f 929//929 4467//4467 930//930
f 4467//4467 4466//4466 930//930
f 930//930 4466//4466 928//928
f 4466//4466 4465//4465 928//928
f 928//928 4465//4465 936//936
f 4465//4465 4464//4464 936//936
f 936//936 4464//4464 937//937
f 4464//4464 4462//4462 937//937
f 4457//4457 939//939 4462//4462
f 939//939 937//937 4462//4462
f 767//767 4500//4500 769//769
f 4500//4500 4531//4531 769//769
f 769//769 4531//4531 773//773
f 4531//4531 4532//4532 773//773
f 773//773 4532//4532 774//774
f 4532//4532 4533//4533 774//774
f 774//774 4533//4533 776//776
f 4533//4533 4534//4534 776//776
f 776//776 4534//4534 777//777
f 4534//4534 4535//4535 777//777
f 777//777 4535//4535 778//778
f 4535//4535 4511//4511 778//778
f 939//939 4457//4457 975//975
f 4457//4457 1005//1005 975//975
f 719//719 4530//4530 720//720
f 4530//4530 4536//4536 720//720
f 720//720 4536//4536 940//940
f 4536//4536 4537//4537 940//940
f 940//940 4537//4537 941//941
f 4537//4537 4538//4538 941//941
f 941//941 4538//4538 736//736
f 4538//4538 4539//4539 736//736
f 736//736 4539//4539 737//737
f 4539//4539 4540//4540 737//737
f 737//737 4540//4540 738//738
f 4540//4540 4541//4541 738//738
f 738//738 4541//4541 739//739
f 4541//4541 4542//4542 739//739
f 4543//4543 741//741 4542//4542
f 741//741 739//739 4542//4542
f 812//812 4544//4544 802//802
f 4544//4544 4545//4545 802//802
f 802//802 4545//4545 803//803
f 4545//4545 4546//4546 803//803
f 803//803 4546//4546 804//804
f 4546//4546 4547//4547 804//804
f 804//804 4547//4547 806//806
f 4547//4547 4548//4548 806//806
f 806//806 4548//4548 799//799
f 4548//4548 4549//4549 799//799
f 799//799 4549//4549 817//817
f 4549//4549 4550//4550 817//817
f 817//817 4550//4550 815//815
f 4550//4550 4551//4551 815//815
f 815//815 4551//4551 813//813
f 4551//4551 4502//4502 813//813
f 4544//4544 812//812 4552//4552
f 812//812 811//811 4552//4552
f 4552//4552 811//811 4553//4553
f 811//811 810//810 4553//4553
f 781//781 4554//4554 782//782
f 4554//4554 4555//4555 782//782
f 782//782 4555//4555 783//783
f 4555//4555 4556//4556 783//783
f 783//783 4556//4556 789//789
f 4556//4556 4557//4557 789//789
f 789//789 4557//4557 790//790
f 4557//4557 4558//4558 790//790
f 790//790 4558//4558 791//791
f 4558//4558 4559//4559 791//791
f 791//791 4559//4559 793//793
f 4559//4559 4560//4560 793//793
f 793//793 4560//4560 794//794
f 4560//4560 4561//4561 794//794
f 794//794 4561//4561 810//810
f 4561//4561 4553//4553 810//810
f 4562//4562 787//787 4563//4563
f 787//787 765//765 4563//4563
f 4563//4563 765//765 4564//4564
f 765//765 764//764 4564//4564
f 4564//4564 764//764 4565//4565
f 764//764 763//763 4565//4565
f 4565//4565 763//763 4566//4566
f 763//763 762//762 4566//4566
f 4566//4566 762//762 4567//4567
f 762//762 761//761 4567//4567
f 4567//4567 761//761 4510//4510
f 761//761 779//779 4510//4510
f 4568//4568 746//746 745//745
f 4568//4568 745//745 4569//4569
f 745//745 743//743 4569//4569
f 4569//4569 743//743 4570//4570
f 743//743 741//741 4570//4570
f 4570//4570 741//741 4543//4543
f 4554//4554 781//781 788//788
f 4554//4554 788//788 4571//4571
f 788//788 787//787 4571//4571
f 4571//4571 787//787 4562//4562
f 746//746 4568//4568 730//730
f 4568//4568 4572//4572 730//730
f 730//730 4572//4572 732//732
f 4572//4572 4573//4573 732//732
f 732//732 4573//4573 726//726
f 4573//4573 4574//4574 726//726
f 726//726 4574//4574 727//727
f 4574//4574 4575//4575 727//727
f 727//727 4575//4575 733//733
f 4575//4575 4576//4576 733//733
f 733//733 4576//4576 734//734
f 4576//4576 4520//4520 734//734
f 4521//4521 4522//4522 4569//4569
f 4522//4522 4523//4523 4569//4569
f 4521//4521 4569//4569 1003//1003
f 4569//4569 4570//4570 1003//1003
f 1003//1003 4570//4570 4543//4543
f 4523//4523 4519//4519 4569//4569
f 4519//4519 4520//4520 4569//4569
f 4569//4569 4520//4520 4568//4568
f 4543//4543 4536//4536 1003//1003
f 4536//4536 4530//4530 1003//1003
f 1003//1003 4530//4530 1004//1004
f 4523//4523 4524//4524 4519//4519
f 4524//4524 4525//4525 4519//4519
f 4519//4519 4525//4525 4526//4526
f 4526//4526 4527//4527 4519//4519
f 4527//4527 4528//4528 4519//4519
f 4519//4519 4528//4528 4529//4529
f 4539//4539 4538//4538 4540//4540
f 4538//4538 4541//4541 4540//4540
f 4543//4543 4542//4542 4536//4536
f 4542//4542 4541//4541 4536//4536
f 4536//4536 4541//4541 4537//4537
f 4541//4541 4538//4538 4537//4537
f 4568//4568 4520//4520 4572//4572
f 4520//4520 4576//4576 4572//4572
f 4572//4572 4576//4576 4573//4573
f 4576//4576 4575//4575 4573//4573
f 4573//4573 4575//4575 4574//4574
f 4556//4556 4555//4555 4554//4554
f 4510//4510 4511//4511 4501//4501
f 4554//4554 4552//4552 4553//4553
f 4546//4546 4554//4554 4547//4547
f 4554//4554 4571//4571 4547//4547
f 4551//4551 4550//4550 4571//4571
f 4546//4546 4545//4545 4554//4554
f 4545//4545 4544//4544 4554//4554
f 4554//4554 4544//4544 4552//4552
f 4510//4510 4501//4501 4571//4571
f 4501//4501 4502//4502 4571//4571
f 4571//4571 4502//4502 4551//4551
f 4550//4550 4549//4549 4571//4571
f 4549//4549 4548//4548 4571//4571
f 4571//4571 4548//4548 4547//4547
f 4535//4535 4531//4531 4511//4511
f 4531//4531 4500//4500 4511//4511
f 4511//4511 4500//4500 4501//4501
f 4535//4535 4534//4534 4531//4531
f 4534//4534 4533//4533 4531//4531
f 4531//4531 4533//4533 4532//4532
f 4553//4553 4561//4561 4554//4554
f 4561//4561 4560//4560 4554//4554
f 4554//4554 4560//4560 4559//4559
f 4559//4559 4558//4558 4554//4554
f 4558//4558 4557//4557 4554//4554
f 4554//4554 4557//4557 4556//4556
f 4571//4571 4562//4562 4510//4510
f 4562//4562 4563//4563 4510//4510
f 4510//4510 4563//4563 4567//4567
f 4563//4563 4564//4564 4567//4567
f 4567//4567 4564//4564 4566//4566
f 4564//4564 4565//4565 4566//4566
f 4495//4495 4518//4518 4487//4487
f 4479//4479 4488//4488 4487//4487
f 4488//4488 4489//4489 4487//4487
f 4495//4495 4494//4494 4518//4518
f 4494//4494 4493//4493 4518//4518
f 4518//4518 4493//4493 4492//4492
f 4498//4498 4508//4508 4518//4518
f 4508//4508 4509//4509 4518//4518
f 4489//4489 4497//4497 4487//4487
f 4497//4497 4496//4496 4487//4487
f 4487//4487 4496//4496 4495//4495
f 4492//4492 4491//4491 4518//4518
f 4491//4491 4490//4490 4518//4518
f 4518//4518 4490//4490 4498//4498
f 4498//4498 4499//4499 4508//4508
f 4499//4499 4503//4503 4508//4508
f 4508//4508 4503//4503 4504//4504
f 4504//4504 4505//4505 4508//4508
f 4505//4505 4506//4506 4508//4508
f 4508//4508 4506//4506 4507//4507
f 4517//4517 4513//4513 4509//4509
f 4513//4513 4512//4512 4509//4509
f 4509//4509 4512//4512 4518//4518
f 4486//4486 4481//4481 4487//4487
f 4481//4481 4480//4480 4487//4487
f 4487//4487 4480//4480 4479//4479
f 4516//4516 4515//4515 4517//4517
f 4515//4515 4514//4514 4517//4517
f 4517//4517 4514//4514 4513//4513
f 4486//4486 4485//4485 4481//4481
f 4485//4485 4484//4484 4481//4481
f 4481//4481 4484//4484 4482//4482
f 4484//4484 4483//4483 4482//4482
f 990//990 1116//1116 991//991
f 1116//1116 1002//1002 991//991
f 1116//1116 990//990 1147//1147
f 990//990 989//989 1147//1147
f 1147//1147 989//989 1145//1145
f 989//989 988//988 1145//1145
f 1145//1145 988//988 1143//1143
f 988//988 987//987 1143//1143
f 1143//1143 987//987 1141//1141
f 987//987 986//986 1141//1141
f 1141//1141 986//986 1139//1139
f 986//986 998//998 1139//1139
f 1139//1139 998//998 1137//1137
f 998//998 997//997 1137//1137
f 1137//1137 997//997 1135//1135
f 997//997 996//996 1135//1135
f 1135//1135 996//996 1133//1133
f 996//996 995//995 1133//1133
f 1133//1133 995//995 1131//1131
f 995//995 994//994 1131//1131
f 1131//1131 994//994 1129//1129
f 994//994 993//993 1129//1129
f 1129//1129 993//993 1127//1127
f 993//993 985//985 1127//1127
f 1127//1127 985//985 1120//1120
f 985//985 984//984 1120//1120
f 1120//1120 984//984 1001//1001
f 984//984 992//992 1001//1001
f 759//759 1194//1194 760//760
f 1194//1194 1299//1299 760//760
f 760//760 1299//1299 775//775
f 1299//1299 1298//1298 775//775
f 775//775 1298//1298 823//823
f 1298//1298 1296//1296 823//823
f 823//823 1296//1296 825//825
f 1296//1296 1294//1294 825//825
f 825//825 1294//1294 722//722
f 1294//1294 1283//1283 722//722
f 722//722 1283//1283 723//723
f 1283//1283 1282//1282 723//723
f 723//723 1282//1282 867//867
f 1282//1282 1256//1256 867//867
f 867//867 1256//1256 860//860
f 1256//1256 1264//1264 860//860
f 860//860 1264//1264 861//861
f 1264//1264 1263//1263 861//861
f 861//861 1263//1263 902//902
f 1263//1263 1261//1261 902//902
f 902//902 1261//1261 900//900
f 1261//1261 1235//1235 900//900
f 900//900 1235//1235 905//905
f 1235//1235 1242//1242 905//905
f 905//905 1242//1242 913//913
f 1242//1242 1241//1241 913//913
f 1241//1241 1209//1209 913//913
f 913//913 1209//1209 966//966
f 1209//1209 1217//1217 966//966
f 966//966 1217//1217 969//969
f 1217//1217 1218//1218 969//969
f 969//969 1218//1218 970//970
f 1218//1218 1224//1224 970//970
f 970//970 1224//1224 971//971
f 1224//1224 1203//1203 971//971
f 971//971 1203//1203 716//716
f 1203//1203 1202//1202 716//716
f 716//716 1202//1202 717//717
f 1202//1202 1201//1201 717//717
f 717//717 1201//1201 725//725
f 1201//1201 1184//1184 725//725
f 725//725 1184//1184 731//731
f 1184//1184 1186//1186 731//731
f 731//731 1186//1186 751//751
f 1186//1186 1188//1188 751//751
f 751//751 1188//1188 749//749
f 1188//1188 1190//1190 749//749
f 749//749 1190//1190 759//759
f 1190//1190 1192//1192 759//759
f 759//759 1192//1192 1194//1194
f 1232//1232 1089//1089 1254//1254
f 1089//1089 1091//1091 1254//1254
f 1254//1254 1091//1091 1255//1255
f 1091//1091 1093//1093 1255//1255
f 1255//1255 1093//1093 1257//1257
f 1093//1093 1095//1095 1257//1257
f 1257//1257 1095//1095 1258//1258
f 1095//1095 1097//1097 1258//1258
f 1258//1258 1097//1097 1262//1262
f 1097//1097 1099//1099 1262//1262
f 1262//1262 1099//1099 1260//1260
f 1099//1099 1101//1101 1260//1260
f 1260//1260 1101//1101 1243//1243
f 1101//1101 1104//1104 1243//1243
f 1243//1243 1104//1104 1233//1233
f 1104//1104 1106//1106 1233//1233
f 1233//1233 1106//1106 1234//1234
f 1106//1106 1108//1108 1234//1234
f 1234//1234 1108//1108 1244//1244
f 1108//1108 1110//1110 1244//1244
f 1244//1244 1110//1110 1245//1245
f 1110//1110 1112//1112 1245//1245
f 1245//1245 1112//1112 1246//1246
f 1112//1112 1114//1114 1246//1246
f 1246//1246 1114//1114 1247//1247
f 1114//1114 1115//1115 1247//1247
f 1247//1247 1115//1115 1251//1251
f 1115//1115 1070//1070 1251//1251
f 1251//1251 1070//1070 1252//1252
f 1070//1070 1082//1082 1252//1252
f 1252//1252 1082//1082 1253//1253
f 1082//1082 1065//1065 1253//1253
f 1253//1253 1065//1065 1249//1249
f 1065//1065 1064//1064 1249//1249
f 1249//1249 1064//1064 1250//1250
f 1064//1064 1071//1071 1250//1250
f 1250//1250 1071//1071 1236//1236
f 1071//1071 1072//1072 1236//1236
f 1236//1236 1072//1072 1237//1237
f 1072//1072 1081//1081 1237//1237
f 1237//1237 1081//1081 1239//1239
f 1081//1081 1080//1080 1239//1239
f 1239//1239 1080//1080 1240//1240
f 1080//1080 1079//1079 1240//1240
f 1240//1240 1079//1079 1231//1231
f 1079//1079 1087//1087 1231//1231
f 1231//1231 1087//1087 1232//1232
f 1087//1087 1089//1089 1232//1232
f 1223//1223 1060//1060 1219//1219
f 1060//1060 1034//1034 1219//1219
f 1219//1219 1034//1034 1220//1220
f 1034//1034 1032//1032 1220//1220
f 1220//1220 1032//1032 1221//1221
f 1032//1032 1030//1030 1221//1221
f 1221//1221 1030//1030 1185//1185
f 1030//1030 1028//1028 1185//1185
f 1185//1185 1028//1028 1187//1187
f 1028//1028 1010//1010 1187//1187
f 1187//1187 1010//1010 1189//1189
f 1010//1010 1009//1009 1189//1189
f 1189//1189 1009//1009 1191//1191
f 1009//1009 1038//1038 1191//1191
f 1191//1191 1038//1038 1193//1193
f 1038//1038 1040//1040 1193//1193
f 1193//1193 1040//1040 1195//1195
f 1040//1040 1042//1042 1195//1195
f 1195//1195 1042//1042 1196//1196
f 1042//1042 1044//1044 1196//1196
f 1196//1196 1044//1044 1197//1197
f 1044//1044 1046//1046 1197//1197
f 1197//1197 1046//1046 1199//1199
f 1046//1046 1048//1048 1199//1199
f 1199//1199 1048//1048 1200//1200
f 1048//1048 1050//1050 1200//1200
f 1200//1200 1050//1050 1210//1210
f 1050//1050 1020//1020 1210//1210
f 1210//1210 1020//1020 1211//1211
f 1020//1020 1023//1023 1211//1211
f 1211//1211 1023//1023 1213//1213
f 1023//1023 1014//1014 1213//1213
f 1213//1213 1014//1014 1214//1214
f 1014//1014 1013//1013 1214//1214
f 1214//1214 1013//1013 1215//1215
f 1013//1013 1007//1007 1215//1215
f 1215//1215 1007//1007 1216//1216
f 1007//1007 1006//1006 1216//1216
f 1216//1216 1006//1006 1208//1208
f 1006//1006 1015//1015 1208//1208
f 1208//1208 1015//1015 1207//1207
f 1015//1015 1055//1055 1207//1207
f 1207//1207 1055//1055 1206//1206
f 1055//1055 1057//1057 1206//1206
f 1206//1206 1057//1057 1222//1222
f 1057//1057 1059//1059 1222//1222
f 1222//1222 1059//1059 1223//1223
f 1059//1059 1060//1060 1223//1223
f 4377//4377 1618//1618 4378//4378
f 1618//1618 1619//1619 4378//4378
f 4378//4378 1619//1619 4379//4379
f 1619//1619 1657//1657 4379//4379
f 4379//4379 1657//1657 4380//4380
f 1657//1657 1656//1656 4380//4380
f 4380//4380 1656//1656 4381//4381
f 1656//1656 1655//1655 4381//4381
f 4381//4381 1655//1655 4382//4382
f 1655//1655 1654//1654 4382//4382
f 4382//4382 1654//1654 4369//4369
f 1654//1654 1653//1653 4369//4369
f 4436//4436 1702//1702 1762//1762
f 1702//1702 1724//1724 1762//1762
f 1702//1702 4436//4436 1703//1703
f 4436//4436 4430//4430 1703//1703
f 4431//4431 1505//1505 4445//4445
f 1505//1505 1504//1504 4445//4445
f 4445//4445 1504//1504 4443//4443
f 1504//1504 1495//1495 4443//4443
f 4443//4443 1495//1495 4444//4444
f 1495//1495 1494//1494 4444//4444
f 4444//4444 1494//1494 4446//4446
f 1494//1494 1484//1484 4446//4446
f 4446//4446 1484//1484 4447//4447
f 1484//1484 1704//1704 4447//4447
f 4447//4447 1704//1704 4430//4430
f 1704//1704 1703//1703 4430//4430
f 4429//4429 1507//1507 4431//4431
f 1507//1507 1505//1505 4431//4431
f 1721//1721 4424//4424 1728//1728
f 4424//4424 1761//1761 1728//1728
f 4441//4441 1718//1718 4438//4438
f 1718//1718 1716//1716 4438//4438
f 4438//4438 1716//1716 4440//4440
f 1716//1716 1712//1712 4440//4440
f 4440//4440 1712//1712 4439//4439
f 1712//1712 1711//1711 4439//4439
f 4439//4439 1711//1711 4437//4437
f 1711//1711 1715//1715 4437//4437
f 4437//4437 1715//1715 4442//4442
f 1715//1715 1714//1714 4442//4442
f 4442//4442 1714//1714 4432//4432
f 1714//1714 1713//1713 4432//4432
f 1718//1718 4441//4441 4427//4427
f 1718//1718 4427//4427 1719//1719
f 4427//4427 4425//4425 1719//1719
f 1719//1719 4425//4425 1720//1720
f 4425//4425 4424//4424 1720//1720
f 1720//1720 4424//4424 1721//1721
f 1738//1738 1756//1756 4406//4406
f 1738//1738 4406//4406 1739//1739
f 4406//4406 4403//4403 1739//1739
f 1739//1739 4403//4403 1740//1740
f 4403//4403 4405//4405 1740//1740
f 1740//1740 4405//4405 1733//1733
f 1733//1733 4405//4405 1734//1734
f 4405//4405 4418//4418 1734//1734
f 1734//1734 4418//4418 1735//1735
f 4418//4418 4417//4417 1735//1735
f 1735//1735 4417//4417 1736//1736
f 4417//4417 4414//4414 1736//1736
f 1736//1736 4414//4414 1707//1707
f 4414//4414 4415//4415 1707//1707
f 1707//1707 4415//4415 1682//1682
f 4415//4415 4416//4416 1682//1682
f 1682//1682 4416//4416 1683//1683
f 4416//4416 4404//4404 1683//1683
f 1701//1701 4400//4400 1729//1729
f 4400//4400 1760//1760 1729//1729
f 4400//4400 1701//1701 4399//4399
f 1701//1701 1699//1699 4399//4399
f 4399//4399 1699//1699 4410//4410
f 1699//1699 1698//1698 4410//4410
f 4410//4410 1698//1698 4409//4409
f 1698//1698 1688//1688 4409//4409
f 4409//4409 1688//1688 4408//4408
f 1688//1688 1695//1695 4408//4408
f 4408//4408 1695//1695 4419//4419
f 1695//1695 1694//1694 4419//4419
f 4419//4419 1694//1694 4420//4420
f 1694//1694 1669//1669 4420//4420
f 4420//4420 1669//1669 4397//4397
f 1669//1669 1668//1668 4397//4397
f 1666//1666 4398//4398 1668//1668
f 4398//4398 4397//4397 1668//1668
f 4372//4372 1605//1605 4373//4373
f 1605//1605 1604//1604 4373//4373
f 4373//4373 1604//1604 4374//4374
f 1604//1604 1602//1602 4374//4374
f 4374//4374 1602//1602 4362//4362
f 1602//1602 1600//1600 4362//4362
f 4362//4362 1600//1600 4365//4365
f 1600//1600 1599//1599 4365//4365
f 4365//4365 1599//1599 4366//4366
f 1599//1599 1598//1598 4366//4366
f 4366//4366 1598//1598 4367//4367
f 1598//1598 1612//1612 4367//4367
f 4367//4367 1612//1612 4375//4375
f 1612//1612 1614//1614 4375//4375
f 4375//4375 1614//1614 4376//4376
f 1614//1614 1616//1616 4376//4376
f 1605//1605 4372//4372 1623//1623
f 4372//4372 4387//4387 1623//1623
f 1623//1623 4387//4387 1624//1624
f 4387//4387 4386//4386 1624//1624
f 4364//4364 1638//1638 4385//4385
f 1638//1638 1621//1621 4385//4385
f 4385//4385 1621//1621 4383//4383
f 1621//1621 1620//1620 4383//4383
f 4383//4383 1620//1620 4393//4393
f 1620//1620 1636//1636 4393//4393
f 4393//4393 1636//1636 4394//4394
f 1636//1636 1630//1630 4394//4394
f 4394//4394 1630//1630 4395//4395
f 1630//1630 1628//1628 4395//4395
f 4395//4395 1628//1628 4396//4396
f 1628//1628 1627//1627 4396//4396
f 4396//4396 1627//1627 4384//4384
f 1627//1627 1626//1626 4384//4384
f 4384//4384 1626//1626 4386//4386
f 1626//1626 1624//1624 4386//4386
f 1641//1641 4371//4371 1643//1643
f 4371//4371 4388//4388 1643//1643
f 1643//1643 4388//4388 1647//1647
f 4388//4388 4390//4390 1647//1647
f 1647//1647 4390//4390 1648//1648
f 4390//4390 4392//4392 1648//1648
f 1648//1648 4392//4392 1650//1650
f 4392//4392 4391//4391 1650//1650
f 1650//1650 4391//4391 1651//1651
f 4391//4391 4389//4389 1651//1651
f 1651//1651 4389//4389 1652//1652
f 4389//4389 4370//4370 1652//1652
f 1687//1687 4421//4421 4401//4401
f 1687//1687 4401//4401 1662//1662
f 4401//4401 4407//4407 1662//1662
f 1662//1662 4407//4407 1664//1664
f 4407//4407 4398//4398 1664//1664
f 1664//1664 4398//4398 1666//1666
f 1638//1638 4364//4364 4363//4363
f 1638//1638 4363//4363 1639//1639
f 4363//4363 4371//4371 1639//1639
f 1639//1639 4371//4371 1641//1641
f 4421//4421 1687//1687 4422//4422
f 1687//1687 1686//1686 4422//4422
f 4422//4422 1686//1686 4423//4423
f 1686//1686 1685//1685 4423//4423
f 4423//4423 1685//1685 4411//4411
f 1685//1685 1660//1660 4411//4411
f 4411//4411 1660//1660 4412//4412
f 1660//1660 1659//1659 4412//4412
f 4412//4412 1659//1659 4413//4413
f 1659//1659 1670//1670 4413//4413
f 4413//4413 1670//1670 4402//4402
f 1670//1670 1684//1684 4402//4402
f 4433//4433 4432//4432 1498//1498
f 4432//4432 1713//1713 1498//1498
f 4404//4404 4402//4402 1683//1683
f 4402//4402 1684//1684 1683//1683
f 1502//1502 4434//4434 1503//1503
f 4434//4434 4435//4435 1503//1503
f 1503//1503 4435//4435 1490//1490
f 4435//4435 4450//4450 1490//1490
f 1490//1490 4450//4450 1491//1491
f 4450//4450 4451//4451 1491//1491
f 1491//1491 4451//4451 1496//1496
f 4451//4451 4449//4449 1496//1496
f 1496//1496 4449//4449 1497//1497
f 4449//4449 4448//4448 1497//1497
f 1497//1497 4448//4448 1498//1498
f 4448//4448 4433//4433 1498//1498
f 1507//1507 4429//4429 4428//4428
f 1507//1507 4428//4428 1508//1508
f 4428//4428 4426//4426 1508//1508
f 1508//1508 4426//4426 1500//1500
f 4426//4426 4434//4434 1500//1500
f 1500//1500 4434//4434 1502//1502
f 1537//1537 4356//4356 4332//4332
f 1537//1537 4332//4332 1534//1534
f 4332//4332 4331//4331 1534//1534
f 1534//1534 4331//4331 1542//1542
f 4356//4356 1537//1537 4357//4357
f 1537//1537 1536//1536 4357//4357
f 4357//4357 1536//1536 4359//4359
f 1536//1536 1535//1535 4359//4359
f 4359//4359 1535//1535 4361//4361
f 1535//1535 1526//1526 4361//4361
f 4361//4361 1526//1526 4360//4360
f 1526//1526 1525//1525 4360//4360
f 4360//4360 1525//1525 4358//4358
f 1525//1525 1523//1523 4358//4358
f 4358//4358 1523//1523 4330//4330
f 1523//1523 1528//1528 4330//4330
f 4370//4370 4369//4369 1652//1652
f 4369//4369 1653//1653 1652//1652
f 4329//4329 4330//4330 1527//1527
f 4330//4330 1528//1528 1527//1527
f 1538//1538 4327//4327 1539//1539
f 4327//4327 4346//4346 1539//1539
f 1539//1539 4346//4346 1540//1540
f 4346//4346 4345//4345 1540//1540
f 1540//1540 4345//4345 1541//1541
f 4345//4345 4342//4342 1541//1541
f 1541//1541 4342//4342 1509//1509
f 4342//4342 4343//4343 1509//1509
f 1509//1509 4343//4343 1510//1510
f 4343//4343 4344//4344 1510//1510
f 1510//1510 4344//4344 1527//1527
f 4344//4344 4329//4329 1527//1527
f 1618//1618 4377//4377 4368//4368
f 1618//1618 4368//4368 1617//1617
f 4368//4368 4376//4376 1617//1617
f 1617//1617 4376//4376 1616//1616
f 1560//1560 4339//4339 4328//4328
f 1560//1560 4328//4328 1559//1559
f 4328//4328 4327//4327 1559//1559
f 1559//1559 4327//4327 1538//1538
f 4339//4339 1560//1560 4334//4334
f 1560//1560 1568//1568 4334//4334
f 4334//4334 1568//1568 4335//4335
f 1568//1568 1570//1570 4335//4335
f 4335//4335 1570//1570 4340//4340
f 1570//1570 1566//1566 4340//4340
f 4340//4340 1566//1566 4341//4341
f 1566//1566 1579//1579 4341//4341
f 4341//4341 1579//1579 4333//4333
f 1579//1579 1577//1577 4333//4333
f 4333//4333 1577//1577 4336//4336
f 1577//1577 1576//1576 4336//4336
f 4336//4336 1576//1576 4337//4337
f 1576//1576 1563//1563 4337//4337
f 4337//4337 1563//1563 4338//4338
f 1563//1563 1575//1575 4338//4338
f 4224//4224 4223//4223 84//84
f 4223//4223 86//86 84//84
f 4226//4226 4224//4224 82//82
f 4224//4224 84//84 82//82
f 4226//4226 82//82 87//87
f 4226//4226 87//87 4225//4225
f 87//87 86//86 4225//4225
f 4225//4225 86//86 4223//4223
f 1943//1943 4221//4221 107//107
f 4221//4221 103//103 107//107
f 4221//4221 1942//1942 103//103
f 1942//1942 97//97 103//103
f 4220//4220 287//287 286//286
f 4220//4220 286//286 4219//4219
f 286//286 284//284 4219//4219
f 4219//4219 284//284 4217//4217
f 4213//4213 4217//4217 281//281
f 4217//4217 284//284 281//281
f 4211//4211 4213//4213 279//279
f 4213//4213 281//281 279//279
f 4211//4211 279//279 308//308
f 4211//4211 308//308 4212//4212
f 308//308 288//288 4212//4212
f 4212//4212 288//288 4214//4214
f 288//288 290//290 4214//4214
f 4214//4214 290//290 4215//4215
f 290//290 292//292 4215//4215
f 4215//4215 292//292 4216//4216
f 292//292 294//294 4216//4216
f 4216//4216 294//294 4218//4218
f 294//294 287//287 4218//4218
f 4218//4218 287//287 4220//4220
f 4208//4208 4207//4207 28//28
f 4207//4207 29//29 28//28
f 4210//4210 4208//4208 24//24
f 4208//4208 28//28 24//24
f 4210//4210 24//24 26//26
f 4210//4210 26//26 4209//4209
f 26//26 29//29 4209//4209
f 4209//4209 29//29 4207//4207
f 4238//4238 2046//2046 175//175
f 2046//2046 171//171 175//175
f 2033//2033 165//165 703//703
f 165//165 164//164 703//703
f 707//707 701//701 1259//1259
f 701//701 22//22 1259//1259
f 30//30 1227//1227 22//22
f 1227//1227 1259//1259 22//22
f 1226//1226 4206//4206 35//35
f 4206//4206 34//34 35//35
f 2045//2045 4238//4238 2033//2033
f 4238//4238 175//175 2033//2033
f 2033//2033 175//175 165//165
f 4206//4206 1225//1225 34//34
f 1225//1225 1227//1227 34//34
f 34//34 1227//1227 32//32
f 1227//1227 30//30 32//32
f 1229//1229 4205//4205 43//43
f 4205//4205 45//45 43//43
f 4205//4205 1228//1228 45//45
f 1228//1228 40//40 45//45
f 4204//4204 4197//4197 328//328
f 4197//4197 330//330 328//328
f 4204//4204 328//328 343//343
f 4204//4204 343//343 4201//4201
f 343//343 342//342 4201//4201
f 4201//4201 342//342 4202//4202
f 4202//4202 342//342 340//340
f 4202//4202 340//340 4203//4203
f 340//340 338//338 4203//4203
f 4203//4203 338//338 4195//4195
f 338//338 336//336 4195//4195
f 4195//4195 336//336 4196//4196
f 336//336 334//334 4196//4196
f 4196//4196 334//334 4198//4198
f 334//334 349//349 4198//4198
f 4198//4198 349//349 4199//4199
f 349//349 18//18 4199//4199
f 4199//4199 18//18 4200//4200
f 4197//4197 4200//4200 330//330
f 4200//4200 18//18 330//330
f 4194//4194 4192//4192 77//77
f 4192//4192 74//74 77//77
f 4194//4194 77//77 71//71
f 4194//4194 71//71 4193//4193
f 71//71 72//72 4193//4193
f 4193//4193 72//72 4191//4191
f 4192//4192 4191//4191 74//74
f 4191//4191 72//72 74//74
f 1936//1936 4222//4222 92//92
f 4222//4222 90//90 92//92
f 88//88 1937//1937 80//80
f 1937//1937 1934//1934 80//80
f 1468//1468 1470//1470 1934//1934
f 1470//1470 80//80 1934//1934
f 81//81 80//80 1470//1470
f 1472//1472 75//75 73//73
f 73//73 329//329 1472//1472
f 329//329 228//228 1472//1472
f 1472//1472 228//228 1470//1470
f 228//228 227//227 1470//1470
f 1470//1470 227//227 81//81
f 1182//1182 75//75 1183//1183
f 75//75 1472//1472 1183//1183
f 1180//1180 76//76 1182//1182
f 76//76 75//75 1182//1182
f 4190//4190 1204//1204 66//66
f 1204//1204 63//63 66//66
f 4222//4222 1935//1935 90//90
f 1935//1935 1937//1937 90//90
f 90//90 1937//1937 88//88
f 1180//1180 1205//1205 4190//4190
f 4190//4190 66//66 1180//1180
f 66//66 79//79 1180//1180
f 1180//1180 79//79 76//76
f 4189//4189 1177//1177 54//54
f 1177//1177 52//52 54//54
f 1178//1178 4189//4189 59//59
f 4189//4189 54//54 59//59
f 4577//4577 4578//4578 3569//3569
f 4578//4578 4579//4579 3569//3569
f 3569//3569 4579//4579 4580//4580
f 4580//4580 4581//4581 3569//3569
f 4581//4581 4582//4582 3569//3569
f 3569//3569 4582//4582 4583//4583
f 4583//4583 4584//4584 3569//3569
f 4584//4584 3004//3004 3569//3569
f 3569//3569 3004//3004 3003//3003
f 264//264 3999//3999 4585//4585
f 3999//3999 3566//3566 4585//4585
f 253//253 264//264 4586//4586
f 264//264 4585//4585 4586//4586
f 3566//3566 3565//3565 4585//4585
f 3565//3565 4586//4586 4585//4585
f 3565//3565 3571//3571 4586//4586
f 3571//3571 253//253 4586//4586
f 375//375 3836//3836 4587//4587
f 3836//3836 3835//3835 4587//4587
f 381//381 375//375 4588//4588
f 375//375 4587//4587 4588//4588
f 3835//3835 3834//3834 4587//4587
f 3834//3834 4588//4588 4587//4587
f 3834//3834 3899//3899 4588//4588
f 3899//3899 381//381 4588//4588
f 198//198 3844//3844 211//211
f 3844//3844 3843//3843 211//211
f 378//378 3833//3833 3831//3831
f 378//378 3831//3831 379//379
f 3831//3831 3830//3830 379//379
f 379//379 3830//3830 380//380
f 3830//3830 3842//3842 380//380
f 380//380 3842//3842 382//382
f 3842//3842 3841//3841 382//382
f 382//382 3841//3841 376//376
f 3841//3841 3839//3839 376//376
f 376//376 3839//3839 377//377
f 3839//3839 3838//3838 377//377
f 377//377 3838//3838 202//202
f 3838//3838 3845//3845 202//202
f 202//202 3845//3845 197//197
f 3845//3845 3844//3844 197//197
f 197//197 3844//3844 198//198
f 471//471 3581//3581 4589//4589
f 3581//3581 3580//3580 4589//4589
f 7//7 471//471 4590//4590
f 471//471 4589//4589 4590//4590
f 3580//3580 3579//3579 4589//4589
f 3579//3579 4590//4590 4589//4589
f 3579//3579 3995//3995 4590//4590
f 3995//3995 7//7 4590//4590
f 625//625 3858//3858 3857//3857
f 625//625 3857//3857 645//645
f 3857//3857 3855//3855 645//645
f 645//645 3855//3855 646//646
f 3855//3855 3854//3854 646//646
f 646//646 3854//3854 647//647
f 3854//3854 3865//3865 647//647
f 647//647 3865//3865 648//648
f 3865//3865 3864//3864 648//648
f 648//648 3864//3864 649//649
f 3864//3864 3862//3862 649//649
f 649//649 3862//3862 650//650
f 3862//3862 3861//3861 650//650
f 650//650 3861//3861 627//627
f 3861//3861 3986//3986 627//627
f 627//627 3986//3986 626//626
f 626//626 3986//3986 620//620
f 3986//3986 3985//3985 620//620
f 620//620 3985//3985 621//621
f 3985//3985 3987//3987 621//621
f 3869//3869 622//622 637//637
f 3869//3869 637//637 3866//3866
f 637//637 652//652 3866//3866
f 3866//3866 652//652 3867//3867
f 652//652 651//651 3867//3867
f 3867//3867 651//651 3868//3868
f 651//651 642//642 3868//3868
f 3868//3868 642//642 3542//3542
f 642//642 641//641 3542//3542
f 3542//3542 641//641 3543//3543
f 641//641 636//636 3543//3543
f 3543//3543 636//636 3859//3859
f 636//636 635//635 3859//3859
f 3859//3859 635//635 3860//3860
f 635//635 621//621 3860//3860
f 3860//3860 621//621 3987//3987
f 3540//3540 4591//4591 3541//3541
f 4591//4591 623//623 3541//3541
f 3541//3541 623//623 3870//3870
f 628//628 623//623 4592//4592
f 623//623 4591//4591 4592//4592
f 3540//3540 3871//3871 4591//4591
f 3871//3871 4592//4592 4591//4591
f 3538//3538 628//628 3539//3539
f 628//628 4592//4592 3539//3539
f 3539//3539 4592//4592 3871//3871
f 622//622 3869//3869 623//623
f 3869//3869 3870//3870 623//623
f 628//628 3538//3538 629//629
f 3538//3538 3537//3537 629//629
f 629//629 3537//3537 3876//3876
f 629//629 3876//3876 654//654
f 3876//3876 3875//3875 654//654
f 654//654 3875//3875 655//655
f 3875//3875 3874//3874 655//655
f 655//655 3874//3874 656//656
f 3874//3874 3873//3873 656//656
f 656//656 3873//3873 657//657
f 3873//3873 3903//3903 657//657
f 657//657 3903//3903 658//658
f 3903//3903 3904//3904 658//658
f 658//658 3904//3904 653//653
f 3904//3904 3909//3909 653//653
f 653//653 3909//3909 631//631
f 631//631 3909//3909 630//630
f 3909//3909 3908//3908 630//630
f 630//630 3908//3908 3911//3911
f 630//630 3911//3911 619//619
f 3911//3911 3910//3910 619//619
f 619//619 3910//3910 632//632
f 3910//3910 3912//3912 632//632
f 3915//3915 617//617 638//638
f 3915//3915 638//638 3913//3913
f 638//638 639//639 3913//3913
f 3913//3913 639//639 3914//3914
f 639//639 640//640 3914//3914
f 3914//3914 640//640 3917//3917
f 640//640 644//644 3917//3917
f 3917//3917 644//644 3918//3918
f 644//644 643//643 3918//3918
f 3918//3918 643//643 3919//3919
f 643//643 634//634 3919//3919
f 3919//3919 634//634 3906//3906
f 634//634 633//633 3906//3906
f 3906//3906 633//633 3905//3905
f 3905//3905 633//633 3880//3880
f 633//633 632//632 3880//3880
f 3880//3880 632//632 3912//3912
f 3998//3998 624//624 3852//3852
f 624//624 4593//4593 3852//3852
f 3852//3852 4593//4593 3853//3853
f 3544//3544 3853//3853 4594//4594
f 3853//3853 4593//4593 4594//4594
f 624//624 618//618 4593//4593
f 618//618 4594//4594 4593//4593
f 3544//3544 4594//4594 3545//3545
f 4594//4594 618//618 3545//3545
f 3545//3545 618//618 3916//3916
f 3784//3784 4595//4595 3780//3780
f 4595//4595 413//413 3780//3780
f 3780//3780 413//413 3781//3781
f 414//414 413//413 4596//4596
f 413//413 4595//4595 4596//4596
f 3784//3784 3785//3785 4595//4595
f 3785//3785 4596//4596 4595//4595
f 4024//4024 414//414 3786//3786
f 414//414 4596//4596 3786//3786
f 3786//3786 4596//4596 3785//3785
f 199//199 3827//3827 374//374
f 3827//3827 3837//3837 374//374
f 3827//3827 199//199 3825//3825
f 199//199 213//213 3825//3825
f 3825//3825 213//213 3826//3826
f 213//213 214//214 3826//3826
f 3826//3826 214//214 3828//3828
f 214//214 226//226 3828//3828
f 3828//3828 226//226 3829//3829
f 226//226 225//225 3829//3829
f 3829//3829 225//225 3549//3549
f 225//225 223//223 3549//3549
f 3549//3549 223//223 3547//3547
f 223//223 221//221 3547//3547
f 3547//3547 221//221 3823//3823
f 221//221 219//219 3823//3823
f 3823//3823 219//219 3821//3821
f 219//219 217//217 3821//3821
f 3821//3821 217//217 3819//3819
f 217//217 216//216 3819//3819
f 3819//3819 216//216 3818//3818
f 216//216 215//215 3818//3818
f 3818//3818 215//215 3813//3813
f 215//215 200//200 3813//3813
f 3813//3813 200//200 3814//3814
f 200//200 186//186 3814//3814
f 3814//3814 186//186 3815//3815
f 186//186 188//188 3815//3815
f 3815//3815 188//188 3812//3812
f 188//188 190//190 3812//3812
f 3812//3812 190//190 3811//3811
f 190//190 192//192 3811//3811
f 3811//3811 192//192 3809//3809
f 192//192 194//194 3809//3809
f 3809//3809 194//194 3803//3803
f 194//194 178//178 3803//3803
f 3803//3803 178//178 3804//3804
f 178//178 14//14 3804//3804
f 3804//3804 14//14 3805//3805
f 14//14 13//13 3805//3805
f 3805//3805 13//13 3806//3806
f 13//13 411//411 3806//3806
f 3806//3806 411//411 3807//3807
f 411//411 410//410 3807//3807
f 3807//3807 410//410 3808//3808
f 410//410 409//409 3808//3808
f 3808//3808 409//409 3799//3799
f 409//409 408//408 3799//3799
f 407//407 3801//3801 408//408
f 3801//3801 3799//3799 408//408
f 11//11 3802//3802 407//407
f 3802//3802 3801//3801 407//407
f 10//10 3794//3794 11//11
f 3794//3794 3802//3802 11//11
f 12//12 3790//3790 3788//3788
f 12//12 3788//3788 415//415
f 3788//3788 3787//3787 415//415
f 415//415 3787//3787 416//416
f 3787//3787 3797//3797 416//416
f 416//416 3797//3797 417//417
f 3797//3797 3796//3796 417//417
f 417//417 3796//3796 418//418
f 3796//3796 3792//3792 418//418
f 418//418 3792//3792 419//419
f 3792//3792 3791//3791 419//419
f 419//419 3791//3791 420//420
f 3791//3791 3795//3795 420//420
f 420//420 3795//3795 421//421
f 3795//3795 3794//3794 421//421
f 421//421 3794//3794 10//10
f 3556//3556 4597//4597 3557//3557
f 4597//4597 422//422 3557//3557
f 3557//3557 422//422 3629//3629
f 423//423 422//422 4598//4598
f 422//422 4597//4597 4598//4598
f 3556//3556 3639//3639 4597//4597
f 3639//3639 4598//4598 4597//4597
f 3644//3644 423//423 3638//3638
f 423//423 4598//4598 3638//3638
f 3638//3638 4598//4598 3639//3639
f 91//91 3554//3554 4599//4599
f 3554//3554 3553//3553 4599//4599
f 93//93 91//91 4600//4600
f 91//91 4599//4599 4600//4600
f 3553//3553 3648//3648 4599//4599
f 3648//3648 4600//4600 4599//4599
f 3648//3648 3646//3646 4600//4600
f 3646//3646 93//93 4600//4600
f 109//109 3701//3701 4601//4601
f 3701//3701 3700//3700 4601//4601
f 110//110 109//109 4602//4602
f 109//109 4601//4601 4602//4602
f 3700//3700 3699//3699 4601//4601
f 3699//3699 4602//4602 4601//4601
f 3699//3699 3703//3703 4602//4602
f 3703//3703 110//110 4602//4602
f 98//98 3687//3687 4603//4603
f 3687//3687 3686//3686 4603//4603
f 99//99 98//98 4604//4604
f 98//98 4603//4603 4604//4604
f 3686//3686 3676//3676 4603//4603
f 3676//3676 4604//4604 4603//4603
f 3676//3676 3675//3675 4604//4604
f 3675//3675 99//99 4604//4604
f 106//106 3688//3688 4605//4605
f 3688//3688 3690//3690 4605//4605
f 138//138 106//106 4606//4606
f 106//106 4605//4605 4606//4606
f 3690//3690 3550//3550 4605//4605
f 3550//3550 4606//4606 4605//4605
f 3550//3550 3552//3552 4606//4606
f 3552//3552 138//138 4606//4606
f 145//145 3708//3708 4607//4607
f 3708//3708 3710//3710 4607//4607
f 146//146 145//145 4608//4608
f 145//145 4607//4607 4608//4608
f 3710//3710 3739//3739 4607//4607
f 3739//3739 4608//4608 4607//4607
f 3739//3739 3737//3737 4608//4608
f 3737//3737 146//146 4608//4608
f 126//126 3725//3725 4609//4609
f 3725//3725 3727//3727 4609//4609
f 127//127 126//126 4610//4610
f 126//126 4609//4609 4610//4610
f 3727//3727 3728//3728 4609//4609
f 3728//3728 4610//4610 4609//4609
f 3728//3728 3729//3729 4610//4610
f 3729//3729 127//127 4610//4610
f 136//136 3715//3715 4611//4611
f 3715//3715 3712//3712 4611//4611
f 167//167 136//136 4612//4612
f 136//136 4611//4611 4612//4612
f 3712//3712 3747//3747 4611//4611
f 3747//3747 4612//4612 4611//4611
f 3747//3747 3748//3748 4612//4612
f 3748//3748 167//167 4612//4612
f 174//174 3771//3771 4613//4613
f 3771//3771 3773//3773 4613//4613
f 176//176 174//174 4614//4614
f 174//174 4613//4613 4614//4614
f 3773//3773 3766//3766 4613//4613
f 3766//3766 4614//4614 4613//4613
f 3766//3766 3765//3765 4614//4614
f 3765//3765 176//176 4614//4614
f 172//172 177//177 3764//3764
f 3764//3764 3770//3770 172//172
f 3770//3770 3779//3779 172//172
f 172//172 3779//3779 3783//3783
f 173//173 3772//3772 174//174
f 3772//3772 3771//3771 174//174
f 176//176 3765//3765 177//177
f 3765//3765 3764//3764 177//177
f 168//168 3749//3749 170//170
f 3749//3749 3744//3744 170//170
f 170//170 3744//3744 173//173
f 3744//3744 3772//3772 173//173
f 128//128 3716//3716 136//136
f 3716//3716 3715//3715 136//136
f 167//167 3748//3748 168//168
f 3748//3748 3749//3749 168//168
f 135//135 3717//3717 128//128
f 3717//3717 3716//3716 128//128
f 129//129 3724//3724 3723//3723
f 129//129 3723//3723 157//157
f 3723//3723 3722//3722 157//157
f 157//157 3722//3722 147//147
f 3722//3722 3718//3718 147//147
f 147//147 3718//3718 148//148
f 3718//3718 3720//3720 148//148
f 148//148 3720//3720 149//149
f 3720//3720 3721//3721 149//149
f 149//149 3721//3721 159//159
f 3721//3721 3714//3714 159//159
f 159//159 3714//3714 133//133
f 3714//3714 3713//3713 133//133
f 133//133 3713//3713 134//134
f 3713//3713 3717//3717 134//134
f 134//134 3717//3717 135//135
f 131//131 3730//3730 126//126
f 3730//3730 3725//3725 126//126
f 127//127 3729//3729 129//129
f 3729//3729 3724//3724 129//129
f 3730//3730 131//131 155//155
f 3730//3730 155//155 3731//3731
f 155//155 156//156 3731//3731
f 3731//3731 156//156 3732//3732
f 156//156 158//158 3732//3732
f 3732//3732 158//158 3733//3733
f 158//158 152//152 3733//3733
f 3733//3733 152//152 3734//3734
f 152//152 151//151 3734//3734
f 3734//3734 151//151 3735//3735
f 151//151 150//150 3735//3735
f 3735//3735 150//150 3741//3741
f 150//150 154//154 3741//3741
f 3741//3741 154//154 3740//3740
f 154//154 153//153 3740//3740
f 3740//3740 153//153 3738//3738
f 132//132 3736//3736 153//153
f 3736//3736 3738//3738 153//153
f 143//143 3709//3709 145//145
f 3709//3709 3708//3708 145//145
f 146//146 3737//3737 132//132
f 3737//3737 3736//3736 132//132
f 141//141 139//139 3551//3551
f 3709//3709 143//143 3711//3711
f 143//143 141//141 3711//3711
f 3711//3711 141//141 3706//3706
f 141//141 3551//3551 3706//3706
f 100//100 3689//3689 106//106
f 3689//3689 3688//3688 106//106
f 138//138 3552//3552 139//139
f 3552//3552 3551//3551 139//139
f 102//102 3691//3691 100//100
f 3691//3691 3689//3689 100//100
f 101//101 3674//3674 3684//3684
f 101//101 3684//3684 119//119
f 3684//3684 3683//3683 119//119
f 119//119 3683//3683 120//120
f 3683//3683 3682//3682 120//120
f 120//120 3682//3682 122//122
f 3682//3682 3681//3681 122//122
f 122//122 3681//3681 123//123
f 3681//3681 3680//3680 123//123
f 123//123 3680//3680 125//125
f 3680//3680 3678//3678 125//125
f 125//125 3678//3678 124//124
f 3678//3678 3677//3677 124//124
f 124//124 3677//3677 118//118
f 3677//3677 3691//3691 118//118
f 118//118 3691//3691 102//102
f 104//104 3692//3692 98//98
f 3692//3692 3687//3687 98//98
f 99//99 3675//3675 101//101
f 3675//3675 3674//3674 101//101
f 3692//3692 104//104 116//116
f 3692//3692 116//116 3693//3693
f 116//116 117//117 3693//3693
f 3693//3693 117//117 3694//3694
f 117//117 121//121 3694//3694
f 3694//3694 121//121 3695//3695
f 121//121 113//113 3695//3695
f 3695//3695 113//113 3696//3696
f 113//113 112//112 3696//3696
f 3696//3696 112//112 3697//3697
f 112//112 111//111 3697//3697
f 3697//3697 111//111 3698//3698
f 111//111 115//115 3698//3698
f 3698//3698 115//115 3705//3705
f 115//115 114//114 3705//3705
f 3705//3705 114//114 3704//3704
f 105//105 3702//3702 114//114
f 3702//3702 3704//3704 114//114
f 3701//3701 109//109 3657//3657
f 109//109 108//108 3657//3657
f 3657//3657 108//108 3647//3647
f 110//110 3703//3703 105//105
f 3703//3703 3702//3702 105//105
f 94//94 3645//3645 96//96
f 3645//3645 3647//3647 96//96
f 96//96 3647//3647 108//108
f 89//89 3555//3555 91//91
f 3555//3555 3554//3554 91//91
f 93//93 3646//3646 94//94
f 3646//3646 3645//3645 94//94
f 3555//3555 89//89 3640//3640
f 89//89 83//83 3640//3640
f 3640//3640 83//83 3642//3642
f 83//83 3643//3643 3642//3642
f 624//624 3998//3998 625//625
f 3998//3998 3858//3858 625//625
f 617//617 3915//3915 618//618
f 3915//3915 3916//3916 618//618
f 3781//3781 413//413 3782//3782
f 413//413 412//412 3782//3782
f 3782//3782 412//412 3783//3783
f 412//412 172//172 3783//3783
f 414//414 4024//4024 12//12
f 4024//4024 3790//3790 12//12
f 427//427 3630//3630 422//422
f 3630//3630 3629//3629 422//422
f 423//423 3644//3644 424//424
f 3644//3644 3643//3643 424//424
f 424//424 3643//3643 83//83
f 3630//3630 427//427 431//431
f 3630//3630 431//431 3631//3631
f 431//431 430//430 3631//3631
f 3631//3631 430//430 3627//3627
f 430//430 434//434 3627//3627
f 3627//3627 434//434 3628//3628
f 434//434 433//433 3628//3628
f 3628//3628 433//433 3632//3632
f 433//433 432//432 3632//3632
f 3632//3632 432//432 3633//3633
f 432//432 429//429 3633//3633
f 3633//3633 429//429 3634//3634
f 429//429 428//428 3634//3634
f 3634//3634 428//428 3637//3637
f 428//428 426//426 3637//3637
f 3637//3637 426//426 3636//3636
f 425//425 3635//3635 426//426
f 3635//3635 3636//3636 426//426
f 3635//3635 425//425 3559//3559
f 425//425 439//439 3559//3559
f 3559//3559 439//439 3560//3560
f 438//438 3626//3626 439//439
f 3626//3626 3560//3560 439//439
f 3626//3626 438//438 3622//3622
f 438//438 440//440 3622//3622
f 3622//3622 440//440 3623//3623
f 440//440 441//441 3623//3623
f 3623//3623 441//441 3624//3624
f 441//441 437//437 3624//3624
f 3624//3624 437//437 3625//3625
f 437//437 436//436 3625//3625
f 3625//3625 436//436 3592//3592
f 436//436 435//435 3592//3592
f 3592//3592 435//435 3619//3619
f 435//435 236//236 3619//3619
f 3619//3619 236//236 3617//3617
f 236//236 247//247 3617//3617
f 3617//3617 247//247 3615//3615
f 247//247 246//246 3615//3615
f 3615//3615 246//246 3613//3613
f 246//246 244//244 3613//3613
f 3613//3613 244//244 3611//3611
f 244//244 242//242 3611//3611
f 3611//3611 242//242 3609//3609
f 242//242 240//240 3609//3609
f 3609//3609 240//240 3607//3607
f 240//240 263//263 3607//3607
f 3607//3607 263//263 3605//3605
f 263//263 261//261 3605//3605
f 3605//3605 261//261 3603//3603
f 261//261 260//260 3603//3603
f 3603//3603 260//260 3601//3601
f 260//260 277//277 3601//3601
f 3601//3601 277//277 3599//3599
f 277//277 276//276 3599//3599
f 3599//3599 276//276 3597//3597
f 276//276 274//274 3597//3597
f 3597//3597 274//274 3564//3564
f 274//274 272//272 3564//3564
f 3564//3564 272//272 3562//3562
f 272//272 270//270 3562//3562
f 3562//3562 270//270 3587//3587
f 270//270 268//268 3587//3587
f 3587//3587 268//268 3588//3588
f 268//268 267//267 3588//3588
f 3588//3588 267//267 3589//3589
f 267//267 256//256 3589//3589
f 3589//3589 256//256 3577//3577
f 256//256 9//9 3577//3577
f 8//8 3578//3578 9//9
f 3578//3578 3577//3577 9//9
f 374//374 3837//3837 375//375
f 3837//3837 3836//3836 375//375
f 381//381 3899//3899 378//378
f 3899//3899 3833//3833 378//378
f 468//468 3582//3582 471//471
f 3582//3582 3581//3581 471//471
f 7//7 3995//3995 8//8
f 3995//3995 3578//3578 8//8
f 3582//3582 468//468 467//467
f 3582//3582 467//467 3583//3583
f 467//467 466//466 3583//3583
f 3583//3583 466//466 3584//3584
f 466//466 472//472 3584//3584
f 3584//3584 472//472 3585//3585
f 472//472 470//470 3585//3585
f 3585//3585 470//470 3586//3586
f 470//470 469//469 3586//3586
f 3586//3586 469//469 3575//3575
f 469//469 259//259 3575//3575
f 3575//3575 259//259 3574//3574
f 259//259 258//258 3574//3574
f 3574//3574 258//258 3573//3573
f 258//258 257//257 3573//3573
f 3573//3573 257//257 3572//3572
f 254//254 3570//3570 257//257
f 3570//3570 3572//3572 257//257
f 264//264 266//266 3999//3999
f 266//266 4615//4615 3999//3999
f 3999//3999 4615//4615 4616//4616
f 4577//4577 3569//3569 4617//4617
f 3569//3569 3999//3999 4617//4617
f 4616//4616 4618//4618 3999//3999
f 4618//4618 4619//4619 3999//3999
f 3999//3999 4619//4619 4617//4617
f 253//253 3571//3571 254//254
f 3571//3571 3570//3570 254//254
f 4581//4581 4580//4580 4620//4620
f 4578//4578 4577//4577 4621//4621
f 4577//4577 4617//4617 4621//4621
f 4621//4621 4617//4617 4622//4622
f 4620//4620 4580//4580 4621//4621
f 4580//4580 4579//4579 4621//4621
f 4621//4621 4579//4579 4578//4578
f 4623//4623 3005//3005 3004//3004
f 3004//3004 4584//4584 4623//4623
f 4584//4584 4583//4583 4623//4623
f 4623//4623 4583//4583 4620//4620
f 4583//4583 4582//4582 4620//4620
f 4620//4620 4582//4582 4581//4581
f 266//266 265//265 4615//4615
f 265//265 4624//4624 4615//4615
f 4617//4617 4619//4619 4622//4622
f 4619//4619 4618//4618 4622//4622
f 4622//4622 4618//4618 4624//4624
f 4618//4618 4616//4616 4624//4624
f 4624//4624 4616//4616 4615//4615
f 4179//4179 2999//2999 255//255
f 2999//2999 3005//3005 255//255
f 4623//4623 4620//4620 3005//3005
f 4620//4620 4621//4621 3005//3005
f 3005//3005 4621//4621 4622//4622
f 4622//4622 4624//4624 3005//3005
f 4624//4624 265//265 3005//3005
f 3005//3005 265//265 255//255
f 4179//4179 255//255 269//269
f 4179//4179 269//269 4180//4180
f 269//269 271//271 4180//4180
f 4180//4180 271//271 4181//4181
f 271//271 273//273 4181//4181
f 4181//4181 273//273 4182//4182
f 273//273 275//275 4182//4182
f 4182//4182 275//275 4177//4177
f 275//275 252//252 4177//4177
f 4177//4177 252//252 4178//4178
