# exported from MuJoCo
v 0.005458 0.004970 -0.012888
v 0.005705 0.004970 -0.012990
v 0.005971 0.004971 -0.012000
v 0.005971 0.004971 -0.013025
v 0.006236 0.004972 -0.012990
v 0.004981 0.004969 -0.012265
v 0.005083 0.004969 -0.012513
v 0.005246 0.004969 -0.012725
v 0.005083 0.004969 -0.011487
v 0.004981 0.004969 -0.011735
v 0.004946 0.004969 -0.012000
v 0.005705 0.004970 -0.011010
v 0.005458 0.004970 -0.011112
v 0.005246 0.004969 -0.011275
v 0.006483 0.004972 -0.011112
v 0.006236 0.004972 -0.011010
v 0.005971 0.004971 -0.010975
v 0.006961 0.004973 -0.011735
v 0.006858 0.004973 -0.011487
v 0.006695 0.004973 -0.011275
v 0.006858 0.004973 -0.012513
v 0.006961 0.004973 -0.012265
v 0.006996 0.004973 -0.012000
v 0.006483 0.004972 -0.012888
v 0.006695 0.004973 -0.012725
v -0.000542 0.004956 -0.012888
v -0.000295 0.004957 -0.012990
v -0.000029 0.004958 -0.012000
v -0.000029 0.004958 -0.013025
v 0.000236 0.004958 -0.012990
v -0.001019 0.004955 -0.012265
v -0.000917 0.004956 -0.012513
v -0.000754 0.004956 -0.012725
v -0.000917 0.004956 -0.011487
v -0.001019 0.004955 -0.011735
v -0.001054 0.004955 -0.012000
v -0.000295 0.004957 -0.011010
v -0.000542 0.004956 -0.011112
v -0.000754 0.004956 -0.011275
v 0.000483 0.004959 -0.011112
v 0.000236 0.004958 -0.011010
v -0.000029 0.004958 -0.010975
v 0.000961 0.004960 -0.011735
v 0.000858 0.004960 -0.011487
v 0.000695 0.004959 -0.011275
v 0.000858 0.004960 -0.012513
v 0.000961 0.004960 -0.012265
v 0.000996 0.004960 -0.012000
v 0.000483 0.004959 -0.012888
v 0.000695 0.004959 -0.012725
v -0.006542 0.004943 -0.012888
v -0.006295 0.004943 -0.012990
v -0.006029 0.004944 -0.012000
v -0.006029 0.004944 -0.013025
v -0.005764 0.004945 -0.012990
v -0.007019 0.004942 -0.012265
v -0.006917 0.004942 -0.012513
v -0.006754 0.004942 -0.012725
v -0.006917 0.004942 -0.011487
v -0.007019 0.004942 -0.011735
v -0.007054 0.004942 -0.012000
v -0.006295 0.004943 -0.011010
v -0.006542 0.004943 -0.011112
v -0.006754 0.004942 -0.011275
v -0.005517 0.004945 -0.011112
v -0.005764 0.004945 -0.011010
v -0.006029 0.004944 -0.010975
v -0.005039 0.004946 -0.011735
v -0.005142 0.004946 -0.011487
v -0.005305 0.004946 -0.011275
v -0.005142 0.004946 -0.012513
v -0.005039 0.004946 -0.012265
v -0.005004 0.004946 -0.012000
v -0.005517 0.004945 -0.012888
v -0.005305 0.004946 -0.012725
v 0.005458 0.004970 0.011112
v 0.005705 0.004970 0.011010
v 0.005971 0.004971 0.012000
v 0.005971 0.004971 0.010975
v 0.006236 0.004972 0.011010
v 0.004981 0.004969 0.011735
v 0.005083 0.004969 0.011487
v 0.005246 0.004969 0.011275
v 0.005083 0.004969 0.012513
v 0.004981 0.004969 0.012265
v 0.004946 0.004969 0.012000
v 0.005705 0.004970 0.012990
v 0.005458 0.004970 0.012888
v 0.005246 0.004969 0.012725
v 0.006483 0.004972 0.012888
v 0.006236 0.004972 0.012990
v 0.005971 0.004971 0.013025
v 0.006961 0.004973 0.012265
v 0.006858 0.004973 0.012513
v 0.006695 0.004973 0.012725
v 0.006858 0.004973 0.011487
v 0.006961 0.004973 0.011735
v 0.006996 0.004973 0.012000
v 0.006483 0.004972 0.011112
v 0.006695 0.004973 0.011275
v -0.000542 0.004956 0.011112
v -0.000295 0.004957 0.011010
v -0.000029 0.004958 0.012000
v -0.000029 0.004958 0.010975
v 0.000236 0.004958 0.011010
v -0.001019 0.004955 0.011735
v -0.000917 0.004956 0.011487
v -0.000754 0.004956 0.011275
v -0.000917 0.004956 0.012513
v -0.001019 0.004955 0.012265
v -0.001054 0.004955 0.012000
v -0.000295 0.004957 0.012990
v -0.000542 0.004956 0.012888
v -0.000754 0.004956 0.012725
v 0.000483 0.004959 0.012888
v 0.000236 0.004958 0.012990
v -0.000029 0.004958 0.013025
v 0.000961 0.004960 0.012265
v 0.000858 0.004960 0.012513
v 0.000695 0.004959 0.012725
v 0.000858 0.004960 0.011487
v 0.000961 0.004960 0.011735
v 0.000996 0.004960 0.012000
v 0.000483 0.004959 0.011112
v 0.000695 0.004959 0.011275
v -0.006542 0.004943 0.011112
v -0.006295 0.004943 0.011010
v -0.006029 0.004944 0.012000
v -0.006029 0.004944 0.010975
v -0.005764 0.004945 0.011010
v -0.007019 0.004942 0.011735
v -0.006917 0.004942 0.011487
v -0.006754 0.004942 0.011275
v -0.006917 0.004942 0.012513
v -0.007019 0.004942 0.012265
v -0.007054 0.004942 0.012000
v -0.006295 0.004943 0.012990
v -0.006542 0.004943 0.012888
v -0.006754 0.004942 0.012725
v -0.005517 0.004945 0.012888
v -0.005764 0.004945 0.012990
v -0.006029 0.004944 0.013025
v -0.005039 0.004946 0.012265
v -0.005142 0.004946 0.012513
v -0.005305 0.004946 0.012725
v -0.005142 0.004946 0.011487
v -0.005039 0.004946 0.011735
v -0.005004 0.004946 0.012000
v -0.005517 0.004945 0.011112
v -0.005305 0.004946 0.011275
v -0.006574 0.004943 0.006169
v -0.006676 0.004943 0.005922
v -0.005686 0.004945 0.005657
v -0.006711 0.004943 0.005657
v -0.006676 0.004943 0.005392
v -0.005952 0.004944 0.006647
v -0.006199 0.004944 0.006545
v -0.006411 0.004943 0.006382
v -0.005174 0.004946 0.006545
v -0.005421 0.004945 0.006647
v -0.005686 0.004945 0.006682
v -0.004696 0.004947 0.005922
v -0.004799 0.004947 0.006169
v -0.004961 0.004946 0.006382
v -0.004799 0.004947 0.005144
v -0.004696 0.004947 0.005392
v -0.004661 0.004947 0.005657
v -0.005421 0.004945 0.004667
v -0.005174 0.004946 0.004769
v -0.004961 0.004946 0.004932
v -0.006199 0.004944 0.004769
v -0.005952 0.004944 0.004667
v -0.005686 0.004945 0.004632
v -0.006574 0.004943 0.005144
v -0.006411 0.004943 0.004932
v 0.004740 0.004968 0.006169
v 0.004637 0.004968 0.005922
v 0.005627 0.004970 0.005657
v 0.004602 0.004968 0.005657
v 0.004637 0.004968 0.005392
v 0.005362 0.004970 0.006647
v 0.005115 0.004969 0.006545
v 0.004903 0.004969 0.006382
v 0.006140 0.004971 0.006545
v 0.005893 0.004971 0.006647
v 0.005627 0.004970 0.006682
v 0.006618 0.004972 0.005922
v 0.006515 0.004972 0.006169
v 0.006352 0.004972 0.006382
v 0.006515 0.004972 0.005144
v 0.006618 0.004972 0.005392
v 0.006652 0.004973 0.005657
v 0.005893 0.004971 0.004667
v 0.006140 0.004971 0.004769
v 0.006352 0.004972 0.004932
v 0.005115 0.004969 0.004769
v 0.005362 0.004970 0.004667
v 0.005627 0.004970 0.004632
v 0.004740 0.004968 0.005144
v 0.004903 0.004969 0.004932
v -0.006574 0.004943 -0.005144
v -0.006676 0.004943 -0.005392
v -0.005686 0.004945 -0.005657
v -0.006711 0.004943 -0.005657
v -0.006676 0.004943 -0.005922
v -0.005952 0.004944 -0.004667
v -0.006199 0.004944 -0.004769
v -0.006411 0.004943 -0.004932
v -0.005174 0.004946 -0.004769
v -0.005421 0.004945 -0.004667
v -0.005686 0.004945 -0.004632
v -0.004696 0.004947 -0.005392
v -0.004799 0.004947 -0.005144
v -0.004961 0.004946 -0.004932
v -0.004799 0.004947 -0.006169
v -0.004696 0.004947 -0.005922
v -0.004661 0.004947 -0.005657
v -0.005421 0.004945 -0.006647
v -0.005174 0.004946 -0.006545
v -0.004961 0.004946 -0.006382
v -0.006199 0.004944 -0.006545
v -0.005952 0.004944 -0.006647
v -0.005686 0.004945 -0.006682
v -0.006574 0.004943 -0.006169
v -0.006411 0.004943 -0.006382
v 0.004740 0.004968 -0.005144
v 0.004637 0.004968 -0.005392
v 0.005627 0.004970 -0.005657
v 0.004602 0.004968 -0.005657
v 0.004637 0.004968 -0.005922
v 0.005362 0.004970 -0.004667
v 0.005115 0.004969 -0.004769
v 0.004903 0.004969 -0.004932
v 0.006140 0.004971 -0.004769
v 0.005893 0.004971 -0.004667
v 0.005627 0.004970 -0.004632
v 0.006618 0.004972 -0.005392
v 0.006515 0.004972 -0.005144
v 0.006352 0.004972 -0.004932
v 0.006515 0.004972 -0.006169
v 0.006618 0.004972 -0.005922
v 0.006652 0.004973 -0.005657
v 0.005893 0.004971 -0.006647
v 0.006140 0.004971 -0.006545
v 0.006352 0.004972 -0.006382
v 0.005115 0.004969 -0.006545
v 0.005362 0.004970 -0.006647
v 0.005627 0.004970 -0.006682
v 0.004740 0.004968 -0.006169
v 0.004903 0.004969 -0.006382
v -0.000917 0.004956 0.006512
v -0.001019 0.004955 0.006265
v -0.000029 0.004958 0.006000
v -0.001054 0.004955 0.006000
v -0.001019 0.004955 0.005735
v -0.000295 0.004957 0.006990
v -0.000542 0.004956 0.006888
v -0.000754 0.004956 0.006725
v 0.000483 0.004959 0.006888
v 0.000236 0.004958 0.006990
v -0.000029 0.004958 0.007025
v 0.000961 0.004960 0.006265
v 0.000858 0.004960 0.006512
v 0.000695 0.004959 0.006725
v 0.000858 0.004960 0.005488
v 0.000961 0.004960 0.005735
v 0.000996 0.004960 0.006000
v 0.000236 0.004958 0.005010
v 0.000483 0.004959 0.005112
v 0.000695 0.004959 0.005275
v -0.000542 0.004956 0.005112
v -0.000295 0.004957 0.005010
v -0.000029 0.004958 0.004975
v -0.000917 0.004956 0.005488
v -0.000754 0.004956 0.005275
v 0.000858 0.004960 -0.006512
v 0.000961 0.004960 -0.006265
v -0.000029 0.004958 -0.006000
v 0.000996 0.004960 -0.006000
v 0.000961 0.004960 -0.005735
v 0.000236 0.004958 -0.006990
v 0.000483 0.004959 -0.006888
v 0.000695 0.004959 -0.006725
v -0.000542 0.004956 -0.006888
v -0.000295 0.004957 -0.006990
v -0.000029 0.004958 -0.007025
v -0.001019 0.004955 -0.006265
v -0.000917 0.004956 -0.006512
v -0.000754 0.004956 -0.006725
v -0.000917 0.004956 -0.005488
v -0.001019 0.004955 -0.005735
v -0.001054 0.004955 -0.006000
v -0.000295 0.004957 -0.005010
v -0.000542 0.004956 -0.005112
v -0.000754 0.004956 -0.005275
v 0.000483 0.004959 -0.005112
v 0.000236 0.004958 -0.005010
v -0.000029 0.004958 -0.004975
v 0.000858 0.004960 -0.005488
v 0.000695 0.004959 -0.005275
v 0.002933 0.003464 -0.005125
v 0.002936 0.001964 -0.005125
v 0.003136 0.001965 -0.004508
v 0.003133 0.003465 -0.004508
v 0.003474 0.001965 -0.003955
v 0.003471 0.003465 -0.003955
v 0.003933 0.001966 -0.003497
v 0.003930 0.003466 -0.003497
v 0.004486 0.001968 -0.003158
v 0.004483 0.003468 -0.003158
v 0.005102 0.001969 -0.002959
v 0.005099 0.003469 -0.002959
v 0.001975 0.003462 -0.003464
v 0.001977 0.002462 -0.003464
v 0.002228 0.001963 -0.003897
v 0.002163 0.001979 -0.003785
v 0.001985 0.002332 -0.003479
v 0.002011 0.002212 -0.003522
v 0.002051 0.002108 -0.003591
v 0.002103 0.002029 -0.003681
v 0.001132 0.002220 -0.003894
v 0.001132 0.002210 -0.003900
v 0.001132 0.002106 -0.003982
v 0.001132 0.002090 -0.004000
v 0.001163 0.002043 -0.004054
v 0.001132 0.002179 -0.003920
v 0.001131 0.002460 -0.003830
v 0.001131 0.002378 -0.003837
v 0.001131 0.002330 -0.003848
v 0.001131 0.002326 -0.003849
v 0.001305 0.001961 -0.004300
v 0.001244 0.001974 -0.004193
v 0.001177 0.002027 -0.004077
v 0.001218 0.001989 -0.004149
v 0.001239 0.001977 -0.004185
v 0.001835 0.001962 -0.005217
v 0.001831 0.003762 -0.005217
v 0.002287 0.001963 -0.006000
v 0.002283 0.003763 -0.006000
v 0.001585 0.001961 -0.004783
v 0.001581 0.003761 -0.004783
v 0.001128 0.003760 -0.004000
v 0.001969 0.001962 -0.006550
v 0.001965 0.003762 -0.006550
v 0.002225 0.003763 -0.007000
v 0.002229 0.001963 -0.007000
v 0.002152 0.001962 -0.006990
v 0.002148 0.003762 -0.006990
v 0.002079 0.001962 -0.006960
v 0.002075 0.003762 -0.006960
v 0.002017 0.001962 -0.006912
v 0.002013 0.003762 -0.006912
v 0.001969 0.001962 -0.006850
v 0.001965 0.003762 -0.006850
v 0.001939 0.001962 -0.006778
v 0.001935 0.003762 -0.006778
v 0.001929 0.001962 -0.006700
v 0.001925 0.003762 -0.006700
v 0.001939 0.001962 -0.006622
v 0.001935 0.003762 -0.006622
v 0.003228 0.001965 -0.007000
v 0.003224 0.003765 -0.007000
v 0.004132 0.001967 -0.007000
v 0.004128 0.003767 -0.007000
v 0.002728 0.001964 -0.007000
v 0.002724 0.003764 -0.007000
v -0.002772 0.001951 -0.007000
v -0.002776 0.003751 -0.007000
v -0.002274 0.001952 -0.007000
v -0.002278 0.003752 -0.007000
v -0.004177 0.001948 -0.007000
v -0.004181 0.003748 -0.007000
v -0.003272 0.001950 -0.007000
v -0.003276 0.003750 -0.007000
v 0.004300 0.001967 -0.006789
v 0.004296 0.003767 -0.006789
v 0.004829 0.003768 -0.007212
v 0.004833 0.001968 -0.007212
v 0.005249 0.003769 -0.007365
v 0.005253 0.001969 -0.007365
v 0.005694 0.003770 -0.007406
v 0.005698 0.001970 -0.007406
v 0.006135 0.003771 -0.007332
v 0.006139 0.001971 -0.007332
v 0.006543 0.003772 -0.007150
v 0.006547 0.001972 -0.007150
v 0.006892 0.003773 -0.006870
v 0.006896 0.001973 -0.006870
v 0.007158 0.003774 -0.006511
v 0.007162 0.001974 -0.006511
v 0.007325 0.003774 -0.006096
v 0.007329 0.001974 -0.006096
v 0.007380 0.003774 -0.005652
v 0.007384 0.001974 -0.005652
v 0.007322 0.003774 -0.005209
v 0.007326 0.001974 -0.005209
v 0.007153 0.003774 -0.004795
v 0.007157 0.001974 -0.004795
v 0.006885 0.003773 -0.004437
v 0.006889 0.001973 -0.004437
v 0.006535 0.003772 -0.004159
v 0.006539 0.001972 -0.004159
v 0.006126 0.003771 -0.003979
v 0.006130 0.001971 -0.003979
v 0.005685 0.003770 -0.003908
v 0.005689 0.001970 -0.003908
v 0.005240 0.003769 -0.003951
v 0.005244 0.001969 -0.003951
v 0.004820 0.003768 -0.004106
v 0.004824 0.001968 -0.004106
v 0.004454 0.003768 -0.004361
v 0.004458 0.001968 -0.004361
v 0.004164 0.003767 -0.004702
v 0.004168 0.001967 -0.004702
v 0.003970 0.003767 -0.005105
v 0.003974 0.001967 -0.005105
v 0.003884 0.003766 -0.005543
v 0.003888 0.001966 -0.005543
v 0.003912 0.003766 -0.005989
v 0.003916 0.001966 -0.005989
v 0.004053 0.003767 -0.006414
v 0.004057 0.001967 -0.006414
v 0.004498 0.001968 -0.007634
v 0.004494 0.003768 -0.007634
v 0.005283 0.003769 -0.009000
v 0.005287 0.001969 -0.009000
v 0.004777 0.003768 -0.008124
v 0.004969 0.001969 -0.009550
v 0.004965 0.003769 -0.009550
v 0.005225 0.003769 -0.010000
v 0.005229 0.001969 -0.010000
v 0.005152 0.001969 -0.009990
v 0.005148 0.003769 -0.009990
v 0.005079 0.001969 -0.009960
v 0.005075 0.003769 -0.009960
v 0.005017 0.001969 -0.009912
v 0.005013 0.003769 -0.009912
v 0.004969 0.001969 -0.009850
v 0.004965 0.003769 -0.009850
v 0.004939 0.001969 -0.009778
v 0.004935 0.003769 -0.009778
v 0.004929 0.001969 -0.009700
v 0.004925 0.003769 -0.009700
v 0.004939 0.001969 -0.009622
v 0.004935 0.003769 -0.009622
v 0.006228 0.001972 -0.010000
v 0.006224 0.003772 -0.010000
v 0.006901 0.001973 -0.010000
v 0.007128 0.003774 -0.010000
v 0.007132 0.001974 -0.010000
v 0.005728 0.001970 -0.010000
v 0.005724 0.003770 -0.010000
v -0.005772 0.001945 -0.010000
v -0.005776 0.003745 -0.010000
v -0.005274 0.001946 -0.010000
v -0.005278 0.003746 -0.010000
v -0.006276 0.003744 -0.010000
v -0.006272 0.001944 -0.010000
v -0.006880 0.003742 -0.010000
v -0.006946 0.001942 -0.010000
v -0.007181 0.003741 -0.010000
v -0.007177 0.001941 -0.010000
v -0.000771 0.001956 -0.010000
v -0.000775 0.003756 -0.010000
v -0.000272 0.001957 -0.010000
v -0.000276 0.003757 -0.010000
v 0.000228 0.001958 -0.010000
v 0.000224 0.003758 -0.010000
v 0.000726 0.001959 -0.010000
v 0.000722 0.003759 -0.010000
v 0.008283 0.003776 -0.012000
v 0.008287 0.001976 -0.012000
v 0.007444 0.003774 -0.010548
v 0.007170 0.003774 -0.010073
v 0.007585 0.001975 -0.013217
v 0.007581 0.003775 -0.013217
v 0.007132 0.001974 -0.014000
v 0.007128 0.003774 -0.014000
v 0.007835 0.001975 -0.012783
v 0.007831 0.003775 -0.012783
v 0.006901 0.001973 -0.014000
v 0.004819 0.003768 -0.014000
v 0.004823 0.001968 -0.014000
v 0.004121 0.001967 -0.012783
v 0.004117 0.003767 -0.012783
v 0.003668 0.001966 -0.012000
v 0.003664 0.003766 -0.012000
v 0.004367 0.003767 -0.013217
v 0.004371 0.001967 -0.013217
v 0.004777 0.003768 -0.013927
v 0.003986 0.001967 -0.011450
v 0.003982 0.003767 -0.011450
v 0.003722 0.003766 -0.011000
v 0.003726 0.001966 -0.011000
v 0.003804 0.001966 -0.011010
v 0.003800 0.003766 -0.011010
v 0.003876 0.001966 -0.011040
v 0.003872 0.003766 -0.011040
v 0.003938 0.001966 -0.011088
v 0.003934 0.003766 -0.011088
v 0.003986 0.001967 -0.011150
v 0.003982 0.003767 -0.011150
v 0.004016 0.001967 -0.011222
v 0.004012 0.003767 -0.011222
v 0.004026 0.001967 -0.011300
v 0.004022 0.003767 -0.011300
v 0.004016 0.001967 -0.011378
v 0.004012 0.003767 -0.011378
v 0.002728 0.001964 -0.011000
v 0.002724 0.003764 -0.011000
v 0.002229 0.001963 -0.011000
v 0.002225 0.003763 -0.011000
v 0.003228 0.001965 -0.011000
v 0.003224 0.003765 -0.011000
v 0.002148 0.003762 -0.011010
v 0.002152 0.001962 -0.011010
v 0.002075 0.003762 -0.011040
v 0.002079 0.001962 -0.011040
v 0.002013 0.003762 -0.011088
v 0.002017 0.001962 -0.011088
v 0.001965 0.003762 -0.011150
v 0.001969 0.001962 -0.011150
v 0.001935 0.003762 -0.011222
v 0.001939 0.001962 -0.011222
v 0.001925 0.003762 -0.011300
v 0.001929 0.001962 -0.011300
v 0.001935 0.003762 -0.011378
v 0.001939 0.001962 -0.011378
v 0.001965 0.003762 -0.011450
v 0.001969 0.001962 -0.011450
v 0.002287 0.001963 -0.012000
v 0.002283 0.003763 -0.012000
v 0.001585 0.001961 -0.013217
v 0.001581 0.003761 -0.013217
v 0.001132 0.001960 -0.014000
v 0.001128 0.003760 -0.014000
v 0.001835 0.001962 -0.012783
v 0.001831 0.003762 -0.012783
v -0.000022 0.001958 -0.014000
v -0.001181 0.003755 -0.014000
v -0.001177 0.001955 -0.014000
v -0.001063 0.003755 -0.014000
v 0.001010 0.003760 -0.014000
v -0.001879 0.001953 -0.012783
v -0.001883 0.003753 -0.012783
v -0.002332 0.001952 -0.012000
v -0.002336 0.003752 -0.012000
v -0.001629 0.001954 -0.013217
v -0.001633 0.003754 -0.013217
v -0.002014 0.001953 -0.011450
v -0.002018 0.003753 -0.011450
v -0.002278 0.003752 -0.011000
v -0.002274 0.001952 -0.011000
v -0.002196 0.001953 -0.011010
v -0.002200 0.003753 -0.011010
v -0.002124 0.001953 -0.011040
v -0.002128 0.003753 -0.011040
v -0.002062 0.001953 -0.011088
v -0.002066 0.003753 -0.011088
v -0.002014 0.001953 -0.011150
v -0.002018 0.003753 -0.011150
v -0.001984 0.001953 -0.011222
v -0.001988 0.003753 -0.011222
v -0.001974 0.001953 -0.011300
v -0.001978 0.003753 -0.011300
v -0.001984 0.001953 -0.011378
v -0.001988 0.003753 -0.011378
v -0.003272 0.001950 -0.011000
v -0.003276 0.003750 -0.011000
v -0.003771 0.001949 -0.011000
v -0.003775 0.003749 -0.011000
v -0.002772 0.001951 -0.011000
v -0.002776 0.003751 -0.011000
v -0.003852 0.003749 -0.011010
v -0.003848 0.001949 -0.011010
v -0.003925 0.003749 -0.011040
v -0.003921 0.001949 -0.011040
v -0.003987 0.003749 -0.011088
v -0.003983 0.001949 -0.011088
v -0.004035 0.003749 -0.011150
v -0.004031 0.001949 -0.011150
v -0.004065 0.003748 -0.011222
v -0.004061 0.001948 -0.011222
v -0.004075 0.003748 -0.011300
v -0.004071 0.001948 -0.011300
v -0.004065 0.003748 -0.011378
v -0.004061 0.001948 -0.011378
v -0.004035 0.003749 -0.011450
v -0.004031 0.001949 -0.011450
v -0.003713 0.001949 -0.012000
v -0.003717 0.003749 -0.012000
v -0.004415 0.001948 -0.013217
v -0.004419 0.003748 -0.013217
v -0.004868 0.001947 -0.014000
v -0.004872 0.003747 -0.014000
v -0.004165 0.001948 -0.012783
v -0.004169 0.003748 -0.012783
v -0.006946 0.001942 -0.014000
v -0.006880 0.003742 -0.014000
v -0.007177 0.001941 -0.014000
v -0.007181 0.003741 -0.014000
v -0.007879 0.001940 -0.012783
v -0.007883 0.003740 -0.012783
v -0.008332 0.001939 -0.012000
v -0.008336 0.003739 -0.012000
v -0.007629 0.001940 -0.013217
v -0.007633 0.003740 -0.013217
v -0.007497 0.003741 -0.010548
v -0.007223 0.003741 -0.010073
v -0.007780 0.003740 -0.012723
v -0.007779 0.003440 -0.012723
v -0.007530 0.003741 -0.013157
v -0.007529 0.003441 -0.013157
v -0.004523 0.003747 -0.013157
v -0.004522 0.003447 -0.013157
v -0.004273 0.003748 -0.012723
v -0.004272 0.003448 -0.012723
v -0.003276 0.003750 -0.010880
v -0.003275 0.003450 -0.010880
v -0.002776 0.003751 -0.010880
v -0.002775 0.003451 -0.010880
v -0.001780 0.003754 -0.012723
v -0.001779 0.003454 -0.012723
v -0.001530 0.003754 -0.013157
v -0.001529 0.003454 -0.013157
v 0.001477 0.003761 -0.013157
v 0.001478 0.003461 -0.013157
v 0.001727 0.003761 -0.012723
v 0.001728 0.003461 -0.012723
v 0.002724 0.003764 -0.010880
v 0.002725 0.003464 -0.010880
v 0.003224 0.003765 -0.010880
v 0.003225 0.003465 -0.010880
v 0.004220 0.003767 -0.012723
v 0.004221 0.003467 -0.012723
v 0.004470 0.003768 -0.013157
v 0.004471 0.003468 -0.013157
v 0.007477 0.003774 -0.013157
v 0.007478 0.003474 -0.013157
v 0.007727 0.003775 -0.012723
v 0.007728 0.003475 -0.012723
v 0.006224 0.003772 -0.010073
v 0.006225 0.003472 -0.010120
v 0.006224 0.003772 -0.010120
v 0.005724 0.003770 -0.010120
v 0.005725 0.003470 -0.010120
v 0.005724 0.003770 -0.010073
v -0.005200 0.003746 -0.009990
v -0.005196 0.001946 -0.009990
v -0.005128 0.003746 -0.009960
v -0.005124 0.001946 -0.009960
v -0.005066 0.003746 -0.009912
v -0.005062 0.001946 -0.009912
v -0.005018 0.003746 -0.009850
v -0.005014 0.001946 -0.009850
v -0.004988 0.003746 -0.009778
v -0.004984 0.001946 -0.009778
v -0.004978 0.003746 -0.009700
v -0.004974 0.001946 -0.009700
v -0.004988 0.003746 -0.009622
v -0.004984 0.001946 -0.009622
v -0.005018 0.003746 -0.009550
v -0.005014 0.001946 -0.009550
v -0.005332 0.001946 -0.009000
v -0.005336 0.003746 -0.009000
v -0.004543 0.001947 -0.007634
v -0.004547 0.003747 -0.007634
v -0.004878 0.001947 -0.007212
v -0.004882 0.003747 -0.007212
v -0.004349 0.003748 -0.006789
v -0.004345 0.001948 -0.006789
v -0.004106 0.003748 -0.006414
v -0.004102 0.001948 -0.006414
v -0.003965 0.003749 -0.005989
v -0.003961 0.001949 -0.005989
v -0.003937 0.003749 -0.005543
v -0.003933 0.001949 -0.005543
v -0.004023 0.003749 -0.005105
v -0.004019 0.001949 -0.005105
v -0.004217 0.003748 -0.004702
v -0.004213 0.001948 -0.004702
v -0.004507 0.003747 -0.004361
v -0.004503 0.001947 -0.004361
v -0.004873 0.003747 -0.004106
v -0.004869 0.001947 -0.004106
v -0.005293 0.003746 -0.003951
v -0.005289 0.001946 -0.003951
v -0.005738 0.003745 -0.003908
v -0.005734 0.001945 -0.003908
v -0.006179 0.003744 -0.003979
v -0.006175 0.001944 -0.003979
v -0.006588 0.003743 -0.004159
v -0.006584 0.001943 -0.004159
v -0.006938 0.003742 -0.004437
v -0.006934 0.001942 -0.004437
v -0.007206 0.003741 -0.004795
v -0.007202 0.001941 -0.004795
v -0.007375 0.003741 -0.005209
v -0.007371 0.001941 -0.005209
v -0.007433 0.003741 -0.005652
v -0.007429 0.001941 -0.005652
v -0.007377 0.003741 -0.006096
v -0.007373 0.001941 -0.006096
v -0.007211 0.003741 -0.006511
v -0.007207 0.001941 -0.006511
v -0.006945 0.003742 -0.006870
v -0.006941 0.001942 -0.006870
v -0.006596 0.003743 -0.007150
v -0.006592 0.001943 -0.007150
v -0.006188 0.003744 -0.007332
v -0.006184 0.001944 -0.007332
v -0.005747 0.003745 -0.007406
v -0.005743 0.001945 -0.007406
v -0.005302 0.003746 -0.007365
v -0.005298 0.001946 -0.007365
v -0.005776 0.003745 -0.010073
v -0.005775 0.003445 -0.010120
v -0.005776 0.003745 -0.010120
v -0.006276 0.003744 -0.010120
v -0.006275 0.003444 -0.010120
v -0.006276 0.003744 -0.010073
v -0.000276 0.003757 -0.010120
v -0.000275 0.003457 -0.010120
v -0.000276 0.003757 -0.010073
v 0.000225 0.003458 -0.010120
v 0.000224 0.003758 -0.010120
v 0.000224 0.003758 -0.010073
v -0.000848 0.001956 -0.009990
v -0.000852 0.003756 -0.009990
v -0.000921 0.001956 -0.009960
v -0.000925 0.003756 -0.009960
v -0.000983 0.001955 -0.009912
v -0.000987 0.003755 -0.009912
v -0.001031 0.001955 -0.009850
v -0.001035 0.003755 -0.009850
v -0.001061 0.001955 -0.009778
v -0.001065 0.003755 -0.009778
v -0.001071 0.001955 -0.009700
v -0.001075 0.003755 -0.009700
v -0.001061 0.001955 -0.009622
v -0.001065 0.003755 -0.009622
v -0.001064 0.003755 -0.009619
v -0.001031 0.001955 -0.009550
v -0.001035 0.003755 -0.009550
v -0.000713 0.001956 -0.009000
v -0.000717 0.003756 -0.009000
v -0.001031 0.001955 -0.008450
v -0.001035 0.003755 -0.008450
v -0.000771 0.001956 -0.008000
v -0.000775 0.003756 -0.008000
v -0.000852 0.003756 -0.008010
v -0.000848 0.001956 -0.008010
v -0.000925 0.003756 -0.008040
v -0.000921 0.001956 -0.008040
v -0.000987 0.003755 -0.008088
v -0.000983 0.001955 -0.008088
v -0.001035 0.003755 -0.008150
v -0.001031 0.001955 -0.008150
v -0.001065 0.003755 -0.008222
v -0.001061 0.001955 -0.008222
v -0.001075 0.003755 -0.008300
v -0.001071 0.001955 -0.008300
v -0.001065 0.003755 -0.008378
v -0.001061 0.001955 -0.008378
v -0.001064 0.003755 -0.008381
v -0.000272 0.001957 -0.008000
v -0.000276 0.003757 -0.008000
v 0.000726 0.001959 -0.008000
v 0.000722 0.003759 -0.008000
v 0.000228 0.001958 -0.008000
v 0.000224 0.003758 -0.008000
v -0.000276 0.003757 -0.007927
v -0.000275 0.003457 -0.007880
v -0.000276 0.003757 -0.007880
v 0.000224 0.003758 -0.007880
v 0.000225 0.003458 -0.007880
v 0.000224 0.003758 -0.007927
v 0.000804 0.001959 -0.008010
v 0.000800 0.003759 -0.008010
v 0.000876 0.001960 -0.008040
v 0.000872 0.003760 -0.008040
v 0.000938 0.001960 -0.008088
v 0.000934 0.003760 -0.008088
v 0.000986 0.001960 -0.008150
v 0.000982 0.003760 -0.008150
v 0.001016 0.001960 -0.008222
v 0.001012 0.003760 -0.008222
v 0.001026 0.001960 -0.008300
v 0.001022 0.003760 -0.008300
v 0.001016 0.001960 -0.008378
v 0.001012 0.003760 -0.008378
v 0.000986 0.001960 -0.008450
v 0.000982 0.003760 -0.008450
v 0.000668 0.001959 -0.009000
v 0.000664 0.003759 -0.009000
v 0.000986 0.001960 -0.009550
v 0.000982 0.003760 -0.009550
v 0.000800 0.003759 -0.009990
v 0.000804 0.001959 -0.009990
v 0.000872 0.003760 -0.009960
v 0.000876 0.001960 -0.009960
v 0.000934 0.003760 -0.009912
v 0.000938 0.001960 -0.009912
v 0.000982 0.003760 -0.009850
v 0.000986 0.001960 -0.009850
v 0.001012 0.003760 -0.009778
v 0.001016 0.001960 -0.009778
v 0.001022 0.003760 -0.009700
v 0.001026 0.001960 -0.009700
v 0.001012 0.003760 -0.009622
v 0.001016 0.001960 -0.009622
v 0.003224 0.003765 -0.007120
v 0.003225 0.003465 -0.007120
v 0.002724 0.003764 -0.007120
v 0.002725 0.003464 -0.007120
v -0.002200 0.003753 -0.006990
v -0.002196 0.001953 -0.006990
v -0.002128 0.003753 -0.006960
v -0.002124 0.001953 -0.006960
v -0.002066 0.003753 -0.006912
v -0.002062 0.001953 -0.006912
v -0.002018 0.003753 -0.006850
v -0.002014 0.001953 -0.006850
v -0.001988 0.003753 -0.006778
v -0.001984 0.001953 -0.006778
v -0.001978 0.003753 -0.006700
v -0.001974 0.001953 -0.006700
v -0.001988 0.003753 -0.006622
v -0.001984 0.001953 -0.006622
v -0.002018 0.003753 -0.006550
v -0.002014 0.001953 -0.006550
v -0.002332 0.001952 -0.006000
v -0.002336 0.003752 -0.006000
v -0.002776 0.003751 -0.007120
v -0.002775 0.003451 -0.007120
v -0.003276 0.003750 -0.007120
v -0.003275 0.003450 -0.007120
v 0.001727 0.003761 -0.005277
v 0.001728 0.003461 -0.005277
v 0.001477 0.003761 -0.004843
v 0.001478 0.003461 -0.004843
v 0.001128 0.003760 -0.003830
v 0.003954 0.003466 0.014500
v 0.002975 0.003464 0.012804
v 0.003957 0.001966 0.014500
v 0.002978 0.001964 0.012804
v 0.001995 0.003462 0.014500
v 0.001998 0.001962 0.014500
v 0.008983 -0.000022 0.014500
v 0.008975 0.003478 0.014500
v 0.008975 0.003478 0.012804
v 0.008978 0.001978 0.012804
v 0.008978 0.001978 0.012598
v 0.008978 0.001978 0.012500
v 0.008975 0.003478 -0.012804
v 0.008975 0.003478 -0.014500
v 0.008978 0.001978 -0.012804
v 0.008983 -0.000022 -0.014500
v 0.008978 0.001978 -0.012500
v 0.007995 0.003476 0.014500
v 0.007998 0.001976 0.014500
v 0.009483 -0.000021 0.014500
v 0.009478 0.001979 0.012500
v 0.009981 0.000687 0.014500
v 0.009977 0.002480 0.012707
v 0.009478 0.001979 -0.009148
v 0.009478 0.001979 -0.012500
v 0.009977 0.002480 -0.012707
v 0.009478 0.001979 0.009148
v 0.009478 0.001979 0.006852
v 0.009478 0.001979 -0.000000
v 0.009478 0.001979 -0.006852
v 0.009981 0.000687 -0.014500
v 0.009483 -0.000021 -0.014500
v 0.007995 0.003476 -0.014500
v 0.007998 0.001976 -0.014500
v 0.008975 0.003478 0.011196
v 0.008975 0.003478 0.009497
v 0.008978 0.001978 0.011196
v 0.008978 0.001978 0.009497
v 0.008163 0.003476 0.009790
v 0.008166 0.001976 0.009790
v 0.008590 0.001977 0.009693
v 0.008587 0.003477 0.009693
v 0.008975 0.003478 0.001732
v 0.006621 0.003472 0.003091
v 0.008978 0.001978 0.001732
v 0.006624 0.001972 0.003091
v 0.008320 0.003476 0.006234
v 0.008323 0.001976 0.006234
v 0.008384 0.001976 0.005590
v 0.008381 0.003476 0.005590
v 0.008292 0.001976 0.004950
v 0.008289 0.003476 0.004950
v 0.008053 0.001976 0.004349
v 0.008050 0.003476 0.004349
v 0.007681 0.001975 0.003820
v 0.007678 0.003475 0.003820
v 0.007196 0.001974 0.003393
v 0.007193 0.003474 0.003393
v 0.008975 0.003478 0.006503
v 0.008978 0.001978 0.006503
v 0.008664 0.001977 0.006336
v 0.008661 0.003477 0.006336
v -0.003025 0.003451 0.012804
v -0.004005 0.003449 0.014500
v -0.003022 0.001951 0.012804
v -0.004002 0.001949 0.014500
v -0.002046 0.003453 0.014500
v -0.002043 0.001953 0.014500
v -0.009025 0.003437 0.012804
v -0.009025 0.003437 0.014500
v -0.009022 0.001937 0.012804
v -0.009017 -0.000063 0.014500
v -0.009022 0.001937 0.012598
v -0.009022 0.001937 0.012500
v -0.009025 0.003437 -0.014500
v -0.009025 0.003437 -0.012804
v -0.009017 -0.000063 -0.014500
v -0.009022 0.001937 -0.012804
v -0.009022 0.001937 -0.012500
v -0.008046 0.003440 0.014500
v -0.008043 0.001940 0.014500
v -0.009522 0.001936 0.012500
v -0.009517 -0.000064 0.014500
v -0.010019 0.000642 0.014500
v -0.010023 0.002435 0.012707
v -0.009517 -0.000064 -0.014500
v -0.009522 0.001936 -0.012500
v -0.008046 0.003440 -0.014500
v -0.008043 0.001940 -0.014500
v -0.009025 0.003437 0.009497
v -0.009022 0.001937 0.009497
v -0.008634 0.001938 0.009693
v -0.008637 0.003438 0.009693
v -0.008211 0.001939 0.009790
v -0.008214 0.003439 0.009790
v -0.009025 0.003437 0.011196
v -0.009022 0.001937 0.011196
v -0.006672 0.003443 0.003091
v -0.006669 0.001943 0.003091
v -0.007240 0.001941 0.003393
v -0.007243 0.003441 0.003393
v -0.007726 0.001940 0.003820
v -0.007729 0.003440 0.003820
v -0.008098 0.001939 0.004349
v -0.008101 0.003439 0.004349
v -0.008337 0.001939 0.004950
v -0.008340 0.003439 0.004950
v -0.008428 0.001939 0.005590
v -0.008431 0.003439 0.005590
v -0.008368 0.001939 0.006234
v -0.008371 0.003439 0.006234
v -0.009025 0.003437 0.001732
v -0.009022 0.001937 0.001732
v -0.009025 0.003437 0.006503
v -0.009022 0.001937 0.006503
v -0.008709 0.001938 0.006336
v -0.008712 0.003438 0.006336
v 0.002975 0.003464 -0.012804
v 0.003954 0.003466 -0.014500
v 0.002978 0.001964 -0.012804
v 0.003957 0.001966 -0.014500
v 0.001995 0.003462 -0.014500
v 0.001998 0.001962 -0.014500
v 0.008975 0.003478 -0.009497
v 0.008978 0.001978 -0.009497
v 0.008590 0.001977 -0.009693
v 0.008587 0.003477 -0.009693
v 0.008166 0.001976 -0.009790
v 0.008163 0.003476 -0.009790
v 0.008975 0.003478 -0.011196
v 0.008978 0.001978 -0.011196
v -0.002592 -0.017189 -0.016000
v -0.002592 -0.017189 -0.017300
v -0.002690 -0.017402 -0.016000
v -0.002690 -0.017402 -0.017300
v -0.002837 -0.017588 -0.016000
v -0.002837 -0.017588 -0.017300
v -0.003022 -0.017733 -0.016000
v -0.003022 -0.017733 -0.017300
v -0.003236 -0.017831 -0.016000
v -0.003236 -0.017831 -0.017300
v -0.003467 -0.017876 -0.016000
v -0.003467 -0.017876 -0.017300
v -0.003702 -0.017866 -0.016000
v -0.003702 -0.017866 -0.017300
v -0.003929 -0.017801 -0.016000
v -0.003929 -0.017801 -0.017300
v -0.004134 -0.017685 -0.016000
v -0.004134 -0.017685 -0.017300
v -0.002452 -0.016842 -0.016000
v -0.002452 -0.016842 -0.017300
v -0.002264 -0.016517 -0.016000
v -0.002264 -0.016517 -0.017300
v 0.002304 -0.016506 -0.017300
v 0.002304 -0.016506 -0.016000
v 0.002491 -0.016831 -0.016000
v 0.002491 -0.016831 -0.017300
v 0.002633 -0.017178 -0.016000
v 0.002633 -0.017178 -0.017300
v -0.002154 -0.016295 -0.017300
v -0.002154 -0.016295 -0.016000
v -0.002100 -0.016053 -0.017300
v -0.002100 -0.016053 -0.016000
v -0.002109 -0.015805 -0.017300
v -0.002109 -0.015805 -0.016000
v -0.002177 -0.015567 -0.017300
v -0.002177 -0.015567 -0.016000
v -0.002302 -0.015354 -0.017300
v -0.002302 -0.015354 -0.016000
v -0.002475 -0.015177 -0.017300
v -0.002475 -0.015177 -0.016000
v -0.003115 -0.014541 -0.016000
v -0.003115 -0.014541 -0.017300
v 0.003144 -0.014527 -0.016000
v 0.002508 -0.015166 -0.016000
v 0.003144 -0.014527 -0.017300
v 0.002508 -0.015166 -0.017300
v -0.004454 -0.014336 -0.016000
v -0.004454 -0.014336 -0.017300
v -0.004233 -0.014225 -0.016000
v -0.004233 -0.014225 -0.017300
v -0.003992 -0.014170 -0.016000
v -0.003992 -0.014170 -0.017300
v -0.003745 -0.014178 -0.016000
v -0.003745 -0.014178 -0.017300
v -0.003506 -0.014245 -0.016000
v -0.003506 -0.014245 -0.017300
v -0.003292 -0.014369 -0.016000
v -0.003292 -0.014369 -0.017300
v -0.004779 -0.014524 -0.016000
v -0.004779 -0.014524 -0.017300
v -0.005125 -0.014667 -0.016000
v -0.005125 -0.014667 -0.017300
v -0.005997 -0.009306 -0.017300
v -0.005997 -0.009306 -0.016000
v -0.005458 -0.009358 -0.016000
v -0.005458 -0.009358 -0.017300
v -0.004941 -0.009515 -0.016000
v -0.004941 -0.009515 -0.017300
v -0.004464 -0.009768 -0.016000
v -0.004464 -0.009768 -0.017300
v -0.004243 -0.009880 -0.017300
v -0.004243 -0.009880 -0.016000
v -0.004001 -0.009932 -0.017300
v -0.004001 -0.009932 -0.016000
v -0.003754 -0.009925 -0.017300
v -0.003754 -0.009925 -0.016000
v -0.003516 -0.009856 -0.017300
v -0.003516 -0.009856 -0.016000
v -0.003303 -0.009732 -0.017300
v -0.003303 -0.009732 -0.016000
v -0.003126 -0.009558 -0.017300
v -0.003126 -0.009558 -0.016000
v 0.002494 -0.008908 -0.016000
v 0.003133 -0.009544 -0.016000
v 0.002494 -0.008908 -0.017300
v 0.003133 -0.009544 -0.017300
v -0.002489 -0.008919 -0.016000
v -0.002489 -0.008919 -0.017300
v 0.004473 -0.009748 -0.016000
v 0.004473 -0.009748 -0.017300
v 0.004252 -0.009861 -0.016000
v 0.004252 -0.009861 -0.017300
v 0.004010 -0.009914 -0.016000
v 0.004010 -0.009914 -0.017300
v 0.003763 -0.009908 -0.016000
v 0.003763 -0.009908 -0.017300
v 0.003525 -0.009841 -0.016000
v 0.003525 -0.009841 -0.017300
v 0.003310 -0.009717 -0.016000
v 0.003310 -0.009717 -0.017300
v 0.005155 -0.014644 -0.017300
v 0.005155 -0.014644 -0.016000
v 0.004808 -0.014503 -0.016000
v 0.004808 -0.014503 -0.017300
v 0.004483 -0.014316 -0.016000
v 0.004483 -0.014316 -0.017300
v 0.004948 -0.009492 -0.016000
v 0.004948 -0.009492 -0.017300
v 0.005466 -0.009333 -0.016000
v 0.005466 -0.009333 -0.017300
v 0.006003 -0.009279 -0.016000
v 0.006003 -0.009279 -0.017300
v 0.004262 -0.014206 -0.017300
v 0.004262 -0.014206 -0.016000
v 0.004019 -0.014152 -0.017300
v 0.004019 -0.014152 -0.016000
v 0.003772 -0.014161 -0.017300
v 0.003772 -0.014161 -0.016000
v 0.003535 -0.014229 -0.017300
v 0.003535 -0.014229 -0.016000
v 0.003321 -0.014354 -0.017300
v 0.003321 -0.014354 -0.016000
v 0.005370 -0.014742 -0.016000
v 0.005370 -0.014742 -0.017300
v 0.005554 -0.014889 -0.016000
v 0.005554 -0.014889 -0.017300
v 0.005699 -0.015074 -0.016000
v 0.005699 -0.015074 -0.017300
v 0.005797 -0.015288 -0.016000
v 0.005797 -0.015288 -0.017300
v 0.005842 -0.015519 -0.016000
v 0.005842 -0.015519 -0.017300
v 0.005832 -0.015754 -0.016000
v 0.005832 -0.015754 -0.017300
v 0.005767 -0.015980 -0.016000
v 0.005767 -0.015980 -0.017300
v 0.005651 -0.016186 -0.016000
v 0.005651 -0.016186 -0.017300
v 0.004177 -0.017666 -0.017300
v 0.004177 -0.017666 -0.016000
v 0.004970 -0.016981 -0.017300
v 0.004970 -0.016981 -0.016000
v 0.003974 -0.017784 -0.016000
v 0.003974 -0.017784 -0.017300
v 0.003748 -0.017849 -0.016000
v 0.003748 -0.017849 -0.017300
v 0.003512 -0.017861 -0.016000
v 0.003512 -0.017861 -0.017300
v 0.003281 -0.017816 -0.016000
v 0.003281 -0.017816 -0.017300
v 0.003066 -0.017720 -0.016000
v 0.003066 -0.017720 -0.017300
v 0.002880 -0.017575 -0.016000
v 0.002880 -0.017575 -0.017300
v 0.002733 -0.017390 -0.016000
v 0.002733 -0.017390 -0.017300
v 0.006804 -0.009277 -0.017300
v 0.006804 -0.009277 -0.016000
v 0.007786 -0.008458 -0.016000
v 0.007786 -0.008458 -0.017300
v 0.007718 -0.008679 -0.016000
v 0.007718 -0.008679 -0.017300
v 0.007602 -0.008878 -0.016000
v 0.007602 -0.008878 -0.017300
v 0.007443 -0.009045 -0.016000
v 0.007443 -0.009045 -0.017300
v 0.007250 -0.009171 -0.016000
v 0.007250 -0.009171 -0.017300
v 0.007033 -0.009251 -0.016000
v 0.007033 -0.009251 -0.017300
v 0.008987 -0.001930 -0.016000
v 0.008987 -0.001930 -0.017300
v 0.008974 0.003678 -0.017300
v 0.008974 0.003678 -0.016000
v 0.002284 -0.007569 -0.017300
v 0.002284 -0.007569 -0.016000
v 0.002172 -0.007791 -0.017300
v 0.002172 -0.007791 -0.016000
v 0.002120 -0.008033 -0.017300
v 0.002120 -0.008033 -0.016000
v 0.002127 -0.008280 -0.017300
v 0.002127 -0.008280 -0.016000
v 0.002196 -0.008517 -0.017300
v 0.002196 -0.008517 -0.016000
v 0.002320 -0.008731 -0.017300
v 0.002320 -0.008731 -0.016000
v 0.002746 -0.006036 -0.017300
v 0.002746 -0.006036 -0.016000
v 0.002693 -0.006574 -0.016000
v 0.002693 -0.006574 -0.017300
v 0.002538 -0.007092 -0.016000
v 0.002538 -0.007092 -0.017300
v -0.002284 -0.007580 -0.017300
v -0.002284 -0.007580 -0.016000
v -0.002541 -0.007103 -0.016000
v -0.002541 -0.007103 -0.017300
v -0.002700 -0.006586 -0.016000
v -0.002700 -0.006586 -0.017300
v -0.002754 -0.006049 -0.016000
v -0.002754 -0.006049 -0.017300
v -0.002173 -0.007800 -0.016000
v -0.002173 -0.007800 -0.017300
v -0.002118 -0.008042 -0.016000
v -0.002118 -0.008042 -0.017300
v -0.002126 -0.008289 -0.016000
v -0.002126 -0.008289 -0.017300
v -0.002193 -0.008527 -0.016000
v -0.002193 -0.008527 -0.017300
v -0.002317 -0.008742 -0.016000
v -0.002317 -0.008742 -0.017300
v -0.002776 0.003651 -0.017300
v -0.002776 0.003651 -0.016000
v -0.006799 -0.009308 -0.016000
v -0.006799 -0.009308 -0.017300
v -0.007028 -0.009282 -0.016000
v -0.007028 -0.009282 -0.017300
v -0.007245 -0.009204 -0.016000
v -0.007245 -0.009204 -0.017300
v -0.007438 -0.009078 -0.016000
v -0.007438 -0.009078 -0.017300
v -0.007597 -0.008912 -0.016000
v -0.007597 -0.008912 -0.017300
v -0.007715 -0.008714 -0.016000
v -0.007715 -0.008714 -0.017300
v -0.007783 -0.008493 -0.016000
v -0.007783 -0.008493 -0.017300
v -0.009013 -0.001971 -0.017300
v -0.009013 -0.001971 -0.016000
v -0.009026 0.003637 -0.016000
v -0.009026 0.003637 -0.017300
v 0.002191 -0.016286 -0.016000
v 0.002191 -0.016286 -0.017300
v 0.002138 -0.016044 -0.016000
v 0.002138 -0.016044 -0.017300
v 0.002144 -0.015796 -0.016000
v 0.002144 -0.015796 -0.017300
v 0.002212 -0.015557 -0.016000
v 0.002212 -0.015557 -0.017300
v 0.002335 -0.015343 -0.016000
v 0.002335 -0.015343 -0.017300
v 0.006007 -0.011004 0.014500
v 0.006007 -0.011004 0.015800
v 0.005741 -0.011040 0.014500
v 0.005741 -0.011040 0.015800
v 0.005495 -0.011143 0.014500
v 0.005495 -0.011143 0.015800
v 0.005283 -0.011306 0.014500
v 0.005283 -0.011306 0.015800
v 0.005120 -0.011519 0.014500
v 0.005120 -0.011519 0.015800
v 0.005019 -0.011766 0.014500
v 0.005019 -0.011766 0.015800
v 0.004985 -0.012031 0.014500
v 0.004985 -0.012031 0.015800
v 0.005020 -0.012297 0.014500
v 0.005020 -0.012297 0.015800
v 0.005123 -0.012544 0.014500
v 0.005123 -0.012544 0.015800
v 0.005286 -0.012756 0.014500
v 0.005286 -0.012756 0.015800
v 0.005499 -0.012918 0.014500
v 0.005499 -0.012918 0.015800
v 0.005746 -0.013020 0.014500
v 0.005746 -0.013020 0.015800
v 0.006012 -0.013054 0.014500
v 0.006012 -0.013054 0.015800
v 0.006277 -0.013018 0.014500
v 0.006277 -0.013018 0.015800
v 0.006524 -0.012916 0.014500
v 0.006524 -0.012916 0.015800
v 0.006735 -0.012752 0.014500
v 0.006735 -0.012752 0.015800
v 0.006898 -0.012540 0.014500
v 0.006898 -0.012540 0.015800
v 0.007000 -0.012293 0.014500
v 0.007000 -0.012293 0.015800
v 0.007035 -0.012027 0.014500
v 0.007035 -0.012027 0.015800
v 0.006999 -0.011762 0.014500
v 0.006999 -0.011762 0.015800
v 0.006895 -0.011515 0.014500
v 0.006895 -0.011515 0.015800
v 0.006732 -0.011302 0.014500
v 0.006732 -0.011302 0.015800
v 0.006520 -0.011141 0.014500
v 0.006520 -0.011141 0.015800
v 0.006272 -0.011038 0.014500
v 0.006272 -0.011038 0.015800
v -0.005988 -0.013081 0.014500
v -0.005988 -0.013081 0.015800
v -0.005723 -0.013045 0.014500
v -0.005723 -0.013045 0.015800
v -0.005476 -0.012943 0.014500
v -0.005476 -0.012943 0.015800
v -0.005265 -0.012779 0.014500
v -0.005265 -0.012779 0.015800
v -0.005102 -0.012567 0.014500
v -0.005102 -0.012567 0.015800
v -0.005000 -0.012320 0.014500
v -0.005000 -0.012320 0.015800
v -0.004965 -0.012054 0.014500
v -0.004965 -0.012054 0.015800
v -0.005001 -0.011789 0.014500
v -0.005001 -0.011789 0.015800
v -0.005104 -0.011542 0.014500
v -0.005104 -0.011542 0.015800
v -0.005268 -0.011329 0.014500
v -0.005268 -0.011329 0.015800
v -0.005480 -0.011168 0.014500
v -0.005480 -0.011168 0.015800
v -0.005728 -0.011065 0.014500
v -0.005728 -0.011065 0.015800
v -0.005993 -0.011031 0.014500
v -0.005993 -0.011031 0.015800
v -0.006259 -0.011066 0.014500
v -0.006259 -0.011066 0.015800
v -0.006505 -0.011170 0.014500
v -0.006505 -0.011170 0.015800
v -0.006717 -0.011333 0.014500
v -0.006717 -0.011333 0.015800
v -0.006879 -0.011546 0.014500
v -0.006879 -0.011546 0.015800
v -0.006981 -0.011793 0.014500
v -0.006981 -0.011793 0.015800
v -0.007015 -0.012058 0.014500
v -0.007015 -0.012058 0.015800
v -0.006980 -0.012324 0.014500
v -0.006980 -0.012324 0.015800
v -0.006877 -0.012571 0.014500
v -0.006877 -0.012571 0.015800
v -0.006714 -0.012783 0.014500
v -0.006714 -0.012783 0.015800
v -0.006501 -0.012945 0.014500
v -0.006501 -0.012945 0.015800
v -0.006254 -0.013046 0.014500
v -0.006254 -0.013046 0.015800
v 0.002611 -0.013537 0.017300
v 0.002230 -0.014059 0.014500
v 0.002135 -0.014160 0.017300
v 0.002135 -0.014160 0.014500
v 0.001515 -0.014637 0.017300
v 0.001515 -0.014637 0.014500
v 0.000792 -0.014939 0.017300
v 0.000792 -0.014939 0.014500
v 0.000016 -0.015042 0.017300
v 0.000016 -0.015042 0.014500
v -0.000761 -0.014942 0.017300
v -0.000761 -0.014942 0.014500
v -0.001485 -0.014644 0.017300
v -0.001485 -0.014644 0.014500
v -0.002108 -0.014169 0.017300
v -0.002108 -0.014169 0.014500
v -0.002585 -0.013548 0.017300
v -0.002585 -0.013548 0.014500
v -0.002887 -0.012826 0.017300
v -0.002887 -0.012826 0.014500
v -0.002990 -0.012049 0.017300
v -0.002990 -0.012049 0.014500
v -0.002890 -0.011273 0.017300
v -0.002890 -0.011273 0.014500
v -0.002592 -0.010548 0.017300
v -0.002592 -0.010548 0.014500
v -0.002117 -0.009926 0.017300
v -0.002117 -0.009926 0.014500
v -0.002017 -0.009831 0.014500
v -0.001496 -0.009448 0.017300
v -0.001496 -0.009448 0.014500
v -0.000774 -0.009146 0.017300
v -0.000774 -0.009146 0.014500
v 0.000003 -0.009042 0.017300
v 0.000003 -0.009042 0.014500
v 0.000779 -0.009143 0.017300
v 0.000779 -0.009143 0.014500
v 0.001504 -0.009441 0.017300
v 0.001504 -0.009441 0.014500
v 0.002126 -0.009917 0.017300
v 0.002126 -0.009917 0.014500
v 0.002604 -0.010537 0.017300
v 0.002604 -0.010537 0.014500
v 0.002905 -0.011260 0.017300
v 0.002905 -0.011260 0.014500
v 0.003010 -0.012036 0.017300
v 0.003010 -0.012036 0.014500
v 0.002908 -0.012813 0.017300
v 0.002908 -0.012813 0.014500
v 0.002611 -0.013537 0.014500
v 0.001746 -0.006038 0.015800
v 0.001746 -0.006038 0.017300
v 0.001724 0.003661 0.015800
v 0.001724 0.003661 0.017300
v -0.001754 -0.006046 0.015800
v -0.001754 -0.006046 0.017300
v -0.001694 -0.006499 0.015800
v -0.001694 -0.006499 0.017300
v -0.001518 -0.006921 0.015800
v -0.001518 -0.006921 0.017300
v -0.001239 -0.007283 0.015800
v -0.001239 -0.007283 0.017300
v -0.000875 -0.007560 0.015800
v -0.000875 -0.007560 0.017300
v -0.000453 -0.007734 0.015800
v -0.000453 -0.007734 0.017300
v 0.000000 -0.007792 0.015800
v 0.000000 -0.007792 0.017300
v 0.000453 -0.007732 0.015800
v 0.000453 -0.007732 0.017300
v 0.000875 -0.007556 0.015800
v 0.000875 -0.007556 0.017300
v 0.001236 -0.007278 0.015800
v 0.001236 -0.007278 0.017300
v 0.001513 -0.006914 0.015800
v 0.001513 -0.006914 0.017300
v 0.001687 -0.006492 0.015800
v 0.001687 -0.006492 0.017300
v -0.001776 0.003654 0.017300
v -0.001776 0.003654 0.015800
v -0.005731 -0.016006 0.016000
v -0.005614 -0.016211 0.016000
v -0.005125 -0.014667 0.016000
v -0.004929 -0.017004 0.016000
v -0.004134 -0.017685 0.016000
v -0.003467 -0.017876 0.016000
v -0.004779 -0.014524 0.016000
v -0.003236 -0.017831 0.016000
v -0.003022 -0.017733 0.016000
v -0.002837 -0.017588 0.016000
v -0.002690 -0.017402 0.016000
v -0.002592 -0.017189 0.016000
v -0.002452 -0.016842 0.016000
v -0.002475 -0.015177 0.016000
v -0.003115 -0.014541 0.016000
v -0.003929 -0.017801 0.016000
v -0.003702 -0.017866 0.016000
v -0.002264 -0.016517 0.016000
v -0.002154 -0.016295 0.016000
v -0.002100 -0.016053 0.016000
v -0.002109 -0.015805 0.016000
v -0.002177 -0.015567 0.016000
v -0.002302 -0.015354 0.016000
v -0.003292 -0.014369 0.016000
v -0.003506 -0.014245 0.016000
v -0.003745 -0.014178 0.016000
v -0.005764 -0.015314 0.016000
v -0.005809 -0.015545 0.016000
v -0.005797 -0.015780 0.016000
v -0.003992 -0.014170 0.016000
v -0.004233 -0.014225 0.016000
v -0.004454 -0.014336 0.016000
v -0.005339 -0.014766 0.016000
v -0.005523 -0.014914 0.016000
v -0.005668 -0.015099 0.016000
v 0.002304 -0.016506 0.016000
v 0.002491 -0.016831 0.016000
v 0.002508 -0.015166 0.016000
v 0.003144 -0.014527 0.016000
v 0.005155 -0.014644 0.016000
v 0.004808 -0.014503 0.016000
v 0.003512 -0.017861 0.016000
v 0.003321 -0.014354 0.016000
v 0.004262 -0.014206 0.016000
v 0.003748 -0.017849 0.016000
v 0.003974 -0.017784 0.016000
v 0.004177 -0.017666 0.016000
v 0.004970 -0.016981 0.016000
v 0.005651 -0.016186 0.016000
v 0.005767 -0.015980 0.016000
v 0.002633 -0.017178 0.016000
v 0.002733 -0.017390 0.016000
v 0.002880 -0.017575 0.016000
v 0.003066 -0.017720 0.016000
v 0.003281 -0.017816 0.016000
v 0.004483 -0.014316 0.016000
v 0.002144 -0.015796 0.016000
v 0.002212 -0.015557 0.016000
v 0.002335 -0.015343 0.016000
v 0.002138 -0.016044 0.016000
v 0.002191 -0.016286 0.016000
v 0.005832 -0.015754 0.016000
v 0.005842 -0.015519 0.016000
v 0.005797 -0.015288 0.016000
v 0.005699 -0.015074 0.016000
v 0.005554 -0.014889 0.016000
v 0.005370 -0.014742 0.016000
v 0.003535 -0.014229 0.016000
v 0.004019 -0.014152 0.016000
v 0.003772 -0.014161 0.016000
v 0.002746 -0.006036 0.016000
v 0.002693 -0.006574 0.016000
v 0.004948 -0.009492 0.016000
v 0.002538 -0.007092 0.016000
v 0.002724 0.003664 0.016000
v 0.005466 -0.009333 0.016000
v 0.006003 -0.009279 0.016000
v 0.002494 -0.008908 0.016000
v 0.003133 -0.009544 0.016000
v 0.004473 -0.009748 0.016000
v 0.004252 -0.009861 0.016000
v 0.007786 -0.008458 0.016000
v 0.008987 -0.001930 0.016000
v 0.008974 0.003678 0.016000
v 0.006804 -0.009277 0.016000
v 0.007033 -0.009251 0.016000
v 0.007250 -0.009171 0.016000
v 0.002284 -0.007569 0.016000
v 0.002172 -0.007791 0.016000
v 0.002120 -0.008033 0.016000
v 0.002127 -0.008280 0.016000
v 0.002196 -0.008517 0.016000
v 0.002320 -0.008731 0.016000
v 0.007443 -0.009045 0.016000
v 0.007602 -0.008878 0.016000
v 0.007718 -0.008679 0.016000
v 0.003310 -0.009717 0.016000
v 0.003525 -0.009841 0.016000
v 0.004010 -0.009914 0.016000
v 0.003763 -0.009908 0.016000
v 0.004473 -0.009748 0.017300
v 0.004252 -0.009861 0.017300
v 0.004010 -0.009914 0.017300
v 0.003763 -0.009908 0.017300
v 0.003525 -0.009841 0.017300
v 0.003310 -0.009717 0.017300
v 0.003133 -0.009544 0.017300
v 0.005155 -0.014644 0.017300
v 0.004808 -0.014503 0.017300
v 0.004483 -0.014316 0.017300
v 0.004948 -0.009492 0.017300
v 0.005466 -0.009333 0.017300
v 0.006003 -0.009279 0.017300
v 0.004262 -0.014206 0.017300
v 0.004019 -0.014152 0.017300
v 0.003772 -0.014161 0.017300
v 0.003535 -0.014229 0.017300
v 0.003321 -0.014354 0.017300
v 0.003144 -0.014527 0.017300
v 0.005370 -0.014742 0.017300
v 0.005554 -0.014889 0.017300
v 0.005699 -0.015074 0.017300
v 0.005797 -0.015288 0.017300
v 0.005842 -0.015519 0.017300
v 0.005832 -0.015754 0.017300
v 0.005767 -0.015980 0.017300
v 0.005651 -0.016186 0.017300
v 0.004177 -0.017666 0.017300
v 0.004970 -0.016981 0.017300
v 0.003974 -0.017784 0.017300
v 0.003748 -0.017849 0.017300
v 0.003512 -0.017861 0.017300
v 0.003281 -0.017816 0.017300
v 0.003066 -0.017720 0.017300
v 0.002880 -0.017575 0.017300
v 0.002733 -0.017390 0.017300
v 0.002633 -0.017178 0.017300
v 0.006804 -0.009277 0.017300
v 0.007786 -0.008458 0.017300
v 0.007718 -0.008679 0.017300
v 0.007602 -0.008878 0.017300
v 0.007443 -0.009045 0.017300
v 0.007250 -0.009171 0.017300
v 0.007033 -0.009251 0.017300
v 0.008987 -0.001930 0.017300
v -0.009013 -0.001971 0.017300
v -0.009013 -0.001971 0.016000
v -0.009026 0.003637 0.017300
v -0.009026 0.003637 0.016000
v 0.002304 -0.016506 0.017300
v 0.002191 -0.016286 0.017300
v 0.002138 -0.016044 0.017300
v 0.002144 -0.015796 0.017300
v 0.002212 -0.015557 0.017300
v 0.002335 -0.015343 0.017300
v 0.002508 -0.015166 0.017300
v -0.007783 -0.008493 0.016000
v -0.007783 -0.008493 0.017300
v -0.006799 -0.009308 0.017300
v -0.006799 -0.009308 0.016000
v -0.007028 -0.009282 0.017300
v -0.007028 -0.009282 0.016000
v -0.007245 -0.009204 0.017300
v -0.007245 -0.009204 0.016000
v -0.007438 -0.009078 0.017300
v -0.007438 -0.009078 0.016000
v -0.007597 -0.008912 0.017300
v -0.007597 -0.008912 0.016000
v -0.007715 -0.008714 0.017300
v -0.007715 -0.008714 0.016000
v -0.005997 -0.009306 0.017300
v -0.005997 -0.009306 0.016000
v 0.008974 0.003678 0.017300
v 0.002746 -0.006036 0.017300
v 0.002724 0.003664 0.017300
v 0.002284 -0.007569 0.017300
v 0.002172 -0.007791 0.017300
v 0.002120 -0.008033 0.017300
v 0.002127 -0.008280 0.017300
v 0.002196 -0.008517 0.017300
v 0.002320 -0.008731 0.017300
v 0.002494 -0.008908 0.017300
v 0.002693 -0.006574 0.017300
v 0.002538 -0.007092 0.017300
v -0.002284 -0.007580 0.016000
v -0.002284 -0.007580 0.017300
v -0.002541 -0.007103 0.017300
v -0.002541 -0.007103 0.016000
v -0.002700 -0.006586 0.017300
v -0.002700 -0.006586 0.016000
v -0.002754 -0.006049 0.017300
v -0.002754 -0.006049 0.016000
v -0.002173 -0.007800 0.017300
v -0.002173 -0.007800 0.016000
v -0.002118 -0.008042 0.017300
v -0.002118 -0.008042 0.016000
v -0.002126 -0.008289 0.017300
v -0.002126 -0.008289 0.016000
v -0.002193 -0.008527 0.017300
v -0.002193 -0.008527 0.016000
v -0.002317 -0.008742 0.017300
v -0.002317 -0.008742 0.016000
v -0.002489 -0.008919 0.017300
v -0.002489 -0.008919 0.016000
v -0.003126 -0.009558 0.017300
v -0.003126 -0.009558 0.016000
v -0.004464 -0.009768 0.016000
v -0.004464 -0.009768 0.017300
v -0.004243 -0.009880 0.016000
v -0.004243 -0.009880 0.017300
v -0.004001 -0.009932 0.016000
v -0.004001 -0.009932 0.017300
v -0.003754 -0.009925 0.016000
v -0.003754 -0.009925 0.017300
v -0.003516 -0.009856 0.016000
v -0.003516 -0.009856 0.017300
v -0.003303 -0.009732 0.016000
v -0.003303 -0.009732 0.017300
v -0.004454 -0.014336 0.017300
v -0.004779 -0.014524 0.017300
v -0.005125 -0.014667 0.017300
v -0.005458 -0.009358 0.017300
v -0.005458 -0.009358 0.016000
v -0.004941 -0.009515 0.017300
v -0.004941 -0.009515 0.016000
v -0.004233 -0.014225 0.017300
v -0.003992 -0.014170 0.017300
v -0.003745 -0.014178 0.017300
v -0.003506 -0.014245 0.017300
v -0.003292 -0.014369 0.017300
v -0.003115 -0.014541 0.017300
v -0.002475 -0.015177 0.017300
v -0.002264 -0.016517 0.017300
v -0.002154 -0.016295 0.017300
v -0.002100 -0.016053 0.017300
v -0.002109 -0.015805 0.017300
v -0.002177 -0.015567 0.017300
v -0.002302 -0.015354 0.017300
v 0.002491 -0.016831 0.017300
v -0.002592 -0.017189 0.017300
v -0.002452 -0.016842 0.017300
v -0.002690 -0.017402 0.017300
v -0.002837 -0.017588 0.017300
v -0.003022 -0.017733 0.017300
v -0.003236 -0.017831 0.017300
v -0.003467 -0.017876 0.017300
v -0.003702 -0.017866 0.017300
v -0.003929 -0.017801 0.017300
v -0.004134 -0.017685 0.017300
v -0.005614 -0.016211 0.017300
v -0.004929 -0.017004 0.017300
v -0.005731 -0.016006 0.017300
v -0.005797 -0.015780 0.017300
v -0.005809 -0.015545 0.017300
v -0.005764 -0.015314 0.017300
v -0.005668 -0.015099 0.017300
v -0.005523 -0.014914 0.017300
v -0.005339 -0.014766 0.017300
v -0.002776 0.003651 0.016000
v -0.005614 -0.016211 -0.017300
v -0.005614 -0.016211 -0.016000
v -0.004929 -0.017004 -0.017300
v -0.004929 -0.017004 -0.016000
v -0.005731 -0.016006 -0.016000
v -0.005731 -0.016006 -0.017300
v -0.005797 -0.015780 -0.016000
v -0.005797 -0.015780 -0.017300
v -0.005809 -0.015545 -0.016000
v -0.005809 -0.015545 -0.017300
v -0.005764 -0.015314 -0.016000
v -0.005764 -0.015314 -0.017300
v -0.005668 -0.015099 -0.016000
v -0.005668 -0.015099 -0.017300
v -0.005523 -0.014914 -0.016000
v -0.005523 -0.014914 -0.017300
v -0.005339 -0.014766 -0.016000
v -0.005339 -0.014766 -0.017300
v 0.002724 0.003664 -0.016000
v 0.001746 -0.006038 -0.017300
v 0.001746 -0.006038 -0.015800
v 0.001724 0.003661 -0.017300
v 0.001724 0.003661 -0.015800
v -0.001754 -0.006046 -0.017300
v -0.001754 -0.006046 -0.015800
v -0.001694 -0.006499 -0.017300
v -0.001694 -0.006499 -0.015800
v -0.001518 -0.006921 -0.017300
v -0.001518 -0.006921 -0.015800
v -0.001239 -0.007283 -0.017300
v -0.001239 -0.007283 -0.015800
v -0.000875 -0.007560 -0.017300
v -0.000875 -0.007560 -0.015800
v -0.000453 -0.007734 -0.017300
v -0.000453 -0.007734 -0.015800
v 0.000000 -0.007792 -0.017300
v 0.000000 -0.007792 -0.015800
v 0.000453 -0.007732 -0.017300
v 0.000453 -0.007732 -0.015800
v 0.000875 -0.007556 -0.017300
v 0.000875 -0.007556 -0.015800
v 0.001236 -0.007278 -0.017300
v 0.001236 -0.007278 -0.015800
v 0.001513 -0.006914 -0.017300
v 0.001513 -0.006914 -0.015800
v 0.001687 -0.006492 -0.017300
v 0.001687 -0.006492 -0.015800
v -0.001776 0.003654 -0.015800
v -0.001776 0.003654 -0.017300
v -0.001496 -0.009448 -0.017300
v -0.002017 -0.009831 -0.014500
v -0.002117 -0.009926 -0.017300
v -0.002117 -0.009926 -0.014500
v -0.002592 -0.010548 -0.017300
v -0.002592 -0.010548 -0.014500
v -0.002890 -0.011273 -0.017300
v -0.002890 -0.011273 -0.014500
v -0.002990 -0.012049 -0.017300
v -0.002990 -0.012049 -0.014500
v -0.002887 -0.012826 -0.017300
v -0.002887 -0.012826 -0.014500
v -0.002585 -0.013548 -0.017300
v -0.002585 -0.013548 -0.014500
v -0.002108 -0.014169 -0.017300
v -0.002108 -0.014169 -0.014500
v -0.001485 -0.014644 -0.017300
v -0.001485 -0.014644 -0.014500
v -0.000761 -0.014942 -0.017300
v -0.000761 -0.014942 -0.014500
v 0.000016 -0.015042 -0.017300
v 0.000016 -0.015042 -0.014500
v 0.000792 -0.014939 -0.017300
v 0.000792 -0.014939 -0.014500
v 0.001515 -0.014637 -0.017300
v 0.001515 -0.014637 -0.014500
v 0.002135 -0.014160 -0.017300
v 0.002135 -0.014160 -0.014500
v 0.002230 -0.014059 -0.014500
v 0.002611 -0.013537 -0.017300
v 0.002611 -0.013537 -0.014500
v 0.002908 -0.012813 -0.017300
v 0.002908 -0.012813 -0.014500
v 0.003010 -0.012036 -0.017300
v 0.003010 -0.012036 -0.014500
v 0.002905 -0.011260 -0.017300
v 0.002905 -0.011260 -0.014500
v 0.002604 -0.010537 -0.017300
v 0.002604 -0.010537 -0.014500
v 0.002126 -0.009917 -0.017300
v 0.002126 -0.009917 -0.014500
v 0.001504 -0.009441 -0.017300
v 0.001504 -0.009441 -0.014500
v 0.000779 -0.009143 -0.017300
v 0.000779 -0.009143 -0.014500
v 0.000003 -0.009042 -0.017300
v 0.000003 -0.009042 -0.014500
v -0.000774 -0.009146 -0.017300
v -0.000774 -0.009146 -0.014500
v -0.001496 -0.009448 -0.014500
v -0.005988 -0.013081 -0.015800
v -0.005988 -0.013081 -0.014500
v -0.005723 -0.013045 -0.015800
v -0.005723 -0.013045 -0.014500
v -0.005476 -0.012943 -0.015800
v -0.005476 -0.012943 -0.014500
v -0.005265 -0.012779 -0.015800
v -0.005265 -0.012779 -0.014500
v -0.005102 -0.012567 -0.015800
v -0.005102 -0.012567 -0.014500
v -0.005000 -0.012320 -0.015800
v -0.005000 -0.012320 -0.014500
v -0.004965 -0.012054 -0.015800
v -0.004965 -0.012054 -0.014500
v -0.005001 -0.011789 -0.015800
v -0.005001 -0.011789 -0.014500
v -0.005104 -0.011542 -0.015800
v -0.005104 -0.011542 -0.014500
v -0.005268 -0.011329 -0.015800
v -0.005268 -0.011329 -0.014500
v -0.005480 -0.011168 -0.015800
v -0.005480 -0.011168 -0.014500
v -0.005728 -0.011065 -0.015800
v -0.005728 -0.011065 -0.014500
v -0.005993 -0.011031 -0.015800
v -0.005993 -0.011031 -0.014500
v -0.006259 -0.011066 -0.015800
v -0.006259 -0.011066 -0.014500
v -0.006505 -0.011170 -0.015800
v -0.006505 -0.011170 -0.014500
v -0.006717 -0.011333 -0.015800
v -0.006717 -0.011333 -0.014500
v -0.006879 -0.011546 -0.015800
v -0.006879 -0.011546 -0.014500
v -0.006981 -0.011793 -0.015800
v -0.006981 -0.011793 -0.014500
v -0.007015 -0.012058 -0.015800
v -0.007015 -0.012058 -0.014500
v -0.006980 -0.012324 -0.015800
v -0.006980 -0.012324 -0.014500
v -0.006877 -0.012571 -0.015800
v -0.006877 -0.012571 -0.014500
v -0.006714 -0.012783 -0.015800
v -0.006714 -0.012783 -0.014500
v -0.006501 -0.012945 -0.015800
v -0.006501 -0.012945 -0.014500
v -0.006254 -0.013046 -0.015800
v -0.006254 -0.013046 -0.014500
v 0.006007 -0.011004 -0.015800
v 0.006007 -0.011004 -0.014500
v 0.005741 -0.011040 -0.015800
v 0.005741 -0.011040 -0.014500
v 0.005495 -0.011143 -0.015800
v 0.005495 -0.011143 -0.014500
v 0.005283 -0.011306 -0.015800
v 0.005283 -0.011306 -0.014500
v 0.005120 -0.011519 -0.015800
v 0.005120 -0.011519 -0.014500
v 0.005019 -0.011766 -0.015800
v 0.005019 -0.011766 -0.014500
v 0.004985 -0.012031 -0.015800
v 0.004985 -0.012031 -0.014500
v 0.005020 -0.012297 -0.015800
v 0.005020 -0.012297 -0.014500
v 0.005123 -0.012544 -0.015800
v 0.005123 -0.012544 -0.014500
v 0.005286 -0.012756 -0.015800
v 0.005286 -0.012756 -0.014500
v 0.005499 -0.012918 -0.015800
v 0.005499 -0.012918 -0.014500
v 0.005746 -0.013020 -0.015800
v 0.005746 -0.013020 -0.014500
v 0.006012 -0.013054 -0.015800
v 0.006012 -0.013054 -0.014500
v 0.006277 -0.013018 -0.015800
v 0.006277 -0.013018 -0.014500
v 0.006524 -0.012916 -0.015800
v 0.006524 -0.012916 -0.014500
v 0.006735 -0.012752 -0.015800
v 0.006735 -0.012752 -0.014500
v 0.006898 -0.012540 -0.015800
v 0.006898 -0.012540 -0.014500
v 0.007000 -0.012293 -0.015800
v 0.007000 -0.012293 -0.014500
v 0.007035 -0.012027 -0.015800
v 0.007035 -0.012027 -0.014500
v 0.006999 -0.011762 -0.015800
v 0.006999 -0.011762 -0.014500
v 0.006895 -0.011515 -0.015800
v 0.006895 -0.011515 -0.014500
v 0.006732 -0.011302 -0.015800
v 0.006732 -0.011302 -0.014500
v 0.006520 -0.011141 -0.015800
v 0.006520 -0.011141 -0.014500
v 0.006272 -0.011038 -0.015800
v 0.006272 -0.011038 -0.014500
v 0.009974 0.004055 0.017000
v 0.009972 0.004680 0.016376
v 0.009673 0.004179 0.017300
v 0.009671 0.004979 0.016500
v -0.009529 0.004936 0.016500
v -0.009729 0.004936 0.016500
v -0.009727 0.004136 0.017300
v -0.007441 0.004141 0.017300
v -0.001960 0.004153 0.017300
v 0.009471 0.004979 0.016500
v 0.007387 0.004174 0.017300
v 0.001905 0.004162 0.017300
v -0.010026 0.004010 0.017000
v -0.010028 0.004635 0.016376
v -0.010028 0.004635 -0.016376
v -0.009729 0.004936 -0.016500
v 0.005974 0.003771 -0.013025
v 0.005708 0.003770 -0.012990
v 0.005461 0.003770 -0.012888
v 0.005249 0.003769 -0.012725
v 0.005086 0.003769 -0.012513
v 0.004984 0.003769 -0.012265
v 0.004949 0.003769 -0.012000
v 0.004984 0.003769 -0.011735
v 0.005086 0.003769 -0.011487
v 0.005249 0.003769 -0.011275
v 0.005461 0.003770 -0.011112
v 0.005708 0.003770 -0.011010
v 0.005974 0.003771 -0.010975
v 0.006239 0.003772 -0.011010
v 0.006486 0.003772 -0.011112
v 0.006698 0.003773 -0.011275
v 0.006861 0.003773 -0.011487
v 0.006964 0.003773 -0.011735
v 0.006999 0.003773 -0.012000
v 0.006964 0.003773 -0.012265
v 0.006861 0.003773 -0.012513
v 0.006698 0.003773 -0.012725
v 0.006486 0.003772 -0.012888
v 0.006239 0.003772 -0.012990
v -0.000026 0.003758 -0.013025
v -0.000292 0.003757 -0.012990
v -0.000539 0.003756 -0.012888
v -0.000751 0.003756 -0.012725
v -0.000914 0.003756 -0.012513
v -0.001016 0.003755 -0.012265
v -0.001051 0.003755 -0.012000
v -0.001016 0.003755 -0.011735
v -0.000914 0.003756 -0.011487
v -0.000751 0.003756 -0.011275
v -0.000539 0.003756 -0.011112
v -0.000292 0.003757 -0.011010
v -0.000026 0.003758 -0.010975
v 0.000239 0.003758 -0.011010
v 0.000486 0.003759 -0.011112
v 0.000698 0.003759 -0.011275
v 0.000861 0.003760 -0.011487
v 0.000964 0.003760 -0.011735
v 0.000999 0.003760 -0.012000
v 0.000964 0.003760 -0.012265
v 0.000861 0.003760 -0.012513
v 0.000698 0.003759 -0.012725
v 0.000486 0.003759 -0.012888
v 0.000239 0.003758 -0.012990
v -0.006026 0.003744 -0.013025
v -0.006292 0.003743 -0.012990
v -0.006539 0.003743 -0.012888
v -0.006751 0.003742 -0.012725
v -0.006914 0.003742 -0.012513
v -0.007016 0.003742 -0.012265
v -0.007051 0.003742 -0.012000
v -0.007016 0.003742 -0.011735
v -0.006914 0.003742 -0.011487
v -0.006751 0.003742 -0.011275
v -0.006539 0.003743 -0.011112
v -0.006292 0.003743 -0.011010
v -0.006026 0.003744 -0.010975
v -0.005761 0.003745 -0.011010
v -0.005514 0.003745 -0.011112
v -0.005302 0.003746 -0.011275
v -0.005139 0.003746 -0.011487
v -0.005036 0.003746 -0.011735
v -0.005001 0.003746 -0.012000
v -0.005036 0.003746 -0.012265
v -0.005139 0.003746 -0.012513
v -0.005302 0.003746 -0.012725
v -0.005514 0.003745 -0.012888
v -0.005761 0.003745 -0.012990
v 0.005974 0.003771 0.010975
v 0.005708 0.003770 0.011010
v 0.005461 0.003770 0.011112
v 0.005249 0.003769 0.011275
v 0.005086 0.003769 0.011487
v 0.004984 0.003769 0.011735
v 0.004949 0.003769 0.012000
v 0.004984 0.003769 0.012265
v 0.005086 0.003769 0.012513
v 0.005249 0.003769 0.012725
v 0.005461 0.003770 0.012888
v 0.005708 0.003770 0.012990
v 0.005974 0.003771 0.013025
v 0.006239 0.003772 0.012990
v 0.006486 0.003772 0.012888
v 0.006698 0.003773 0.012725
v 0.006861 0.003773 0.012513
v 0.006964 0.003773 0.012265
v 0.006999 0.003773 0.012000
v 0.006964 0.003773 0.011735
v 0.006861 0.003773 0.011487
v 0.006698 0.003773 0.011275
v 0.006486 0.003772 0.011112
v 0.006239 0.003772 0.011010
v -0.000026 0.003758 0.010975
v -0.000292 0.003757 0.011010
v -0.000539 0.003756 0.011112
v -0.000751 0.003756 0.011275
v -0.000914 0.003756 0.011487
v -0.001016 0.003755 0.011735
v -0.001051 0.003755 0.012000
v -0.001016 0.003755 0.012265
v -0.000914 0.003756 0.012513
v -0.000751 0.003756 0.012725
v -0.000539 0.003756 0.012888
v -0.000292 0.003757 0.012990
v -0.000026 0.003758 0.013025
v 0.000239 0.003758 0.012990
v 0.000486 0.003759 0.012888
v 0.000698 0.003759 0.012725
v 0.000861 0.003760 0.012513
v 0.000964 0.003760 0.012265
v 0.000999 0.003760 0.012000
v 0.000964 0.003760 0.011735
v 0.000861 0.003760 0.011487
v 0.000698 0.003759 0.011275
v 0.000486 0.003759 0.011112
v 0.000239 0.003758 0.011010
v -0.006026 0.003744 0.010975
v -0.006292 0.003743 0.011010
v -0.006539 0.003743 0.011112
v -0.006751 0.003742 0.011275
v -0.006914 0.003742 0.011487
v -0.007016 0.003742 0.011735
v -0.007051 0.003742 0.012000
v -0.007016 0.003742 0.012265
v -0.006914 0.003742 0.012513
v -0.006751 0.003742 0.012725
v -0.006539 0.003743 0.012888
v -0.006292 0.003743 0.012990
v -0.006026 0.003744 0.013025
v -0.005761 0.003745 0.012990
v -0.005514 0.003745 0.012888
v -0.005302 0.003746 0.012725
v -0.005139 0.003746 0.012513
v -0.005036 0.003746 0.012265
v -0.005001 0.003746 0.012000
v -0.005036 0.003746 0.011735
v -0.005139 0.003746 0.011487
v -0.005302 0.003746 0.011275
v -0.005514 0.003745 0.011112
v -0.005761 0.003745 0.011010
v 0.002974 0.003764 -0.010025
v 0.002971 0.004964 -0.010025
v 0.002708 0.003764 -0.009990
v 0.002705 0.004964 -0.009990
v 0.002461 0.003763 -0.009888
v 0.002458 0.004963 -0.009888
v 0.002249 0.003763 -0.009725
v 0.002246 0.004963 -0.009725
v 0.002086 0.003762 -0.009512
v 0.002083 0.004962 -0.009512
v 0.001984 0.003762 -0.009265
v 0.001981 0.004962 -0.009265
v 0.001949 0.003762 -0.009000
v 0.001946 0.004962 -0.009000
v 0.001984 0.003762 -0.008735
v 0.001981 0.004962 -0.008735
v 0.002086 0.003762 -0.008488
v 0.002083 0.004962 -0.008488
v 0.002249 0.003763 -0.008275
v 0.002246 0.004963 -0.008275
v 0.002461 0.003763 -0.008112
v 0.002458 0.004963 -0.008112
v 0.002708 0.003764 -0.008010
v 0.002705 0.004964 -0.008010
v 0.002974 0.003764 -0.007975
v 0.002971 0.004964 -0.007975
v 0.003239 0.003765 -0.008010
v 0.003236 0.004965 -0.008010
v 0.003486 0.003765 -0.008112
v 0.003483 0.004965 -0.008112
v 0.003698 0.003766 -0.008275
v 0.003695 0.004966 -0.008275
v 0.003861 0.003766 -0.008488
v 0.003858 0.004966 -0.008488
v 0.003964 0.003767 -0.008735
v 0.003961 0.004967 -0.008735
v 0.003999 0.003767 -0.009000
v 0.003996 0.004967 -0.009000
v 0.003964 0.003767 -0.009265
v 0.003961 0.004967 -0.009265
v 0.003861 0.003766 -0.009512
v 0.003858 0.004966 -0.009512
v 0.003698 0.003766 -0.009725
v 0.003695 0.004966 -0.009725
v 0.003486 0.003765 -0.009888
v 0.003483 0.004965 -0.009888
v 0.003239 0.003765 -0.009990
v 0.003236 0.004965 -0.009990
v -0.003026 0.003751 -0.010025
v -0.003029 0.004951 -0.010025
v -0.003292 0.003750 -0.009990
v -0.003295 0.004950 -0.009990
v -0.003539 0.003750 -0.009888
v -0.003542 0.004950 -0.009888
v -0.003751 0.003749 -0.009725
v -0.003754 0.004949 -0.009725
v -0.003914 0.003749 -0.009512
v -0.003917 0.004949 -0.009512
v -0.004016 0.003749 -0.009265
v -0.004019 0.004949 -0.009265
v -0.004051 0.003749 -0.009000
v -0.004054 0.004949 -0.009000
v -0.004016 0.003749 -0.008735
v -0.004019 0.004949 -0.008735
v -0.003914 0.003749 -0.008488
v -0.003917 0.004949 -0.008488
v -0.003751 0.003749 -0.008275
v -0.003754 0.004949 -0.008275
v -0.003539 0.003750 -0.008112
v -0.003542 0.004950 -0.008112
v -0.003292 0.003750 -0.008010
v -0.003295 0.004950 -0.008010
v -0.003026 0.003751 -0.007975
v -0.003029 0.004951 -0.007975
v -0.002761 0.003751 -0.008010
v -0.002764 0.004951 -0.008010
v -0.002514 0.003752 -0.008112
v -0.002517 0.004952 -0.008112
v -0.002302 0.003752 -0.008275
v -0.002305 0.004952 -0.008275
v -0.002139 0.003753 -0.008488
v -0.002142 0.004953 -0.008488
v -0.002036 0.003753 -0.008735
v -0.002039 0.004953 -0.008735
v -0.002001 0.003753 -0.009000
v -0.002004 0.004953 -0.009000
v -0.002036 0.003753 -0.009265
v -0.002039 0.004953 -0.009265
v -0.002139 0.003753 -0.009512
v -0.002142 0.004953 -0.009512
v -0.002302 0.003752 -0.009725
v -0.002305 0.004952 -0.009725
v -0.002514 0.003752 -0.009888
v -0.002517 0.004952 -0.009888
v -0.002761 0.003751 -0.009990
v -0.002764 0.004951 -0.009990
v 0.002974 0.003764 0.007975
v 0.002971 0.004964 0.007975
v 0.002708 0.003764 0.008010
v 0.002705 0.004964 0.008010
v 0.002461 0.003763 0.008112
v 0.002458 0.004963 0.008112
v 0.002249 0.003763 0.008275
v 0.002246 0.004963 0.008275
v 0.002086 0.003762 0.008488
v 0.002083 0.004962 0.008488
v 0.001984 0.003762 0.008735
v 0.001981 0.004962 0.008735
v 0.001949 0.003762 0.009000
v 0.001946 0.004962 0.009000
v 0.001984 0.003762 0.009265
v 0.001981 0.004962 0.009265
v 0.002086 0.003762 0.009512
v 0.002083 0.004962 0.009512
v 0.002249 0.003763 0.009725
v 0.002246 0.004963 0.009725
v 0.002461 0.003763 0.009888
v 0.002458 0.004963 0.009888
v 0.002708 0.003764 0.009990
v 0.002705 0.004964 0.009990
v 0.002974 0.003764 0.010025
v 0.002971 0.004964 0.010025
v 0.003239 0.003765 0.009990
v 0.003236 0.004965 0.009990
v 0.003486 0.003765 0.009888
v 0.003483 0.004965 0.009888
v 0.003698 0.003766 0.009725
v 0.003695 0.004966 0.009725
v 0.003861 0.003766 0.009512
v 0.003858 0.004966 0.009512
v 0.003964 0.003767 0.009265
v 0.003961 0.004967 0.009265
v 0.003999 0.003767 0.009000
v 0.003996 0.004967 0.009000
v 0.003964 0.003767 0.008735
v 0.003961 0.004967 0.008735
v 0.003861 0.003766 0.008488
v 0.003858 0.004966 0.008488
v 0.003698 0.003766 0.008275
v 0.003695 0.004966 0.008275
v 0.003486 0.003765 0.008112
v 0.003483 0.004965 0.008112
v 0.003239 0.003765 0.008010
v 0.003236 0.004965 0.008010
v -0.003026 0.003751 0.007975
v -0.003029 0.004951 0.007975
v -0.003292 0.003750 0.008010
v -0.003295 0.004950 0.008010
v -0.003539 0.003750 0.008112
v -0.003542 0.004950 0.008112
v -0.003751 0.003749 0.008275
v -0.003754 0.004949 0.008275
v -0.003914 0.003749 0.008488
v -0.003917 0.004949 0.008488
v -0.004016 0.003749 0.008735
v -0.004019 0.004949 0.008735
v -0.004051 0.003749 0.009000
v -0.004054 0.004949 0.009000
v -0.004016 0.003749 0.009265
v -0.004019 0.004949 0.009265
v -0.003914 0.003749 0.009512
v -0.003917 0.004949 0.009512
v -0.003751 0.003749 0.009725
v -0.003754 0.004949 0.009725
v -0.003539 0.003750 0.009888
v -0.003542 0.004950 0.009888
v -0.003292 0.003750 0.009990
v -0.003295 0.004950 0.009990
v -0.003026 0.003751 0.010025
v -0.003029 0.004951 0.010025
v -0.002761 0.003751 0.009990
v -0.002764 0.004951 0.009990
v -0.002514 0.003752 0.009888
v -0.002517 0.004952 0.009888
v -0.002302 0.003752 0.009725
v -0.002305 0.004952 0.009725
v -0.002139 0.003753 0.009512
v -0.002142 0.004953 0.009512
v -0.002036 0.003753 0.009265
v -0.002039 0.004953 0.009265
v -0.002001 0.003753 0.009000
v -0.002004 0.004953 0.009000
v -0.002036 0.003753 0.008735
v -0.002039 0.004953 0.008735
v -0.002139 0.003753 0.008488
v -0.002142 0.004953 0.008488
v -0.002302 0.003752 0.008275
v -0.002305 0.004952 0.008275
v -0.002514 0.003752 0.008112
v -0.002517 0.004952 0.008112
v -0.002761 0.003751 0.008010
v -0.002764 0.004951 0.008010
v -0.006708 0.003743 0.005657
v -0.006673 0.003743 0.005392
v -0.006571 0.003743 0.005144
v -0.006408 0.003743 0.004932
v -0.006196 0.003744 0.004769
v -0.005949 0.003744 0.004667
v -0.005683 0.003745 0.004632
v -0.005418 0.003745 0.004667
v -0.005171 0.003746 0.004769
v -0.004958 0.003746 0.004932
v -0.004796 0.003747 0.005144
v -0.004693 0.003747 0.005392
v -0.004658 0.003747 0.005657
v -0.004693 0.003747 0.005922
v -0.004796 0.003747 0.006169
v -0.004958 0.003746 0.006382
v -0.005171 0.003746 0.006545
v -0.005418 0.003745 0.006647
v -0.005683 0.003745 0.006682
v -0.005949 0.003744 0.006647
v -0.006196 0.003744 0.006545
v -0.006408 0.003743 0.006382
v -0.006571 0.003743 0.006169
v -0.006673 0.003743 0.005922
v 0.004605 0.003768 0.005657
v 0.004640 0.003768 0.005392
v 0.004743 0.003768 0.005144
v 0.004906 0.003769 0.004932
v 0.005118 0.003769 0.004769
v 0.005365 0.003770 0.004667
v 0.005630 0.003770 0.004632
v 0.005896 0.003771 0.004667
v 0.006143 0.003771 0.004769
v 0.006355 0.003772 0.004932
v 0.006518 0.003772 0.005144
v 0.006621 0.003772 0.005392
v 0.006655 0.003773 0.005657
v 0.006621 0.003772 0.005922
v 0.006518 0.003772 0.006169
v 0.006355 0.003772 0.006382
v 0.006143 0.003771 0.006545
v 0.005896 0.003771 0.006647
v 0.005630 0.003770 0.006682
v 0.005365 0.003770 0.006647
v 0.005118 0.003769 0.006545
v 0.004906 0.003769 0.006382
v 0.004743 0.003768 0.006169
v 0.004640 0.003768 0.005922
v -0.006708 0.003743 -0.005657
v -0.006673 0.003743 -0.005922
v -0.006571 0.003743 -0.006169
v -0.006408 0.003743 -0.006382
v -0.006196 0.003744 -0.006545
v -0.005949 0.003744 -0.006647
v -0.005683 0.003745 -0.006682
v -0.005418 0.003745 -0.006647
v -0.005171 0.003746 -0.006545
v -0.004958 0.003746 -0.006382
v -0.004796 0.003747 -0.006169
v -0.004693 0.003747 -0.005922
v -0.004658 0.003747 -0.005657
v -0.004693 0.003747 -0.005392
v -0.004796 0.003747 -0.005144
v -0.004958 0.003746 -0.004932
v -0.005171 0.003746 -0.004769
v -0.005418 0.003745 -0.004667
v -0.005683 0.003745 -0.004632
v -0.005949 0.003744 -0.004667
v -0.006196 0.003744 -0.004769
v -0.006408 0.003743 -0.004932
v -0.006571 0.003743 -0.005144
v -0.006673 0.003743 -0.005392
v 0.004605 0.003768 -0.005657
v 0.004640 0.003768 -0.005922
v 0.004743 0.003768 -0.006169
v 0.004906 0.003769 -0.006382
v 0.005118 0.003769 -0.006545
v 0.005365 0.003770 -0.006647
v 0.005630 0.003770 -0.006682
v 0.005896 0.003771 -0.006647
v 0.006143 0.003771 -0.006545
v 0.006355 0.003772 -0.006382
v 0.006518 0.003772 -0.006169
v 0.006621 0.003772 -0.005922
v 0.006655 0.003773 -0.005657
v 0.006621 0.003772 -0.005392
v 0.006518 0.003772 -0.005144
v 0.006355 0.003772 -0.004932
v 0.006143 0.003771 -0.004769
v 0.005896 0.003771 -0.004667
v 0.005630 0.003770 -0.004632
v 0.005365 0.003770 -0.004667
v 0.005118 0.003769 -0.004769
v 0.004906 0.003769 -0.004932
v 0.004743 0.003768 -0.005144
v 0.004640 0.003768 -0.005392
v 0.005974 0.003771 0.001025
v 0.005971 0.004971 0.001025
v 0.006239 0.003772 0.000990
v 0.006236 0.004972 0.000990
v 0.006486 0.003772 0.000888
v 0.006483 0.004972 0.000888
v 0.006698 0.003773 0.000725
v 0.006695 0.004973 0.000725
v 0.006861 0.003773 0.000513
v 0.006858 0.004973 0.000513
v 0.006964 0.003773 0.000265
v 0.006961 0.004973 0.000265
v 0.006999 0.003773 -0.000000
v 0.006996 0.004973 -0.000000
v 0.006964 0.003773 -0.000265
v 0.006961 0.004973 -0.000265
v 0.006861 0.003773 -0.000513
v 0.006858 0.004973 -0.000513
v 0.006698 0.003773 -0.000725
v 0.006695 0.004973 -0.000725
v 0.006486 0.003772 -0.000888
v 0.006483 0.004972 -0.000888
v 0.006239 0.003772 -0.000990
v 0.006236 0.004972 -0.000990
v 0.005974 0.003771 -0.001025
v 0.005971 0.004971 -0.001025
v 0.005708 0.003770 -0.000990
v 0.005705 0.004970 -0.000990
v 0.005461 0.003770 -0.000888
v 0.005458 0.004970 -0.000888
v 0.005249 0.003769 -0.000725
v 0.005246 0.004969 -0.000725
v 0.005086 0.003769 -0.000513
v 0.005083 0.004969 -0.000513
v 0.004984 0.003769 -0.000265
v 0.004981 0.004969 -0.000265
v 0.004949 0.003769 -0.000000
v 0.004946 0.004969 -0.000000
v 0.004984 0.003769 0.000265
v 0.004981 0.004969 0.000265
v 0.005086 0.003769 0.000513
v 0.005083 0.004969 0.000513
v 0.005249 0.003769 0.000725
v 0.005246 0.004969 0.000725
v 0.005461 0.003770 0.000888
v 0.005458 0.004970 0.000888
v 0.005708 0.003770 0.000990
v 0.005705 0.004970 0.000990
v -0.001051 0.003755 0.006000
v -0.001016 0.003755 0.006265
v -0.000914 0.003756 0.006512
v -0.000751 0.003756 0.006725
v -0.000539 0.003756 0.006888
v -0.000292 0.003757 0.006990
v -0.000026 0.003758 0.007025
v 0.000239 0.003758 0.006990
v 0.000486 0.003759 0.006888
v 0.000698 0.003759 0.006725
v 0.000861 0.003760 0.006512
v 0.000964 0.003760 0.006265
v 0.000999 0.003760 0.006000
v 0.000964 0.003760 0.005735
v 0.000861 0.003760 0.005488
v 0.000698 0.003759 0.005275
v 0.000486 0.003759 0.005112
v 0.000239 0.003758 0.005010
v -0.000026 0.003758 0.004975
v -0.000292 0.003757 0.005010
v -0.000539 0.003756 0.005112
v -0.000751 0.003756 0.005275
v -0.000914 0.003756 0.005488
v -0.001016 0.003755 0.005735
v -0.006026 0.003744 -0.001025
v -0.006029 0.004944 -0.001025
v -0.006292 0.003743 -0.000990
v -0.006295 0.004943 -0.000990
v -0.006539 0.003743 -0.000888
v -0.006542 0.004943 -0.000888
v -0.006751 0.003742 -0.000725
v -0.006754 0.004942 -0.000725
v -0.006914 0.003742 -0.000513
v -0.006917 0.004942 -0.000513
v -0.007016 0.003742 -0.000265
v -0.007019 0.004942 -0.000265
v -0.007051 0.003742 -0.000000
v -0.007054 0.004942 -0.000000
v -0.007016 0.003742 0.000265
v -0.007019 0.004942 0.000265
v -0.006914 0.003742 0.000513
v -0.006917 0.004942 0.000513
v -0.006751 0.003742 0.000725
v -0.006754 0.004942 0.000725
v -0.006539 0.003743 0.000888
v -0.006542 0.004943 0.000888
v -0.006292 0.003743 0.000990
v -0.006295 0.004943 0.000990
v -0.006026 0.003744 0.001025
v -0.006029 0.004944 0.001025
v -0.005761 0.003745 0.000990
v -0.005764 0.004945 0.000990
v -0.005514 0.003745 0.000888
v -0.005517 0.004945 0.000888
v -0.005302 0.003746 0.000725
v -0.005305 0.004946 0.000725
v -0.005139 0.003746 0.000513
v -0.005142 0.004946 0.000513
v -0.005036 0.003746 0.000265
v -0.005039 0.004946 0.000265
v -0.005001 0.003746 -0.000000
v -0.005004 0.004946 -0.000000
v -0.005036 0.003746 -0.000265
v -0.005039 0.004946 -0.000265
v -0.005139 0.003746 -0.000513
v -0.005142 0.004946 -0.000513
v -0.005302 0.003746 -0.000725
v -0.005305 0.004946 -0.000725
v -0.005514 0.003745 -0.000888
v -0.005517 0.004945 -0.000888
v -0.005761 0.003745 -0.000990
v -0.005764 0.004945 -0.000990
v 0.000999 0.003760 -0.006000
v 0.000964 0.003760 -0.006265
v 0.000861 0.003760 -0.006512
v 0.000698 0.003759 -0.006725
v 0.000486 0.003759 -0.006888
v 0.000239 0.003758 -0.006990
v -0.000026 0.003758 -0.007025
v -0.000292 0.003757 -0.006990
v -0.000539 0.003756 -0.006888
v -0.000751 0.003756 -0.006725
v -0.000914 0.003756 -0.006512
v -0.001016 0.003755 -0.006265
v -0.001051 0.003755 -0.006000
v -0.001016 0.003755 -0.005735
v -0.000914 0.003756 -0.005488
v -0.000751 0.003756 -0.005275
v -0.000539 0.003756 -0.005112
v -0.000292 0.003757 -0.005010
v -0.000026 0.003758 -0.004975
v 0.000239 0.003758 -0.005010
v 0.000486 0.003759 -0.005112
v 0.000698 0.003759 -0.005275
v 0.000861 0.003760 -0.005488
v 0.000964 0.003760 -0.005735
v -0.000771 0.001956 0.010000
v -0.000775 0.003756 0.010000
v -0.000852 0.003756 0.009990
v -0.000848 0.001956 0.009990
v -0.000925 0.003756 0.009960
v -0.000921 0.001956 0.009960
v -0.000987 0.003755 0.009912
v -0.000983 0.001955 0.009912
v -0.001035 0.003755 0.009850
v -0.001031 0.001955 0.009850
v -0.001065 0.003755 0.009778
v -0.001061 0.001955 0.009778
v -0.001075 0.003755 0.009700
v -0.001071 0.001955 0.009700
v -0.001065 0.003755 0.009622
v -0.001061 0.001955 0.009622
v -0.001031 0.001955 0.009550
v -0.001064 0.003755 0.009619
v -0.001035 0.003755 0.009550
v -0.000713 0.001956 0.009000
v -0.000717 0.003756 0.009000
v -0.001031 0.001955 0.008450
v -0.001035 0.003755 0.008450
v -0.000775 0.003756 0.008000
v -0.000771 0.001956 0.008000
v -0.000848 0.001956 0.008010
v -0.000852 0.003756 0.008010
v -0.000921 0.001956 0.008040
v -0.000925 0.003756 0.008040
v -0.000983 0.001955 0.008088
v -0.000987 0.003755 0.008088
v -0.001031 0.001955 0.008150
v -0.001035 0.003755 0.008150
v -0.001061 0.001955 0.008222
v -0.001065 0.003755 0.008222
v -0.001071 0.001955 0.008300
v -0.001075 0.003755 0.008300
v -0.001061 0.001955 0.008378
v -0.001065 0.003755 0.008378
v -0.001064 0.003755 0.008381
v -0.000276 0.003757 0.007880
v -0.000275 0.003457 0.007880
v -0.000276 0.003757 0.007927
v -0.000272 0.001957 0.008000
v -0.000276 0.003757 0.008000
v 0.000228 0.001958 0.008000
v 0.000225 0.003458 0.007880
v 0.000224 0.003758 0.007880
v 0.000224 0.003758 0.008000
v 0.000224 0.003758 0.007927
v 0.000726 0.001959 0.008000
v 0.000722 0.003759 0.008000
v 0.000800 0.003759 0.008010
v 0.000804 0.001959 0.008010
v 0.000872 0.003760 0.008040
v 0.000876 0.001960 0.008040
v 0.000934 0.003760 0.008088
v 0.000938 0.001960 0.008088
v 0.000982 0.003760 0.008150
v 0.000986 0.001960 0.008150
v 0.001012 0.003760 0.008222
v 0.001016 0.001960 0.008222
v 0.001022 0.003760 0.008300
v 0.001026 0.001960 0.008300
v 0.001012 0.003760 0.008378
v 0.001016 0.001960 0.008378
v 0.000982 0.003760 0.008450
v 0.000986 0.001960 0.008450
v 0.000668 0.001959 0.009000
v 0.000664 0.003759 0.009000
v 0.000986 0.001960 0.009550
v 0.000982 0.003760 0.009550
v 0.000722 0.003759 0.010000
v 0.000726 0.001959 0.010000
v 0.000804 0.001959 0.009990
v 0.000800 0.003759 0.009990
v 0.000876 0.001960 0.009960
v 0.000872 0.003760 0.009960
v 0.000938 0.001960 0.009912
v 0.000934 0.003760 0.009912
v 0.000986 0.001960 0.009850
v 0.000982 0.003760 0.009850
v 0.001016 0.001960 0.009778
v 0.001012 0.003760 0.009778
v 0.001026 0.001960 0.009700
v 0.001022 0.003760 0.009700
v 0.001016 0.001960 0.009622
v 0.001012 0.003760 0.009622
v 0.006224 0.003772 0.010120
v 0.006225 0.003472 0.010120
v 0.006224 0.003772 0.010073
v 0.006228 0.001972 0.010000
v 0.006224 0.003772 0.010000
v 0.005728 0.001970 0.010000
v 0.005725 0.003470 0.010120
v 0.005724 0.003770 0.010120
v 0.005724 0.003770 0.010000
v 0.005724 0.003770 0.010073
v 0.005229 0.001969 0.010000
v 0.005225 0.003769 0.010000
v 0.005148 0.003769 0.009990
v 0.005152 0.001969 0.009990
v 0.005075 0.003769 0.009960
v 0.005079 0.001969 0.009960
v 0.005013 0.003769 0.009912
v 0.005017 0.001969 0.009912
v 0.004965 0.003769 0.009850
v 0.004969 0.001969 0.009850
v 0.004935 0.003769 0.009778
v 0.004939 0.001969 0.009778
v 0.004925 0.003769 0.009700
v 0.004929 0.001969 0.009700
v 0.004935 0.003769 0.009622
v 0.004939 0.001969 0.009622
v 0.004965 0.003769 0.009550
v 0.004969 0.001969 0.009550
v 0.005287 0.001969 0.009000
v 0.005283 0.003769 0.009000
v 0.004498 0.001968 0.007634
v 0.004494 0.003768 0.007634
v 0.004833 0.001968 0.007212
v 0.004829 0.003768 0.007212
v 0.004296 0.003767 0.006789
v 0.004300 0.001967 0.006789
v 0.004053 0.003767 0.006414
v 0.004057 0.001967 0.006414
v 0.003912 0.003766 0.005989
v 0.003916 0.001966 0.005989
v 0.003884 0.003766 0.005543
v 0.003888 0.001966 0.005543
v 0.003970 0.003767 0.005105
v 0.003974 0.001967 0.005105
v 0.004164 0.003767 0.004702
v 0.004168 0.001967 0.004702
v 0.004454 0.003768 0.004361
v 0.004458 0.001968 0.004361
v 0.004820 0.003768 0.004106
v 0.004824 0.001968 0.004106
v 0.005240 0.003769 0.003951
v 0.005244 0.001969 0.003951
v 0.005685 0.003770 0.003908
v 0.005689 0.001970 0.003908
v 0.006126 0.003771 0.003979
v 0.006130 0.001971 0.003979
v 0.006535 0.003772 0.004159
v 0.006539 0.001972 0.004159
v 0.006885 0.003773 0.004437
v 0.006889 0.001973 0.004437
v 0.007153 0.003774 0.004795
v 0.007157 0.001974 0.004795
v 0.007322 0.003774 0.005209
v 0.007326 0.001974 0.005209
v 0.007380 0.003774 0.005652
v 0.007384 0.001974 0.005652
v 0.007325 0.003774 0.006096
v 0.007329 0.001974 0.006096
v 0.007158 0.003774 0.006511
v 0.007162 0.001974 0.006511
v 0.006892 0.003773 0.006870
v 0.006896 0.001973 0.006870
v 0.006543 0.003772 0.007150
v 0.006547 0.001972 0.007150
v 0.006135 0.003771 0.007332
v 0.006139 0.001971 0.007332
v 0.005694 0.003770 0.007406
v 0.005698 0.001970 0.007406
v 0.005249 0.003769 0.007365
v 0.005253 0.001969 0.007365
v 0.004132 0.001967 0.007000
v 0.004128 0.003767 0.007000
v 0.003228 0.001965 0.007000
v 0.003224 0.003765 0.007000
v 0.003225 0.003465 0.007120
v 0.003224 0.003765 0.007120
v 0.002728 0.001964 0.007000
v 0.002725 0.003464 0.007120
v 0.002724 0.003764 0.007120
v 0.002724 0.003764 0.007000
v -0.004022 0.002079 -0.001155
v -0.004005 0.002095 -0.001155
v -0.004026 0.003749 -0.001155
v -0.003942 0.002168 -0.001155
v -0.003922 0.002199 -0.001155
v -0.003916 0.002209 -0.001155
v -0.003872 0.002315 -0.001155
v -0.003871 0.002319 -0.001155
v -0.003860 0.002367 -0.001155
v -0.003853 0.002449 -0.001155
v -0.003856 0.003749 -0.001155
v -0.004806 0.001947 -0.001607
v -0.004810 0.003747 -0.001607
v -0.004869 0.003447 -0.001503
v -0.004870 0.003747 -0.001503
v -0.005239 0.001946 -0.001857
v -0.005302 0.003446 -0.001753
v -0.005303 0.003746 -0.001753
v -0.005243 0.003746 -0.001857
v -0.008022 0.001940 -0.000250
v -0.008026 0.003740 -0.000250
v -0.007905 0.003440 -0.000250
v -0.007906 0.003740 -0.000250
v -0.008022 0.001940 -0.000000
v -0.007905 0.003440 0.000250
v -0.008022 0.001940 0.000250
v -0.007906 0.003740 0.000250
v -0.008026 0.003740 0.000250
v -0.005239 0.001946 0.001857
v -0.005243 0.003746 0.001857
v -0.005302 0.003446 0.001753
v -0.005303 0.003746 0.001753
v -0.004806 0.001947 0.001607
v -0.004869 0.003447 0.001503
v -0.004870 0.003747 0.001503
v -0.004810 0.003747 0.001607
v -0.009025 0.003437 -0.006503
v -0.009025 0.003437 -0.001732
v -0.009022 0.001937 -0.006503
v -0.009022 0.001937 -0.001732
v -0.008709 0.001938 -0.006336
v -0.008712 0.003438 -0.006336
v -0.008368 0.001939 -0.006234
v -0.008371 0.003439 -0.006234
v -0.008428 0.001939 -0.005590
v -0.008431 0.003439 -0.005590
v -0.008337 0.001939 -0.004950
v -0.008340 0.003439 -0.004950
v -0.008098 0.001939 -0.004349
v -0.008101 0.003439 -0.004349
v -0.007726 0.001940 -0.003820
v -0.007729 0.003440 -0.003820
v -0.007240 0.001941 -0.003393
v -0.007243 0.003441 -0.003393
v -0.006669 0.001943 -0.003091
v -0.006672 0.003443 -0.003091
v -0.008214 0.003439 -0.009790
v -0.009025 0.003437 -0.011196
v -0.008211 0.001939 -0.009790
v -0.009022 0.001937 -0.011196
v -0.008634 0.001938 -0.009693
v -0.008637 0.003438 -0.009693
v -0.009022 0.001937 -0.009497
v -0.009025 0.003437 -0.009497
v -0.003025 0.003451 -0.012804
v -0.002046 0.003453 -0.014500
v -0.003022 0.001951 -0.012804
v -0.002043 0.001953 -0.014500
v -0.004005 0.003449 -0.014500
v -0.004002 0.001949 -0.014500
v 0.008320 0.003476 -0.006234
v 0.008323 0.001976 -0.006234
v 0.008664 0.001977 -0.006336
v 0.008661 0.003477 -0.006336
v 0.008978 0.001978 -0.006503
v 0.008975 0.003478 -0.006503
v 0.008975 0.003478 -0.001732
v 0.008978 0.001978 -0.001732
v 0.006621 0.003472 -0.003091
v 0.006624 0.001972 -0.003091
v 0.007196 0.001974 -0.003393
v 0.007193 0.003474 -0.003393
v 0.007681 0.001975 -0.003820
v 0.007678 0.003475 -0.003820
v 0.008053 0.001976 -0.004349
v 0.008050 0.003476 -0.004349
v 0.008292 0.001976 -0.004950
v 0.008289 0.003476 -0.004950
v 0.008384 0.001976 -0.005590
v 0.008381 0.003476 -0.005590
v 0.002229 0.001963 0.007000
v 0.002225 0.003763 0.007000
v 0.002148 0.003762 0.006990
v 0.002152 0.001962 0.006990
v 0.002075 0.003762 0.006960
v 0.002079 0.001962 0.006960
v 0.002013 0.003762 0.006912
v 0.002017 0.001962 0.006912
v 0.001965 0.003762 0.006850
v 0.001969 0.001962 0.006850
v 0.001935 0.003762 0.006778
v 0.001939 0.001962 0.006778
v 0.001925 0.003762 0.006700
v 0.001929 0.001962 0.006700
v 0.001935 0.003762 0.006622
v 0.001939 0.001962 0.006622
v 0.001965 0.003762 0.006550
v 0.001969 0.001962 0.006550
v 0.002287 0.001963 0.006000
v 0.002283 0.003763 0.006000
v 0.001835 0.001962 0.005217
v 0.001831 0.003762 0.005217
v 0.001728 0.003461 0.005277
v 0.001727 0.003761 0.005277
v 0.001585 0.001961 0.004783
v 0.001478 0.003461 0.004843
v 0.001477 0.003761 0.004843
v 0.001581 0.003761 0.004783
v 0.001128 0.003760 0.004000
v 0.001132 0.002090 0.004000
v 0.001177 0.002027 0.004077
v 0.001183 0.002020 0.004087
v 0.001207 0.001998 0.004129
v 0.001239 0.001977 0.004185
v 0.001267 0.001966 0.004232
v 0.001305 0.001961 0.004300
v 0.001128 0.003760 0.003830
v 0.001131 0.002460 0.003830
v 0.001131 0.002347 0.003843
v 0.001131 0.002330 0.003848
v 0.001131 0.002299 0.003857
v 0.001132 0.002210 0.003900
v 0.001132 0.002195 0.003909
v 0.001132 0.002157 0.003936
v 0.001132 0.002106 0.003982
v 0.001977 0.002462 0.003464
v 0.001985 0.002332 0.003479
v 0.002011 0.002212 0.003522
v 0.002051 0.002108 0.003591
v 0.002103 0.002029 0.003681
v 0.002163 0.001979 0.003785
v 0.002228 0.001963 0.003897
v 0.001975 0.003462 0.003464
v 0.002933 0.003464 0.005125
v 0.002936 0.001964 0.005125
v 0.005099 0.003469 0.002959
v 0.005102 0.001969 0.002959
v 0.004486 0.001968 0.003158
v 0.004483 0.003468 0.003158
v 0.003933 0.001966 0.003497
v 0.003930 0.003466 0.003497
v 0.003474 0.001965 0.003955
v 0.003471 0.003465 0.003955
v 0.003136 0.001965 0.004508
v 0.003133 0.003465 0.004508
v 0.003439 0.003465 0.002000
v 0.003441 0.002465 0.002000
v 0.003658 0.002033 0.002125
v 0.003763 0.001983 0.002185
v 0.003875 0.001966 0.002250
v 0.003455 0.002335 0.002009
v 0.003500 0.002215 0.002033
v 0.003569 0.002112 0.002073
v 0.003871 0.002226 0.001155
v 0.003877 0.002216 0.001155
v 0.003960 0.002112 0.001155
v 0.003978 0.002097 0.001155
v 0.004031 0.002050 0.001186
v 0.003897 0.002185 0.001155
v 0.003806 0.002466 0.001155
v 0.003813 0.002384 0.001155
v 0.003824 0.002336 0.001155
v 0.003825 0.002332 0.001155
v 0.004277 0.001967 0.001328
v 0.004170 0.001981 0.001266
v 0.004055 0.002034 0.001199
v 0.004127 0.001996 0.001241
v 0.004162 0.001984 0.001261
v 0.003974 0.003767 0.001155
v 0.003803 0.003766 0.001155
v 0.004761 0.001968 0.001607
v 0.004757 0.003768 0.001607
v 0.004818 0.003468 0.001503
v 0.004817 0.003768 0.001503
v 0.005194 0.001969 0.001857
v 0.005251 0.003469 0.001753
v 0.005250 0.003769 0.001753
v 0.005190 0.003769 0.001857
v 0.005978 0.001971 0.002309
v 0.005974 0.003771 0.002309
v 0.007978 0.001976 0.001155
v 0.007974 0.003776 0.001155
v 0.007978 0.001976 0.000250
v 0.007974 0.003776 0.000250
v 0.007855 0.003475 0.000250
v 0.007854 0.003775 0.000250
v 0.007978 0.001976 -0.000000
v 0.007855 0.003475 -0.000250
v 0.007978 0.001976 -0.000250
v 0.007854 0.003775 -0.000250
v 0.007974 0.003776 -0.000250
v 0.007978 0.001976 -0.001155
v 0.007974 0.003776 -0.001155
v 0.005978 0.001971 -0.002309
v 0.005974 0.003771 -0.002309
v 0.005194 0.001969 -0.001857
v 0.005190 0.003769 -0.001857
v 0.005251 0.003469 -0.001753
v 0.005250 0.003769 -0.001753
v 0.004761 0.001968 -0.001607
v 0.004818 0.003468 -0.001503
v 0.004817 0.003768 -0.001503
v 0.004757 0.003768 -0.001607
v 0.003974 0.003767 -0.001155
v 0.003978 0.002097 -0.001155
v 0.004055 0.002034 -0.001199
v 0.004065 0.002027 -0.001205
v 0.004106 0.002005 -0.001229
v 0.004162 0.001984 -0.001261
v 0.004210 0.001973 -0.001289
v 0.004277 0.001967 -0.001328
v 0.003803 0.003766 -0.001155
v 0.003806 0.002466 -0.001155
v 0.003820 0.002353 -0.001155
v 0.003824 0.002336 -0.001155
v 0.003834 0.002305 -0.001155
v 0.003877 0.002216 -0.001155
v 0.003887 0.002201 -0.001155
v 0.003914 0.002163 -0.001155
v 0.003960 0.002112 -0.001155
v 0.003441 0.002465 -0.002000
v 0.003455 0.002335 -0.002009
v 0.003500 0.002215 -0.002033
v 0.003569 0.002112 -0.002073
v 0.003658 0.002033 -0.002125
v 0.003763 0.001983 -0.002185
v 0.003875 0.001966 -0.002250
v 0.003439 0.003465 -0.002000
v 0.002803 0.003464 0.002828
v 0.002803 0.003464 -0.002828
v -0.005150 0.003446 -0.002959
v -0.004533 0.003447 -0.003158
v -0.003490 0.003450 -0.002000
v -0.003980 0.003449 -0.003497
v -0.002854 0.003451 -0.002828
v -0.003522 0.003450 -0.003955
v -0.002025 0.003453 -0.003464
v -0.003184 0.003450 -0.004508
v -0.002984 0.003451 -0.005125
v -0.002984 0.003451 0.005125
v -0.003184 0.003450 0.004508
v -0.002025 0.003453 0.003464
v -0.003522 0.003450 0.003955
v -0.002854 0.003451 0.002828
v -0.003980 0.003449 0.003497
v -0.003490 0.003450 0.002000
v -0.004533 0.003447 0.003158
v -0.005150 0.003446 0.002959
v -0.001177 0.002215 0.003894
v -0.001177 0.002205 0.003900
v -0.002056 0.002203 0.003522
v -0.001177 0.002101 0.003982
v -0.001177 0.002085 0.004000
v -0.002096 0.002099 0.003591
v -0.001208 0.002038 0.004054
v -0.002147 0.002020 0.003681
v -0.001177 0.002174 0.003920
v -0.002032 0.002323 0.003479
v -0.002023 0.002453 0.003464
v -0.001178 0.002455 0.003830
v -0.001178 0.002373 0.003837
v -0.001178 0.002325 0.003848
v -0.001178 0.002321 0.003849
v -0.001350 0.001955 0.004300
v -0.002272 0.001953 0.003897
v -0.001288 0.001969 0.004193
v -0.002208 0.001970 0.003785
v -0.001222 0.002022 0.004077
v -0.001263 0.001984 0.004149
v -0.001284 0.001972 0.004185
v -0.002981 0.001951 0.005125
v -0.003181 0.001950 0.004508
v -0.003519 0.001950 0.003955
v -0.003977 0.001949 0.003497
v -0.004530 0.001947 0.003158
v -0.005147 0.001946 0.002959
v -0.003502 0.002320 0.002009
v -0.003488 0.002450 0.002000
v -0.003920 0.001949 0.002250
v -0.003807 0.001966 0.002185
v -0.003703 0.002016 0.002125
v -0.003613 0.002095 0.002073
v -0.003545 0.002200 0.002033
v -0.003853 0.002449 0.001155
v -0.003867 0.002336 0.001155
v -0.003871 0.002319 0.001155
v -0.003881 0.002288 0.001155
v -0.003922 0.002199 0.001155
v -0.003932 0.002184 0.001155
v -0.003959 0.002146 0.001155
v -0.004110 0.002008 0.001205
v -0.004100 0.002015 0.001199
v -0.004022 0.002079 0.001155
v -0.004005 0.002095 0.001155
v -0.004151 0.001986 0.001229
v -0.004207 0.001965 0.001261
v -0.004255 0.001954 0.001289
v -0.004322 0.001948 0.001328
v -0.003856 0.003749 0.001155
v -0.004026 0.003749 0.001155
v -0.006022 0.001944 0.002309
v -0.006026 0.003744 0.002309
v -0.008022 0.001940 0.001155
v -0.008026 0.003740 0.001155
v -0.008022 0.001940 -0.001155
v -0.008026 0.003740 -0.001155
v -0.006022 0.001944 -0.002309
v -0.006026 0.003744 -0.002309
v -0.004322 0.001948 -0.001328
v -0.004215 0.001962 -0.001266
v -0.004207 0.001965 -0.001261
v -0.004076 0.002031 -0.001186
v -0.004172 0.001977 -0.001241
v -0.004100 0.002015 -0.001199
v -0.003545 0.002200 -0.002033
v -0.003613 0.002095 -0.002073
v -0.003703 0.002016 -0.002125
v -0.003502 0.002320 -0.002009
v -0.003488 0.002450 -0.002000
v -0.003920 0.001949 -0.002250
v -0.003807 0.001966 -0.002185
v -0.005147 0.001946 -0.002959
v -0.004530 0.001947 -0.003158
v -0.003977 0.001949 -0.003497
v -0.003519 0.001950 -0.003955
v -0.003181 0.001950 -0.004508
v -0.002981 0.001951 -0.005125
v -0.002023 0.002453 -0.003464
v -0.002272 0.001953 -0.003897
v -0.002208 0.001970 -0.003785
v -0.002147 0.002020 -0.003681
v -0.002096 0.002099 -0.003591
v -0.002056 0.002203 -0.003522
v -0.002032 0.002323 -0.003479
v -0.001178 0.002455 -0.003830
v -0.001178 0.002342 -0.003843
v -0.001178 0.002325 -0.003848
v -0.001178 0.002294 -0.003857
v -0.001177 0.002205 -0.003900
v -0.001177 0.002190 -0.003909
v -0.001177 0.002152 -0.003936
v -0.001228 0.002015 -0.004087
v -0.001222 0.002022 -0.004077
v -0.001177 0.002085 -0.004000
v -0.001177 0.002101 -0.003982
v -0.001251 0.001993 -0.004129
v -0.001284 0.001972 -0.004185
v -0.001311 0.001961 -0.004232
v -0.001350 0.001955 -0.004300
v -0.001879 0.001953 -0.005217
v -0.001883 0.003753 -0.005217
v -0.001779 0.003454 -0.005277
v -0.001780 0.003754 -0.005277
v -0.001629 0.001954 -0.004783
v -0.001529 0.003454 -0.004843
v -0.001530 0.003754 -0.004843
v -0.001633 0.003754 -0.004783
v -0.001181 0.003755 -0.004000
v -0.001181 0.003755 -0.003830
v -0.001181 0.003755 0.004000
v -0.001181 0.003755 0.003830
v -0.001629 0.001954 0.004783
v -0.001633 0.003754 0.004783
v -0.001529 0.003454 0.004843
v -0.001530 0.003754 0.004843
v -0.001879 0.001953 0.005217
v -0.001779 0.003454 0.005277
v -0.001780 0.003754 0.005277
v -0.001883 0.003753 0.005217
v -0.002332 0.001952 0.006000
v -0.002336 0.003752 0.006000
v -0.002014 0.001953 0.006550
v -0.002018 0.003753 0.006550
v -0.002278 0.003752 0.007000
v -0.002274 0.001952 0.007000
v -0.002196 0.001953 0.006990
v -0.002200 0.003753 0.006990
v -0.002124 0.001953 0.006960
v -0.002128 0.003753 0.006960
v -0.002062 0.001953 0.006912
v -0.002066 0.003753 0.006912
v -0.002014 0.001953 0.006850
v -0.002018 0.003753 0.006850
v -0.001984 0.001953 0.006778
v -0.001988 0.003753 0.006778
v -0.001974 0.001953 0.006700
v -0.001978 0.003753 0.006700
v -0.001984 0.001953 0.006622
v -0.001988 0.003753 0.006622
v -0.002772 0.001951 0.007000
v -0.002776 0.003751 0.007000
v -0.002775 0.003451 0.007120
v -0.002776 0.003751 0.007120
v -0.003272 0.001950 0.007000
v -0.003275 0.003450 0.007120
v -0.003276 0.003750 0.007120
v -0.003276 0.003750 0.007000
v -0.004177 0.001948 0.007000
v -0.004181 0.003748 0.007000
v -0.004345 0.001948 0.006789
v -0.004349 0.003748 0.006789
v -0.004882 0.003747 0.007212
v -0.004878 0.001947 0.007212
v -0.005302 0.003746 0.007365
v -0.005298 0.001946 0.007365
v -0.005747 0.003745 0.007406
v -0.005743 0.001945 0.007406
v -0.006188 0.003744 0.007332
v -0.006184 0.001944 0.007332
v -0.006596 0.003743 0.007150
v -0.006592 0.001943 0.007150
v -0.006945 0.003742 0.006870
v -0.006941 0.001942 0.006870
v -0.007211 0.003741 0.006511
v -0.007207 0.001941 0.006511
v -0.007377 0.003741 0.006096
v -0.007373 0.001941 0.006096
v -0.007433 0.003741 0.005652
v -0.007429 0.001941 0.005652
v -0.007375 0.003741 0.005209
v -0.007371 0.001941 0.005209
v -0.007206 0.003741 0.004795
v -0.007202 0.001941 0.004795
v -0.006938 0.003742 0.004437
v -0.006934 0.001942 0.004437
v -0.006588 0.003743 0.004159
v -0.006584 0.001943 0.004159
v -0.006179 0.003744 0.003979
v -0.006175 0.001944 0.003979
v -0.005738 0.003745 0.003908
v -0.005734 0.001945 0.003908
v -0.005293 0.003746 0.003951
v -0.005289 0.001946 0.003951
v -0.004873 0.003747 0.004106
v -0.004869 0.001947 0.004106
v -0.004507 0.003747 0.004361
v -0.004503 0.001947 0.004361
v -0.004344 0.003748 0.004530
v -0.004213 0.001948 0.004702
v -0.004102 0.001948 0.006414
v -0.004106 0.003748 0.006414
v -0.003961 0.001949 0.005989
v -0.003965 0.003749 0.005989
v -0.003933 0.001949 0.005543
v -0.003937 0.003749 0.005543
v -0.004019 0.001949 0.005105
v -0.004023 0.003749 0.005105
v -0.004217 0.003748 0.004702
v -0.004543 0.001947 0.007634
v -0.004547 0.003747 0.007634
v -0.005332 0.001946 0.009000
v -0.005336 0.003746 0.009000
v -0.005014 0.001946 0.009550
v -0.005018 0.003746 0.009550
v -0.005278 0.003746 0.010000
v -0.005274 0.001946 0.010000
v -0.005196 0.001946 0.009990
v -0.005200 0.003746 0.009990
v -0.005124 0.001946 0.009960
v -0.005128 0.003746 0.009960
v -0.005062 0.001946 0.009912
v -0.005066 0.003746 0.009912
v -0.005014 0.001946 0.009850
v -0.005018 0.003746 0.009850
v -0.004984 0.001946 0.009778
v -0.004988 0.003746 0.009778
v -0.004974 0.001946 0.009700
v -0.004978 0.003746 0.009700
v -0.004984 0.001946 0.009622
v -0.004988 0.003746 0.009622
v -0.005776 0.003745 0.010120
v -0.005775 0.003445 0.010120
v -0.005776 0.003745 0.010073
v -0.005772 0.001945 0.010000
v -0.005776 0.003745 0.010000
v -0.006272 0.001944 0.010000
v -0.006275 0.003444 0.010120
v -0.006276 0.003744 0.010120
v -0.006276 0.003744 0.010000
v -0.006276 0.003744 0.010073
v -0.007879 0.001940 0.012783
v -0.007883 0.003740 0.012783
v -0.007779 0.003440 0.012723
v -0.007780 0.003740 0.012723
v -0.007629 0.001940 0.013217
v -0.007529 0.003441 0.013157
v -0.007530 0.003741 0.013157
v -0.007633 0.003740 0.013217
v -0.004415 0.001948 0.013217
v -0.004419 0.003748 0.013217
v -0.004522 0.003447 0.013157
v -0.004523 0.003747 0.013157
v -0.004165 0.001948 0.012783
v -0.004272 0.003448 0.012723
v -0.004273 0.003748 0.012723
v -0.004169 0.003748 0.012783
v -0.003272 0.001950 0.011000
v -0.003276 0.003750 0.011000
v -0.003275 0.003450 0.010880
v -0.003276 0.003750 0.010880
v -0.002772 0.001951 0.011000
v -0.002775 0.003451 0.010880
v -0.002776 0.003751 0.010880
v -0.002776 0.003751 0.011000
v -0.001879 0.001953 0.012783
v -0.001883 0.003753 0.012783
v -0.001779 0.003454 0.012723
v -0.001780 0.003754 0.012723
v -0.001629 0.001954 0.013217
v -0.001529 0.003454 0.013157
v -0.001530 0.003754 0.013157
v -0.001633 0.003754 0.013217
v 0.001585 0.001961 0.013217
v 0.001581 0.003761 0.013217
v 0.001478 0.003461 0.013157
v 0.001477 0.003761 0.013157
v 0.001835 0.001962 0.012783
v 0.001728 0.003461 0.012723
v 0.001727 0.003761 0.012723
v 0.001831 0.003762 0.012783
v 0.002728 0.001964 0.011000
v 0.002724 0.003764 0.011000
v 0.002725 0.003464 0.010880
v 0.002724 0.003764 0.010880
v 0.003228 0.001965 0.011000
v 0.003225 0.003465 0.010880
v 0.003224 0.003765 0.010880
v 0.003224 0.003765 0.011000
v 0.004121 0.001967 0.012783
v 0.004117 0.003767 0.012783
v 0.004221 0.003467 0.012723
v 0.004220 0.003767 0.012723
v 0.004371 0.001967 0.013217
v 0.004471 0.003468 0.013157
v 0.004470 0.003768 0.013157
v 0.004367 0.003767 0.013217
v 0.007585 0.001975 0.013217
v 0.007581 0.003775 0.013217
v 0.007478 0.003474 0.013157
v 0.007477 0.003774 0.013157
v 0.007835 0.001975 0.012783
v 0.007728 0.003475 0.012723
v 0.007727 0.003775 0.012723
v 0.007831 0.003775 0.012783
v 0.007128 0.003774 0.010000
v 0.007132 0.001974 0.010000
v 0.007170 0.003774 0.010073
v 0.008287 0.001976 0.012000
v 0.008283 0.003776 0.012000
v 0.007410 0.003774 0.013512
v 0.007132 0.001974 0.014000
v 0.007128 0.003774 0.014000
v 0.004823 0.001968 0.014000
v 0.004819 0.003768 0.014000
v 0.006901 0.001973 0.014000
v 0.003668 0.001966 0.012000
v 0.003664 0.003766 0.012000
v 0.003986 0.001967 0.011450
v 0.003982 0.003767 0.011450
v 0.003726 0.001966 0.011000
v 0.003722 0.003766 0.011000
v 0.003800 0.003766 0.011010
v 0.003804 0.001966 0.011010
v 0.003872 0.003766 0.011040
v 0.003876 0.001966 0.011040
v 0.003934 0.003766 0.011088
v 0.003938 0.001966 0.011088
v 0.003982 0.003767 0.011150
v 0.003986 0.001967 0.011150
v 0.004012 0.003767 0.011222
v 0.004016 0.001967 0.011222
v 0.004022 0.003767 0.011300
v 0.004026 0.001967 0.011300
v 0.004012 0.003767 0.011378
v 0.004016 0.001967 0.011378
v 0.002229 0.001963 0.011000
v 0.002225 0.003763 0.011000
v 0.002152 0.001962 0.011010
v 0.002148 0.003762 0.011010
v 0.002079 0.001962 0.011040
v 0.002075 0.003762 0.011040
v 0.002017 0.001962 0.011088
v 0.002013 0.003762 0.011088
v 0.001969 0.001962 0.011150
v 0.001965 0.003762 0.011150
v 0.001939 0.001962 0.011222
v 0.001935 0.003762 0.011222
v 0.001929 0.001962 0.011300
v 0.001925 0.003762 0.011300
v 0.001939 0.001962 0.011378
v 0.001935 0.003762 0.011378
v 0.001969 0.001962 0.011450
v 0.001965 0.003762 0.011450
v 0.002287 0.001963 0.012000
v 0.002283 0.003763 0.012000
v 0.001132 0.001960 0.014000
v 0.001128 0.003760 0.014000
v 0.001410 0.003761 0.013512
v 0.001485 0.003761 0.013382
v 0.001010 0.003760 0.014000
v -0.000022 0.001958 0.014000
v -0.001063 0.003755 0.014000
v -0.001177 0.001955 0.014000
v -0.001181 0.003755 0.014000
v -0.002332 0.001952 0.012000
v -0.002336 0.003752 0.012000
v -0.002014 0.001953 0.011450
v -0.002018 0.003753 0.011450
v -0.002274 0.001952 0.011000
v -0.002278 0.003752 0.011000
v -0.002200 0.003753 0.011010
v -0.002196 0.001953 0.011010
v -0.002128 0.003753 0.011040
v -0.002124 0.001953 0.011040
v -0.002066 0.003753 0.011088
v -0.002062 0.001953 0.011088
v -0.002018 0.003753 0.011150
v -0.002014 0.001953 0.011150
v -0.001988 0.003753 0.011222
v -0.001984 0.001953 0.011222
v -0.001978 0.003753 0.011300
v -0.001974 0.001953 0.011300
v -0.001988 0.003753 0.011378
v -0.001984 0.001953 0.011378
v -0.003771 0.001949 0.011000
v -0.003775 0.003749 0.011000
v -0.003848 0.001949 0.011010
v -0.003852 0.003749 0.011010
v -0.003921 0.001949 0.011040
v -0.003925 0.003749 0.011040
v -0.003983 0.001949 0.011088
v -0.003987 0.003749 0.011088
v -0.004031 0.001949 0.011150
v -0.004035 0.003749 0.011150
v -0.004061 0.001948 0.011222
v -0.004065 0.003748 0.011222
v -0.004071 0.001948 0.011300
v -0.004075 0.003748 0.011300
v -0.004061 0.001948 0.011378
v -0.004065 0.003748 0.011378
v -0.004031 0.001949 0.011450
v -0.004035 0.003749 0.011450
v -0.003713 0.001949 0.012000
v -0.003717 0.003749 0.012000
v -0.004868 0.001947 0.014000
v -0.004872 0.003747 0.014000
v -0.007177 0.001941 0.014000
v -0.007181 0.003741 0.014000
v -0.006946 0.001942 0.014000
v -0.006880 0.003742 0.014000
v -0.008332 0.001939 0.012000
v -0.008336 0.003739 0.012000
v -0.007223 0.003741 0.010073
v -0.007177 0.001941 0.010000
v -0.007181 0.003741 0.010000
v -0.000272 0.001957 0.010000
v -0.000276 0.003757 0.010000
v 0.000228 0.001958 0.010000
v 0.000224 0.003758 0.010000
v 0.006901 0.001973 0.010000
v -0.006946 0.001942 0.010000
v -0.006880 0.003742 0.010000
v -0.000276 0.003757 0.010073
v -0.000275 0.003457 0.010120
v -0.000276 0.003757 0.010120
v 0.000224 0.003758 0.010120
v 0.000225 0.003458 0.010120
v 0.000224 0.003758 0.010073
v -0.004026 0.003749 -0.000000
v -0.003890 0.003749 -0.001035
v -0.003890 0.003749 0.001035
v 0.001010 0.003760 -0.007927
v 0.001485 0.003761 -0.007927
v 0.001485 0.003761 -0.006853
v -0.001063 0.003755 -0.010073
v -0.004355 0.003748 -0.004803
v 0.004777 0.003768 -0.010073
v 0.004302 0.003767 -0.007927
v 0.001010 0.003760 -0.004803
v 0.001485 0.003761 -0.004803
v 0.004302 0.003767 -0.006853
v 0.004302 0.003767 -0.004803
v 0.004777 0.003768 -0.006853
v 0.004777 0.003768 -0.004803
v 0.004777 0.003768 -0.010548
v 0.001485 0.003761 -0.010548
v 0.004302 0.003767 -0.010548
v 0.001010 0.003760 -0.010548
v -0.001063 0.003755 -0.010548
v -0.004355 0.003748 -0.010548
v -0.006880 0.003742 -0.010548
v -0.006880 0.003742 -0.010073
v -0.004355 0.003748 -0.010073
v -0.004355 0.003748 -0.007927
v -0.006880 0.003742 -0.006853
v -0.004355 0.003748 -0.006853
v -0.006880 0.003742 -0.004803
v -0.001063 0.003755 -0.007927
v -0.001063 0.003755 -0.006853
v -0.001063 0.003755 -0.004803
v -0.001062 0.003755 -0.003864
v -0.000026 0.003758 -0.004000
v 0.001009 0.003760 -0.003864
v 0.001010 0.003760 -0.010073
v 0.001485 0.003761 -0.010073
v 0.001010 0.003760 -0.006853
v 0.004302 0.003767 -0.010073
v 0.003974 0.003767 -0.000000
v 0.003837 0.003766 0.001035
v 0.003837 0.003766 -0.001035
v -0.004355 0.003748 0.007453
v -0.001063 0.003755 0.007453
v -0.001063 0.003755 0.007927
v 0.004302 0.003767 0.007927
v 0.001010 0.003760 0.010073
v 0.004302 0.003767 0.010073
v -0.004355 0.003748 0.010073
v -0.006880 0.003742 0.006853
v -0.001062 0.003755 0.003864
v -0.001063 0.003755 0.006853
v -0.004355 0.003748 0.006853
v -0.004355 0.003748 0.007927
v -0.006880 0.003742 0.013512
v -0.006880 0.003742 0.010073
v -0.001063 0.003755 0.010073
v 0.001010 0.003760 0.013512
v 0.001485 0.003761 0.010073
v 0.004777 0.003768 0.013512
v 0.004777 0.003768 0.010073
v 0.004302 0.003767 0.006853
v 0.004777 0.003768 0.006853
v 0.004302 0.003767 0.007453
v 0.001485 0.003761 0.007453
v 0.001485 0.003761 0.006853
v 0.001009 0.003760 0.003864
v 0.001010 0.003760 0.006853
v -0.000026 0.003758 0.004000
v -0.001063 0.003755 0.013512
v 0.001010 0.003760 0.007927
v 0.001485 0.003761 0.007927
v 0.001010 0.003760 0.007453
v -0.003494 0.004950 -0.002000
v -0.002858 0.004951 -0.002828
v -0.002029 0.004953 -0.003464
v -0.003494 0.004950 0.002000
v -0.003893 0.004949 0.001035
v -0.004029 0.004949 -0.000000
v -0.003893 0.004949 -0.001035
v -0.002858 0.004951 0.002828
v -0.002029 0.004953 0.003464
v 0.001971 0.004962 0.003464
v 0.001006 0.004960 0.003864
v -0.000029 0.004958 0.004000
v -0.001065 0.004955 0.003864
v 0.002799 0.004964 0.002828
v 0.003435 0.004965 0.002000
v 0.003435 0.004965 -0.002000
v 0.003834 0.004966 -0.001035
v 0.003971 0.004967 -0.000000
v 0.003834 0.004966 0.001035
v 0.002799 0.004964 -0.002828
v 0.001971 0.004962 -0.003464
v -0.001065 0.004955 -0.003864
v -0.000029 0.004958 -0.004000
v 0.001006 0.004960 -0.003864
v -0.008029 0.004940 -0.007200
v -0.008022 0.001940 -0.007200
v -0.008236 0.004939 -0.007227
v -0.008229 0.001939 -0.007227
v -0.008429 0.004939 -0.007307
v -0.008422 0.001939 -0.007307
v -0.008595 0.004938 -0.007434
v -0.008588 0.001938 -0.007434
v -0.008722 0.004938 -0.007600
v -0.008715 0.001938 -0.007600
v -0.008802 0.004938 -0.007793
v -0.008795 0.001938 -0.007793
v -0.008829 0.004938 -0.008000
v -0.008822 0.001938 -0.008000
v -0.008802 0.004938 -0.008207
v -0.008795 0.001938 -0.008207
v -0.008722 0.004938 -0.008400
v -0.008715 0.001938 -0.008400
v -0.008595 0.004938 -0.008566
v -0.008588 0.001938 -0.008566
v -0.008429 0.004939 -0.008693
v -0.008422 0.001939 -0.008693
v -0.008236 0.004939 -0.008773
v -0.008229 0.001939 -0.008773
v -0.008029 0.004940 -0.008800
v -0.008022 0.001940 -0.008800
v -0.007822 0.004940 -0.008773
v -0.007815 0.001940 -0.008773
v -0.007629 0.004940 -0.008693
v -0.007622 0.001940 -0.008693
v -0.007464 0.004941 -0.008566
v -0.007457 0.001941 -0.008566
v -0.007337 0.004941 -0.008400
v -0.007330 0.001941 -0.008400
v -0.007257 0.004941 -0.008207
v -0.007250 0.001941 -0.008207
v -0.007229 0.004941 -0.008000
v -0.007222 0.001941 -0.008000
v -0.007257 0.004941 -0.007793
v -0.007250 0.001941 -0.007793
v -0.007337 0.004941 -0.007600
v -0.007330 0.001941 -0.007600
v -0.007464 0.004941 -0.007434
v -0.007457 0.001941 -0.007434
v -0.007629 0.004940 -0.007307
v -0.007622 0.001940 -0.007307
v -0.007822 0.004940 -0.007227
v -0.007815 0.001940 -0.007227
v 0.007971 0.004976 -0.007200
v 0.007978 0.001976 -0.007200
v 0.007764 0.004975 -0.007227
v 0.007771 0.001975 -0.007227
v 0.007571 0.004975 -0.007307
v 0.007578 0.001975 -0.007307
v 0.007405 0.004974 -0.007434
v 0.007412 0.001974 -0.007434
v 0.007278 0.004974 -0.007600
v 0.007285 0.001974 -0.007600
v 0.007198 0.004974 -0.007793
v 0.007205 0.001974 -0.007793
v 0.007171 0.004974 -0.008000
v 0.007178 0.001974 -0.008000
v 0.007198 0.004974 -0.008207
v 0.007205 0.001974 -0.008207
v 0.007278 0.004974 -0.008400
v 0.007285 0.001974 -0.008400
v 0.007405 0.004974 -0.008566
v 0.007412 0.001974 -0.008566
v 0.007571 0.004975 -0.008693
v 0.007578 0.001975 -0.008693
v 0.007764 0.004975 -0.008773
v 0.007771 0.001975 -0.008773
v 0.007971 0.004976 -0.008800
v 0.007978 0.001976 -0.008800
v 0.008178 0.004976 -0.008773
v 0.008185 0.001976 -0.008773
v 0.008371 0.004976 -0.008693
v 0.008378 0.001976 -0.008693
v 0.008536 0.004977 -0.008566
v 0.008543 0.001977 -0.008566
v 0.008663 0.004977 -0.008400
v 0.008670 0.001977 -0.008400
v 0.008743 0.004977 -0.008207
v 0.008750 0.001977 -0.008207
v 0.008771 0.004977 -0.008000
v 0.008778 0.001977 -0.008000
v 0.008743 0.004977 -0.007793
v 0.008750 0.001977 -0.007793
v 0.008663 0.004977 -0.007600
v 0.008670 0.001977 -0.007600
v 0.008536 0.004977 -0.007434
v 0.008543 0.001977 -0.007434
v 0.008371 0.004976 -0.007307
v 0.008378 0.001976 -0.007307
v 0.008178 0.004976 -0.007227
v 0.008185 0.001976 -0.007227
v -0.008029 0.004940 0.008800
v -0.008022 0.001940 0.008800
v -0.008236 0.004939 0.008773
v -0.008229 0.001939 0.008773
v -0.008429 0.004939 0.008693
v -0.008422 0.001939 0.008693
v -0.008595 0.004938 0.008566
v -0.008588 0.001938 0.008566
v -0.008722 0.004938 0.008400
v -0.008715 0.001938 0.008400
v -0.008802 0.004938 0.008207
v -0.008795 0.001938 0.008207
v -0.008829 0.004938 0.008000
v -0.008822 0.001938 0.008000
v -0.008802 0.004938 0.007793
v -0.008795 0.001938 0.007793
v -0.008722 0.004938 0.007600
v -0.008715 0.001938 0.007600
v -0.008595 0.004938 0.007434
v -0.008588 0.001938 0.007434
v -0.008429 0.004939 0.007307
v -0.008422 0.001939 0.007307
v -0.008236 0.004939 0.007227
v -0.008229 0.001939 0.007227
v -0.008029 0.004940 0.007200
v -0.008022 0.001940 0.007200
v -0.007822 0.004940 0.007227
v -0.007815 0.001940 0.007227
v -0.007629 0.004940 0.007307
v -0.007622 0.001940 0.007307
v -0.007464 0.004941 0.007434
v -0.007457 0.001941 0.007434
v -0.007337 0.004941 0.007600
v -0.007330 0.001941 0.007600
v -0.007257 0.004941 0.007793
v -0.007250 0.001941 0.007793
v -0.007229 0.004941 0.008000
v -0.007222 0.001941 0.008000
v -0.007257 0.004941 0.008207
v -0.007250 0.001941 0.008207
v -0.007337 0.004941 0.008400
v -0.007330 0.001941 0.008400
v -0.007464 0.004941 0.008566
v -0.007457 0.001941 0.008566
v -0.007629 0.004940 0.008693
v -0.007622 0.001940 0.008693
v -0.007822 0.004940 0.008773
v -0.007815 0.001940 0.008773
v 0.007971 0.004976 0.008800
v 0.007978 0.001976 0.008800
v 0.007764 0.004975 0.008773
v 0.007771 0.001975 0.008773
v 0.007571 0.004975 0.008693
v 0.007578 0.001975 0.008693
v 0.007405 0.004974 0.008566
v 0.007412 0.001974 0.008566
v 0.007278 0.004974 0.008400
v 0.007285 0.001974 0.008400
v 0.007198 0.004974 0.008207
v 0.007205 0.001974 0.008207
v 0.007171 0.004974 0.008000
v 0.007178 0.001974 0.008000
v 0.007198 0.004974 0.007793
v 0.007205 0.001974 0.007793
v 0.007278 0.004974 0.007600
v 0.007285 0.001974 0.007600
v 0.007405 0.004974 0.007434
v 0.007412 0.001974 0.007434
v 0.007571 0.004975 0.007307
v 0.007578 0.001975 0.007307
v 0.007764 0.004975 0.007227
v 0.007771 0.001975 0.007227
v 0.007971 0.004976 0.007200
v 0.007978 0.001976 0.007200
v 0.008178 0.004976 0.007227
v 0.008185 0.001976 0.007227
v 0.008371 0.004976 0.007307
v 0.008378 0.001976 0.007307
v 0.008536 0.004977 0.007434
v 0.008543 0.001977 0.007434
v 0.008663 0.004977 0.007600
v 0.008670 0.001977 0.007600
v 0.008743 0.004977 0.007793
v 0.008750 0.001977 0.007793
v 0.008771 0.004977 0.008000
v 0.008778 0.001977 0.008000
v 0.008743 0.004977 0.008207
v 0.008750 0.001977 0.008207
v 0.008663 0.004977 0.008400
v 0.008670 0.001977 0.008400
v 0.008536 0.004977 0.008566
v 0.008543 0.001977 0.008566
v 0.008371 0.004976 0.008693
v 0.008378 0.001976 0.008693
v 0.008178 0.004976 0.008773
v 0.008185 0.001976 0.008773
v 0.005518 0.004970 0.001690
v 0.005971 0.004971 0.001750
v 0.006424 0.004972 0.001690
v 0.006846 0.004973 0.001516
v 0.007208 0.004974 0.001237
v 0.007486 0.004974 0.000875
v 0.007661 0.004975 0.000453
v 0.007721 0.004975 -0.000000
v 0.007661 0.004975 -0.000453
v 0.007486 0.004974 -0.000875
v 0.007208 0.004974 -0.001237
v 0.006846 0.004973 -0.001516
v 0.006424 0.004972 -0.001690
v 0.005971 0.004971 -0.001750
v 0.005518 0.004970 -0.001690
v 0.005096 0.004969 -0.001516
v 0.004733 0.004968 -0.001237
v 0.004455 0.004968 -0.000875
v 0.004280 0.004967 -0.000453
v 0.004221 0.004967 -0.000000
v 0.004280 0.004967 0.000453
v 0.004455 0.004968 0.000875
v 0.004733 0.004968 0.001237
v 0.005096 0.004969 0.001516
v 0.009972 0.004680 -0.016376
v 0.009671 0.004979 -0.016500
v 0.009673 0.004179 -0.017300
v 0.009974 0.004055 -0.017000
v 0.009471 0.004979 -0.016500
v 0.007387 0.004174 -0.017300
v -0.009727 0.004136 -0.017300
v -0.007441 0.004141 -0.017300
v -0.009529 0.004936 -0.016500
v -0.001960 0.004153 -0.017300
v 0.001905 0.004162 -0.017300
v -0.010026 0.004010 -0.017000
v -0.009714 -0.001603 -0.017300
v -0.010014 -0.001604 -0.017000
v -0.009928 -0.002519 -0.017000
v -0.010014 -0.001604 -0.014500
v -0.009928 -0.002519 -0.014500
v -0.009633 -0.002463 -0.017300
v -0.008612 -0.009495 -0.017000
v -0.008317 -0.009439 -0.017300
v -0.007852 -0.013525 -0.015800
v -0.007852 -0.013525 -0.014500
v -0.008612 -0.009495 -0.015800
v -0.007627 -0.010310 -0.017000
v -0.007627 -0.010310 -0.015800
v -0.007856 -0.010284 -0.015800
v -0.007856 -0.010284 -0.017000
v -0.008074 -0.010206 -0.015800
v -0.008074 -0.010206 -0.017000
v -0.008267 -0.010080 -0.015800
v -0.008267 -0.010080 -0.017000
v -0.008426 -0.009914 -0.015800
v -0.008426 -0.009914 -0.017000
v -0.008544 -0.009716 -0.015800
v -0.008544 -0.009716 -0.017000
v -0.007628 -0.010010 -0.017300
v -0.007788 -0.009992 -0.017300
v -0.007940 -0.009937 -0.017300
v -0.008075 -0.009850 -0.017300
v -0.008188 -0.009733 -0.017300
v -0.008269 -0.009594 -0.017300
v -0.005995 -0.010006 -0.017300
v -0.005994 -0.010306 -0.017000
v -0.007409 -0.010009 -0.017300
v -0.005994 -0.010306 -0.015800
v -0.005603 -0.010350 -0.015800
v -0.005534 -0.013746 -0.017000
v -0.005986 -0.013806 -0.017000
v -0.005986 -0.013806 -0.015800
v -0.005596 -0.013761 -0.015800
v -0.005194 -0.013614 -0.015800
v -0.005194 -0.013614 -0.017000
v -0.004840 -0.013375 -0.015800
v -0.004555 -0.013058 -0.015800
v -0.004555 -0.013058 -0.017000
v -0.004751 -0.013291 -0.017000
v -0.004840 -0.013375 -0.017000
v -0.005112 -0.013570 -0.017000
v -0.004356 -0.012680 -0.015800
v -0.004253 -0.012266 -0.015800
v -0.004253 -0.012266 -0.017000
v -0.004299 -0.012505 -0.017000
v -0.004356 -0.012680 -0.017000
v -0.004473 -0.012927 -0.017000
v -0.004359 -0.011425 -0.015800
v -0.004301 -0.011599 -0.017000
v -0.004254 -0.011839 -0.015800
v -0.004254 -0.011839 -0.017000
v -0.004240 -0.012052 -0.017000
v -0.004560 -0.011049 -0.015800
v -0.004477 -0.011177 -0.017000
v -0.004359 -0.011425 -0.017000
v -0.004846 -0.010732 -0.015800
v -0.004756 -0.010816 -0.017000
v -0.004560 -0.011049 -0.017000
v -0.005541 -0.010365 -0.017000
v -0.005201 -0.010494 -0.017000
v -0.005201 -0.010494 -0.015800
v -0.005119 -0.010539 -0.017000
v -0.004846 -0.010732 -0.017000
v -0.005986 -0.014106 -0.017300
v -0.005456 -0.014035 -0.017300
v -0.004961 -0.013830 -0.017300
v -0.004538 -0.013503 -0.017300
v -0.004213 -0.013077 -0.017300
v -0.004009 -0.012582 -0.017300
v -0.003940 -0.012051 -0.017300
v -0.004012 -0.011521 -0.017300
v -0.004218 -0.011027 -0.017300
v -0.004545 -0.010604 -0.017300
v -0.004969 -0.010279 -0.017300
v -0.005465 -0.010075 -0.017300
v -0.006424 -0.013807 -0.017000
v -0.006424 -0.014107 -0.017300
v -0.006424 -0.013807 -0.015800
v -0.006668 -0.013838 -0.017000
v -0.006668 -0.013838 -0.015800
v -0.006897 -0.013928 -0.017000
v -0.006897 -0.013928 -0.015800
v -0.007098 -0.014070 -0.017000
v -0.007098 -0.014070 -0.015800
v -0.007257 -0.014258 -0.017000
v -0.007257 -0.014258 -0.015800
v -0.007366 -0.014479 -0.017000
v -0.007366 -0.014479 -0.015800
v -0.007418 -0.014719 -0.017000
v -0.007418 -0.014719 -0.015800
v -0.007409 -0.014966 -0.017000
v -0.007409 -0.014966 -0.015800
v -0.007340 -0.015202 -0.017000
v -0.007340 -0.015202 -0.015800
v -0.007065 -0.015083 -0.017300
v -0.007113 -0.014918 -0.017300
v -0.007119 -0.014745 -0.017300
v -0.007083 -0.014577 -0.017300
v -0.007007 -0.014423 -0.017300
v -0.006895 -0.014292 -0.017300
v -0.006755 -0.014192 -0.017300
v -0.006595 -0.014128 -0.017300
v -0.002999 -0.019130 -0.017300
v -0.003117 -0.019406 -0.017000
v -0.004692 -0.018516 -0.017000
v -0.004515 -0.018274 -0.017300
v -0.006158 -0.017139 -0.017000
v -0.005926 -0.016948 -0.017300
v -0.007234 -0.015440 -0.017000
v -0.006962 -0.015312 -0.017300
v -0.001726 -0.018483 -0.017000
v -0.001726 -0.018483 -0.015900
v -0.001756 -0.018728 -0.015900
v -0.001756 -0.018728 -0.017000
v -0.001845 -0.018958 -0.015900
v -0.001845 -0.018958 -0.017000
v -0.001986 -0.019159 -0.015900
v -0.001986 -0.019159 -0.017000
v -0.002173 -0.019319 -0.015900
v -0.002173 -0.019319 -0.017000
v -0.002394 -0.019429 -0.015900
v -0.002394 -0.019429 -0.017000
v -0.002635 -0.019481 -0.015900
v -0.002635 -0.019481 -0.017000
v -0.002881 -0.019474 -0.015900
v -0.002881 -0.019474 -0.017000
v -0.003117 -0.019406 -0.015900
v -0.002026 -0.018484 -0.017300
v -0.002048 -0.018655 -0.017300
v -0.002109 -0.018816 -0.017300
v -0.002209 -0.018957 -0.017300
v -0.002340 -0.019070 -0.017300
v -0.002493 -0.019146 -0.017300
v -0.002662 -0.019183 -0.017300
v -0.002834 -0.019178 -0.017300
v -0.002027 -0.018047 -0.017300
v -0.001727 -0.018046 -0.017000
v -0.001727 -0.018046 -0.015900
v 0.001773 -0.018038 -0.017000
v 0.001774 -0.018475 -0.017000
v 0.001773 -0.018038 -0.015900
v 0.001774 -0.018475 -0.015900
v 0.001712 -0.017586 -0.017000
v -0.001684 -0.017655 -0.015900
v 0.001727 -0.017648 -0.015900
v 0.001581 -0.017246 -0.015900
v 0.001581 -0.017246 -0.017000
v 0.001342 -0.016892 -0.015900
v 0.001342 -0.016892 -0.017000
v 0.001536 -0.017164 -0.017000
v 0.001024 -0.016607 -0.015900
v 0.000646 -0.016408 -0.015900
v 0.000646 -0.016408 -0.017000
v 0.000895 -0.016525 -0.017000
v 0.001024 -0.016607 -0.017000
v 0.001257 -0.016803 -0.017000
v -0.000195 -0.016306 -0.015900
v 0.000019 -0.016292 -0.017000
v 0.000232 -0.016305 -0.015900
v 0.000232 -0.016305 -0.017000
v 0.000472 -0.016351 -0.017000
v -0.000609 -0.016411 -0.015900
v -0.000434 -0.016353 -0.017000
v -0.000195 -0.016306 -0.017000
v -0.000985 -0.016612 -0.015900
v -0.000855 -0.016529 -0.017000
v -0.000609 -0.016411 -0.017000
v -0.001301 -0.016898 -0.015900
v -0.001218 -0.016808 -0.017000
v -0.000985 -0.016612 -0.017000
v -0.001669 -0.017593 -0.017000
v -0.001539 -0.017253 -0.017000
v -0.001539 -0.017253 -0.015900
v -0.001495 -0.017171 -0.017000
v -0.001301 -0.016898 -0.017000
v 0.002073 -0.018038 -0.017300
v 0.002002 -0.017508 -0.017300
v 0.001796 -0.017013 -0.017300
v 0.001469 -0.016590 -0.017300
v 0.001044 -0.016265 -0.017300
v 0.000549 -0.016061 -0.017300
v 0.000019 -0.015992 -0.017300
v -0.000512 -0.016064 -0.017300
v -0.001006 -0.016270 -0.017300
v -0.001430 -0.016597 -0.017300
v -0.001755 -0.017021 -0.017300
v -0.001959 -0.017517 -0.017300
v 0.002074 -0.018475 -0.017300
v 0.009903 -0.002474 -0.017000
v 0.009986 -0.001559 -0.017000
v 0.009903 -0.002474 -0.014500
v 0.009986 -0.001559 -0.014500
v 0.009686 -0.001560 -0.017300
v 0.009608 -0.002420 -0.017300
v 0.008324 -0.009402 -0.017300
v 0.008619 -0.009456 -0.017000
v 0.007877 -0.013490 -0.014500
v 0.007877 -0.013490 -0.015800
v 0.008619 -0.009456 -0.015800
v 0.007638 -0.010275 -0.015800
v 0.007638 -0.010275 -0.017000
v 0.007867 -0.010249 -0.017000
v 0.007867 -0.010249 -0.015800
v 0.008083 -0.010169 -0.017000
v 0.008083 -0.010169 -0.015800
v 0.008276 -0.010043 -0.017000
v 0.008276 -0.010043 -0.015800
v 0.008435 -0.009876 -0.017000
v 0.008435 -0.009876 -0.015800
v 0.008551 -0.009677 -0.017000
v 0.008551 -0.009677 -0.015800
v 0.008277 -0.009557 -0.017300
v 0.008195 -0.009696 -0.017300
v 0.008084 -0.009813 -0.017300
v 0.007949 -0.009902 -0.017300
v 0.007797 -0.009957 -0.017300
v 0.007637 -0.009975 -0.017300
v 0.006006 -0.010279 -0.017000
v 0.006005 -0.009979 -0.017300
v 0.007419 -0.009976 -0.017300
v 0.006006 -0.010279 -0.015800
v 0.005621 -0.013736 -0.015800
v 0.006014 -0.013779 -0.015800
v 0.006014 -0.013779 -0.017000
v 0.005553 -0.010340 -0.017000
v 0.005614 -0.010325 -0.015800
v 0.005213 -0.010471 -0.015800
v 0.005213 -0.010471 -0.017000
v 0.004859 -0.010711 -0.015800
v 0.004859 -0.010711 -0.017000
v 0.005131 -0.010516 -0.017000
v 0.004574 -0.011028 -0.015800
v 0.004374 -0.011406 -0.015800
v 0.004374 -0.011406 -0.017000
v 0.004492 -0.011157 -0.017000
v 0.004574 -0.011028 -0.017000
v 0.004769 -0.010795 -0.017000
v 0.004273 -0.012247 -0.015800
v 0.004260 -0.012033 -0.017000
v 0.004272 -0.011820 -0.015800
v 0.004272 -0.011820 -0.017000
v 0.004318 -0.011580 -0.017000
v 0.004377 -0.012661 -0.015800
v 0.004320 -0.012486 -0.017000
v 0.004273 -0.012247 -0.017000
v 0.004579 -0.013037 -0.015800
v 0.004496 -0.012907 -0.017000
v 0.004377 -0.012661 -0.017000
v 0.004865 -0.013354 -0.015800
v 0.004774 -0.013270 -0.017000
v 0.004579 -0.013037 -0.017000
v 0.005560 -0.013721 -0.017000
v 0.005220 -0.013591 -0.017000
v 0.005220 -0.013591 -0.015800
v 0.005138 -0.013547 -0.017000
v 0.004865 -0.013354 -0.017000
v 0.005474 -0.010050 -0.017300
v 0.004981 -0.010256 -0.017300
v 0.004556 -0.010583 -0.017300
v 0.004231 -0.011008 -0.017300
v 0.004027 -0.011503 -0.017300
v 0.003960 -0.012034 -0.017300
v 0.004030 -0.012564 -0.017300
v 0.004236 -0.013058 -0.017300
v 0.004563 -0.013482 -0.017300
v 0.004989 -0.013807 -0.017300
v 0.006014 -0.014079 -0.017300
v 0.005483 -0.014010 -0.017300
v 0.006451 -0.014078 -0.017300
v 0.006451 -0.013778 -0.017000
v 0.006451 -0.013778 -0.015800
v 0.006695 -0.013808 -0.015800
v 0.006695 -0.013808 -0.017000
v 0.006925 -0.013897 -0.015800
v 0.006925 -0.013897 -0.017000
v 0.007125 -0.014038 -0.015800
v 0.007125 -0.014038 -0.017000
v 0.007286 -0.014225 -0.015800
v 0.007286 -0.014225 -0.017000
v 0.007396 -0.014446 -0.015800
v 0.007396 -0.014446 -0.017000
v 0.007449 -0.014686 -0.015800
v 0.007449 -0.014686 -0.017000
v 0.007440 -0.014933 -0.015800
v 0.007440 -0.014933 -0.017000
v 0.007373 -0.015169 -0.015800
v 0.007373 -0.015169 -0.017000
v 0.006622 -0.014099 -0.017300
v 0.006782 -0.014161 -0.017300
v 0.006924 -0.014261 -0.017300
v 0.007036 -0.014392 -0.017300
v 0.007112 -0.014545 -0.017300
v 0.007150 -0.014713 -0.017300
v 0.007144 -0.014886 -0.017300
v 0.007096 -0.015052 -0.017300
v 0.007267 -0.015407 -0.017000
v 0.006995 -0.015281 -0.017300
v 0.006199 -0.017112 -0.017000
v 0.005967 -0.016921 -0.017300
v 0.004739 -0.018495 -0.017000
v 0.004562 -0.018253 -0.017300
v 0.003168 -0.019392 -0.017000
v 0.003051 -0.019117 -0.017300
v 0.002932 -0.019461 -0.017000
v 0.002885 -0.019165 -0.017300
v 0.002686 -0.019469 -0.017000
v 0.002713 -0.019171 -0.017300
v 0.002445 -0.019418 -0.017000
v 0.002544 -0.019135 -0.017300
v 0.002225 -0.019309 -0.017000
v 0.002389 -0.019059 -0.017300
v 0.002037 -0.019150 -0.017000
v 0.002258 -0.018947 -0.017300
v 0.001894 -0.018949 -0.017000
v 0.002158 -0.018807 -0.017300
v 0.001805 -0.018720 -0.017000
v 0.002095 -0.018646 -0.017300
v 0.001805 -0.018720 -0.015900
v 0.001894 -0.018949 -0.015900
v 0.002037 -0.019150 -0.015900
v 0.002225 -0.019309 -0.015900
v 0.002445 -0.019418 -0.015900
v 0.002686 -0.019469 -0.015900
v 0.002932 -0.019461 -0.015900
v 0.003168 -0.019392 -0.015900
v 0.002979 -0.019471 -0.015900
v 0.004739 -0.018495 -0.014500
v -0.002928 -0.019484 -0.014500
v -0.000979 -0.019982 -0.015900
v -0.000979 -0.019982 -0.014500
v 0.001032 -0.019977 -0.015900
v 0.001032 -0.019977 -0.014500
v 0.002979 -0.019471 -0.014500
v -0.004692 -0.018516 -0.014500
v -0.002928 -0.019484 -0.015900
v -0.007234 -0.015440 -0.014500
v 0.006199 -0.017112 -0.014500
v 0.007267 -0.015407 -0.014500
v 0.007752 -0.014054 -0.014500
v -0.006158 -0.017139 -0.014500
v -0.000864 -0.018557 -0.015900
v 0.000025 -0.019067 -0.015900
v 0.000290 -0.019032 -0.015900
v 0.000537 -0.018929 -0.015900
v 0.000749 -0.018766 -0.015900
v -0.000966 -0.018311 -0.015900
v -0.001002 -0.018045 -0.015900
v -0.000967 -0.017780 -0.015900
v -0.000866 -0.017532 -0.015900
v -0.000704 -0.017319 -0.015900
v -0.000492 -0.017157 -0.015900
v -0.000245 -0.017053 -0.015900
v 0.000021 -0.017017 -0.015900
v -0.000241 -0.019033 -0.015900
v -0.000488 -0.018932 -0.015900
v -0.000700 -0.018769 -0.015900
v 0.000911 -0.018553 -0.015900
v 0.000286 -0.017052 -0.015900
v 0.000533 -0.017154 -0.015900
v 0.000745 -0.017316 -0.015900
v 0.000909 -0.017528 -0.015900
v 0.001013 -0.017775 -0.015900
v 0.001048 -0.018040 -0.015900
v 0.001014 -0.018306 -0.015900
v 0.001048 -0.018040 -0.014500
v 0.001013 -0.017775 -0.014500
v 0.000909 -0.017528 -0.014500
v 0.000745 -0.017316 -0.014500
v 0.000533 -0.017154 -0.014500
v 0.000286 -0.017052 -0.014500
v 0.000021 -0.017017 -0.014500
v -0.000245 -0.017053 -0.014500
v -0.000492 -0.017157 -0.014500
v -0.000704 -0.017319 -0.014500
v -0.000866 -0.017532 -0.014500
v -0.000967 -0.017780 -0.014500
v -0.001002 -0.018045 -0.014500
v -0.000966 -0.018311 -0.014500
v -0.000864 -0.018557 -0.014500
v -0.000700 -0.018769 -0.014500
v -0.000488 -0.018932 -0.014500
v -0.000241 -0.019033 -0.014500
v 0.000025 -0.019067 -0.014500
v 0.000290 -0.019032 -0.014500
v 0.000537 -0.018929 -0.014500
v 0.000749 -0.018766 -0.014500
v 0.000911 -0.018553 -0.014500
v 0.001014 -0.018306 -0.014500
v -0.000006 -0.005017 -0.014500
v 0.000259 -0.005052 -0.014500
v -0.000730 -0.005319 -0.014500
v -0.000519 -0.005157 -0.014500
v -0.000272 -0.005053 -0.014500
v 0.000506 -0.005154 -0.014500
v 0.000719 -0.005316 -0.014500
v 0.000882 -0.005528 -0.014500
v 0.000986 -0.005775 -0.014500
v 0.001021 -0.006040 -0.014500
v -0.000994 -0.005780 -0.014500
v -0.002035 0.001953 -0.014500
v -0.001029 -0.006045 -0.014500
v -0.000993 -0.006311 -0.014500
v -0.000891 -0.006557 -0.014500
v 0.006901 0.001973 -0.014500
v -0.000893 -0.005532 -0.014500
v -0.000022 0.001958 -0.014500
v 0.000987 -0.006306 -0.014500
v 0.000884 -0.006553 -0.014500
v 0.000722 -0.006766 -0.014500
v 0.000510 -0.006929 -0.014500
v 0.000263 -0.007032 -0.014500
v -0.000002 -0.007067 -0.014500
v -0.000268 -0.007033 -0.014500
v -0.000515 -0.006932 -0.014500
v -0.000727 -0.006769 -0.014500
v -0.010019 0.000642 -0.014500
v -0.006946 0.001942 -0.014500
v -0.001029 -0.006045 -0.015800
v -0.000993 -0.006311 -0.015800
v -0.000891 -0.006557 -0.015800
v -0.000727 -0.006769 -0.015800
v -0.000515 -0.006932 -0.015800
v -0.000268 -0.007033 -0.015800
v -0.000002 -0.007067 -0.015800
v 0.000263 -0.007032 -0.015800
v 0.000510 -0.006929 -0.015800
v 0.000722 -0.006766 -0.015800
v 0.000884 -0.006553 -0.015800
v 0.000987 -0.006306 -0.015800
v 0.001021 -0.006040 -0.015800
v 0.000986 -0.005775 -0.015800
v 0.000882 -0.005528 -0.015800
v 0.000719 -0.005316 -0.015800
v 0.000506 -0.005154 -0.015800
v 0.000259 -0.005052 -0.015800
v -0.000006 -0.005017 -0.015800
v -0.000272 -0.005053 -0.015800
v -0.000519 -0.005157 -0.015800
v -0.000730 -0.005319 -0.015800
v -0.000893 -0.005532 -0.015800
v -0.000994 -0.005780 -0.015800
v -0.007440 0.003641 -0.017300
v 0.002724 0.003664 -0.017300
v 0.007388 0.003674 -0.017300
v -0.001931 -0.008422 -0.017300
v -0.001913 -0.016461 -0.017300
v 0.001952 -0.016452 -0.017300
v 0.001933 -0.008413 -0.017300
v 0.009986 -0.001559 0.014500
v 0.009986 -0.001559 0.017000
v 0.009686 -0.001560 0.017300
v 0.009608 -0.002420 0.017300
v 0.008324 -0.009402 0.017300
v 0.009903 -0.002474 0.017000
v 0.008619 -0.009456 0.017000
v 0.009903 -0.002474 0.014500
v 0.007877 -0.013490 0.015800
v 0.007877 -0.013490 0.014500
v 0.008619 -0.009456 0.015800
v 0.007638 -0.010275 0.017000
v 0.007638 -0.010275 0.015800
v 0.007867 -0.010249 0.015800
v 0.007867 -0.010249 0.017000
v 0.008083 -0.010169 0.015800
v 0.008083 -0.010169 0.017000
v 0.008276 -0.010043 0.015800
v 0.008276 -0.010043 0.017000
v 0.008435 -0.009876 0.015800
v 0.008435 -0.009876 0.017000
v 0.008551 -0.009677 0.015800
v 0.008551 -0.009677 0.017000
v 0.007637 -0.009975 0.017300
v 0.007797 -0.009957 0.017300
v 0.007949 -0.009902 0.017300
v 0.008084 -0.009813 0.017300
v 0.008195 -0.009696 0.017300
v 0.008277 -0.009557 0.017300
v 0.006005 -0.009979 0.017300
v 0.006006 -0.010279 0.017000
v 0.007419 -0.009976 0.017300
v 0.006006 -0.010279 0.015800
v 0.005614 -0.010325 0.015800
v 0.005614 -0.010325 0.017000
v 0.005213 -0.010471 0.015800
v 0.005213 -0.010471 0.017000
v 0.004859 -0.010711 0.015800
v 0.004859 -0.010711 0.017000
v 0.004574 -0.011028 0.015800
v 0.004574 -0.011028 0.017000
v 0.004374 -0.011406 0.015800
v 0.004374 -0.011406 0.017000
v 0.004272 -0.011820 0.015800
v 0.004272 -0.011820 0.017000
v 0.004273 -0.012247 0.015800
v 0.004273 -0.012247 0.017000
v 0.004377 -0.012661 0.015800
v 0.004377 -0.012661 0.017000
v 0.004579 -0.013037 0.015800
v 0.004579 -0.013037 0.017000
v 0.004865 -0.013354 0.015800
v 0.004865 -0.013354 0.017000
v 0.005220 -0.013591 0.015800
v 0.005220 -0.013591 0.017000
v 0.005621 -0.013736 0.015800
v 0.005621 -0.013736 0.017000
v 0.006014 -0.013779 0.015800
v 0.006014 -0.013779 0.017000
v 0.005546 -0.010032 0.017300
v 0.005077 -0.010204 0.017300
v 0.004662 -0.010484 0.017300
v 0.004328 -0.010857 0.017300
v 0.004094 -0.011298 0.017300
v 0.003974 -0.011784 0.017300
v 0.003975 -0.012284 0.017300
v 0.004097 -0.012769 0.017300
v 0.004333 -0.013210 0.017300
v 0.004669 -0.013580 0.017300
v 0.005085 -0.013859 0.017300
v 0.005555 -0.014028 0.017300
v 0.006014 -0.014079 0.017300
v 0.006451 -0.013778 0.017000
v 0.006451 -0.014078 0.017300
v 0.006451 -0.013778 0.015800
v 0.006695 -0.013808 0.017000
v 0.006695 -0.013808 0.015800
v 0.006925 -0.013897 0.017000
v 0.006925 -0.013897 0.015800
v 0.007125 -0.014038 0.017000
v 0.007125 -0.014038 0.015800
v 0.007286 -0.014225 0.017000
v 0.007286 -0.014225 0.015800
v 0.007396 -0.014446 0.017000
v 0.007396 -0.014446 0.015800
v 0.007449 -0.014686 0.017000
v 0.007449 -0.014686 0.015800
v 0.007440 -0.014933 0.017000
v 0.007440 -0.014933 0.015800
v 0.007373 -0.015169 0.017000
v 0.007373 -0.015169 0.015800
v 0.007096 -0.015052 0.017300
v 0.007144 -0.014886 0.017300
v 0.007150 -0.014713 0.017300
v 0.007112 -0.014545 0.017300
v 0.007036 -0.014392 0.017300
v 0.006924 -0.014261 0.017300
v 0.006782 -0.014161 0.017300
v 0.006622 -0.014099 0.017300
v 0.003051 -0.019117 0.017300
v 0.003168 -0.019392 0.017000
v 0.004739 -0.018495 0.017000
v 0.004562 -0.018253 0.017300
v 0.006199 -0.017112 0.017000
v 0.005967 -0.016921 0.017300
v 0.007267 -0.015407 0.017000
v 0.006995 -0.015281 0.017300
v 0.001774 -0.018475 0.017000
v 0.001774 -0.018475 0.015900
v 0.001805 -0.018720 0.015900
v 0.001805 -0.018720 0.017000
v 0.001894 -0.018949 0.015900
v 0.001894 -0.018949 0.017000
v 0.002037 -0.019150 0.015900
v 0.002037 -0.019150 0.017000
v 0.002225 -0.019309 0.015900
v 0.002225 -0.019309 0.017000
v 0.002445 -0.019418 0.015900
v 0.002445 -0.019418 0.017000
v 0.002686 -0.019469 0.015900
v 0.002686 -0.019469 0.017000
v 0.002932 -0.019461 0.015900
v 0.002932 -0.019461 0.017000
v 0.003168 -0.019392 0.015900
v 0.002074 -0.018475 0.017300
v 0.002095 -0.018646 0.017300
v 0.002158 -0.018807 0.017300
v 0.002258 -0.018947 0.017300
v 0.002389 -0.019059 0.017300
v 0.002544 -0.019135 0.017300
v 0.002713 -0.019171 0.017300
v 0.002885 -0.019165 0.017300
v 0.002073 -0.018038 0.017300
v 0.001773 -0.018038 0.017000
v 0.001773 -0.018038 0.015900
v -0.001727 -0.018046 0.017000
v -0.001726 -0.018483 0.017000
v -0.001727 -0.018046 0.015900
v -0.001726 -0.018483 0.015900
v 0.001727 -0.017648 0.015900
v 0.001727 -0.017648 0.017000
v 0.001581 -0.017246 0.015900
v 0.001581 -0.017246 0.017000
v 0.001342 -0.016892 0.015900
v 0.001342 -0.016892 0.017000
v 0.001024 -0.016607 0.015900
v 0.001024 -0.016607 0.017000
v 0.000646 -0.016408 0.015900
v 0.000646 -0.016408 0.017000
v 0.000232 -0.016305 0.015900
v 0.000232 -0.016305 0.017000
v -0.000195 -0.016306 0.015900
v -0.000195 -0.016306 0.017000
v -0.000609 -0.016411 0.015900
v -0.000609 -0.016411 0.017000
v -0.000985 -0.016612 0.015900
v -0.000985 -0.016612 0.017000
v -0.001301 -0.016898 0.015900
v -0.001301 -0.016898 0.017000
v -0.001539 -0.017253 0.015900
v -0.001539 -0.017253 0.017000
v -0.001684 -0.017655 0.015900
v -0.001684 -0.017655 0.017000
v 0.002020 -0.017579 0.017300
v 0.001848 -0.017109 0.017300
v 0.001568 -0.016695 0.017300
v 0.001195 -0.016362 0.017300
v 0.000754 -0.016128 0.017300
v 0.000269 -0.016008 0.017300
v -0.000231 -0.016009 0.017300
v -0.000717 -0.016131 0.017300
v -0.001158 -0.016367 0.017300
v -0.001529 -0.016702 0.017300
v -0.001807 -0.017118 0.017300
v -0.001976 -0.017588 0.017300
v -0.002027 -0.018047 0.017300
v -0.002026 -0.018484 0.017300
v -0.010014 -0.001604 0.014500
v -0.009928 -0.002519 0.014500
v -0.010014 -0.001604 0.017000
v -0.009928 -0.002519 0.017000
v -0.009714 -0.001603 0.017300
v -0.009633 -0.002463 0.017300
v -0.008317 -0.009439 0.017300
v -0.008612 -0.009495 0.017000
v -0.007852 -0.013525 0.014500
v -0.007852 -0.013525 0.015800
v -0.008612 -0.009495 0.015800
v -0.007627 -0.010310 0.015800
v -0.007627 -0.010310 0.017000
v -0.007856 -0.010284 0.017000
v -0.007856 -0.010284 0.015800
v -0.008074 -0.010206 0.017000
v -0.008074 -0.010206 0.015800
v -0.008267 -0.010080 0.017000
v -0.008267 -0.010080 0.015800
v -0.008426 -0.009914 0.017000
v -0.008426 -0.009914 0.015800
v -0.008544 -0.009716 0.017000
v -0.008544 -0.009716 0.015800
v -0.008269 -0.009594 0.017300
v -0.008188 -0.009733 0.017300
v -0.008075 -0.009850 0.017300
v -0.007940 -0.009937 0.017300
v -0.007788 -0.009992 0.017300
v -0.007628 -0.010010 0.017300
v -0.005994 -0.010306 0.017000
v -0.005995 -0.010006 0.017300
v -0.007409 -0.010009 0.017300
v -0.005994 -0.010306 0.015800
v -0.005986 -0.013806 0.015800
v -0.005986 -0.013806 0.017000
v -0.005596 -0.013761 0.015800
v -0.005596 -0.013761 0.017000
v -0.005194 -0.013614 0.015800
v -0.005194 -0.013614 0.017000
v -0.004840 -0.013375 0.015800
v -0.004840 -0.013375 0.017000
v -0.004555 -0.013058 0.015800
v -0.004555 -0.013058 0.017000
v -0.004356 -0.012680 0.015800
v -0.004356 -0.012680 0.017000
v -0.004253 -0.012266 0.015800
v -0.004253 -0.012266 0.017000
v -0.004254 -0.011839 0.015800
v -0.004254 -0.011839 0.017000
v -0.004359 -0.011425 0.015800
v -0.004359 -0.011425 0.017000
v -0.004560 -0.011049 0.015800
v -0.004560 -0.011049 0.017000
v -0.004846 -0.010732 0.015800
v -0.004846 -0.010732 0.017000
v -0.005201 -0.010494 0.015800
v -0.005201 -0.010494 0.017000
v -0.005603 -0.010350 0.015800
v -0.005603 -0.010350 0.017000
v -0.005986 -0.014106 0.017300
v -0.005528 -0.014053 0.017300
v -0.005058 -0.013882 0.017300
v -0.004644 -0.013601 0.017300
v -0.004310 -0.013229 0.017300
v -0.004076 -0.012788 0.017300
v -0.003956 -0.012301 0.017300
v -0.003957 -0.011801 0.017300
v -0.004079 -0.011317 0.017300
v -0.004315 -0.010876 0.017300
v -0.004651 -0.010505 0.017300
v -0.005066 -0.010227 0.017300
v -0.005537 -0.010057 0.017300
v -0.006424 -0.014107 0.017300
v -0.006424 -0.013807 0.017000
v -0.006424 -0.013807 0.015800
v -0.006668 -0.013838 0.015800
v -0.006668 -0.013838 0.017000
v -0.006897 -0.013928 0.015800
v -0.006897 -0.013928 0.017000
v -0.007098 -0.014070 0.015800
v -0.007098 -0.014070 0.017000
v -0.007257 -0.014258 0.015800
v -0.007257 -0.014258 0.017000
v -0.007366 -0.014479 0.015800
v -0.007366 -0.014479 0.017000
v -0.007418 -0.014719 0.015800
v -0.007418 -0.014719 0.017000
v -0.007409 -0.014966 0.015800
v -0.007409 -0.014966 0.017000
v -0.007340 -0.015202 0.015800
v -0.007340 -0.015202 0.017000
v -0.006595 -0.014128 0.017300
v -0.006755 -0.014192 0.017300
v -0.006895 -0.014292 0.017300
v -0.007007 -0.014423 0.017300
v -0.007083 -0.014577 0.017300
v -0.007119 -0.014745 0.017300
v -0.007113 -0.014918 0.017300
v -0.007065 -0.015083 0.017300
v -0.007234 -0.015440 0.017000
v -0.006962 -0.015312 0.017300
v -0.006158 -0.017139 0.017000
v -0.005926 -0.016948 0.017300
v -0.004692 -0.018516 0.017000
v -0.004515 -0.018274 0.017300
v -0.003117 -0.019406 0.017000
v -0.002999 -0.019130 0.017300
v -0.002881 -0.019474 0.017000
v -0.002834 -0.019178 0.017300
v -0.002635 -0.019481 0.017000
v -0.002662 -0.019183 0.017300
v -0.002394 -0.019429 0.017000
v -0.002493 -0.019146 0.017300
v -0.002173 -0.019319 0.017000
v -0.002340 -0.019070 0.017300
v -0.001986 -0.019159 0.017000
v -0.002209 -0.018957 0.017300
v -0.001845 -0.018958 0.017000
v -0.002109 -0.018816 0.017300
v -0.001756 -0.018728 0.017000
v -0.002048 -0.018655 0.017300
v -0.001756 -0.018728 0.015900
v -0.001845 -0.018958 0.015900
v -0.001986 -0.019159 0.015900
v -0.002173 -0.019319 0.015900
v -0.002394 -0.019429 0.015900
v -0.002635 -0.019481 0.015900
v -0.002881 -0.019474 0.015900
v -0.003117 -0.019406 0.015900
v -0.002928 -0.019484 0.015900
v -0.004692 -0.018516 0.014500
v -0.002928 -0.019484 0.014500
v -0.000979 -0.019982 0.014500
v -0.000979 -0.019982 0.015900
v 0.001032 -0.019977 0.014500
v 0.001032 -0.019977 0.015900
v 0.002979 -0.019471 0.014500
v 0.002979 -0.019471 0.015900
v 0.004739 -0.018495 0.014500
v 0.007752 -0.014054 0.014500
v 0.007267 -0.015407 0.014500
v 0.006199 -0.017112 0.014500
v -0.007234 -0.015440 0.014500
v -0.006158 -0.017139 0.014500
v 0.000025 -0.019067 0.015900
v -0.000241 -0.019033 0.015900
v -0.000488 -0.018932 0.015900
v -0.000700 -0.018769 0.015900
v 0.000911 -0.018553 0.015900
v 0.000749 -0.018766 0.015900
v 0.000537 -0.018929 0.015900
v 0.000290 -0.019032 0.015900
v -0.000864 -0.018557 0.015900
v 0.000021 -0.017017 0.015900
v -0.000245 -0.017053 0.015900
v -0.000492 -0.017157 0.015900
v -0.000704 -0.017319 0.015900
v -0.000866 -0.017532 0.015900
v -0.000967 -0.017780 0.015900
v -0.001002 -0.018045 0.015900
v -0.000966 -0.018311 0.015900
v 0.001014 -0.018306 0.015900
v 0.001048 -0.018040 0.015900
v 0.001013 -0.017775 0.015900
v 0.000909 -0.017528 0.015900
v 0.000745 -0.017316 0.015900
v 0.000533 -0.017154 0.015900
v 0.000286 -0.017052 0.015900
v 0.001048 -0.018040 0.014500
v 0.001013 -0.017775 0.014500
v 0.000909 -0.017528 0.014500
v 0.000745 -0.017316 0.014500
v 0.000533 -0.017154 0.014500
v 0.000286 -0.017052 0.014500
v 0.000021 -0.017017 0.014500
v -0.000245 -0.017053 0.014500
v -0.000492 -0.017157 0.014500
v -0.000704 -0.017319 0.014500
v -0.000866 -0.017532 0.014500
v -0.000967 -0.017780 0.014500
v -0.001002 -0.018045 0.014500
v -0.000966 -0.018311 0.014500
v -0.000864 -0.018557 0.014500
v -0.000700 -0.018769 0.014500
v -0.000488 -0.018932 0.014500
v -0.000241 -0.019033 0.014500
v 0.000025 -0.019067 0.014500
v 0.000290 -0.019032 0.014500
v 0.000537 -0.018929 0.014500
v 0.000749 -0.018766 0.014500
v 0.000911 -0.018553 0.014500
v 0.001014 -0.018306 0.014500
v -0.002035 0.001953 0.014500
v -0.000891 -0.006557 0.014500
v -0.000893 -0.005532 0.014500
v -0.000730 -0.005319 0.014500
v -0.000519 -0.005157 0.014500
v 0.006901 0.001973 0.014500
v -0.000268 -0.007033 0.014500
v -0.000515 -0.006932 0.014500
v -0.000727 -0.006769 0.014500
v 0.000506 -0.005154 0.014500
v 0.000259 -0.005052 0.014500
v -0.000994 -0.005780 0.014500
v -0.001029 -0.006045 0.014500
v -0.000993 -0.006311 0.014500
v 0.000719 -0.005316 0.014500
v -0.000002 -0.007067 0.014500
v 0.000263 -0.007032 0.014500
v 0.000510 -0.006929 0.014500
v 0.000722 -0.006766 0.014500
v 0.000884 -0.006553 0.014500
v 0.000987 -0.006306 0.014500
v 0.001021 -0.006040 0.014500
v 0.000986 -0.005775 0.014500
v 0.000882 -0.005528 0.014500
v -0.000006 -0.005017 0.014500
v -0.000272 -0.005053 0.014500
v -0.000022 0.001958 0.014500
v -0.006946 0.001942 0.014500
v -0.001029 -0.006045 0.015800
v -0.000993 -0.006311 0.015800
v -0.000891 -0.006557 0.015800
v -0.000727 -0.006769 0.015800
v -0.000515 -0.006932 0.015800
v -0.000268 -0.007033 0.015800
v -0.000002 -0.007067 0.015800
v 0.000263 -0.007032 0.015800
v 0.000510 -0.006929 0.015800
v 0.000722 -0.006766 0.015800
v 0.000884 -0.006553 0.015800
v 0.000987 -0.006306 0.015800
v 0.001021 -0.006040 0.015800
v 0.000986 -0.005775 0.015800
v 0.000882 -0.005528 0.015800
v 0.000719 -0.005316 0.015800
v 0.000506 -0.005154 0.015800
v 0.000259 -0.005052 0.015800
v -0.000006 -0.005017 0.015800
v -0.000272 -0.005053 0.015800
v -0.000519 -0.005157 0.015800
v -0.000730 -0.005319 0.015800
v -0.000893 -0.005532 0.015800
v -0.000994 -0.005780 0.015800
v -0.002776 0.003651 0.017300
v -0.007440 0.003641 0.017300
v 0.007388 0.003674 0.017300
v 0.001933 -0.008413 0.017300
v 0.001952 -0.016452 0.017300
v -0.001913 -0.016461 0.017300
v -0.001931 -0.008422 0.017300
v -0.010023 0.002435 -0.012707
v -0.009522 0.001936 0.009148
v -0.009522 0.001936 -0.009148
v -0.009522 0.001936 -0.006852
v -0.009522 0.001936 -0.000000
v -0.009522 0.001936 0.006852
v 0.006901 0.001973 0.009148
v -0.006946 0.001942 -0.009148
v -0.006946 0.001942 0.009148
v 0.006901 0.001973 -0.009148
v -0.003029 0.004951 0.010750
v -0.002576 0.004952 0.010690
v -0.002154 0.004953 0.010516
v -0.001792 0.004954 0.010237
v -0.001514 0.004954 0.009875
v -0.001339 0.004955 0.009453
v -0.001279 0.004955 0.009000
v -0.001339 0.004955 0.008547
v -0.001514 0.004954 0.008125
v -0.001792 0.004954 0.007763
v -0.002154 0.004953 0.007484
v -0.002576 0.004952 0.007310
v -0.003029 0.004951 0.007250
v -0.003482 0.004950 0.007310
v -0.003904 0.004949 0.007484
v -0.004267 0.004948 0.007763
v -0.004545 0.004947 0.008125
v -0.004720 0.004947 0.008547
v -0.004779 0.004947 0.009000
v -0.004720 0.004947 0.009453
v -0.004545 0.004947 0.009875
v -0.004267 0.004948 0.010237
v -0.003904 0.004949 0.010516
v -0.003482 0.004950 0.010690
v 0.004208 0.004967 -0.007763
v 0.004486 0.004968 -0.008125
v 0.004661 0.004968 -0.008547
v 0.004721 0.004968 -0.009000
v 0.004661 0.004968 -0.009453
v 0.004486 0.004968 -0.009875
v 0.004208 0.004967 -0.010237
v 0.003846 0.004966 -0.010516
v 0.003424 0.004965 -0.010690
v 0.002971 0.004964 -0.010750
v 0.002518 0.004963 -0.010690
v 0.002096 0.004962 -0.010516
v 0.001733 0.004962 -0.010237
v 0.001455 0.004961 -0.009875
v 0.001280 0.004960 -0.009453
v 0.001221 0.004960 -0.009000
v 0.001280 0.004960 -0.008547
v 0.001455 0.004961 -0.008125
v 0.001733 0.004962 -0.007763
v 0.002096 0.004962 -0.007484
v 0.002518 0.004963 -0.007310
v 0.002971 0.004964 -0.007250
v 0.003424 0.004965 -0.007310
v 0.003846 0.004966 -0.007484
v -0.006482 0.004943 0.001690
v -0.006029 0.004944 0.001750
v -0.005576 0.004945 0.001690
v -0.005154 0.004946 0.001516
v -0.004792 0.004947 0.001237
v -0.004514 0.004947 0.000875
v -0.004339 0.004948 0.000453
v -0.004279 0.004948 -0.000000
v -0.004339 0.004948 -0.000453
v -0.004514 0.004947 -0.000875
v -0.004792 0.004947 -0.001237
v -0.005154 0.004946 -0.001516
v -0.005576 0.004945 -0.001690
v -0.006029 0.004944 -0.001750
v -0.006482 0.004943 -0.001690
v -0.006904 0.004942 -0.001516
v -0.007267 0.004941 -0.001237
v -0.007545 0.004941 -0.000875
v -0.007720 0.004940 -0.000453
v -0.007779 0.004940 -0.000000
v -0.007720 0.004940 0.000453
v -0.007545 0.004941 0.000875
v -0.007267 0.004941 0.001237
v -0.006904 0.004942 0.001516
v 0.004208 0.004967 0.007763
v 0.003846 0.004966 0.007484
v 0.003424 0.004965 0.007310
v 0.002971 0.004964 0.007250
v 0.002518 0.004963 0.007310
v 0.002096 0.004962 0.007484
v 0.001733 0.004962 0.007763
v 0.001455 0.004961 0.008125
v 0.001280 0.004960 0.008547
v 0.001221 0.004960 0.009000
v 0.001280 0.004960 0.009453
v 0.001455 0.004961 0.009875
v 0.001733 0.004962 0.010237
v 0.002096 0.004962 0.010516
v 0.002518 0.004963 0.010690
v 0.002971 0.004964 0.010750
v 0.003424 0.004965 0.010690
v 0.003846 0.004966 0.010516
v 0.004208 0.004967 0.010237
v 0.004486 0.004968 0.009875
v 0.004661 0.004968 0.009453
v 0.004721 0.004968 0.009000
v 0.004661 0.004968 0.008547
v 0.004486 0.004968 0.008125
v -0.003029 0.004951 -0.007250
v -0.002576 0.004952 -0.007310
v -0.002154 0.004953 -0.007484
v -0.001792 0.004954 -0.007763
v -0.001514 0.004954 -0.008125
v -0.001339 0.004955 -0.008547
v -0.001279 0.004955 -0.009000
v -0.001339 0.004955 -0.009453
v -0.001514 0.004954 -0.009875
v -0.001792 0.004954 -0.010237
v -0.002154 0.004953 -0.010516
v -0.002576 0.004952 -0.010690
v -0.003029 0.004951 -0.010750
v -0.003482 0.004950 -0.010690
v -0.003904 0.004949 -0.010516
v -0.004267 0.004948 -0.010237
v -0.004545 0.004947 -0.009875
v -0.004720 0.004947 -0.009453
v -0.004779 0.004947 -0.009000
v -0.004720 0.004947 -0.008547
v -0.004545 0.004947 -0.008125
v -0.004267 0.004948 -0.007763
v -0.003904 0.004949 -0.007484
v -0.003482 0.004950 -0.007310
v 0.009466 0.007479 0.004000
v 0.009466 0.007479 0.012000
v 0.009466 0.007479 -0.012000
v 0.009466 0.007479 -0.004000
v 0.001466 0.007461 0.012000
v -0.006151 0.007444 0.012000
v -0.009534 0.007436 0.012000
v -0.009534 0.007436 -0.012000
v -0.009534 0.007436 -0.010602
v -0.009534 0.007450 -0.009684
v -0.009534 0.007464 -0.009728
v -0.009534 0.007517 -0.009849
v -0.009534 0.007436 -0.009593
v -0.009534 0.007437 -0.009604
v -0.009534 0.007438 -0.009623
v -0.009534 0.007440 -0.009638
v -0.009534 0.007442 -0.009645
v -0.009534 0.007443 -0.009652
v -0.009534 0.007536 -0.009884
v -0.009535 0.007694 -0.010101
v -0.009535 0.007704 -0.010112
v -0.009534 0.007436 0.009580
v -0.009534 0.007436 0.009583
v -0.009534 0.007436 0.008223
v -0.009534 0.007436 0.007979
v -0.009534 0.007436 0.009494
v -0.009534 0.007436 0.009421
v -0.009534 0.007436 0.006930
v -0.009534 0.007436 -0.006937
v -0.009534 0.007436 -0.007983
v -0.009534 0.007436 0.008870
v -0.009534 0.007436 0.008672
v -0.009534 0.007436 0.008455
v -0.009534 0.007436 0.009573
v -0.009534 0.007436 0.009544
v -0.009534 0.007436 0.009322
v -0.009534 0.007436 0.009197
v -0.009534 0.007436 -0.008460
v -0.009534 0.007436 -0.008874
v -0.009534 0.007436 -0.009050
v -0.009534 0.007436 -0.009202
v -0.009534 0.007436 -0.009269
v -0.009534 0.007436 -0.009329
v -0.009534 0.007436 -0.009382
v -0.009534 0.007436 -0.009428
v -0.009534 0.007436 -0.009467
v -0.009534 0.007436 -0.009501
v -0.009534 0.007436 -0.009590
v -0.009534 0.007436 -0.009590
v -0.006156 0.007444 -0.012000
v 0.001466 0.007461 -0.012000
v 0.009353 0.007479 0.005340
v 0.008786 0.007477 0.007227
v 0.007776 0.007475 0.008917
v 0.006383 0.007472 0.010310
v 0.004692 0.007468 0.011320
v 0.002806 0.007464 0.011887
v 0.002806 0.007464 -0.011887
v 0.004692 0.007468 -0.011320
v 0.006383 0.007472 -0.010310
v 0.007776 0.007475 -0.008917
v 0.008786 0.007477 -0.007227
v 0.009353 0.007479 -0.005340
v -0.008196 0.007439 -0.011492
v -0.009228 0.007437 -0.010864
v -0.007365 0.007441 -0.011783
v -0.006511 0.007443 -0.011968
v -0.009502 0.007436 0.009940
v -0.009510 0.007436 0.009852
v -0.009534 0.007436 0.009585
v -0.009534 0.007436 0.009587
v -0.008885 0.007438 0.011058
v -0.009092 0.007437 0.010837
v -0.009206 0.007437 0.010680
v -0.009355 0.007437 0.010410
v -0.009522 0.007436 0.009717
v -0.009528 0.007436 0.009650
v -0.009531 0.007436 0.009616
v -0.009533 0.007436 0.009599
v -0.009534 0.007436 0.009591
v -0.006517 0.007443 0.011966
v -0.007428 0.007441 0.011760
v -0.008247 0.007439 0.011461
v -0.009371 0.007437 0.010374
v -0.009461 0.007436 0.010118
v -0.008469 0.007439 0.011351
v -0.008699 0.007438 0.011208
v -0.009898 0.031398 -0.010290
v -0.010136 0.031680 -0.010008
v -0.010216 0.031780 -0.009902
v -0.009843 0.031644 -0.010332
v -0.009914 0.031569 -0.010267
v -0.009541 0.007499 0.009754
v -0.009527 0.007479 0.009810
v -0.009510 0.007503 0.009941
v -0.009564 0.007483 0.009444
v -0.009579 0.007489 0.009313
v -0.009561 0.007519 0.009673
v -0.009534 0.007436 0.009583
v -0.009534 0.007436 0.009585
v -0.009534 0.007436 0.009590
v -0.009534 0.007438 0.009643
v -0.009534 0.007436 0.009599
v -0.009534 0.007436 0.009616
v -0.009534 0.007438 0.009643
v -0.009535 0.007456 0.009677
v -0.009542 0.007466 0.009625
v -0.009552 0.007475 0.009547
v -0.009484 0.007530 0.010071
v -0.009531 0.007442 0.009695
v -0.009408 0.007589 0.010322
v -0.009542 0.007496 -0.009747
v -0.009588 0.007461 -0.008498
v -0.009572 0.007462 -0.008921
v -0.009614 0.007542 -0.009420
v -0.009556 0.007460 -0.009256
v -0.009553 0.007459 -0.009324
v -0.009549 0.007457 -0.009385
v -0.009546 0.007456 -0.009440
v -0.009544 0.007454 -0.009487
v -0.009541 0.007452 -0.009527
v -0.009535 0.007437 -0.009593
v -0.009535 0.007437 -0.009595
v -0.009534 0.007436 -0.009587
v -0.009534 0.007436 -0.009585
v -0.009536 0.007445 -0.009613
v -0.009535 0.007444 -0.009623
v -0.009549 0.007659 -0.010017
v -0.009534 0.007436 -0.009587
v -0.009535 0.007437 -0.009590
v -0.009535 0.007437 -0.009587
v -0.009535 0.007437 -0.009583
v -0.009535 0.007443 -0.009631
v -0.009535 0.007438 -0.009579
v -0.009535 0.007438 -0.009575
v -0.009535 0.007438 -0.009566
v -0.009537 0.007447 -0.009590
v -0.009539 0.007449 -0.009562
v -0.009585 0.007530 -0.009558
v -0.004589 0.024947 -0.008125
v -0.004764 0.024947 -0.008547
v -0.003073 0.024951 -0.009000
v -0.004823 0.024947 -0.009000
v -0.004764 0.024947 -0.009453
v -0.003526 0.024950 -0.007310
v -0.003948 0.024949 -0.007484
v -0.004311 0.024948 -0.007763
v -0.002198 0.024953 -0.007484
v -0.002620 0.024952 -0.007310
v -0.003073 0.024951 -0.007250
v -0.001383 0.024955 -0.008547
v -0.001558 0.024954 -0.008125
v -0.001836 0.024954 -0.007763
v -0.001558 0.024954 -0.009875
v -0.001383 0.024955 -0.009453
v -0.001323 0.024955 -0.009000
v -0.002620 0.024952 -0.010690
v -0.002198 0.024953 -0.010516
v -0.001836 0.024954 -0.010237
v -0.003948 0.024949 -0.010516
v -0.003526 0.024950 -0.010690
v -0.003073 0.024951 -0.010750
v -0.004589 0.024947 -0.009875
v -0.004311 0.024948 -0.010237
v 0.001411 0.024961 0.009875
v 0.001236 0.024960 0.009453
v 0.002927 0.024964 0.009000
v 0.001177 0.024960 0.009000
v 0.001236 0.024960 0.008547
v 0.002474 0.024963 0.010690
v 0.002052 0.024962 0.010516
v 0.001689 0.024961 0.010237
v 0.003802 0.024966 0.010516
v 0.003380 0.024965 0.010690
v 0.002927 0.024964 0.010750
v 0.004617 0.024968 0.009453
v 0.004442 0.024968 0.009875
v 0.004164 0.024967 0.010237
v 0.004442 0.024968 0.008125
v 0.004617 0.024968 0.008547
v 0.004677 0.024968 0.009000
v 0.003380 0.024965 0.007310
v 0.003802 0.024966 0.007484
v 0.004164 0.024967 0.007763
v 0.002052 0.024962 0.007484
v 0.002474 0.024963 0.007310
v 0.002927 0.024964 0.007250
v 0.001411 0.024961 0.008125
v 0.001689 0.024961 0.007763
v -0.007589 0.024941 0.000875
v -0.007764 0.024940 0.000453
v -0.006073 0.024944 -0.000000
v -0.007823 0.024940 -0.000000
v -0.007764 0.024940 -0.000453
v -0.006526 0.024943 0.001690
v -0.006948 0.024942 0.001516
v -0.007311 0.024941 0.001237
v -0.005198 0.024946 0.001516
v -0.005620 0.024945 0.001690
v -0.006073 0.024944 0.001750
v -0.004383 0.024948 0.000453
v -0.004558 0.024947 0.000875
v -0.004836 0.024947 0.001237
v -0.004558 0.024947 -0.000875
v -0.004383 0.024948 -0.000453
v -0.004323 0.024948 -0.000000
v -0.005620 0.024945 -0.001690
v -0.005198 0.024946 -0.001516
v -0.004836 0.024947 -0.001237
v -0.006948 0.024942 -0.001516
v -0.006526 0.024943 -0.001690
v -0.006073 0.024944 -0.001750
v -0.007589 0.024941 -0.000875
v -0.007311 0.024941 -0.001237
v 0.001411 0.024961 -0.008125
v 0.001236 0.024960 -0.008547
v 0.002927 0.024964 -0.009000
v 0.001177 0.024960 -0.009000
v 0.001236 0.024960 -0.009453
v 0.002474 0.024963 -0.007310
v 0.002052 0.024962 -0.007484
v 0.001689 0.024961 -0.007763
v 0.003802 0.024966 -0.007484
v 0.003380 0.024965 -0.007310
v 0.002927 0.024964 -0.007250
v 0.004617 0.024968 -0.008547
v 0.004442 0.024968 -0.008125
v 0.004164 0.024967 -0.007763
v 0.004442 0.024968 -0.009875
v 0.004617 0.024968 -0.009453
v 0.004677 0.024968 -0.009000
v 0.003380 0.024965 -0.010690
v 0.003802 0.024966 -0.010516
v 0.004164 0.024967 -0.010237
v 0.002052 0.024962 -0.010516
v 0.002474 0.024963 -0.010690
v 0.002927 0.024964 -0.010750
v 0.001411 0.024961 -0.009875
v 0.001689 0.024961 -0.010237
v -0.004589 0.024947 0.009875
v -0.004764 0.024947 0.009453
v -0.003073 0.024951 0.009000
v -0.004823 0.024947 0.009000
v -0.004764 0.024947 0.008547
v -0.003526 0.024950 0.010690
v -0.003948 0.024949 0.010516
v -0.004311 0.024948 0.010237
v -0.002198 0.024953 0.010516
v -0.002620 0.024952 0.010690
v -0.003073 0.024951 0.010750
v -0.001383 0.024955 0.009453
v -0.001558 0.024954 0.009875
v -0.001836 0.024954 0.010237
v -0.001558 0.024954 0.008125
v -0.001383 0.024955 0.008547
v -0.001323 0.024955 0.009000
v -0.002620 0.024952 0.007310
v -0.002198 0.024953 0.007484
v -0.001836 0.024954 0.007763
v -0.003948 0.024949 0.007484
v -0.003526 0.024950 0.007310
v -0.003073 0.024951 0.007250
v -0.004589 0.024947 0.008125
v -0.004311 0.024948 0.007763
v 0.007442 0.024974 -0.000875
v 0.007617 0.024975 -0.000453
v 0.005927 0.024971 -0.000000
v 0.007677 0.024975 -0.000000
v 0.007617 0.024975 0.000453
v 0.006380 0.024972 -0.001690
v 0.006802 0.024973 -0.001516
v 0.007164 0.024974 -0.001237
v 0.005052 0.024969 -0.001516
v 0.005474 0.024970 -0.001690
v 0.005927 0.024971 -0.001750
v 0.004236 0.024967 -0.000453
v 0.004411 0.024968 -0.000875
v 0.004689 0.024968 -0.001237
v 0.004411 0.024968 0.000875
v 0.004236 0.024967 0.000453
v 0.004177 0.024967 -0.000000
v 0.005474 0.024970 0.001690
v 0.005052 0.024969 0.001516
v 0.004689 0.024968 0.001237
v 0.006802 0.024973 0.001516
v 0.006380 0.024972 0.001690
v 0.005927 0.024971 0.001750
v 0.007442 0.024974 0.000875
v 0.007164 0.024974 0.001237
v 0.007971 0.004976 0.008000
v -0.008029 0.004940 0.008000
v 0.007971 0.004976 -0.008000
v -0.008029 0.004940 -0.008000
v -0.000029 0.004958 -0.000000
v 0.009466 0.007479 0.004000
v 0.009466 0.007479 -0.004000
v 0.009421 0.027479 -0.004000
v 0.009421 0.027479 0.004000
v 0.001466 0.007461 0.012000
v -0.006151 0.007444 0.012000
v -0.009534 0.007436 -0.010602
v -0.009536 0.008309 -0.010504
v -0.009537 0.008525 -0.010565
v -0.009535 0.007881 -0.010272
v -0.009535 0.007964 -0.010331
v -0.009536 0.008176 -0.010450
v -0.009534 0.007464 -0.009728
v -0.009534 0.007517 -0.009849
v -0.009537 0.008592 -0.010577
v -0.009537 0.008710 -0.010592
v -0.009537 0.008899 -0.010600
v -0.009534 0.007536 -0.009884
v -0.009535 0.007647 -0.010045
v -0.009535 0.007694 -0.010101
v -0.009535 0.007704 -0.010112
v -0.009535 0.007755 -0.010164
v -0.009534 0.007436 0.008223
v -0.009534 0.007436 0.007979
v -0.009534 0.007436 0.006930
v -0.009534 0.007436 -0.006937
v -0.009534 0.007436 -0.007983
v -0.009534 0.007436 0.008870
v -0.009534 0.007436 0.008672
v -0.009534 0.007436 0.008455
v -0.009534 0.007436 0.009197
v -0.009534 0.007436 -0.009050
v -0.006156 0.007444 -0.012000
v 0.001466 0.007461 -0.012000
v 0.009353 0.007479 0.005340
v 0.008786 0.007477 0.007227
v 0.007776 0.007475 0.008917
v 0.006383 0.007472 0.010310
v 0.004692 0.007468 0.011320
v 0.002806 0.007464 0.011887
v 0.002806 0.007464 -0.011887
v 0.004692 0.007468 -0.011320
v 0.006383 0.007472 -0.010310
v 0.007776 0.007475 -0.008917
v 0.008786 0.007477 -0.007227
v 0.009353 0.007479 -0.005340
v -0.008196 0.007439 -0.011492
v -0.009228 0.007437 -0.010864
v -0.007365 0.007441 -0.011783
v -0.006511 0.007443 -0.011968
v -0.008885 0.007438 0.011058
v -0.009092 0.007437 0.010837
v -0.009206 0.007437 0.010680
v -0.009355 0.007437 0.010410
v -0.006517 0.007443 0.011966
v -0.007428 0.007441 0.011760
v -0.008247 0.007439 0.011461
v -0.009371 0.007437 0.010374
v -0.008469 0.007439 0.011351
v -0.008699 0.007438 0.011208
v 0.001421 0.027461 0.012000
v -0.006196 0.027444 0.012000
v 0.009308 0.027479 0.005340
v 0.002204 0.027463 0.011961
v 0.009267 0.027478 0.005560
v 0.008741 0.027477 0.007227
v 0.008073 0.027476 0.008443
v 0.007731 0.027475 0.008917
v 0.007078 0.027474 0.009657
v 0.006338 0.027472 0.010310
v 0.005866 0.027471 0.010651
v 0.004647 0.027468 0.011320
v 0.004482 0.027468 0.011391
v 0.003743 0.027466 0.011656
v 0.002981 0.027464 0.011846
v 0.002761 0.027464 0.011887
v 0.001421 0.027461 -0.012000
v 0.002761 0.027464 -0.011887
v 0.009382 0.027479 -0.004784
v 0.002981 0.027464 -0.011846
v 0.004647 0.027468 -0.011320
v 0.005864 0.027471 -0.010653
v 0.006338 0.027472 -0.010310
v 0.007077 0.027474 -0.009657
v 0.007731 0.027475 -0.008917
v 0.008072 0.027476 -0.008445
v 0.008741 0.027477 -0.007227
v 0.008812 0.027477 -0.007061
v 0.009076 0.027478 -0.006322
v 0.009267 0.027478 -0.005561
v 0.009308 0.027479 -0.005340
v -0.006201 0.027444 -0.012000
v -0.000602 0.037456 0.002000
v -0.000602 0.037456 -0.002000
v -0.009201 0.037437 0.002000
v -0.009201 0.037437 -0.002000
v 0.000672 0.035188 -0.008343
v 0.000895 0.034135 -0.009446
v -0.009043 0.034228 -0.009340
v -0.008858 0.033577 -0.009893
v 0.000953 0.033804 -0.009730
v 0.000984 0.033608 -0.009887
v -0.008524 0.032659 -0.010528
v 0.001071 0.033016 -0.010315
v -0.008005 0.031461 -0.011155
v 0.001357 0.029858 -0.011708
v -0.006921 0.029403 -0.011806
v 0.001327 0.030364 -0.011569
v -0.007576 0.030571 -0.011497
v 0.001259 0.031288 -0.011239
v -0.007767 0.030957 -0.011360
v 0.001242 0.031494 -0.011150
v 0.001178 0.032128 -0.010843
v 0.001409 0.028441 -0.011952
v -0.006230 0.027791 -0.011994
v -0.006394 0.028391 -0.011955
v 0.000632 0.035346 -0.008146
v -0.009196 0.035305 -0.008172
v 0.000568 0.035585 -0.007826
v 0.000513 0.035773 -0.007555
v -0.009198 0.036422 -0.006390
v 0.000206 0.036609 -0.006033
v -0.009199 0.036587 -0.006033
v 0.000165 0.036696 -0.005827
v 0.000127 0.036773 -0.005636
v -0.009200 0.037216 -0.004091
v -0.000211 0.037264 -0.003951
v -0.000358 0.037382 -0.003218
v 0.007137 0.033818 0.003546
v 0.007294 0.033622 0.003577
v 0.007294 0.033621 -0.003578
v 0.009370 0.028459 0.003990
v 0.009214 0.029476 -0.003960
v 0.007723 0.033031 -0.003663
v 0.007723 0.033031 0.003663
v 0.008429 0.031798 -0.003804
v 0.008253 0.032144 0.003769
v 0.008562 0.031510 -0.003830
v 0.008562 0.031511 0.003830
v 0.008650 0.031304 -0.003848
v 0.008983 0.030381 0.003914
v 0.009125 0.029872 0.003942
v 0.007100 0.033862 -0.003539
v 0.006475 0.034542 -0.003414
v 0.006853 0.034146 0.003490
v 0.006254 0.034757 -0.003370
v 0.005747 0.035200 -0.003269
v 0.005548 0.035357 0.003229
v 0.005548 0.035358 -0.003229
v 0.005222 0.035600 0.003164
v 0.004957 0.035783 0.003111
v 0.004226 0.036226 -0.002965
v 0.003432 0.036616 0.002807
v 0.003432 0.036616 -0.002806
v 0.003227 0.036703 0.002765
v 0.003227 0.036703 -0.002765
v 0.003029 0.036782 0.002726
v 0.001874 0.037149 -0.002495
v 0.001350 0.037268 0.002390
v 0.001350 0.037268 -0.002390
v 0.001073 0.037318 0.002335
v 0.000610 0.037385 0.002242
v -0.006730 0.029124 0.011858
v 0.001375 0.029460 0.011798
v -0.006960 0.029505 0.011785
v 0.001259 0.031287 0.011239
v -0.007966 0.031392 0.011184
v 0.001242 0.031493 0.011150
v 0.001214 0.031784 0.011016
v -0.008156 0.031805 0.010995
v 0.001071 0.033016 0.010315
v -0.008482 0.032564 0.010585
v 0.000984 0.033607 0.009888
v 0.000945 0.033849 0.009693
v -0.008858 0.033581 0.009888
v -0.008794 0.033393 0.010031
v 0.000819 0.034530 0.009071
v 0.000775 0.034743 0.008850
v -0.009134 0.034656 0.008918
v 0.000672 0.035188 0.008344
v -0.009196 0.035312 0.008163
v -0.000267 0.037315 0.003674
v -0.009200 0.037217 0.004087
v -0.000211 0.037264 0.003951
v -0.009199 0.036587 0.006033
v -0.000106 0.037144 0.004476
v 0.000632 0.035347 0.008145
v 0.000366 0.036218 0.006825
v -0.009198 0.036425 0.006383
v 0.000206 0.036609 0.006032
v 0.000165 0.036696 0.005827
v -0.006260 0.027983 0.011985
v -0.006535 0.028751 0.011914
v 0.001619 0.033256 0.010124
v 0.006568 0.033167 0.007264
v 0.007062 0.032218 0.007649
v 0.007804 0.032030 0.006450
v 0.006000 0.034920 0.004266
v 0.007301 0.033479 0.004756
v 0.000183 0.037323 0.003567
v 0.000966 0.036912 0.005111
v 0.001753 0.036986 0.004354
v 0.000965 0.037325 0.002784
v 0.002875 0.036827 0.003167
v 0.005274 0.035519 0.004003
v 0.004506 0.036035 0.003731
v 0.000576 0.037343 0.003177
v 0.002511 0.036915 0.003567
v 0.004014 0.036217 0.004345
v 0.001745 0.036211 0.006613
v 0.002508 0.035188 0.008032
v 0.002347 0.036323 0.006086
v 0.003316 0.035357 0.007390
v 0.000567 0.036822 0.005475
v 0.001133 0.036027 0.007104
v 0.001406 0.035510 0.007870
v 0.005806 0.028748 0.010581
v 0.007009 0.028771 0.009592
v 0.004435 0.028683 0.011319
v 0.004994 0.029935 0.010784
v 0.004767 0.031080 0.010465
v 0.004115 0.030986 0.010808
v 0.004311 0.029864 0.011123
v 0.004722 0.034054 0.008204
v 0.005616 0.032262 0.009212
v 0.005684 0.033233 0.008276
v 0.006138 0.032279 0.008728
v 0.005059 0.032213 0.009652
v 0.004243 0.034002 0.008607
v 0.004472 0.032132 0.010046
v 0.003744 0.033917 0.008979
v 0.003861 0.032020 0.010391
v 0.003230 0.033799 0.009319
v 0.003228 0.031879 0.010685
v 0.002872 0.029671 0.011605
v 0.002128 0.029549 0.011742
v 0.003704 0.028636 0.011586
v 0.003602 0.029777 0.011397
v 0.001246 0.034733 0.008845
v 0.001670 0.034910 0.008595
v 0.001923 0.031511 0.011111
v 0.002092 0.035062 0.008324
v 0.002701 0.033649 0.009624
v 0.002163 0.033468 0.009893
v 0.002580 0.031708 0.010926
v 0.009202 0.028593 0.005533
v 0.008740 0.028692 0.007017
v 0.008000 0.028753 0.008387
v 0.008731 0.030734 0.005332
v 0.009022 0.029685 0.005456
v 0.008224 0.030995 0.006702
v 0.008542 0.029875 0.006895
v 0.007480 0.031154 0.007976
v 0.007798 0.029990 0.008228
v 0.006524 0.031207 0.009112
v 0.006821 0.030028 0.009406
v 0.005978 0.031192 0.009614
v 0.006255 0.030017 0.009923
v 0.005390 0.031150 0.010066
v 0.005644 0.029985 0.010383
v 0.007858 0.032638 0.004976
v 0.006727 0.033807 0.005823
v 0.006101 0.034549 0.005470
v 0.006678 0.034241 0.004518
v 0.005436 0.035195 0.005104
v 0.008338 0.031721 0.005170
v 0.007300 0.032967 0.006153
v 0.006013 0.034006 0.006837
v 0.004793 0.035360 0.005913
v 0.005179 0.034072 0.007773
v 0.004082 0.035415 0.006680
v 0.002929 0.036361 0.005528
v 0.003487 0.036326 0.004946
v 0.007531 0.033271 -0.004211
v 0.000965 0.037325 -0.002784
v 0.004671 0.033167 -0.009159
v 0.005058 0.032214 -0.009652
v 0.003860 0.032021 -0.010393
v 0.002163 0.033469 -0.009894
v 0.002580 0.031709 -0.010927
v 0.002511 0.036916 -0.003567
v 0.001753 0.036987 -0.004353
v 0.000566 0.036823 -0.005476
v 0.001406 0.035509 -0.007871
v 0.001670 0.034910 -0.008596
v 0.001133 0.036027 -0.007105
v 0.000576 0.037344 -0.003177
v 0.000183 0.037323 -0.003567
v 0.000966 0.036913 -0.005112
v 0.001745 0.036212 -0.006613
v 0.004013 0.036216 -0.004345
v 0.005435 0.035193 -0.005105
v 0.003486 0.036326 -0.004946
v 0.004793 0.035359 -0.005914
v 0.002875 0.036827 -0.003167
v 0.004506 0.036035 -0.003731
v 0.005273 0.035518 -0.004003
v 0.007998 0.028754 -0.008388
v 0.007009 0.028772 -0.009591
v 0.008736 0.028693 -0.007017
v 0.008198 0.029943 -0.007579
v 0.007878 0.031087 -0.007355
v 0.008220 0.030994 -0.006702
v 0.008538 0.029876 -0.006895
v 0.005609 0.034059 -0.007316
v 0.006621 0.032266 -0.008206
v 0.005683 0.033238 -0.008275
v 0.006138 0.032280 -0.008728
v 0.007061 0.032219 -0.007650
v 0.006012 0.034009 -0.006837
v 0.007455 0.032139 -0.007063
v 0.006384 0.033925 -0.006338
v 0.007801 0.032030 -0.006450
v 0.006725 0.033809 -0.005823
v 0.008096 0.031890 -0.005818
v 0.009020 0.029686 -0.005456
v 0.009158 0.029565 -0.004712
v 0.009003 0.028648 -0.006286
v 0.008812 0.029789 -0.006186
v 0.006249 0.034744 -0.003841
v 0.005999 0.034920 -0.004267
v 0.008523 0.031526 -0.004511
v 0.005727 0.035070 -0.004688
v 0.007030 0.033660 -0.005295
v 0.007299 0.033480 -0.004756
v 0.008337 0.031722 -0.005170
v 0.002950 0.028579 -0.011784
v 0.004434 0.028684 -0.011322
v 0.005804 0.028749 -0.010582
v 0.002746 0.030721 -0.011317
v 0.002871 0.029672 -0.011606
v 0.004114 0.030985 -0.010811
v 0.004310 0.029866 -0.011126
v 0.005389 0.031149 -0.010067
v 0.005642 0.029986 -0.010383
v 0.006524 0.031206 -0.009112
v 0.006820 0.030029 -0.009406
v 0.007027 0.031193 -0.008565
v 0.007336 0.030021 -0.008840
v 0.007479 0.031153 -0.007977
v 0.007797 0.029992 -0.008229
v 0.002384 0.032628 -0.010449
v 0.003229 0.033801 -0.009320
v 0.002875 0.034542 -0.008697
v 0.001924 0.034230 -0.009273
v 0.002508 0.035187 -0.008033
v 0.003561 0.032962 -0.009891
v 0.004242 0.034005 -0.008607
v 0.003316 0.035356 -0.007391
v 0.005178 0.034075 -0.007773
v 0.004083 0.035414 -0.006680
v 0.002929 0.036361 -0.005529
v 0.002346 0.036323 -0.006086
v -0.006591 0.027722 -0.011962
v -0.006556 0.027443 -0.011968
v -0.006987 0.028226 -0.011883
v -0.007414 0.029010 -0.011783
v -0.007095 0.028649 -0.011859
v -0.006730 0.028097 -0.011936
v -0.008255 0.029712 -0.011491
v -0.008743 0.030176 -0.011235
v -0.009276 0.030717 -0.010868
v -0.009429 0.030879 -0.010744
v -0.010017 0.009121 -0.010088
v -0.009898 0.031398 -0.010290
v -0.010136 0.031680 -0.010008
v -0.010210 0.009191 -0.009836
v -0.010445 0.009260 -0.009475
v -0.010554 0.009287 -0.009279
v -0.010650 0.009309 -0.009088
v -0.010216 0.031780 -0.009902
v -0.010704 0.009321 -0.008970
v -0.010988 0.009372 -0.008141
v -0.010858 0.032709 -0.008730
v -0.010822 0.009344 -0.008680
v -0.010756 0.032537 -0.008976
v -0.010458 0.032095 -0.009543
v -0.011138 0.009392 -0.006937
v -0.011192 0.033727 -0.006937
v -0.011117 0.009390 -0.007382
v -0.011156 0.033431 -0.007531
v -0.011057 0.009382 -0.007823
v -0.011112 0.033273 -0.007820
v -0.011096 0.033223 -0.007908
v -0.006562 0.027443 0.011966
v -0.006682 0.027988 0.011944
v -0.006884 0.028363 0.011902
v -0.007022 0.028267 0.011872
v -0.007477 0.029091 0.011760
v -0.006584 0.027667 0.011962
v -0.006380 0.027443 0.011992
v -0.007350 0.029196 0.011786
v -0.007221 0.029300 0.011799
v -0.007286 0.029249 0.011795
v -0.007077 0.029414 0.011798
v -0.007090 0.029404 0.011799
v -0.009303 0.033941 0.009559
v -0.010771 0.034701 0.007688
v -0.010856 0.034608 0.007615
v -0.010790 0.034303 0.008083
v -0.010980 0.034049 0.007882
v -0.011024 0.034368 0.007427
v -0.011154 0.034040 0.007171
v -0.011164 0.033997 0.007137
v -0.011192 0.033733 0.006930
v -0.011168 0.033491 0.007420
v -0.009495 0.034633 0.008894
v -0.009586 0.035281 0.008139
v -0.010001 0.035176 0.008058
v -0.009783 0.032827 0.010051
v -0.009348 0.032119 0.010574
v -0.009143 0.032247 0.010617
v -0.009313 0.030768 0.010833
v -0.008866 0.030313 0.011153
v -0.008749 0.030410 0.011219
v -0.009725 0.031212 0.010465
v -0.009466 0.030929 0.010706
v -0.009334 0.031052 0.010806
v -0.010007 0.031535 0.010160
v -0.009871 0.031687 0.010297
v -0.009713 0.031836 0.010413
v -0.009189 0.031173 0.010889
v -0.009036 0.031292 0.010955
v -0.008496 0.030602 0.011315
v -0.008362 0.030695 0.011344
v -0.008611 0.030065 0.011304
v -0.008209 0.029694 0.011504
v -0.008625 0.030506 0.011273
v -0.008018 0.029842 0.011571
v -0.007919 0.029915 0.011594
v -0.008521 0.031621 0.011037
v -0.010424 0.034976 0.007903
v -0.010609 0.034848 0.007802
v -0.010545 0.034530 0.008254
v -0.010160 0.034386 0.008789
v -0.010003 0.034463 0.008832
v -0.010138 0.035124 0.008017
v -0.010160 0.033526 0.009420
v -0.009896 0.033691 0.009506
v -0.010307 0.034300 0.008736
v -0.010446 0.034203 0.008673
v -0.010316 0.033869 0.009061
v -0.009839 0.034531 0.008863
v -0.009531 0.035289 0.008145
v -0.009608 0.033831 0.009552
v -0.009296 0.033105 0.010140
v -0.009547 0.032974 0.010112
v -0.011147 0.033634 0.007541
v -0.011101 0.033237 0.007887
v -0.011032 0.033056 0.008193
v -0.010899 0.033213 0.008552
v -0.010742 0.032919 0.008957
v -0.010689 0.033990 0.008519
v -0.010851 0.032698 0.008748
v -0.010767 0.032556 0.008951
v -0.010557 0.032618 0.009334
v -0.010477 0.032127 0.009507
v -0.010347 0.032310 0.009683
v -0.010592 0.032290 0.009305
v -0.010677 0.032416 0.009141
v -0.010252 0.031834 0.009847
v -0.010117 0.032000 0.010004
v -0.010151 0.031708 0.009982
v -0.009997 0.032664 0.009957
v -0.009538 0.031980 0.010506
v -0.008872 0.031408 0.011002
v -0.008700 0.031517 0.011029
v -0.008083 0.030873 0.011363
v -0.010186 0.032491 0.009833
v -0.010398 0.032814 0.009502
v -0.010588 0.033134 0.009141
v -0.011023 0.033499 0.008119
v -0.010751 0.033447 0.008752
v -0.010391 0.033338 0.009297
v -0.011108 0.033775 0.007659
v -0.010883 0.033752 0.008332
v -0.010555 0.033668 0.008923
v -0.008928 0.032366 0.010633
v -0.008706 0.032472 0.010622
v -0.009535 0.037188 0.004081
v -0.011166 0.034924 0.005654
v -0.011194 0.034623 0.005507
v -0.011196 0.035433 0.002000
v -0.011196 0.035257 0.003670
v -0.011168 0.035768 0.002000
v -0.011167 0.035584 0.003740
v -0.011128 0.035950 0.002000
v -0.011027 0.036045 0.003838
v -0.010775 0.036459 0.003926
v -0.010930 0.036433 0.002000
v -0.011028 0.036239 0.002000
v -0.010428 0.036800 0.003999
v -0.010613 0.036848 0.002000
v -0.010776 0.036662 0.002000
v -0.010006 0.037048 0.004052
v -0.010200 0.037167 0.002000
v -0.010429 0.037011 0.002000
v -0.009535 0.037408 0.002000
v -0.009717 0.037368 0.002000
v -0.010006 0.037265 0.002000
v -0.009533 0.036398 0.006371
v -0.010004 0.036270 0.006309
v -0.010426 0.036042 0.006198
v -0.010774 0.035728 0.006046
v -0.011026 0.035348 0.005860
v -0.009535 0.037408 -0.002000
v -0.009717 0.037368 -0.002000
v -0.010006 0.037265 -0.002000
v -0.010200 0.037167 -0.002000
v -0.010429 0.037011 -0.002000
v -0.010613 0.036848 -0.002000
v -0.010776 0.036662 -0.002000
v -0.010930 0.036433 -0.002000
v -0.011028 0.036239 -0.002000
v -0.011128 0.035950 -0.002000
v -0.011168 0.035768 -0.002000
v -0.011196 0.035433 -0.002000
v -0.011167 0.035584 -0.003743
v -0.011196 0.035256 -0.003673
v -0.011194 0.034621 -0.005512
v -0.011164 0.033991 -0.007144
v -0.011166 0.034922 -0.005659
v -0.011154 0.034034 -0.007178
v -0.011026 0.035345 -0.005866
v -0.011106 0.034184 -0.007295
v -0.010774 0.035725 -0.006052
v -0.010856 0.034602 -0.007623
v -0.011024 0.034362 -0.007435
v -0.010426 0.036039 -0.006205
v -0.010609 0.034841 -0.007810
v -0.010771 0.034695 -0.007696
v -0.010004 0.036267 -0.006316
v -0.010307 0.035037 -0.007963
v -0.010424 0.034970 -0.007911
v -0.009531 0.035282 -0.008154
v -0.009533 0.036395 -0.006378
v -0.009586 0.035274 -0.008148
v -0.010001 0.035169 -0.008067
v -0.009535 0.037187 -0.004085
v -0.010006 0.037048 -0.004055
v -0.010428 0.036800 -0.004002
v -0.010775 0.036458 -0.003930
v -0.011027 0.036045 -0.003841
v -0.009843 0.031644 -0.010332
v -0.009687 0.031791 -0.010447
v -0.009154 0.031118 -0.010923
v -0.010247 0.034708 -0.008402
v -0.011145 0.033624 -0.007555
v -0.010788 0.032784 -0.008887
v -0.010396 0.032186 -0.009633
v -0.009914 0.031569 -0.010267
v -0.010876 0.033736 -0.008353
v -0.010571 0.033107 -0.009172
v -0.010953 0.033611 -0.008250
v -0.010655 0.033002 -0.009083
v -0.011016 0.033484 -0.008141
v -0.010727 0.032894 -0.008988
v -0.011063 0.033354 -0.008026
v -0.010327 0.032277 -0.009717
v -0.010249 0.032367 -0.009795
v -0.010165 0.032456 -0.009866
v -0.009976 0.032627 -0.009988
v -0.010682 0.033973 -0.008539
v -0.010374 0.033309 -0.009326
v -0.010785 0.033856 -0.008450
v -0.010477 0.033210 -0.009253
v -0.010263 0.033406 -0.009392
v -0.010566 0.034083 -0.008621
v -0.009763 0.032788 -0.010081
v -0.010144 0.033496 -0.009448
v -0.009881 0.033661 -0.009534
v -0.010438 0.034185 -0.008693
v -0.010153 0.034367 -0.008809
v -0.009914 0.034853 -0.008494
v -0.007294 0.029109 -0.011807
v -0.007774 0.029904 -0.011634
v -0.007171 0.029209 -0.011819
v -0.008187 0.030712 -0.011389
v -0.007046 0.029307 -0.011819
v -0.008049 0.030798 -0.011392
v -0.007909 0.030879 -0.011382
v -0.008907 0.032316 -0.010663
v -0.008688 0.032421 -0.010653
v -0.009293 0.033911 -0.009586
v -0.009120 0.032198 -0.010647
v -0.009280 0.033065 -0.010170
v -0.007968 0.029765 -0.011598
v -0.009297 0.030999 -0.010842
v -0.008581 0.030439 -0.011305
v -0.008704 0.030346 -0.011252
v -0.010542 0.034519 -0.008268
v -0.009512 0.031933 -0.010538
v -0.009001 0.031234 -0.010987
v -0.008322 0.030624 -0.011373
v -0.008839 0.031348 -0.011033
v -0.009322 0.032070 -0.010606
v -0.009529 0.032934 -0.010142
v -0.009595 0.033800 -0.009580
v -0.009833 0.034512 -0.008883
v -0.009491 0.034615 -0.008914
v -0.006379 0.027443 -0.011992
v -0.008501 0.007711 0.011334
v -0.010442 0.009259 0.009472
v -0.010054 0.009136 0.010038
v -0.010821 0.009344 0.008678
v -0.010713 0.009323 0.008944
v -0.011061 0.009382 0.007798
v -0.010962 0.009368 0.008238
v -0.011138 0.009392 0.006930
v -0.011135 0.009392 0.007085
v -0.010562 0.009290 0.009256
v -0.008590 0.007970 0.011285
v -0.009259 0.008727 0.010835
v -0.009483 0.008870 0.010645
v -0.009034 0.008548 0.011005
v -0.008748 0.008236 0.011193
v -0.009524 0.008615 0.010586
v -0.009541 0.007499 0.009754
v -0.009510 0.007503 0.009941
v -0.009564 0.007483 0.009444
v -0.009722 0.007564 0.008856
v -0.009614 0.007495 0.008971
v -0.009687 0.007563 0.009072
v -0.009579 0.007489 0.009313
v -0.009618 0.007549 0.009428
v -0.009561 0.007519 0.009673
v -0.009563 0.007566 0.009798
v -0.009650 0.007614 0.009542
v -0.009558 0.007618 0.009921
v -0.009484 0.007530 0.010071
v -0.009544 0.007673 0.010042
v -0.009691 0.007761 0.009765
v -0.009915 0.007904 0.009458
v -0.009674 0.007685 0.009654
v -0.009815 0.007720 0.009269
v -0.009523 0.007731 0.010160
v -0.009408 0.007589 0.010322
v -0.009301 0.007656 0.010559
v -0.009702 0.007842 0.009872
v -0.009700 0.008016 0.010078
v -0.009986 0.008112 0.009636
v -0.009670 0.008205 0.010268
v -0.010025 0.008340 0.009799
v -0.009610 0.008406 0.010438
v -0.010032 0.008584 0.009942
v -0.010007 0.008838 0.010065
v -0.009241 0.008139 0.010782
v -0.009363 0.007994 0.010594
v -0.009458 0.007857 0.010385
v -0.009162 0.007728 0.010778
v -0.009093 0.008289 0.010945
v -0.008994 0.007803 0.010975
v -0.010815 0.008414 0.007736
v -0.010949 0.008721 0.007772
v -0.010951 0.008552 0.006930
v -0.011019 0.008721 0.006930
v -0.011031 0.009047 0.007801
v -0.011103 0.009029 0.006930
v -0.009862 0.007532 0.006930
v -0.009812 0.007550 0.008096
v -0.009883 0.007540 0.006930
v -0.010142 0.007692 0.007584
v -0.010169 0.007683 0.006930
v -0.010406 0.007893 0.007640
v -0.010321 0.007784 0.006930
v -0.010633 0.008136 0.007691
v -0.010684 0.008129 0.006930
v -0.010877 0.008410 0.006930
v -0.009756 0.007561 0.008619
v -0.009786 0.007556 0.008364
v -0.009954 0.007724 0.008779
v -0.010068 0.007709 0.008209
v -0.010123 0.007922 0.008932
v -0.010294 0.007911 0.008317
v -0.010262 0.008151 0.009073
v -0.010487 0.008149 0.008416
v -0.010365 0.008403 0.009201
v -0.010639 0.008419 0.008504
v -0.010430 0.008677 0.009312
v -0.010747 0.008713 0.008578
v -0.010456 0.008965 0.009403
v -0.010809 0.009024 0.008636
v -0.009886 0.007725 0.009036
v -0.009755 0.007638 0.009171
v -0.009984 0.007650 -0.008174
v -0.009798 0.007542 -0.008093
v -0.009832 0.007532 -0.007526
v -0.009890 0.007664 -0.008729
v -0.009744 0.007553 -0.008615
v -0.009559 0.008539 -0.010540
v -0.009542 0.007496 -0.009747
v -0.010916 0.008924 -0.008213
v -0.011007 0.008930 -0.007795
v -0.009991 0.008929 -0.010105
v -0.010637 0.008894 -0.009008
v -0.010453 0.008863 -0.009376
v -0.010792 0.008913 -0.008619
v -0.011063 0.008932 -0.007368
v -0.011082 0.008933 -0.006937
v -0.011103 0.009029 -0.006937
v -0.009845 0.007526 -0.006937
v -0.009588 0.007461 -0.008498
v -0.009572 0.007462 -0.008921
v -0.009646 0.007550 -0.009255
v -0.009614 0.007542 -0.009420
v -0.009556 0.007460 -0.009256
v -0.009549 0.007457 -0.009385
v -0.009546 0.007456 -0.009440
v -0.009544 0.007454 -0.009487
v -0.009541 0.007452 -0.009527
v -0.009703 0.007855 -0.009895
v -0.009688 0.007740 -0.009741
v -0.009613 0.007704 -0.009895
v -0.009549 0.007659 -0.010017
v -0.010011 0.008225 -0.009724
v -0.010030 0.008392 -0.009835
v -0.009661 0.008248 -0.010312
v -0.009616 0.008392 -0.010432
v -0.010245 0.008816 -0.009717
v -0.010021 0.008746 -0.010026
v -0.009680 0.007555 -0.009065
v -0.009775 0.007663 -0.009206
v -0.009856 0.007785 -0.009344
v -0.009771 0.007768 -0.009557
v -0.010021 0.007794 -0.008841
v -0.009923 0.007920 -0.009477
v -0.010238 0.008102 -0.009049
v -0.010320 0.008276 -0.009144
v -0.010570 0.008283 -0.008465
v -0.010452 0.008098 -0.008399
v -0.010312 0.007929 -0.008328
v -0.010034 0.008566 -0.009936
v -0.010213 0.008437 -0.009547
v -0.010384 0.008463 -0.009230
v -0.010537 0.008477 -0.008888
v -0.010244 0.007763 -0.007609
v -0.010426 0.007912 -0.007648
v -0.010467 0.007903 -0.006937
v -0.010321 0.007784 -0.006937
v -0.010276 0.007752 -0.006937
v -0.010531 0.008091 -0.008048
v -0.010590 0.008084 -0.007685
v -0.010626 0.008079 -0.007313
v -0.010684 0.008129 -0.006937
v -0.010951 0.008552 -0.006937
v -0.010896 0.008478 -0.007345
v -0.010849 0.008480 -0.007748
v -0.010772 0.008482 -0.008142
v -0.010667 0.008483 -0.008523
v -0.009704 0.007978 -0.010042
v -0.009539 0.007449 -0.009562
v -0.009561 0.007514 -0.009666
v -0.009585 0.007530 -0.009558
v -0.009883 0.007540 -0.006937
v -0.010045 0.007634 -0.007568
v -0.010156 0.007780 -0.008253
v -0.010137 0.007941 -0.008948
v -0.009975 0.008067 -0.009604
v -0.009690 0.008110 -0.010181
vn 0.537768 0.001208 0.843092
vn 0.299988 0.000674 0.953943
vn 0.002246 -0.999997 0.000000
vn 0.043872 0.000099 0.999037
vn -0.216131 -0.000485 0.976364
vn 0.976420 0.002193 0.215867
vn 0.887810 0.001994 0.460206
vn 0.737205 0.001656 0.675667
vn 0.843453 0.001894 -0.537200
vn 0.954053 0.002143 -0.299629
vn 0.999030 0.002244 -0.043983
vn 0.215601 0.000484 -0.976481
vn 0.461234 0.001036 -0.887278
vn 0.675666 0.001517 -0.737207
vn -0.537769 -0.001208 -0.843092
vn -0.300348 -0.000675 -0.953829
vn -0.043926 -0.000099 -0.999035
vn -0.976155 -0.002192 -0.217063
vn -0.886783 -0.001992 -0.462181
vn -0.737204 -0.001656 -0.675668
vn -0.842884 -0.001893 0.538092
vn -0.953334 -0.002141 0.301911
vn -0.999030 -0.002244 0.043983
vn -0.461232 -0.001036 0.887279
vn -0.675667 -0.001517 0.737206
vn 0.537767 0.001208 0.843093
vn 0.299988 0.000674 0.953943
vn 0.002246 -0.999997 0.000000
vn 0.043872 0.000099 0.999037
vn -0.216131 -0.000485 0.976364
vn 0.976420 0.002193 0.215867
vn 0.887810 0.001994 0.460206
vn 0.737205 0.001656 0.675667
vn 0.843453 0.001894 -0.537200
vn 0.954053 0.002143 -0.299629
vn 0.999030 0.002244 -0.043983
vn 0.215601 0.000484 -0.976481
vn 0.461233 0.001036 -0.887278
vn 0.675665 0.001517 -0.737207
vn -0.537769 -0.001208 -0.843091
vn -0.300348 -0.000675 -0.953829
vn -0.043926 -0.000099 -0.999035
vn -0.976156 -0.002192 -0.217062
vn -0.886783 -0.001992 -0.462182
vn -0.737204 -0.001656 -0.675668
vn -0.842884 -0.001893 0.538092
vn -0.953334 -0.002141 0.301911
vn -0.999030 -0.002244 0.043981
vn -0.461232 -0.001036 0.887279
vn -0.675667 -0.001517 0.737206
vn 0.537767 0.001208 0.843093
vn 0.299988 0.000674 0.953943
vn 0.002246 -0.999997 0.000000
vn 0.043872 0.000099 0.999037
vn -0.216132 -0.000485 0.976364
vn 0.976421 0.002193 0.215866
vn 0.887809 0.001994 0.460208
vn 0.737205 0.001656 0.675667
vn 0.843452 0.001894 -0.537201
vn 0.954053 0.002143 -0.299631
vn 0.999030 0.002244 -0.043981
vn 0.215600 0.000484 -0.976482
vn 0.461233 0.001036 -0.887278
vn 0.675665 0.001517 -0.737207
vn -0.537768 -0.001208 -0.843092
vn -0.300349 -0.000675 -0.953829
vn -0.043926 -0.000099 -0.999035
vn -0.976156 -0.002192 -0.217062
vn -0.886783 -0.001992 -0.462182
vn -0.737204 -0.001656 -0.675669
vn -0.842884 -0.001893 0.538092
vn -0.953334 -0.002141 0.301911
vn -0.999030 -0.002244 0.043981
vn -0.461232 -0.001036 0.887279
vn -0.675666 -0.001517 0.737207
vn 0.537768 0.001208 0.843092
vn 0.299989 0.000674 0.953943
vn 0.002246 -0.999997 0.000000
vn 0.043871 0.000099 0.999037
vn -0.216130 -0.000485 0.976365
vn 0.976420 0.002193 0.215866
vn 0.887810 0.001994 0.460206
vn 0.737204 0.001656 0.675668
vn 0.843453 0.001894 -0.537199
vn 0.954053 0.002143 -0.299630
vn 0.999030 0.002244 -0.043983
vn 0.215602 0.000484 -0.976481
vn 0.461232 0.001036 -0.887279
vn 0.675666 0.001517 -0.737206
vn -0.537768 -0.001208 -0.843092
vn -0.300347 -0.000675 -0.953830
vn -0.043927 -0.000099 -0.999035
vn -0.976155 -0.002192 -0.217064
vn -0.886784 -0.001992 -0.462181
vn -0.737205 -0.001656 -0.675667
vn -0.842883 -0.001893 0.538093
vn -0.953334 -0.002141 0.301911
vn -0.999030 -0.002244 0.043983
vn -0.461233 -0.001036 0.887278
vn -0.675666 -0.001517 0.737206
vn 0.537768 0.001208 0.843092
vn 0.299989 0.000674 0.953942
vn 0.002246 -0.999997 0.000000
vn 0.043871 0.000099 0.999037
vn -0.216130 -0.000485 0.976365
vn 0.976420 0.002193 0.215866
vn 0.887810 0.001994 0.460206
vn 0.737204 0.001656 0.675669
vn 0.843453 0.001894 -0.537199
vn 0.954053 0.002143 -0.299630
vn 0.999030 0.002244 -0.043983
vn 0.215602 0.000484 -0.976481
vn 0.461232 0.001036 -0.887279
vn 0.675666 0.001517 -0.737207
vn -0.537768 -0.001208 -0.843092
vn -0.300347 -0.000675 -0.953830
vn -0.043927 -0.000099 -0.999035
vn -0.976155 -0.002192 -0.217062
vn -0.886783 -0.001992 -0.462182
vn -0.737205 -0.001656 -0.675667
vn -0.842883 -0.001893 0.538093
vn -0.953334 -0.002141 0.301911
vn -0.999030 -0.002244 0.043981
vn -0.461234 -0.001036 0.887278
vn -0.675666 -0.001517 0.737206
vn 0.537768 0.001208 0.843092
vn 0.299989 0.000674 0.953943
vn 0.002246 -0.999997 0.000000
vn 0.043871 0.000099 0.999037
vn -0.216131 -0.000485 0.976364
vn 0.976421 0.002193 0.215865
vn 0.887809 0.001994 0.460208
vn 0.737204 0.001656 0.675669
vn 0.843453 0.001894 -0.537200
vn 0.954053 0.002143 -0.299631
vn 0.999030 0.002244 -0.043981
vn 0.215602 0.000484 -0.976481
vn 0.461232 0.001036 -0.887279
vn 0.675666 0.001517 -0.737207
vn -0.537767 -0.001208 -0.843093
vn -0.300348 -0.000675 -0.953830
vn -0.043927 -0.000099 -0.999035
vn -0.976155 -0.002192 -0.217062
vn -0.886783 -0.001992 -0.462182
vn -0.737205 -0.001656 -0.675667
vn -0.842883 -0.001893 0.538093
vn -0.953334 -0.002141 0.301911
vn -0.999030 -0.002244 0.043981
vn -0.461233 -0.001036 0.887278
vn -0.675665 -0.001517 0.737207
vn 0.843814 0.001895 -0.536632
vn 0.953827 0.002142 -0.300349
vn 0.002246 -0.999997 0.000000
vn 0.999030 0.002244 -0.043981
vn 0.976421 0.002193 0.215866
vn 0.215604 0.000484 -0.976481
vn 0.461233 0.001036 -0.887278
vn 0.676346 0.001519 -0.736582
vn -0.536629 -0.001205 -0.843817
vn -0.300349 -0.000675 -0.953829
vn -0.043927 -0.000099 -0.999035
vn -0.976096 -0.002192 -0.217328
vn -0.887029 -0.001992 -0.461709
vn -0.738972 -0.001660 -0.673734
vn -0.844021 -0.001896 0.536306
vn -0.953334 -0.002141 0.301911
vn -0.999030 -0.002244 0.043981
vn -0.216132 -0.000485 0.976364
vn -0.460719 -0.001035 0.887546
vn -0.675039 -0.001516 0.737780
vn 0.537767 0.001208 0.843093
vn 0.299990 0.000674 0.953942
vn 0.043872 0.000099 0.999037
vn 0.887809 0.001994 0.460208
vn 0.737204 0.001656 0.675668
vn 0.843246 0.001894 -0.537524
vn 0.953105 0.002141 -0.302634
vn 0.002246 -0.999997 0.000000
vn 0.999030 0.002244 -0.043981
vn 0.976155 0.002192 0.217062
vn 0.216132 0.000485 -0.976364
vn 0.461233 0.001036 -0.887278
vn 0.676347 0.001519 -0.736581
vn -0.537768 -0.001208 -0.843092
vn -0.299990 -0.000674 -0.953942
vn -0.043872 -0.000099 -0.999037
vn -0.976626 -0.002193 -0.214934
vn -0.886516 -0.001991 -0.462695
vn -0.738348 -0.001658 -0.674418
vn -0.842884 -0.001893 0.538092
vn -0.953694 -0.002142 0.300772
vn -0.999084 -0.002244 0.042729
vn -0.215603 -0.000484 0.976481
vn -0.461233 -0.001036 0.887278
vn -0.675666 -0.001517 0.737206
vn 0.537768 0.001208 0.843092
vn 0.300349 0.000675 0.953829
vn 0.043927 0.000099 0.999035
vn 0.886783 0.001992 0.462182
vn 0.737205 0.001656 0.675668
vn 0.843452 0.001894 -0.537200
vn 0.954053 0.002143 -0.299631
vn 0.002246 -0.999997 0.000000
vn 0.999030 0.002244 -0.043981
vn 0.976362 0.002193 0.216130
vn 0.215604 0.000484 -0.976481
vn 0.461233 0.001036 -0.887278
vn 0.675665 0.001517 -0.737207
vn -0.536629 -0.001205 -0.843817
vn -0.300349 -0.000675 -0.953829
vn -0.043927 -0.000099 -0.999035
vn -0.976155 -0.002192 -0.217062
vn -0.887296 -0.001993 -0.461196
vn -0.737830 -0.001657 -0.674985
vn -0.844382 -0.001896 0.535739
vn -0.953105 -0.002141 0.302634
vn -0.999030 -0.002244 0.043981
vn -0.216132 -0.000485 0.976364
vn -0.460719 -0.001035 0.887546
vn -0.675721 -0.001518 0.737156
vn 0.537767 0.001208 0.843093
vn 0.299990 0.000674 0.953942
vn 0.043872 0.000099 0.999037
vn 0.887543 0.001993 0.460721
vn 0.738347 0.001658 0.674419
vn 0.842884 0.001893 -0.538093
vn 0.953334 0.002141 -0.301911
vn 0.002246 -0.999997 0.000000
vn 0.999030 0.002244 -0.043981
vn 0.976096 0.002192 0.217328
vn 0.216132 0.000485 -0.976364
vn 0.461233 0.001036 -0.887278
vn 0.675666 0.001517 -0.737206
vn -0.537768 -0.001208 -0.843092
vn -0.299990 -0.000674 -0.953942
vn -0.043872 -0.000099 -0.999037
vn -0.976684 -0.002194 -0.214671
vn -0.886783 -0.001992 -0.462181
vn -0.737205 -0.001656 -0.675668
vn -0.843246 -0.001894 0.537524
vn -0.953466 -0.002141 0.301492
vn -0.999084 -0.002244 0.042729
vn -0.215603 -0.000484 0.976481
vn -0.461233 -0.001036 0.887278
vn -0.676347 -0.001519 0.736581
vn 0.537768 0.001208 0.843092
vn 0.300349 0.000675 0.953829
vn 0.043927 0.000099 0.999035
vn 0.886515 0.001991 0.462696
vn 0.738348 0.001658 0.674418
vn 0.843815 0.001895 -0.536632
vn 0.953827 0.002142 -0.300348
vn 0.002246 -0.999997 0.000000
vn 0.999030 0.002244 -0.043983
vn 0.976362 0.002193 0.216131
vn 0.215603 0.000484 -0.976481
vn 0.461233 0.001036 -0.887279
vn 0.676346 0.001519 -0.736582
vn -0.537768 -0.001208 -0.843092
vn -0.300349 -0.000675 -0.953829
vn -0.043927 -0.000099 -0.999035
vn -0.976096 -0.002192 -0.217328
vn -0.886515 -0.001991 -0.462696
vn -0.738348 -0.001658 -0.674418
vn -0.843246 -0.001894 0.537524
vn -0.953105 -0.002141 0.302634
vn -0.999030 -0.002244 0.043981
vn -0.216131 -0.000485 0.976364
vn -0.461233 -0.001036 0.887278
vn -0.676348 -0.001519 0.736581
vn 0.537767 0.001208 0.843092
vn 0.299989 0.000674 0.953942
vn 0.043872 0.000099 0.999037
vn 0.887544 0.001993 0.460719
vn 0.738347 0.001658 0.674419
vn -0.843246 -0.001894 0.537524
vn -0.953105 -0.002141 0.302634
vn 0.002246 -0.999997 0.000000
vn -0.999030 -0.002244 0.043981
vn -0.976096 -0.002192 -0.217328
vn -0.216132 -0.000485 0.976364
vn -0.461233 -0.001036 0.887278
vn -0.676347 -0.001519 0.736581
vn 0.537767 0.001208 0.843093
vn 0.299990 0.000674 0.953942
vn 0.043872 0.000099 0.999037
vn 0.976362 0.002193 0.216131
vn 0.887544 0.001993 0.460719
vn 0.738347 0.001658 0.674419
vn 0.843815 0.001895 -0.536632
vn 0.953827 0.002142 -0.300348
vn 0.999030 0.002244 -0.043983
vn 0.215603 0.000484 -0.976481
vn 0.461232 0.001036 -0.887279
vn 0.676347 0.001519 -0.736582
vn -0.537768 -0.001208 -0.843092
vn -0.300348 -0.000675 -0.953829
vn -0.043927 -0.000099 -0.999035
vn -0.886515 -0.001991 -0.462696
vn -0.738348 -0.001658 -0.674418
vn 0.000000 0.000000 1.000000
vn 0.002246 -0.999997 0.000000
vn -0.924279 -0.002076 0.381713
vn 0.000000 0.000000 1.000000
vn -0.809338 -0.001818 0.587341
vn 0.000000 0.000000 1.000000
vn -0.649042 -0.001458 0.760751
vn -0.587432 -0.001319 0.809272
vn -0.453824 -0.001019 0.891091
vn -0.381634 -0.000857 0.924313
vn 0.002246 -0.999997 0.000000
vn -0.500233 -0.001123 -0.865890
vn -0.397058 -0.000892 0.917793
vn 0.866266 0.002111 0.499579
vn -0.003248 -0.999912 0.012896
vn -0.098577 -0.965470 0.241143
vn -0.382946 -0.257899 0.887040
vn -0.350088 -0.459394 0.816331
vn -0.275066 -0.708890 0.649472
vn -0.192373 -0.865281 0.462907
vn -0.365759 -0.364392 0.856410
vn -0.312948 -0.606514 0.730893
vn -0.999997 -0.002246 0.000000
vn -0.867251 -0.001948 -0.497868
vn -0.865681 -0.001830 -0.500593
vn -0.999997 -0.002246 0.000000
vn -0.397033 -0.007864 0.917771
vn 0.000000 0.000000 1.000000
vn -0.365935 -0.381421 0.848887
vn -0.365759 -0.364392 0.856410
vn -0.865789 -0.001542 -0.500407
vn 0.000000 0.000000 1.000000
vn -0.868428 0.000514 -0.495815
vn 0.000000 0.000000 1.000000
vn 0.000000 0.000000 1.000000
vn -0.865867 -0.027218 -0.499534
vn -0.866055 -0.001945 -0.499946
vn 0.000000 0.000000 1.000000
vn -0.995257 -0.002235 0.097253
vn 0.000000 0.000000 1.000000
vn -0.865834 -0.001568 -0.500330
vn -0.904501 -0.001934 -0.426467
vn -0.872695 -0.001960 0.488261
vn -0.872695 -0.001960 0.488261
vn -0.017359 -0.000039 -0.999849
vn -0.017359 -0.000039 -0.999849
vn -0.215109 -0.000483 -0.976590
vn -0.299495 -0.000673 -0.954098
vn -0.460816 -0.001035 -0.887495
vn -0.538810 -0.001210 -0.842427
vn -0.676497 -0.001519 -0.736444
vn 0.002246 -0.999997 0.000000
vn 0.002246 -0.999997 0.000000
vn -0.885661 -0.001989 -0.464328
vn 0.000000 0.000000 1.000000
vn -0.976785 -0.002194 -0.214211
vn 0.000000 0.000000 1.000000
vn -0.999085 -0.002244 0.042698
vn 0.000000 0.000000 1.000000
vn 0.002246 -0.999997 0.000000
vn 0.000057 -0.025232 -0.999682
vn 0.000000 0.000000 -1.000000
vn 0.000000 0.000000 -1.000000
vn 0.000000 0.000000 -1.000000
vn 0.000082 -0.036379 -0.999338
vn 0.000000 0.000000 -1.000000
vn 0.000082 -0.036419 -0.999337
vn 0.000000 0.000000 -1.000000
vn 0.017359 0.000039 -0.999849
vn 0.017359 0.000039 -0.999849
vn -0.321944 -0.000723 -0.946759
vn 0.000000 0.000000 -1.000000
vn 0.000057 -0.025213 -0.999682
vn 0.000000 0.000000 -1.000000
vn 0.002246 -0.999997 0.000000
vn 0.839208 0.001885 0.543808
vn -0.783215 -0.001759 0.621749
vn 0.342281 0.000769 0.939597
vn 0.260700 0.000586 0.965420
vn 0.000000 0.000000 1.000000
vn 0.006010 0.000013 0.999982
vn -0.080372 -0.000181 0.996765
vn -0.247833 -0.000557 0.968803
vn 0.002246 -0.999997 0.000000
vn -0.483791 -0.001087 0.875183
vn -0.557122 -0.001251 0.830430
vn 0.000000 0.000000 1.000000
vn 0.000000 0.000000 1.000000
vn -0.851062 -0.001911 0.525061
vn 0.002246 -0.999997 0.000000
vn -0.956408 -0.002148 0.292028
vn -0.978139 -0.002197 0.207939
vn -0.999235 -0.002244 0.039038
vn -0.998947 -0.002244 -0.045817
vn -0.976799 -0.002194 -0.214145
vn -0.954731 -0.002144 -0.297462
vn -0.890487 -0.002000 -0.455005
vn -0.848418 -0.001905 -0.529324
vn -0.746495 -0.001677 -0.665389
vn 0.000000 0.000000 1.000000
vn -0.552964 -0.001242 -0.833204
vn -0.479378 -0.001077 -0.877608
vn -0.323882 -0.000727 -0.946097
vn -0.242004 -0.000544 -0.970275
vn -0.074397 -0.000167 -0.997229
vn 0.000000 0.000000 1.000000
vn 0.180933 0.000406 -0.983495
vn 0.264894 0.000595 -0.964277
vn 0.424240 0.000953 -0.905549
vn 0.499938 0.001123 -0.866061
vn 0.639886 0.001437 -0.768468
vn 0.703717 0.001580 -0.710478
vn 0.814086 0.001828 -0.580741
vn 0.860850 0.001933 -0.508856
vn 0.934462 0.002099 -0.356057
vn 0.961408 0.002159 -0.275117
vn 0.994117 0.002233 -0.108285
vn 0.999743 0.002245 -0.022551
vn 0.988994 0.002221 0.147936
vn 0.972562 0.002184 0.232635
vn 0.919143 0.002064 0.393920
vn 0.882247 0.001981 0.470783
vn -0.865935 -0.001953 -0.500153
vn 0.000000 0.000000 1.000000
vn -0.997840 -0.002241 0.065647
vn 0.002246 -0.999997 0.000000
vn -0.865930 -0.001950 -0.500161
vn -0.872695 -0.001960 0.488261
vn -0.872695 -0.001960 0.488261
vn -0.017358 -0.000039 -0.999849
vn 0.000000 0.000000 1.000000
vn -0.215104 -0.000483 -0.976591
vn -0.299489 -0.000673 -0.954099
vn -0.460814 -0.001035 -0.887496
vn -0.538811 -0.001210 -0.842426
vn -0.676501 -0.001519 -0.736440
vn -0.736444 -0.001654 -0.676496
vn -0.841177 -0.001889 -0.540757
vn -0.885659 -0.001989 -0.464332
vn -0.953709 -0.002142 -0.300725
vn -0.976786 -0.002194 -0.214208
vn -0.999086 -0.002244 -0.042694
vn -0.999086 -0.002244 0.042694
vn -0.976786 -0.002194 0.214207
vn -0.923073 -0.002073 0.384620
vn 0.000069 -0.030576 -0.999532
vn 0.000000 0.000000 -1.000000
vn 0.000000 0.000000 -1.000000
vn 0.000000 0.000000 -1.000000
vn 0.000000 0.000000 1.000000
vn 0.000179 -0.079745 -0.996815
vn 0.000000 0.000000 -1.000000
vn 0.000082 -0.036419 -0.999337
vn 0.000000 0.000000 -1.000000
vn 0.017358 0.000039 -0.999849
vn 0.017358 0.000039 -0.999849
vn 0.000000 0.000000 -1.000000
vn 0.000071 -0.031560 -0.999502
vn 0.000000 0.000000 -1.000000
vn 0.000000 0.000000 -1.000000
vn 0.000000 0.000000 -1.000000
vn 0.865967 0.001826 -0.500097
vn 0.000000 0.000000 1.000000
vn -0.017358 -0.000039 -0.999849
vn 0.000179 -0.079745 -0.996815
vn 0.000000 0.000000 -1.000000
vn 0.000082 -0.036419 -0.999337
vn 0.000000 0.000000 -1.000000
vn 0.017358 0.000039 -0.999849
vn 0.017358 0.000039 -0.999849
vn -0.999766 -0.002245 0.021533
vn -0.865916 -0.002076 -0.500186
vn 0.000000 0.000000 1.000000
vn -0.866289 -0.001991 -0.499540
vn -0.865540 -0.027208 0.500101
vn -0.865575 -0.001944 0.500775
vn -0.865575 -0.001944 0.500775
vn 0.000000 0.000000 1.000000
vn -0.865867 -0.027218 0.499534
vn -0.866054 -0.001945 0.499946
vn 0.000000 0.000000 1.000000
vn 0.000000 0.000000 1.000000
vn 0.000000 0.000000 1.000000
vn 0.865656 -0.023138 0.500104
vn 0.865575 0.001944 0.500775
vn 0.865575 0.001944 0.500776
vn 0.995308 0.002235 -0.096729
vn 0.865980 0.001945 0.500075
vn 0.863971 -0.077277 0.497577
vn 0.000000 0.000000 1.000000
vn 0.872695 0.001960 -0.488262
vn 0.872695 0.001960 -0.488262
vn 0.017358 0.000039 0.999849
vn 0.002246 -0.999997 0.000000
vn 0.214206 0.000481 0.976788
vn 0.300722 0.000675 0.953712
vn 0.464328 0.001043 0.885663
vn 0.540754 0.001214 0.841180
vn 0.676497 0.001519 0.736444
vn 0.736442 0.001654 0.676498
vn 0.841178 0.001889 0.540755
vn 0.885661 0.001989 0.464329
vn 0.953709 0.002142 0.300723
vn 0.976786 0.002194 0.214207
vn 0.999086 0.002244 0.042695
vn 0.000000 0.000000 1.000000
vn 0.976786 0.002194 -0.214209
vn 0.953709 0.002142 -0.300724
vn 0.000082 -0.036379 0.999338
vn 0.000000 0.000000 1.000000
vn -0.017358 -0.000039 0.999849
vn -0.017358 -0.000039 0.999849
vn 0.000000 0.000000 1.000000
vn 0.000000 0.000000 1.000000
vn -0.215107 -0.000483 0.976590
vn -0.299496 -0.000673 0.954097
vn -0.460817 -0.001035 0.887494
vn -0.538809 -0.001210 0.842427
vn -0.676495 -0.001519 0.736446
vn -0.736438 -0.001654 0.676503
vn -0.841176 -0.001889 0.540758
vn -0.885662 -0.001989 0.464326
vn -0.953710 -0.002142 0.300719
vn -0.976785 -0.002194 0.214211
vn -0.999085 -0.002244 0.042698
vn -0.999085 -0.002244 -0.042699
vn 0.002246 -0.999997 0.000000
vn -0.953710 -0.002142 -0.300720
vn -0.872695 -0.001960 -0.488261
vn -0.872695 -0.001960 -0.488261
vn 0.000000 0.000000 1.000000
vn -0.866055 -0.001945 0.499946
vn -0.865539 -0.027208 0.500101
vn -0.865575 -0.001944 0.500775
vn -0.865575 -0.001944 0.500775
vn 0.000000 0.000000 1.000000
vn -0.865867 -0.027218 0.499534
vn -0.866055 -0.001945 0.499946
vn 0.000000 0.000000 1.000000
vn 0.866055 0.001945 0.499946
vn 0.000000 0.000000 1.000000
vn 0.000000 0.000000 1.000000
vn 0.000000 0.000000 1.000000
vn 0.865657 -0.023138 0.500103
vn 0.865575 0.001944 0.500775
vn 0.000000 0.000000 1.000000
vn 0.995308 0.002235 -0.096729
vn 0.865984 -0.023146 0.499536
vn 0.866055 0.001945 0.499946
vn 0.872695 0.001960 -0.488261
vn 0.872695 0.001960 -0.488261
vn 0.017358 0.000039 0.999849
vn 0.000000 0.000000 1.000000
vn 0.214208 0.000481 0.976788
vn 0.300723 0.000675 0.953711
vn 0.464328 0.001043 0.885663
vn 0.540754 0.001214 0.841180
vn 0.676497 0.001519 0.736444
vn 0.736442 0.001654 0.676498
vn 0.841178 0.001889 0.540755
vn 0.885661 0.001989 0.464329
vn 0.953709 0.002142 0.300723
vn 0.976786 0.002194 0.214207
vn 0.999086 0.002244 0.042695
vn 0.999086 0.002244 -0.042695
vn 0.976786 0.002194 -0.214209
vn 0.002246 -0.999997 0.000000
vn 0.002246 -0.999997 0.000000
vn 0.000000 0.000000 1.000000
vn -0.017358 -0.000039 0.999849
vn -0.017358 -0.000039 0.999849
vn 0.000082 -0.036419 0.999337
vn 0.000000 0.000000 1.000000
vn -0.215107 -0.000483 0.976590
vn -0.299494 -0.000673 0.954098
vn -0.460814 -0.001035 0.887496
vn -0.538807 -0.001210 0.842429
vn -0.676499 -0.001519 0.736442
vn -0.736446 -0.001654 0.676494
vn -0.841180 -0.001889 0.540752
vn -0.885659 -0.001989 0.464332
vn -0.953708 -0.002142 0.300726
vn -0.976787 -0.002194 0.214203
vn 0.000000 0.000000 1.000000
vn -0.999086 -0.002244 -0.042691
vn -0.976786 -0.002194 -0.214205
vn -0.953708 -0.002142 -0.300727
vn -0.872694 -0.001960 -0.488263
vn -0.872694 -0.001960 -0.488263
vn 0.000000 0.000000 1.000000
vn -0.866054 -0.001945 0.499946
vn -0.865540 -0.027208 0.500101
vn -0.865576 -0.001944 0.500774
vn 0.000000 0.000000 1.000000
vn 0.000000 0.000000 1.000000
vn -0.865867 -0.027218 0.499534
vn -0.866054 -0.001945 0.499946
vn 0.000000 0.000000 1.000000
vn 0.000000 0.000000 1.000000
vn 0.866054 0.001945 0.499946
vn 0.866054 0.001945 0.499946
vn 0.865657 -0.023138 0.500103
vn 0.865576 0.001944 0.500774
vn 0.997569 0.002240 -0.069657
vn 0.865916 0.001814 -0.500185
vn 0.865984 -0.023146 0.499537
vn 0.866054 0.001945 0.499946
vn 0.000000 0.000000 1.000000
vn 0.866288 0.001900 -0.499541
vn 0.002246 -0.999997 0.000000
vn 0.864425 -0.070114 0.497849
vn 0.002246 -0.999997 0.000000
vn 0.865250 -0.054728 0.498345
vn 0.002246 -0.999997 0.000000
vn -0.864068 -0.074517 0.497829
vn 0.002246 -0.999997 0.000000
vn -0.864976 -0.059025 0.498330
vn 0.002246 -0.999997 0.000000
vn 0.000163 -0.072535 0.997366
vn 0.002246 -0.999997 0.000000
vn 0.000128 -0.057050 0.998371
vn 0.002246 -0.999997 0.000000
vn 0.864426 -0.070113 0.497848
vn 0.002246 -0.999997 0.000000
vn 0.865251 -0.054728 0.498343
vn 0.002246 -0.999997 0.000000
vn -0.864067 -0.074517 0.497831
vn 0.002246 -0.999997 0.000000
vn -0.864974 -0.059024 0.498333
vn 0.002246 -0.999997 0.000000
vn 0.000163 -0.072535 0.997366
vn 0.002246 -0.999997 0.000000
vn 0.000128 -0.057050 0.998371
vn 0.002246 -0.999997 0.000000
vn 0.864426 -0.070113 0.497848
vn 0.002246 -0.999997 0.000000
vn 0.865251 -0.054728 0.498343
vn 0.002246 -0.999997 0.000000
vn -0.864067 -0.074517 0.497830
vn 0.002246 -0.999997 0.000000
vn -0.864975 -0.059024 0.498332
vn 0.002246 -0.999997 0.000000
vn 0.000163 -0.072535 -0.997366
vn 0.002246 -0.999997 0.000000
vn 0.002246 -0.999997 0.000000
vn 0.000128 -0.057050 -0.998371
vn -0.999997 -0.002246 0.000000
vn 0.214203 0.000481 -0.976789
vn 0.300714 0.000675 -0.953714
vn 0.464325 0.001043 -0.885664
vn 0.540757 0.001214 -0.841178
vn 0.676503 0.001519 -0.736438
vn 0.736448 0.001654 -0.676492
vn 0.841179 0.001889 -0.540754
vn 0.885657 0.001989 -0.464336
vn 0.953707 0.002142 -0.300728
vn 0.976787 0.002194 -0.214204
vn 0.999086 0.002244 -0.042690
vn 0.999086 0.002244 0.042690
vn 0.976787 0.002194 0.214203
vn 0.953708 0.002142 0.300726
vn 0.000000 0.000000 1.000000
vn 0.872695 0.001960 0.488261
vn 0.002246 -0.999997 0.000000
vn 0.865930 0.001945 -0.500161
vn 0.865930 0.001945 -0.500161
vn 0.865930 0.001945 -0.500161
vn 0.000000 0.000000 1.000000
vn 0.000000 0.000000 1.000000
vn 0.000000 0.000000 1.000000
vn 0.002246 -0.999997 0.000000
vn -0.882246 -0.001981 0.470784
vn -0.919142 -0.002064 0.393920
vn -0.972562 -0.002184 0.232635
vn -0.988994 -0.002221 0.147936
vn -0.999743 -0.002245 -0.022552
vn -0.994117 -0.002233 -0.108286
vn -0.961408 -0.002159 -0.275119
vn -0.934461 -0.002099 -0.356058
vn -0.860850 -0.001933 -0.508855
vn -0.814087 -0.001828 -0.580740
vn -0.703718 -0.001580 -0.710478
vn -0.639887 -0.001437 -0.768468
vn -0.499938 -0.001123 -0.866061
vn -0.424240 -0.000953 -0.905549
vn -0.264894 -0.000595 -0.964277
vn -0.180933 -0.000406 -0.983495
vn -0.011269 -0.000025 -0.999937
vn 0.074397 0.000167 -0.997229
vn 0.242004 0.000544 -0.970275
vn 0.000000 0.000000 1.000000
vn 0.479378 0.001077 -0.877608
vn 0.552964 0.001242 -0.833204
vn 0.686534 0.001542 -0.727096
vn 0.000000 0.000000 1.000000
vn 0.848418 0.001905 -0.529323
vn 0.890487 0.002000 -0.455004
vn 0.954731 0.002144 -0.297462
vn 0.976799 0.002194 -0.214146
vn 0.998981 0.002244 -0.045068
vn 0.999176 0.002244 0.040538
vn 0.977986 0.002196 0.208659
vn 0.956617 0.002148 0.291342
vn 0.893371 0.002006 0.449316
vn 0.002246 -0.999997 0.000000
vn 0.749683 0.001684 0.661794
vn 0.000000 0.000000 1.000000
vn 0.557121 0.001251 0.830430
vn 0.483790 0.001087 0.875183
vn 0.329044 0.000739 0.944314
vn 0.165487 0.000372 0.986212
vn 0.080372 0.000181 0.996765
vn 0.002246 -0.999997 0.000000
vn -0.176571 -0.000397 0.984288
vn -0.260700 -0.000586 0.965420
vn 0.002246 -0.999997 0.000000
vn 0.000163 -0.072535 -0.997366
vn 0.002246 -0.999997 0.000000
vn 0.002246 -0.999997 0.000000
vn 0.000128 -0.057050 -0.998371
vn -0.999997 -0.002246 0.000000
vn 0.002246 -0.999997 0.000000
vn 0.000128 -0.057050 -0.998371
vn -0.999997 -0.002246 0.000000
vn 0.000163 -0.072535 -0.997366
vn 0.002246 -0.999997 0.000000
vn 0.002246 -0.999997 0.000000
vn -0.215102 -0.000483 -0.976592
vn -0.299488 -0.000673 -0.954100
vn -0.460814 -0.001035 -0.887496
vn -0.538811 -0.001210 -0.842426
vn -0.676501 -0.001519 -0.736440
vn -0.736444 -0.001654 -0.676496
vn -0.841177 -0.001889 -0.540757
vn -0.885659 -0.001989 -0.464332
vn -0.953709 -0.002142 -0.300725
vn -0.976786 -0.002194 -0.214208
vn -0.999086 -0.002244 -0.042694
vn -0.999086 -0.002244 0.042694
vn -0.976786 -0.002237 0.214207
vn 0.002246 -0.999997 0.000000
vn 0.002246 -0.999997 0.000000
vn -0.872492 -0.001967 0.488625
vn -0.872287 -0.001959 0.488990
vn 0.002246 -0.999997 0.000000
vn -0.865711 -0.001944 0.500540
vn -0.877844 -0.001972 -0.478943
vn -0.869200 -0.001952 -0.494457
vn -0.017358 -0.000039 0.999849
vn -0.017358 -0.000039 0.999849
vn -0.215102 -0.000483 0.976592
vn -0.299488 -0.000673 0.954100
vn -0.460814 -0.001035 0.887496
vn -0.538811 -0.001210 0.842426
vn -0.676501 -0.001519 0.736440
vn -0.736444 -0.001654 0.676496
vn -0.841177 -0.001889 0.540757
vn -0.885659 -0.001989 0.464332
vn 0.000000 0.000000 1.000000
vn -0.976786 -0.002194 0.214208
vn -0.999086 -0.002244 0.042694
vn -0.999086 -0.002244 -0.042694
vn -0.976786 -0.002194 -0.214208
vn -0.966232 -0.002170 -0.257665
vn 0.002246 -0.999997 0.000000
vn 0.000082 -0.036379 0.999338
vn 0.000000 0.000000 1.000000
vn 0.000000 0.000000 1.000000
vn 0.017358 0.000039 0.999849
vn 0.000179 -0.079745 0.996815
vn 0.000000 0.000000 1.000000
vn 0.002246 -0.999997 0.000000
vn 0.000163 -0.072535 0.997366
vn 0.002246 -0.999997 0.000000
vn 0.002246 -0.999997 0.000000
vn 0.000128 -0.057050 0.998371
vn 0.999997 0.002246 0.000000
vn 0.214203 0.000481 0.976789
vn 0.300717 0.000675 0.953713
vn 0.464328 0.001043 0.885663
vn 0.540758 0.001214 0.841177
vn 0.676499 0.001519 0.736442
vn 0.736440 0.001654 0.676501
vn 0.841175 0.001889 0.540760
vn 0.885660 0.001989 0.464329
vn 0.953710 0.002142 0.300721
vn 0.976785 0.002194 0.214212
vn 0.999086 0.002244 0.042698
vn 0.999086 0.002244 -0.042698
vn 0.976785 0.002194 -0.214212
vn 0.002246 -0.999997 0.000000
vn 0.872695 0.001960 -0.488262
vn 0.872695 0.001960 -0.488262
vn 0.002246 -0.999997 0.000000
vn 0.865711 0.001944 -0.500540
vn 0.872695 0.001960 0.488261
vn 0.872695 0.001960 0.488261
vn 0.214203 0.000481 -0.976789
vn 0.300717 0.000675 -0.953713
vn 0.464328 0.001043 -0.885663
vn 0.540758 0.001214 -0.841177
vn 0.676499 0.001519 -0.736442
vn 0.736440 0.001654 -0.676501
vn 0.841175 0.001889 -0.540760
vn 0.885660 0.001989 -0.464329
vn 0.953710 0.002142 -0.300721
vn 0.976785 0.002194 -0.214212
vn 0.999086 0.002244 -0.042698
vn 0.999086 0.002244 0.042698
vn 0.002246 -0.999997 0.000000
vn 0.953710 0.002142 0.300719
vn 0.002246 -0.999997 0.000000
vn 0.000163 -0.072535 -0.997366
vn 0.002246 -0.999997 0.000000
vn 0.000128 -0.057050 -0.998371
vn 0.214210 0.000481 -0.976788
vn 0.300721 0.000675 -0.953712
vn 0.464326 0.001043 -0.885664
vn 0.540755 0.001214 -0.841179
vn 0.676499 0.001519 -0.736442
vn 0.736443 0.001654 -0.676497
vn 0.002246 -0.999997 0.000000
vn 0.002246 -0.999997 0.000000
vn 0.953709 0.002142 -0.300724
vn 0.000000 0.000000 1.000000
vn 0.999086 0.002244 -0.042694
vn 0.000000 0.000000 1.000000
vn 0.976786 0.002194 0.214208
vn 0.000000 0.000000 1.000000
vn 0.872695 0.001960 0.488261
vn 0.000000 0.000000 1.000000
vn 0.000000 0.000000 1.000000
vn 0.865575 0.001944 -0.500775
vn 0.002246 -0.999997 0.000000
vn 0.000163 -0.072535 -0.997366
vn 0.002246 -0.999997 0.000000
vn 0.000128 -0.057050 -0.998371
vn 0.002246 -0.999997 0.000000
vn -0.864067 -0.074516 -0.497831
vn 0.002246 -0.999997 0.000000
vn -0.864974 -0.059024 -0.498333
vn -0.390553 -0.006298 0.920559
vn 0.000000 0.000000 1.000000
vn 0.000000 0.000000 1.000000
vn 0.000000 0.000000 -1.000000
vn 0.000000 0.000000 1.000000
vn 0.000000 0.000000 1.000000
vn 0.000000 0.000000 -1.000000
vn 0.000000 0.000000 1.000000
vn 0.000000 0.000000 1.000000
vn -0.999997 -0.002246 0.000000
vn 0.000000 0.000000 1.000000
vn -0.999997 -0.002246 0.000000
vn 0.002196 -0.977630 -0.210321
vn 0.865843 0.001945 -0.500312
vn -0.999997 -0.002246 0.000000
vn -0.999997 -0.002246 0.000000
vn 0.000000 0.000000 1.000000
vn 0.002147 -0.956145 0.292887
vn 0.865843 0.001945 0.500312
vn 0.000000 0.000000 1.000000
vn 0.240368 -0.507019 -0.827741
vn 0.734284 -0.599230 -0.318982
vn 0.993146 -0.081525 -0.083755
vn 0.999997 0.002246 0.000000
vn 0.300669 -0.953729 0.000000
vn 0.176358 -0.962126 0.207872
vn 0.975420 -0.219429 0.020155
vn 0.277036 -0.960860 0.000000
vn 0.294670 -0.955599 0.000000
vn 0.511663 -0.859186 0.000000
vn 0.292529 -0.956257 0.000000
vn 0.999997 0.002246 0.000000
vn 0.000000 0.000000 1.000000
vn 0.000000 0.000000 1.000000
vn 0.000000 0.000000 1.000000
vn 0.865958 0.001945 -0.500113
vn -0.999997 -0.002246 0.000000
vn 0.000000 0.000000 1.000000
vn 0.000000 0.000000 1.000000
vn 0.865958 0.001945 -0.500113
vn 0.000000 0.000000 1.000000
vn 0.300908 0.000676 0.953653
vn 0.377370 0.000848 0.926062
vn 0.000000 0.000000 1.000000
vn 0.499976 0.001123 0.866039
vn 0.002246 -0.999997 0.000000
vn 0.002246 -0.999997 0.000000
vn 0.995542 0.002236 0.094299
vn 0.000000 0.000000 1.000000
vn 0.999877 0.002246 0.015558
vn 0.002246 -0.999997 0.000000
vn 0.975632 0.002191 -0.219401
vn 0.955305 0.002146 -0.295616
vn 0.897617 0.002016 -0.440772
vn 0.000000 0.000000 1.000000
vn 0.770383 0.001730 -0.637578
vn 0.000000 0.000000 1.000000
vn 0.599832 0.001347 -0.800125
vn 0.000000 0.000000 1.000000
vn -0.999997 -0.002246 0.000000
vn -0.999997 -0.002246 0.000000
vn 0.410325 0.000922 -0.911939
vn 0.349059 0.000784 -0.937100
vn 0.000000 0.000000 1.000000
vn 0.000000 0.000000 1.000000
vn 0.000000 0.000000 1.000000
vn 0.000000 0.000000 -1.000000
vn 0.000000 0.000000 1.000000
vn 0.000000 0.000000 -1.000000
vn -0.866065 -0.001945 0.499928
vn 0.999997 0.002246 0.000000
vn 0.999997 0.002246 0.000000
vn 0.000000 0.000000 -1.000000
vn 0.002246 -0.999997 0.000000
vn 0.002134 -0.950303 -0.311320
vn 0.000000 0.000000 1.000000
vn 0.999997 0.002246 0.000000
vn 0.000000 0.000000 1.000000
vn 0.000000 0.000000 1.000000
vn 0.002198 -0.978670 0.205426
vn 0.000000 0.000000 1.000000
vn 0.000000 0.000000 1.000000
vn -0.172057 -0.962899 -0.207900
vn -0.379813 -0.412096 -0.828202
vn -0.999997 -0.002246 0.000000
vn -0.974425 -0.223808 -0.020155
vn -0.238088 -0.508093 0.827741
vn -0.731586 -0.602522 0.318982
vn -0.866065 -0.001945 -0.499928
vn 0.000000 0.000000 1.000000
vn 0.999997 0.002246 0.000000
vn 0.000000 0.000000 1.000000
vn -0.377640 -0.000848 0.925952
vn -0.301352 -0.000677 0.953513
vn 0.000000 0.000000 1.000000
vn -0.866225 -0.001945 -0.499651
vn 0.999997 0.002246 0.000000
vn 0.002246 -0.999997 0.000000
vn -0.500135 -0.001123 0.865946
vn 0.000000 0.000000 1.000000
vn -0.535026 -0.001202 -0.844835
vn 0.000000 0.000000 1.000000
vn -0.717144 -0.001611 -0.696923
vn 0.000000 0.000000 1.000000
vn -0.860314 -0.001932 -0.509760
vn 0.000000 0.000000 1.000000
vn -0.955450 -0.002146 -0.295144
vn 0.002246 -0.999997 0.000000
vn -0.997993 -0.002241 -0.063282
vn -0.999884 -0.002246 0.015040
vn 0.000000 0.000000 1.000000
vn 0.000000 0.000000 1.000000
vn 0.000000 0.000000 1.000000
vn 0.000000 0.000000 1.000000
vn 0.999997 0.002246 0.000000
vn 0.999997 0.002246 0.000000
vn -0.349368 -0.000785 -0.936985
vn -0.411031 -0.000923 -0.911621
vn 0.000000 0.000000 1.000000
vn 0.000000 0.000000 1.000000
vn 0.002246 -0.999997 0.000000
vn 0.000000 0.000000 1.000000
vn 0.000000 0.000000 1.000000
vn 0.000000 0.000000 1.000000
vn -0.999997 -0.002246 0.000000
vn 0.000000 0.000000 1.000000
vn 0.377370 0.000848 -0.926062
vn 0.300908 0.000676 -0.953653
vn 0.000000 0.000000 1.000000
vn 0.865958 0.001945 0.500113
vn -0.999997 -0.002246 0.000000
vn 0.002246 -0.999997 0.000000
vn 0.000000 0.000000 -1.000000
vn -0.920027 0.391854 0.000000
vn 0.000000 0.000000 -1.000000
vn 0.000000 0.000000 1.000000
vn 0.000000 0.000000 -1.000000
vn 0.000000 0.000000 1.000000
vn 0.000000 0.000000 -1.000000
vn 0.000000 0.000000 -1.000000
vn 0.000000 0.000000 -1.000000
vn 0.000000 0.000000 -1.000000
vn 0.000000 0.000000 -1.000000
vn 0.000000 0.000000 1.000000
vn 0.000000 0.000000 -1.000000
vn 0.198287 0.980144 0.000000
vn 0.000000 0.000000 1.000000
vn 0.000000 0.000000 -1.000000
vn 0.000000 0.000000 1.000000
vn 0.635827 0.771832 0.000000
vn 0.000000 0.000000 -1.000000
vn -0.888772 0.458349 0.000000
vn -0.878173 0.478344 0.000000
vn -0.878173 0.478344 0.000000
vn 0.876015 0.482284 0.000000
vn 0.876015 0.482284 0.000000
vn 0.000000 0.000000 -1.000000
vn 0.907461 0.420137 0.000000
vn 0.000000 0.000000 1.000000
vn 0.000000 0.000000 1.000000
vn -0.928189 0.372109 0.000000
vn -0.955649 0.294508 0.000000
vn -0.991099 0.133129 0.000000
vn -0.998790 0.049179 0.000000
vn -0.993257 -0.115930 0.000000
vn -0.980348 -0.197275 0.000000
vn -0.934977 -0.354709 0.000000
vn -0.902497 -0.430697 0.000000
vn -0.819538 -0.573025 0.000000
vn -0.769007 -0.639241 0.000000
vn -0.706824 -0.707390 0.000000
vn 0.000000 0.000000 1.000000
vn 0.000000 0.000000 -1.000000
vn 0.000000 0.000000 1.000000
vn 0.000000 0.000000 1.000000
vn 0.000000 0.000000 -1.000000
vn 0.706519 -0.707694 0.000000
vn 0.000000 0.000000 1.000000
vn 0.481049 -0.876694 0.000000
vn 0.481049 -0.876694 0.000000
vn 0.376278 -0.926507 0.000000
vn 0.000000 0.000000 1.000000
vn 0.137761 -0.990466 0.000000
vn 0.053804 -0.998551 0.000000
vn -0.111775 -0.993734 0.000000
vn -0.193131 -0.981173 0.000000
vn -0.350507 -0.936560 0.000000
vn -0.426640 -0.904422 0.000000
vn -0.569340 -0.822102 0.000000
vn 0.000000 0.000000 -1.000000
vn 0.000000 0.000000 -1.000000
vn 0.421604 -0.906780 0.000000
vn 0.000000 0.000000 -1.000000
vn 0.396771 -0.917918 0.000000
vn 0.037277 0.999305 0.000000
vn 0.000000 0.000000 -1.000000
vn 0.000000 0.000000 -1.000000
vn 0.226335 0.974050 0.000000
vn 0.000000 0.000000 -1.000000
vn 0.411897 0.911230 0.000000
vn 0.463915 0.885880 0.000000
vn 0.000000 0.000000 1.000000
vn 0.373277 0.927720 0.000000
vn 0.293272 0.956029 0.000000
vn 0.131979 0.991253 0.000000
vn 0.050672 0.998715 0.000000
vn -0.113557 0.993532 0.000000
vn -0.196230 0.980558 0.000000
vn 0.000000 0.000000 -1.000000
vn -0.430698 0.902496 0.000000
vn -0.573027 0.819537 0.000000
vn -0.639242 0.769006 0.000000
vn -0.706955 0.707258 0.000000
vn 0.000000 0.000000 1.000000
vn 0.000000 0.000000 1.000000
vn 0.000000 0.000000 -1.000000
vn 0.707259 0.706955 0.000000
vn 0.703771 0.710427 0.000000
vn 0.000000 0.000000 -1.000000
vn -0.710427 0.703771 0.000000
vn -0.467890 0.883787 0.000000
vn -0.467890 0.883787 0.000000
vn -0.377440 0.926034 0.000000
vn 0.000000 0.000000 1.000000
vn -0.136430 0.990650 0.000000
vn -0.055158 0.998478 0.000000
vn 0.109093 0.994032 0.000000
vn 0.191824 0.981429 0.000000
vn 0.350507 0.936560 0.000000
vn 0.426640 0.904422 0.000000
vn 0.569339 0.822103 0.000000
vn 0.000000 0.000000 -1.000000
vn -0.392644 -0.919690 0.000000
vn 0.000000 0.000000 -1.000000
vn 0.000000 0.000000 -1.000000
vn -0.457646 -0.889135 0.000000
vn -0.477106 -0.878846 0.000000
vn 0.000000 0.000000 1.000000
vn 0.000000 0.000000 -1.000000
vn -0.355393 0.934717 0.000000
vn 0.000000 0.000000 -1.000000
vn -0.165611 0.986191 0.000000
vn 0.000000 0.000000 -1.000000
vn 0.000000 0.000000 1.000000
vn -0.372111 -0.928188 0.000000
vn -0.294510 -0.955649 0.000000
vn -0.133311 -0.991074 0.000000
vn -0.049318 -0.998783 0.000000
vn 0.000000 0.000000 1.000000
vn 0.197537 -0.980295 0.000000
vn 0.000000 0.000000 -1.000000
vn 0.430699 -0.902496 0.000000
vn 0.573026 -0.819537 0.000000
vn 0.639240 -0.769007 0.000000
vn -0.417824 -0.908528 0.000000
vn -0.557756 -0.830005 0.000000
vn -0.680828 -0.732444 0.000000
vn 0.000000 0.000000 -1.000000
vn -0.832778 -0.553607 0.000000
vn 0.000000 0.000000 -1.000000
vn -0.939649 -0.342141 0.000000
vn 0.000000 0.000000 1.000000
vn -0.993383 -0.114853 0.000000
vn 0.000000 0.000000 1.000000
vn -0.992554 0.121806 0.000000
vn -0.980030 0.198849 0.000000
vn -0.936824 0.349801 0.000000
vn -0.905933 0.423420 0.000000
vn 0.000000 0.000000 1.000000
vn -0.759572 0.650423 0.000000
vn 0.000000 0.000000 1.000000
vn -0.653828 0.756643 0.000000
vn -0.690802 0.723044 0.000000
vn 0.000000 0.000000 1.000000
vn 0.000000 0.000000 1.000000
vn -0.354474 0.935066 0.000000
vn 0.000000 0.000000 -1.000000
vn 0.000000 0.000000 -1.000000
vn 0.000000 0.000000 -1.000000
vn 0.110230 0.993906 0.000000
vn 0.000000 0.000000 -1.000000
vn 0.000000 0.000000 1.000000
vn 0.000000 0.000000 -1.000000
vn 0.000000 0.000000 -1.000000
vn 0.000000 0.000000 -1.000000
vn 0.000000 0.000000 1.000000
vn 0.000000 0.000000 -1.000000
vn 0.000000 0.000000 1.000000
vn -0.016444 0.999865 0.000000
vn -0.043511 0.999053 0.000000
vn -0.983128 0.182917 0.000000
vn 0.000000 0.000000 1.000000
vn -0.930990 0.365044 0.000000
vn -0.899723 0.436462 0.000000
vn -0.821742 0.569859 0.000000
vn 0.000000 0.000000 -1.000000
vn -0.669105 0.743168 0.000000
vn -0.610364 0.792121 0.000000
vn -0.483160 0.875532 0.000000
vn -0.414643 0.909984 0.000000
vn -0.269583 0.962977 0.000000
vn -0.192724 0.981253 0.000000
vn 0.000000 0.000000 -1.000000
vn -0.991899 0.127025 0.000000
vn -0.999997 -0.002246 0.000000
vn 0.000000 0.000000 -1.000000
vn 0.000000 0.000000 -1.000000
vn 0.886153 -0.463392 0.000000
vn 0.000000 0.000000 -1.000000
vn 0.956029 -0.293272 0.000000
vn 0.000000 0.000000 -1.000000
vn 0.998715 -0.050672 0.000000
vn 0.993532 0.113557 0.000000
vn 0.980558 0.196232 0.000000
vn 0.934976 0.354711 0.000000
vn 0.902496 0.430698 0.000000
vn 0.819538 0.573026 0.000000
vn 0.769007 0.639240 0.000000
vn 0.999995 -0.003029 0.000000
vn 0.000000 0.000000 -1.000000
vn 0.000000 0.000000 -1.000000
vn 0.974186 -0.225747 0.000000
vn 0.000000 0.000000 -1.000000
vn 0.911673 -0.410917 0.000000
vn 0.000000 0.000000 -1.000000
vn -0.884063 -0.467367 0.000000
vn 0.000000 0.000000 -1.000000
vn -0.934845 -0.355056 0.000000
vn 0.000000 0.000000 -1.000000
vn -0.986276 -0.165108 0.000000
vn 0.000000 0.000000 1.000000
vn 0.000000 0.000000 1.000000
vn -0.926508 -0.376275 0.000000
vn 0.000000 0.000000 -1.000000
vn -0.990466 -0.137761 0.000000
vn 0.000000 0.000000 -1.000000
vn -0.993734 0.111774 0.000000
vn -0.981173 0.193129 0.000000
vn -0.936561 0.350506 0.000000
vn -0.904422 0.426639 0.000000
vn -0.822103 0.569339 0.000000
vn 0.000000 0.000000 1.000000
vn -0.999997 -0.002246 0.000000
vn 0.000000 0.000000 -1.000000
vn 0.011937 0.999929 0.000000
vn 0.000000 0.000000 1.000000
vn 0.188315 0.982109 0.000000
vn 0.265255 0.964178 0.000000
vn 0.410552 0.911837 0.000000
vn 0.479223 0.877693 0.000000
vn 0.606800 0.794855 0.000000
vn 0.665758 0.746168 0.000000
vn 0.772141 0.635451 0.000000
vn 0.000000 0.000000 -1.000000
vn 0.897754 0.440498 0.000000
vn 0.929342 0.369221 0.000000
vn 0.000000 0.000000 -1.000000
vn 0.982324 0.187188 0.000000
vn 0.997507 0.070566 0.000000
vn 0.000000 0.000000 -1.000000
vn 0.000000 0.000000 -1.000000
vn 0.000000 0.000000 1.000000
vn 0.926034 0.377439 0.000000
vn 0.954702 0.297562 0.000000
vn 0.990674 0.136250 0.000000
vn 0.998486 0.055015 0.000000
vn 0.994064 -0.108794 0.000000
vn 0.000000 0.000000 1.000000
vn 0.936560 -0.350508 0.000000
vn 0.904422 -0.426640 0.000000
vn 0.822103 -0.569339 0.000000
vn 0.771870 -0.635780 0.000000
vn 0.000000 0.000000 -1.000000
vn 0.046116 -0.998936 0.000000
vn 0.000000 0.000000 -1.000000
vn 0.304412 -0.952540 0.000000
vn 0.000000 0.000000 -1.000000
vn 0.538769 -0.842454 0.000000
vn 0.000000 0.000000 -1.000000
vn 0.739293 -0.673384 0.000000
vn 0.000000 0.000000 -1.000000
vn 0.888579 -0.458724 0.000000
vn 0.000000 0.000000 -1.000000
vn 0.976847 -0.213938 0.000000
vn 0.000000 0.000000 -1.000000
vn 0.000000 0.000000 1.000000
vn 0.000000 0.000000 -1.000000
vn 0.953267 0.302130 0.000000
vn 0.000000 0.000000 -1.000000
vn 0.841882 0.539661 0.000000
vn 0.000000 0.000000 -1.000000
vn 0.674010 0.738722 0.000000
vn 0.000000 0.000000 -1.000000
vn 0.459240 0.888312 0.000000
vn 0.000000 0.000000 -1.000000
vn 0.213409 0.976963 0.000000
vn 0.041629 0.999133 0.000000
vn -0.046171 0.998934 0.000000
vn -0.218324 0.975876 0.000000
vn -0.302490 0.953153 0.000000
vn 0.000000 0.000000 1.000000
vn 0.000000 0.000000 1.000000
vn 0.000000 0.000000 -1.000000
vn -0.738722 0.674010 0.000000
vn -0.843730 0.536768 0.000000
vn -0.887287 0.461218 0.000000
vn -0.953898 0.300130 0.000000
vn 0.000000 0.000000 1.000000
vn 0.000000 0.000000 -1.000000
vn -0.991094 -0.133165 0.000000
vn 0.000000 0.000000 -1.000000
vn 0.000000 0.000000 1.000000
vn 0.000000 0.000000 -1.000000
vn 0.000000 0.000000 1.000000
vn 0.000000 0.000000 -1.000000
vn 0.000000 0.000000 1.000000
vn 0.000000 0.000000 -1.000000
vn 0.000000 0.000000 1.000000
vn 0.000000 0.000000 -1.000000
vn 0.000000 0.000000 1.000000
vn 0.000000 0.000000 1.000000
vn -0.046171 0.998934 0.000000
vn 0.000000 0.000000 -1.000000
vn -0.302491 0.953152 0.000000
vn 0.000000 0.000000 -1.000000
vn -0.539661 0.841882 0.000000
vn 0.000000 0.000000 -1.000000
vn -0.738722 0.674011 0.000000
vn 0.000000 0.000000 1.000000
vn -0.887286 0.461219 0.000000
vn 0.000000 0.000000 -1.000000
vn -0.976701 0.214603 0.000000
vn 0.000000 0.000000 -1.000000
vn 0.000000 0.000000 1.000000
vn 0.000000 0.000000 1.000000
vn -0.952425 -0.304773 0.000000
vn 0.000000 0.000000 -1.000000
vn -0.842039 -0.539417 0.000000
vn 0.000000 0.000000 -1.000000
vn -0.673324 -0.739347 0.000000
vn 0.000000 0.000000 -1.000000
vn -0.460230 -0.887800 0.000000
vn 0.000000 0.000000 -1.000000
vn -0.215138 -0.976584 0.000000
vn 0.000000 0.000000 -1.000000
vn 0.046116 -0.998936 0.000000
vn 0.000000 0.000000 -1.000000
vn 0.304412 -0.952541 0.000000
vn 0.000000 0.000000 -1.000000
vn 0.000000 0.000000 1.000000
vn 0.000000 0.000000 -1.000000
vn 0.000000 0.000000 1.000000
vn 0.000000 0.000000 -1.000000
vn 0.000000 0.000000 1.000000
vn 0.000000 0.000000 -1.000000
vn 0.000000 0.000000 1.000000
vn 0.999131 -0.041682 0.000000
vn 0.000000 0.000000 1.000000
vn 0.975995 0.217794 0.000000
vn 0.953266 0.302131 0.000000
vn 0.886240 0.463226 0.000000
vn 0.841882 0.539662 0.000000
vn 0.000000 0.000000 -1.000000
vn 0.000000 0.000000 1.000000
vn 0.000000 0.000000 1.000000
vn 0.000000 0.000000 1.000000
vn 0.000000 0.000000 1.000000
vn 0.213409 0.976963 0.000000
vn 0.000000 0.000000 1.000000
vn 0.000000 0.000000 -1.000000
vn -0.710166 0.704031 -0.002406
vn -0.620130 0.784499 0.000000
vn -0.610132 0.792300 0.000000
vn -0.463384 0.886157 0.000000
vn -0.303149 0.952943 0.000000
vn -0.218396 0.975860 0.000000
vn -0.045997 0.998942 0.000000
vn 0.041491 0.999139 0.000000
vn 0.213920 0.976851 0.000000
vn 0.298989 0.954257 0.000000
vn 0.459575 0.888139 0.000000
vn 0.535063 0.844812 0.000000
vn 0.673444 0.739238 0.000000
vn 0.000000 0.000000 -1.000000
vn 0.842400 0.538852 0.000000
vn 0.886066 0.463560 0.000000
vn 0.952904 0.303272 0.000000
vn 0.975881 0.218305 0.000000
vn 0.998942 0.045979 0.000000
vn 0.999138 -0.041510 0.000000
vn 0.976831 -0.214010 0.000000
vn 0.954295 -0.298866 0.000000
vn 0.888230 -0.459399 0.000000
vn 0.844689 -0.535258 0.000000
vn 0.736417 -0.676526 -0.001648
vn 0.780573 -0.625065 0.000000
vn 0.000000 0.000000 -1.000000
vn 0.529325 -0.848417 -0.001851
vn 0.448494 -0.893786 0.000000
vn 0.303272 -0.952904 0.000000
vn 0.218305 -0.975881 0.000000
vn 0.045979 -0.998942 0.000000
vn -0.041510 -0.999138 0.000000
vn -0.214010 -0.976831 0.000000
vn -0.298866 -0.954295 0.000000
vn -0.459737 -0.888055 0.000000
vn -0.535868 -0.844302 0.000000
vn -0.673892 -0.738830 0.000000
vn 0.000000 0.000000 1.000000
vn -0.842081 -0.539350 0.000000
vn -0.886334 -0.463047 0.000000
vn -0.953067 -0.302760 0.000000
vn -0.975769 -0.218805 0.000000
vn -0.998922 -0.046426 0.000000
vn -0.999121 0.041919 0.000000
vn -0.976761 0.214329 0.000000
vn -0.954379 0.298599 0.000000
vn 0.000000 0.000000 1.000000
vn -0.999959 0.009068 0.000000
vn -1.000000 0.000776 0.000000
vn 0.000000 0.000000 1.000000
vn -0.999997 -0.002246 0.000000
vn 0.999986 0.005218 0.000000
vn 0.999911 0.013371 0.000000
vn 0.976028 0.217644 0.000000
vn 0.953027 0.302886 0.000000
vn 0.886070 0.463552 0.000000
vn 0.842302 0.539006 0.000000
vn 0.736124 0.676847 0.000000
vn 0.673534 0.739156 0.000000
vn 0.535218 0.844714 0.000000
vn 0.459568 0.888143 0.000000
vn 0.298602 0.954378 0.000000
vn 0.213257 0.976996 0.000000
vn 0.041130 0.999154 0.000000
vn 0.000000 0.000000 1.000000
vn -0.217644 0.976028 0.000000
vn -0.302886 0.953027 0.000000
vn -0.463853 0.885912 0.000000
vn -0.539671 0.841876 0.000000
vn -0.677578 0.735451 0.000000
vn -0.739522 0.673133 0.000000
vn -0.844714 0.535217 0.000000
vn -0.888143 0.459568 0.000000
vn -0.954168 0.299271 0.000000
vn -0.976689 0.214659 0.000000
vn 0.999997 0.002246 0.000000
vn 0.000000 0.000000 1.000000
vn 0.935244 0.354003 0.000000
vn 0.000000 0.000000 1.000000
vn 0.000000 0.000000 1.000000
vn 0.000000 0.000000 1.000000
vn 0.650422 0.759573 0.000000
vn 0.000000 0.000000 1.000000
vn 0.000000 0.000000 1.000000
vn 0.000000 0.000000 1.000000
vn 0.000000 0.000000 1.000000
vn 0.000000 0.000000 1.000000
vn 0.000000 0.000000 1.000000
vn 0.000000 0.000000 1.000000
vn 0.000000 0.000000 1.000000
vn 0.000000 0.000000 1.000000
vn 0.000000 0.000000 1.000000
vn 0.000000 0.000000 1.000000
vn 0.000000 0.000000 1.000000
vn -0.878173 0.478344 0.000000
vn -0.928189 0.372109 0.000000
vn -0.991099 0.133129 0.000000
vn -0.993257 -0.115930 0.000000
vn -0.934977 -0.354709 0.000000
vn -0.819538 -0.573025 0.000000
vn -0.635781 -0.771870 0.000000
vn -0.426640 -0.904422 0.000000
vn -0.193131 -0.981173 0.000000
vn 0.941175 -0.337919 0.000000
vn 0.993889 -0.110388 0.000000
vn 0.991997 0.126263 0.000000
vn 0.053804 -0.998551 0.000000
vn 0.298800 -0.954316 0.000000
vn 0.481049 -0.876694 0.000000
vn 0.493025 -0.870015 0.000000
vn 0.684112 -0.729377 0.000000
vn 0.835257 -0.549860 0.000000
vn 0.876015 0.482284 0.000000
vn 0.000000 0.000000 1.000000
vn 0.000000 0.000000 1.000000
vn 0.000000 0.000000 1.000000
vn 0.000000 0.000000 1.000000
vn 0.000000 0.000000 1.000000
vn 0.000000 0.000000 1.000000
vn 0.573026 -0.819537 0.000000
vn -0.372111 -0.928188 0.000000
vn 0.000000 0.000000 1.000000
vn 0.000000 0.000000 1.000000
vn 0.000000 0.000000 1.000000
vn 0.000000 0.000000 1.000000
vn -0.772006 0.635616 0.000000
vn -0.905933 0.423420 0.000000
vn 0.000000 0.000000 1.000000
vn 0.000000 0.000000 1.000000
vn 0.000000 0.000000 1.000000
vn 0.000000 0.000000 1.000000
vn 0.000000 0.000000 1.000000
vn -0.477106 -0.878846 0.000000
vn 0.981479 -0.191568 0.000000
vn 0.904422 -0.426640 0.000000
vn 0.771870 -0.635780 0.000000
vn 0.998486 0.055015 0.000000
vn 0.954702 0.297562 0.000000
vn -0.980030 0.198849 0.000000
vn -0.999386 -0.035036 0.000000
vn -0.963304 -0.268413 0.000000
vn -0.874678 -0.484704 0.000000
vn -0.735576 -0.677442 0.000000
vn -0.557756 -0.830005 0.000000
vn 0.354711 -0.934976 0.000000
vn -0.133311 -0.991074 0.000000
vn 0.116238 -0.993221 0.000000
vn 0.000000 0.000000 1.000000
vn 0.000000 0.000000 1.000000
vn 0.000000 0.000000 1.000000
vn 0.000000 0.000000 1.000000
vn 0.000000 0.000000 1.000000
vn 0.000000 0.000000 1.000000
vn 0.000000 0.000000 1.000000
vn 0.000000 0.000000 1.000000
vn 0.000000 0.000000 1.000000
vn -0.467890 0.883787 0.000000
vn -0.297563 0.954702 0.000000
vn 0.000000 0.000000 1.000000
vn 0.000000 0.000000 1.000000
vn 0.000000 0.000000 1.000000
vn -0.016444 0.999865 0.000000
vn -0.192724 0.981253 0.000000
vn -0.414643 0.909984 0.000000
vn 0.886153 -0.463392 0.000000
vn 0.927720 -0.373276 0.000000
vn 0.991252 -0.131979 0.000000
vn 0.993532 0.113557 0.000000
vn 0.934976 0.354711 0.000000
vn 0.819538 0.573026 0.000000
vn -0.610364 0.792121 0.000000
vn -0.774990 0.631974 0.000000
vn -0.899723 0.436462 0.000000
vn 0.635780 0.771871 0.000000
vn 0.426640 0.904422 0.000000
vn -0.055158 0.998478 0.000000
vn 0.191824 0.981429 0.000000
vn -0.467890 0.883787 0.000000
vn 0.000000 0.000000 1.000000
vn -0.136430 0.990650 0.000000
vn 0.000000 0.000000 1.000000
vn 0.350507 0.936560 0.000000
vn 0.569339 0.822103 0.000000
vn 0.703771 0.710427 0.000000
vn -0.392644 -0.919690 0.000000
vn -0.417527 -0.908665 0.000000
vn -0.477106 -0.878846 0.000000
vn -0.415753 0.909477 0.000000
vn -0.230432 0.973088 0.000000
vn -0.041795 0.999126 0.000000
vn -0.294510 -0.955649 0.000000
vn -0.049318 -0.998783 0.000000
vn 0.197537 -0.980295 0.000000
vn 0.430699 -0.902496 0.000000
vn 0.000000 0.000000 1.000000
vn 0.706519 -0.707694 0.000000
vn -0.489113 -0.872220 0.000000
vn -0.680828 -0.732444 0.000000
vn -0.832778 -0.553607 0.000000
vn -0.939649 -0.342141 0.000000
vn -0.993383 -0.114853 0.000000
vn -0.992554 0.121806 0.000000
vn 0.000000 0.000000 1.000000
vn -0.796897 0.604115 0.000000
vn -0.639287 0.768968 0.000000
vn -0.726139 0.687548 0.000000
vn 0.000000 0.000000 1.000000
vn -0.202968 0.979185 0.000000
vn 0.000000 0.000000 1.000000
vn 0.000000 0.000000 1.000000
vn 0.000000 0.000000 1.000000
vn 0.000000 0.000000 1.000000
vn 0.000000 0.000000 1.000000
vn 0.918258 0.395983 0.000000
vn 0.000000 0.000000 1.000000
vn -0.983128 0.182917 0.000000
vn -0.930990 0.365044 0.000000
vn 0.000000 0.000000 1.000000
vn -0.669105 0.743168 0.000000
vn -0.483160 0.875532 0.000000
vn -0.269583 0.962977 0.000000
vn -0.997810 0.066141 0.000000
vn 0.991333 0.131375 0.000000
vn 0.000000 0.000000 1.000000
vn 0.999997 0.002246 0.000000
vn 0.000000 0.000000 1.000000
vn 0.876015 0.482284 0.000000
vn 0.926034 0.377439 0.000000
vn 0.990674 0.136250 0.000000
vn 0.994064 -0.108794 0.000000
vn 0.936560 -0.350508 0.000000
vn 0.822103 -0.569339 0.000000
vn 0.709995 -0.704207 0.000000
vn 0.982324 0.187188 0.000000
vn 0.000000 0.000000 1.000000
vn 0.011937 0.999929 0.000000
vn 0.038991 0.999240 0.000000
vn 0.188315 0.982109 0.000000
vn 0.265255 0.964178 0.000000
vn 0.410552 0.911837 0.000000
vn 0.479223 0.877693 0.000000
vn 0.606800 0.794855 0.000000
vn 0.665758 0.746168 0.000000
vn 0.000000 0.000000 1.000000
vn 0.819173 0.573546 0.000000
vn 0.897754 0.440498 0.000000
vn 0.929342 0.369221 0.000000
vn 0.000000 0.000000 1.000000
vn 0.000000 0.000000 1.000000
vn 0.000000 0.000000 1.000000
vn 0.000000 0.000000 1.000000
vn 0.999997 0.002246 0.000000
vn 0.000000 0.000000 1.000000
vn 0.000000 0.000000 1.000000
vn 0.000000 0.000000 1.000000
vn 0.980558 0.196232 0.000000
vn 0.902496 0.430698 0.000000
vn 0.000000 0.000000 1.000000
vn 0.707259 0.706955 0.000000
vn 0.986810 -0.161882 0.000000
vn 0.936634 -0.350310 0.000000
vn -0.884063 -0.467367 0.000000
vn 0.000000 0.000000 1.000000
vn -0.909350 -0.416033 0.000000
vn 0.000000 0.000000 1.000000
vn -0.973301 -0.229534 0.000000
vn 0.000000 0.000000 1.000000
vn -0.999972 -0.007423 0.000000
vn 0.000000 0.000000 1.000000
vn 0.000000 0.000000 1.000000
vn -0.954316 -0.298798 0.000000
vn 0.000000 0.000000 1.000000
vn -0.998551 -0.053804 0.000000
vn -0.993734 0.111774 0.000000
vn -0.981173 0.193129 0.000000
vn -0.936561 0.350506 0.000000
vn -0.904422 0.426639 0.000000
vn -0.822103 0.569339 0.000000
vn -0.771870 0.635780 0.000000
vn -0.710426 0.703772 0.000000
vn 0.000000 0.000000 1.000000
vn 0.000000 0.000000 1.000000
vn 0.000000 0.000000 1.000000
vn 0.463915 0.885880 0.000000
vn 0.463915 0.885880 0.000000
vn 0.373277 0.927720 0.000000
vn 0.293272 0.956029 0.000000
vn 0.131979 0.991253 0.000000
vn 0.000000 0.000000 1.000000
vn -0.113557 0.993532 0.000000
vn 0.000000 0.000000 1.000000
vn -0.354709 0.934977 0.000000
vn -0.430698 0.902496 0.000000
vn -0.573027 0.819537 0.000000
vn -0.639242 0.769006 0.000000
vn 0.481049 -0.876694 0.000000
vn 0.461635 -0.887070 0.000000
vn 0.396771 -0.917918 0.000000
vn 0.161279 0.986909 0.000000
vn 0.000000 0.000000 1.000000
vn 0.351600 0.936150 0.000000
vn 0.000000 0.000000 1.000000
vn 0.000000 0.000000 1.000000
vn 0.000000 0.000000 1.000000
vn -0.111775 -0.993734 0.000000
vn -0.350507 -0.936560 0.000000
vn -0.569340 -0.822102 0.000000
vn -0.703333 -0.710861 0.000000
vn 0.000000 0.000000 1.000000
vn -0.878173 0.478344 0.000000
vn -0.955649 0.294508 0.000000
vn -0.998790 0.049179 0.000000
vn 0.000000 0.000000 1.000000
vn -0.902497 -0.430697 0.000000
vn -0.769007 -0.639241 0.000000
vn 0.887435 0.460933 0.000000
vn 0.000000 0.000000 1.000000
vn -0.909002 0.416793 0.000000
vn 0.000000 0.000000 1.000000
vn 0.000000 0.000000 1.000000
vn 0.000000 0.000000 1.000000
vn 0.000000 0.000000 1.000000
vn -0.114852 0.993383 0.000000
vn 0.000000 0.000000 1.000000
vn 0.349332 0.936999 0.000000
vn 0.000000 0.000000 1.000000
vn 0.756643 0.653828 0.000000
vn 0.687547 0.726140 0.000000
vn 0.904023 0.427484 0.000000
vn 0.979127 0.203247 0.000000
vn 0.000000 0.000000 1.000000
vn 0.000000 0.000000 1.000000
vn 0.000000 0.000000 1.000000
vn 0.000000 0.000000 1.000000
vn 0.000000 0.000000 1.000000
vn 0.000000 0.000000 1.000000
vn 0.794175 0.607689 0.000000
vn 0.769143 0.639077 0.000000
vn 0.723043 0.690803 0.000000
vn 0.000000 0.000000 1.000000
vn 0.904023 0.427484 0.000000
vn 0.000000 0.000000 -1.000000
vn 0.979127 0.203247 0.000000
vn 0.991997 0.126263 0.000000
vn 0.999533 -0.030545 0.000000
vn 0.993889 -0.110388 0.000000
vn 0.964500 -0.264084 0.000000
vn 0.000000 0.000000 -1.000000
vn 0.876846 -0.480772 0.000000
vn 0.000000 0.000000 -1.000000
vn 0.738613 -0.674130 0.000000
vn 0.000000 0.000000 1.000000
vn 0.625931 -0.779878 0.000000
vn 0.000000 0.000000 1.000000
vn 0.000000 0.000000 -1.000000
vn -0.999959 0.009068 0.000000
vn -1.000000 0.000776 0.000000
vn -0.999997 -0.002246 0.000000
vn 0.000000 0.000000 -1.000000
vn 0.999986 0.005218 0.000000
vn 0.999911 0.013371 0.000000
vn 0.976028 0.217644 0.000000
vn 0.953027 0.302886 0.000000
vn 0.886070 0.463552 0.000000
vn 0.842302 0.539006 0.000000
vn 0.736124 0.676847 0.000000
vn 0.673534 0.739156 0.000000
vn 0.535218 0.844714 0.000000
vn 0.459568 0.888143 0.000000
vn 0.298602 0.954378 0.000000
vn 0.213257 0.976996 0.000000
vn 0.000000 0.000000 -1.000000
vn -0.045617 0.998959 0.000000
vn -0.217644 0.976028 0.000000
vn -0.302886 0.953027 0.000000
vn -0.463853 0.885912 0.000000
vn -0.539671 0.841876 0.000000
vn -0.677578 0.735451 0.000000
vn -0.739522 0.673133 0.000000
vn -0.844714 0.535217 0.000000
vn -0.888143 0.459568 0.000000
vn -0.954168 0.299271 0.000000
vn -0.976689 0.214659 0.000000
vn 0.000000 0.000000 -1.000000
vn 0.999997 0.002246 0.000000
vn 0.492759 -0.870165 0.001368
vn 0.000000 0.000000 1.000000
vn 0.000000 0.000000 1.000000
vn 0.787276 -0.616600 0.000000
vn 0.844689 -0.535258 0.000000
vn 0.888230 -0.459399 0.000000
vn 0.954295 -0.298866 0.000000
vn 0.976831 -0.214010 0.000000
vn 0.999138 -0.041510 0.000000
vn 0.998942 0.045979 0.000000
vn 0.975881 0.218305 0.000000
vn 0.000000 0.000000 1.000000
vn 0.886066 0.463560 0.000000
vn 0.842400 0.538852 0.000000
vn 0.736205 0.676758 0.000000
vn 0.000000 0.000000 1.000000
vn 0.000000 0.000000 1.000000
vn 0.459575 0.888139 0.000000
vn 0.298989 0.954257 0.000000
vn 0.213920 0.976851 0.000000
vn 0.041491 0.999139 0.000000
vn -0.045997 0.998942 0.000000
vn -0.218396 0.975860 0.000000
vn -0.303149 0.952943 0.000000
vn 0.000000 0.000000 1.000000
vn -0.539046 0.842277 0.000000
vn -0.679827 0.733370 0.001648
vn -0.628565 0.777757 0.000000
vn 0.000000 0.000000 1.000000
vn -0.850989 0.525180 0.001852
vn -0.896153 0.443746 0.000000
vn -0.954379 0.298599 0.000000
vn -0.976761 0.214329 0.000000
vn -0.999121 0.041919 0.000000
vn -0.998922 -0.046426 0.000000
vn -0.975769 -0.218805 0.000000
vn -0.953067 -0.302760 0.000000
vn -0.886334 -0.463047 0.000000
vn -0.842081 -0.539350 0.000000
vn 0.000000 0.000000 1.000000
vn -0.673892 -0.738830 0.000000
vn -0.535868 -0.844302 0.000000
vn 0.000000 0.000000 1.000000
vn -0.298866 -0.954295 0.000000
vn -0.214010 -0.976831 0.000000
vn -0.041510 -0.999138 0.000000
vn 0.045979 -0.998942 0.000000
vn 0.218305 -0.975881 0.000000
vn 0.303272 -0.952904 0.000000
vn 0.000000 0.000000 1.000000
vn 0.041629 0.999133 0.000000
vn 0.000000 0.000000 1.000000
vn -0.218325 0.975876 0.000000
vn 0.000000 0.000000 1.000000
vn -0.463225 0.886241 0.000000
vn 0.000000 0.000000 1.000000
vn -0.677321 0.735688 0.000000
vn 0.000000 0.000000 1.000000
vn -0.843730 0.536769 0.000000
vn 0.000000 0.000000 1.000000
vn -0.953898 0.300130 0.000000
vn 0.000000 0.000000 1.000000
vn 0.000000 0.000000 1.000000
vn 0.000000 0.000000 1.000000
vn -0.975608 -0.219520 0.000000
vn 0.000000 0.000000 1.000000
vn -0.885476 -0.464685 0.000000
vn 0.000000 0.000000 1.000000
vn -0.736260 -0.676699 0.000000
vn 0.000000 0.000000 1.000000
vn -0.534979 -0.844866 0.000000
vn 0.000000 0.000000 1.000000
vn -0.300493 -0.953784 0.000000
vn 0.000000 0.000000 1.000000
vn -0.041684 -0.999131 0.000000
vn 0.000000 0.000000 1.000000
vn 0.000000 0.000000 -1.000000
vn 0.000000 0.000000 1.000000
vn 0.000000 0.000000 1.000000
vn 0.000000 0.000000 1.000000
vn 0.000000 0.000000 1.000000
vn 0.000000 0.000000 1.000000
vn 0.000000 0.000000 1.000000
vn 0.000000 0.000000 1.000000
vn 0.000000 0.000000 1.000000
vn 0.000000 0.000000 1.000000
vn 0.991683 -0.128708 0.000000
vn 0.000000 0.000000 1.000000
vn 0.000000 0.000000 -1.000000
vn 0.953266 0.302131 0.000000
vn 0.886240 0.463226 0.000000
vn 0.841882 0.539662 0.000000
vn 0.735687 0.677322 0.000000
vn 0.674010 0.738723 0.000000
vn 0.000000 0.000000 -1.000000
vn 0.000000 0.000000 1.000000
vn 0.297846 0.954614 0.000000
vn 0.000000 0.000000 1.000000
vn -0.041684 -0.999131 0.000000
vn 0.000000 0.000000 1.000000
vn 0.218990 -0.975727 0.000000
vn 0.000000 0.000000 1.000000
vn 0.464213 -0.885724 0.000000
vn 0.000000 0.000000 1.000000
vn 0.676639 -0.736315 0.000000
vn 0.000000 0.000000 1.000000
vn 0.845020 -0.534735 0.000000
vn 0.000000 0.000000 1.000000
vn 0.954502 -0.298205 0.000000
vn 0.000000 0.000000 1.000000
vn 0.000000 0.000000 1.000000
vn 0.000000 0.000000 1.000000
vn 0.975995 0.217795 0.000000
vn 0.000000 0.000000 1.000000
vn 0.886241 0.463225 0.000000
vn 0.000000 0.000000 1.000000
vn 0.735687 0.677322 0.000000
vn 0.000000 0.000000 1.000000
vn 0.535875 0.844298 0.000000
vn 0.000000 0.000000 1.000000
vn 0.297846 0.954614 0.000000
vn 0.000000 0.000000 1.000000
vn 0.041629 0.999133 0.000000
vn 0.000000 0.000000 1.000000
vn -0.218324 0.975876 0.000000
vn -0.302490 0.953153 0.000000
vn 0.000000 0.000000 1.000000
vn 0.000000 0.000000 1.000000
vn 0.000000 0.000000 -1.000000
vn 0.000000 0.000000 1.000000
vn -0.843730 0.536768 0.000000
vn 0.000000 0.000000 1.000000
vn -0.953898 0.300130 0.000000
vn -0.976701 0.214605 0.000000
vn 0.000000 0.000000 -1.000000
vn -0.998934 -0.046171 0.000000
vn 0.000000 0.000000 1.000000
vn 0.000000 0.000000 1.000000
vn 0.000000 0.000000 1.000000
vn 0.000000 0.000000 1.000000
vn 0.000000 0.000000 1.000000
vn 0.000000 0.000000 1.000000
vn 0.000000 0.000000 -1.000000
vn 0.000000 0.000000 1.000000
vn -0.300492 -0.953784 0.000000
vn 0.000000 0.000000 1.000000
vn 0.999997 0.002246 0.000000
vn 0.999997 0.002246 0.000000
vn 0.174727 0.186434 0.966806
vn 0.600890 0.799299 0.007209
vn -0.001963 0.874155 0.485643
vn -0.395983 0.918258 0.000000
vn -0.263048 -0.000591 0.964783
vn -0.001113 0.495578 0.868563
vn -0.000896 0.399024 0.916940
vn -0.001904 0.847662 0.530533
vn -0.001014 0.451697 0.892171
vn -0.000453 0.201593 0.979469
vn -0.999997 -0.002246 0.000000
vn -0.999997 -0.002246 0.000000
vn -0.999997 -0.002246 0.000000
vn -0.604474 0.796592 -0.007209
vn -0.043927 -0.000099 0.999035
vn 0.215602 0.000484 0.976481
vn 0.461232 0.001036 0.887279
vn 0.675666 0.001517 0.737206
vn 0.843453 0.001894 0.537199
vn 0.954053 0.002143 0.299630
vn 0.991388 0.002227 0.130939
vn 0.976421 0.002193 -0.215866
vn 0.887810 0.001994 -0.460206
vn 0.737204 0.001656 -0.675668
vn 0.537768 0.001208 -0.843092
vn 0.299989 0.000674 -0.953942
vn 0.002246 -0.999997 0.000000
vn -0.216130 -0.000485 -0.976365
vn -0.461233 -0.001036 -0.887278
vn -0.675666 -0.001517 -0.737206
vn -0.842883 -0.001893 -0.538093
vn 0.002246 -0.999997 0.000000
vn -0.999030 -0.002244 -0.043983
vn -0.976155 -0.002192 0.217064
vn -0.886784 -0.001992 0.462181
vn -0.737205 -0.001656 0.675667
vn -0.537768 -0.001208 0.843092
vn 0.002246 -0.999997 0.000000
vn 0.002246 -0.999997 0.000000
vn 0.215602 0.000484 0.976481
vn 0.461232 0.001036 0.887279
vn 0.675666 0.001517 0.737207
vn 0.843453 0.001894 0.537199
vn 0.954053 0.002143 0.299630
vn 0.999030 0.002244 0.043983
vn 0.976421 0.002193 -0.215866
vn 0.887810 0.001994 -0.460206
vn 0.737204 0.001656 -0.675669
vn 0.537768 0.001208 -0.843092
vn 0.299989 0.000674 -0.953942
vn 0.000000 0.000000 1.000000
vn -0.216130 -0.000485 -0.976365
vn -0.461234 -0.001036 -0.887278
vn -0.675666 -0.001517 -0.737206
vn -0.842883 -0.001893 -0.538093
vn -0.953334 -0.002141 -0.301911
vn -0.999030 -0.002244 -0.043981
vn -0.976155 -0.002192 0.217062
vn -0.886783 -0.001992 0.462181
vn -0.737205 -0.001656 0.675667
vn -0.537768 -0.001208 0.843092
vn -0.300347 -0.000675 0.953830
vn -0.043927 -0.000099 0.999035
vn 0.215602 0.000484 0.976481
vn 0.461232 0.001036 0.887279
vn 0.675666 0.001517 0.737207
vn 0.002246 -0.999997 0.000000
vn 0.000000 0.000000 1.000000
vn 0.999030 0.002244 0.043981
vn 0.000000 0.000000 1.000000
vn 0.887809 0.001994 -0.460208
vn 0.737204 0.001656 -0.675669
vn 0.537768 0.001208 -0.843092
vn 0.299989 0.000674 -0.953943
vn 0.002246 -0.999997 0.000000
vn -0.216131 -0.000485 -0.976364
vn -0.461233 -0.001036 -0.887278
vn -0.675665 -0.001517 -0.737207
vn -0.842883 -0.001893 -0.538093
vn 0.002246 -0.999997 0.000000
vn -0.999030 -0.002244 -0.043981
vn 0.000000 0.000000 1.000000
vn -0.886783 -0.001992 0.462181
vn -0.737205 -0.001656 0.675667
vn 0.002246 -0.999997 0.000000
vn -0.300348 -0.000675 0.953829
vn -0.043926 -0.000099 0.999035
vn 0.002246 -0.999997 0.000000
vn 0.461234 0.001036 0.887278
vn 0.675666 0.001517 0.737207
vn 0.843453 0.001894 0.537200
vn 0.954053 0.002143 0.299629
vn 0.991388 0.002227 0.130938
vn 0.976420 0.002193 -0.215867
vn 0.887810 0.001994 -0.460206
vn 0.737205 0.001656 -0.675667
vn 0.537768 0.001208 -0.843092
vn 0.299988 0.000674 -0.953943
vn 0.000000 0.000000 1.000000
vn -0.216131 -0.000485 -0.976364
vn -0.461232 -0.001036 -0.887279
vn -0.675667 -0.001517 -0.737206
vn 0.000000 0.000000 1.000000
vn -0.953334 -0.002141 -0.301911
vn -0.999030 -0.002244 -0.043983
vn -0.976155 -0.002192 0.217063
vn -0.886783 -0.001992 0.462181
vn -0.737204 -0.001656 0.675668
vn -0.537769 -0.001208 0.843092
vn 0.000000 0.000000 1.000000
vn -0.043926 -0.000099 0.999035
vn 0.000000 0.000000 1.000000
vn 0.461233 0.001036 0.887278
vn 0.675665 0.001517 0.737207
vn 0.843453 0.001894 0.537200
vn 0.954053 0.002143 0.299629
vn 0.999030 0.002244 0.043983
vn 0.976420 0.002193 -0.215867
vn 0.887810 0.001994 -0.460206
vn 0.737205 0.001656 -0.675667
vn 0.537767 0.001208 -0.843093
vn 0.299988 0.000674 -0.953943
vn 0.002246 -0.999997 0.000000
vn -0.216131 -0.000485 -0.976364
vn -0.461232 -0.001036 -0.887279
vn -0.675667 -0.001517 -0.737206
vn -0.842884 -0.001893 -0.538092
vn -0.953334 -0.002141 -0.301911
vn -0.999030 -0.002244 -0.043981
vn -0.976155 -0.002192 0.217062
vn 0.002246 -0.999997 0.000000
vn -0.737204 -0.001656 0.675668
vn -0.537769 -0.001208 0.843091
vn 0.000000 0.000000 1.000000
vn -0.043926 -0.000099 0.999035
vn 0.215600 0.000484 0.976482
vn 0.461233 0.001036 0.887278
vn 0.675665 0.001517 0.737207
vn 0.002246 -0.999997 0.000000
vn 0.002246 -0.999997 0.000000
vn 0.999030 0.002244 0.043981
vn 0.976421 0.002193 -0.215866
vn 0.002246 -0.999997 0.000000
vn 0.737205 0.001656 -0.675667
vn 0.537767 0.001208 -0.843093
vn 0.299988 0.000674 -0.953943
vn 0.043872 0.000099 -0.999037
vn 0.000000 0.000000 1.000000
vn -0.461232 -0.001036 -0.887279
vn -0.675666 -0.001517 -0.737207
vn 0.000000 0.000000 1.000000
vn -0.953334 -0.002141 -0.301911
vn -0.999030 -0.002244 -0.043981
vn -0.976155 -0.002192 0.217062
vn -0.886783 -0.001992 0.462182
vn -0.737204 -0.001656 0.675669
vn -0.537768 -0.001208 0.843092
vn 0.000000 0.000000 1.000000
vn -0.043927 -0.000099 0.999035
vn 0.000000 0.000000 1.000000
vn 0.215603 0.000484 0.976481
vn 0.000000 0.000000 1.000000
vn 0.461234 0.001036 0.887278
vn 0.000000 0.000000 1.000000
vn 0.676348 0.001519 0.736581
vn 0.000000 0.000000 1.000000
vn 0.843814 0.001895 0.536633
vn 0.000000 0.000000 1.000000
vn 0.953827 0.002142 0.300350
vn 0.000000 0.000000 1.000000
vn 0.002246 -0.999997 0.000000
vn 0.000000 0.000000 1.000000
vn 0.976362 0.002193 -0.216133
vn 0.000000 0.000000 1.000000
vn 0.887543 0.001993 -0.460721
vn 0.000000 0.000000 1.000000
vn 0.738348 0.001658 -0.674418
vn 0.000000 0.000000 1.000000
vn 0.537769 0.001208 -0.843091
vn 0.000000 0.000000 1.000000
vn 0.299990 0.000674 -0.953942
vn 0.000000 0.000000 1.000000
vn 0.043872 0.000099 -0.999037
vn 0.000000 0.000000 1.000000
vn -0.216132 -0.000485 -0.976364
vn 0.000000 0.000000 1.000000
vn -0.461233 -0.001036 -0.887278
vn 0.000000 0.000000 1.000000
vn -0.676347 -0.001519 -0.736582
vn 0.000000 0.000000 1.000000
vn -0.843246 -0.001894 -0.537524
vn 0.000000 0.000000 1.000000
vn -0.953105 -0.002141 -0.302633
vn 0.000000 0.000000 1.000000
vn 0.000000 0.000000 1.000000
vn 0.000000 0.000000 1.000000
vn -0.976096 -0.002192 0.217329
vn 0.000000 0.000000 1.000000
vn -0.886516 -0.001991 0.462694
vn 0.000000 0.000000 1.000000
vn -0.738347 -0.001658 0.674419
vn 0.000000 0.000000 1.000000
vn -0.537768 -0.001208 0.843092
vn 0.000000 0.000000 1.000000
vn -0.300350 -0.000675 0.953829
vn 0.000000 0.000000 1.000000
vn -0.043927 -0.000099 0.999035
vn 0.000000 0.000000 1.000000
vn 0.215604 0.000484 0.976481
vn 0.000000 0.000000 1.000000
vn 0.461233 0.001036 0.887278
vn 0.000000 0.000000 1.000000
vn 0.676347 0.001519 0.736582
vn 0.000000 0.000000 1.000000
vn 0.843814 0.001895 0.536633
vn 0.000000 0.000000 1.000000
vn 0.953827 0.002142 0.300349
vn 0.000000 0.000000 1.000000
vn 0.000000 0.000000 1.000000
vn 0.000000 0.000000 1.000000
vn 0.976362 0.002193 -0.216131
vn 0.000000 0.000000 1.000000
vn 0.887543 0.001993 -0.460721
vn 0.000000 0.000000 1.000000
vn 0.738347 0.001658 -0.674419
vn 0.000000 0.000000 1.000000
vn 0.537768 0.001208 -0.843092
vn 0.000000 0.000000 1.000000
vn 0.299990 0.000674 -0.953942
vn 0.000000 0.000000 1.000000
vn 0.043872 0.000099 -0.999037
vn 0.000000 0.000000 1.000000
vn -0.216132 -0.000485 -0.976364
vn 0.000000 0.000000 1.000000
vn -0.461233 -0.001036 -0.887278
vn 0.000000 0.000000 1.000000
vn -0.676347 -0.001519 -0.736582
vn 0.000000 0.000000 1.000000
vn 0.000000 0.000000 1.000000
vn 0.000000 0.000000 1.000000
vn 0.002246 -0.999997 0.000000
vn 0.000000 0.000000 1.000000
vn -0.999030 -0.002244 -0.043983
vn 0.000000 0.000000 1.000000
vn -0.976096 -0.002192 0.217329
vn 0.000000 0.000000 1.000000
vn 0.000000 0.000000 1.000000
vn 0.000000 0.000000 1.000000
vn -0.738347 -0.001658 0.674419
vn 0.000000 0.000000 1.000000
vn -0.537768 -0.001208 0.843092
vn 0.000000 0.000000 1.000000
vn -0.300349 -0.000675 0.953829
vn 0.000000 0.000000 1.000000
vn -0.043927 -0.000099 0.999035
vn 0.000000 0.000000 1.000000
vn 0.215603 0.000484 0.976481
vn 0.000000 0.000000 1.000000
vn 0.461234 0.001036 0.887278
vn 0.000000 0.000000 1.000000
vn 0.676348 0.001519 0.736581
vn 0.000000 0.000000 1.000000
vn 0.843814 0.001895 0.536633
vn 0.000000 0.000000 1.000000
vn 0.953827 0.002142 0.300351
vn 0.000000 0.000000 1.000000
vn 0.002246 -0.999997 0.000000
vn 0.000000 0.000000 1.000000
vn 0.976362 0.002193 -0.216132
vn 0.000000 0.000000 1.000000
vn 0.887543 0.001993 -0.460721
vn 0.000000 0.000000 1.000000
vn 0.738348 0.001658 -0.674418
vn 0.000000 0.000000 1.000000
vn 0.537769 0.001208 -0.843091
vn 0.000000 0.000000 1.000000
vn 0.299990 0.000674 -0.953942
vn 0.000000 0.000000 1.000000
vn 0.043872 0.000099 -0.999037
vn 0.000000 0.000000 1.000000
vn -0.216132 -0.000485 -0.976364
vn 0.000000 0.000000 1.000000
vn -0.461233 -0.001036 -0.887278
vn 0.000000 0.000000 1.000000
vn -0.676347 -0.001519 -0.736582
vn 0.000000 0.000000 1.000000
vn -0.843246 -0.001894 -0.537524
vn 0.000000 0.000000 1.000000
vn -0.953105 -0.002141 -0.302633
vn 0.000000 0.000000 1.000000
vn 0.000000 0.000000 1.000000
vn 0.000000 0.000000 1.000000
vn -0.976096 -0.002192 0.217329
vn 0.000000 0.000000 1.000000
vn -0.886516 -0.001991 0.462694
vn 0.000000 0.000000 1.000000
vn -0.738347 -0.001658 0.674419
vn 0.000000 0.000000 1.000000
vn -0.537768 -0.001208 0.843092
vn 0.000000 0.000000 1.000000
vn -0.300350 -0.000675 0.953829
vn 0.000000 0.000000 1.000000
vn -0.043927 -0.000099 0.999035
vn 0.000000 0.000000 1.000000
vn 0.215604 0.000484 0.976481
vn 0.000000 0.000000 1.000000
vn 0.461233 0.001036 0.887278
vn 0.000000 0.000000 1.000000
vn 0.676347 0.001519 0.736582
vn 0.000000 0.000000 1.000000
vn 0.843814 0.001895 0.536633
vn 0.000000 0.000000 1.000000
vn 0.953827 0.002142 0.300349
vn 0.000000 0.000000 1.000000
vn 0.000000 0.000000 1.000000
vn 0.000000 0.000000 1.000000
vn 0.976362 0.002193 -0.216130
vn 0.000000 0.000000 1.000000
vn 0.887543 0.001993 -0.460721
vn 0.000000 0.000000 1.000000
vn 0.738347 0.001658 -0.674419
vn 0.000000 0.000000 1.000000
vn 0.537768 0.001208 -0.843092
vn 0.000000 0.000000 1.000000
vn 0.299990 0.000674 -0.953942
vn 0.000000 0.000000 1.000000
vn 0.043872 0.000099 -0.999037
vn 0.000000 0.000000 1.000000
vn -0.216132 -0.000485 -0.976364
vn 0.000000 0.000000 1.000000
vn -0.461233 -0.001036 -0.887278
vn 0.000000 0.000000 1.000000
vn -0.676347 -0.001519 -0.736582
vn 0.000000 0.000000 1.000000
vn 0.000000 0.000000 1.000000
vn 0.000000 0.000000 1.000000
vn 0.002246 -0.999997 0.000000
vn 0.000000 0.000000 1.000000
vn -0.999030 -0.002244 -0.043983
vn 0.000000 0.000000 1.000000
vn -0.976096 -0.002192 0.217329
vn 0.000000 0.000000 1.000000
vn 0.000000 0.000000 1.000000
vn 0.000000 0.000000 1.000000
vn -0.738347 -0.001658 0.674419
vn 0.000000 0.000000 1.000000
vn -0.537768 -0.001208 0.843092
vn 0.000000 0.000000 1.000000
vn -0.300349 -0.000675 0.953829
vn 0.000000 0.000000 1.000000
vn 0.999030 0.002244 0.043981
vn 0.954053 0.002143 0.299631
vn 0.843453 0.001894 0.537200
vn 0.675665 0.001517 0.737207
vn 0.381691 0.000857 0.924290
vn 0.130455 0.000293 0.991454
vn -0.130938 -0.000294 0.991391
vn -0.381691 -0.000857 0.924290
vn -0.607723 -0.001365 0.794148
vn -0.794569 -0.001785 0.607171
vn -0.887296 -0.001993 0.461196
vn -0.976155 -0.002192 0.217062
vn 0.000000 0.000000 1.000000
vn -0.953105 -0.002141 -0.302634
vn -0.844382 -0.001896 -0.535739
vn -0.675721 -0.001518 -0.737156
vn -0.460719 -0.001035 -0.887546
vn -0.216132 -0.000485 -0.976364
vn 0.043872 0.000099 -0.999037
vn 0.299990 0.000674 -0.953942
vn 0.537767 0.001208 -0.843093
vn 0.738347 0.001658 -0.674419
vn 0.887543 0.001993 -0.460721
vn 0.976362 0.002193 -0.216130
vn 0.991388 0.002227 0.130935
vn 0.953334 0.002141 0.301911
vn 0.842884 0.001893 0.538093
vn 0.675666 0.001517 0.737206
vn 0.461233 0.001036 0.887278
vn 0.130938 0.000294 0.991391
vn -0.130454 -0.000293 0.991454
vn -0.381690 -0.000857 0.924290
vn -0.609528 -0.001369 0.792763
vn -0.792761 -0.001780 0.609530
vn -0.923515 -0.002074 0.383558
vn -0.991867 -0.002228 0.127260
vn -0.991867 -0.002228 -0.127260
vn -0.922964 -0.002073 -0.384881
vn -0.794144 -0.001784 -0.607727
vn -0.609528 -0.001369 -0.792763
vn -0.461233 -0.001036 -0.887278
vn -0.215603 -0.000484 -0.976481
vn 0.043927 0.000099 -0.999035
vn 0.300349 0.000675 -0.953829
vn 0.537768 0.001208 -0.843092
vn 0.738348 0.001658 -0.674418
vn 0.886515 0.001991 -0.462696
vn 0.976096 0.002192 -0.217328
vn 0.999030 0.002244 0.043981
vn 0.953827 0.002142 0.300349
vn 0.843814 0.001895 0.536632
vn 0.676346 0.001519 0.736582
vn 0.461233 0.001036 0.887279
vn 0.215604 0.000484 0.976481
vn -0.043927 -0.000099 0.999035
vn -0.300349 -0.000675 0.953829
vn -0.536629 -0.001205 0.843817
vn -0.738972 -0.001660 0.673734
vn -0.887029 -0.001992 0.461709
vn -0.976096 -0.002192 0.217328
vn 0.000000 0.000000 1.000000
vn -0.953334 -0.002141 -0.301911
vn -0.844021 -0.001896 -0.536306
vn -0.675039 -0.001516 -0.737780
vn 0.000000 0.000000 1.000000
vn -0.130938 -0.000294 -0.991391
vn 0.130455 0.000293 -0.991454
vn 0.381691 0.000857 -0.924290
vn 0.000000 0.000000 1.000000
vn 0.737204 0.001656 -0.675668
vn 0.887809 0.001994 -0.460208
vn 0.976421 0.002193 -0.215865
vn 0.000000 0.000000 1.000000
vn 0.953105 0.002141 0.302634
vn 0.843246 0.001894 0.537524
vn 0.676347 0.001519 0.736581
vn 0.461233 0.001036 0.887278
vn 0.216132 0.000485 0.976364
vn -0.043872 -0.000099 0.999037
vn -0.299990 -0.000674 0.953942
vn -0.537768 -0.001208 0.843092
vn -0.738348 -0.001658 0.674418
vn -0.922964 -0.002073 0.384881
vn -0.991867 -0.002228 0.127260
vn -0.991867 -0.002228 -0.127260
vn -0.923515 -0.002074 -0.383558
vn -0.792761 -0.001780 -0.609530
vn -0.609528 -0.001369 -0.792763
vn -0.381690 -0.000857 -0.924290
vn -0.130454 -0.000293 -0.991454
vn 0.130938 0.000294 -0.991391
vn 0.381691 0.000857 -0.924290
vn 0.000000 0.000000 1.000000
vn 0.737205 0.001656 -0.675668
vn 0.886783 0.001992 -0.462182
vn 0.976155 0.002192 -0.217062
vn 0.043872 0.000099 -0.999037
vn 0.000000 0.000000 1.000000
vn -0.216132 -0.000485 -0.976364
vn 0.000000 0.000000 1.000000
vn -0.461233 -0.001036 -0.887279
vn 0.000000 0.000000 1.000000
vn -0.675666 -0.001517 -0.737206
vn 0.000000 0.000000 1.000000
vn -0.842884 -0.001893 -0.538093
vn 0.000000 0.000000 1.000000
vn -0.953334 -0.002141 -0.301911
vn 0.000000 0.000000 1.000000
vn 0.000000 0.000000 1.000000
vn 0.000000 0.000000 1.000000
vn -0.976155 -0.002192 0.217063
vn 0.000000 0.000000 1.000000
vn -0.886783 -0.001992 0.462181
vn 0.000000 0.000000 1.000000
vn 0.002246 -0.999997 0.000000
vn 0.000000 0.000000 1.000000
vn -0.537768 -0.001208 0.843092
vn 0.000000 0.000000 1.000000
vn -0.300348 -0.000675 0.953829
vn 0.000000 0.000000 1.000000
vn 0.002246 -0.999997 0.000000
vn 0.000000 0.000000 1.000000
vn 0.000000 0.000000 1.000000
vn 0.000000 0.000000 1.000000
vn 0.461233 0.001036 0.887279
vn 0.000000 0.000000 1.000000
vn 0.675666 0.001517 0.737207
vn 0.000000 0.000000 1.000000
vn 0.843453 0.001894 0.537200
vn 0.000000 0.000000 1.000000
vn 0.954053 0.002143 0.299630
vn 0.000000 0.000000 1.000000
vn 0.999030 0.002244 0.043983
vn 0.000000 0.000000 1.000000
vn 0.976421 0.002193 -0.215867
vn 0.000000 0.000000 1.000000
vn 0.887810 0.001994 -0.460206
vn 0.000000 0.000000 1.000000
vn 0.737204 0.001656 -0.675668
vn 0.000000 0.000000 1.000000
vn 0.000000 0.000000 1.000000
vn 0.000000 0.000000 1.000000
vn 0.299989 0.000674 -0.953942
vn 0.000000 0.000000 1.000000
vn 0.999030 0.002244 0.043983
vn 0.976362 0.002193 -0.216131
vn 0.887544 0.001993 -0.460719
vn 0.738347 0.001658 -0.674419
vn 0.537767 0.001208 -0.843093
vn 0.299990 0.000674 -0.953942
vn 0.000000 0.000000 1.000000
vn -0.216132 -0.000485 -0.976364
vn -0.461233 -0.001036 -0.887278
vn -0.676347 -0.001519 -0.736581
vn -0.843246 -0.001894 -0.537524
vn -0.953105 -0.002141 -0.302634
vn -0.999030 -0.002244 -0.043981
vn -0.976096 -0.002192 0.217328
vn -0.886515 -0.001991 0.462696
vn -0.738348 -0.001658 0.674418
vn 0.000000 0.000000 1.000000
vn 0.002246 -0.999997 0.000000
vn 0.002246 -0.999997 0.000000
vn 0.130454 0.000293 0.991454
vn 0.000000 0.000000 1.000000
vn 0.676347 0.001519 0.736582
vn 0.843815 0.001895 0.536632
vn 0.953827 0.002142 0.300348
vn -0.043927 -0.000099 0.999035
vn 0.000000 0.000000 1.000000
vn 0.215602 0.000484 0.976481
vn 0.000000 0.000000 1.000000
vn 0.461233 0.001036 0.887279
vn 0.000000 0.000000 1.000000
vn 0.002246 -0.999997 0.000000
vn 0.000000 0.000000 1.000000
vn 0.843452 0.001894 0.537201
vn 0.000000 0.000000 1.000000
vn 0.954053 0.002143 0.299631
vn 0.000000 0.000000 1.000000
vn 0.000000 0.000000 1.000000
vn 0.000000 0.000000 1.000000
vn 0.976421 0.002193 -0.215865
vn 0.000000 0.000000 1.000000
vn 0.887809 0.001994 -0.460208
vn 0.000000 0.000000 1.000000
vn 0.737204 0.001656 -0.675668
vn 0.000000 0.000000 1.000000
vn 0.537767 0.001208 -0.843092
vn 0.000000 0.000000 1.000000
vn 0.299989 0.000674 -0.953943
vn 0.000000 0.000000 1.000000
vn 0.043872 0.000099 -0.999037
vn 0.000000 0.000000 1.000000
vn 0.000000 0.000000 1.000000
vn 0.000000 0.000000 1.000000
vn -0.461233 -0.001036 -0.887279
vn 0.000000 0.000000 1.000000
vn -0.675665 -0.001517 -0.737207
vn 0.000000 0.000000 1.000000
vn -0.842883 -0.001893 -0.538093
vn 0.000000 0.000000 1.000000
vn -0.953334 -0.002141 -0.301911
vn 0.000000 0.000000 1.000000
vn -0.999030 -0.002244 -0.043981
vn 0.000000 0.000000 1.000000
vn -0.976155 -0.002192 0.217062
vn 0.000000 0.000000 1.000000
vn -0.886783 -0.001992 0.462182
vn 0.000000 0.000000 1.000000
vn -0.737204 -0.001656 0.675668
vn 0.000000 0.000000 1.000000
vn -0.537767 -0.001208 0.843092
vn 0.000000 0.000000 1.000000
vn 0.002246 -0.999997 0.000000
vn 0.000000 0.000000 1.000000
vn -0.999030 -0.002244 -0.043981
vn -0.976096 -0.002192 0.217328
vn -0.886515 -0.001991 0.462696
vn -0.738348 -0.001658 0.674418
vn 0.000000 0.000000 1.000000
vn -0.300349 -0.000675 0.953829
vn 0.000000 0.000000 1.000000
vn 0.000000 0.000000 1.000000
vn 0.461233 0.001036 0.887278
vn 0.676346 0.001519 0.736582
vn 0.843815 0.001895 0.536632
vn 0.953827 0.002142 0.300348
vn 0.999030 0.002244 0.043983
vn 0.976362 0.002193 -0.216131
vn 0.887544 0.001993 -0.460719
vn 0.738347 0.001658 -0.674419
vn 0.537767 0.001208 -0.843092
vn 0.299989 0.000674 -0.953942
vn 0.043872 0.000099 -0.999037
vn -0.216131 -0.000485 -0.976364
vn -0.461233 -0.001036 -0.887278
vn -0.676348 -0.001519 -0.736581
vn -0.843246 -0.001894 -0.537524
vn -0.953105 -0.002141 -0.302634
vn -0.017358 -0.000039 0.999849
vn -0.017358 -0.000039 0.999849
vn -0.215102 -0.000483 0.976592
vn -0.299488 -0.000673 0.954100
vn -0.460814 -0.001035 0.887496
vn -0.538811 -0.001210 0.842426
vn -0.676501 -0.001519 0.736440
vn -0.736444 -0.001654 0.676496
vn -0.841177 -0.001889 0.540757
vn -0.885659 -0.001989 0.464332
vn 0.000000 0.000000 1.000000
vn -0.976786 -0.002194 0.214208
vn -0.999086 -0.002244 0.042694
vn -0.999086 -0.002244 -0.042694
vn -0.976786 -0.002194 -0.214207
vn -0.966232 -0.002170 -0.257663
vn -0.877845 -0.001972 -0.478942
vn 0.002246 -0.999997 0.000000
vn -0.869200 -0.001952 -0.494457
vn 0.002246 -0.999997 0.000000
vn -0.865711 -0.001944 0.500540
vn -0.872491 -0.001967 0.488626
vn -0.872287 -0.001959 0.488990
vn -0.017358 -0.000039 -0.999849
vn 0.000000 0.000000 1.000000
vn -0.215102 -0.000483 -0.976592
vn -0.299488 -0.000673 -0.954100
vn -0.460814 -0.001035 -0.887496
vn -0.538811 -0.001210 -0.842426
vn -0.676501 -0.001519 -0.736440
vn -0.736444 -0.001654 -0.676496
vn -0.841177 -0.001889 -0.540757
vn -0.885659 -0.001989 -0.464332
vn -0.953709 -0.002142 -0.300725
vn -0.976786 -0.002194 -0.214208
vn -0.999086 -0.002244 -0.042694
vn -0.999086 -0.002244 0.042694
vn -0.976786 -0.002237 0.214208
vn 0.002246 -0.999997 0.000000
vn 0.002246 -0.999997 0.000000
vn 0.002246 -0.999997 0.000000
vn 0.000128 -0.057050 -0.998371
vn -0.999997 -0.002246 0.000000
vn 0.000179 -0.079745 -0.996815
vn 0.000000 0.000000 -1.000000
vn 0.000082 -0.036419 -0.999337
vn 0.000163 -0.072535 -0.997366
vn 0.002246 -0.999997 0.000000
vn 0.000000 0.000000 -1.000000
vn 0.002246 -0.999997 0.000000
vn 0.017358 0.000039 -0.999849
vn 0.017358 0.000039 -0.999849
vn 0.214203 0.000481 -0.976789
vn 0.300717 0.000675 -0.953713
vn 0.464328 0.001043 -0.885663
vn 0.540758 0.001214 -0.841177
vn 0.676499 0.001519 -0.736442
vn 0.736440 0.001654 -0.676501
vn 0.841175 0.001889 -0.540760
vn 0.885660 0.001989 -0.464329
vn 0.953710 0.002142 -0.300721
vn 0.976785 0.002194 -0.214212
vn 0.999086 0.002244 -0.042698
vn 0.999086 0.002244 0.042698
vn 0.002246 -0.999997 0.000000
vn 0.953710 0.002142 0.300721
vn 0.872695 0.001960 0.488262
vn 0.872695 0.001960 0.488262
vn 0.002246 -0.999997 0.000000
vn 0.865711 0.001944 -0.500540
vn 0.872695 0.001960 -0.488261
vn 0.872695 0.001960 -0.488261
vn 0.017358 0.000039 0.999849
vn 0.000000 0.000000 1.000000
vn 0.214203 0.000481 0.976789
vn 0.300717 0.000675 0.953713
vn 0.464328 0.001043 0.885663
vn 0.540758 0.001214 0.841177
vn 0.676499 0.001519 0.736442
vn 0.736440 0.001654 0.676501
vn 0.841175 0.001889 0.540760
vn 0.885660 0.001989 0.464329
vn 0.953710 0.002142 0.300721
vn 0.976785 0.002194 0.214212
vn 0.999086 0.002244 0.042698
vn 0.999086 0.002244 -0.042698
vn 0.976785 0.002194 -0.214211
vn 0.002246 -0.999997 0.000000
vn 0.002246 -0.999997 0.000000
vn 0.000128 -0.057050 0.998371
vn 0.999997 0.002246 0.000000
vn 0.000000 0.000000 1.000000
vn 0.000000 0.000000 1.000000
vn 0.000082 -0.036379 0.999338
vn 0.000163 -0.072535 0.997366
vn 0.002246 -0.999997 0.000000
vn 0.000000 0.000000 1.000000
vn -0.999997 -0.002246 0.000000
vn -0.017358 -0.000039 0.999849
vn -0.017358 -0.000039 0.999849
vn -0.215104 -0.000483 0.976591
vn -0.299489 -0.000673 0.954099
vn -0.460814 -0.001035 0.887496
vn -0.538811 -0.001210 0.842426
vn -0.676501 -0.001519 0.736440
vn -0.736444 -0.001654 0.676496
vn -0.841177 -0.001889 0.540757
vn -0.885659 -0.001989 0.464332
vn -0.953709 -0.002142 0.300725
vn -0.976786 -0.002194 0.214208
vn 0.000000 0.000000 1.000000
vn -0.999086 -0.002244 -0.042694
vn -0.976786 -0.002194 -0.214207
vn -0.953709 -0.002142 -0.300723
vn -0.872695 -0.001960 -0.488261
vn -0.872695 -0.001960 -0.488261
vn 0.002246 -0.999997 0.000000
vn -0.865930 -0.001945 0.500161
vn -0.865930 -0.001945 0.500161
vn 0.000000 0.000000 1.000000
vn 0.000000 0.000000 1.000000
vn 0.342281 0.000769 -0.939597
vn 0.000000 0.000000 1.000000
vn 0.002246 -0.999997 0.000000
vn 0.882247 0.001981 -0.470783
vn 0.919143 0.002064 -0.393920
vn 0.972562 0.002184 -0.232635
vn 0.988994 0.002221 -0.147936
vn 0.999743 0.002245 0.022551
vn 0.994117 0.002233 0.108285
vn 0.961408 0.002159 0.275117
vn 0.934462 0.002099 0.356057
vn 0.860850 0.001933 0.508856
vn 0.814086 0.001828 0.580741
vn 0.761772 0.001711 0.647843
vn 0.639886 0.001437 0.768468
vn 0.499938 0.001123 0.866061
vn 0.424240 0.000953 0.905549
vn 0.264894 0.000595 0.964277
vn 0.180933 0.000406 0.983495
vn 0.011269 0.000025 0.999937
vn -0.074397 -0.000167 0.997229
vn -0.242004 -0.000544 0.970275
vn 0.000000 0.000000 1.000000
vn -0.479378 -0.001077 0.877608
vn -0.552964 -0.001242 0.833204
vn -0.686534 -0.001542 0.727096
vn 0.000000 0.000000 1.000000
vn -0.848418 -0.001905 0.529324
vn -0.890487 -0.002000 0.455005
vn -0.954731 -0.002144 0.297462
vn -0.976799 -0.002194 0.214145
vn -0.998947 -0.002244 0.045817
vn -0.999235 -0.002244 -0.039038
vn -0.978139 -0.002197 -0.207939
vn -0.956408 -0.002148 -0.292028
vn -0.892767 -0.002005 -0.450514
vn 0.002246 -0.999997 0.000000
vn -0.749682 -0.001684 -0.661796
vn 0.000000 0.000000 1.000000
vn -0.557122 -0.001251 -0.830430
vn -0.483791 -0.001087 -0.875183
vn -0.329044 -0.000739 -0.944314
vn -0.165487 -0.000372 -0.986212
vn -0.080372 -0.000181 -0.996765
vn 0.002246 -0.999997 0.000000
vn 0.176570 0.000397 -0.984288
vn 0.260700 0.000586 -0.965420
vn 0.322176 0.000724 0.946679
vn 0.000000 0.000000 1.000000
vn 0.000057 -0.025232 0.999682
vn 0.000000 0.000000 1.000000
vn 0.000128 -0.057050 0.998371
vn 0.002246 -0.999997 0.000000
vn 0.000082 -0.036379 0.999338
vn 0.000163 -0.072535 0.997366
vn 0.002246 -0.999997 0.000000
vn 0.000000 0.000000 1.000000
vn -0.497867 -0.001118 0.867253
vn 0.000000 0.000000 1.000000
vn -0.499367 -0.001059 0.866390
vn 0.000000 0.000000 1.000000
vn 0.735549 -0.599652 0.315254
vn 0.857401 -0.361717 0.366093
vn 0.857401 -0.361717 0.366093
vn 0.848447 -0.382119 0.366228
vn 0.000000 0.000000 1.000000
vn 0.918009 -0.004696 0.396531
vn 0.920848 -0.003461 0.389907
vn 0.000000 0.000000 1.000000
vn -0.499814 -0.001233 0.866132
vn -0.499066 -0.058203 0.864607
vn 0.002246 -0.999997 0.000000
vn 0.000000 0.000000 1.000000
vn -0.498528 -0.073696 0.863735
vn 0.002246 -0.999997 0.000000
vn -0.499944 -0.001123 0.866057
vn 0.999982 -0.006011 0.000000
vn 0.999997 0.002246 0.000000
vn 0.998151 -0.060790 0.000000
vn 0.002246 -0.999997 0.000000
vn 0.996992 -0.077506 0.000000
vn 0.997674 -0.068172 0.000000
vn 0.002246 -0.999997 0.000000
vn 0.002246 -0.999997 0.000000
vn 0.000000 0.000000 1.000000
vn -0.499749 -0.026366 -0.865769
vn -0.499944 -0.001123 -0.866057
vn -0.499066 -0.058203 -0.864607
vn 0.002246 -0.999997 0.000000
vn -0.499299 -0.035297 -0.865711
vn -0.498528 -0.073696 -0.863735
vn 0.002246 -0.999997 0.000000
vn 0.000000 0.000000 1.000000
vn 0.999997 0.002246 0.000000
vn 0.000000 0.000000 1.000000
vn 0.999997 0.002246 0.000000
vn 0.002246 -0.999997 0.000000
vn -0.411031 -0.000923 0.911621
vn -0.349368 -0.000785 0.936985
vn 0.000000 0.000000 1.000000
vn -0.995686 -0.002236 -0.092765
vn -0.999884 -0.002246 -0.015040
vn 0.002246 -0.999997 0.000000
vn -0.975854 -0.002192 0.218414
vn -0.955450 -0.002146 0.295144
vn -0.897616 -0.002016 0.440773
vn 0.000000 0.000000 1.000000
vn -0.770129 -0.001730 0.637886
vn 0.000000 0.000000 1.000000
vn -0.599584 -0.001347 0.800311
vn 0.000000 0.000000 1.000000
vn 0.002246 -0.999997 0.000000
vn -0.500135 -0.001123 -0.865947
vn -0.866225 -0.001945 0.499651
vn -0.866225 -0.001945 0.499651
vn 0.000000 0.000000 1.000000
vn 0.000000 0.000000 1.000000
vn -0.301352 -0.000677 -0.953513
vn -0.377640 -0.000848 -0.925952
vn 0.000000 0.000000 1.000000
vn 0.999997 0.002246 0.000000
vn 0.000000 0.000000 1.000000
vn 0.000000 0.000000 1.000000
vn 0.002246 -0.999997 0.000000
vn 0.000000 0.000000 1.000000
vn 0.000000 0.000000 1.000000
vn 0.000000 0.000000 1.000000
vn 0.000000 0.000000 1.000000
vn 0.000000 0.000000 1.000000
vn 0.349059 0.000784 0.937100
vn 0.410325 0.000922 0.911939
vn -0.999997 -0.002246 0.000000
vn -0.999997 -0.002246 0.000000
vn 0.000000 0.000000 1.000000
vn 0.000000 0.000000 1.000000
vn 0.499976 0.001123 -0.866039
vn 0.000000 0.000000 1.000000
vn 0.534792 0.001201 0.844983
vn 0.000000 0.000000 1.000000
vn 0.717663 0.001612 0.696389
vn 0.000000 0.000000 1.000000
vn 0.860315 0.001932 0.509760
vn 0.000000 0.000000 1.000000
vn 0.955305 0.002146 0.295616
vn 0.002246 -0.999997 0.000000
vn 0.997960 0.002241 0.063799
vn 0.999877 0.002246 -0.015558
vn -0.017359 -0.000039 0.999849
vn -0.017359 -0.000039 0.999849
vn -0.215109 -0.000483 0.976590
vn -0.299495 -0.000673 0.954098
vn -0.460816 -0.001035 0.887495
vn -0.538810 -0.001210 0.842427
vn -0.676497 -0.001519 0.736444
vn -0.736439 -0.001654 0.676502
vn -0.841175 -0.001889 0.540759
vn 0.002246 -0.999997 0.000000
vn -0.953710 -0.002142 0.300720
vn 0.000000 0.000000 1.000000
vn -0.999086 -0.002244 0.042698
vn 0.000000 0.000000 1.000000
vn -0.976785 -0.002194 -0.214212
vn 0.000000 0.000000 1.000000
vn -0.872695 -0.001960 -0.488261
vn 0.000000 0.000000 1.000000
vn 0.000000 0.000000 1.000000
vn -0.866055 -0.001945 0.499946
vn -0.865867 -0.027218 0.499534
vn -0.866055 -0.001945 0.499946
vn -0.864974 -0.059024 0.498333
vn 0.002246 -0.999997 0.000000
vn 0.002246 -0.999997 0.000000
vn -0.864067 -0.074516 0.497831
vn 0.002246 -0.999997 0.000000
vn -0.865636 -0.001860 0.500671
vn 0.002246 -0.999997 0.000000
vn -0.865384 -0.002150 0.501105
vn -0.863974 -0.003662 0.503522
vn -0.867843 -0.000184 0.496839
vn -0.867899 -0.000136 0.496742
vn -0.864219 -0.002971 0.503107
vn -0.867261 -0.001127 0.497853
vn -0.866103 -0.001348 0.499864
vn -0.388153 -0.004586 -0.921584
vn -0.397042 -0.005836 -0.917782
vn -0.392544 -0.118901 -0.912015
vn 0.000000 0.000000 1.000000
vn -0.361881 -0.381222 -0.850713
vn 0.000000 0.000000 1.000000
vn -0.310595 -0.606356 -0.732027
vn 0.000000 0.000000 1.000000
vn 0.000000 0.000000 1.000000
vn 0.866255 0.002025 -0.499599
vn -0.379526 -0.257682 -0.888572
vn -0.338654 -0.499989 -0.797073
vn -0.273885 -0.708567 -0.650323
vn -0.202370 -0.851140 -0.484363
vn -0.097463 -0.965428 -0.241765
vn -0.000779 -0.999971 -0.007576
vn 0.000000 0.000000 1.000000
vn 0.866244 0.001945 -0.499617
vn 0.002246 -0.999997 0.000000
vn 0.000000 0.000000 1.000000
vn 0.000000 0.000000 1.000000
vn -0.381634 -0.000857 -0.924313
vn 0.000000 0.000000 1.000000
vn -0.587432 -0.001319 -0.809272
vn 0.000000 0.000000 1.000000
vn -0.760058 -0.001707 -0.649853
vn -0.809338 -0.001818 -0.587341
vn -0.891404 -0.002002 -0.453205
vn -0.924279 -0.002076 -0.381713
vn -0.918015 -0.002062 -0.396540
vn -0.500254 -0.001218 0.865878
vn -0.460865 -0.865902 -0.194468
vn -0.238097 -0.966034 -0.100440
vn -0.010643 -0.999928 -0.005479
vn -0.886546 -0.259138 -0.383253
vn -0.814916 -0.461500 -0.350614
vn -0.649619 -0.707911 -0.277230
vn -0.855768 -0.365564 -0.366093
vn -0.729722 -0.607423 -0.313916
vn 0.000000 0.000000 -1.000000
vn 0.504878 0.001134 -0.863190
vn 0.500251 0.000932 -0.865880
vn 0.000000 0.000000 -1.000000
vn -0.917979 -0.008819 -0.396531
vn 0.000000 0.000000 1.000000
vn -0.846719 -0.385932 -0.366228
vn -0.855768 -0.365564 -0.366093
vn 0.499762 0.000997 -0.866162
vn 0.000000 0.000000 1.000000
vn 0.503255 -0.000444 -0.864138
vn 0.000000 0.000000 1.000000
vn 0.000000 0.000000 1.000000
vn 0.500251 0.000932 -0.865880
vn -0.920823 -0.007597 -0.389907
vn 0.000000 0.000000 1.000000
vn 0.500065 0.000871 -0.865988
vn 0.499323 -0.055960 -0.864607
vn 0.002246 -0.999997 0.000000
vn 0.000000 0.000000 1.000000
vn 0.498854 -0.071456 -0.863735
vn 0.002246 -0.999997 0.000000
vn 0.499466 0.001122 -0.866333
vn 0.000000 0.000000 1.000000
vn -0.499771 -0.001122 -0.866157
vn -0.499771 -0.001122 -0.866157
vn 0.000000 0.000000 1.000000
vn -0.999945 -0.010503 0.000000
vn -0.999997 -0.002246 0.000000
vn -0.997868 -0.065274 0.000000
vn 0.002246 -0.999997 0.000000
vn -0.996634 -0.081984 0.000000
vn -0.997357 -0.072653 0.000000
vn 0.002246 -0.999997 0.000000
vn 0.002246 -0.999997 0.000000
vn -0.999997 -0.002246 0.000000
vn 0.000000 0.000000 1.000000
vn -0.499771 -0.001122 0.866157
vn -0.499771 -0.001122 0.866157
vn 0.000000 0.000000 1.000000
vn 0.499535 -0.024105 0.865958
vn 0.499466 0.001122 0.866333
vn 0.499323 -0.055960 0.864607
vn 0.002246 -0.999997 0.000000
vn 0.499452 -0.033054 0.865711
vn 0.498854 -0.071456 0.863735
vn 0.002246 -0.999997 0.000000
vn 0.000000 0.000000 1.000000
vn 0.002246 -0.999997 0.000000
vn 0.499615 0.001328 0.866246
vn 0.497189 0.002835 0.867638
vn 0.504301 -0.001082 0.863527
vn 0.499959 0.001062 0.866049
vn 0.499761 0.001310 0.866162
vn 0.503252 -0.000260 0.864140
vn 0.499857 0.000963 0.866108
vn -0.921871 -0.005858 0.387452
vn -0.917990 -0.007388 0.396535
vn -0.911480 -0.121655 0.392944
vn 0.000000 0.000000 1.000000
vn -0.848213 -0.385813 0.362880
vn 0.000000 0.000000 1.000000
vn -0.730525 -0.607316 0.312250
vn 0.000000 0.000000 1.000000
vn 0.000000 0.000000 1.000000
vn -0.500243 -0.001168 -0.865884
vn -0.887650 -0.258861 0.380880
vn -0.794946 -0.502491 0.339947
vn -0.650262 -0.707610 0.276491
vn -0.482793 -0.851486 0.204651
vn -0.238792 -0.965992 0.099188
vn -0.003876 -0.999989 0.002444
vn 0.000000 0.000000 1.000000
vn 0.000000 0.000000 1.000000
vn 0.000000 0.000000 1.000000
vn 0.000000 0.000000 1.000000
vn 0.453615 0.001019 0.891197
vn 0.918015 0.002062 0.396540
vn 0.000000 0.000000 1.000000
vn 0.000000 0.000000 1.000000
vn 0.000000 0.000000 1.000000
vn 0.397454 0.000893 0.917622
vn 0.924279 0.002076 0.381712
vn -0.866019 -0.001945 0.500008
vn 0.000000 0.000000 1.000000
vn 0.891404 0.002002 -0.453206
vn 0.397454 0.000893 -0.917622
vn 0.000000 0.000000 1.000000
vn 0.000000 0.000000 1.000000
vn 0.000000 0.000000 1.000000
vn 0.918015 0.002062 -0.396540
vn 0.381269 0.000856 -0.924464
vn 0.500233 0.001123 0.865890
vn 0.367392 -0.362746 -0.856410
vn 0.315669 -0.605100 -0.730894
vn 0.352148 -0.457817 -0.816331
vn 0.999997 0.002246 0.000000
vn 0.867251 0.001948 0.497868
vn 0.278648 -0.706850 -0.650169
vn 0.866130 0.002027 0.499815
vn 0.196347 -0.864428 -0.462831
vn 0.999997 0.002246 0.000000
vn 0.384143 -0.257669 -0.886589
vn -0.866019 -0.001944 -0.500008
vn 0.397460 -0.006243 -0.917598
vn 0.000000 0.000000 1.000000
vn 0.367644 -0.379776 -0.848886
vn 0.367392 -0.362746 -0.856410
vn 0.865793 0.001869 0.500399
vn 0.007739 -0.999887 -0.012896
vn 0.000000 0.000000 1.000000
vn 0.102887 -0.965034 -0.241089
vn 0.868512 0.004003 0.495652
vn 0.000000 0.000000 1.000000
vn 0.000000 0.000000 1.000000
vn 0.002246 -0.999997 0.000000
vn 0.924279 0.002076 -0.381712
vn 0.809584 0.001818 -0.587002
vn 0.649553 0.001459 -0.760315
vn 0.453615 0.001019 -0.891197
vn 0.002246 -0.999997 0.000000
vn 0.888804 -0.254868 -0.380880
vn 0.500243 0.001079 0.865884
vn 0.008365 -0.999962 -0.002445
vn 0.243067 -0.964914 -0.099298
vn 0.485551 -0.850016 -0.204238
vn 0.653360 -0.704764 -0.276457
vn 0.798600 -0.496207 -0.340611
vn 0.918014 -0.003264 -0.396535
vn 0.912017 -0.117560 -0.392944
vn 0.000000 0.000000 1.000000
vn 0.849940 -0.381994 -0.362881
vn 0.000000 0.000000 1.000000
vn 0.736310 -0.599544 -0.313681
vn 0.000000 0.000000 1.000000
vn -0.504284 -0.003343 -0.863531
vn -0.493578 0.002571 -0.869698
vn -0.498760 -0.000678 -0.866740
vn 0.000000 0.000000 1.000000
vn -0.499956 -0.001182 -0.866050
vn -0.499762 -0.000935 -0.866162
vn -0.503246 -0.002520 -0.864140
vn -0.499857 -0.001282 -0.866107
vn 0.921889 -0.001717 -0.387451
vn 0.002246 -0.999997 0.000000
vn 0.499771 0.001122 -0.866157
vn 0.499771 0.001122 -0.866157
vn 0.000000 0.000000 1.000000
vn 0.499771 0.001122 -0.866157
vn 0.499771 0.001122 0.866157
vn 0.499771 0.001122 0.866157
vn 0.000000 0.000000 1.000000
vn 0.499771 0.001122 0.866157
vn -0.499762 -0.001248 0.866162
vn 0.000000 0.000000 1.000000
vn 0.000000 0.000000 1.000000
vn -0.499367 -0.001059 0.866390
vn 0.000000 0.000000 1.000000
vn -0.503251 -0.002706 0.864136
vn 0.817913 -0.455857 0.351017
vn 0.652669 -0.705097 0.277241
vn 0.464646 -0.863842 0.194633
vn 0.887702 -0.255150 0.383253
vn 0.500255 0.001029 -0.865878
vn 0.015129 -0.999871 0.005483
vn 0.242339 -0.964962 0.100601
vn 0.000000 0.000000 1.000000
vn 0.381269 0.000856 0.924464
vn 0.587678 0.001320 0.809094
vn 0.760569 0.001708 0.649255
vn 0.891404 0.002002 0.453206
vn 0.002246 -0.999997 0.000000
vn -0.866019 -0.001945 0.500008
vn 0.005271 -0.999957 0.007580
vn 0.101753 -0.964979 0.241790
vn 0.206222 -0.850250 0.484302
vn 0.277389 -0.706554 0.651028
vn 0.340896 -0.498462 0.797073
vn 0.380559 -0.257401 0.888212
vn 0.397460 -0.004051 0.917610
vn 0.393211 -0.118726 0.911750
vn 0.000000 0.000000 1.000000
vn 0.363590 -0.379595 0.850712
vn 0.000000 0.000000 1.000000
vn 0.313316 -0.604953 0.732028
vn 0.000000 0.000000 1.000000
vn 0.875217 0.010223 -0.483623
vn 0.864119 -0.000152 -0.503288
vn 0.865823 0.001693 -0.500347
vn 0.000000 0.000000 1.000000
vn 0.867893 0.003766 -0.496736
vn 0.864284 0.000472 -0.503005
vn 0.867257 0.002768 -0.497853
vn 0.866104 0.002063 -0.499860
vn 0.865657 -0.023137 -0.500103
vn 0.865575 0.001944 -0.500775
vn 0.865251 -0.054727 -0.498343
vn 0.002246 -0.999997 0.000000
vn 0.002246 -0.999997 0.000000
vn 0.864426 -0.070113 -0.497848
vn 0.002246 -0.999997 0.000000
vn 0.866114 0.002006 -0.499843
vn 0.896635 0.002014 -0.442767
vn 0.388529 -0.002854 0.921432
vn 0.904841 0.002102 0.425745
vn 0.390947 -0.004561 -0.920402
vn 0.000000 0.000000 1.000000
vn 0.866091 0.002080 0.499882
vn 0.865251 -0.054727 0.498343
vn 0.002246 -0.999997 0.000000
vn 0.865657 -0.023137 0.500103
vn 0.864426 -0.070113 0.497848
vn 0.002246 -0.999997 0.000000
vn 0.865575 0.001944 0.500775
vn 0.000000 0.000000 1.000000
vn 0.865712 0.001944 -0.500539
vn 0.872695 0.001960 -0.488261
vn 0.002246 -0.999997 0.000000
vn 0.017359 0.000039 0.999849
vn 0.017359 0.000039 0.999849
vn 0.214210 0.000481 0.976788
vn 0.300721 0.000675 0.953712
vn 0.464326 0.001043 0.885664
vn 0.540755 0.001214 0.841179
vn 0.676499 0.001519 0.736442
vn 0.002246 -0.999997 0.000000
vn 0.002246 -0.999997 0.000000
vn 0.885660 0.001989 0.464331
vn 0.000000 0.000000 1.000000
vn 0.976786 0.002194 0.214207
vn 0.000000 0.000000 1.000000
vn 0.999086 0.002244 -0.042695
vn 0.000000 0.000000 1.000000
vn 0.953709 0.002142 -0.300724
vn 0.000082 -0.036419 0.999337
vn 0.000000 0.000000 1.000000
vn 0.000128 -0.057050 0.998371
vn 0.002246 -0.999997 0.000000
vn 0.000057 -0.025213 0.999682
vn 0.000163 -0.072536 0.997366
vn 0.002246 -0.999997 0.000000
vn 0.000000 0.000000 1.000000
vn 0.000000 0.000000 1.000000
vn -0.321944 -0.000723 0.946759
vn 0.002246 -0.999997 0.000000
vn -0.839207 -0.001885 -0.543809
vn 0.000000 0.000000 1.000000
vn -0.342281 -0.000769 -0.939597
vn -0.260700 -0.000586 -0.965420
vn 0.000000 0.000000 1.000000
vn -0.006010 -0.000013 -0.999982
vn 0.080372 0.000181 -0.996765
vn 0.247833 0.000557 -0.968803
vn 0.002246 -0.999997 0.000000
vn 0.483790 0.001087 -0.875183
vn 0.557122 0.001251 -0.830430
vn 0.690010 0.001550 -0.723798
vn 0.000000 0.000000 1.000000
vn 0.851399 0.001912 -0.524516
vn 0.002246 -0.999997 0.000000
vn 0.956617 0.002148 -0.291342
vn 0.977986 0.002196 -0.208659
vn 0.999176 0.002244 -0.040538
vn 0.998981 0.002244 0.045068
vn 0.976799 0.002194 0.214146
vn 0.954731 0.002144 0.297462
vn 0.890487 0.002000 0.455004
vn 0.848418 0.001905 0.529323
vn 0.000000 0.000000 1.000000
vn 0.000000 0.000000 1.000000
vn 0.552964 0.001242 0.833204
vn 0.479378 0.001077 0.877608
vn 0.323882 0.000727 0.946097
vn 0.242004 0.000544 0.970275
vn 0.074397 0.000167 0.997229
vn 0.000000 0.000000 1.000000
vn -0.180933 -0.000406 0.983495
vn -0.264894 -0.000595 0.964277
vn -0.424240 -0.000953 0.905549
vn -0.499938 -0.001123 0.866061
vn -0.604405 -0.001357 0.796676
vn 0.000000 0.000000 1.000000
vn 0.000000 0.000000 1.000000
vn -0.853586 0.000446 0.520951
vn -0.882246 -0.001981 -0.470784
vn -0.919142 -0.002064 -0.393920
vn -0.972562 -0.002184 -0.232635
vn -0.988994 -0.002221 -0.147936
vn -0.999743 -0.002245 0.022552
vn -0.994117 -0.002233 0.108286
vn -0.961408 -0.002159 0.275119
vn -0.934461 -0.002099 0.356058
vn 0.000000 0.000000 1.000000
vn 0.865930 0.001945 0.500161
vn 0.865930 0.001945 0.500161
vn 0.000000 0.000000 1.000000
vn 0.998078 0.002242 0.061926
vn 0.872695 0.001960 -0.488261
vn 0.000000 0.000000 1.000000
vn 0.017358 0.000039 0.999849
vn 0.000000 0.000000 1.000000
vn 0.214203 0.000481 0.976789
vn 0.300714 0.000675 0.953714
vn 0.464325 0.001043 0.885664
vn 0.540757 0.001214 0.841178
vn 0.676503 0.001519 0.736438
vn 0.736448 0.001654 0.676492
vn 0.841179 0.001889 0.540754
vn 0.885657 0.001989 0.464336
vn 0.953707 0.002142 0.300728
vn 0.976787 0.002194 0.214204
vn 0.999086 0.002244 0.042690
vn 0.999086 0.002244 -0.042690
vn 0.976787 0.002194 -0.214203
vn 0.002246 -0.999997 0.000000
vn 0.002246 -0.999997 0.000000
vn 0.000128 -0.057050 0.998371
vn 0.999997 0.002246 0.000000
vn 0.000179 -0.079745 0.996815
vn 0.000000 0.000000 1.000000
vn 0.000069 -0.030548 0.999533
vn 0.000163 -0.072536 0.997366
vn 0.002246 -0.999997 0.000000
vn 0.000000 0.000000 1.000000
vn 0.002246 -0.999997 0.000000
vn 0.863970 -0.077277 -0.497578
vn 0.865576 0.001944 -0.500774
vn 0.865250 -0.054728 -0.498345
vn 0.002246 -0.999997 0.000000
vn 0.865984 -0.023146 -0.499537
vn 0.864425 -0.070114 -0.497850
vn 0.002246 -0.999997 0.000000
vn 0.866054 0.001945 -0.499946
vn -0.865540 -0.027208 -0.500100
vn 0.000000 0.000000 1.000000
vn -0.864976 -0.059024 -0.498330
vn 0.002246 -0.999997 0.000000
vn 0.002246 -0.999997 0.000000
vn -0.864068 -0.074517 -0.497829
vn 0.002246 -0.999997 0.000000
vn -0.866054 -0.001945 -0.499946
vn 0.000179 -0.079745 -0.996815
vn 0.000000 0.000000 -1.000000
vn 0.000128 -0.057050 -0.998371
vn 0.002246 -0.999997 0.000000
vn 0.000082 -0.036419 -0.999337
vn 0.000163 -0.072536 -0.997366
vn 0.002246 -0.999997 0.000000
vn 0.000000 0.000000 -1.000000
vn 0.000000 0.000000 1.000000
vn 0.865575 0.001944 -0.500775
vn 0.865251 -0.054728 -0.498343
vn 0.002246 -0.999997 0.000000
vn 0.865984 -0.023146 -0.499536
vn 0.864426 -0.070113 -0.497848
vn 0.002246 -0.999997 0.000000
vn 0.866055 0.001945 -0.499946
vn -0.865538 -0.027284 -0.500100
vn -0.864346 -0.001941 -0.502894
vn -0.864974 -0.059024 -0.498333
vn 0.002246 -0.999997 0.000000
vn 0.002246 -0.999997 0.000000
vn -0.864067 -0.074517 -0.497831
vn 0.002246 -0.999997 0.000000
vn -0.866055 -0.001945 -0.499946
vn 0.000179 -0.079745 -0.996815
vn 0.000000 0.000000 -1.000000
vn 0.000128 -0.057050 -0.998371
vn 0.002246 -0.999997 0.000000
vn 0.000082 -0.036419 -0.999337
vn 0.000163 -0.072535 -0.997366
vn 0.002246 -0.999997 0.000000
vn 0.000000 0.000000 -1.000000
vn 0.000000 0.000000 1.000000
vn 0.865575 0.001944 -0.500775
vn 0.865251 -0.054728 -0.498343
vn 0.002246 -0.999997 0.000000
vn 0.865984 -0.023146 -0.499536
vn 0.864426 -0.070113 -0.497848
vn 0.002246 -0.999997 0.000000
vn 0.866055 0.001945 -0.499946
vn 0.000000 0.000000 1.000000
vn -0.865157 -0.001943 -0.501498
vn -0.864975 -0.059024 -0.498332
vn 0.002246 -0.999997 0.000000
vn -0.865867 -0.027218 -0.499534
vn -0.864068 -0.074517 -0.497830
vn 0.002246 -0.999997 0.000000
vn -0.866054 -0.001945 -0.499946
vn 0.000000 0.000000 1.000000
vn -0.865995 -0.002018 0.500048
vn -0.865967 -0.001983 0.500097
vn -0.865952 -0.001983 0.500123
vn -0.865936 -0.001945 0.500150
vn 0.000000 0.000000 1.000000
vn -0.865672 -0.002042 -0.500607
vn 0.000000 0.000000 -1.000000
vn 0.000000 0.000000 1.000000
vn 0.000000 0.000000 -1.000000
vn 0.000000 0.000000 -1.000000
vn 0.002246 -0.999997 0.000000
vn 0.865575 0.001944 -0.500776
vn 0.872695 0.001960 0.488262
vn 0.872695 0.001960 0.488262
vn 0.017358 0.000039 -0.999849
vn 0.017358 0.000039 -0.999849
vn 0.214206 0.000481 -0.976788
vn 0.300722 0.000675 -0.953712
vn 0.464328 0.001043 -0.885663
vn 0.540754 0.001214 -0.841180
vn 0.676497 0.001519 -0.736444
vn 0.736442 0.001654 -0.676498
vn 0.841178 0.001889 -0.540755
vn 0.885661 0.001989 -0.464329
vn 0.953709 0.002142 -0.300723
vn 0.976786 0.002194 -0.214207
vn 0.002246 -0.999997 0.000000
vn 0.999086 0.002244 0.042695
vn 0.976786 0.002194 0.214209
vn 0.953709 0.002142 0.300724
vn 0.000000 0.000000 1.000000
vn -0.017358 -0.000039 -0.999849
vn -0.215107 -0.000483 -0.976590
vn -0.299496 -0.000673 -0.954097
vn -0.460817 -0.001035 -0.887494
vn -0.538809 -0.001210 -0.842427
vn -0.676495 -0.001519 -0.736446
vn -0.736438 -0.001654 -0.676503
vn -0.841176 -0.001889 -0.540758
vn -0.885662 -0.001989 -0.464326
vn -0.953710 -0.002142 -0.300719
vn -0.976785 -0.002194 -0.214211
vn -0.999085 -0.002244 -0.042698
vn 0.002246 -0.999997 0.000000
vn -0.976785 -0.002194 0.214212
vn -0.953710 -0.002142 0.300720
vn -0.872695 -0.001960 0.488261
vn -0.872695 -0.001960 0.488261
vn 0.000000 0.000000 1.000000
vn -0.995257 -0.002235 0.097253
vn 0.000000 0.000000 -1.000000
vn -0.865673 -0.002042 -0.500606
vn -0.865903 -0.002227 -0.500207
vn -0.865156 -0.002114 -0.501499
vn 0.000000 0.000000 -1.000000
vn 0.000000 0.000000 -1.000000
vn 0.000000 0.000000 -1.000000
vn 0.866055 0.001945 -0.499946
vn 0.866055 0.001945 -0.499946
vn 0.002246 -0.999997 0.000000
vn 0.865575 0.001944 -0.500775
vn 0.872695 0.001960 0.488261
vn 0.872695 0.001960 0.488261
vn 0.017358 0.000039 -0.999849
vn 0.017358 0.000039 -0.999849
vn 0.214208 0.000481 -0.976788
vn 0.300723 0.000675 -0.953711
vn 0.464328 0.001043 -0.885663
vn 0.540754 0.001214 -0.841180
vn 0.676497 0.001519 -0.736444
vn 0.736442 0.001654 -0.676498
vn 0.841178 0.001889 -0.540755
vn 0.885661 0.001989 -0.464329
vn 0.953709 0.002142 -0.300723
vn 0.976786 0.002194 -0.214207
vn 0.999086 0.002244 -0.042695
vn 0.999086 0.002244 0.042695
vn 0.002246 -0.999997 0.000000
vn 0.953709 0.002142 0.300724
vn 0.000000 0.000000 1.000000
vn -0.017358 -0.000039 -0.999849
vn -0.215107 -0.000483 -0.976590
vn -0.299494 -0.000673 -0.954098
vn -0.460814 -0.001035 -0.887496
vn -0.538807 -0.001210 -0.842429
vn -0.676499 -0.001519 -0.736442
vn -0.736446 -0.001654 -0.676494
vn -0.841180 -0.001889 -0.540752
vn -0.885659 -0.001989 -0.464332
vn -0.953708 -0.002142 -0.300726
vn -0.976787 -0.002194 -0.214203
vn -0.999086 -0.002244 -0.042691
vn 0.002246 -0.999997 0.000000
vn -0.976786 -0.002194 0.214205
vn -0.953708 -0.002142 0.300727
vn -0.872694 -0.001960 0.488263
vn -0.872694 -0.001960 0.488263
vn 0.000000 0.000000 1.000000
vn -0.995257 -0.002235 0.097253
vn 0.000000 0.000000 -1.000000
vn 0.000000 0.000000 1.000000
vn 0.866054 0.001945 -0.499946
vn 0.866054 0.001945 -0.499946
vn 0.000000 0.000000 -1.000000
vn 0.000000 0.000000 -1.000000
vn 0.865952 0.001906 0.500123
vn 0.865937 0.001945 0.500150
vn 0.865967 0.001907 0.500097
vn 0.000000 0.000000 1.000000
vn 0.000000 0.000000 1.000000
vn 0.000082 -0.036379 0.999338
vn 0.000000 0.000000 1.000000
vn 0.000179 -0.079745 0.996815
vn 0.000000 0.000000 1.000000
vn 0.000000 0.000000 1.000000
vn 0.000000 0.000000 1.000000
vn 0.000000 0.000000 1.000000
vn -0.999997 -0.002246 0.000000
vn 0.000163 -0.072535 0.997366
vn 0.002246 -0.999997 0.000000
vn 0.002246 -0.999997 0.000000
vn 0.000128 -0.057050 0.998371
vn 0.002246 -0.999997 0.000000
vn 0.999040 0.002244 0.043759
vn 0.965813 -0.003552 0.259217
vn 0.990376 0.002224 -0.138382
vn 0.002246 -0.999997 0.000000
vn 0.002246 -0.999997 0.000000
vn 0.002246 -0.999997 0.000000
vn 0.002246 -0.999997 0.000000
vn 0.002246 -0.999997 0.000000
vn 0.002246 -0.999997 0.000000
vn 0.002246 -0.999997 0.000000
vn 0.002246 -0.999997 0.000000
vn 0.002246 -0.999997 0.000000
vn 0.002246 -0.999997 0.000000
vn 0.002246 -0.999997 0.000000
vn 0.002246 -0.999997 0.000000
vn 0.002246 -0.999997 0.000000
vn 0.002246 -0.999997 0.000000
vn 0.002246 -0.999997 0.000000
vn 0.002246 -0.999997 0.000000
vn 0.002246 -0.999997 0.000000
vn 0.002246 -0.999997 0.000000
vn 0.002246 -0.999997 0.000000
vn 0.002246 -0.999997 0.000000
vn 0.002246 -0.999997 0.000000
vn 0.002246 -0.999997 0.000000
vn 0.002246 -0.999997 0.000000
vn 0.002246 -0.999997 0.000000
vn 0.002246 -0.999997 0.000000
vn 0.002246 -0.999997 0.000000
vn 0.002246 -0.999997 0.000000
vn 0.002246 -0.999997 0.000000
vn 0.002246 -0.999997 0.000000
vn 0.138320 0.000311 0.990388
vn 0.000000 0.000000 1.000000
vn -0.259744 -0.006200 0.965658
vn 0.002246 -0.999997 0.000000
vn 0.002246 -0.999997 0.000000
vn 0.002246 -0.999997 0.000000
vn 0.002246 -0.999997 0.000000
vn -0.999026 -0.002244 -0.044079
vn -0.965673 -0.007889 -0.259642
vn -0.990252 -0.002224 0.139268
vn 0.002246 -0.999997 0.000000
vn 0.002246 -0.999997 0.000000
vn 0.002246 -0.999997 0.000000
vn 0.002246 -0.999997 0.000000
vn 0.002246 -0.999997 0.000000
vn 0.002246 -0.999997 0.000000
vn 0.002246 -0.999997 0.000000
vn 0.002246 -0.999997 0.000000
vn 0.002246 -0.999997 0.000000
vn 0.002246 -0.999997 0.000000
vn 0.002246 -0.999997 0.000000
vn 0.002246 -0.999997 0.000000
vn 0.002246 -0.999997 0.000000
vn 0.002246 -0.999997 0.000000
vn 0.002246 -0.999997 0.000000
vn 0.002246 -0.999997 0.000000
vn 0.002246 -0.999997 0.000000
vn 0.002246 -0.999997 0.000000
vn 0.002246 -0.999997 0.000000
vn 0.002246 -0.999997 0.000000
vn 0.002246 -0.999997 0.000000
vn 0.002246 -0.999997 0.000000
vn 0.002246 -0.999997 0.000000
vn 0.002246 -0.999997 0.000000
vn 0.000000 0.000000 1.000000
vn 0.002246 -0.999997 0.000000
vn 0.043730 0.000098 -0.999043
vn 0.002246 -0.999997 0.000000
vn 0.002246 -0.999997 0.000000
vn 0.002246 -0.999997 0.000000
vn 0.002246 -0.999997 0.000000
vn 0.002246 -0.999997 0.000000
vn 0.002246 -0.999997 0.000000
vn 0.002246 -0.999997 0.000000
vn 0.002246 -0.999997 0.000000
vn 0.002246 -0.999997 0.000000
vn 0.002246 -0.999997 0.000000
vn 0.002246 -0.999997 0.000000
vn 0.002246 -0.999997 0.000000
vn 0.002246 -0.999997 0.000000
vn 0.002246 -0.999997 0.000000
vn 0.002246 -0.999997 0.000000
vn 0.002246 -0.999997 0.000000
vn 0.002246 -0.999997 0.000000
vn 0.002246 -0.999997 0.000000
vn 0.002246 -0.999997 0.000000
vn 0.002246 -0.999997 0.000000
vn 0.002246 -0.999997 0.000000
vn 0.002246 -0.999997 0.000000
vn 0.002246 -0.999997 0.000000
vn 0.002246 -0.999997 0.000000
vn 0.002246 -0.999997 0.000000
vn 0.002246 -0.999997 0.000000
vn 0.002246 -0.999997 0.000000
vn 0.002246 -0.999997 0.000000
vn -0.043437 -0.000098 -0.999056
vn 0.043437 0.000098 -0.999056
vn 0.215566 0.000484 -0.976489
vn 0.000000 0.000000 1.000000
vn 0.461302 0.001036 -0.887243
vn 0.536771 0.001206 -0.843727
vn 0.675069 0.001516 -0.737753
vn 0.737752 0.001657 -0.675069
vn 0.843726 0.001895 -0.536771
vn 0.887242 0.001993 -0.461300
vn 0.953703 0.002142 -0.300744
vn 0.976486 0.002193 -0.215568
vn 0.999054 0.002244 -0.043439
vn 0.000000 0.000000 1.000000
vn 0.976486 0.002193 0.215569
vn 0.953702 0.002142 0.300745
vn 0.887242 0.001993 0.461300
vn 0.843725 0.001895 0.536772
vn 0.737752 0.001657 0.675069
vn 0.675070 0.001516 0.737752
vn 0.536773 0.001206 0.843726
vn 0.461302 0.001036 0.887243
vn 0.300744 0.000675 0.953705
vn 0.215566 0.000484 0.976489
vn 0.043437 0.000098 0.999056
vn -0.043437 -0.000098 0.999056
vn -0.215567 -0.000484 0.976489
vn -0.300745 -0.000675 0.953704
vn -0.461960 -0.001038 0.886900
vn -0.538230 -0.001209 0.842797
vn -0.676672 -0.001520 0.736283
vn -0.738555 -0.001659 0.674191
vn -0.843727 -0.001895 0.536770
vn -0.887241 -0.001993 0.461303
vn -0.953239 -0.002141 0.302209
vn -0.975805 -0.002192 0.218631
vn -0.998983 -0.002244 0.045042
vn -0.998983 -0.002244 -0.045042
vn -0.975805 -0.002192 -0.218631
vn -0.953239 -0.002141 -0.302209
vn -0.887241 -0.001993 -0.461302
vn -0.843727 -0.001895 -0.536769
vn -0.738555 -0.001659 -0.674191
vn -0.676671 -0.001520 -0.736284
vn -0.538228 -0.001209 -0.842798
vn -0.461960 -0.001038 -0.886900
vn -0.300747 -0.000675 -0.953704
vn -0.215568 -0.000484 -0.976489
vn -0.043437 -0.000098 -0.999056
vn 0.000000 0.000000 1.000000
vn 0.215567 0.000484 -0.976489
vn 0.300746 0.000675 -0.953704
vn 0.461301 0.001036 -0.887243
vn 0.536770 0.001206 -0.843728
vn 0.675068 0.001516 -0.737754
vn 0.737752 0.001657 -0.675069
vn 0.843726 0.001895 -0.536771
vn 0.887241 0.001993 -0.461302
vn 0.953702 0.002142 -0.300745
vn 0.976487 0.002193 -0.215567
vn 0.999054 0.002244 -0.043437
vn 0.999054 0.002244 0.043437
vn 0.976487 0.002193 0.215567
vn 0.953702 0.002142 0.300746
vn 0.887241 0.001993 0.461302
vn 0.843725 0.001895 0.536772
vn 0.737752 0.001657 0.675069
vn 0.675069 0.001516 0.737753
vn 0.536772 0.001206 0.843727
vn 0.461301 0.001036 0.887243
vn 0.300745 0.000675 0.953704
vn 0.215567 0.000484 0.976489
vn 0.043437 0.000098 0.999056
vn -0.043437 -0.000098 0.999056
vn -0.215566 -0.000484 0.976489
vn -0.300745 -0.000675 0.953704
vn -0.461960 -0.001038 0.886900
vn -0.538230 -0.001209 0.842797
vn -0.676672 -0.001520 0.736283
vn -0.738554 -0.001659 0.674192
vn -0.843726 -0.001895 0.536772
vn -0.887241 -0.001993 0.461303
vn -0.953239 -0.002141 0.302209
vn -0.975805 -0.002192 0.218632
vn -0.998983 -0.002244 0.045042
vn 0.000000 0.000000 1.000000
vn -0.975805 -0.002192 -0.218632
vn -0.953240 -0.002141 -0.302208
vn -0.887241 -0.001993 -0.461302
vn -0.843726 -0.001895 -0.536771
vn -0.738554 -0.001659 -0.674192
vn -0.676671 -0.001520 -0.736284
vn -0.538229 -0.001209 -0.842798
vn -0.461960 -0.001038 -0.886900
vn -0.300746 -0.000675 -0.953704
vn -0.215567 -0.000484 -0.976489
vn -0.043437 -0.000098 -0.999056
vn 0.043437 0.000098 -0.999056
vn 0.215566 0.000484 -0.976489
vn 0.300744 0.000675 -0.953705
vn 0.461302 0.001036 -0.887243
vn 0.536773 0.001206 -0.843726
vn 0.675070 0.001516 -0.737752
vn 0.737752 0.001657 -0.675069
vn 0.843725 0.001895 -0.536772
vn 0.887242 0.001993 -0.461300
vn 0.953702 0.002142 -0.300745
vn 0.976486 0.002193 -0.215569
vn 0.999054 0.002244 -0.043439
vn 0.999054 0.002244 0.043439
vn 0.976486 0.002193 0.215568
vn 0.000000 0.000000 1.000000
vn 0.887242 0.001993 0.461300
vn 0.843726 0.001895 0.536771
vn 0.737752 0.001657 0.675069
vn 0.675069 0.001516 0.737753
vn 0.536772 0.001206 0.843727
vn 0.461302 0.001036 0.887243
vn 0.300746 0.000675 0.953704
vn 0.215566 0.000484 0.976489
vn 0.043437 0.000098 0.999056
vn 0.000000 0.000000 1.000000
vn -0.215568 -0.000484 0.976489
vn -0.300747 -0.000675 0.953704
vn -0.461960 -0.001038 0.886900
vn -0.538228 -0.001209 0.842798
vn -0.676671 -0.001520 0.736284
vn -0.738555 -0.001659 0.674191
vn -0.843727 -0.001895 0.536769
vn -0.887241 -0.001993 0.461302
vn -0.953239 -0.002141 0.302209
vn -0.975805 -0.002192 0.218631
vn -0.998983 -0.002244 0.045042
vn -0.998983 -0.002244 -0.045042
vn -0.975805 -0.002192 -0.218631
vn -0.953239 -0.002141 -0.302209
vn -0.887241 -0.001993 -0.461303
vn -0.843727 -0.001895 -0.536770
vn -0.738555 -0.001659 -0.674191
vn -0.676672 -0.001520 -0.736283
vn -0.538230 -0.001209 -0.842797
vn -0.461960 -0.001038 -0.886900
vn -0.300745 -0.000675 -0.953704
vn -0.215567 -0.000484 -0.976489
vn -0.043437 -0.000098 -0.999056
vn 0.043437 0.000098 -0.999056
vn 0.215567 0.000484 -0.976489
vn 0.300745 0.000675 -0.953704
vn 0.461301 0.001036 -0.887243
vn 0.536772 0.001206 -0.843727
vn 0.675069 0.001516 -0.737753
vn 0.737752 0.001657 -0.675069
vn 0.843725 0.001895 -0.536772
vn 0.887241 0.001993 -0.461302
vn 0.953702 0.002142 -0.300746
vn 0.976487 0.002193 -0.215567
vn 0.999054 0.002244 -0.043437
vn 0.999054 0.002244 0.043437
vn 0.976487 0.002193 0.215567
vn 0.953702 0.002142 0.300745
vn 0.887241 0.001993 0.461302
vn 0.843726 0.001895 0.536771
vn 0.737752 0.001657 0.675069
vn 0.675068 0.001516 0.737754
vn 0.536770 0.001206 0.843728
vn 0.461301 0.001036 0.887243
vn 0.300746 0.000675 0.953704
vn 0.215567 0.000484 0.976489
vn 0.043437 0.000098 0.999056
vn -0.043437 -0.000098 0.999056
vn -0.215567 -0.000484 0.976489
vn 0.000000 0.000000 1.000000
vn -0.461960 -0.001038 0.886900
vn -0.538229 -0.001209 0.842798
vn -0.676671 -0.001520 0.736284
vn -0.738554 -0.001659 0.674192
vn -0.843726 -0.001895 0.536771
vn -0.887241 -0.001993 0.461302
vn -0.953240 -0.002141 0.302208
vn -0.975805 -0.002192 0.218631
vn -0.998983 -0.002244 0.045042
vn 0.000000 0.000000 1.000000
vn -0.975805 -0.002192 -0.218632
vn -0.953239 -0.002141 -0.302209
vn -0.887241 -0.001993 -0.461303
vn -0.843726 -0.001895 -0.536772
vn -0.738554 -0.001659 -0.674192
vn -0.676672 -0.001520 -0.736283
vn -0.538230 -0.001209 -0.842797
vn -0.461960 -0.001038 -0.886900
vn -0.300745 -0.000675 -0.953704
vn -0.215566 -0.000484 -0.976489
vn 0.300074 0.000674 -0.953916
vn 0.044107 0.000099 -0.999027
vn -0.216151 -0.000485 -0.976360
vn -0.461282 -0.001036 -0.887253
vn -0.676322 -0.001519 -0.736605
vn -0.843083 -0.001893 -0.537780
vn -0.953491 -0.002141 -0.301413
vn -0.999024 -0.002244 -0.044107
vn -0.976202 -0.002192 0.216853
vn -0.886949 -0.001992 0.461862
vn -0.737671 -0.001657 0.675159
vn -0.538301 -0.001209 0.842752
vn -0.300074 -0.000674 0.953916
vn -0.044107 -0.000099 0.999027
vn 0.216151 0.000485 0.976360
vn 0.460981 0.001035 0.887409
vn 0.675590 0.001517 0.737276
vn 0.843083 0.001893 0.537780
vn 0.953703 0.002142 0.300743
vn 0.999056 0.002244 0.043374
vn 0.976512 0.002193 -0.215451
vn 0.886950 0.001992 -0.461862
vn 0.737304 0.001656 -0.675559
vn 0.537634 0.001207 -0.843177
vn 0.999997 0.002246 0.000000
vn 0.391854 0.920028 0.000000
vn 0.263048 0.000591 -0.964783
vn 0.999997 0.002246 0.000000
vn -0.001912 0.851307 -0.524664
vn -0.001113 0.495581 -0.868561
vn -0.175563 0.185647 -0.966806
vn -0.001014 0.451689 -0.892175
vn -0.001902 0.846695 -0.532076
vn -0.000905 0.402803 -0.915286
vn -0.000446 0.198540 -0.980093
vn -0.999997 -0.002246 0.000000
vn -0.288064 -0.002510 -0.957608
vn -0.999886 -0.015110 0.000000
vn -0.971889 -0.166471 -0.166489
vn -0.999808 -0.019580 0.000000
vn 0.000000 0.000000 1.000000
vn -0.304229 -0.051546 -0.951203
vn -0.982455 -0.186503 0.000000
vn -0.278677 -0.052558 -0.958946
vn -0.970585 -0.240695 0.005580
vn -0.979865 -0.199662 -0.000016
vn -0.982270 -0.187474 -0.000013
vn -0.018314 -0.986755 -0.161178
vn -0.005193 -0.999987 0.000000
vn 0.000000 0.000000 1.000000
vn -0.265255 -0.964179 0.000000
vn -0.410552 -0.911837 0.000000
vn -0.479223 -0.877693 0.000000
vn -0.606800 -0.794854 0.000000
vn -0.665758 -0.746168 0.000000
vn 0.000000 0.000000 -1.000000
vn -0.819176 -0.573542 0.000000
vn -0.897755 -0.440496 0.000000
vn -0.929341 -0.369223 0.000000
vn 0.000000 0.000000 -1.000000
vn 0.000000 0.000000 -1.000000
vn 0.000000 0.000000 -1.000000
vn 0.000000 0.000000 -1.000000
vn 0.000000 0.000000 -1.000000
vn 0.000000 0.000000 -1.000000
vn -0.013655 -0.262687 -0.964785
vn -0.021493 -0.984802 -0.172344
vn 0.000691 -0.307565 -0.951527
vn 0.000000 0.000000 1.000000
vn -0.230818 -0.972997 0.000059
vn -0.242016 0.955925 -0.166237
vn -0.065666 0.943984 -0.323391
vn -0.062019 0.998074 0.001517
vn 0.000000 0.000000 1.000000
vn -0.462860 0.886424 -0.003551
vn -0.376576 0.913159 -0.155987
vn -0.687191 0.726471 -0.002952
vn -0.843277 0.537470 -0.003219
vn -0.771129 0.636665 -0.004250
vn -0.720941 0.620792 -0.307996
vn -0.586479 0.809956 -0.003720
vn -0.544397 0.777365 -0.315174
vn -0.947892 0.318573 -0.003536
vn -0.996828 0.079504 -0.003636
vn -0.982978 0.183653 -0.005098
vn -0.948557 0.208554 -0.238211
vn -0.906197 0.422830 -0.004639
vn -0.854021 0.424048 -0.301382
vn -0.929259 -0.369367 -0.006783
vn -0.969303 -0.245810 -0.005370
vn -0.990063 -0.140564 -0.004200
vn -0.980964 -0.083853 -0.175152
vn -0.999939 -0.002246 -0.010834
vn -0.808860 -0.587969 -0.006150
vn -0.882323 -0.470617 -0.004993
vn -0.883017 -0.373922 -0.283662
vn -0.637995 -0.770023 -0.005225
vn -0.740965 -0.671529 -0.004397
vn -0.754526 -0.588418 -0.290610
vn -0.210331 -0.936642 -0.280111
vn -0.355017 -0.914145 -0.195710
vn -0.453687 -0.891155 -0.003247
vn -0.557685 -0.830045 -0.003578
vn -0.576420 -0.760797 -0.298208
vn -0.016776 0.224966 -0.974222
vn -0.058472 0.256835 -0.964685
vn -0.117778 0.223112 -0.967651
vn -0.133428 0.143651 -0.980592
vn 0.000000 0.000000 -1.000000
vn -0.133970 0.035621 -0.990345
vn 0.000000 0.000000 -1.000000
vn -0.030920 -0.006127 -0.999503
vn 0.000000 0.000000 -1.000000
vn 0.000000 0.000000 -1.000000
vn -0.135551 -0.223807 -0.965161
vn -0.060846 -0.206776 -0.976495
vn -0.029913 0.999553 0.000000
vn -0.000722 0.321373 -0.946953
vn -0.069046 0.997614 0.000000
vn -0.201539 0.976496 -0.076413
vn -0.287495 0.957782 0.000000
vn -0.438827 0.898572 0.000000
vn -0.510798 0.859701 0.000000
vn -0.644048 0.764985 0.000000
vn -0.705284 0.708925 0.000000
vn -0.812459 0.583019 0.000000
vn 0.000000 0.000000 -1.000000
vn -0.930147 0.367187 0.000000
vn -0.956700 0.291075 0.000000
vn -0.991511 0.130025 0.000000
vn -0.998970 0.045385 0.000000
vn -0.992867 -0.119230 0.000000
vn -0.979819 -0.199889 0.000000
vn -0.924271 -0.326857 -0.197199
vn -0.946199 -0.323182 0.016124
vn -0.216809 -0.079816 -0.972946
vn 0.000000 0.000000 -1.000000
vn 0.000000 0.000000 -1.000000
vn 0.000000 0.000000 -1.000000
vn 0.000000 0.000000 -1.000000
vn 0.000000 0.000000 -1.000000
vn 0.000000 0.000000 -1.000000
vn 0.000000 0.000000 -1.000000
vn -0.164998 -0.291917 -0.942104
vn -0.484015 -0.875060 0.000000
vn -0.628698 -0.777649 0.000000
vn -0.200479 -0.247448 -0.947933
vn -0.797121 -0.603820 0.000000
vn -0.255127 -0.192804 -0.947490
vn -0.843194 -0.509830 -0.170583
vn -0.199478 -0.118111 -0.972758
vn 0.969301 -0.053240 -0.240043
vn 0.999676 -0.025448 0.000000
vn 0.000000 0.000000 1.000000
vn 0.949757 -0.273538 -0.152116
vn 0.900533 -0.434787 0.000000
vn 0.855559 -0.511019 -0.082936
vn 0.767871 -0.640605 0.000000
vn 0.704779 -0.704557 -0.082982
vn 0.586663 -0.809831 0.000000
vn 0.509296 -0.856583 -0.082971
vn 0.000000 0.000000 -1.000000
vn 0.284582 -0.955060 -0.082901
vn 0.132963 -0.991121 0.000000
vn 0.056931 -0.986778 -0.151748
vn -0.112391 -0.993664 0.000000
vn -0.185990 -0.970760 -0.151766
vn -0.461156 -0.887281 0.008233
vn 0.195190 -0.008433 -0.980729
vn 0.143475 -0.055390 -0.988103
vn 0.000000 0.000000 -1.000000
vn 0.000000 0.000000 -1.000000
vn 0.000000 0.000000 -1.000000
vn 0.000000 0.000000 -1.000000
vn 0.000000 0.000000 -1.000000
vn 0.000000 0.000000 -1.000000
vn 0.343383 -0.022894 -0.938916
vn 0.998338 -0.057604 0.001657
vn 0.000000 0.000000 1.000000
vn -0.937985 -0.066232 -0.340289
vn -0.999578 -0.029046 0.000000
vn -0.997997 -0.063245 0.001624
vn -0.997764 -0.066832 0.000000
vn -0.953638 -0.242366 -0.178420
vn 0.972997 -0.230817 0.000064
vn 0.000000 0.000000 1.000000
vn -0.886424 -0.462860 -0.003688
vn -0.911866 -0.375224 -0.166454
vn -0.726077 -0.687605 -0.003219
vn -0.809416 -0.587223 -0.003776
vn -0.771722 -0.542999 -0.331054
vn -0.537470 -0.843275 -0.003655
vn -0.318574 -0.947890 -0.003932
vn -0.422829 -0.906194 -0.005267
vn -0.420002 -0.849825 -0.318428
vn -0.637222 -0.770666 -0.004641
vn -0.616528 -0.717385 -0.324427
vn 0.127957 -0.991750 -0.007631
vn 0.002246 -0.999980 -0.005909
vn -0.108095 -0.994129 -0.004759
vn -0.183652 -0.982975 -0.005668
vn -0.206084 -0.945237 -0.253095
vn 0.369367 -0.929256 -0.007188
vn 0.245811 -0.969301 -0.005748
vn 0.133487 -0.947273 -0.291299
vn 0.587605 -0.809122 -0.006566
vn 0.470618 -0.882322 -0.005234
vn 0.372654 -0.878474 -0.299020
vn 0.770396 -0.637539 -0.005892
vn 0.671528 -0.740963 -0.004797
vn 0.584802 -0.751162 -0.306208
vn 0.932129 -0.208360 -0.296179
vn 0.911068 -0.355091 -0.209442
vn 0.000000 0.000000 1.000000
vn 0.831124 -0.556072 -0.004198
vn 0.756807 -0.573093 -0.314335
vn -0.246190 -0.018377 -0.969047
vn -0.223969 -0.051293 -0.973246
vn -0.391547 -0.206694 -0.896643
vn -0.094721 -0.095147 -0.990947
vn 0.000000 0.000000 -1.000000
vn -0.035637 -0.134031 -0.990336
vn 0.000000 0.000000 -1.000000
vn 0.006132 -0.030816 -0.999506
vn 0.000000 0.000000 -1.000000
vn 0.298451 -0.309047 -0.903004
vn 0.377959 -0.228914 -0.897076
vn 0.200928 -0.059125 -0.977820
vn -0.256125 -0.000575 -0.966644
vn 0.984803 -0.173678 0.000000
vn 0.999883 -0.015296 0.000000
vn 0.000000 0.000000 1.000000
vn 0.000000 0.000000 1.000000
vn 0.312840 -0.006167 -0.949786
vn 0.289129 -0.051622 -0.955898
vn 0.264616 -0.048676 -0.963125
vn 0.935979 -0.176774 -0.304457
vn 0.983265 -0.182183 -0.000018
vn 0.000000 0.000000 1.000000
vn 0.983376 -0.181582 -0.000008
vn 0.000000 0.000000 1.000000
vn 0.008226 -0.984323 -0.176184
vn 0.192724 -0.981253 0.000000
vn 0.000000 0.000000 1.000000
vn 0.414643 -0.909984 0.000000
vn 0.483160 -0.875532 0.000000
vn 0.610365 -0.792121 0.000000
vn 0.669105 -0.743168 0.000000
vn 0.774989 -0.631974 0.000000
vn 0.000000 0.000000 -1.000000
vn 0.899723 -0.436462 0.000000
vn 0.930990 -0.365044 0.000000
vn 0.000000 0.000000 -1.000000
vn 0.000000 0.000000 -1.000000
vn 0.000000 0.000000 -1.000000
vn 0.000000 0.000000 -1.000000
vn 0.000000 0.000000 -1.000000
vn 0.000000 0.000000 -1.000000
vn 0.035013 -0.972047 -0.232161
vn 0.007757 -0.355547 -0.934626
vn 0.000346 -0.154193 -0.988041
vn 0.027790 -0.999614 0.000636
vn 0.230817 0.972997 0.000156
vn 0.000000 0.000000 1.000000
vn 0.057570 0.998340 0.001547
vn 0.242158 -0.955865 -0.166380
vn 0.000000 0.000000 1.000000
vn 0.462610 -0.886556 -0.003289
vn 0.376239 -0.913436 -0.155175
vn 0.687998 -0.725706 -0.003007
vn 0.586152 -0.810194 -0.003412
vn 0.544488 -0.777591 -0.314460
vn 0.842920 -0.538028 -0.003512
vn 0.948128 -0.317868 -0.003719
vn 0.905762 -0.423758 -0.005060
vn 0.853336 -0.424842 -0.302204
vn 0.771223 -0.636551 -0.004336
vn 0.721518 -0.619745 -0.308754
vn 0.991948 0.126448 -0.007108
vn 0.999983 0.002246 -0.005417
vn 0.994232 -0.107163 -0.004363
vn 0.983383 -0.181462 -0.005363
vn 0.948992 -0.206579 -0.238200
vn 0.929258 0.369367 -0.006859
vn 0.969859 0.243607 -0.005443
vn 0.952150 0.131615 -0.275841
vn 0.809123 0.587606 -0.006230
vn 0.881348 0.472441 -0.005033
vn 0.883041 0.374238 -0.283167
vn 0.637162 0.770711 -0.005424
vn 0.742133 0.670237 -0.004486
vn 0.755395 0.587343 -0.290528
vn 0.210310 0.936758 -0.279741
vn 0.356159 0.913695 -0.195736
vn 0.452845 0.891583 -0.003450
vn 0.554987 0.831850 -0.003798
vn 0.575407 0.761588 -0.298144
vn 0.061299 -0.267658 -0.961562
vn 0.110408 -0.209150 -0.971631
vn 0.133276 -0.143920 -0.980574
vn 0.000000 0.000000 -1.000000
vn 0.134050 -0.035511 -0.990338
vn 0.000000 0.000000 -1.000000
vn 0.030824 0.006005 -0.999507
vn 0.000000 0.000000 -1.000000
vn 0.153093 0.147844 -0.977090
vn 0.145376 0.240565 -0.959685
vn 0.025271 0.376210 -0.926190
vn 0.063514 0.215842 -0.974360
vn 0.008441 0.195070 -0.980753
vn 0.054135 0.972696 -0.225681
vn 0.025472 0.999676 0.000000
vn 0.203606 0.979053 0.000000
vn 0.287581 0.954703 -0.076421
vn 0.434252 0.900792 0.000000
vn 0.507531 0.861633 0.000000
vn 0.641952 0.766745 0.000000
vn 0.702775 0.711412 0.000000
vn 0.000000 0.000000 -1.000000
vn 0.854765 0.519016 0.000000
vn 0.928018 0.372536 0.000000
vn 0.955768 0.294123 0.000000
vn 0.991277 0.131799 0.000000
vn 0.998823 0.048516 0.000000
vn 0.993392 -0.114768 0.000000
vn 0.980706 -0.195487 0.000000
vn 0.946447 -0.322749 -0.008414
vn 0.921329 -0.335863 -0.195829
vn 0.055451 0.144261 -0.987985
vn 0.000000 0.000000 -1.000000
vn 0.000000 0.000000 -1.000000
vn 0.000000 0.000000 -1.000000
vn 0.000000 0.000000 -1.000000
vn 0.000000 0.000000 -1.000000
vn 0.000000 0.000000 -1.000000
vn 0.152373 -0.067457 -0.986018
vn 0.853907 -0.520426 0.000000
vn 0.292963 -0.180173 -0.938994
vn 0.746267 -0.665647 0.000000
vn 0.217369 -0.194287 -0.956558
vn 0.583701 -0.811969 0.000000
vn 0.190338 -0.276118 -0.942088
vn 0.440941 -0.847521 -0.295429
vn 0.100729 -0.188818 -0.976832
vn 0.109613 -0.990510 -0.082913
vn 0.000000 0.000000 -1.000000
vn -0.120843 -0.981020 -0.151648
vn 0.000000 0.000000 -1.000000
vn -0.356354 -0.921932 -0.151833
vn 0.000000 0.000000 -1.000000
vn -0.585874 -0.806144 -0.082969
vn 0.000000 0.000000 -1.000000
vn -0.766155 -0.637283 -0.082931
vn 0.000000 0.000000 -1.000000
vn -0.898441 -0.431209 -0.082839
vn 0.000000 0.000000 -1.000000
vn -0.976742 -0.197656 -0.083107
vn 0.000000 0.000000 -1.000000
vn -0.958268 -0.285871 0.000000
vn -0.859700 -0.510799 0.000000
vn -0.707561 -0.706652 0.000000
vn -0.513773 -0.857926 0.000000
vn 0.000000 0.000000 -1.000000
vn -0.046812 -0.998904 0.000000
vn 0.198843 -0.980031 0.000000
vn 0.483826 -0.875140 0.006553
vn 0.333549 -0.942718 0.005333
vn 0.606184 -0.795320 0.002637
vn 0.000000 0.000000 1.000000
vn -0.165350 -0.986235 0.000000
vn -0.081553 -0.996669 0.000000
vn 0.086029 -0.996293 0.000000
vn 0.169778 -0.985482 0.000000
vn 0.000000 0.000000 1.000000
vn 0.000000 0.000000 1.000000
vn -0.259764 -0.965672 0.000000
vn 0.000000 0.000000 1.000000
vn 0.000000 0.000000 1.000000
vn 0.000000 0.000000 1.000000
vn 0.000000 0.000000 1.000000
vn 0.000000 0.000000 1.000000
vn 0.000000 0.000000 1.000000
vn 0.041629 0.999133 0.000000
vn -0.218325 0.975876 0.000000
vn -0.463227 0.886240 0.000000
vn 0.000000 0.000000 -1.000000
vn 0.975995 0.217795 0.000000
vn 0.999131 -0.041684 0.000000
vn 0.954502 -0.298205 0.000000
vn 0.845020 -0.534735 0.000000
vn 0.676640 -0.736314 0.000000
vn 0.464213 -0.885724 0.000000
vn 0.218990 -0.975727 0.000000
vn 0.000000 0.000000 1.000000
vn 0.000000 0.000000 -1.000000
vn 0.000000 0.000000 -1.000000
vn 0.791392 0.611310 0.000000
vn 0.000000 0.000000 1.000000
vn -0.300491 -0.953785 0.000000
vn -0.534981 -0.844864 0.000000
vn -0.736261 -0.676697 0.000000
vn -0.885476 -0.464686 0.000000
vn -0.975608 -0.219520 0.000000
vn -0.999133 0.041627 0.000000
vn -0.953898 0.300130 0.000000
vn 0.000000 0.000000 1.000000
vn 0.000000 0.000000 1.000000
vn 0.000000 0.000000 1.000000
vn 0.000000 0.000000 1.000000
vn 0.000000 0.000000 1.000000
vn 0.000000 0.000000 1.000000
vn 0.000000 0.000000 1.000000
vn 0.000000 0.000000 1.000000
vn 0.000000 0.000000 1.000000
vn 0.000000 0.000000 1.000000
vn 0.000000 0.000000 1.000000
vn 0.000000 0.000000 1.000000
vn 0.000000 0.000000 1.000000
vn 0.000000 0.000000 1.000000
vn 0.000000 0.000000 1.000000
vn 0.000000 0.000000 1.000000
vn 0.000000 0.000000 1.000000
vn 0.213410 0.976963 0.000000
vn 0.000000 0.000000 1.000000
vn -0.302492 0.953152 0.000000
vn -0.539662 0.841881 0.000000
vn 0.000000 0.000000 1.000000
vn 0.000000 0.000000 1.000000
vn 0.000000 0.000000 1.000000
vn 0.000000 0.000000 1.000000
vn 0.000000 0.000000 1.000000
vn 0.000000 0.000000 1.000000
vn 0.000000 0.000000 1.000000
vn 0.000000 0.000000 1.000000
vn 0.000000 0.000000 1.000000
vn 0.000000 0.000000 1.000000
vn 0.000000 0.000000 1.000000
vn 0.000000 0.000000 1.000000
vn 0.000000 0.000000 1.000000
vn 0.000000 0.000000 1.000000
vn 0.000000 0.000000 1.000000
vn 0.000000 0.000000 1.000000
vn 0.000000 0.000000 1.000000
vn 0.000000 0.000000 1.000000
vn 0.000000 0.000000 1.000000
vn 0.000000 0.000000 1.000000
vn 0.000000 0.000000 1.000000
vn 0.000000 0.000000 1.000000
vn 0.000000 0.000000 1.000000
vn 0.000000 0.000000 1.000000
vn 0.000000 0.000000 1.000000
vn 0.000000 0.000000 1.000000
vn 0.000000 0.000000 1.000000
vn 0.000000 0.000000 1.000000
vn 0.000000 0.000000 1.000000
vn 0.000000 0.000000 1.000000
vn -0.992770 -0.085985 0.083755
vn 0.000000 0.000000 1.000000
vn 0.999131 -0.041684 0.000000
vn 0.975995 0.217795 0.000000
vn 0.886241 0.463225 0.000000
vn 0.735686 0.677322 0.000000
vn 0.535874 0.844298 0.000000
vn 0.297847 0.954614 0.000000
vn 0.041629 0.999133 0.000000
vn -0.218324 0.975876 0.000000
vn -0.463226 0.886240 0.000000
vn -0.677322 0.735687 0.000000
vn -0.843729 0.536769 0.000000
vn -0.953898 0.300130 0.000000
vn -0.999133 0.041627 0.000000
vn 0.000000 0.000000 -1.000000
vn 0.000000 0.000000 -1.000000
vn 0.000000 0.000000 -1.000000
vn 0.000000 0.000000 -1.000000
vn 0.000000 0.000000 -1.000000
vn 0.000000 0.000000 -1.000000
vn 0.000000 0.000000 -1.000000
vn 0.000000 0.000000 -1.000000
vn 0.000000 0.000000 -1.000000
vn 0.000000 0.000000 -1.000000
vn 0.954502 -0.298205 0.000000
vn 0.002246 -0.999997 0.000000
vn 0.000000 0.000000 1.000000
vn 0.002246 -0.999997 0.000000
vn 0.000000 0.000000 -1.000000
vn 0.000000 0.000000 -1.000000
vn 0.000000 0.000000 -1.000000
vn 0.000000 0.000000 -1.000000
vn 0.999883 -0.015296 0.000000
vn 0.999942 -0.010772 0.000000
vn 0.288080 -0.001240 0.957606
vn 0.304702 -0.050289 0.951119
vn 0.279027 -0.051327 0.958911
vn 0.972596 -0.162293 0.166485
vn 0.983282 -0.182088 0.000000
vn 0.000000 0.000000 -1.000000
vn 0.000000 0.000000 1.000000
vn 0.983265 -0.182183 0.000018
vn 0.983102 -0.183060 0.000013
vn 0.022756 -0.986666 0.161161
vn 0.009689 -0.999953 0.000000
vn 0.000000 0.000000 1.000000
vn 0.269582 -0.962977 0.000000
vn 0.000000 0.000000 1.000000
vn 0.483160 -0.875532 0.000000
vn 0.610365 -0.792121 0.000000
vn 0.669105 -0.743168 0.000000
vn 0.000000 0.000000 1.000000
vn 0.821742 -0.569859 0.000000
vn 0.899723 -0.436462 0.000000
vn 0.930990 -0.365044 0.000000
vn 0.000000 0.000000 1.000000
vn 0.000000 0.000000 1.000000
vn 0.000000 0.000000 1.000000
vn 0.000000 0.000000 1.000000
vn 0.000000 0.000000 1.000000
vn 0.000000 0.000000 1.000000
vn 0.011598 -0.257296 0.966263
vn 0.022530 -0.984756 0.172478
vn 0.000691 -0.307572 0.951525
vn 0.000000 0.000000 1.000000
vn 0.196726 -0.980458 0.000000
vn 0.250815 -0.947028 0.200573
vn 0.417857 -0.908513 0.000000
vn 0.465308 -0.861223 0.204411
vn 0.625969 -0.779848 0.000000
vn 0.660433 -0.722492 0.204532
vn 0.796521 -0.604611 0.000000
vn 0.815504 -0.541381 0.204597
vn 0.918769 -0.394794 0.000000
vn 0.922278 -0.327898 0.204660
vn 0.987156 -0.159759 0.000000
vn 0.974247 -0.094637 0.204660
vn 0.996533 0.083202 0.000000
vn 0.968271 0.143329 0.204715
vn 0.946697 0.322126 0.000000
vn 0.904508 0.374123 0.204686
vn 0.840500 0.541812 0.000000
vn 0.787513 0.581312 0.204693
vn 0.684318 0.729184 0.000000
vn 0.622200 0.755768 0.204162
vn 0.486547 0.873655 0.000000
vn 0.421647 0.883361 0.204664
vn 0.268723 0.963217 0.000000
vn 0.204231 0.956395 0.208802
vn 0.050759 0.998711 0.000000
vn 0.048865 0.945056 0.323236
vn 0.073454 -0.263172 0.961948
vn 0.134199 -0.240247 0.961391
vn 0.166215 -0.176921 0.970088
vn 0.000000 0.000000 1.000000
vn 0.251749 -0.085602 0.963999
vn 0.183925 -0.015345 0.982821
vn 0.182093 0.029555 0.982837
vn 0.244308 0.105005 0.963996
vn 0.238488 0.181453 0.954043
vn 0.032119 0.047837 0.998339
vn 0.000000 0.000000 1.000000
vn 0.059997 0.301453 0.951591
vn 0.011323 0.202988 0.979116
vn 0.025472 0.999676 0.000000
vn -0.000440 0.195922 0.980619
vn 0.064636 0.997909 0.000000
vn 0.196905 0.977448 0.076320
vn 0.282444 0.959284 0.000000
vn 0.434252 0.900792 0.000000
vn 0.507531 0.861633 0.000000
vn 0.641952 0.766745 0.000000
vn 0.702775 0.711412 0.000000
vn 0.809182 0.587558 0.000000
vn 0.000000 0.000000 1.000000
vn 0.928018 0.372536 0.000000
vn 0.955768 0.294123 0.000000
vn 0.991277 0.131799 0.000000
vn 0.998823 0.048516 0.000000
vn 0.993392 -0.114768 0.000000
vn 0.980706 -0.195487 0.000000
vn 0.925729 -0.322704 0.197200
vn 0.945553 -0.325346 0.008872
vn 0.245901 -0.089274 0.965175
vn 0.206662 -0.007065 0.978387
vn 0.341299 0.074751 0.936978
vn 0.634048 0.317368 0.705167
vn 0.538147 0.462544 0.704593
vn 0.409455 0.579450 0.704688
vn 0.254624 0.662435 0.704519
vn 0.088000 0.705315 0.703411
vn 0.166327 -0.291112 0.942119
vn 0.487940 -0.872877 0.000000
vn 0.632185 -0.774817 0.000000
vn 0.201616 -0.246523 0.947933
vn 0.799825 -0.600233 0.000000
vn 0.255990 -0.191656 0.947490
vn 0.845475 -0.506037 0.170583
vn 0.000000 0.000000 1.000000
vn -0.969151 -0.055812 0.240066
vn -0.999578 -0.029046 0.000000
vn 0.000000 0.000000 1.000000
vn -0.952965 -0.291512 0.082932
vn -0.898571 -0.438828 0.000000
vn -0.853255 -0.514857 0.082935
vn -0.764313 -0.644845 0.000000
vn -0.700188 -0.709113 0.083043
vn -0.582374 -0.812921 0.000000
vn -0.506152 -0.858472 0.082680
vn 0.000000 0.000000 1.000000
vn -0.290876 -0.944655 0.151720
vn -0.128509 -0.991708 0.000000
vn -0.052498 -0.987024 0.151748
vn 0.116853 -0.993149 0.000000
vn 0.190348 -0.969915 0.151765
vn 0.465137 -0.885201 -0.008233
vn -0.195232 -0.009027 0.980716
vn -0.143400 -0.056103 0.988073
vn 0.000000 0.000000 1.000000
vn 0.000000 0.000000 1.000000
vn 0.000000 0.000000 1.000000
vn 0.000000 0.000000 1.000000
vn 0.000000 0.000000 1.000000
vn 0.000000 0.000000 1.000000
vn -0.341094 -0.019960 0.939817
vn -0.998402 -0.056510 0.000000
vn 0.000000 0.000000 1.000000
vn 0.939159 -0.048658 0.340020
vn 0.999676 -0.025448 0.000000
vn 0.998708 -0.050823 0.000000
vn 0.997918 -0.064492 0.000000
vn -0.980427 -0.196884 0.000000
vn -0.944582 -0.248795 0.214164
vn -0.908649 -0.417561 0.000000
vn -0.859019 -0.463031 0.218378
vn -0.779541 -0.626351 0.000000
vn -0.721376 -0.657173 0.218496
vn -0.605110 -0.796142 0.000000
vn -0.540263 -0.812720 0.218180
vn -0.394131 -0.919054 0.000000
vn -0.328623 -0.918917 0.218170
vn -0.161290 -0.986907 0.000000
vn -0.096345 -0.971179 0.218010
vn 0.083982 -0.996467 0.000000
vn 0.143016 -0.965462 0.217783
vn 0.322831 -0.946457 0.000000
vn 0.371335 -0.902480 0.218265
vn 0.541256 -0.840858 0.000000
vn 0.578993 -0.785637 0.218041
vn 0.729553 -0.683924 0.000000
vn 0.752196 -0.621665 0.218479
vn 0.873468 -0.486882 0.000000
vn 0.880276 -0.421103 0.218601
vn 0.963276 -0.268513 0.000000
vn 0.953048 -0.204888 0.222980
vn -0.201626 -0.056234 0.977847
vn -0.404404 -0.226077 0.886198
vn -0.319900 -0.300541 0.898521
vn 0.000000 0.000000 1.000000
vn -0.085808 -0.251802 0.963967
vn -0.015348 -0.183956 0.982815
vn 0.029683 -0.182081 0.982835
vn 0.104854 -0.244394 0.963990
vn 0.113992 -0.149955 0.982099
vn 0.342153 -0.274504 0.898654
vn 0.421035 -0.193505 0.886163
vn 0.212055 -0.042237 0.976345
vn 0.244480 -0.013638 0.969558
vn 0.255717 0.000574 0.966752
vn -0.999585 -0.028809 0.000000
vn 0.000000 0.000000 1.000000
vn -0.999808 -0.019580 0.000000
vn -0.984028 -0.178014 0.000000
vn -0.312797 -0.007488 0.949791
vn -0.288780 -0.052880 0.955934
vn -0.264378 -0.049861 0.963129
vn -0.935176 -0.180976 0.304458
vn -0.978078 -0.208228 -0.002286
vn 0.000000 0.000000 1.000000
vn -0.982550 -0.185998 0.000008
vn 0.000000 0.000000 1.000000
vn -0.003802 -0.984356 0.176149
vn -0.188315 -0.982109 0.000000
vn 0.000000 0.000000 1.000000
vn -0.410552 -0.911837 0.000000
vn -0.479223 -0.877693 0.000000
vn -0.606800 -0.794854 0.000000
vn -0.665758 -0.746168 0.000000
vn -0.772142 -0.635450 0.000000
vn 0.000000 0.000000 1.000000
vn -0.897755 -0.440496 0.000000
vn -0.929341 -0.369223 0.000000
vn 0.000000 0.000000 1.000000
vn 0.000000 0.000000 1.000000
vn 0.000000 0.000000 1.000000
vn 0.000000 0.000000 1.000000
vn 0.000000 0.000000 1.000000
vn 0.000000 0.000000 1.000000
vn -0.023299 -0.973279 0.228440
vn -0.004508 -0.358037 0.933697
vn 0.000346 -0.154116 0.988053
vn -0.019982 -0.999800 0.000000
vn 0.000000 0.000000 1.000000
vn -0.055244 0.998473 0.000000
vn -0.196088 0.980586 0.000000
vn -0.251322 0.947035 0.199903
vn -0.418209 0.908351 0.000000
vn -0.464962 0.861386 0.204510
vn -0.625393 0.780310 0.000000
vn -0.659837 0.723116 0.204249
vn -0.796143 0.605109 0.000000
vn -0.815824 0.541088 0.204094
vn -0.919054 0.394131 0.000000
vn -0.922136 0.328456 0.204405
vn -0.986907 0.161289 0.000000
vn -0.974248 0.095382 0.204309
vn -0.996467 -0.083982 0.000000
vn -0.968200 -0.144688 0.204091
vn -0.946457 -0.322829 0.000000
vn -0.904750 -0.373675 0.204439
vn -0.840858 -0.541255 0.000000
vn -0.787291 -0.581757 0.204283
vn -0.684341 -0.729162 0.000000
vn -0.623370 -0.754737 0.204406
vn -0.487480 -0.873134 0.000000
vn -0.420835 -0.883862 0.204173
vn -0.267766 -0.963484 0.000000
vn -0.205113 -0.956154 0.209041
vn -0.019759 0.341236 0.939770
vn -0.082814 0.296708 0.951371
vn -0.142655 0.255550 0.956213
vn -0.177107 0.188697 0.965933
vn 0.000000 0.000000 1.000000
vn -0.251771 0.085733 0.963982
vn -0.183899 0.015332 0.982826
vn -0.182136 -0.029712 0.982824
vn -0.244434 -0.104951 0.963970
vn 0.000000 0.000000 1.000000
vn -0.163456 -0.203694 0.965293
vn -0.113224 -0.246357 0.962543
vn -0.052528 -0.261535 0.963764
vn -0.009307 0.195103 0.980739
vn -0.058432 0.972420 0.225799
vn -0.029913 0.999553 0.000000
vn -0.208277 0.978070 0.000000
vn -0.292653 0.953168 0.076326
vn -0.438827 0.898572 0.000000
vn -0.510798 0.859701 0.000000
vn -0.644048 0.764985 0.000000
vn -0.705284 0.708925 0.000000
vn 0.000000 0.000000 1.000000
vn -0.858287 0.513170 0.000000
vn -0.930147 0.367187 0.000000
vn -0.956700 0.291075 0.000000
vn -0.991511 0.130025 0.000000
vn -0.998970 0.045385 0.000000
vn -0.992867 -0.119230 0.000000
vn -0.979819 -0.199889 0.000000
vn -0.949133 -0.314750 -0.008842
vn -0.919812 -0.339996 0.195829
vn -0.056135 0.143484 0.988059
vn 0.000000 0.000000 1.000000
vn 0.000000 0.000000 1.000000
vn 0.000000 0.000000 1.000000
vn 0.000000 0.000000 1.000000
vn 0.000000 0.000000 1.000000
vn 0.000000 0.000000 1.000000
vn -0.152069 -0.068140 0.986018
vn -0.851561 -0.524256 0.000000
vn -0.292151 -0.181487 0.938994
vn -0.743269 -0.668993 0.000000
vn -0.216494 -0.195262 0.956558
vn -0.580048 -0.814582 0.000000
vn -0.188987 -0.276874 0.942138
vn -0.437060 -0.849436 0.295696
vn -0.099881 -0.189380 0.976811
vn -0.105163 -0.990993 0.082913
vn 0.000000 0.000000 1.000000
vn 0.125249 -0.980467 0.151648
vn 0.000000 0.000000 1.000000
vn 0.359622 -0.920675 0.151757
vn 0.000000 0.000000 1.000000
vn 0.590241 -0.802952 0.082974
vn 0.000000 0.000000 1.000000
vn 0.769615 -0.633092 0.082996
vn 0.000000 0.000000 1.000000
vn 0.900369 -0.427169 0.082839
vn 0.000000 0.000000 1.000000
vn 0.966472 -0.207057 0.151856
vn 0.000000 0.000000 1.000000
vn 0.959174 -0.282817 0.000000
vn 0.861986 -0.506932 0.000000
vn 0.712087 -0.702092 0.000000
vn 0.517020 -0.855973 0.000000
vn 0.000000 0.000000 1.000000
vn 0.051299 -0.998683 0.000000
vn -0.194439 -0.980915 0.000000
vn -0.479891 -0.877304 -0.006553
vn -0.329311 -0.944206 -0.005333
vn 0.000000 0.000000 1.000000
vn 0.000000 0.000000 -1.000000
vn -0.165350 -0.986235 0.000000
vn -0.081553 -0.996669 0.000000
vn 0.086029 -0.996293 0.000000
vn 0.169778 -0.985482 0.000000
vn 0.000000 0.000000 1.000000
vn 0.264099 -0.964496 0.000000
vn 0.000000 0.000000 1.000000
vn 0.000000 0.000000 -1.000000
vn 0.000000 0.000000 1.000000
vn 0.000000 0.000000 1.000000
vn 0.000000 0.000000 -1.000000
vn 0.000000 0.000000 -1.000000
vn 0.000000 0.000000 1.000000
vn 0.213410 0.976963 0.000000
vn 0.459241 0.888312 0.000000
vn 0.000000 0.000000 1.000000
vn 0.000000 0.000000 1.000000
vn -0.794129 0.607749 0.000000
vn 0.000000 0.000000 1.000000
vn -0.302492 0.953152 0.000000
vn 0.000000 0.000000 1.000000
vn 0.000000 0.000000 1.000000
vn 0.304411 -0.952541 0.000000
vn 0.538769 -0.842453 0.000000
vn 0.739293 -0.673384 0.000000
vn 0.888578 -0.458725 0.000000
vn 0.976847 -0.213938 0.000000
vn 0.998936 0.046116 0.000000
vn 0.953267 0.302130 0.000000
vn -0.976701 0.214603 0.000000
vn -0.998934 -0.046170 0.000000
vn -0.952425 -0.304774 0.000000
vn -0.842039 -0.539417 0.000000
vn -0.673327 -0.739345 0.000000
vn -0.460230 -0.887800 0.000000
vn -0.215136 -0.976584 0.000000
vn 0.000000 0.000000 -1.000000
vn 0.000000 0.000000 -1.000000
vn 0.000000 0.000000 -1.000000
vn 0.000000 0.000000 -1.000000
vn 0.000000 0.000000 -1.000000
vn 0.000000 0.000000 -1.000000
vn 0.000000 0.000000 -1.000000
vn 0.000000 0.000000 -1.000000
vn 0.000000 0.000000 -1.000000
vn 0.000000 0.000000 -1.000000
vn 0.000000 0.000000 -1.000000
vn 0.954502 -0.298205 0.000000
vn 0.000000 0.000000 1.000000
vn 0.000000 0.000000 1.000000
vn 0.000000 0.000000 1.000000
vn 0.000000 0.000000 -1.000000
vn 0.535874 0.844298 0.000000
vn 0.000000 0.000000 -1.000000
vn 0.041629 0.999133 0.000000
vn -0.218325 0.975876 0.000000
vn 0.000000 0.000000 -1.000000
vn 0.000000 0.000000 1.000000
vn 0.000000 0.000000 -1.000000
vn 0.000000 0.000000 -1.000000
vn 0.000000 0.000000 -1.000000
vn 0.000000 0.000000 -1.000000
vn 0.000000 0.000000 -1.000000
vn 0.000000 0.000000 -1.000000
vn 0.000000 0.000000 -1.000000
vn 0.000000 0.000000 -1.000000
vn 0.000000 0.000000 -1.000000
vn 0.607747 0.794131 0.000000
vn 0.000000 0.000000 -1.000000
vn 0.000000 0.000000 -1.000000
vn 0.000000 0.000000 -1.000000
vn 0.000000 0.000000 -1.000000
vn 0.000000 0.000000 -1.000000
vn 0.000000 0.000000 1.000000
vn 0.000000 0.000000 -1.000000
vn 0.000000 0.000000 -1.000000
vn 0.000000 0.000000 -1.000000
vn 0.000000 0.000000 -1.000000
vn 0.000000 0.000000 -1.000000
vn 0.000000 0.000000 -1.000000
vn 0.000000 0.000000 -1.000000
vn 0.000000 0.000000 -1.000000
vn 0.000000 0.000000 -1.000000
vn 0.000000 0.000000 -1.000000
vn 0.000000 0.000000 -1.000000
vn 0.000000 0.000000 -1.000000
vn 0.000000 0.000000 -1.000000
vn 0.000000 0.000000 -1.000000
vn 0.998936 0.046116 0.000000
vn 0.953267 0.302130 0.000000
vn 0.841882 0.539661 0.000000
vn 0.674009 0.738723 0.000000
vn 0.459240 0.888312 0.000000
vn 0.213410 0.976963 0.000000
vn -0.046171 0.998934 0.000000
vn -0.302491 0.953152 0.000000
vn -0.539662 0.841882 0.000000
vn -0.738722 0.674010 0.000000
vn -0.887286 0.461219 0.000000
vn -0.976701 0.214603 0.000000
vn -0.998934 -0.046170 0.000000
vn -0.952425 -0.304774 0.000000
vn 0.000000 0.000000 1.000000
vn 0.000000 0.000000 1.000000
vn 0.000000 0.000000 1.000000
vn 0.000000 0.000000 1.000000
vn 0.000000 0.000000 1.000000
vn 0.000000 0.000000 1.000000
vn 0.000000 0.000000 1.000000
vn 0.000000 0.000000 1.000000
vn 0.000000 0.000000 1.000000
vn 0.000000 0.000000 1.000000
vn 0.000000 0.000000 1.000000
vn 0.002246 -0.999997 0.000000
vn 0.002246 -0.999997 0.000000
vn 0.000000 0.000000 1.000000
vn 0.000000 0.000000 1.000000
vn 0.000000 0.000000 1.000000
vn 0.000000 0.000000 1.000000
vn -0.999997 -0.002246 0.000000
vn -0.291220 -0.956656 0.000000
vn -0.272762 -0.962082 0.000000
vn -0.290406 -0.956904 0.000000
vn -0.507798 -0.861476 0.000000
vn -0.290286 -0.956940 0.000000
vn 0.002246 -0.999997 0.000000
vn 0.002246 -0.999997 0.000000
vn 0.002246 -0.999997 0.000000
vn 0.002246 -0.999997 0.000000
vn 0.044107 0.000099 -0.999027
vn -0.216152 -0.000485 -0.976360
vn -0.461282 -0.001036 -0.887253
vn -0.676322 -0.001519 -0.736605
vn -0.843083 -0.001893 -0.537780
vn -0.953492 -0.002141 -0.301412
vn -0.999024 -0.002244 -0.044107
vn -0.976202 -0.002192 0.216853
vn -0.886950 -0.001992 0.461862
vn -0.737670 -0.001657 0.675159
vn -0.538301 -0.001209 0.842752
vn -0.300075 -0.000674 0.953916
vn -0.044107 -0.000099 0.999027
vn 0.216152 0.000485 0.976360
vn 0.460981 0.001035 0.887409
vn 0.675590 0.001517 0.737276
vn 0.843084 0.001893 0.537779
vn 0.953703 0.002142 0.300744
vn 0.999056 0.002244 0.043374
vn 0.976512 0.002193 -0.215452
vn 0.886950 0.001992 -0.461861
vn 0.737305 0.001656 -0.675558
vn 0.537634 0.001207 -0.843177
vn 0.300075 0.000674 -0.953916
vn -0.676322 -0.001519 -0.736604
vn -0.843083 -0.001893 -0.537780
vn -0.953491 -0.002141 -0.301413
vn -0.999024 -0.002244 -0.044107
vn -0.976202 -0.002192 0.216853
vn -0.886950 -0.001992 0.461862
vn -0.737671 -0.001657 0.675158
vn -0.538301 -0.001209 0.842752
vn -0.300075 -0.000674 0.953916
vn -0.044107 -0.000099 0.999027
vn 0.216152 0.000485 0.976360
vn 0.460981 0.001035 0.887409
vn 0.675589 0.001517 0.737277
vn 0.843083 0.001893 0.537780
vn 0.953702 0.002142 0.300744
vn 0.999056 0.002244 0.043374
vn 0.976512 0.002193 -0.215451
vn 0.886949 0.001992 -0.461862
vn 0.737304 0.001656 -0.675559
vn 0.537634 0.001207 -0.843177
vn 0.300075 0.000674 -0.953915
vn 0.044107 0.000099 -0.999027
vn -0.216152 -0.000485 -0.976360
vn -0.461283 -0.001036 -0.887253
vn 0.300075 0.000674 -0.953916
vn 0.044107 0.000099 -0.999027
vn -0.216152 -0.000485 -0.976360
vn -0.461282 -0.001036 -0.887253
vn -0.676322 -0.001519 -0.736604
vn -0.843084 -0.001893 -0.537779
vn -0.953491 -0.002141 -0.301413
vn -0.999024 -0.002244 -0.044108
vn -0.976202 -0.002192 0.216854
vn -0.886950 -0.001992 0.461861
vn -0.737671 -0.001657 0.675158
vn -0.538301 -0.001209 0.842752
vn -0.300074 -0.000674 0.953916
vn -0.044107 -0.000099 0.999027
vn 0.216151 0.000485 0.976360
vn 0.460981 0.001035 0.887409
vn 0.675589 0.001517 0.737277
vn 0.843084 0.001893 0.537779
vn 0.953703 0.002142 0.300744
vn 0.999056 0.002244 0.043374
vn 0.976512 0.002193 -0.215452
vn 0.886950 0.001992 -0.461861
vn 0.737304 0.001656 -0.675559
vn 0.537634 0.001207 -0.843178
vn -0.737671 -0.001657 0.675158
vn -0.538301 -0.001209 0.842752
vn -0.300075 -0.000674 0.953915
vn -0.044107 -0.000099 0.999027
vn 0.216152 0.000485 0.976360
vn 0.460981 0.001035 0.887409
vn 0.675589 0.001517 0.737277
vn 0.843083 0.001893 0.537780
vn 0.953702 0.002142 0.300745
vn 0.999056 0.002244 0.043374
vn 0.976512 0.002193 -0.215451
vn 0.886950 0.001992 -0.461862
vn 0.737304 0.001656 -0.675559
vn 0.537634 0.001207 -0.843178
vn 0.300075 0.000674 -0.953916
vn 0.044107 0.000099 -0.999027
vn -0.216152 -0.000485 -0.976360
vn -0.461282 -0.001036 -0.887253
vn -0.676322 -0.001519 -0.736604
vn -0.843083 -0.001893 -0.537780
vn -0.953491 -0.002141 -0.301413
vn -0.999024 -0.002244 -0.044107
vn -0.976202 -0.002192 0.216853
vn -0.886949 -0.001992 0.461862
vn 0.044107 0.000099 -0.999027
vn -0.216151 -0.000485 -0.976360
vn -0.461283 -0.001036 -0.887253
vn -0.676322 -0.001519 -0.736605
vn -0.843083 -0.001893 -0.537780
vn -0.953492 -0.002141 -0.301412
vn -0.999024 -0.002244 -0.044107
vn -0.976202 -0.002192 0.216853
vn -0.886950 -0.001992 0.461861
vn -0.737670 -0.001657 0.675159
vn -0.538301 -0.001209 0.842752
vn -0.300075 -0.000674 0.953916
vn -0.044107 -0.000099 0.999027
vn 0.216152 0.000485 0.976360
vn 0.460981 0.001035 0.887410
vn 0.675590 0.001517 0.737276
vn 0.843084 0.001893 0.537779
vn 0.953703 0.002142 0.300744
vn 0.999056 0.002244 0.043374
vn 0.976512 0.002193 -0.215452
vn 0.886950 0.001992 -0.461861
vn 0.737305 0.001656 -0.675558
vn 0.537634 0.001207 -0.843177
vn 0.300075 0.000674 -0.953916
vn 0.999997 0.002246 0.000000
vn -0.002145 0.954974 0.296682
vn -0.002145 0.954974 -0.296682
vn 0.999997 0.002246 0.000000
vn -0.001966 0.875344 0.483498
vn -0.001964 0.874633 0.484782
vn -0.002046 0.910863 0.412703
vn -0.002043 0.909694 -0.415275
vn -0.999997 -0.002246 0.000000
vn 0.000000 0.000000 1.000000
vn 0.000000 0.000000 1.000000
vn 0.000000 0.000000 1.000000
vn 0.000000 0.000000 1.000000
vn 0.000000 0.000000 1.000000
vn 0.000000 0.000000 1.000000
vn 0.000000 0.000000 1.000000
vn 0.000000 0.000000 1.000000
vn 0.000000 0.000000 1.000000
vn 0.000000 0.000000 1.000000
vn 0.000000 0.000000 1.000000
vn 0.000000 0.000000 1.000000
vn 0.000000 0.000000 1.000000
vn -0.999997 -0.002246 0.000000
vn -0.999997 -0.002246 0.000000
vn -0.999997 -0.002246 0.000000
vn -0.999997 -0.002246 0.000000
vn -0.999997 -0.002246 0.000000
vn -0.999997 -0.002246 0.000000
vn -0.999997 -0.002246 0.000000
vn -0.999997 -0.002246 0.000000
vn -0.999997 -0.002246 0.000000
vn -0.999997 -0.002246 0.000000
vn -0.999997 -0.002246 0.000000
vn 0.000000 0.000000 1.000000
vn -0.999997 -0.002246 0.000000
vn -0.999997 -0.002246 0.000000
vn -0.999997 -0.002246 0.000000
vn -0.999997 -0.002246 0.000000
vn -0.999997 -0.002246 0.000000
vn -0.999997 -0.002246 0.000000
vn -0.999997 -0.002246 0.000000
vn -0.999997 -0.002246 0.000000
vn -0.999997 -0.002246 0.000000
vn -0.999997 -0.002246 0.000000
vn -0.999997 -0.002246 0.000000
vn 0.000000 0.000000 1.000000
vn -0.999997 -0.002246 0.000000
vn -0.999997 -0.002246 0.000000
vn 0.000000 0.000000 1.000000
vn -0.001964 0.874320 -0.485346
vn -0.001969 0.876768 -0.480910
vn -0.002246 0.999997 0.000000
vn -0.002246 0.999997 0.000000
vn -0.002246 0.999997 0.000000
vn -0.002246 0.999997 0.000000
vn -0.002246 0.999997 0.000000
vn -0.002246 0.999997 0.000000
vn -0.002246 0.999997 0.000000
vn -0.002246 0.999997 0.000000
vn -0.002246 0.999997 0.000000
vn -0.002246 0.999997 0.000000
vn -0.002246 0.999997 0.000000
vn -0.002246 0.999997 0.000000
vn -0.002246 0.999997 0.000000
vn -0.002246 0.999997 0.000000
vn -0.002246 0.999997 0.000000
vn -0.002246 0.999997 0.000000
vn 0.000000 0.000000 1.000000
vn 0.000000 0.000000 1.000000
vn 0.000000 0.000000 1.000000
vn 0.000000 0.000000 1.000000
vn -0.002246 0.999997 0.000000
vn -0.002246 0.999997 0.000000
vn -0.002246 0.999997 0.000000
vn -0.002246 0.999997 0.000000
vn 0.000000 0.000000 1.000000
vn 0.000000 0.000000 1.000000
vn 0.000000 0.000000 1.000000
vn 0.000000 0.000000 1.000000
vn 0.000000 0.000000 1.000000
vn -0.002246 0.999997 0.000000
vn -0.002246 0.999997 0.000000
vn -0.002246 0.999997 0.000000
vn -0.002246 0.999997 0.000000
vn -0.002246 0.999997 0.000000
vn -0.002246 0.999997 0.000000
vn -0.002246 0.999997 0.000000
vn 0.000000 0.000000 1.000000
vn 0.000000 0.000000 1.000000
vn 0.000000 0.000000 1.000000
vn 0.000000 0.000000 1.000000
vn 0.000000 0.000000 1.000000
vn 0.000000 0.000000 1.000000
vn 0.000000 0.000000 1.000000
vn 0.000000 0.000000 1.000000
vn 0.000000 0.000000 1.000000
vn 0.000000 0.000000 1.000000
vn 0.000000 0.000000 1.000000
vn 0.000000 0.000000 1.000000
vn 0.000000 0.000000 1.000000
vn 0.000000 0.000000 1.000000
vn 0.000000 0.000000 1.000000
vn 0.000000 0.000000 1.000000
vn 0.000000 0.000000 1.000000
vn 0.000000 0.000000 1.000000
vn 0.000000 0.000000 1.000000
vn 0.000000 0.000000 1.000000
vn 0.000000 0.000000 1.000000
vn 0.000000 0.000000 1.000000
vn 0.000000 0.000000 1.000000
vn 0.000000 0.000000 1.000000
vn 0.000000 0.000000 1.000000
vn 0.000000 0.000000 1.000000
vn 0.000000 0.000000 1.000000
vn 0.000000 0.000000 1.000000
vn 0.000000 0.000000 1.000000
vn 0.000000 0.000000 1.000000
vn 0.000000 0.000000 1.000000
vn 0.000000 0.000000 1.000000
vn 0.000000 0.000000 1.000000
vn 0.000000 0.000000 1.000000
vn 0.000000 0.000000 1.000000
vn 0.000000 0.000000 1.000000
vn 0.000000 0.000000 1.000000
vn 0.000000 0.000000 1.000000
vn 0.000000 0.000000 1.000000
vn 0.000000 0.000000 1.000000
vn 0.000000 0.000000 1.000000
vn 0.000000 0.000000 1.000000
vn 0.000000 0.000000 1.000000
vn 0.000000 0.000000 1.000000
vn 0.000000 0.000000 1.000000
vn 0.000000 0.000000 1.000000
vn 0.000000 0.000000 1.000000
vn 0.000000 0.000000 1.000000
vn 0.000000 0.000000 1.000000
vn 0.000000 0.000000 1.000000
vn 0.000000 0.000000 1.000000
vn 0.000000 0.000000 1.000000
vn 0.843084 0.001893 -0.537779
vn 0.953703 0.002142 -0.300744
vn 0.002246 -0.999997 0.000000
vn 0.999056 0.002244 -0.043374
vn 0.976512 0.002193 0.215452
vn 0.216152 0.000485 -0.976360
vn 0.460981 0.001035 -0.887409
vn 0.675590 0.001517 -0.737276
vn -0.538301 -0.001209 -0.842752
vn -0.300075 -0.000674 -0.953916
vn -0.044107 -0.000099 -0.999027
vn -0.976202 -0.002192 -0.216853
vn -0.886950 -0.001992 -0.461862
vn -0.737670 -0.001657 -0.675159
vn -0.843083 -0.001893 0.537780
vn -0.953492 -0.002141 0.301412
vn -0.999024 -0.002244 0.044107
vn -0.216152 -0.000485 0.976360
vn -0.461282 -0.001036 0.887253
vn -0.676322 -0.001519 0.736605
vn 0.537634 0.001207 0.843177
vn 0.300075 0.000674 0.953916
vn 0.044107 0.000099 0.999027
vn 0.886950 0.001992 0.461861
vn 0.737305 0.001656 0.675558
vn 0.843083 0.001893 -0.537780
vn 0.953702 0.002142 -0.300744
vn 0.002246 -0.999997 0.000000
vn 0.999056 0.002244 -0.043374
vn 0.976512 0.002193 0.215451
vn 0.216152 0.000485 -0.976360
vn 0.460981 0.001035 -0.887409
vn 0.675589 0.001517 -0.737277
vn -0.538301 -0.001209 -0.842752
vn -0.300075 -0.000674 -0.953915
vn -0.044107 -0.000099 -0.999027
vn -0.976202 -0.002192 -0.216853
vn -0.886950 -0.001992 -0.461862
vn -0.737671 -0.001657 -0.675158
vn -0.843083 -0.001893 0.537780
vn -0.953491 -0.002141 0.301413
vn -0.999024 -0.002244 0.044107
vn -0.216152 -0.000485 0.976360
vn -0.461283 -0.001036 0.887253
vn -0.676322 -0.001519 0.736604
vn 0.537634 0.001207 0.843177
vn 0.300075 0.000674 0.953915
vn 0.044107 0.000099 0.999027
vn 0.886949 0.001992 0.461862
vn 0.737304 0.001656 0.675559
vn 0.843084 0.001893 -0.537779
vn 0.953703 0.002142 -0.300744
vn 0.002246 -0.999997 0.000000
vn 0.999056 0.002244 -0.043374
vn 0.976512 0.002193 0.215452
vn 0.216151 0.000485 -0.976360
vn 0.460981 0.001035 -0.887409
vn 0.675589 0.001517 -0.737277
vn -0.538301 -0.001209 -0.842752
vn -0.300074 -0.000674 -0.953916
vn -0.044107 -0.000099 -0.999027
vn -0.976202 -0.002192 -0.216854
vn -0.886950 -0.001992 -0.461861
vn -0.737671 -0.001657 -0.675158
vn -0.843084 -0.001893 0.537779
vn -0.953491 -0.002141 0.301413
vn -0.999024 -0.002244 0.044108
vn -0.216152 -0.000485 0.976360
vn -0.461282 -0.001036 0.887253
vn -0.676322 -0.001519 0.736604
vn 0.537634 0.001207 0.843178
vn 0.300075 0.000674 0.953915
vn 0.044107 0.000099 0.999027
vn 0.886950 0.001992 0.461861
vn 0.737304 0.001656 0.675559
vn 0.843083 0.001893 -0.537780
vn 0.953702 0.002142 -0.300745
vn 0.002246 -0.999997 0.000000
vn 0.999056 0.002244 -0.043374
vn 0.976512 0.002193 0.215451
vn 0.216152 0.000485 -0.976360
vn 0.460981 0.001035 -0.887409
vn 0.675589 0.001517 -0.737277
vn -0.538301 -0.001209 -0.842752
vn -0.300075 -0.000674 -0.953915
vn -0.044107 -0.000099 -0.999027
vn -0.976202 -0.002192 -0.216853
vn -0.886949 -0.001992 -0.461862
vn -0.737671 -0.001657 -0.675158
vn -0.843083 -0.001893 0.537780
vn -0.953491 -0.002141 0.301413
vn -0.999024 -0.002244 0.044107
vn -0.216152 -0.000485 0.976360
vn -0.461282 -0.001036 0.887253
vn -0.676322 -0.001519 0.736604
vn 0.537634 0.001207 0.843177
vn 0.300075 0.000674 0.953915
vn 0.044107 0.000099 0.999027
vn 0.886950 0.001992 0.461862
vn 0.737304 0.001656 0.675559
vn 0.843084 0.001893 -0.537779
vn 0.953703 0.002142 -0.300744
vn 0.002246 -0.999997 0.000000
vn 0.999056 0.002244 -0.043374
vn 0.976512 0.002193 0.215452
vn 0.216152 0.000485 -0.976360
vn 0.460981 0.001035 -0.887410
vn 0.675590 0.001517 -0.737276
vn -0.538301 -0.001209 -0.842752
vn -0.300075 -0.000674 -0.953916
vn -0.044107 -0.000099 -0.999027
vn -0.976202 -0.002192 -0.216853
vn -0.886950 -0.001992 -0.461861
vn -0.737670 -0.001657 -0.675159
vn -0.843083 -0.001893 0.537780
vn -0.953492 -0.002141 0.301412
vn -0.999024 -0.002244 0.044107
vn -0.216151 -0.000485 0.976360
vn -0.461283 -0.001036 0.887253
vn -0.676322 -0.001519 0.736605
vn 0.537634 0.001207 0.843177
vn 0.300075 0.000674 0.953916
vn 0.044107 0.000099 0.999027
vn 0.886950 0.001992 0.461861
vn 0.737305 0.001656 0.675558
vn -0.843083 -0.001893 0.537780
vn -0.953491 -0.002141 0.301413
vn 0.002246 -0.999997 0.000000
vn -0.999024 -0.002244 0.044107
vn -0.976202 -0.002192 -0.216853
vn -0.216152 -0.000485 0.976360
vn -0.461282 -0.001036 0.887253
vn -0.676322 -0.001519 0.736605
vn 0.537635 0.001207 0.843177
vn 0.300074 0.000674 0.953916
vn 0.044107 0.000099 0.999027
vn 0.976512 0.002193 0.215451
vn 0.886950 0.001992 0.461862
vn 0.737304 0.001656 0.675559
vn 0.843083 0.001893 -0.537780
vn 0.953703 0.002142 -0.300743
vn 0.999056 0.002244 -0.043374
vn 0.216152 0.000485 -0.976360
vn 0.460981 0.001035 -0.887409
vn 0.675590 0.001517 -0.737276
vn -0.538301 -0.001209 -0.842752
vn -0.300074 -0.000674 -0.953916
vn -0.044107 -0.000099 -0.999027
vn -0.886949 -0.001992 -0.461862
vn -0.737671 -0.001657 -0.675159
vn 0.002246 -0.999997 0.000000
vn 0.002246 -0.999997 0.000000
vn 0.002246 -0.999997 0.000000
vn 0.002246 -0.999997 0.000000
vn 0.002246 -0.999997 0.000000
vn 0.000000 0.000000 1.000000
vn 0.000000 0.000000 1.000000
vn 0.000000 0.000000 1.000000
vn 0.000000 0.000000 1.000000
vn 0.000000 0.000000 1.000000
vn 0.000000 0.000000 1.000000
vn 0.000000 0.000000 1.000000
vn 0.000000 0.000000 1.000000
vn 0.000000 0.000000 1.000000
vn 0.000000 0.000000 1.000000
vn 0.000000 0.000000 1.000000
vn 0.000000 0.000000 1.000000
vn 0.000000 0.000000 1.000000
vn 0.000000 0.000000 1.000000
vn 0.000000 0.000000 1.000000
vn 0.000000 0.000000 1.000000
vn 0.000000 0.000000 1.000000
vn 0.000000 0.000000 1.000000
vn 0.000000 0.000000 1.000000
vn 0.000000 0.000000 1.000000
vn 0.000000 0.000000 1.000000
vn 0.000000 0.000000 1.000000
vn 0.000000 0.000000 1.000000
vn 0.000000 0.000000 1.000000
vn 0.000000 0.000000 1.000000
vn 0.000000 0.000000 1.000000
vn 0.000000 0.000000 1.000000
vn 0.000000 0.000000 1.000000
vn 0.000000 0.000000 1.000000
vn 0.000000 0.000000 1.000000
vn 0.000000 0.000000 1.000000
vn 0.000000 0.000000 1.000000
vn 0.000000 0.000000 1.000000
vn 0.000000 0.000000 1.000000
vn 0.000000 0.000000 1.000000
vn 0.000000 0.000000 1.000000
vn 0.000000 0.000000 1.000000
vn 0.000000 0.000000 1.000000
vn 0.000000 0.000000 1.000000
vn 0.000000 0.000000 1.000000
vn 0.000000 0.000000 1.000000
vn 0.000000 0.000000 1.000000
vn 0.000000 0.000000 1.000000
vn 0.000000 0.000000 1.000000
vn 0.000000 0.000000 1.000000
vn 0.000000 0.000000 1.000000
vn 0.000000 0.000000 1.000000
vn 0.000000 0.000000 1.000000
vn 0.000000 0.000000 1.000000
vn 0.000000 0.000000 1.000000
vn 0.000000 0.000000 1.000000
vn 0.000000 0.000000 1.000000
vn 0.000000 0.000000 1.000000
vn 0.000000 0.000000 1.000000
vn 0.000000 0.000000 1.000000
vn 0.000000 0.000000 1.000000
vn 0.000000 0.000000 1.000000
vn 0.000000 0.000000 1.000000
vn 0.000000 0.000000 1.000000
vn 0.000000 0.000000 1.000000
vn 0.000000 0.000000 1.000000
vn 0.000000 0.000000 1.000000
vn 0.000000 0.000000 1.000000
vn 0.000000 0.000000 1.000000
vn 0.000000 0.000000 1.000000
vn 0.000000 0.000000 1.000000
vn 0.000000 0.000000 1.000000
vn 0.000000 0.000000 1.000000
vn 0.000000 0.000000 1.000000
vn 0.000000 0.000000 1.000000
vn 0.000000 0.000000 1.000000
vn 0.000000 0.000000 1.000000
vn 0.000000 0.000000 1.000000
vn 0.000000 0.000000 1.000000
vn 0.000000 0.000000 1.000000
vn 0.000000 0.000000 1.000000
vn 0.000000 0.000000 1.000000
vn 0.000000 0.000000 1.000000
vn 0.000000 0.000000 1.000000
vn 0.000000 0.000000 1.000000
vn 0.000000 0.000000 1.000000
vn 0.000000 0.000000 1.000000
vn 0.000000 0.000000 1.000000
vn 0.000000 0.000000 1.000000
vn 0.000000 0.000000 1.000000
vn 0.000000 0.000000 1.000000
vn 0.000000 0.000000 1.000000
vn 0.000000 0.000000 1.000000
vn 0.000000 0.000000 1.000000
vn 0.000000 0.000000 1.000000
vn 0.000000 0.000000 1.000000
vn 0.000000 0.000000 1.000000
vn 0.000000 0.000000 1.000000
vn 0.000000 0.000000 1.000000
vn 0.000000 0.000000 1.000000
vn 0.000000 0.000000 1.000000
vn 0.000000 0.000000 1.000000
vn 0.000000 0.000000 1.000000
vn 0.000000 0.000000 1.000000
vn 0.000000 0.000000 1.000000
vn 0.000000 0.000000 1.000000
vn 0.000000 0.000000 1.000000
vn 0.000000 0.000000 1.000000
vn 0.000000 0.000000 1.000000
vn 0.000000 0.000000 1.000000
vn 0.000000 0.000000 1.000000
vn 0.000000 0.000000 1.000000
vn 0.000000 0.000000 1.000000
vn 0.000000 0.000000 1.000000
vn 0.000000 0.000000 1.000000
vn 0.000000 0.000000 1.000000
vn 0.000000 0.000000 1.000000
vn 0.000000 0.000000 1.000000
vn 0.000000 0.000000 1.000000
vn 0.000000 0.000000 1.000000
vn 0.000000 0.000000 1.000000
vn 0.000000 0.000000 1.000000
vn 0.000000 0.000000 1.000000
vn 0.000000 0.000000 1.000000
vn 0.000000 0.000000 1.000000
vn 0.000000 0.000000 1.000000
vn 0.000000 0.000000 1.000000
vn 0.000000 0.000000 1.000000
vn 0.000000 0.000000 1.000000
vn 0.000000 0.000000 1.000000
vn 0.000000 0.000000 1.000000
vn 0.000000 0.000000 1.000000
vn 0.000000 0.000000 1.000000
vn 0.000000 0.000000 1.000000
vn 0.000000 0.000000 1.000000
vn 0.000000 0.000000 1.000000
vn 0.000000 0.000000 1.000000
vn 0.000000 0.000000 1.000000
vn 0.000000 0.000000 1.000000
vn 0.000000 0.000000 1.000000
vn 0.000000 0.000000 1.000000
vn 0.000000 0.000000 1.000000
vn 0.000000 0.000000 1.000000
vn 0.000000 0.000000 1.000000
vn 0.000000 0.000000 1.000000
vn 0.000000 0.000000 1.000000
vn 0.000000 0.000000 1.000000
vn 0.000000 0.000000 1.000000
vn 0.000000 0.000000 1.000000
vn 0.000000 0.000000 1.000000
vn 0.000000 0.000000 1.000000
vn 0.000000 0.000000 1.000000
vn 0.000000 0.000000 1.000000
vn 0.000000 0.000000 1.000000
vn 0.000000 0.000000 1.000000
vn 0.000000 0.000000 1.000000
vn 0.000000 0.000000 1.000000
vn 0.000000 0.000000 1.000000
vn 0.000000 0.000000 1.000000
vn 0.000000 0.000000 1.000000
vn 0.000000 0.000000 1.000000
vn 0.000000 0.000000 1.000000
vn 0.000000 0.000000 1.000000
vn 0.000000 0.000000 1.000000
vn 0.000000 0.000000 1.000000
vn 0.000000 0.000000 1.000000
vn 0.000000 0.000000 1.000000
vn 0.000000 0.000000 1.000000
vn 0.000000 0.000000 1.000000
vn 0.000000 0.000000 1.000000
vn 0.000000 0.000000 1.000000
vn 0.000000 0.000000 1.000000
vn 0.000000 0.000000 1.000000
vn 0.000000 0.000000 1.000000
vn 0.000000 0.000000 1.000000
vn 0.000000 0.000000 1.000000
vn 0.000000 0.000000 1.000000
vn 0.000000 0.000000 1.000000
vn 0.000000 0.000000 1.000000
vn 0.000000 0.000000 1.000000
vn 0.000000 0.000000 1.000000
vn 0.000000 0.000000 1.000000
vn 0.000000 0.000000 1.000000
vn 0.000000 0.000000 1.000000
vn 0.000000 0.000000 1.000000
vn 0.000000 0.000000 1.000000
vn 0.000000 0.000000 1.000000
vn 0.000000 0.000000 1.000000
vn 0.000000 0.000000 1.000000
vn 0.000000 0.000000 1.000000
vn 0.000000 0.000000 1.000000
vn 0.000000 0.000000 1.000000
vn 0.000000 0.000000 1.000000
vn 0.000000 0.000000 1.000000
vn 0.000000 0.000000 1.000000
vn 0.000000 0.000000 1.000000
vn 0.000000 0.000000 1.000000
vn 0.000000 0.000000 1.000000
vn 0.000000 0.000000 1.000000
vn 0.000000 0.000000 1.000000
vn 0.000000 0.000000 1.000000
vn 0.000000 0.000000 1.000000
vn 0.000000 0.000000 1.000000
vn 0.000000 0.000000 1.000000
vn 0.000000 0.000000 1.000000
vn 0.000000 0.000000 1.000000
vn 0.000000 0.000000 1.000000
vn 0.000000 0.000000 1.000000
vn 0.000000 0.000000 1.000000
vn 0.000000 0.000000 1.000000
vn 0.000000 0.000000 1.000000
vn 0.000000 0.000000 1.000000
vn 0.000000 0.000000 1.000000
vn 0.000000 0.000000 1.000000
vn 0.000000 0.000000 1.000000
vn 0.000000 0.000000 1.000000
vn 0.000000 0.000000 1.000000
vn 0.000000 0.000000 1.000000
vn 0.000000 0.000000 1.000000
vn 0.000000 0.000000 1.000000
vn 0.000000 0.000000 1.000000
vn 0.000000 0.000000 1.000000
vn 0.000000 0.000000 1.000000
vn 0.000000 0.000000 1.000000
vn 0.000000 0.000000 1.000000
vn 0.000000 0.000000 1.000000
vn 0.000000 0.000000 1.000000
vn 0.000000 0.000000 1.000000
vn 0.000000 0.000000 1.000000
vn 0.000000 0.000000 1.000000
vn 0.000000 0.000000 1.000000
vn 0.000000 0.000000 1.000000
vn 0.000000 0.000000 1.000000
vn 0.000000 0.000000 1.000000
vn 0.000000 0.000000 1.000000
vn 0.000000 0.000000 1.000000
vn 0.000000 0.000000 1.000000
vn 0.000000 0.000000 1.000000
vn 0.000000 0.000000 1.000000
vn 0.000000 0.000000 1.000000
vn 0.000000 0.000000 1.000000
vn 0.000000 0.000000 1.000000
vn 0.000000 0.000000 1.000000
vn 0.000000 0.000000 1.000000
vn 0.000000 0.000000 1.000000
vn 0.000000 0.000000 1.000000
vn 0.000000 0.000000 1.000000
vn 0.000000 0.000000 1.000000
vn 0.000000 0.000000 1.000000
vn 0.000000 0.000000 1.000000
vn 0.000000 0.000000 1.000000
vn 0.000000 0.000000 1.000000
vn 0.000000 0.000000 1.000000
vn 0.000000 0.000000 1.000000
vn 0.000000 0.000000 1.000000
vn 0.000000 0.000000 1.000000
vn 0.000000 0.000000 1.000000
vn 0.000000 0.000000 1.000000
vn 0.000000 0.000000 1.000000
vn 0.000000 0.000000 1.000000
vn 0.000000 0.000000 1.000000
vn 0.000000 0.000000 1.000000
vn 0.000000 0.000000 1.000000
vn 0.000000 0.000000 1.000000
vn 0.000000 0.000000 1.000000
vn 0.000000 0.000000 1.000000
vn 0.000000 0.000000 1.000000
vn 0.000000 0.000000 1.000000
vn 0.000000 0.000000 1.000000
vn 0.000000 0.000000 1.000000
vn 0.000000 0.000000 1.000000
vn 0.000000 0.000000 1.000000
vn 0.000000 0.000000 1.000000
vn 0.000000 0.000000 1.000000
vn 0.000000 0.000000 1.000000
vn 0.000000 0.000000 1.000000
vn 0.000000 0.000000 1.000000
vn 0.000000 0.000000 1.000000
vn 0.000000 0.000000 1.000000
vn 0.000000 0.000000 1.000000
vn 0.000000 0.000000 1.000000
vn 0.000000 0.000000 1.000000
vn 0.000000 0.000000 1.000000
vn 0.000000 0.000000 1.000000
vn 0.000000 0.000000 1.000000
vn 0.000000 0.000000 1.000000
vn 0.000000 0.000000 1.000000
vn 0.000000 0.000000 1.000000
vn 0.000000 0.000000 1.000000
vn 0.000000 0.000000 1.000000
vn 0.000000 0.000000 1.000000
vn 0.000000 0.000000 1.000000
vn 0.000000 0.000000 1.000000
vn 0.000000 0.000000 1.000000
vn 0.000000 0.000000 1.000000
vn 0.000000 0.000000 1.000000
vn 0.000000 0.000000 1.000000
vn 0.000000 0.000000 1.000000
vn 0.000000 0.000000 1.000000
vn 0.000000 0.000000 1.000000
vn 0.000000 0.000000 1.000000
vn 0.000000 0.000000 1.000000
vn 0.000000 0.000000 1.000000
vn 0.000000 0.000000 1.000000
vn 0.000000 0.000000 1.000000
vn 0.000000 0.000000 1.000000
vn 0.000000 0.000000 1.000000
vn 0.000000 0.000000 1.000000
vn 0.000000 0.000000 1.000000
vn 0.000000 0.000000 1.000000
vn 0.000000 0.000000 1.000000
vn 0.000000 0.000000 1.000000
vn 0.000000 0.000000 1.000000
vn 0.000000 0.000000 1.000000
vn 0.000000 0.000000 1.000000
vn 0.000000 0.000000 1.000000
vn 0.000000 0.000000 1.000000
vn 0.000000 0.000000 1.000000
vn 0.000000 0.000000 1.000000
vn 0.000000 0.000000 1.000000
vn 0.000000 0.000000 1.000000
vn 0.000000 0.000000 1.000000
vn 0.000000 0.000000 1.000000
vn 0.000000 0.000000 1.000000
vn 0.000000 0.000000 1.000000
vn 0.000000 0.000000 1.000000
vn 0.000000 0.000000 1.000000
vn 0.000000 0.000000 1.000000
vn 0.000000 0.000000 1.000000
vn 0.000000 0.000000 1.000000
vn 0.000000 0.000000 1.000000
vn 0.000000 0.000000 1.000000
vn 0.000000 0.000000 1.000000
vn 0.000000 0.000000 1.000000
vn 0.000000 0.000000 1.000000
vn 0.000000 0.000000 1.000000
vn 0.000000 0.000000 1.000000
vn 0.000000 0.000000 1.000000
vn 0.000000 0.000000 1.000000
vn 0.000000 0.000000 1.000000
vn 0.000000 0.000000 1.000000
vn 0.000000 0.000000 1.000000
vn 0.000000 0.000000 1.000000
vn 0.000000 0.000000 1.000000
vn 0.000000 0.000000 1.000000
vn 0.000000 0.000000 1.000000
vn 0.000000 0.000000 1.000000
vn 0.000000 0.000000 1.000000
vn 0.000000 0.000000 1.000000
vn 0.000000 0.000000 1.000000
vn 0.000000 0.000000 1.000000
vn 0.000000 0.000000 1.000000
vn 0.000000 0.000000 1.000000
vn 0.000000 0.000000 1.000000
vn 0.000000 0.000000 1.000000
vn 0.000000 0.000000 1.000000
vn 0.000000 0.000000 1.000000
vn 0.000000 0.000000 1.000000
vn 0.000000 0.000000 1.000000
vn 0.000000 0.000000 1.000000
vn 0.000000 0.000000 1.000000
vn 0.000000 0.000000 1.000000
vn 0.000000 0.000000 1.000000
vn 0.000000 0.000000 1.000000
vn 0.000000 0.000000 1.000000
vn 0.000000 0.000000 1.000000
vn 0.000000 0.000000 1.000000
vn 0.000000 0.000000 1.000000
vn 0.000000 0.000000 1.000000
vn 0.000000 0.000000 1.000000
vn 0.000000 0.000000 1.000000
vn 0.000000 0.000000 1.000000
vn 0.000000 0.000000 1.000000
vn 0.000000 0.000000 1.000000
vn 0.000000 0.000000 1.000000
vn 0.000000 0.000000 1.000000
vn 0.000000 0.000000 1.000000
vn 0.000000 0.000000 1.000000
vn 0.000000 0.000000 1.000000
vn 0.000000 0.000000 1.000000
vn 0.000000 0.000000 1.000000
vn 0.000000 0.000000 1.000000
vn 0.000000 0.000000 1.000000
vn 0.000000 0.000000 1.000000
vn 0.000000 0.000000 1.000000
vn 0.000000 0.000000 1.000000
vn 0.000000 0.000000 1.000000
vn 0.000000 0.000000 1.000000
vn 0.000000 0.000000 1.000000
vn 0.000000 0.000000 1.000000
vn 0.000000 0.000000 1.000000
vn 0.000000 0.000000 1.000000
vn 0.000000 0.000000 1.000000
vn 0.000000 0.000000 1.000000
vn 0.000000 0.000000 1.000000
vn 0.000000 0.000000 1.000000
vn 0.000000 0.000000 1.000000
vn 0.000000 0.000000 1.000000
vn 0.000000 0.000000 1.000000
vn 0.000000 0.000000 1.000000
vn 0.000000 0.000000 1.000000
vn 0.000000 0.000000 1.000000
vn 0.000000 0.000000 1.000000
vn 0.000000 0.000000 1.000000
vn 0.000000 0.000000 1.000000
vn 0.000000 0.000000 1.000000
vn 0.000000 0.000000 1.000000
vn 0.000000 0.000000 1.000000
vn 0.000000 0.000000 1.000000
vn 0.000000 0.000000 1.000000
vn 0.000000 0.000000 1.000000
vn 0.000000 0.000000 1.000000
vn 0.000000 0.000000 1.000000
vn 0.000000 0.000000 1.000000
vn 0.000000 0.000000 1.000000
vn 0.000000 0.000000 1.000000
vn 0.000000 0.000000 1.000000
vn 0.000000 0.000000 1.000000
vn 0.000000 0.000000 1.000000
vn 0.000000 0.000000 1.000000
vn 0.000000 0.000000 1.000000
vn 0.000000 0.000000 1.000000
vn 0.000000 0.000000 1.000000
vn 0.000000 0.000000 1.000000
vn 0.000000 0.000000 1.000000
vn 0.000000 0.000000 1.000000
vn 0.000000 0.000000 1.000000
vn 0.000000 0.000000 1.000000
vn 0.000000 0.000000 1.000000
vn 0.000000 0.000000 1.000000
vn 0.000000 0.000000 1.000000
vn 0.000000 0.000000 1.000000
vn 0.000000 0.000000 1.000000
vn 0.000000 0.000000 1.000000
vn 0.000000 0.000000 1.000000
vn 0.000000 0.000000 1.000000
vn 0.000000 0.000000 1.000000
vn 0.000000 0.000000 1.000000
vn 0.000000 0.000000 1.000000
vn 0.000000 0.000000 1.000000
vn 0.000000 0.000000 1.000000
vn 0.000000 0.000000 1.000000
vn 0.000000 0.000000 1.000000
vn 0.000000 0.000000 1.000000
vn 0.000000 0.000000 1.000000
vn 0.000000 0.000000 1.000000
vn 0.000000 0.000000 1.000000
vn 0.000000 0.000000 1.000000
vn 0.000000 0.000000 1.000000
vn 0.000000 0.000000 1.000000
vn 0.000000 0.000000 1.000000
vn 0.000000 0.000000 1.000000
vn 0.000000 0.000000 1.000000
vn 0.000000 0.000000 1.000000
vn 0.000000 0.000000 1.000000
vn 0.000000 0.000000 1.000000
vn 0.000000 0.000000 1.000000
vn 0.000000 0.000000 1.000000
vn 0.000000 0.000000 1.000000
vn 0.000000 0.000000 1.000000
vn 0.000000 0.000000 1.000000
vn 0.000000 0.000000 1.000000
vn 0.000000 0.000000 1.000000
vn 0.000000 0.000000 1.000000
vn 0.000000 0.000000 1.000000
vn 0.000000 0.000000 1.000000
vn 0.000000 0.000000 1.000000
vn 0.000000 0.000000 1.000000
vn 0.000000 0.000000 1.000000
vn 0.000000 0.000000 1.000000
vn 0.000000 0.000000 1.000000
vn 0.000000 0.000000 1.000000
vn 0.000000 0.000000 1.000000
vn 0.000000 0.000000 1.000000
vn 0.000000 0.000000 1.000000
vn 0.000000 0.000000 1.000000
vn 0.000000 0.000000 1.000000
vn 0.000000 0.000000 1.000000
vn 0.000000 0.000000 1.000000
vn 0.000000 0.000000 1.000000
vn 0.000000 0.000000 1.000000
vn 0.000000 0.000000 1.000000
vn 0.000000 0.000000 1.000000
vn 0.000000 0.000000 1.000000
vn 0.000000 0.000000 1.000000
vn 0.000000 0.000000 1.000000
vn 0.000000 0.000000 1.000000
vn 0.000000 0.000000 1.000000
vn 0.000000 0.000000 1.000000
vn 0.000000 0.000000 1.000000
vn 0.000000 0.000000 1.000000
vn 0.000000 0.000000 1.000000
vn 0.000000 0.000000 1.000000
vn 0.000000 0.000000 1.000000
vn 0.000000 0.000000 1.000000
vn 0.000000 0.000000 1.000000
vn 0.000000 0.000000 1.000000
vn 0.000000 0.000000 1.000000
vn 0.000000 0.000000 1.000000
vn 0.000000 0.000000 1.000000
vn 0.000000 0.000000 1.000000
vn 0.000000 0.000000 1.000000
vn 0.000000 0.000000 1.000000
vn 0.000000 0.000000 1.000000
vn 0.000000 0.000000 1.000000
vn 0.000000 0.000000 1.000000
vn 0.000000 0.000000 1.000000
vn 0.000000 0.000000 1.000000
vn 0.000000 0.000000 1.000000
vn 0.000000 0.000000 1.000000
vn 0.000000 0.000000 1.000000
vn 0.000000 0.000000 1.000000
vn 0.000000 0.000000 1.000000
vn 0.000000 0.000000 1.000000
vn 0.000000 0.000000 1.000000
vn 0.000000 0.000000 1.000000
vn 0.000000 0.000000 1.000000
vn 0.000000 0.000000 1.000000
vn 0.000000 0.000000 1.000000
vn 0.000000 0.000000 1.000000
vn 0.000000 0.000000 1.000000
vn 0.000000 0.000000 1.000000
vn 0.000000 0.000000 1.000000
vn 0.000000 0.000000 1.000000
vn 0.000000 0.000000 1.000000
vn 0.000000 0.000000 1.000000
vn 0.000000 0.000000 1.000000
vn 0.000000 0.000000 1.000000
vn 0.000000 0.000000 1.000000
vn 0.000000 0.000000 1.000000
vn 0.000000 0.000000 1.000000
vn 0.000000 0.000000 1.000000
vn 0.000000 0.000000 1.000000
vn 0.000000 0.000000 1.000000
vn 0.000000 0.000000 1.000000
vn 0.000000 0.000000 1.000000
vn 0.000000 0.000000 1.000000
vn 0.000000 0.000000 1.000000
vn 0.000000 0.000000 1.000000
vn 0.000000 0.000000 1.000000
vn 0.000000 0.000000 1.000000
vn 0.000000 0.000000 1.000000
vn 0.000000 0.000000 1.000000
vn 0.000000 0.000000 1.000000
vn 0.000000 0.000000 1.000000
vn 0.000000 0.000000 1.000000
vn 0.000000 0.000000 1.000000
vn 0.000000 0.000000 1.000000
vn 0.000000 0.000000 1.000000
vn 0.000000 0.000000 1.000000
vn 0.000000 0.000000 1.000000
vn 0.000000 0.000000 1.000000
vn 0.000000 0.000000 1.000000
vn 0.000000 0.000000 1.000000
vn 0.000000 0.000000 1.000000
vn 0.000000 0.000000 1.000000
vn 0.000000 0.000000 1.000000
vn 0.000000 0.000000 1.000000
vn 0.000000 0.000000 1.000000
vn 0.000000 0.000000 1.000000
vn 0.000000 0.000000 1.000000
vn 0.000000 0.000000 1.000000
vn 0.000000 0.000000 1.000000
vn 0.000000 0.000000 1.000000
vn 0.000000 0.000000 1.000000
vn 0.000000 0.000000 1.000000
vn 0.000000 0.000000 1.000000
vn 0.000000 0.000000 1.000000
vn 0.000000 0.000000 1.000000
vn 0.000000 0.000000 1.000000
vn 0.000000 0.000000 1.000000
vn 0.000000 0.000000 1.000000
vn 0.000000 0.000000 1.000000
vn 0.000000 0.000000 1.000000
vn 0.000000 0.000000 1.000000
vn 0.000000 0.000000 1.000000
vn 0.000000 0.000000 1.000000
vn 0.000000 0.000000 1.000000
vn 0.000000 0.000000 1.000000
vn 0.000000 0.000000 1.000000
vn 0.000000 0.000000 1.000000
vn 0.000000 0.000000 1.000000
vn 0.000000 0.000000 1.000000
vn 0.000000 0.000000 1.000000
vn 0.000000 0.000000 1.000000
vn 0.000000 0.000000 1.000000
vn 0.000000 0.000000 1.000000
vn 0.000000 0.000000 1.000000
vn 0.000000 0.000000 1.000000
vn 0.000000 0.000000 1.000000
vn 0.000000 0.000000 1.000000
vn 0.000000 0.000000 1.000000
vn 0.000000 0.000000 1.000000
vn 0.000000 0.000000 1.000000
vn 0.000000 0.000000 1.000000
vn 0.000000 0.000000 1.000000
vn 0.000000 0.000000 1.000000
vn 0.000000 0.000000 1.000000
vn 0.000000 0.000000 1.000000
vn 0.000000 0.000000 1.000000
vn 0.000000 0.000000 1.000000
vn 0.000000 0.000000 1.000000
vn 0.000000 0.000000 1.000000
vn 0.000000 0.000000 1.000000
vn 0.000000 0.000000 1.000000
vn 0.000000 0.000000 1.000000
vn 0.000000 0.000000 1.000000
vn 0.000000 0.000000 1.000000
vn 0.000000 0.000000 1.000000
vn 0.000000 0.000000 1.000000
vn 0.000000 0.000000 1.000000
vn 0.000000 0.000000 1.000000
vn 0.000000 0.000000 1.000000
vn 0.000000 0.000000 1.000000
vn 0.000000 0.000000 1.000000
vn 0.000000 0.000000 1.000000
vn 0.000000 0.000000 1.000000
vn 0.000000 0.000000 1.000000
vn 0.000000 0.000000 1.000000
vn 0.000000 0.000000 1.000000
vn 0.000000 0.000000 1.000000
vn 0.000000 0.000000 1.000000
vn 0.000000 0.000000 1.000000
vn 0.000000 0.000000 1.000000
vn 0.000000 0.000000 1.000000
vn 0.000000 0.000000 1.000000
vn 0.000000 0.000000 1.000000
vn 0.000000 0.000000 1.000000
vn 0.000000 0.000000 1.000000
vn 0.000000 0.000000 1.000000
vn 0.000000 0.000000 1.000000
vn 0.000000 0.000000 1.000000
vn 0.000000 0.000000 1.000000
vn 0.000000 0.000000 1.000000
vn 0.000000 0.000000 1.000000
vn 0.000000 0.000000 1.000000
vn 0.000000 0.000000 1.000000
vn 0.000000 0.000000 1.000000
vn 0.000000 0.000000 1.000000
vn 0.000000 0.000000 1.000000
vn 0.000000 0.000000 1.000000
vn 0.000000 0.000000 1.000000
vn 0.000000 0.000000 1.000000
vn 0.000000 0.000000 1.000000
vn 0.000000 0.000000 1.000000
vn 0.000000 0.000000 1.000000
vn 0.000000 0.000000 1.000000
vn 0.000000 0.000000 1.000000
vn 0.000000 0.000000 1.000000
vn 0.000000 0.000000 1.000000
vn 0.000000 0.000000 1.000000
vn 0.000000 0.000000 1.000000
vn 0.000000 0.000000 1.000000
vn 0.000000 0.000000 1.000000
vn 0.000000 0.000000 1.000000
vn 0.000000 0.000000 1.000000
vn 0.000000 0.000000 1.000000
vn 0.000000 0.000000 1.000000
vn 0.000000 0.000000 1.000000
vn 0.000000 0.000000 1.000000
vn 0.000000 0.000000 1.000000
vn 0.000000 0.000000 1.000000
vn 0.000000 0.000000 1.000000
vn 0.000000 0.000000 1.000000
vn 0.000000 0.000000 1.000000
vn 0.000000 0.000000 1.000000
vn 0.000000 0.000000 1.000000
vn 0.000000 0.000000 1.000000
vn 0.000000 0.000000 1.000000
vn 0.000000 0.000000 1.000000
vn 0.000000 0.000000 1.000000
vn 0.000000 0.000000 1.000000
vn 0.000000 0.000000 1.000000
vn 0.000000 0.000000 1.000000
vn 0.000000 0.000000 1.000000
vn 0.000000 0.000000 1.000000
vn 0.000000 0.000000 1.000000
vn 0.000000 0.000000 1.000000
vn 0.000000 0.000000 1.000000
vn 0.000000 0.000000 1.000000
vn 0.000000 0.000000 1.000000
vn 0.000000 0.000000 1.000000
vn 0.000000 0.000000 1.000000
vn 0.000000 0.000000 1.000000
vn 0.000000 0.000000 1.000000
vn 0.000000 0.000000 1.000000
vn 0.000000 0.000000 1.000000
vn 0.000000 0.000000 1.000000
vn 0.000000 0.000000 1.000000
vn 0.000000 0.000000 1.000000
vn 0.000000 0.000000 1.000000
vn 0.000000 0.000000 1.000000
vn 0.000000 0.000000 1.000000
vn 0.000000 0.000000 1.000000
vn 0.000000 0.000000 1.000000
vn 0.000000 0.000000 1.000000
vn 0.000000 0.000000 1.000000
vn 0.000000 0.000000 1.000000
vn 0.000000 0.000000 1.000000
vn 0.000000 0.000000 1.000000
vn 0.000000 0.000000 1.000000
vn 0.000000 0.000000 1.000000
vn 0.000000 0.000000 1.000000
vn 0.000000 0.000000 1.000000
vn 0.000000 0.000000 1.000000
vn 0.000000 0.000000 1.000000
vn 0.000000 0.000000 1.000000
vn 0.000000 0.000000 1.000000
vn 0.000000 0.000000 1.000000
vn 0.000000 0.000000 1.000000
vn 0.000000 0.000000 1.000000
vn 0.000000 0.000000 1.000000
vn 0.000000 0.000000 1.000000
vn 0.000000 0.000000 1.000000
vn 0.000000 0.000000 1.000000
vn 0.000000 0.000000 1.000000
vn 0.000000 0.000000 1.000000
vn 0.000000 0.000000 1.000000
vn 0.000000 0.000000 1.000000
vn 0.000000 0.000000 1.000000
vn 0.000000 0.000000 1.000000
vn 0.000000 0.000000 1.000000
vn 0.000000 0.000000 1.000000
vn 0.000000 0.000000 1.000000
vn 0.000000 0.000000 1.000000
vn 0.000000 0.000000 1.000000
vn 0.000000 0.000000 1.000000
vn 0.000000 0.000000 1.000000
vn 0.000000 0.000000 1.000000
vn 0.000000 0.000000 1.000000
vn 0.000000 0.000000 1.000000
vn 0.000000 0.000000 1.000000
vn 0.000000 0.000000 1.000000
vn 0.000000 0.000000 1.000000
vn 0.000000 0.000000 1.000000
vn 0.000000 0.000000 1.000000
vn 0.000000 0.000000 1.000000
vn 0.000000 0.000000 1.000000
vn 0.000000 0.000000 1.000000
vn 0.000000 0.000000 1.000000
vn 0.000000 0.000000 1.000000
vn 0.000000 0.000000 1.000000
vn 0.000000 0.000000 1.000000
vn 0.000000 0.000000 1.000000
vn 0.000000 0.000000 1.000000
vn 0.000000 0.000000 1.000000
vn 0.000000 0.000000 1.000000
vn 0.000000 0.000000 1.000000
vn 0.000000 0.000000 1.000000
vn 0.000000 0.000000 1.000000
vn 0.000000 0.000000 1.000000
vn 0.000000 0.000000 1.000000
vn 0.000000 0.000000 1.000000
vn 0.000000 0.000000 1.000000
vn 0.000000 0.000000 1.000000
vn 0.000000 0.000000 1.000000
vn 0.000000 0.000000 1.000000
vn 0.000000 0.000000 1.000000
vn 0.000000 0.000000 1.000000
vn 0.000000 0.000000 1.000000
vn 0.000000 0.000000 1.000000
vn 0.000000 0.000000 1.000000
vn 0.000000 0.000000 1.000000
vn 0.000000 0.000000 1.000000
f 1//1 2//2 3//3
f 2//2 4//4 3//3
f 3//3 4//4 5//5
f 6//6 7//7 3//3
f 7//7 8//8 3//3
f 3//3 8//8 1//1
f 9//9 10//10 3//3
f 10//10 11//11 3//3
f 3//3 11//11 6//6
f 12//12 13//13 3//3
f 13//13 14//14 3//3
f 3//3 14//14 9//9
f 15//15 16//16 3//3
f 16//16 17//17 3//3
f 3//3 17//17 12//12
f 18//18 19//19 3//3
f 19//19 20//20 3//3
f 3//3 20//20 15//15
f 21//21 22//22 3//3
f 22//22 23//23 3//3
f 3//3 23//23 18//18
f 5//5 24//24 3//3
f 24//24 25//25 3//3
f 3//3 25//25 21//21
f 26//26 27//27 28//28
f 27//27 29//29 28//28
f 28//28 29//29 30//30
f 31//31 32//32 28//28
f 32//32 33//33 28//28
f 28//28 33//33 26//26
f 34//34 35//35 28//28
f 35//35 36//36 28//28
f 28//28 36//36 31//31
f 37//37 38//38 28//28
f 38//38 39//39 28//28
f 28//28 39//39 34//34
f 40//40 41//41 28//28
f 41//41 42//42 28//28
f 28//28 42//42 37//37
f 43//43 44//44 28//28
f 44//44 45//45 28//28
f 28//28 45//45 40//40
f 46//46 47//47 28//28
f 47//47 48//48 28//28
f 28//28 48//48 43//43
f 30//30 49//49 28//28
f 49//49 50//50 28//28
f 28//28 50//50 46//46
f 51//51 52//52 53//53
f 52//52 54//54 53//53
f 53//53 54//54 55//55
f 56//56 57//57 53//53
f 57//57 58//58 53//53
f 53//53 58//58 51//51
f 59//59 60//60 53//53
f 60//60 61//61 53//53
f 53//53 61//61 56//56
f 62//62 63//63 53//53
f 63//63 64//64 53//53
f 53//53 64//64 59//59
f 65//65 66//66 53//53
f 66//66 67//67 53//53
f 53//53 67//67 62//62
f 68//68 69//69 53//53
f 69//69 70//70 53//53
f 53//53 70//70 65//65
f 71//71 72//72 53//53
f 72//72 73//73 53//53
f 53//53 73//73 68//68
f 55//55 74//74 53//53
f 74//74 75//75 53//53
f 53//53 75//75 71//71
f 76//76 77//77 78//78
f 77//77 79//79 78//78
f 78//78 79//79 80//80
f 81//81 82//82 78//78
f 82//82 83//83 78//78
f 78//78 83//83 76//76
f 84//84 85//85 78//78
f 85//85 86//86 78//78
f 78//78 86//86 81//81
f 87//87 88//88 78//78
f 88//88 89//89 78//78
f 78//78 89//89 84//84
f 90//90 91//91 78//78
f 91//91 92//92 78//78
f 78//78 92//92 87//87
f 93//93 94//94 78//78
f 94//94 95//95 78//78
f 78//78 95//95 90//90
f 96//96 97//97 78//78
f 97//97 98//98 78//78
f 78//78 98//98 93//93
f 80//80 99//99 78//78
f 99//99 100//100 78//78
f 78//78 100//100 96//96
f 101//101 102//102 103//103
f 102//102 104//104 103//103
f 103//103 104//104 105//105
f 106//106 107//107 103//103
f 107//107 108//108 103//103
f 103//103 108//108 101//101
f 109//109 110//110 103//103
f 110//110 111//111 103//103
f 103//103 111//111 106//106
f 112//112 113//113 103//103
f 113//113 114//114 103//103
f 103//103 114//114 109//109
f 115//115 116//116 103//103
f 116//116 117//117 103//103
f 103//103 117//117 112//112
f 118//118 119//119 103//103
f 119//119 120//120 103//103
f 103//103 120//120 115//115
f 121//121 122//122 103//103
f 122//122 123//123 103//103
f 103//103 123//123 118//118
f 105//105 124//124 103//103
f 124//124 125//125 103//103
f 103//103 125//125 121//121
f 126//126 127//127 128//128
f 127//127 129//129 128//128
f 128//128 129//129 130//130
f 131//131 132//132 128//128
f 132//132 133//133 128//128
f 128//128 133//133 126//126
f 134//134 135//135 128//128
f 135//135 136//136 128//128
f 128//128 136//136 131//131
f 137//137 138//138 128//128
f 138//138 139//139 128//128
f 128//128 139//139 134//134
f 140//140 141//141 128//128
f 141//141 142//142 128//128
f 128//128 142//142 137//137
f 143//143 144//144 128//128
f 144//144 145//145 128//128
f 128//128 145//145 140//140
f 146//146 147//147 128//128
f 147//147 148//148 128//128
f 128//128 148//148 143//143
f 130//130 149//149 128//128
f 149//149 150//150 128//128
f 128//128 150//150 146//146
f 151//151 152//152 153//153
f 152//152 154//154 153//153
f 153//153 154//154 155//155
f 156//156 157//157 153//153
f 157//157 158//158 153//153
f 153//153 158//158 151//151
f 159//159 160//160 153//153
f 160//160 161//161 153//153
f 153//153 161//161 156//156
f 162//162 163//163 153//153
f 163//163 164//164 153//153
f 153//153 164//164 159//159
f 165//165 166//166 153//153
f 166//166 167//167 153//153
f 153//153 167//167 162//162
f 168//168 169//169 153//153
f 169//169 170//170 153//153
f 153//153 170//170 165//165
f 171//171 172//172 153//153
f 172//172 173//173 153//153
f 153//153 173//173 168//168
f 155//155 174//174 153//153
f 174//174 175//175 153//153
f 153//153 175//175 171//171
f 176//176 177//177 178//178
f 177//177 179//179 178//178
f 178//178 179//179 180//180
f 181//181 182//182 178//178
f 182//182 183//183 178//178
f 178//178 183//183 176//176
f 184//184 185//185 178//178
f 185//185 186//186 178//178
f 178//178 186//186 181//181
f 187//187 188//188 178//178
f 188//188 189//189 178//178
f 178//178 189//189 184//184
f 190//190 191//191 178//178
f 191//191 192//192 178//178
f 178//178 192//192 187//187
f 193//193 194//194 178//178
f 194//194 195//195 178//178
f 178//178 195//195 190//190
f 196//196 197//197 178//178
f 197//197 198//198 178//178
f 178//178 198//198 193//193
f 180//180 199//199 178//178
f 199//199 200//200 178//178
f 178//178 200//200 196//196
f 201//201 202//202 203//203
f 202//202 204//204 203//203
f 203//203 204//204 205//205
f 206//206 207//207 203//203
f 207//207 208//208 203//203
f 203//203 208//208 201//201
f 209//209 210//210 203//203
f 210//210 211//211 203//203
f 203//203 211//211 206//206
f 212//212 213//213 203//203
f 213//213 214//214 203//203
f 203//203 214//214 209//209
f 215//215 216//216 203//203
f 216//216 217//217 203//203
f 203//203 217//217 212//212
f 218//218 219//219 203//203
f 219//219 220//220 203//203
f 203//203 220//220 215//215
f 221//221 222//222 203//203
f 222//222 223//223 203//203
f 203//203 223//223 218//218
f 205//205 224//224 203//203
f 224//224 225//225 203//203
f 203//203 225//225 221//221
f 226//226 227//227 228//228
f 227//227 229//229 228//228
f 228//228 229//229 230//230
f 231//231 232//232 228//228
f 232//232 233//233 228//228
f 228//228 233//233 226//226
f 234//234 235//235 228//228
f 235//235 236//236 228//228
f 228//228 236//236 231//231
f 237//237 238//238 228//228
f 238//238 239//239 228//228
f 228//228 239//239 234//234
f 240//240 241//241 228//228
f 241//241 242//242 228//228
f 228//228 242//242 237//237
f 243//243 244//244 228//228
f 244//244 245//245 228//228
f 228//228 245//245 240//240
f 246//246 247//247 228//228
f 247//247 248//248 228//228
f 228//228 248//248 243//243
f 230//230 249//249 228//228
f 249//249 250//250 228//228
f 228//228 250//250 246//246
f 251//251 252//252 253//253
f 252//252 254//254 253//253
f 253//253 254//254 255//255
f 256//256 257//257 253//253
f 257//257 258//258 253//253
f 253//253 258//258 251//251
f 259//259 260//260 253//253
f 260//260 261//261 253//253
f 253//253 261//261 256//256
f 262//262 263//263 253//253
f 263//263 264//264 253//253
f 253//253 264//264 259//259
f 265//265 266//266 253//253
f 266//266 267//267 253//253
f 253//253 267//267 262//262
f 268//268 269//269 253//253
f 269//269 270//270 253//253
f 253//253 270//270 265//265
f 271//271 272//272 253//253
f 272//272 273//273 253//253
f 253//253 273//273 268//268
f 255//255 274//274 253//253
f 274//274 275//275 253//253
f 253//253 275//275 271//271
f 276//276 277//277 278//278
f 277//277 279//279 278//278
f 278//278 279//279 280//280
f 281//281 282//282 278//278
f 282//282 283//283 278//278
f 278//278 283//283 276//276
f 284//284 285//285 278//278
f 285//285 286//286 278//278
f 278//278 286//286 281//281
f 287//287 288//288 278//278
f 288//288 289//289 278//278
f 278//278 289//289 284//284
f 290//290 291//291 278//278
f 291//291 292//292 278//278
f 278//278 292//292 287//287
f 293//293 294//294 278//278
f 294//294 295//295 278//278
f 278//278 295//295 290//290
f 296//296 297//297 278//278
f 297//297 298//298 278//278
f 278//278 298//298 293//293
f 280//280 299//299 278//278
f 299//299 300//300 278//278
f 278//278 300//300 296//296
f 301//301 302//302 303//303
f 301//301 303//303 304//304
f 303//303 305//305 304//304
f 304//304 305//305 306//306
f 305//305 307//307 306//306
f 306//306 307//307 308//308
f 307//307 309//309 308//308
f 308//308 309//309 310//310
f 309//309 311//311 310//310
f 310//310 311//311 312//312
f 301//301 313//313 302//302
f 313//313 314//314 302//302
f 302//302 314//314 315//315
f 314//314 316//316 315//315
f 314//314 317//317 318//318
f 318//318 319//319 314//314
f 319//319 320//320 314//314
f 314//314 320//320 316//316
f 321//321 322//322 318//318
f 323//323 324//324 319//319
f 324//324 325//325 319//319
f 319//319 325//325 320//320
f 318//318 322//322 319//319
f 322//322 326//326 319//319
f 319//319 326//326 323//323
f 317//317 314//314 327//327
f 327//327 328//328 317//317
f 328//328 329//329 317//317
f 317//317 329//329 318//318
f 329//329 330//330 318//318
f 318//318 330//330 321//321
f 331//331 315//315 332//332
f 315//315 316//316 332//332
f 325//325 333//333 320//320
f 333//333 334//334 320//320
f 320//320 334//334 316//316
f 334//334 335//335 316//316
f 316//316 335//335 332//332
f 336//336 337//337 338//338
f 337//337 339//339 338//338
f 340//340 331//331 341//341
f 331//331 332//332 341//341
f 341//341 332//332 335//335
f 324//324 342//342 325//325
f 342//342 341//341 325//325
f 335//335 334//334 341//341
f 334//334 333//333 341//341
f 341//341 333//333 325//325
f 338//338 339//339 343//343
f 339//339 344//344 343//343
f 345//345 346//346 347//347
f 345//345 347//347 348//348
f 347//347 349//349 348//348
f 348//348 349//349 350//350
f 349//349 351//351 350//350
f 350//350 351//351 352//352
f 351//351 353//353 352//352
f 352//352 353//353 354//354
f 353//353 355//355 354//354
f 354//354 355//355 356//356
f 355//355 357//357 356//356
f 356//356 357//357 358//358
f 357//357 359//359 358//358
f 358//358 359//359 360//360
f 359//359 343//343 360//360
f 360//360 343//343 344//344
f 361//361 362//362 363//363
f 362//362 364//364 363//363
f 346//346 345//345 365//365
f 345//345 366//366 365//365
f 367//367 368//368 369//369
f 368//368 370//370 369//369
f 371//371 372//372 373//373
f 372//372 374//374 373//373
f 363//363 364//364 375//375
f 364//364 376//376 375//375
f 377//377 378//378 379//379
f 378//378 380//380 379//379
f 379//379 380//380 381//381
f 380//380 382//382 381//381
f 381//381 382//382 383//383
f 382//382 384//384 383//383
f 383//383 384//384 385//385
f 384//384 386//386 385//385
f 385//385 386//386 387//387
f 386//386 388//388 387//387
f 387//387 388//388 389//389
f 388//388 390//390 389//389
f 389//389 390//390 391//391
f 390//390 392//392 391//391
f 391//391 392//392 393//393
f 392//392 394//394 393//393
f 393//393 394//394 395//395
f 394//394 396//396 395//395
f 395//395 396//396 397//397
f 396//396 398//398 397//397
f 397//397 398//398 399//399
f 398//398 400//400 399//399
f 399//399 400//400 401//401
f 400//400 402//402 401//401
f 401//401 402//402 403//403
f 402//402 404//404 403//403
f 403//403 404//404 405//405
f 404//404 406//406 405//405
f 405//405 406//406 407//407
f 406//406 408//408 407//407
f 407//407 408//408 409//409
f 408//408 410//410 409//409
f 409//409 410//410 411//411
f 410//410 412//412 411//411
f 411//411 412//412 413//413
f 412//412 414//414 413//413
f 413//413 414//414 415//415
f 414//414 416//416 415//415
f 415//415 416//416 417//417
f 416//416 418//418 417//417
f 417//417 418//418 419//419
f 418//418 420//420 419//419
f 419//419 420//420 421//421
f 420//420 422//422 421//421
f 421//421 422//422 376//376
f 422//422 375//375 376//376
f 378//378 377//377 423//423
f 377//377 424//424 423//423
f 425//425 426//426 427//427
f 426//426 423//423 427//427
f 427//427 423//423 424//424
f 426//426 425//425 428//428
f 425//425 429//429 428//428
f 430//430 431//431 432//432
f 430//430 432//432 433//433
f 432//432 434//434 433//433
f 433//433 434//434 435//435
f 434//434 436//436 435//435
f 435//435 436//436 437//437
f 436//436 438//438 437//437
f 437//437 438//438 439//439
f 438//438 440//440 439//439
f 439//439 440//440 441//441
f 440//440 442//442 441//441
f 441//441 442//442 443//443
f 442//442 444//444 443//443
f 443//443 444//444 445//445
f 444//444 428//428 445//445
f 445//445 428//428 429//429
f 446//446 447//447 448//448
f 447//447 449//449 448//448
f 448//448 449//449 450//450
f 431//431 430//430 451//451
f 430//430 452//452 451//451
f 453//453 454//454 455//455
f 454//454 456//456 455//455
f 457//457 458//458 459//459
f 458//458 460//460 459//459
f 459//459 460//460 461//461
f 460//460 462//462 461//461
f 463//463 464//464 465//465
f 464//464 466//466 465//465
f 467//467 468//468 469//469
f 468//468 470//470 469//469
f 471//471 472//472 473//473
f 472//472 450//450 473//473
f 473//473 450//450 474//474
f 450//450 449//449 474//474
f 475//475 476//476 477//477
f 476//476 478//478 477//477
f 472//472 471//471 479//479
f 471//471 480//480 479//479
f 477//477 478//478 481//481
f 478//478 482//482 481//481
f 481//481 482//482 483//483
f 484//484 485//485 486//486
f 485//485 487//487 486//486
f 488//488 489//489 490//490
f 489//489 483//483 490//490
f 490//490 483//483 482//482
f 486//486 487//487 491//491
f 487//487 492//492 491//491
f 493//493 494//494 495//495
f 493//493 495//495 496//496
f 495//495 497//497 496//496
f 496//496 497//497 498//498
f 497//497 499//499 498//498
f 498//498 499//499 500//500
f 499//499 501//501 500//500
f 500//500 501//501 502//502
f 501//501 503//503 502//502
f 502//502 503//503 504//504
f 503//503 505//505 504//504
f 504//504 505//505 506//506
f 505//505 507//507 506//506
f 506//506 507//507 508//508
f 507//507 491//491 508//508
f 508//508 491//491 492//492
f 509//509 510//510 511//511
f 510//510 512//512 511//511
f 494//494 493//493 513//513
f 493//493 514//514 513//513
f 511//511 512//512 515//515
f 511//511 515//515 516//516
f 515//515 517//517 516//516
f 516//516 517//517 518//518
f 517//517 519//519 518//518
f 518//518 519//519 520//520
f 519//519 521//521 520//520
f 520//520 521//521 522//522
f 521//521 523//523 522//522
f 522//522 523//523 524//524
f 523//523 525//525 524//524
f 524//524 525//525 526//526
f 525//525 527//527 526//526
f 526//526 527//527 528//528
f 527//527 529//529 528//528
f 528//528 529//529 530//530
f 530//530 529//529 531//531
f 529//529 532//532 531//531
f 533//533 534//534 535//535
f 534//534 536//536 535//535
f 531//531 532//532 537//537
f 532//532 538//538 537//537
f 539//539 535//535 536//536
f 540//540 541//541 542//542
f 541//541 539//539 542//542
f 542//542 539//539 543//543
f 539//539 536//536 543//543
f 544//544 545//545 546//546
f 545//545 547//547 546//546
f 541//541 540//540 548//548
f 540//540 549//549 548//548
f 546//546 547//547 550//550
f 547//547 551//551 550//550
f 552//552 553//553 554//554
f 552//552 554//554 555//555
f 554//554 556//556 555//555
f 555//555 556//556 557//557
f 556//556 558//558 557//557
f 557//557 558//558 559//559
f 558//558 560//560 559//559
f 559//559 560//560 561//561
f 560//560 562//562 561//561
f 561//561 562//562 563//563
f 562//562 564//564 563//563
f 563//563 564//564 565//565
f 564//564 566//566 565//565
f 565//565 566//566 567//567
f 566//566 550//550 567//567
f 567//567 550//550 551//551
f 568//568 569//569 570//570
f 569//569 571//571 570//570
f 553//553 552//552 572//572
f 552//552 573//573 572//572
f 570//570 571//571 574//574
f 570//570 574//574 575//575
f 574//574 576//576 575//575
f 575//575 576//576 577//577
f 576//576 578//578 577//577
f 577//577 578//578 579//579
f 578//578 580//580 579//579
f 579//579 580//580 581//581
f 580//580 582//582 581//581
f 581//581 582//582 583//583
f 582//582 584//584 583//583
f 583//583 584//584 585//585
f 584//584 586//586 585//585
f 585//585 586//586 587//587
f 586//586 588//588 587//587
f 587//587 588//588 589//589
f 589//589 588//588 590//590
f 588//588 591//591 590//590
f 592//592 593//593 594//594
f 593//593 595//595 594//594
f 590//590 591//591 596//596
f 591//591 597//597 596//596
f 594//594 595//595 598//598
f 595//595 599//599 598//598
f 598//598 599//599 600//600
f 599//599 601//601 600//600
f 602//602 603//603 604//604
f 603//603 605//605 604//604
f 600//600 601//601 606//606
f 601//601 607//607 606//606
f 462//462 604//604 605//605
f 605//605 608//608 462//462
f 608//608 609//609 462//462
f 462//462 609//609 461//461
f 610//610 603//603 611//611
f 603//603 602//602 611//611
f 612//612 610//610 613//613
f 610//610 611//611 613//613
f 602//602 606//606 611//611
f 606//606 613//613 611//611
f 606//606 607//607 613//613
f 607//607 612//612 613//613
f 614//614 593//593 615//615
f 593//593 592//592 615//615
f 616//616 614//614 617//617
f 614//614 615//615 617//617
f 592//592 596//596 615//615
f 596//596 617//617 615//615
f 596//596 597//597 617//617
f 597//597 616//616 617//617
f 618//618 569//569 619//619
f 569//569 568//568 619//619
f 620//620 618//618 621//621
f 618//618 619//619 621//621
f 568//568 572//572 619//619
f 572//572 621//621 619//619
f 572//572 573//573 621//621
f 573//573 620//620 621//621
f 622//622 545//545 623//623
f 545//545 544//544 623//623
f 624//624 622//622 625//625
f 622//622 623//623 625//625
f 544//544 548//548 623//623
f 548//548 625//625 623//623
f 548//548 549//549 625//625
f 549//549 624//624 625//625
f 626//626 534//534 627//627
f 534//534 533//533 627//627
f 628//628 626//626 629//629
f 626//626 627//627 629//629
f 533//533 537//537 627//627
f 537//537 629//629 627//627
f 537//537 538//538 629//629
f 538//538 628//628 629//629
f 630//630 510//510 631//631
f 510//510 509//509 631//631
f 632//632 630//630 633//633
f 630//630 631//631 633//633
f 509//509 513//513 631//631
f 513//513 633//633 631//631
f 513//513 514//514 633//633
f 514//514 632//632 633//633
f 634//634 485//485 635//635
f 485//485 484//484 635//635
f 636//636 634//634 637//637
f 634//634 635//635 637//637
f 484//484 489//489 635//635
f 489//489 637//637 635//635
f 489//489 488//488 637//637
f 488//488 636//636 637//637
f 638//638 476//476 639//639
f 476//476 475//475 639//639
f 640//640 638//638 641//641
f 638//638 639//639 641//641
f 475//475 479//479 639//639
f 479//479 641//641 639//639
f 479//479 480//480 641//641
f 480//480 640//640 641//641
f 447//447 446//446 642//642
f 446//446 643//643 642//642
f 642//642 643//643 644//644
f 645//645 644//644 646//646
f 644//644 643//643 646//646
f 446//446 451//451 643//643
f 451//451 646//646 643//643
f 645//645 646//646 647//647
f 646//646 451//451 647//647
f 647//647 451//451 452//452
f 455//455 456//456 648//648
f 455//455 648//648 649//649
f 648//648 650//650 649//649
f 649//649 650//650 651//651
f 650//650 652//652 651//651
f 651//651 652//652 653//653
f 652//652 654//654 653//653
f 653//653 654//654 655//655
f 654//654 656//656 655//655
f 655//655 656//656 657//657
f 656//656 658//658 657//657
f 657//657 658//658 659//659
f 658//658 660//660 659//659
f 659//659 660//660 661//661
f 660//660 662//662 661//661
f 661//661 662//662 663//663
f 663//663 662//662 664//664
f 662//662 665//665 664//664
f 664//664 665//665 666//666
f 665//665 667//667 666//666
f 666//666 667//667 668//668
f 667//667 669//669 668//668
f 670//670 671//671 672//672
f 671//671 673//673 672//672
f 672//672 673//673 674//674
f 673//673 675//675 674//674
f 674//674 675//675 676//676
f 675//675 677//677 676//676
f 676//676 677//677 678//678
f 677//677 679//679 678//678
f 678//678 679//679 680//680
f 679//679 681//681 680//680
f 680//680 681//681 682//682
f 681//681 683//683 682//682
f 682//682 683//683 684//684
f 683//683 685//685 684//684
f 684//684 685//685 686//686
f 685//685 687//687 686//686
f 686//686 687//687 688//688
f 687//687 689//689 688//688
f 688//688 689//689 690//690
f 689//689 691//691 690//690
f 690//690 691//691 692//692
f 691//691 693//693 692//692
f 692//692 693//693 694//694
f 693//693 695//695 694//694
f 694//694 695//695 696//696
f 695//695 697//697 696//696
f 696//696 697//697 698//698
f 697//697 699//699 698//698
f 698//698 699//699 700//700
f 699//699 701//701 700//700
f 700//700 701//701 702//702
f 701//701 703//703 702//702
f 702//702 703//703 704//704
f 703//703 705//705 704//704
f 704//704 705//705 706//706
f 705//705 707//707 706//706
f 706//706 707//707 708//708
f 707//707 709//709 708//708
f 708//708 709//709 710//710
f 709//709 711//711 710//710
f 710//710 711//711 712//712
f 711//711 713//713 712//712
f 712//712 713//713 714//714
f 713//713 715//715 714//714
f 714//714 715//715 669//669
f 715//715 668//668 669//669
f 671//671 670//670 371//371
f 670//670 372//372 371//371
f 454//454 453//453 716//716
f 453//453 717//717 716//716
f 716//716 717//717 718//718
f 719//719 718//718 720//720
f 718//718 717//717 720//720
f 453//453 458//458 717//717
f 458//458 720//720 717//717
f 719//719 720//720 721//721
f 720//720 458//458 721//721
f 721//721 458//458 457//457
f 722//722 723//723 724//724
f 723//723 465//465 724//724
f 724//724 465//465 466//466
f 467//467 465//465 725//725
f 465//465 723//723 725//725
f 722//722 726//726 723//723
f 726//726 725//725 723//723
f 468//468 467//467 727//727
f 467//467 725//725 727//727
f 727//727 725//725 726//726
f 464//464 463//463 728//728
f 464//464 728//728 729//729
f 728//728 730//730 729//729
f 729//729 730//730 731//731
f 730//730 732//732 731//731
f 731//731 732//732 733//733
f 732//732 734//734 733//733
f 733//733 734//734 735//735
f 734//734 736//736 735//735
f 735//735 736//736 737//737
f 736//736 738//738 737//737
f 737//737 738//738 739//739
f 738//738 740//740 739//739
f 739//739 740//740 741//741
f 741//741 740//740 742//742
f 740//740 743//743 742//742
f 742//742 743//743 744//744
f 745//745 746//746 743//743
f 746//746 744//744 743//743
f 747//747 748//748 745//745
f 748//748 746//746 745//745
f 749//749 750//750 751//751
f 749//749 751//751 752//752
f 751//751 753//753 752//752
f 752//752 753//753 754//754
f 753//753 755//755 754//754
f 754//754 755//755 756//756
f 755//755 757//757 756//756
f 756//756 757//757 758//758
f 757//757 759//759 758//758
f 758//758 759//759 760//760
f 759//759 761//761 760//760
f 760//760 761//761 762//762
f 761//761 763//763 762//762
f 762//762 763//763 764//764
f 764//764 763//763 747//747
f 763//763 765//765 747//747
f 747//747 765//765 748//748
f 766//766 767//767 749//749
f 767//767 750//750 749//749
f 768//768 769//769 770//770
f 769//769 771//771 770//770
f 767//767 766//766 772//772
f 766//766 773//773 772//772
f 772//772 773//773 774//774
f 775//775 774//774 776//776
f 774//774 773//773 776//776
f 766//766 770//770 773//773
f 770//770 776//776 773//773
f 775//775 776//776 777//777
f 776//776 770//770 777//777
f 777//777 770//770 771//771
f 769//769 768//768 778//778
f 769//769 778//778 779//779
f 778//778 780//780 779//779
f 779//779 780//780 781//781
f 780//780 782//782 781//781
f 781//781 782//782 783//783
f 782//782 784//784 783//783
f 783//783 784//784 785//785
f 784//784 786//786 785//785
f 785//785 786//786 787//787
f 786//786 788//788 787//787
f 787//787 788//788 789//789
f 788//788 790//790 789//789
f 789//789 790//790 791//791
f 790//790 792//792 791//791
f 791//791 792//792 793//793
f 794//794 795//795 792//792
f 795//795 793//793 792//792
f 796//796 797//797 794//794
f 797//797 795//795 794//794
f 469//469 470//470 798//798
f 469//469 798//798 799//799
f 798//798 800//800 799//799
f 799//799 800//800 801//801
f 800//800 802//802 801//801
f 801//801 802//802 803//803
f 802//802 804//804 803//803
f 803//803 804//804 805//805
f 804//804 806//806 805//805
f 805//805 806//806 807//807
f 806//806 808//808 807//807
f 807//807 808//808 809//809
f 808//808 810//810 809//809
f 809//809 810//810 811//811
f 810//810 797//797 811//811
f 811//811 797//797 796//796
f 812//812 362//362 813//813
f 362//362 361//361 813//813
f 814//814 812//812 815//815
f 812//812 813//813 815//815
f 361//361 365//365 813//813
f 365//365 815//815 813//813
f 365//365 366//366 815//815
f 366//366 814//814 815//815
f 369//369 370//370 816//816
f 369//369 816//816 817//817
f 816//816 818//818 817//817
f 817//817 818//818 819//819
f 818//818 820//820 819//819
f 819//819 820//820 821//821
f 820//820 822//822 821//821
f 821//821 822//822 823//823
f 822//822 824//824 823//823
f 823//823 824//824 825//825
f 824//824 826//826 825//825
f 825//825 826//826 827//827
f 826//826 828//828 827//827
f 827//827 828//828 829//829
f 828//828 830//830 829//829
f 829//829 830//830 831//831
f 831//831 830//830 832//832
f 830//830 833//833 832//832
f 834//834 368//368 835//835
f 368//368 367//367 835//835
f 836//836 834//834 837//837
f 834//834 835//835 837//837
f 367//367 373//373 835//835
f 373//373 837//837 835//835
f 373//373 374//374 837//837
f 374//374 836//836 837//837
f 838//838 337//337 839//839
f 337//337 336//336 839//839
f 840//840 838//838 841//841
f 838//838 839//839 841//841
f 336//336 340//340 839//839
f 340//340 841//841 839//839
f 340//340 341//341 841//841
f 341//341 840//840 841//841
f 324//324 323//323 342//342
f 323//323 326//326 342//342
f 342//342 326//326 322//322
f 322//322 321//321 342//342
f 321//321 330//330 342//342
f 342//342 330//330 329//329
f 329//329 328//328 342//342
f 328//328 327//327 342//342
f 342//342 327//327 842//842
f 843//843 844//844 845//845
f 844//844 846//846 845//845
f 844//844 847//847 846//846
f 847//847 848//848 846//846
f 849//849 850//850 851//851
f 851//851 852//852 849//849
f 852//852 853//853 849//849
f 849//849 853//853 854//854
f 855//855 856//856 857//857
f 856//856 858//858 857//857
f 857//857 858//858 859//859
f 851//851 860//860 852//852
f 860//860 861//861 852//852
f 849//849 854//854 862//862
f 854//854 863//863 862//862
f 862//862 863//863 864//864
f 863//863 865//865 864//864
f 866//866 867//867 868//868
f 865//865 863//863 869//869
f 869//869 870//870 865//865
f 870//870 871//871 865//865
f 865//865 871//871 868//868
f 871//871 872//872 868//868
f 868//868 872//872 866//866
f 873//873 868//868 874//874
f 868//868 867//867 874//874
f 859//859 858//858 867//867
f 858//858 874//874 867//867
f 875//875 855//855 876//876
f 855//855 857//857 876//876
f 877//877 878//878 879//879
f 878//878 880//880 879//879
f 881//881 882//882 883//883
f 881//881 883//883 884//884
f 883//883 880//880 884//884
f 884//884 880//880 878//878
f 881//881 877//877 882//882
f 877//877 879//879 882//882
f 885//885 886//886 887//887
f 886//886 888//888 887//887
f 889//889 890//890 891//891
f 889//889 891//891 892//892
f 891//891 893//893 892//892
f 892//892 893//893 894//894
f 893//893 895//895 894//894
f 894//894 895//895 896//896
f 895//895 897//897 896//896
f 896//896 897//897 898//898
f 897//897 899//899 898//898
f 898//898 899//899 900//900
f 899//899 888//888 900//900
f 900//900 888//888 886//886
f 901//901 902//902 903//903
f 901//901 903//903 904//904
f 903//903 890//890 904//904
f 904//904 890//890 889//889
f 901//901 885//885 902//902
f 885//885 887//887 902//902
f 905//905 906//906 907//907
f 906//906 908//908 907//907
f 909//909 905//905 910//910
f 905//905 907//907 910//910
f 911//911 912//912 913//913
f 912//912 914//914 913//913
f 913//913 914//914 915//915
f 914//914 916//916 915//915
f 917//917 918//918 919//919
f 918//918 920//920 919//919
f 919//919 920//920 921//921
f 922//922 911//911 923//923
f 911//911 913//913 923//923
f 916//916 914//914 924//924
f 914//914 925//925 924//924
f 926//926 927//927 925//925
f 927//927 924//924 925//925
f 919//919 921//921 928//928
f 921//921 929//929 928//928
f 918//918 930//930 920//920
f 930//930 931//931 920//920
f 932//932 933//933 934//934
f 932//932 934//934 935//935
f 934//934 936//936 935//935
f 935//935 936//936 937//937
f 932//932 938//938 933//933
f 938//938 939//939 933//933
f 938//938 937//937 939//939
f 937//937 936//936 939//939
f 940//940 941//941 942//942
f 940//940 942//942 943//943
f 942//942 944//944 943//943
f 943//943 944//944 945//945
f 944//944 946//946 945//945
f 945//945 946//946 947//947
f 946//946 948//948 947//947
f 947//947 948//948 949//949
f 948//948 950//950 949//949
f 949//949 950//950 951//951
f 950//950 952//952 951//951
f 951//951 952//952 953//953
f 940//940 954//954 941//941
f 954//954 955//955 941//941
f 954//954 956//956 955//955
f 956//956 957//957 955//955
f 953//953 952//952 958//958
f 953//953 958//958 959//959
f 958//958 957//957 959//959
f 959//959 957//957 956//956
f 960//960 961//961 962//962
f 961//961 963//963 962//962
f 964//964 960//960 965//965
f 960//960 962//962 965//965
f 966//966 967//967 968//968
f 966//966 968//968 969//969
f 968//968 970//970 969//969
f 969//969 970//970 971//971
f 966//966 972//972 967//967
f 972//972 973//973 967//967
f 972//972 971//971 973//973
f 971//971 970//970 973//973
f 974//974 975//975 976//976
f 975//975 977//977 976//976
f 976//976 977//977 978//978
f 977//977 979//979 978//978
f 978//978 979//979 980//980
f 979//979 981//981 980//980
f 980//980 981//981 982//982
f 981//981 983//983 982//982
f 982//982 983//983 984//984
f 983//983 985//985 984//984
f 984//984 985//985 986//986
f 985//985 987//987 986//986
f 986//986 987//987 988//988
f 987//987 989//989 988//988
f 988//988 989//989 990//990
f 989//989 991//991 990//990
f 975//975 974//974 992//992
f 975//975 992//992 993//993
f 992//992 994//994 993//993
f 993//993 994//994 995//995
f 996//996 997//997 998//998
f 996//996 998//998 999//999
f 998//998 1000//1000 999//999
f 999//999 1000//1000 1001//1001
f 995//995 994//994 1002//1002
f 994//994 1003//1003 1002//1002
f 1002//1002 1003//1003 1004//1004
f 1003//1003 1005//1005 1004//1004
f 1004//1004 1005//1005 1006//1006
f 1005//1005 1007//1007 1006//1006
f 1006//1006 1007//1007 1008//1008
f 1007//1007 1009//1009 1008//1008
f 1008//1008 1009//1009 1010//1010
f 1009//1009 1011//1011 1010//1010
f 1010//1010 1011//1011 1012//1012
f 1011//1011 1013//1013 1012//1012
f 1013//1013 1014//1014 1012//1012
f 1014//1014 1015//1015 1012//1012
f 1016//1016 1017//1017 1018//1018
f 1017//1017 1019//1019 1018//1018
f 1020//1020 1021//1021 1022//1022
f 1021//1021 1023//1023 1022//1022
f 1022//1022 1023//1023 1024//1024
f 1023//1023 1025//1025 1024//1024
f 1024//1024 1025//1025 1026//1026
f 1025//1025 1027//1027 1026//1026
f 1026//1026 1027//1027 1028//1028
f 1027//1027 1029//1029 1028//1028
f 1028//1028 1029//1029 1030//1030
f 1029//1029 1031//1031 1030//1030
f 1030//1030 1031//1031 1014//1014
f 1031//1031 1015//1015 1014//1014
f 1021//1021 1020//1020 1032//1032
f 1021//1021 1032//1032 1033//1033
f 1032//1032 1034//1034 1033//1033
f 1033//1033 1034//1034 1035//1035
f 1036//1036 1037//1037 1038//1038
f 1036//1036 1038//1038 1039//1039
f 1038//1038 1040//1040 1039//1039
f 1039//1039 1040//1040 1041//1041
f 1040//1040 1042//1042 1041//1041
f 1041//1041 1042//1042 1043//1043
f 1043//1043 1042//1042 1044//1044
f 1042//1042 1045//1045 1044//1044
f 1044//1044 1045//1045 1046//1046
f 1045//1045 1047//1047 1046//1046
f 1046//1046 1047//1047 1048//1048
f 1047//1047 1049//1049 1048//1048
f 1048//1048 1049//1049 1050//1050
f 1049//1049 1051//1051 1050//1050
f 1050//1050 1051//1051 1052//1052
f 1051//1051 1053//1053 1052//1052
f 1052//1052 1053//1053 1054//1054
f 1053//1053 1055//1055 1054//1054
f 1056//1056 1057//1057 1058//1058
f 1057//1057 1059//1059 1058//1058
f 1055//1055 1060//1060 1054//1054
f 1060//1060 1061//1061 1054//1054
f 1062//1062 1063//1063 1064//1064
f 1063//1063 1065//1065 1064//1064
f 1064//1064 1065//1065 1066//1066
f 1065//1065 1067//1067 1066//1066
f 1066//1066 1067//1067 1068//1068
f 1067//1067 1069//1069 1068//1068
f 1068//1068 1069//1069 1070//1070
f 1069//1069 1071//1071 1070//1070
f 1070//1070 1071//1071 1072//1072
f 1071//1071 1073//1073 1072//1072
f 1072//1072 1073//1073 1057//1057
f 1073//1073 1059//1059 1057//1057
f 1074//1074 1075//1075 1076//1076
f 1074//1074 1076//1076 1077//1077
f 1076//1076 1078//1078 1077//1077
f 1077//1077 1078//1078 1079//1079
f 1063//1063 1062//1062 1080//1080
f 1063//1063 1080//1080 1081//1081
f 1080//1080 1082//1082 1081//1081
f 1081//1081 1082//1082 1083//1083
f 1082//1082 1084//1084 1083//1083
f 1083//1083 1084//1084 1085//1085
f 1079//1079 1078//1078 1086//1086
f 1078//1078 1087//1087 1086//1086
f 1086//1086 1087//1087 1088//1088
f 1087//1087 1089//1089 1088//1088
f 1088//1088 1089//1089 1090//1090
f 1089//1089 1091//1091 1090//1090
f 1090//1090 1091//1091 1092//1092
f 1091//1091 1093//1093 1092//1092
f 1092//1092 1093//1093 1094//1094
f 1093//1093 1095//1095 1094//1094
f 1094//1094 1095//1095 1018//1018
f 1095//1095 1016//1016 1018//1018
f 1075//1075 1074//1074 1096//1096
f 1074//1074 1097//1097 1096//1096
f 1096//1096 1097//1097 1098//1098
f 1097//1097 1099//1099 1098//1098
f 1098//1098 1099//1099 1100//1100
f 1099//1099 1101//1101 1100//1100
f 1100//1100 1101//1101 1102//1102
f 1101//1101 1103//1103 1102//1102
f 1102//1102 1103//1103 1104//1104
f 1103//1103 1105//1105 1104//1104
f 1104//1104 1105//1105 1106//1106
f 1105//1105 1107//1107 1106//1106
f 1106//1106 1107//1107 1108//1108
f 1107//1107 1109//1109 1108//1108
f 1108//1108 1109//1109 1110//1110
f 1109//1109 1111//1111 1110//1110
f 1112//1112 1113//1113 1114//1114
f 1113//1113 1115//1115 1114//1114
f 1114//1114 1115//1115 1111//1111
f 1115//1115 1110//1110 1111//1111
f 1113//1113 1112//1112 1116//1116
f 1112//1112 1117//1117 1116//1116
f 1116//1116 1117//1117 1118//1118
f 1117//1117 1119//1119 1118//1118
f 1118//1118 1119//1119 1120//1120
f 1119//1119 1121//1121 1120//1120
f 1120//1120 1121//1121 1122//1122
f 1121//1121 1123//1123 1122//1122
f 1122//1122 1123//1123 1124//1124
f 1123//1123 1125//1125 1124//1124
f 1124//1124 1125//1125 1126//1126
f 1125//1125 1127//1127 1126//1126
f 1126//1126 1127//1127 1128//1128
f 1127//1127 1129//1129 1128//1128
f 1128//1128 1129//1129 1000//1000
f 1129//1129 1001//1001 1000//1000
f 1085//1085 1084//1084 1130//1130
f 1084//1084 1131//1131 1130//1130
f 1132//1132 1133//1133 1134//1134
f 1133//1133 1135//1135 1134//1134
f 1134//1134 1135//1135 1136//1136
f 1135//1135 1137//1137 1136//1136
f 1136//1136 1137//1137 1138//1138
f 1137//1137 1139//1139 1138//1138
f 1138//1138 1139//1139 1140//1140
f 1139//1139 1141//1141 1140//1140
f 1140//1140 1141//1141 1142//1142
f 1141//1141 1143//1143 1142//1142
f 1142//1142 1143//1143 1131//1131
f 1143//1143 1130//1130 1131//1131
f 1144//1144 1145//1145 1132//1132
f 1145//1145 1133//1133 1132//1132
f 1145//1145 1144//1144 1146//1146
f 1144//1144 1147//1147 1146//1146
f 1148//1148 1149//1149 1150//1150
f 1149//1149 1151//1151 1150//1150
f 1150//1150 1151//1151 1152//1152
f 1151//1151 1153//1153 1152//1152
f 1152//1152 1153//1153 1154//1154
f 1153//1153 1155//1155 1154//1154
f 1154//1154 1155//1155 1156//1156
f 1155//1155 1157//1157 1156//1156
f 1156//1156 1157//1157 1158//1158
f 1157//1157 1159//1159 1158//1158
f 1158//1158 1159//1159 1058//1058
f 1159//1159 1056//1056 1058//1058
f 1160//1160 1161//1161 1162//1162
f 1160//1160 1162//1162 1163//1163
f 1162//1162 1164//1164 1163//1163
f 1163//1163 1164//1164 1165//1165
f 1164//1164 1149//1149 1165//1165
f 1165//1165 1149//1149 1148//1148
f 1166//1166 1167//1167 1168//1168
f 1166//1166 1168//1168 1169//1169
f 1168//1168 1170//1170 1169//1169
f 1169//1169 1170//1170 1171//1171
f 1170//1170 1172//1172 1171//1171
f 1171//1171 1172//1172 1173//1173
f 1167//1167 1166//1166 1174//1174
f 1166//1166 1175//1175 1174//1174
f 1174//1174 1175//1175 1176//1176
f 1175//1175 1177//1177 1176//1176
f 1176//1176 1177//1177 1178//1178
f 1177//1177 1179//1179 1178//1178
f 1178//1178 1179//1179 1180//1180
f 1179//1179 1181//1181 1180//1180
f 1180//1180 1181//1181 1182//1182
f 1181//1181 1183//1183 1182//1182
f 1182//1182 1183//1183 1060//1060
f 1183//1183 1061//1061 1060//1060
f 1173//1173 1172//1172 1184//1184
f 1172//1172 1185//1185 1184//1184
f 1037//1037 1036//1036 1186//1186
f 1036//1036 1187//1187 1186//1186
f 1186//1186 1187//1187 1188//1188
f 1187//1187 1189//1189 1188//1188
f 1188//1188 1189//1189 1190//1190
f 1189//1189 1191//1191 1190//1190
f 1190//1190 1191//1191 1192//1192
f 1191//1191 1193//1193 1192//1192
f 1192//1192 1193//1193 1194//1194
f 1193//1193 1195//1195 1194//1194
f 1194//1194 1195//1195 1196//1196
f 1195//1195 1197//1197 1196//1196
f 1196//1196 1197//1197 1198//1198
f 1197//1197 1199//1199 1198//1198
f 1200//1200 1201//1201 1199//1199
f 1201//1201 1198//1198 1199//1199
f 1201//1201 1200//1200 1202//1202
f 1200//1200 1203//1203 1202//1202
f 997//997 996//996 1204//1204
f 996//996 1205//1205 1204//1204
f 1204//1204 1205//1205 1206//1206
f 1205//1205 1207//1207 1206//1206
f 1206//1206 1207//1207 1208//1208
f 1207//1207 1209//1209 1208//1208
f 1208//1208 1209//1209 1210//1210
f 1209//1209 1211//1211 1210//1210
f 1210//1210 1211//1211 1212//1212
f 1211//1211 1213//1213 1212//1212
f 1212//1212 1213//1213 1017//1017
f 1213//1213 1019//1019 1017//1017
f 1214//1214 1215//1215 1216//1216
f 1215//1215 1217//1217 1216//1216
f 1216//1216 1217//1217 1218//1218
f 1217//1217 1219//1219 1218//1218
f 1218//1218 1219//1219 1220//1220
f 1219//1219 1221//1221 1220//1220
f 1220//1220 1221//1221 1222//1222
f 1221//1221 1223//1223 1222//1222
f 1222//1222 1223//1223 1224//1224
f 1223//1223 1225//1225 1224//1224
f 1224//1224 1225//1225 1226//1226
f 1225//1225 1227//1227 1226//1226
f 1226//1226 1227//1227 1228//1228
f 1227//1227 1229//1229 1228//1228
f 1228//1228 1229//1229 1230//1230
f 1229//1229 1231//1231 1230//1230
f 1230//1230 1231//1231 1232//1232
f 1231//1231 1233//1233 1232//1232
f 1232//1232 1233//1233 1234//1234
f 1233//1233 1235//1235 1234//1234
f 1234//1234 1235//1235 1236//1236
f 1235//1235 1237//1237 1236//1236
f 1236//1236 1237//1237 1238//1238
f 1237//1237 1239//1239 1238//1238
f 1238//1238 1239//1239 1240//1240
f 1239//1239 1241//1241 1240//1240
f 1240//1240 1241//1241 1242//1242
f 1241//1241 1243//1243 1242//1242
f 1242//1242 1243//1243 1244//1244
f 1243//1243 1245//1245 1244//1244
f 1244//1244 1245//1245 1246//1246
f 1245//1245 1247//1247 1246//1246
f 1246//1246 1247//1247 1248//1248
f 1247//1247 1249//1249 1248//1248
f 1248//1248 1249//1249 1250//1250
f 1249//1249 1251//1251 1250//1250
f 1250//1250 1251//1251 1252//1252
f 1251//1251 1253//1253 1252//1252
f 1252//1252 1253//1253 1254//1254
f 1253//1253 1255//1255 1254//1254
f 1254//1254 1255//1255 1256//1256
f 1255//1255 1257//1257 1256//1256
f 1256//1256 1257//1257 1258//1258
f 1257//1257 1259//1259 1258//1258
f 1258//1258 1259//1259 1260//1260
f 1259//1259 1261//1261 1260//1260
f 1260//1260 1261//1261 1214//1214
f 1261//1261 1215//1215 1214//1214
f 1262//1262 1263//1263 1264//1264
f 1263//1263 1265//1265 1264//1264
f 1264//1264 1265//1265 1266//1266
f 1265//1265 1267//1267 1266//1266
f 1266//1266 1267//1267 1268//1268
f 1267//1267 1269//1269 1268//1268
f 1268//1268 1269//1269 1270//1270
f 1269//1269 1271//1271 1270//1270
f 1270//1270 1271//1271 1272//1272
f 1271//1271 1273//1273 1272//1272
f 1272//1272 1273//1273 1274//1274
f 1273//1273 1275//1275 1274//1274
f 1274//1274 1275//1275 1276//1276
f 1275//1275 1277//1277 1276//1276
f 1276//1276 1277//1277 1278//1278
f 1277//1277 1279//1279 1278//1278
f 1278//1278 1279//1279 1280//1280
f 1279//1279 1281//1281 1280//1280
f 1280//1280 1281//1281 1282//1282
f 1281//1281 1283//1283 1282//1282
f 1282//1282 1283//1283 1284//1284
f 1283//1283 1285//1285 1284//1284
f 1284//1284 1285//1285 1286//1286
f 1285//1285 1287//1287 1286//1286
f 1286//1286 1287//1287 1288//1288
f 1287//1287 1289//1289 1288//1288
f 1288//1288 1289//1289 1290//1290
f 1289//1289 1291//1291 1290//1290
f 1290//1290 1291//1291 1292//1292
f 1291//1291 1293//1293 1292//1292
f 1292//1292 1293//1293 1294//1294
f 1293//1293 1295//1295 1294//1294
f 1294//1294 1295//1295 1296//1296
f 1295//1295 1297//1297 1296//1296
f 1296//1296 1297//1297 1298//1298
f 1297//1297 1299//1299 1298//1298
f 1298//1298 1299//1299 1300//1300
f 1299//1299 1301//1301 1300//1300
f 1300//1300 1301//1301 1302//1302
f 1301//1301 1303//1303 1302//1302
f 1302//1302 1303//1303 1304//1304
f 1303//1303 1305//1305 1304//1304
f 1304//1304 1305//1305 1306//1306
f 1305//1305 1307//1307 1306//1306
f 1306//1306 1307//1307 1308//1308
f 1307//1307 1309//1309 1308//1308
f 1308//1308 1309//1309 1262//1262
f 1309//1309 1263//1263 1262//1262
f 1310//1310 1311//1311 1312//1312
f 1311//1311 1313//1313 1312//1312
f 1312//1312 1313//1313 1314//1314
f 1313//1313 1315//1315 1314//1314
f 1314//1314 1315//1315 1316//1316
f 1315//1315 1317//1317 1316//1316
f 1316//1316 1317//1317 1318//1318
f 1317//1317 1319//1319 1318//1318
f 1318//1318 1319//1319 1320//1320
f 1319//1319 1321//1321 1320//1320
f 1320//1320 1321//1321 1322//1322
f 1321//1321 1323//1323 1322//1322
f 1322//1322 1323//1323 1324//1324
f 1323//1323 1325//1325 1324//1324
f 1324//1324 1325//1325 1326//1326
f 1325//1325 1327//1327 1326//1326
f 1326//1326 1327//1327 1328//1328
f 1327//1327 1329//1329 1328//1328
f 1328//1328 1329//1329 1330//1330
f 1329//1329 1331//1331 1330//1330
f 1330//1330 1331//1331 1332//1332
f 1331//1331 1333//1333 1332//1332
f 1332//1332 1333//1333 1334//1334
f 1333//1333 1335//1335 1334//1334
f 1334//1334 1335//1335 1336//1336
f 1335//1335 1337//1337 1336//1336
f 1337//1337 1338//1338 1336//1336
f 1336//1336 1338//1338 1339//1339
f 1338//1338 1340//1340 1339//1339
f 1339//1339 1340//1340 1341//1341
f 1340//1340 1342//1342 1341//1341
f 1341//1341 1342//1342 1343//1343
f 1342//1342 1344//1344 1343//1343
f 1343//1343 1344//1344 1345//1345
f 1344//1344 1346//1346 1345//1345
f 1345//1345 1346//1346 1347//1347
f 1346//1346 1348//1348 1347//1347
f 1347//1347 1348//1348 1349//1349
f 1348//1348 1350//1350 1349//1349
f 1349//1349 1350//1350 1351//1351
f 1350//1350 1352//1352 1351//1351
f 1351//1351 1352//1352 1353//1353
f 1352//1352 1354//1354 1353//1353
f 1353//1353 1354//1354 1355//1355
f 1354//1354 1356//1356 1355//1355
f 1355//1355 1356//1356 1357//1357
f 1356//1356 1358//1358 1357//1357
f 1357//1357 1358//1358 1310//1310
f 1358//1358 1359//1359 1310//1310
f 1310//1310 1359//1359 1311//1311
f 1360//1360 1361//1361 1362//1362
f 1361//1361 1363//1363 1362//1362
f 1364//1364 1365//1365 1366//1366
f 1365//1365 1367//1367 1366//1366
f 1366//1366 1367//1367 1368//1368
f 1367//1367 1369//1369 1368//1368
f 1368//1368 1369//1369 1370//1370
f 1369//1369 1371//1371 1370//1370
f 1370//1370 1371//1371 1372//1372
f 1371//1371 1373//1373 1372//1372
f 1372//1372 1373//1373 1374//1374
f 1373//1373 1375//1375 1374//1374
f 1374//1374 1375//1375 1376//1376
f 1375//1375 1377//1377 1376//1376
f 1376//1376 1377//1377 1378//1378
f 1377//1377 1379//1379 1378//1378
f 1378//1378 1379//1379 1380//1380
f 1379//1379 1381//1381 1380//1380
f 1380//1380 1381//1381 1382//1382
f 1381//1381 1383//1383 1382//1382
f 1382//1382 1383//1383 1384//1384
f 1383//1383 1385//1385 1384//1384
f 1384//1384 1385//1385 1386//1386
f 1385//1385 1387//1387 1386//1386
f 1386//1386 1387//1387 1360//1360
f 1387//1387 1361//1361 1360//1360
f 1365//1365 1364//1364 1388//1388
f 1364//1364 1389//1389 1388//1388
f 1390//1390 1391//1391 1392//1392
f 1391//1391 1393//1393 1392//1392
f 1392//1392 1393//1393 1394//1394
f 1392//1392 1395//1395 1396//1396
f 1395//1395 1397//1397 1396//1396
f 1396//1396 1397//1397 1398//1398
f 1398//1398 1399//1399 1396//1396
f 1399//1399 1400//1400 1396//1396
f 1396//1396 1400//1400 1401//1401
f 1401//1401 1402//1402 1396//1396
f 1402//1402 1403//1403 1396//1396
f 1396//1396 1403//1403 1404//1404
f 1394//1394 1405//1405 1392//1392
f 1405//1405 1406//1406 1392//1392
f 1392//1392 1406//1406 1395//1395
f 1402//1402 1407//1407 1403//1403
f 1407//1407 1408//1408 1403//1403
f 1403//1403 1408//1408 1409//1409
f 1409//1409 1410//1410 1403//1403
f 1410//1410 1411//1411 1403//1403
f 1403//1403 1411//1411 1412//1412
f 1413//1413 1414//1414 1415//1415
f 1416//1416 1417//1417 1392//1392
f 1417//1417 1418//1418 1392//1392
f 1392//1392 1418//1418 1390//1390
f 1415//1415 1419//1419 1413//1413
f 1419//1419 1420//1420 1413//1413
f 1413//1413 1420//1420 1404//1404
f 1420//1420 1421//1421 1404//1404
f 1404//1404 1421//1421 1396//1396
f 1422//1422 1423//1423 1392//1392
f 1423//1423 1424//1424 1392//1392
f 1392//1392 1424//1424 1416//1416
f 1425//1425 1426//1426 1427//1427
f 1427//1427 1426//1426 1428//1428
f 1429//1429 1430//1430 1431//1431
f 1432//1432 1428//1428 1433//1433
f 1431//1431 1434//1434 1429//1429
f 1434//1434 1435//1435 1429//1429
f 1429//1429 1435//1435 1436//1436
f 1436//1436 1437//1437 1429//1429
f 1437//1437 1438//1438 1429//1429
f 1429//1429 1438//1438 1439//1439
f 1426//1426 1440//1440 1430//1430
f 1440//1440 1441//1441 1430//1430
f 1430//1430 1441//1441 1442//1442
f 1442//1442 1443//1443 1430//1430
f 1443//1443 1444//1444 1430//1430
f 1430//1430 1444//1444 1431//1431
f 1426//1426 1430//1430 1428//1428
f 1430//1430 1445//1445 1428//1428
f 1428//1428 1445//1445 1433//1433
f 1446//1446 1427//1427 1447//1447
f 1427//1427 1448//1448 1447//1447
f 1446//1446 1449//1449 1427//1427
f 1449//1449 1450//1450 1427//1427
f 1427//1427 1450//1450 1425//1425
f 1439//1439 1451//1451 1429//1429
f 1451//1451 1452//1452 1429//1429
f 1429//1429 1452//1452 1453//1453
f 1453//1453 1454//1454 1429//1429
f 1454//1454 1455//1455 1429//1429
f 1429//1429 1455//1455 1456//1456
f 1432//1432 1433//1433 1457//1457
f 1433//1433 1458//1458 1457//1457
f 1457//1457 1458//1458 1459//1459
f 1460//1460 1461//1461 1462//1462
f 1461//1461 1463//1463 1462//1462
f 1460//1460 1462//1462 1464//1464
f 1462//1462 1465//1465 1464//1464
f 1464//1464 1465//1465 1466//1466
f 1463//1463 1467//1467 1462//1462
f 1467//1467 1468//1468 1462//1462
f 1462//1462 1468//1468 1469//1469
f 1468//1468 1470//1470 1469//1469
f 1466//1466 1471//1471 1464//1464
f 1471//1471 1472//1472 1464//1464
f 1464//1464 1472//1472 1473//1473
f 1466//1466 1474//1474 1471//1471
f 1474//1474 1475//1475 1471//1471
f 1471//1471 1475//1475 1476//1476
f 1463//1463 1477//1477 1467//1467
f 1477//1477 1478//1478 1467//1467
f 1467//1467 1478//1478 1479//1479
f 1479//1479 1480//1480 1467//1467
f 1480//1480 1481//1481 1467//1467
f 1467//1467 1481//1481 1482//1482
f 1476//1476 1483//1483 1471//1471
f 1483//1483 1484//1484 1471//1471
f 1471//1471 1484//1484 1485//1485
f 1468//1468 1486//1486 1470//1470
f 1486//1486 1487//1487 1470//1470
f 1470//1470 1487//1487 1488//1488
f 1487//1487 1489//1489 1488//1488
f 1490//1490 1469//1469 1491//1491
f 1469//1469 1470//1470 1491//1491
f 1491//1491 1470//1470 1492//1492
f 1470//1470 1488//1488 1492//1492
f 1492//1492 1488//1488 1493//1493
f 1488//1488 1489//1489 1493//1493
f 1493//1493 1489//1489 1494//1494
f 1489//1489 1487//1487 1494//1494
f 1494//1494 1487//1487 1495//1495
f 1487//1487 1486//1486 1495//1495
f 1495//1495 1486//1486 1496//1496
f 1486//1486 1468//1468 1496//1496
f 1429//1429 1497//1497 1498//1498
f 1429//1429 1498//1498 1430//1430
f 1498//1498 1499//1499 1430//1430
f 1430//1430 1499//1499 1445//1445
f 1469//1469 1490//1490 1500//1500
f 1469//1469 1500//1500 1462//1462
f 1500//1500 1501//1501 1462//1462
f 1462//1462 1501//1501 1465//1465
f 1501//1501 1502//1502 1465//1465
f 1465//1465 1502//1502 1466//1466
f 1445//1445 1499//1499 1433//1433
f 1499//1499 1503//1503 1433//1433
f 1433//1433 1503//1503 1458//1458
f 1503//1503 1504//1504 1458//1458
f 1458//1458 1504//1504 1459//1459
f 1504//1504 1505//1505 1459//1459
f 1459//1459 1505//1505 1457//1457
f 1505//1505 1506//1506 1457//1457
f 1457//1457 1506//1506 1432//1432
f 1506//1506 1507//1507 1432//1432
f 1432//1432 1507//1507 1428//1428
f 1507//1507 1508//1508 1428//1428
f 1497//1497 1429//1429 1509//1509
f 1429//1429 1456//1456 1509//1509
f 1509//1509 1456//1456 1510//1510
f 1456//1456 1455//1455 1510//1510
f 1510//1510 1455//1455 1511//1511
f 1455//1455 1454//1454 1511//1511
f 1511//1511 1454//1454 1512//1512
f 1454//1454 1453//1453 1512//1512
f 1512//1512 1453//1453 1513//1513
f 1453//1453 1452//1452 1513//1513
f 1513//1513 1452//1452 1514//1514
f 1452//1452 1451//1451 1514//1514
f 1514//1514 1451//1451 1515//1515
f 1451//1451 1439//1439 1515//1515
f 1515//1515 1439//1439 1516//1516
f 1439//1439 1438//1438 1516//1516
f 1436//1436 1517//1517 1437//1437
f 1517//1517 1518//1518 1437//1437
f 1437//1437 1518//1518 1438//1438
f 1518//1518 1516//1516 1438//1438
f 1517//1517 1436//1436 1519//1519
f 1436//1436 1435//1435 1519//1519
f 1519//1519 1435//1435 1520//1520
f 1435//1435 1434//1434 1520//1520
f 1520//1520 1434//1434 1521//1521
f 1434//1434 1431//1431 1521//1521
f 1521//1521 1431//1431 1522//1522
f 1431//1431 1444//1444 1522//1522
f 1522//1522 1444//1444 1523//1523
f 1444//1444 1443//1443 1523//1523
f 1523//1523 1443//1443 1524//1524
f 1443//1443 1442//1442 1524//1524
f 1524//1524 1442//1442 1525//1525
f 1442//1442 1441//1441 1525//1525
f 1525//1525 1441//1441 1526//1526
f 1441//1441 1440//1440 1526//1526
f 1466//1466 1502//1502 1474//1474
f 1502//1502 1527//1527 1474//1474
f 1528//1528 1471//1471 1529//1529
f 1471//1471 1485//1485 1529//1529
f 1529//1529 1485//1485 1530//1530
f 1485//1485 1484//1484 1530//1530
f 1530//1530 1484//1484 1531//1531
f 1484//1484 1483//1483 1531//1531
f 1531//1531 1483//1483 1532//1532
f 1483//1483 1476//1476 1532//1532
f 1532//1532 1476//1476 1533//1533
f 1476//1476 1475//1475 1533//1533
f 1533//1533 1475//1475 1527//1527
f 1475//1475 1474//1474 1527//1527
f 1534//1534 1472//1472 1528//1528
f 1472//1472 1471//1471 1528//1528
f 1535//1535 1536//1536 1537//1537
f 1536//1536 1538//1538 1537//1537
f 1539//1539 1425//1425 1540//1540
f 1425//1425 1450//1450 1540//1540
f 1540//1540 1450//1450 1541//1541
f 1450//1450 1449//1449 1541//1541
f 1541//1541 1449//1449 1542//1542
f 1449//1449 1446//1446 1542//1542
f 1542//1542 1446//1446 1543//1543
f 1446//1446 1447//1447 1543//1543
f 1543//1543 1447//1447 1544//1544
f 1447//1447 1448//1448 1544//1544
f 1544//1544 1448//1448 1545//1545
f 1448//1448 1427//1427 1545//1545
f 1536//1536 1535//1535 1546//1546
f 1535//1535 1547//1547 1546//1546
f 1548//1548 1549//1549 1550//1550
f 1549//1549 1551//1551 1550//1550
f 1550//1550 1551//1551 1552//1552
f 1551//1551 1553//1553 1552//1552
f 1552//1552 1553//1553 1554//1554
f 1553//1553 1555//1555 1554//1554
f 1554//1554 1555//1555 1556//1556
f 1555//1555 1557//1557 1556//1556
f 1556//1556 1557//1557 1558//1558
f 1557//1557 1559//1559 1558//1558
f 1558//1558 1559//1559 1547//1547
f 1559//1559 1546//1546 1547//1547
f 1560//1560 1561//1561 1548//1548
f 1561//1561 1549//1549 1548//1548
f 1472//1472 1534//1534 1473//1473
f 1534//1534 1562//1562 1473//1473
f 1563//1563 1460//1460 1564//1564
f 1460//1460 1464//1464 1564//1564
f 1477//1477 1565//1565 1478//1478
f 1565//1565 1566//1566 1478//1478
f 1478//1478 1566//1566 1479//1479
f 1566//1566 1567//1567 1479//1479
f 1479//1479 1567//1567 1480//1480
f 1567//1567 1568//1568 1480//1480
f 1480//1480 1568//1568 1481//1481
f 1568//1568 1569//1569 1481//1481
f 1481//1481 1569//1569 1482//1482
f 1569//1569 1570//1570 1482//1482
f 1482//1482 1570//1570 1467//1467
f 1570//1570 1571//1571 1467//1467
f 1460//1460 1563//1563 1572//1572
f 1460//1460 1572//1572 1461//1461
f 1572//1572 1573//1573 1461//1461
f 1461//1461 1573//1573 1463//1463
f 1573//1573 1565//1565 1463//1463
f 1463//1463 1565//1565 1477//1477
f 1574//1574 1575//1575 1576//1576
f 1574//1574 1576//1576 1577//1577
f 1576//1576 1578//1578 1577//1577
f 1577//1577 1578//1578 1579//1579
f 1578//1578 1580//1580 1579//1579
f 1579//1579 1580//1580 1581//1581
f 1575//1575 1574//1574 1582//1582
f 1574//1574 1583//1583 1582//1582
f 1582//1582 1583//1583 1584//1584
f 1583//1583 1585//1585 1584//1584
f 1584//1584 1585//1585 1586//1586
f 1585//1585 1587//1587 1586//1586
f 1586//1586 1587//1587 1588//1588
f 1587//1587 1589//1589 1588//1588
f 1588//1588 1589//1589 1590//1590
f 1589//1589 1591//1591 1590//1590
f 1590//1590 1591//1591 1592//1592
f 1591//1591 1593//1593 1592//1592
f 1571//1571 1496//1496 1467//1467
f 1496//1496 1468//1468 1467//1467
f 1594//1594 1592//1592 1595//1595
f 1592//1592 1593//1593 1595//1595
f 1596//1596 1597//1597 1598//1598
f 1597//1597 1599//1599 1598//1598
f 1598//1598 1599//1599 1600//1600
f 1599//1599 1601//1601 1600//1600
f 1600//1600 1601//1601 1602//1602
f 1601//1601 1603//1603 1602//1602
f 1602//1602 1603//1603 1604//1604
f 1603//1603 1605//1605 1604//1604
f 1604//1604 1605//1605 1606//1606
f 1605//1605 1607//1607 1606//1606
f 1606//1606 1607//1607 1595//1595
f 1607//1607 1594//1594 1595//1595
f 1421//1421 1608//1608 1609//1609
f 1421//1421 1609//1609 1396//1396
f 1609//1609 1610//1610 1396//1396
f 1396//1396 1610//1610 1392//1392
f 1561//1561 1560//1560 1611//1611
f 1561//1561 1611//1611 1612//1612
f 1611//1611 1613//1613 1612//1612
f 1612//1612 1613//1613 1614//1614
f 1613//1613 1597//1597 1614//1614
f 1614//1614 1597//1597 1596//1596
f 1608//1608 1421//1421 1615//1615
f 1421//1421 1420//1420 1615//1615
f 1615//1615 1420//1420 1616//1616
f 1420//1420 1419//1419 1616//1616
f 1616//1616 1419//1419 1617//1617
f 1419//1419 1415//1415 1617//1617
f 1617//1617 1415//1415 1618//1618
f 1415//1415 1414//1414 1618//1618
f 1618//1618 1414//1414 1619//1619
f 1414//1414 1413//1413 1619//1619
f 1619//1619 1413//1413 1620//1620
f 1413//1413 1404//1404 1620//1620
f 1508//1508 1545//1545 1428//1428
f 1545//1545 1427//1427 1428//1428
f 1621//1621 1620//1620 1403//1403
f 1620//1620 1404//1404 1403//1403
f 1407//1407 1622//1622 1408//1408
f 1622//1622 1623//1623 1408//1408
f 1408//1408 1623//1623 1409//1409
f 1623//1623 1624//1624 1409//1409
f 1409//1409 1624//1624 1410//1410
f 1624//1624 1625//1625 1410//1410
f 1410//1410 1625//1625 1411//1411
f 1625//1625 1626//1626 1411//1411
f 1411//1411 1626//1626 1412//1412
f 1626//1626 1627//1627 1412//1412
f 1412//1412 1627//1627 1403//1403
f 1627//1627 1621//1621 1403//1403
f 1425//1425 1539//1539 1628//1628
f 1425//1425 1628//1628 1426//1426
f 1628//1628 1526//1526 1426//1426
f 1426//1426 1526//1526 1440//1440
f 1401//1401 1629//1629 1630//1630
f 1401//1401 1630//1630 1402//1402
f 1630//1630 1622//1622 1402//1402
f 1402//1402 1622//1622 1407//1407
f 1629//1629 1401//1401 1631//1631
f 1401//1401 1400//1400 1631//1631
f 1631//1631 1400//1400 1632//1632
f 1400//1400 1399//1399 1632//1632
f 1632//1632 1399//1399 1633//1633
f 1399//1399 1398//1398 1633//1633
f 1633//1633 1398//1398 1634//1634
f 1398//1398 1397//1397 1634//1634
f 1634//1634 1397//1397 1635//1635
f 1397//1397 1395//1395 1635//1635
f 1635//1635 1395//1395 1636//1636
f 1395//1395 1406//1406 1636//1636
f 1636//1636 1406//1406 1637//1637
f 1406//1406 1405//1405 1637//1637
f 1637//1637 1405//1405 1638//1638
f 1405//1405 1394//1394 1638//1638
f 1391//1391 1639//1639 1393//1393
f 1639//1639 1640//1640 1393//1393
f 1393//1393 1640//1640 1394//1394
f 1640//1640 1638//1638 1394//1394
f 1639//1639 1391//1391 1641//1641
f 1391//1391 1390//1390 1641//1641
f 1641//1641 1390//1390 1642//1642
f 1390//1390 1418//1418 1642//1642
f 1642//1642 1418//1418 1643//1643
f 1418//1418 1417//1417 1643//1643
f 1643//1643 1417//1417 1644//1644
f 1417//1417 1416//1416 1644//1644
f 1644//1644 1416//1416 1645//1645
f 1416//1416 1424//1424 1645//1645
f 1645//1645 1424//1424 1646//1646
f 1424//1424 1423//1423 1646//1646
f 1646//1646 1423//1423 1647//1647
f 1423//1423 1422//1422 1647//1647
f 1647//1647 1422//1422 1610//1610
f 1422//1422 1392//1392 1610//1610
f 1549//1549 1561//1561 1546//1546
f 1648//1648 1538//1538 1536//1536
f 1577//1577 1579//1579 1614//1614
f 1579//1579 1581//1581 1614//1614
f 1614//1614 1581//1581 1612//1612
f 1581//1581 1648//1648 1612//1612
f 1612//1612 1648//1648 1561//1561
f 1648//1648 1536//1536 1561//1561
f 1561//1561 1536//1536 1546//1546
f 1583//1583 1574//1574 1593//1593
f 1574//1574 1577//1577 1593//1593
f 1593//1593 1577//1577 1595//1595
f 1577//1577 1614//1614 1595//1595
f 1555//1555 1546//1546 1557//1557
f 1546//1546 1559//1559 1557//1557
f 1555//1555 1553//1553 1546//1546
f 1553//1553 1551//1551 1546//1546
f 1546//1546 1551//1551 1549//1549
f 1602//1602 1604//1604 1606//1606
f 1593//1593 1591//1591 1589//1589
f 1589//1589 1587//1587 1593//1593
f 1587//1587 1585//1585 1593//1593
f 1593//1593 1585//1585 1583//1583
f 1614//1614 1596//1596 1595//1595
f 1596//1596 1598//1598 1595//1595
f 1595//1595 1598//1598 1606//1606
f 1598//1598 1600//1600 1606//1606
f 1606//1606 1600//1600 1602//1602
f 1649//1649 1650//1650 1651//1651
f 1650//1650 1652//1652 1651//1651
f 1651//1651 1652//1652 991//991
f 1652//1652 990//990 991//991
f 1650//1650 1649//1649 1653//1653
f 1649//1649 1654//1654 1653//1653
f 1653//1653 1654//1654 1655//1655
f 1654//1654 1656//1656 1655//1655
f 1655//1655 1656//1656 1657//1657
f 1656//1656 1658//1658 1657//1657
f 1657//1657 1658//1658 1659//1659
f 1658//1658 1660//1660 1659//1659
f 1659//1659 1660//1660 1661//1661
f 1660//1660 1662//1662 1661//1661
f 1661//1661 1662//1662 1663//1663
f 1662//1662 1664//1664 1663//1663
f 1663//1663 1664//1664 1665//1665
f 1664//1664 1666//1666 1665//1665
f 1665//1665 1666//1666 1034//1034
f 1666//1666 1035//1035 1034//1034
f 1172//1172 1170//1170 1040//1040
f 1170//1170 1168//1168 1040//1040
f 1172//1172 1040//1040 1185//1185
f 1040//1040 1038//1038 1185//1185
f 1185//1185 1038//1038 1037//1037
f 1168//1168 1060//1060 1040//1040
f 1060//1060 1055//1055 1040//1040
f 1040//1040 1055//1055 1042//1042
f 1055//1055 1045//1045 1042//1042
f 1037//1037 1198//1198 1185//1185
f 1198//1198 1201//1201 1185//1185
f 1185//1185 1201//1201 1202//1202
f 1037//1037 1186//1186 1198//1198
f 1186//1186 1188//1188 1198//1198
f 1198//1198 1188//1188 1190//1190
f 1168//1168 1167//1167 1060//1060
f 1167//1167 1174//1174 1060//1060
f 1060//1060 1174//1174 1176//1176
f 1176//1176 1178//1178 1060//1060
f 1178//1178 1180//1180 1060//1060
f 1060//1060 1180//1180 1182//1182
f 1190//1190 1192//1192 1198//1198
f 1192//1192 1194//1194 1198//1198
f 1198//1198 1194//1194 1196//1196
f 1055//1055 1053//1053 1045//1045
f 1053//1053 1051//1051 1045//1045
f 1045//1045 1051//1051 1047//1047
f 1051//1051 1049//1049 1047//1047
f 1131//1131 1084//1084 1132//1132
f 1149//1149 1164//1164 1056//1056
f 1056//1056 1164//1164 1057//1057
f 1667//1667 1147//1147 1144//1144
f 1131//1131 1132//1132 1142//1142
f 1164//1164 1162//1162 1080//1080
f 1162//1162 1161//1161 1080//1080
f 1080//1080 1161//1161 1082//1082
f 1161//1161 1667//1667 1082//1082
f 1082//1082 1667//1667 1084//1084
f 1667//1667 1144//1144 1084//1084
f 1084//1084 1144//1144 1132//1132
f 1132//1132 1134//1134 1136//1136
f 1164//1164 1080//1080 1057//1057
f 1080//1080 1062//1062 1057//1057
f 1057//1057 1062//1062 1064//1064
f 1136//1136 1138//1138 1132//1132
f 1138//1138 1140//1140 1132//1132
f 1132//1132 1140//1140 1142//1142
f 1155//1155 1056//1056 1157//1157
f 1056//1056 1159//1159 1157//1157
f 1155//1155 1153//1153 1056//1056
f 1153//1153 1151//1151 1056//1056
f 1056//1056 1151//1151 1149//1149
f 1064//1064 1066//1066 1068//1068
f 1068//1068 1070//1070 1064//1064
f 1070//1070 1072//1072 1064//1064
f 1064//1064 1072//1072 1057//1057
f 1120//1120 1076//1076 1075//1075
f 1075//1075 1115//1115 1113//1113
f 1120//1120 1122//1122 1076//1076
f 1122//1122 1124//1124 1076//1076
f 1076//1076 1124//1124 1126//1126
f 998//998 1017//1017 1076//1076
f 1017//1017 1016//1016 1076//1076
f 1076//1076 1016//1016 1078//1078
f 1016//1016 1087//1087 1078//1078
f 1113//1113 1116//1116 1075//1075
f 1116//1116 1118//1118 1075//1075
f 1075//1075 1118//1118 1120//1120
f 1126//1126 1128//1128 1076//1076
f 1128//1128 1000//1000 1076//1076
f 1076//1076 1000//1000 998//998
f 998//998 997//997 1017//1017
f 997//997 1204//1204 1017//1017
f 1017//1017 1204//1204 1206//1206
f 1206//1206 1208//1208 1017//1017
f 1208//1208 1210//1210 1017//1017
f 1017//1017 1210//1210 1212//1212
f 1016//1016 1095//1095 1087//1087
f 1095//1095 1093//1093 1087//1087
f 1087//1087 1093//1093 1089//1089
f 1093//1093 1091//1091 1089//1089
f 1115//1115 1075//1075 1110//1110
f 1075//1075 1096//1096 1110//1110
f 1110//1110 1096//1096 1108//1108
f 1096//1096 1098//1098 1108//1108
f 1108//1108 1098//1098 1100//1100
f 1100//1100 1102//1102 1108//1108
f 1102//1102 1104//1104 1108//1108
f 1108//1108 1104//1104 1106//1106
f 1034//1034 1032//1032 984//984
f 1030//1030 1014//1014 1022//1022
f 1003//1003 994//994 1013//1013
f 994//994 992//992 1013//1013
f 1013//1013 992//992 1014//1014
f 984//984 986//986 1034//1034
f 986//986 988//988 1034//1034
f 1034//1034 988//988 990//990
f 992//992 974//974 1032//1032
f 974//974 976//976 1032//1032
f 1032//1032 976//976 978//978
f 978//978 980//980 1032//1032
f 980//980 982//982 1032//1032
f 1032//1032 982//982 984//984
f 990//990 1652//1652 1034//1034
f 1652//1652 1650//1650 1034//1034
f 1034//1034 1650//1650 1665//1665
f 1650//1650 1653//1653 1665//1665
f 1665//1665 1653//1653 1663//1663
f 992//992 1032//1032 1014//1014
f 1032//1032 1020//1020 1014//1014
f 1014//1014 1020//1020 1022//1022
f 1013//1013 1011//1011 1009//1009
f 1009//1009 1007//1007 1013//1013
f 1007//1007 1005//1005 1013//1013
f 1013//1013 1005//1005 1003//1003
f 1030//1030 1022//1022 1028//1028
f 1022//1022 1024//1024 1028//1028
f 1028//1028 1024//1024 1026//1026
f 1653//1653 1655//1655 1663//1663
f 1655//1655 1657//1657 1663//1663
f 1663//1663 1657//1657 1661//1661
f 1657//1657 1659//1659 1661//1661
f 1668//1668 1669//1669 1670//1670
f 1669//1669 1671//1671 1670//1670
f 1672//1672 1673//1673 1674//1674
f 1673//1673 1675//1675 1674//1674
f 1674//1674 1675//1675 1676//1676
f 1675//1675 1677//1677 1676//1676
f 1676//1676 1677//1677 1678//1678
f 1677//1677 1679//1679 1678//1678
f 1678//1678 1679//1679 1680//1680
f 1679//1679 1681//1681 1680//1680
f 1680//1680 1681//1681 1682//1682
f 1681//1681 1683//1683 1682//1682
f 1682//1682 1683//1683 1684//1684
f 1683//1683 1685//1685 1684//1684
f 1684//1684 1685//1685 1686//1686
f 1685//1685 1687//1687 1686//1686
f 1686//1686 1687//1687 1688//1688
f 1687//1687 1689//1689 1688//1688
f 1688//1688 1689//1689 1690//1690
f 1689//1689 1691//1691 1690//1690
f 1690//1690 1691//1691 1692//1692
f 1691//1691 1693//1693 1692//1692
f 1692//1692 1693//1693 1694//1694
f 1693//1693 1695//1695 1694//1694
f 1694//1694 1695//1695 1668//1668
f 1695//1695 1669//1669 1668//1668
f 1673//1673 1672//1672 1696//1696
f 1672//1672 1697//1697 1696//1696
f 1698//1698 1699//1699 1700//1700
f 1699//1699 1701//1701 1700//1700
f 1700//1700 1701//1701 1702//1702
f 1701//1701 1703//1703 1702//1702
f 1702//1702 1703//1703 1704//1704
f 1703//1703 1705//1705 1704//1704
f 1704//1704 1705//1705 1706//1706
f 1705//1705 1707//1707 1706//1706
f 1706//1706 1707//1707 1708//1708
f 1707//1707 1709//1709 1708//1708
f 1708//1708 1709//1709 1710//1710
f 1709//1709 1711//1711 1710//1710
f 1710//1710 1711//1711 1712//1712
f 1711//1711 1713//1713 1712//1712
f 1712//1712 1713//1713 1714//1714
f 1713//1713 1715//1715 1714//1714
f 1714//1714 1715//1715 1716//1716
f 1715//1715 1717//1717 1716//1716
f 1716//1716 1717//1717 1718//1718
f 1717//1717 1719//1719 1718//1718
f 1718//1718 1719//1719 1720//1720
f 1719//1719 1721//1721 1720//1720
f 1720//1720 1721//1721 1722//1722
f 1721//1721 1723//1723 1722//1722
f 1722//1722 1723//1723 1724//1724
f 1723//1723 1725//1725 1724//1724
f 1725//1725 1726//1726 1724//1724
f 1724//1724 1726//1726 1727//1727
f 1726//1726 1728//1728 1727//1727
f 1727//1727 1728//1728 1729//1729
f 1728//1728 1730//1730 1729//1729
f 1729//1729 1730//1730 1731//1731
f 1730//1730 1732//1732 1731//1731
f 1731//1731 1732//1732 1733//1733
f 1732//1732 1734//1734 1733//1733
f 1733//1733 1734//1734 1735//1735
f 1734//1734 1736//1736 1735//1735
f 1735//1735 1736//1736 1737//1737
f 1736//1736 1738//1738 1737//1737
f 1737//1737 1738//1738 1739//1739
f 1738//1738 1740//1740 1739//1739
f 1739//1739 1740//1740 1741//1741
f 1740//1740 1742//1742 1741//1741
f 1741//1741 1742//1742 1743//1743
f 1742//1742 1744//1744 1743//1743
f 1743//1743 1744//1744 1745//1745
f 1744//1744 1746//1746 1745//1745
f 1745//1745 1746//1746 1698//1698
f 1746//1746 1747//1747 1698//1698
f 1698//1698 1747//1747 1699//1699
f 1748//1748 1749//1749 1750//1750
f 1749//1749 1751//1751 1750//1750
f 1750//1750 1751//1751 1752//1752
f 1751//1751 1753//1753 1752//1752
f 1752//1752 1753//1753 1754//1754
f 1753//1753 1755//1755 1754//1754
f 1754//1754 1755//1755 1756//1756
f 1755//1755 1757//1757 1756//1756
f 1756//1756 1757//1757 1758//1758
f 1757//1757 1759//1759 1758//1758
f 1758//1758 1759//1759 1760//1760
f 1759//1759 1761//1761 1760//1760
f 1760//1760 1761//1761 1762//1762
f 1761//1761 1763//1763 1762//1762
f 1762//1762 1763//1763 1764//1764
f 1763//1763 1765//1765 1764//1764
f 1764//1764 1765//1765 1766//1766
f 1765//1765 1767//1767 1766//1766
f 1766//1766 1767//1767 1768//1768
f 1767//1767 1769//1769 1768//1768
f 1768//1768 1769//1769 1770//1770
f 1769//1769 1771//1771 1770//1770
f 1770//1770 1771//1771 1772//1772
f 1771//1771 1773//1773 1772//1772
f 1772//1772 1773//1773 1774//1774
f 1773//1773 1775//1775 1774//1774
f 1774//1774 1775//1775 1776//1776
f 1775//1775 1777//1777 1776//1776
f 1776//1776 1777//1777 1778//1778
f 1777//1777 1779//1779 1778//1778
f 1778//1778 1779//1779 1780//1780
f 1779//1779 1781//1781 1780//1780
f 1780//1780 1781//1781 1782//1782
f 1781//1781 1783//1783 1782//1782
f 1782//1782 1783//1783 1784//1784
f 1783//1783 1785//1785 1784//1784
f 1784//1784 1785//1785 1786//1786
f 1785//1785 1787//1787 1786//1786
f 1786//1786 1787//1787 1788//1788
f 1787//1787 1789//1789 1788//1788
f 1788//1788 1789//1789 1790//1790
f 1789//1789 1791//1791 1790//1790
f 1790//1790 1791//1791 1792//1792
f 1791//1791 1793//1793 1792//1792
f 1792//1792 1793//1793 1794//1794
f 1793//1793 1795//1795 1794//1794
f 1794//1794 1795//1795 1748//1748
f 1795//1795 1749//1749 1748//1748
f 1796//1796 1797//1797 1798//1798
f 1797//1797 1799//1799 1798//1798
f 1798//1798 1799//1799 1800//1800
f 1799//1799 1801//1801 1800//1800
f 1800//1800 1801//1801 1802//1802
f 1801//1801 1803//1803 1802//1802
f 1802//1802 1803//1803 1804//1804
f 1803//1803 1805//1805 1804//1804
f 1804//1804 1805//1805 1806//1806
f 1805//1805 1807//1807 1806//1806
f 1806//1806 1807//1807 1808//1808
f 1807//1807 1809//1809 1808//1808
f 1808//1808 1809//1809 1810//1810
f 1809//1809 1811//1811 1810//1810
f 1810//1810 1811//1811 1812//1812
f 1811//1811 1813//1813 1812//1812
f 1812//1812 1813//1813 1814//1814
f 1813//1813 1815//1815 1814//1814
f 1814//1814 1815//1815 1816//1816
f 1815//1815 1817//1817 1816//1816
f 1816//1816 1817//1817 1818//1818
f 1817//1817 1819//1819 1818//1818
f 1818//1818 1819//1819 1820//1820
f 1819//1819 1821//1821 1820//1820
f 1820//1820 1821//1821 1822//1822
f 1821//1821 1823//1823 1822//1822
f 1822//1822 1823//1823 1824//1824
f 1823//1823 1825//1825 1824//1824
f 1824//1824 1825//1825 1826//1826
f 1825//1825 1827//1827 1826//1826
f 1826//1826 1827//1827 1828//1828
f 1827//1827 1829//1829 1828//1828
f 1828//1828 1829//1829 1830//1830
f 1829//1829 1831//1831 1830//1830
f 1830//1830 1831//1831 1832//1832
f 1831//1831 1833//1833 1832//1832
f 1832//1832 1833//1833 1834//1834
f 1833//1833 1835//1835 1834//1834
f 1834//1834 1835//1835 1836//1836
f 1835//1835 1837//1837 1836//1836
f 1836//1836 1837//1837 1838//1838
f 1837//1837 1839//1839 1838//1838
f 1838//1838 1839//1839 1840//1840
f 1839//1839 1841//1841 1840//1840
f 1840//1840 1841//1841 1842//1842
f 1841//1841 1843//1843 1842//1842
f 1842//1842 1843//1843 1796//1796
f 1843//1843 1797//1797 1796//1796
f 1844//1844 1845//1845 1846//1846
f 1845//1845 1847//1847 1846//1846
f 1848//1848 1849//1849 1850//1850
f 1850//1850 1851//1851 1848//1848
f 1851//1851 1852//1852 1848//1848
f 1848//1848 1852//1852 1853//1853
f 1846//1846 1847//1847 1854//1854
f 1847//1847 1853//1853 1854//1854
f 1854//1854 1853//1853 1855//1855
f 1853//1853 1852//1852 1855//1855
f 1850//1850 1849//1849 1856//1856
f 1849//1849 1857//1857 1856//1856
f 1858//1858 1857//1857 1859//1859
f 1857//1857 1849//1849 1859//1859
f 1860//1860 4//4 1861//1861
f 4//4 2//2 1861//1861
f 1861//1861 2//2 1862//1862
f 2//2 1//1 1862//1862
f 1862//1862 1//1 1863//1863
f 1//1 8//8 1863//1863
f 1863//1863 8//8 1864//1864
f 8//8 7//7 1864//1864
f 1864//1864 7//7 1865//1865
f 7//7 6//6 1865//1865
f 1865//1865 6//6 1866//1866
f 6//6 11//11 1866//1866
f 1866//1866 11//11 1867//1867
f 11//11 10//10 1867//1867
f 1867//1867 10//10 1868//1868
f 10//10 9//9 1868//1868
f 1868//1868 9//9 1869//1869
f 9//9 14//14 1869//1869
f 1869//1869 14//14 1870//1870
f 14//14 13//13 1870//1870
f 1870//1870 13//13 1871//1871
f 13//13 12//12 1871//1871
f 1871//1871 12//12 1872//1872
f 12//12 17//17 1872//1872
f 1872//1872 17//17 1873//1873
f 17//17 16//16 1873//1873
f 1873//1873 16//16 1874//1874
f 16//16 15//15 1874//1874
f 1874//1874 15//15 1875//1875
f 15//15 20//20 1875//1875
f 1875//1875 20//20 1876//1876
f 20//20 19//19 1876//1876
f 1876//1876 19//19 1877//1877
f 19//19 18//18 1877//1877
f 1877//1877 18//18 1878//1878
f 18//18 23//23 1878//1878
f 1878//1878 23//23 1879//1879
f 23//23 22//22 1879//1879
f 1879//1879 22//22 1880//1880
f 22//22 21//21 1880//1880
f 1880//1880 21//21 1881//1881
f 21//21 25//25 1881//1881
f 1881//1881 25//25 1882//1882
f 25//25 24//24 1882//1882
f 1882//1882 24//24 1883//1883
f 24//24 5//5 1883//1883
f 1883//1883 5//5 1860//1860
f 5//5 4//4 1860//1860
f 1884//1884 29//29 1885//1885
f 29//29 27//27 1885//1885
f 1885//1885 27//27 1886//1886
f 27//27 26//26 1886//1886
f 1886//1886 26//26 1887//1887
f 26//26 33//33 1887//1887
f 1887//1887 33//33 1888//1888
f 33//33 32//32 1888//1888
f 1888//1888 32//32 1889//1889
f 32//32 31//31 1889//1889
f 1889//1889 31//31 1890//1890
f 31//31 36//36 1890//1890
f 1890//1890 36//36 1891//1891
f 36//36 35//35 1891//1891
f 1891//1891 35//35 1892//1892
f 35//35 34//34 1892//1892
f 1892//1892 34//34 1893//1893
f 34//34 39//39 1893//1893
f 1893//1893 39//39 1894//1894
f 39//39 38//38 1894//1894
f 1894//1894 38//38 1895//1895
f 38//38 37//37 1895//1895
f 1895//1895 37//37 1896//1896
f 37//37 42//42 1896//1896
f 1896//1896 42//42 1897//1897
f 42//42 41//41 1897//1897
f 1897//1897 41//41 1898//1898
f 41//41 40//40 1898//1898
f 1898//1898 40//40 1899//1899
f 40//40 45//45 1899//1899
f 1899//1899 45//45 1900//1900
f 45//45 44//44 1900//1900
f 1900//1900 44//44 1901//1901
f 44//44 43//43 1901//1901
f 1901//1901 43//43 1902//1902
f 43//43 48//48 1902//1902
f 1902//1902 48//48 1903//1903
f 48//48 47//47 1903//1903
f 1903//1903 47//47 1904//1904
f 47//47 46//46 1904//1904
f 1904//1904 46//46 1905//1905
f 46//46 50//50 1905//1905
f 1905//1905 50//50 1906//1906
f 50//50 49//49 1906//1906
f 1906//1906 49//49 1907//1907
f 49//49 30//30 1907//1907
f 1907//1907 30//30 1884//1884
f 30//30 29//29 1884//1884
f 1908//1908 54//54 1909//1909
f 54//54 52//52 1909//1909
f 1909//1909 52//52 1910//1910
f 52//52 51//51 1910//1910
f 1910//1910 51//51 1911//1911
f 51//51 58//58 1911//1911
f 1911//1911 58//58 1912//1912
f 58//58 57//57 1912//1912
f 1912//1912 57//57 1913//1913
f 57//57 56//56 1913//1913
f 1913//1913 56//56 1914//1914
f 56//56 61//61 1914//1914
f 1914//1914 61//61 1915//1915
f 61//61 60//60 1915//1915
f 1915//1915 60//60 1916//1916
f 60//60 59//59 1916//1916
f 1916//1916 59//59 1917//1917
f 59//59 64//64 1917//1917
f 1917//1917 64//64 1918//1918
f 64//64 63//63 1918//1918
f 1918//1918 63//63 1919//1919
f 63//63 62//62 1919//1919
f 1919//1919 62//62 1920//1920
f 62//62 67//67 1920//1920
f 1920//1920 67//67 1921//1921
f 67//67 66//66 1921//1921
f 1921//1921 66//66 1922//1922
f 66//66 65//65 1922//1922
f 1922//1922 65//65 1923//1923
f 65//65 70//70 1923//1923
f 1923//1923 70//70 1924//1924
f 70//70 69//69 1924//1924
f 1924//1924 69//69 1925//1925
f 69//69 68//68 1925//1925
f 1925//1925 68//68 1926//1926
f 68//68 73//73 1926//1926
f 1926//1926 73//73 1927//1927
f 73//73 72//72 1927//1927
f 1927//1927 72//72 1928//1928
f 72//72 71//71 1928//1928
f 1928//1928 71//71 1929//1929
f 71//71 75//75 1929//1929
f 1929//1929 75//75 1930//1930
f 75//75 74//74 1930//1930
f 1930//1930 74//74 1931//1931
f 74//74 55//55 1931//1931
f 1931//1931 55//55 1908//1908
f 55//55 54//54 1908//1908
f 1932//1932 79//79 1933//1933
f 79//79 77//77 1933//1933
f 1933//1933 77//77 1934//1934
f 77//77 76//76 1934//1934
f 1934//1934 76//76 1935//1935
f 76//76 83//83 1935//1935
f 1935//1935 83//83 1936//1936
f 83//83 82//82 1936//1936
f 1936//1936 82//82 1937//1937
f 82//82 81//81 1937//1937
f 1937//1937 81//81 1938//1938
f 81//81 86//86 1938//1938
f 1938//1938 86//86 1939//1939
f 86//86 85//85 1939//1939
f 1939//1939 85//85 1940//1940
f 85//85 84//84 1940//1940
f 1940//1940 84//84 1941//1941
f 84//84 89//89 1941//1941
f 1941//1941 89//89 1942//1942
f 89//89 88//88 1942//1942
f 1942//1942 88//88 1943//1943
f 88//88 87//87 1943//1943
f 1943//1943 87//87 1944//1944
f 87//87 92//92 1944//1944
f 1944//1944 92//92 1945//1945
f 92//92 91//91 1945//1945
f 1945//1945 91//91 1946//1946
f 91//91 90//90 1946//1946
f 1946//1946 90//90 1947//1947
f 90//90 95//95 1947//1947
f 1947//1947 95//95 1948//1948
f 95//95 94//94 1948//1948
f 1948//1948 94//94 1949//1949
f 94//94 93//93 1949//1949
f 1949//1949 93//93 1950//1950
f 93//93 98//98 1950//1950
f 1950//1950 98//98 1951//1951
f 98//98 97//97 1951//1951
f 1951//1951 97//97 1952//1952
f 97//97 96//96 1952//1952
f 1952//1952 96//96 1953//1953
f 96//96 100//100 1953//1953
f 1953//1953 100//100 1954//1954
f 100//100 99//99 1954//1954
f 1954//1954 99//99 1955//1955
f 99//99 80//80 1955//1955
f 1955//1955 80//80 1932//1932
f 80//80 79//79 1932//1932
f 1956//1956 104//104 1957//1957
f 104//104 102//102 1957//1957
f 1957//1957 102//102 1958//1958
f 102//102 101//101 1958//1958
f 1958//1958 101//101 1959//1959
f 101//101 108//108 1959//1959
f 1959//1959 108//108 1960//1960
f 108//108 107//107 1960//1960
f 1960//1960 107//107 1961//1961
f 107//107 106//106 1961//1961
f 1961//1961 106//106 1962//1962
f 106//106 111//111 1962//1962
f 1962//1962 111//111 1963//1963
f 111//111 110//110 1963//1963
f 1963//1963 110//110 1964//1964
f 110//110 109//109 1964//1964
f 1964//1964 109//109 1965//1965
f 109//109 114//114 1965//1965
f 1965//1965 114//114 1966//1966
f 114//114 113//113 1966//1966
f 1966//1966 113//113 1967//1967
f 113//113 112//112 1967//1967
f 1967//1967 112//112 1968//1968
f 112//112 117//117 1968//1968
f 1968//1968 117//117 1969//1969
f 117//117 116//116 1969//1969
f 1969//1969 116//116 1970//1970
f 116//116 115//115 1970//1970
f 1970//1970 115//115 1971//1971
f 115//115 120//120 1971//1971
f 1971//1971 120//120 1972//1972
f 120//120 119//119 1972//1972
f 1972//1972 119//119 1973//1973
f 119//119 118//118 1973//1973
f 1973//1973 118//118 1974//1974
f 118//118 123//123 1974//1974
f 1974//1974 123//123 1975//1975
f 123//123 122//122 1975//1975
f 1975//1975 122//122 1976//1976
f 122//122 121//121 1976//1976
f 1976//1976 121//121 1977//1977
f 121//121 125//125 1977//1977
f 1977//1977 125//125 1978//1978
f 125//125 124//124 1978//1978
f 1978//1978 124//124 1979//1979
f 124//124 105//105 1979//1979
f 1979//1979 105//105 1956//1956
f 105//105 104//104 1956//1956
f 1980//1980 129//129 1981//1981
f 129//129 127//127 1981//1981
f 1981//1981 127//127 1982//1982
f 127//127 126//126 1982//1982
f 1982//1982 126//126 1983//1983
f 126//126 133//133 1983//1983
f 1983//1983 133//133 1984//1984
f 133//133 132//132 1984//1984
f 1984//1984 132//132 1985//1985
f 132//132 131//131 1985//1985
f 1985//1985 131//131 1986//1986
f 131//131 136//136 1986//1986
f 1986//1986 136//136 1987//1987
f 136//136 135//135 1987//1987
f 1987//1987 135//135 1988//1988
f 135//135 134//134 1988//1988
f 1988//1988 134//134 1989//1989
f 134//134 139//139 1989//1989
f 1989//1989 139//139 1990//1990
f 139//139 138//138 1990//1990
f 1990//1990 138//138 1991//1991
f 138//138 137//137 1991//1991
f 1991//1991 137//137 1992//1992
f 137//137 142//142 1992//1992
f 1992//1992 142//142 1993//1993
f 142//142 141//141 1993//1993
f 1993//1993 141//141 1994//1994
f 141//141 140//140 1994//1994
f 1994//1994 140//140 1995//1995
f 140//140 145//145 1995//1995
f 1995//1995 145//145 1996//1996
f 145//145 144//144 1996//1996
f 1996//1996 144//144 1997//1997
f 144//144 143//143 1997//1997
f 1997//1997 143//143 1998//1998
f 143//143 148//148 1998//1998
f 1998//1998 148//148 1999//1999
f 148//148 147//147 1999//1999
f 1999//1999 147//147 2000//2000
f 147//147 146//146 2000//2000
f 2000//2000 146//146 2001//2001
f 146//146 150//150 2001//2001
f 2001//2001 150//150 2002//2002
f 150//150 149//149 2002//2002
f 2002//2002 149//149 2003//2003
f 149//149 130//130 2003//2003
f 2003//2003 130//130 1980//1980
f 130//130 129//129 1980//1980
f 2004//2004 2005//2005 2006//2006
f 2005//2005 2007//2007 2006//2006
f 2006//2006 2007//2007 2008//2008
f 2007//2007 2009//2009 2008//2008
f 2008//2008 2009//2009 2010//2010
f 2009//2009 2011//2011 2010//2010
f 2010//2010 2011//2011 2012//2012
f 2011//2011 2013//2013 2012//2012
f 2012//2012 2013//2013 2014//2014
f 2013//2013 2015//2015 2014//2014
f 2014//2014 2015//2015 2016//2016
f 2015//2015 2017//2017 2016//2016
f 2016//2016 2017//2017 2018//2018
f 2017//2017 2019//2019 2018//2018
f 2018//2018 2019//2019 2020//2020
f 2019//2019 2021//2021 2020//2020
f 2020//2020 2021//2021 2022//2022
f 2021//2021 2023//2023 2022//2022
f 2022//2022 2023//2023 2024//2024
f 2023//2023 2025//2025 2024//2024
f 2024//2024 2025//2025 2026//2026
f 2025//2025 2027//2027 2026//2026
f 2026//2026 2027//2027 2028//2028
f 2027//2027 2029//2029 2028//2028
f 2028//2028 2029//2029 2030//2030
f 2029//2029 2031//2031 2030//2030
f 2030//2030 2031//2031 2032//2032
f 2031//2031 2033//2033 2032//2032
f 2032//2032 2033//2033 2034//2034
f 2033//2033 2035//2035 2034//2034
f 2034//2034 2035//2035 2036//2036
f 2035//2035 2037//2037 2036//2036
f 2036//2036 2037//2037 2038//2038
f 2037//2037 2039//2039 2038//2038
f 2038//2038 2039//2039 2040//2040
f 2039//2039 2041//2041 2040//2040
f 2040//2040 2041//2041 2042//2042
f 2041//2041 2043//2043 2042//2042
f 2042//2042 2043//2043 2044//2044
f 2043//2043 2045//2045 2044//2044
f 2044//2044 2045//2045 2046//2046
f 2045//2045 2047//2047 2046//2046
f 2046//2046 2047//2047 2048//2048
f 2047//2047 2049//2049 2048//2048
f 2048//2048 2049//2049 2050//2050
f 2049//2049 2051//2051 2050//2050
f 2050//2050 2051//2051 2004//2004
f 2051//2051 2005//2005 2004//2004
f 2052//2052 2053//2053 2054//2054
f 2053//2053 2055//2055 2054//2054
f 2054//2054 2055//2055 2056//2056
f 2055//2055 2057//2057 2056//2056
f 2056//2056 2057//2057 2058//2058
f 2057//2057 2059//2059 2058//2058
f 2058//2058 2059//2059 2060//2060
f 2059//2059 2061//2061 2060//2060
f 2060//2060 2061//2061 2062//2062
f 2061//2061 2063//2063 2062//2062
f 2062//2062 2063//2063 2064//2064
f 2063//2063 2065//2065 2064//2064
f 2064//2064 2065//2065 2066//2066
f 2065//2065 2067//2067 2066//2066
f 2066//2066 2067//2067 2068//2068
f 2067//2067 2069//2069 2068//2068
f 2068//2068 2069//2069 2070//2070
f 2069//2069 2071//2071 2070//2070
f 2070//2070 2071//2071 2072//2072
f 2071//2071 2073//2073 2072//2072
f 2072//2072 2073//2073 2074//2074
f 2073//2073 2075//2075 2074//2074
f 2074//2074 2075//2075 2076//2076
f 2075//2075 2077//2077 2076//2076
f 2076//2076 2077//2077 2078//2078
f 2077//2077 2079//2079 2078//2078
f 2078//2078 2079//2079 2080//2080
f 2079//2079 2081//2081 2080//2080
f 2080//2080 2081//2081 2082//2082
f 2081//2081 2083//2083 2082//2082
f 2082//2082 2083//2083 2084//2084
f 2083//2083 2085//2085 2084//2084
f 2084//2084 2085//2085 2086//2086
f 2085//2085 2087//2087 2086//2086
f 2086//2086 2087//2087 2088//2088
f 2087//2087 2089//2089 2088//2088
f 2088//2088 2089//2089 2090//2090
f 2089//2089 2091//2091 2090//2090
f 2090//2090 2091//2091 2092//2092
f 2091//2091 2093//2093 2092//2092
f 2092//2092 2093//2093 2094//2094
f 2093//2093 2095//2095 2094//2094
f 2094//2094 2095//2095 2096//2096
f 2095//2095 2097//2097 2096//2096
f 2096//2096 2097//2097 2098//2098
f 2097//2097 2099//2099 2098//2098
f 2098//2098 2099//2099 2052//2052
f 2099//2099 2053//2053 2052//2052
f 2100//2100 2101//2101 2102//2102
f 2101//2101 2103//2103 2102//2102
f 2102//2102 2103//2103 2104//2104
f 2103//2103 2105//2105 2104//2104
f 2104//2104 2105//2105 2106//2106
f 2105//2105 2107//2107 2106//2106
f 2106//2106 2107//2107 2108//2108
f 2107//2107 2109//2109 2108//2108
f 2108//2108 2109//2109 2110//2110
f 2109//2109 2111//2111 2110//2110
f 2110//2110 2111//2111 2112//2112
f 2111//2111 2113//2113 2112//2112
f 2112//2112 2113//2113 2114//2114
f 2113//2113 2115//2115 2114//2114
f 2114//2114 2115//2115 2116//2116
f 2115//2115 2117//2117 2116//2116
f 2116//2116 2117//2117 2118//2118
f 2117//2117 2119//2119 2118//2118
f 2118//2118 2119//2119 2120//2120
f 2119//2119 2121//2121 2120//2120
f 2120//2120 2121//2121 2122//2122
f 2121//2121 2123//2123 2122//2122
f 2122//2122 2123//2123 2124//2124
f 2123//2123 2125//2125 2124//2124
f 2124//2124 2125//2125 2126//2126
f 2125//2125 2127//2127 2126//2126
f 2126//2126 2127//2127 2128//2128
f 2127//2127 2129//2129 2128//2128
f 2128//2128 2129//2129 2130//2130
f 2129//2129 2131//2131 2130//2130
f 2130//2130 2131//2131 2132//2132
f 2131//2131 2133//2133 2132//2132
f 2132//2132 2133//2133 2134//2134
f 2133//2133 2135//2135 2134//2134
f 2134//2134 2135//2135 2136//2136
f 2135//2135 2137//2137 2136//2136
f 2136//2136 2137//2137 2138//2138
f 2137//2137 2139//2139 2138//2138
f 2138//2138 2139//2139 2140//2140
f 2139//2139 2141//2141 2140//2140
f 2140//2140 2141//2141 2142//2142
f 2141//2141 2143//2143 2142//2142
f 2142//2142 2143//2143 2144//2144
f 2143//2143 2145//2145 2144//2144
f 2144//2144 2145//2145 2146//2146
f 2145//2145 2147//2147 2146//2146
f 2146//2146 2147//2147 2100//2100
f 2147//2147 2101//2101 2100//2100
f 2148//2148 2149//2149 2150//2150
f 2149//2149 2151//2151 2150//2150
f 2150//2150 2151//2151 2152//2152
f 2151//2151 2153//2153 2152//2152
f 2152//2152 2153//2153 2154//2154
f 2153//2153 2155//2155 2154//2154
f 2154//2154 2155//2155 2156//2156
f 2155//2155 2157//2157 2156//2156
f 2156//2156 2157//2157 2158//2158
f 2157//2157 2159//2159 2158//2158
f 2158//2158 2159//2159 2160//2160
f 2159//2159 2161//2161 2160//2160
f 2160//2160 2161//2161 2162//2162
f 2161//2161 2163//2163 2162//2162
f 2162//2162 2163//2163 2164//2164
f 2163//2163 2165//2165 2164//2164
f 2164//2164 2165//2165 2166//2166
f 2165//2165 2167//2167 2166//2166
f 2166//2166 2167//2167 2168//2168
f 2167//2167 2169//2169 2168//2168
f 2168//2168 2169//2169 2170//2170
f 2169//2169 2171//2171 2170//2170
f 2170//2170 2171//2171 2172//2172
f 2171//2171 2173//2173 2172//2172
f 2172//2172 2173//2173 2174//2174
f 2173//2173 2175//2175 2174//2174
f 2174//2174 2175//2175 2176//2176
f 2175//2175 2177//2177 2176//2176
f 2176//2176 2177//2177 2178//2178
f 2177//2177 2179//2179 2178//2178
f 2178//2178 2179//2179 2180//2180
f 2179//2179 2181//2181 2180//2180
f 2180//2180 2181//2181 2182//2182
f 2181//2181 2183//2183 2182//2182
f 2182//2182 2183//2183 2184//2184
f 2183//2183 2185//2185 2184//2184
f 2184//2184 2185//2185 2186//2186
f 2185//2185 2187//2187 2186//2186
f 2186//2186 2187//2187 2188//2188
f 2187//2187 2189//2189 2188//2188
f 2188//2188 2189//2189 2190//2190
f 2189//2189 2191//2191 2190//2190
f 2190//2190 2191//2191 2192//2192
f 2191//2191 2193//2193 2192//2192
f 2192//2192 2193//2193 2194//2194
f 2193//2193 2195//2195 2194//2194
f 2194//2194 2195//2195 2148//2148
f 2195//2195 2149//2149 2148//2148
f 154//154 2196//2196 155//155
f 2196//2196 2197//2197 155//155
f 155//155 2197//2197 174//174
f 2197//2197 2198//2198 174//174
f 174//174 2198//2198 175//175
f 2198//2198 2199//2199 175//175
f 175//175 2199//2199 171//171
f 2199//2199 2200//2200 171//171
f 171//171 2200//2200 172//172
f 2200//2200 2201//2201 172//172
f 172//172 2201//2201 173//173
f 2201//2201 2202//2202 173//173
f 173//173 2202//2202 168//168
f 2202//2202 2203//2203 168//168
f 168//168 2203//2203 169//169
f 2203//2203 2204//2204 169//169
f 169//169 2204//2204 170//170
f 2204//2204 2205//2205 170//170
f 170//170 2205//2205 165//165
f 2205//2205 2206//2206 165//165
f 165//165 2206//2206 166//166
f 2206//2206 2207//2207 166//166
f 166//166 2207//2207 167//167
f 2207//2207 2208//2208 167//167
f 167//167 2208//2208 162//162
f 2208//2208 2209//2209 162//162
f 162//162 2209//2209 163//163
f 2209//2209 2210//2210 163//163
f 163//163 2210//2210 164//164
f 2210//2210 2211//2211 164//164
f 164//164 2211//2211 159//159
f 2211//2211 2212//2212 159//159
f 159//159 2212//2212 160//160
f 2212//2212 2213//2213 160//160
f 160//160 2213//2213 161//161
f 2213//2213 2214//2214 161//161
f 161//161 2214//2214 156//156
f 2214//2214 2215//2215 156//156
f 156//156 2215//2215 157//157
f 2215//2215 2216//2216 157//157
f 157//157 2216//2216 158//158
f 2216//2216 2217//2217 158//158
f 158//158 2217//2217 151//151
f 2217//2217 2218//2218 151//151
f 151//151 2218//2218 152//152
f 2218//2218 2219//2219 152//152
f 152//152 2219//2219 154//154
f 2219//2219 2196//2196 154//154
f 179//179 2220//2220 180//180
f 2220//2220 2221//2221 180//180
f 180//180 2221//2221 199//199
f 2221//2221 2222//2222 199//199
f 199//199 2222//2222 200//200
f 2222//2222 2223//2223 200//200
f 200//200 2223//2223 196//196
f 2223//2223 2224//2224 196//196
f 196//196 2224//2224 197//197
f 2224//2224 2225//2225 197//197
f 197//197 2225//2225 198//198
f 2225//2225 2226//2226 198//198
f 198//198 2226//2226 193//193
f 2226//2226 2227//2227 193//193
f 193//193 2227//2227 194//194
f 2227//2227 2228//2228 194//194
f 194//194 2228//2228 195//195
f 2228//2228 2229//2229 195//195
f 195//195 2229//2229 190//190
f 2229//2229 2230//2230 190//190
f 190//190 2230//2230 191//191
f 2230//2230 2231//2231 191//191
f 191//191 2231//2231 192//192
f 2231//2231 2232//2232 192//192
f 192//192 2232//2232 187//187
f 2232//2232 2233//2233 187//187
f 187//187 2233//2233 188//188
f 2233//2233 2234//2234 188//188
f 188//188 2234//2234 189//189
f 2234//2234 2235//2235 189//189
f 189//189 2235//2235 184//184
f 2235//2235 2236//2236 184//184
f 184//184 2236//2236 185//185
f 2236//2236 2237//2237 185//185
f 185//185 2237//2237 186//186
f 2237//2237 2238//2238 186//186
f 186//186 2238//2238 181//181
f 2238//2238 2239//2239 181//181
f 181//181 2239//2239 182//182
f 2239//2239 2240//2240 182//182
f 182//182 2240//2240 183//183
f 2240//2240 2241//2241 183//183
f 183//183 2241//2241 176//176
f 2241//2241 2242//2242 176//176
f 176//176 2242//2242 177//177
f 2242//2242 2243//2243 177//177
f 177//177 2243//2243 179//179
f 2243//2243 2220//2220 179//179
f 204//204 2244//2244 205//205
f 2244//2244 2245//2245 205//205
f 205//205 2245//2245 224//224
f 2245//2245 2246//2246 224//224
f 224//224 2246//2246 225//225
f 2246//2246 2247//2247 225//225
f 225//225 2247//2247 221//221
f 2247//2247 2248//2248 221//221
f 221//221 2248//2248 222//222
f 2248//2248 2249//2249 222//222
f 222//222 2249//2249 223//223
f 2249//2249 2250//2250 223//223
f 223//223 2250//2250 218//218
f 2250//2250 2251//2251 218//218
f 218//218 2251//2251 219//219
f 2251//2251 2252//2252 219//219
f 219//219 2252//2252 220//220
f 2252//2252 2253//2253 220//220
f 220//220 2253//2253 215//215
f 2253//2253 2254//2254 215//215
f 215//215 2254//2254 216//216
f 2254//2254 2255//2255 216//216
f 216//216 2255//2255 217//217
f 2255//2255 2256//2256 217//217
f 217//217 2256//2256 212//212
f 2256//2256 2257//2257 212//212
f 212//212 2257//2257 213//213
f 2257//2257 2258//2258 213//213
f 213//213 2258//2258 214//214
f 2258//2258 2259//2259 214//214
f 214//214 2259//2259 209//209
f 2259//2259 2260//2260 209//209
f 209//209 2260//2260 210//210
f 2260//2260 2261//2261 210//210
f 210//210 2261//2261 211//211
f 2261//2261 2262//2262 211//211
f 211//211 2262//2262 206//206
f 2262//2262 2263//2263 206//206
f 206//206 2263//2263 207//207
f 2263//2263 2264//2264 207//207
f 207//207 2264//2264 208//208
f 2264//2264 2265//2265 208//208
f 208//208 2265//2265 201//201
f 2265//2265 2266//2266 201//201
f 201//201 2266//2266 202//202
f 2266//2266 2267//2267 202//202
f 202//202 2267//2267 204//204
f 2267//2267 2244//2244 204//204
f 229//229 2268//2268 230//230
f 2268//2268 2269//2269 230//230
f 230//230 2269//2269 249//249
f 2269//2269 2270//2270 249//249
f 249//249 2270//2270 250//250
f 2270//2270 2271//2271 250//250
f 250//250 2271//2271 246//246
f 2271//2271 2272//2272 246//246
f 246//246 2272//2272 247//247
f 2272//2272 2273//2273 247//247
f 247//247 2273//2273 248//248
f 2273//2273 2274//2274 248//248
f 248//248 2274//2274 243//243
f 2274//2274 2275//2275 243//243
f 243//243 2275//2275 244//244
f 2275//2275 2276//2276 244//244
f 244//244 2276//2276 245//245
f 2276//2276 2277//2277 245//245
f 245//245 2277//2277 240//240
f 2277//2277 2278//2278 240//240
f 240//240 2278//2278 241//241
f 2278//2278 2279//2279 241//241
f 241//241 2279//2279 242//242
f 2279//2279 2280//2280 242//242
f 242//242 2280//2280 237//237
f 2280//2280 2281//2281 237//237
f 237//237 2281//2281 238//238
f 2281//2281 2282//2282 238//238
f 238//238 2282//2282 239//239
f 2282//2282 2283//2283 239//239
f 239//239 2283//2283 234//234
f 2283//2283 2284//2284 234//234
f 234//234 2284//2284 235//235
f 2284//2284 2285//2285 235//235
f 235//235 2285//2285 236//236
f 2285//2285 2286//2286 236//236
f 236//236 2286//2286 231//231
f 2286//2286 2287//2287 231//231
f 231//231 2287//2287 232//232
f 2287//2287 2288//2288 232//232
f 232//232 2288//2288 233//233
f 2288//2288 2289//2289 233//233
f 233//233 2289//2289 226//226
f 2289//2289 2290//2290 226//226
f 226//226 2290//2290 227//227
f 2290//2290 2291//2291 227//227
f 227//227 2291//2291 229//229
f 2291//2291 2268//2268 229//229
f 2292//2292 2293//2293 2294//2294
f 2293//2293 2295//2295 2294//2294
f 2294//2294 2295//2295 2296//2296
f 2295//2295 2297//2297 2296//2296
f 2296//2296 2297//2297 2298//2298
f 2297//2297 2299//2299 2298//2298
f 2298//2298 2299//2299 2300//2300
f 2299//2299 2301//2301 2300//2300
f 2300//2300 2301//2301 2302//2302
f 2301//2301 2303//2303 2302//2302
f 2302//2302 2303//2303 2304//2304
f 2303//2303 2305//2305 2304//2304
f 2304//2304 2305//2305 2306//2306
f 2305//2305 2307//2307 2306//2306
f 2306//2306 2307//2307 2308//2308
f 2307//2307 2309//2309 2308//2308
f 2308//2308 2309//2309 2310//2310
f 2309//2309 2311//2311 2310//2310
f 2310//2310 2311//2311 2312//2312
f 2311//2311 2313//2313 2312//2312
f 2312//2312 2313//2313 2314//2314
f 2313//2313 2315//2315 2314//2314
f 2314//2314 2315//2315 2316//2316
f 2315//2315 2317//2317 2316//2316
f 2316//2316 2317//2317 2318//2318
f 2317//2317 2319//2319 2318//2318
f 2318//2318 2319//2319 2320//2320
f 2319//2319 2321//2321 2320//2320
f 2320//2320 2321//2321 2322//2322
f 2321//2321 2323//2323 2322//2322
f 2322//2322 2323//2323 2324//2324
f 2323//2323 2325//2325 2324//2324
f 2324//2324 2325//2325 2326//2326
f 2325//2325 2327//2327 2326//2326
f 2326//2326 2327//2327 2328//2328
f 2327//2327 2329//2329 2328//2328
f 2328//2328 2329//2329 2330//2330
f 2329//2329 2331//2331 2330//2330
f 2330//2330 2331//2331 2332//2332
f 2331//2331 2333//2333 2332//2332
f 2332//2332 2333//2333 2334//2334
f 2333//2333 2335//2335 2334//2334
f 2334//2334 2335//2335 2336//2336
f 2335//2335 2337//2337 2336//2336
f 2336//2336 2337//2337 2338//2338
f 2337//2337 2339//2339 2338//2338
f 2338//2338 2339//2339 2292//2292
f 2339//2339 2293//2293 2292//2292
f 2340//2340 254//254 2341//2341
f 254//254 252//252 2341//2341
f 2341//2341 252//252 2342//2342
f 252//252 251//251 2342//2342
f 2342//2342 251//251 2343//2343
f 251//251 258//258 2343//2343
f 2343//2343 258//258 2344//2344
f 258//258 257//257 2344//2344
f 2344//2344 257//257 2345//2345
f 257//257 256//256 2345//2345
f 2345//2345 256//256 2346//2346
f 256//256 261//261 2346//2346
f 2346//2346 261//261 2347//2347
f 261//261 260//260 2347//2347
f 2347//2347 260//260 2348//2348
f 260//260 259//259 2348//2348
f 2348//2348 259//259 2349//2349
f 259//259 264//264 2349//2349
f 2349//2349 264//264 2350//2350
f 264//264 263//263 2350//2350
f 2350//2350 263//263 2351//2351
f 263//263 262//262 2351//2351
f 2351//2351 262//262 2352//2352
f 262//262 267//267 2352//2352
f 2352//2352 267//267 2353//2353
f 267//267 266//266 2353//2353
f 2353//2353 266//266 2354//2354
f 266//266 265//265 2354//2354
f 2354//2354 265//265 2355//2355
f 265//265 270//270 2355//2355
f 2355//2355 270//270 2356//2356
f 270//270 269//269 2356//2356
f 2356//2356 269//269 2357//2357
f 269//269 268//268 2357//2357
f 2357//2357 268//268 2358//2358
f 268//268 273//273 2358//2358
f 2358//2358 273//273 2359//2359
f 273//273 272//272 2359//2359
f 2359//2359 272//272 2360//2360
f 272//272 271//271 2360//2360
f 2360//2360 271//271 2361//2361
f 271//271 275//275 2361//2361
f 2361//2361 275//275 2362//2362
f 275//275 274//274 2362//2362
f 2362//2362 274//274 2363//2363
f 274//274 255//255 2363//2363
f 2363//2363 255//255 2340//2340
f 255//255 254//254 2340//2340
f 2364//2364 2365//2365 2366//2366
f 2365//2365 2367//2367 2366//2366
f 2366//2366 2367//2367 2368//2368
f 2367//2367 2369//2369 2368//2368
f 2368//2368 2369//2369 2370//2370
f 2369//2369 2371//2371 2370//2370
f 2370//2370 2371//2371 2372//2372
f 2371//2371 2373//2373 2372//2372
f 2372//2372 2373//2373 2374//2374
f 2373//2373 2375//2375 2374//2374
f 2374//2374 2375//2375 2376//2376
f 2375//2375 2377//2377 2376//2376
f 2376//2376 2377//2377 2378//2378
f 2377//2377 2379//2379 2378//2378
f 2378//2378 2379//2379 2380//2380
f 2379//2379 2381//2381 2380//2380
f 2380//2380 2381//2381 2382//2382
f 2381//2381 2383//2383 2382//2382
f 2382//2382 2383//2383 2384//2384
f 2383//2383 2385//2385 2384//2384
f 2384//2384 2385//2385 2386//2386
f 2385//2385 2387//2387 2386//2386
f 2386//2386 2387//2387 2388//2388
f 2387//2387 2389//2389 2388//2388
f 2388//2388 2389//2389 2390//2390
f 2389//2389 2391//2391 2390//2390
f 2390//2390 2391//2391 2392//2392
f 2391//2391 2393//2393 2392//2392
f 2392//2392 2393//2393 2394//2394
f 2393//2393 2395//2395 2394//2394
f 2394//2394 2395//2395 2396//2396
f 2395//2395 2397//2397 2396//2396
f 2396//2396 2397//2397 2398//2398
f 2397//2397 2399//2399 2398//2398
f 2398//2398 2399//2399 2400//2400
f 2399//2399 2401//2401 2400//2400
f 2400//2400 2401//2401 2402//2402
f 2401//2401 2403//2403 2402//2402
f 2402//2402 2403//2403 2404//2404
f 2403//2403 2405//2405 2404//2404
f 2404//2404 2405//2405 2406//2406
f 2405//2405 2407//2407 2406//2406
f 2406//2406 2407//2407 2408//2408
f 2407//2407 2409//2409 2408//2408
f 2408//2408 2409//2409 2410//2410
f 2409//2409 2411//2411 2410//2410
f 2410//2410 2411//2411 2364//2364
f 2411//2411 2365//2365 2364//2364
f 2412//2412 279//279 2413//2413
f 279//279 277//277 2413//2413
f 2413//2413 277//277 2414//2414
f 277//277 276//276 2414//2414
f 2414//2414 276//276 2415//2415
f 276//276 283//283 2415//2415
f 2415//2415 283//283 2416//2416
f 283//283 282//282 2416//2416
f 2416//2416 282//282 2417//2417
f 282//282 281//281 2417//2417
f 2417//2417 281//281 2418//2418
f 281//281 286//286 2418//2418
f 2418//2418 286//286 2419//2419
f 286//286 285//285 2419//2419
f 2419//2419 285//285 2420//2420
f 285//285 284//284 2420//2420
f 2420//2420 284//284 2421//2421
f 284//284 289//289 2421//2421
f 2421//2421 289//289 2422//2422
f 289//289 288//288 2422//2422
f 2422//2422 288//288 2423//2423
f 288//288 287//287 2423//2423
f 2423//2423 287//287 2424//2424
f 287//287 292//292 2424//2424
f 2424//2424 292//292 2425//2425
f 292//292 291//291 2425//2425
f 2425//2425 291//291 2426//2426
f 291//291 290//290 2426//2426
f 2426//2426 290//290 2427//2427
f 290//290 295//295 2427//2427
f 2427//2427 295//295 2428//2428
f 295//295 294//294 2428//2428
f 2428//2428 294//294 2429//2429
f 294//294 293//293 2429//2429
f 2429//2429 293//293 2430//2430
f 293//293 298//298 2430//2430
f 2430//2430 298//298 2431//2431
f 298//298 297//297 2431//2431
f 2431//2431 297//297 2432//2432
f 297//297 296//296 2432//2432
f 2432//2432 296//296 2433//2433
f 296//296 300//300 2433//2433
f 2433//2433 300//300 2434//2434
f 300//300 299//299 2434//2434
f 2434//2434 299//299 2435//2435
f 299//299 280//280 2435//2435
f 2435//2435 280//280 2412//2412
f 280//280 279//279 2412//2412
f 2436//2436 2437//2437 2438//2438
f 2436//2436 2438//2438 2439//2439
f 2438//2438 2440//2440 2439//2439
f 2439//2439 2440//2440 2441//2441
f 2440//2440 2442//2442 2441//2441
f 2441//2441 2442//2442 2443//2443
f 2442//2442 2444//2444 2443//2443
f 2443//2443 2444//2444 2445//2445
f 2444//2444 2446//2446 2445//2445
f 2445//2445 2446//2446 2447//2447
f 2446//2446 2448//2448 2447//2447
f 2447//2447 2448//2448 2449//2449
f 2448//2448 2450//2450 2449//2449
f 2449//2449 2450//2450 2451//2451
f 2451//2451 2450//2450 2452//2452
f 2450//2450 2453//2453 2452//2452
f 2452//2452 2453//2453 2454//2454
f 2452//2452 2454//2454 2455//2455
f 2454//2454 2456//2456 2455//2455
f 2455//2455 2456//2456 2457//2457
f 2456//2456 2458//2458 2457//2457
f 2459//2459 2460//2460 2461//2461
f 2459//2459 2461//2461 2462//2462
f 2461//2461 2463//2463 2462//2462
f 2462//2462 2463//2463 2464//2464
f 2463//2463 2465//2465 2464//2464
f 2464//2464 2465//2465 2466//2466
f 2465//2465 2467//2467 2466//2466
f 2466//2466 2467//2467 2468//2468
f 2467//2467 2469//2469 2468//2468
f 2468//2468 2469//2469 2470//2470
f 2469//2469 2471//2471 2470//2470
f 2470//2470 2471//2471 2472//2472
f 2471//2471 2473//2473 2472//2472
f 2472//2472 2473//2473 2474//2474
f 2474//2474 2473//2473 2475//2475
f 2473//2473 2457//2457 2475//2475
f 2475//2475 2457//2457 2458//2458
f 2476//2476 2477//2477 2478//2478
f 2477//2477 2479//2479 2478//2478
f 2478//2478 2479//2479 2480//2480
f 2481//2481 2479//2479 2482//2482
f 2479//2479 2477//2477 2482//2482
f 2476//2476 2483//2483 2477//2477
f 2483//2483 2482//2482 2477//2477
f 2484//2484 2481//2481 2485//2485
f 2481//2481 2482//2482 2485//2485
f 2485//2485 2482//2482 2483//2483
f 2460//2460 2459//2459 2479//2479
f 2459//2459 2480//2480 2479//2479
f 2481//2481 2484//2484 2486//2486
f 2484//2484 2487//2487 2486//2486
f 2486//2486 2487//2487 2488//2488
f 2486//2486 2488//2488 2489//2489
f 2488//2488 2490//2490 2489//2489
f 2489//2489 2490//2490 2491//2491
f 2490//2490 2492//2492 2491//2491
f 2491//2491 2492//2492 2493//2493
f 2492//2492 2494//2494 2493//2493
f 2493//2493 2494//2494 2495//2495
f 2494//2494 2496//2496 2495//2495
f 2495//2495 2496//2496 2497//2497
f 2496//2496 2498//2498 2497//2497
f 2497//2497 2498//2498 2499//2499
f 2498//2498 2500//2500 2499//2499
f 2499//2499 2500//2500 2501//2501
f 2500//2500 2502//2502 2501//2501
f 2501//2501 2502//2502 2503//2503
f 2503//2503 2502//2502 2504//2504
f 2502//2502 2505//2505 2504//2504
f 2504//2504 2505//2505 2506//2506
f 2505//2505 2507//2507 2506//2506
f 2508//2508 2509//2509 2510//2510
f 2508//2508 2510//2510 2511//2511
f 2510//2510 2512//2512 2511//2511
f 2511//2511 2512//2512 2513//2513
f 2512//2512 2514//2514 2513//2513
f 2513//2513 2514//2514 2515//2515
f 2514//2514 2516//2516 2515//2515
f 2515//2515 2516//2516 2517//2517
f 2516//2516 2518//2518 2517//2517
f 2517//2517 2518//2518 2519//2519
f 2518//2518 2520//2520 2519//2519
f 2519//2519 2520//2520 2521//2521
f 2520//2520 2522//2522 2521//2521
f 2521//2521 2522//2522 2523//2523
f 2522//2522 2506//2506 2523//2523
f 2523//2523 2506//2506 2507//2507
f 2524//2524 2525//2525 2526//2526
f 2525//2525 2527//2527 2526//2526
f 2526//2526 2527//2527 2528//2528
f 2529//2529 2527//2527 2530//2530
f 2527//2527 2525//2525 2530//2530
f 2524//2524 2531//2531 2525//2525
f 2531//2531 2530//2530 2525//2525
f 2532//2532 2529//2529 2533//2533
f 2529//2529 2530//2530 2533//2533
f 2533//2533 2530//2530 2531//2531
f 2534//2534 2535//2535 2536//2536
f 2534//2534 2536//2536 2537//2537
f 2536//2536 2538//2538 2537//2537
f 2537//2537 2538//2538 2539//2539
f 2538//2538 2540//2540 2539//2539
f 2539//2539 2540//2540 2541//2541
f 2540//2540 2542//2542 2541//2541
f 2541//2541 2542//2542 2543//2543
f 2542//2542 2544//2544 2543//2543
f 2543//2543 2544//2544 2545//2545
f 2544//2544 2546//2546 2545//2545
f 2545//2545 2546//2546 2547//2547
f 2546//2546 2548//2548 2547//2547
f 2547//2547 2548//2548 2549//2549
f 2548//2548 2550//2550 2549//2549
f 2549//2549 2550//2550 2551//2551
f 2551//2551 2550//2550 2552//2552
f 2550//2550 2553//2553 2552//2552
f 2552//2552 2553//2553 2554//2554
f 2553//2553 2555//2555 2554//2554
f 2554//2554 2555//2555 2556//2556
f 2555//2555 2557//2557 2556//2556
f 2558//2558 2559//2559 2560//2560
f 2559//2559 2561//2561 2560//2560
f 2560//2560 2561//2561 2562//2562
f 2561//2561 2563//2563 2562//2562
f 2562//2562 2563//2563 2564//2564
f 2563//2563 2565//2565 2564//2564
f 2564//2564 2565//2565 2566//2566
f 2565//2565 2567//2567 2566//2566
f 2566//2566 2567//2567 2568//2568
f 2567//2567 2569//2569 2568//2568
f 2568//2568 2569//2569 2570//2570
f 2569//2569 2571//2571 2570//2570
f 2570//2570 2571//2571 2572//2572
f 2571//2571 2573//2573 2572//2572
f 2572//2572 2573//2573 2574//2574
f 2573//2573 2575//2575 2574//2574
f 2574//2574 2575//2575 2576//2576
f 2575//2575 2577//2577 2576//2576
f 2576//2576 2577//2577 2578//2578
f 2577//2577 2579//2579 2578//2578
f 2578//2578 2579//2579 2580//2580
f 2579//2579 2581//2581 2580//2580
f 2580//2580 2581//2581 2582//2582
f 2581//2581 2583//2583 2582//2582
f 2582//2582 2583//2583 2584//2584
f 2583//2583 2585//2585 2584//2584
f 2584//2584 2585//2585 2586//2586
f 2585//2585 2587//2587 2586//2586
f 2586//2586 2587//2587 2588//2588
f 2587//2587 2589//2589 2588//2588
f 2588//2588 2589//2589 2590//2590
f 2589//2589 2591//2591 2590//2590
f 2590//2590 2591//2591 2592//2592
f 2591//2591 2593//2593 2592//2592
f 2592//2592 2593//2593 2594//2594
f 2593//2593 2595//2595 2594//2594
f 2594//2594 2595//2595 2596//2596
f 2595//2595 2597//2597 2596//2596
f 2596//2596 2597//2597 2598//2598
f 2597//2597 2599//2599 2598//2598
f 2598//2598 2599//2599 2600//2600
f 2599//2599 2601//2601 2600//2600
f 2600//2600 2601//2601 2602//2602
f 2601//2601 2603//2603 2602//2602
f 2602//2602 2603//2603 2557//2557
f 2603//2603 2556//2556 2557//2557
f 2559//2559 2558//2558 2604//2604
f 2558//2558 2605//2605 2604//2604
f 2606//2606 2607//2607 2608//2608
f 2607//2607 2609//2609 2608//2608
f 2610//2610 2606//2606 2611//2611
f 2606//2606 2608//2608 2611//2611
f 2609//2609 2612//2612 2608//2608
f 2612//2612 2611//2611 2608//2608
f 2612//2612 2613//2613 2611//2611
f 2613//2613 2610//2610 2611//2611
f 2614//2614 2615//2615 2616//2616
f 2615//2615 2617//2617 2616//2616
f 2616//2616 2617//2617 2618//2618
f 2618//2618 2619//2619 2616//2616
f 2619//2619 2620//2620 2616//2616
f 2616//2616 2620//2620 2621//2621
f 2621//2621 2622//2622 2616//2616
f 2622//2622 2623//2623 2616//2616
f 2616//2616 2623//2623 2624//2624
f 2625//2625 2626//2626 2627//2627
f 2626//2626 2628//2628 2627//2627
f 2629//2629 2625//2625 2630//2630
f 2625//2625 2627//2627 2630//2630
f 2628//2628 2631//2631 2627//2627
f 2631//2631 2630//2630 2627//2627
f 2631//2631 2632//2632 2630//2630
f 2632//2632 2629//2629 2630//2630
f 2633//2633 2634//2634 2635//2635
f 2634//2634 2636//2636 2635//2635
f 2633//2633 2635//2635 2637//2637
f 2635//2635 2638//2638 2637//2637
f 2637//2637 2638//2638 2639//2639
f 2636//2636 2640//2640 2635//2635
f 2640//2640 2638//2638 2635//2635
f 2640//2640 2641//2641 2638//2638
f 2641//2641 2639//2639 2638//2638
f 2642//2642 2643//2643 2644//2644
f 2643//2643 2645//2645 2644//2644
f 2646//2646 2642//2642 2647//2647
f 2642//2642 2644//2644 2647//2647
f 2645//2645 2648//2648 2644//2644
f 2648//2648 2647//2647 2644//2644
f 2648//2648 2649//2649 2647//2647
f 2649//2649 2646//2646 2647//2647
f 2650//2650 2651//2651 2652//2652
f 2651//2651 2653//2653 2652//2652
f 2650//2650 2652//2652 2654//2654
f 2650//2650 2654//2654 2655//2655
f 2654//2654 2656//2656 2655//2655
f 2655//2655 2656//2656 2657//2657
f 2657//2657 2656//2656 2658//2658
f 2657//2657 2658//2658 2659//2659
f 2658//2658 2660//2660 2659//2659
f 2659//2659 2660//2660 2661//2661
f 2660//2660 2662//2662 2661//2661
f 2661//2661 2662//2662 2663//2663
f 2662//2662 2664//2664 2663//2663
f 2663//2663 2664//2664 2665//2665
f 2664//2664 2666//2666 2665//2665
f 2665//2665 2666//2666 2667//2667
f 2666//2666 2668//2668 2667//2667
f 2667//2667 2668//2668 2669//2669
f 2651//2651 2669//2669 2653//2653
f 2669//2669 2668//2668 2653//2653
f 2670//2670 2671//2671 2672//2672
f 2671//2671 2673//2673 2672//2672
f 2670//2670 2672//2672 2674//2674
f 2670//2670 2674//2674 2675//2675
f 2674//2674 2676//2676 2675//2675
f 2675//2675 2676//2676 2677//2677
f 2671//2671 2677//2677 2673//2673
f 2677//2677 2676//2676 2673//2673
f 2678//2678 2679//2679 2680//2680
f 2679//2679 2681//2681 2680//2680
f 2682//2682 2678//2678 2683//2683
f 2678//2678 2680//2680 2683//2683
f 2684//2684 2685//2685 2686//2686
f 2684//2684 2686//2686 2687//2687
f 2686//2686 2688//2688 2687//2687
f 2687//2687 2688//2688 2689//2689
f 2690//2690 2689//2689 2691//2691
f 2689//2689 2688//2688 2691//2691
f 2692//2692 2690//2690 2693//2693
f 2690//2690 2691//2691 2693//2693
f 2692//2692 2693//2693 2694//2694
f 2692//2692 2694//2694 2695//2695
f 2694//2694 2696//2696 2695//2695
f 2695//2695 2696//2696 2697//2697
f 2696//2696 2698//2698 2697//2697
f 2697//2697 2698//2698 2699//2699
f 2698//2698 2700//2700 2699//2699
f 2699//2699 2700//2700 2701//2701
f 2700//2700 2702//2702 2701//2701
f 2701//2701 2702//2702 2703//2703
f 2702//2702 2685//2685 2703//2703
f 2703//2703 2685//2685 2684//2684
f 2704//2704 2705//2705 2706//2706
f 2704//2704 2706//2706 2707//2707
f 2706//2706 2708//2708 2707//2707
f 2707//2707 2708//2708 2709//2709
f 2708//2708 2710//2710 2709//2709
f 2709//2709 2710//2710 2711//2711
f 2710//2710 2712//2712 2711//2711
f 2711//2711 2712//2712 2713//2713
f 2712//2712 2714//2714 2713//2713
f 2713//2713 2714//2714 2715//2715
f 2714//2714 2716//2716 2715//2715
f 2715//2715 2716//2716 2717//2717
f 2716//2716 2718//2718 2717//2717
f 2717//2717 2718//2718 2719//2719
f 2718//2718 2720//2720 2719//2719
f 2719//2719 2720//2720 2721//2721
f 2721//2721 2720//2720 2722//2722
f 2720//2720 2723//2723 2722//2722
f 2724//2724 2725//2725 2726//2726
f 2725//2725 2727//2727 2726//2726
f 2728//2728 2724//2724 2729//2729
f 2724//2724 2726//2726 2729//2729
f 2727//2727 2730//2730 2726//2726
f 2730//2730 2729//2729 2726//2726
f 2730//2730 2731//2731 2729//2729
f 2731//2731 2728//2728 2729//2729
f 2722//2722 2723//2723 2724//2724
f 2723//2723 2725//2725 2724//2724
f 2732//2732 2733//2733 2731//2731
f 2733//2733 2734//2734 2731//2731
f 2734//2734 2735//2735 2731//2731
f 2735//2735 2736//2736 2731//2731
f 2731//2731 2736//2736 2737//2737
f 2737//2737 2738//2738 2731//2731
f 2738//2738 2739//2739 2731//2731
f 2731//2731 2739//2739 2728//2728
f 2740//2740 2741//2741 2732//2732
f 2741//2741 2742//2742 2732//2732
f 2732//2732 2742//2742 2743//2743
f 2743//2743 2744//2744 2732//2732
f 2744//2744 2745//2745 2732//2732
f 2732//2732 2745//2745 2746//2746
f 2746//2746 2747//2747 2732//2732
f 2747//2747 2748//2748 2732//2732
f 2732//2732 2748//2748 2733//2733
f 2741//2741 2749//2749 2742//2742
f 2749//2749 2750//2750 2742//2742
f 2742//2742 2750//2750 2743//2743
f 2743//2743 2750//2750 2744//2744
f 2750//2750 2751//2751 2744//2744
f 2744//2744 2751//2751 2745//2745
f 2745//2745 2751//2751 2746//2746
f 2751//2751 2752//2752 2746//2746
f 2746//2746 2752//2752 2747//2747
f 2735//2735 2734//2734 2753//2753
f 2734//2734 2733//2733 2753//2753
f 2753//2753 2733//2733 2752//2752
f 2733//2733 2748//2748 2752//2752
f 2752//2752 2748//2748 2747//2747
f 2735//2735 2753//2753 2736//2736
f 2753//2753 2754//2754 2736//2736
f 2736//2736 2754//2754 2737//2737
f 2737//2737 2754//2754 2738//2738
f 2754//2754 2755//2755 2738//2738
f 2738//2738 2755//2755 2739//2739
f 2756//2756 2757//2757 2749//2749
f 2757//2757 2758//2758 2749//2749
f 2758//2758 2755//2755 2749//2749
f 2755//2755 2754//2754 2749//2749
f 2749//2749 2754//2754 2753//2753
f 2753//2753 2752//2752 2749//2749
f 2752//2752 2751//2751 2749//2749
f 2749//2749 2751//2751 2750//2750
f 2759//2759 2760//2760 2761//2761
f 2759//2759 2761//2761 2762//2762
f 2761//2761 2763//2763 2762//2762
f 2762//2762 2763//2763 2764//2764
f 2763//2763 2765//2765 2764//2764
f 2764//2764 2765//2765 2766//2766
f 2765//2765 2767//2767 2766//2766
f 2766//2766 2767//2767 2768//2768
f 2767//2767 2758//2758 2768//2768
f 2768//2768 2758//2758 2757//2757
f 2759//2759 2769//2769 2760//2760
f 2769//2769 2770//2770 2760//2760
f 2771//2771 2772//2772 2770//2770
f 2772//2772 2773//2773 2770//2770
f 2770//2770 2773//2773 2760//2760
f 2774//2774 2775//2775 2770//2770
f 2775//2775 2776//2776 2770//2770
f 2770//2770 2776//2776 2771//2771
f 2777//2777 2778//2778 2775//2775
f 2779//2779 2780//2780 2776//2776
f 2780//2780 2781//2781 2776//2776
f 2776//2776 2781//2781 2771//2771
f 2775//2775 2778//2778 2776//2776
f 2778//2778 2782//2782 2776//2776
f 2776//2776 2782//2782 2779//2779
f 2774//2774 2770//2770 2783//2783
f 2783//2783 2784//2784 2774//2774
f 2784//2784 2785//2785 2774//2774
f 2774//2774 2785//2785 2775//2775
f 2785//2785 2786//2786 2775//2775
f 2775//2775 2786//2786 2777//2777
f 2787//2787 2773//2773 2788//2788
f 2773//2773 2772//2772 2788//2788
f 2781//2781 2789//2789 2771//2771
f 2789//2789 2790//2790 2771//2771
f 2771//2771 2790//2790 2772//2772
f 2790//2790 2791//2791 2772//2772
f 2772//2772 2791//2791 2788//2788
f 2780//2780 2779//2779 2792//2792
f 2779//2779 2782//2782 2792//2792
f 2792//2792 2782//2782 2778//2778
f 2778//2778 2777//2777 2792//2792
f 2777//2777 2786//2786 2792//2792
f 2792//2792 2786//2786 2785//2785
f 2785//2785 2784//2784 2792//2792
f 2784//2784 2783//2783 2792//2792
f 2792//2792 2783//2783 2793//2793
f 2794//2794 2795//2795 2796//2796
f 2795//2795 2797//2797 2796//2796
f 2798//2798 2794//2794 2799//2799
f 2794//2794 2796//2796 2799//2799
f 2797//2797 2800//2800 2796//2796
f 2800//2800 2799//2799 2796//2796
f 2800//2800 2801//2801 2799//2799
f 2801//2801 2798//2798 2799//2799
f 2794//2794 2787//2787 2795//2795
f 2787//2787 2788//2788 2795//2795
f 2795//2795 2788//2788 2791//2791
f 2780//2780 2792//2792 2781//2781
f 2792//2792 2795//2795 2781//2781
f 2791//2791 2790//2790 2795//2795
f 2790//2790 2789//2789 2795//2795
f 2795//2795 2789//2789 2781//2781
f 2798//2798 2801//2801 2802//2802
f 2801//2801 2803//2803 2802//2802
f 2802//2802 2803//2803 2804//2804
f 2803//2803 2805//2805 2804//2804
f 2806//2806 2807//2807 2808//2808
f 2807//2807 2809//2809 2808//2808
f 2806//2806 2808//2808 2810//2810
f 2808//2808 2811//2811 2810//2810
f 2810//2810 2811//2811 2812//2812
f 2809//2809 2813//2813 2808//2808
f 2813//2813 2811//2811 2808//2808
f 2813//2813 2814//2814 2811//2811
f 2814//2814 2812//2812 2811//2811
f 2804//2804 2805//2805 2806//2806
f 2805//2805 2807//2807 2806//2806
f 2812//2812 2814//2814 2815//2815
f 2814//2814 2816//2816 2815//2815
f 2815//2815 2816//2816 2817//2817
f 2816//2816 2818//2818 2817//2817
f 2819//2819 2820//2820 2821//2821
f 2820//2820 2822//2822 2821//2821
f 2823//2823 2819//2819 2824//2824
f 2819//2819 2821//2821 2824//2824
f 2822//2822 2825//2825 2821//2821
f 2825//2825 2824//2824 2821//2821
f 2825//2825 2826//2826 2824//2824
f 2826//2826 2823//2823 2824//2824
f 2817//2817 2818//2818 2819//2819
f 2818//2818 2820//2820 2819//2819
f 2827//2827 2828//2828 2826//2826
f 2828//2828 2829//2829 2826//2826
f 2829//2829 2830//2830 2826//2826
f 2830//2830 2831//2831 2826//2826
f 2826//2826 2831//2831 2832//2832
f 2832//2832 2833//2833 2826//2826
f 2833//2833 2834//2834 2826//2826
f 2826//2826 2834//2834 2823//2823
f 2835//2835 2836//2836 2827//2827
f 2836//2836 2837//2837 2827//2827
f 2827//2827 2837//2837 2838//2838
f 2838//2838 2839//2839 2827//2827
f 2839//2839 2840//2840 2827//2827
f 2827//2827 2840//2840 2841//2841
f 2841//2841 2842//2842 2827//2827
f 2842//2842 2843//2843 2827//2827
f 2827//2827 2843//2843 2828//2828
f 2836//2836 2844//2844 2837//2837
f 2844//2844 2845//2845 2837//2837
f 2837//2837 2845//2845 2838//2838
f 2838//2838 2845//2845 2839//2839
f 2845//2845 2846//2846 2839//2839
f 2839//2839 2846//2846 2840//2840
f 2840//2840 2846//2846 2841//2841
f 2846//2846 2847//2847 2841//2841
f 2841//2841 2847//2847 2842//2842
f 2830//2830 2829//2829 2848//2848
f 2829//2829 2828//2828 2848//2848
f 2848//2848 2828//2828 2847//2847
f 2828//2828 2843//2843 2847//2847
f 2847//2847 2843//2843 2842//2842
f 2830//2830 2848//2848 2831//2831
f 2848//2848 2849//2849 2831//2831
f 2831//2831 2849//2849 2832//2832
f 2832//2832 2849//2849 2833//2833
f 2849//2849 2850//2850 2833//2833
f 2833//2833 2850//2850 2834//2834
f 2844//2844 2851//2851 312//312
f 312//312 311//311 2844//2844
f 311//311 2850//2850 2844//2844
f 2844//2844 2850//2850 2845//2845
f 2850//2850 2846//2846 2845//2845
f 2849//2849 2848//2848 2850//2850
f 2848//2848 2847//2847 2850//2850
f 2850//2850 2847//2847 2846//2846
f 2663//2663 2665//2665 2651//2651
f 2665//2665 2667//2667 2651//2651
f 2651//2651 2667//2667 2669//2669
f 2657//2657 2659//2659 2655//2655
f 2659//2659 2650//2650 2655//2655
f 2650//2650 2659//2659 2651//2651
f 2659//2659 2661//2661 2651//2651
f 2651//2651 2661//2661 2663//2663
f 2677//2677 2671//2671 2675//2675
f 2671//2671 2670//2670 2675//2675
f 917//917 930//930 918//918
f 2679//2679 2678//2678 2682//2682
f 2692//2692 2695//2695 2690//2690
f 2695//2695 2697//2697 2690//2690
f 2697//2697 2699//2699 2690//2690
f 2699//2699 2701//2701 2690//2690
f 2690//2690 2701//2701 2689//2689
f 2701//2701 2703//2703 2689//2689
f 2689//2689 2703//2703 2687//2687
f 2703//2703 2684//2684 2687//2687
f 971//971 972//972 969//969
f 972//972 966//966 969//969
f 855//855 875//875 856//856
f 960//960 964//964 961//961
f 940//940 943//943 954//954
f 943//943 945//945 954//954
f 945//945 947//947 954//954
f 947//947 949//949 954//954
f 954//954 949//949 956//956
f 949//949 951//951 956//956
f 956//956 951//951 959//959
f 951//951 953//953 959//959
f 937//937 938//938 935//935
f 938//938 932//932 935//935
f 911//911 922//922 912//912
f 905//905 909//909 906//906
f 896//896 898//898 885//885
f 898//898 900//900 885//885
f 885//885 900//900 886//886
f 889//889 892//892 904//904
f 892//892 901//901 904//904
f 901//901 892//892 885//885
f 892//892 894//894 885//885
f 885//885 894//894 896//896
f 878//878 877//877 884//884
f 877//877 881//881 884//884
f 860//860 851//851 850//850
f 847//847 844//844 843//843
f 2768//2768 2757//2757 2756//2756
f 2769//2769 2759//2759 2762//2762
f 2769//2769 2762//2762 2852//2852
f 2762//2762 2764//2764 2852//2852
f 2852//2852 2764//2764 2756//2756
f 2764//2764 2766//2766 2756//2756
f 2756//2756 2766//2766 2768//2768
f 310//310 312//312 2851//2851
f 313//313 301//301 304//304
f 313//313 304//304 2853//2853
f 304//304 306//306 2853//2853
f 2853//2853 306//306 2851//2851
f 306//306 308//308 2851//2851
f 2851//2851 308//308 310//310
f 2854//2854 2855//2855 2856//2856
f 2855//2855 2857//2857 2856//2856
f 2856//2856 2857//2857 2858//2858
f 2857//2857 2859//2859 2858//2858
f 2858//2858 2859//2859 2860//2860
f 2859//2859 2861//2861 2860//2860
f 2860//2860 2861//2861 2862//2862
f 2863//2863 2864//2864 2865//2865
f 2864//2864 2866//2866 2865//2865
f 2865//2865 2866//2866 2867//2867
f 2866//2866 2868//2868 2867//2867
f 2867//2867 2868//2868 2869//2869
f 2868//2868 2870//2870 2869//2869
f 2869//2869 2870//2870 2871//2871
f 2872//2872 2873//2873 2874//2874
f 2875//2875 2876//2876 2877//2877
f 2876//2876 2878//2878 2877//2877
f 2877//2877 2878//2878 2879//2879
f 2874//2874 2873//2873 2877//2877
f 2873//2873 2880//2880 2877//2877
f 2877//2877 2880//2880 2875//2875
f 2881//2881 2882//2882 2883//2883
f 2883//2883 2884//2884 2881//2881
f 2884//2884 2885//2885 2881//2881
f 2881//2881 2885//2885 2874//2874
f 2885//2885 2886//2886 2874//2874
f 2874//2874 2886//2886 2872//2872
f 2887//2887 2888//2888 2889//2889
f 2888//2888 2890//2890 2889//2889
f 2878//2878 2891//2891 2879//2879
f 2891//2891 2892//2892 2879//2879
f 2879//2879 2892//2892 2890//2890
f 2892//2892 2893//2893 2890//2890
f 2890//2890 2893//2893 2889//2889
f 2863//2863 2865//2865 2894//2894
f 2865//2865 2882//2882 2894//2894
f 2894//2894 2882//2882 2888//2888
f 2882//2882 2881//2881 2888//2888
f 2888//2888 2881//2881 2874//2874
f 2874//2874 2877//2877 2888//2888
f 2877//2877 2879//2879 2888//2888
f 2888//2888 2879//2879 2890//2890
f 2863//2863 2894//2894 2895//2895
f 2863//2863 2895//2895 2864//2864
f 2895//2895 2896//2896 2864//2864
f 2864//2864 2896//2896 2866//2866
f 2896//2896 2897//2897 2866//2866
f 2866//2866 2897//2897 2868//2868
f 2897//2897 2898//2898 2868//2868
f 2868//2868 2898//2898 2870//2870
f 2898//2898 2899//2899 2870//2870
f 2870//2870 2899//2899 2871//2871
f 2900//2900 2901//2901 2902//2902
f 2869//2869 2871//2871 2901//2901
f 2871//2871 2899//2899 2901//2901
f 2901//2901 2899//2899 2902//2902
f 2902//2902 2903//2903 2904//2904
f 2904//2904 2905//2905 2902//2902
f 2905//2905 2906//2906 2902//2902
f 2902//2902 2906//2906 2900//2900
f 2907//2907 2901//2901 2908//2908
f 2901//2901 2900//2900 2908//2908
f 2908//2908 2900//2900 2909//2909
f 2909//2909 2900//2900 2910//2910
f 2900//2900 2906//2906 2910//2910
f 2910//2910 2906//2906 2911//2911
f 2911//2911 2906//2906 2912//2912
f 2906//2906 2905//2905 2912//2912
f 2912//2912 2905//2905 2913//2913
f 2914//2914 2915//2915 2904//2904
f 2915//2915 2916//2916 2904//2904
f 2904//2904 2916//2916 2905//2905
f 2916//2916 2917//2917 2905//2905
f 2905//2905 2917//2917 2913//2913
f 2914//2914 2904//2904 2918//2918
f 2904//2904 2903//2903 2918//2918
f 2918//2918 2903//2903 2919//2919
f 2919//2919 2903//2903 2920//2920
f 2903//2903 2902//2902 2920//2920
f 2920//2920 2902//2902 2921//2921
f 2922//2922 2907//2907 2923//2923
f 2907//2907 2908//2908 2923//2923
f 2923//2923 2908//2908 2909//2909
f 2909//2909 2910//2910 2923//2923
f 2910//2910 2911//2911 2923//2923
f 2923//2923 2911//2911 2912//2912
f 2912//2912 2913//2913 2923//2923
f 2913//2913 2917//2917 2923//2923
f 2923//2923 2917//2917 2916//2916
f 2924//2924 2925//2925 2642//2642
f 2925//2925 2643//2643 2642//2642
f 2923//2923 2916//2916 2649//2649
f 2916//2916 2915//2915 2649//2649
f 2915//2915 2914//2914 2649//2649
f 2914//2914 2918//2918 2649//2649
f 2649//2649 2918//2918 2919//2919
f 2919//2919 2920//2920 2649//2649
f 2920//2920 2921//2921 2649//2649
f 2649//2649 2921//2921 2646//2646
f 2926//2926 2927//2927 2924//2924
f 2927//2927 2925//2925 2924//2924
f 2928//2928 2929//2929 2633//2633
f 2929//2929 2634//2634 2633//2633
f 2639//2639 2641//2641 2926//2926
f 2641//2641 2927//2927 2926//2926
f 2930//2930 2931//2931 2928//2928
f 2931//2931 2929//2929 2928//2928
f 2625//2625 2932//2932 2626//2626
f 2932//2932 2933//2933 2626//2626
f 2626//2626 2933//2933 2934//2934
f 2614//2614 2616//2616 2935//2935
f 2616//2616 2626//2626 2935//2935
f 2934//2934 2936//2936 2626//2626
f 2936//2936 2937//2937 2626//2626
f 2626//2626 2937//2937 2935//2935
f 2629//2629 2632//2632 2930//2930
f 2632//2632 2931//2931 2930//2930
f 2619//2619 2618//2618 2938//2938
f 2615//2615 2614//2614 2939//2939
f 2614//2614 2935//2935 2939//2939
f 2939//2939 2935//2935 2940//2940
f 2938//2938 2618//2618 2939//2939
f 2618//2618 2617//2617 2939//2939
f 2939//2939 2617//2617 2615//2615
f 2941//2941 2942//2942 2623//2623
f 2623//2623 2622//2622 2941//2941
f 2622//2622 2621//2621 2941//2941
f 2941//2941 2621//2621 2938//2938
f 2621//2621 2620//2620 2938//2938
f 2938//2938 2620//2620 2619//2619
f 2932//2932 2943//2943 2933//2933
f 2943//2943 2944//2944 2933//2933
f 2935//2935 2937//2937 2940//2940
f 2937//2937 2936//2936 2940//2940
f 2940//2940 2936//2936 2944//2944
f 2936//2936 2934//2934 2944//2944
f 2944//2944 2934//2934 2933//2933
f 2854//2854 2856//2856 2945//2945
f 2856//2856 2942//2942 2945//2945
f 2940//2940 2944//2944 2942//2942
f 2944//2944 2943//2943 2942//2942
f 2942//2942 2943//2943 2945//2945
f 2941//2941 2938//2938 2942//2942
f 2938//2938 2939//2939 2942//2942
f 2942//2942 2939//2939 2940//2940
f 2854//2854 2945//2945 2946//2946
f 2854//2854 2946//2946 2855//2855
f 2946//2946 2947//2947 2855//2855
f 2855//2855 2947//2947 2857//2857
f 2947//2947 2948//2948 2857//2857
f 2857//2857 2948//2948 2859//2859
f 2948//2948 2949//2949 2859//2859
f 2859//2859 2949//2949 2861//2861
f 2949//2949 2950//2950 2861//2861
f 2861//2861 2950//2950 2862//2862
f 2860//2860 2862//2862 2951//2951
f 2862//2862 2950//2950 2951//2951
f 2950//2950 2952//2952 2951//2951
f 2952//2952 2953//2953 2951//2951
f 2951//2951 2953//2953 2954//2954
f 2954//2954 2955//2955 2951//2951
f 2955//2955 2956//2956 2951//2951
f 2951//2951 2956//2956 2957//2957
f 2958//2958 2951//2951 2959//2959
f 2951//2951 2957//2957 2959//2959
f 2959//2959 2957//2957 2960//2960
f 2960//2960 2957//2957 2961//2961
f 2957//2957 2956//2956 2961//2961
f 2961//2961 2956//2956 2962//2962
f 2962//2962 2956//2956 2963//2963
f 2956//2956 2955//2955 2963//2963
f 2963//2963 2955//2955 2964//2964
f 2965//2965 2966//2966 2954//2954
f 2966//2966 2967//2967 2954//2954
f 2954//2954 2967//2967 2955//2955
f 2967//2967 2968//2968 2955//2955
f 2955//2955 2968//2968 2964//2964
f 2965//2965 2954//2954 2969//2969
f 2954//2954 2953//2953 2969//2969
f 2969//2969 2953//2953 2970//2970
f 2970//2970 2953//2953 2971//2971
f 2953//2953 2952//2952 2971//2971
f 2971//2971 2952//2952 2972//2972
f 2973//2973 2974//2974 2975//2975
f 2974//2974 2976//2976 2975//2975
f 2977//2977 2973//2973 2978//2978
f 2973//2973 2975//2975 2978//2978
f 2976//2976 2979//2979 2975//2975
f 2979//2979 2978//2978 2975//2975
f 2979//2979 2980//2980 2978//2978
f 2980//2980 2977//2977 2978//2978
f 832//832 833//833 2973//2973
f 833//833 2974//2974 2973//2973
f 2981//2981 2967//2967 2980//2980
f 2967//2967 2966//2966 2980//2980
f 2966//2966 2965//2965 2980//2980
f 2965//2965 2969//2969 2980//2980
f 2980//2980 2969//2969 2970//2970
f 2970//2970 2971//2971 2980//2980
f 2971//2971 2972//2972 2980//2980
f 2980//2980 2972//2972 2977//2977
f 2982//2982 2958//2958 2981//2981
f 2958//2958 2959//2959 2981//2981
f 2981//2981 2959//2959 2960//2960
f 2960//2960 2961//2961 2981//2981
f 2961//2961 2962//2962 2981//2981
f 2981//2981 2962//2962 2963//2963
f 2963//2963 2964//2964 2981//2981
f 2964//2964 2968//2968 2981//2981
f 2981//2981 2968//2968 2967//2967
f 2876//2876 2875//2875 2983//2983
f 2875//2875 2880//2880 2983//2983
f 2983//2983 2880//2880 2873//2873
f 2873//2873 2872//2872 2983//2983
f 2872//2872 2886//2886 2983//2983
f 2983//2983 2886//2886 2885//2885
f 2885//2885 2884//2884 2983//2983
f 2884//2884 2883//2883 2983//2983
f 2983//2983 2883//2883 2984//2984
f 2985//2985 2986//2986 2987//2987
f 2986//2986 2988//2988 2987//2987
f 2989//2989 2985//2985 2990//2990
f 2985//2985 2987//2987 2990//2990
f 2988//2988 2991//2991 2987//2987
f 2991//2991 2990//2990 2987//2987
f 2991//2991 2992//2992 2990//2990
f 2992//2992 2989//2989 2990//2990
f 2985//2985 2887//2887 2986//2986
f 2887//2887 2889//2889 2986//2986
f 2986//2986 2889//2889 2893//2893
f 2876//2876 2983//2983 2878//2878
f 2983//2983 2986//2986 2878//2878
f 2893//2893 2892//2892 2986//2986
f 2892//2892 2891//2891 2986//2986
f 2986//2986 2891//2891 2878//2878
f 2989//2989 2992//2992 2993//2993
f 2992//2992 2994//2994 2993//2993
f 2993//2993 2994//2994 2995//2995
f 2994//2994 2996//2996 2995//2995
f 2997//2997 2998//2998 2999//2999
f 2997//2997 2999//2999 3000//3000
f 2999//2999 3001//3001 3000//3000
f 3000//3000 3001//3001 3002//3002
f 3001//3001 3003//3003 3002//3002
f 3002//3002 3003//3003 3004//3004
f 3003//3003 3005//3005 3004//3004
f 3004//3004 3005//3005 3006//3006
f 3005//3005 3007//3007 3006//3006
f 3006//3006 3007//3007 3008//3008
f 3007//3007 3009//3009 3008//3008
f 3008//3008 3009//3009 3010//3010
f 3009//3009 3011//3011 3010//3010
f 3010//3010 3011//3011 3012//3012
f 3011//3011 2995//2995 3012//3012
f 3012//3012 2995//2995 2996//2996
f 3013//3013 3014//3014 3015//3015
f 3014//3014 3016//3016 3015//3015
f 3017//3017 3013//3013 3018//3018
f 3013//3013 3015//3015 3018//3018
f 3016//3016 3019//3019 3015//3015
f 3019//3019 3018//3018 3015//3015
f 3019//3019 3020//3020 3018//3018
f 3020//3020 3017//3017 3018//3018
f 2604//2604 2605//2605 2606//2606
f 2605//2605 2607//2607 2606//2606
f 2610//2610 2613//2613 2704//2704
f 2613//2613 2705//2705 2704//2704
f 2998//2998 2997//2997 3013//3013
f 2997//2997 3014//3014 3013//3013
f 3017//3017 3020//3020 3021//3021
f 3020//3020 3022//3022 3021//3021
f 3021//3021 3022//3022 3023//3023
f 3022//3022 3024//3024 3023//3023
f 3025//3025 3026//3026 3027//3027
f 3026//3026 3028//3028 3027//3027
f 3027//3027 3028//3028 3029//3029
f 3028//3028 3030//3030 3029//3029
f 3029//3029 3030//3030 3031//3031
f 3030//3030 3032//3032 3031//3031
f 3031//3031 3032//3032 3033//3033
f 3032//3032 3034//3034 3033//3033
f 3033//3033 3034//3034 3035//3035
f 3034//3034 3036//3036 3035//3035
f 3035//3035 3036//3036 3037//3037
f 3036//3036 3038//3038 3037//3037
f 3037//3037 3038//3038 3039//3039
f 3038//3038 3040//3040 3039//3039
f 3039//3039 3040//3040 3041//3041
f 3040//3040 3042//3042 3041//3041
f 3041//3041 3042//3042 3043//3043
f 3042//3042 3044//3044 3043//3043
f 3043//3043 3044//3044 3045//3045
f 3044//3044 3046//3046 3045//3045
f 3045//3045 3046//3046 3047//3047
f 3046//3046 3048//3048 3047//3047
f 3047//3047 3048//3048 3049//3049
f 3048//3048 3050//3050 3049//3049
f 3049//3049 3050//3050 3051//3051
f 3050//3050 3052//3052 3051//3051
f 3051//3051 3052//3052 3053//3053
f 3052//3052 3054//3054 3053//3053
f 3053//3053 3054//3054 3055//3055
f 3054//3054 3056//3056 3055//3055
f 3055//3055 3056//3056 3057//3057
f 3056//3056 3058//3058 3057//3057
f 3057//3057 3058//3058 3059//3059
f 3058//3058 3060//3060 3059//3059
f 3059//3059 3060//3060 3061//3061
f 3060//3060 3062//3062 3061//3061
f 3023//3023 3024//3024 3063//3063
f 3024//3024 3064//3064 3063//3063
f 3063//3063 3064//3064 3065//3065
f 3064//3064 3066//3066 3065//3065
f 3065//3065 3066//3066 3067//3067
f 3066//3066 3068//3068 3067//3067
f 3067//3067 3068//3068 3069//3069
f 3068//3068 3070//3070 3069//3069
f 3069//3069 3070//3070 3062//3062
f 3070//3070 3071//3071 3062//3062
f 3062//3062 3071//3071 3061//3061
f 3026//3026 3025//3025 3072//3072
f 3025//3025 3073//3073 3072//3072
f 3072//3072 3073//3073 3074//3074
f 3073//3073 3075//3075 3074//3074
f 3074//3074 3075//3075 3076//3076
f 3075//3075 3077//3077 3076//3076
f 3078//3078 3079//3079 3080//3080
f 3078//3078 3080//3080 3081//3081
f 3080//3080 3082//3082 3081//3081
f 3081//3081 3082//3082 3083//3083
f 3082//3082 3084//3084 3083//3083
f 3083//3083 3084//3084 3085//3085
f 3084//3084 3086//3086 3085//3085
f 3085//3085 3086//3086 3087//3087
f 3086//3086 3088//3088 3087//3087
f 3087//3087 3088//3088 3089//3089
f 3088//3088 3090//3090 3089//3089
f 3089//3089 3090//3090 3091//3091
f 3090//3090 3092//3092 3091//3091
f 3091//3091 3092//3092 3093//3093
f 3092//3092 3076//3076 3093//3093
f 3093//3093 3076//3076 3077//3077
f 3094//3094 3095//3095 3096//3096
f 3095//3095 3097//3097 3096//3096
f 3096//3096 3097//3097 3098//3098
f 3099//3099 3097//3097 3100//3100
f 3097//3097 3095//3095 3100//3100
f 3094//3094 3101//3101 3095//3095
f 3101//3101 3100//3100 3095//3095
f 3102//3102 3099//3099 3103//3103
f 3099//3099 3100//3100 3103//3103
f 3103//3103 3100//3100 3101//3101
f 3104//3104 3105//3105 3106//3106
f 3105//3105 3107//3107 3106//3106
f 3108//3108 3104//3104 3109//3109
f 3104//3104 3106//3106 3109//3109
f 3107//3107 3110//3110 3106//3106
f 3110//3110 3109//3109 3106//3106
f 3110//3110 3111//3111 3109//3109
f 3111//3111 3108//3108 3109//3109
f 3112//3112 3113//3113 3114//3114
f 3113//3113 3115//3115 3114//3114
f 3116//3116 3112//3112 3117//3117
f 3112//3112 3114//3114 3117//3117
f 3115//3115 3118//3118 3114//3114
f 3118//3118 3117//3117 3114//3114
f 3118//3118 3119//3119 3117//3117
f 3119//3119 3116//3116 3117//3117
f 3120//3120 3121//3121 3122//3122
f 3121//3121 3123//3123 3122//3122
f 3124//3124 3120//3120 3125//3125
f 3120//3120 3122//3122 3125//3125
f 3123//3123 3126//3126 3122//3122
f 3126//3126 3125//3125 3122//3122
f 3126//3126 3127//3127 3125//3125
f 3127//3127 3124//3124 3125//3125
f 3128//3128 3129//3129 3130//3130
f 3129//3129 3131//3131 3130//3130
f 3132//3132 3128//3128 3133//3133
f 3128//3128 3130//3130 3133//3133
f 3131//3131 3134//3134 3130//3130
f 3134//3134 3133//3133 3130//3130
f 3134//3134 3135//3135 3133//3133
f 3135//3135 3132//3132 3133//3133
f 3136//3136 3137//3137 3138//3138
f 3137//3137 3139//3139 3138//3138
f 3140//3140 3136//3136 3141//3141
f 3136//3136 3138//3138 3141//3141
f 3139//3139 3142//3142 3138//3138
f 3142//3142 3141//3141 3138//3138
f 3142//3142 3143//3143 3141//3141
f 3143//3143 3140//3140 3141//3141
f 3144//3144 3145//3145 3146//3146
f 3145//3145 3147//3147 3146//3146
f 3148//3148 3144//3144 3149//3149
f 3144//3144 3146//3146 3149//3149
f 3147//3147 3150//3150 3146//3146
f 3150//3150 3149//3149 3146//3146
f 3150//3150 3151//3151 3149//3149
f 3151//3151 3148//3148 3149//3149
f 3152//3152 3153//3153 3154//3154
f 3153//3153 3155//3155 3154//3154
f 3156//3156 3152//3152 3157//3157
f 3152//3152 3154//3154 3157//3157
f 3155//3155 3158//3158 3154//3154
f 3158//3158 3157//3157 3154//3154
f 3158//3158 3159//3159 3157//3157
f 3159//3159 3156//3156 3157//3157
f 3160//3160 3161//3161 3162//3162
f 3161//3161 3163//3163 3162//3162
f 3164//3164 3160//3160 3165//3165
f 3160//3160 3162//3162 3165//3165
f 3163//3163 3166//3166 3162//3162
f 3166//3166 3165//3165 3162//3162
f 3166//3166 3167//3167 3165//3165
f 3167//3167 3164//3164 3165//3165
f 3168//3168 3169//3169 3170//3170
f 3169//3169 3171//3171 3170//3170
f 3170//3170 3171//3171 3172//3172
f 3161//3161 3160//3160 3173//3173
f 3160//3160 3174//3174 3173//3173
f 3173//3173 3174//3174 3175//3175
f 3164//3164 3167//3167 3171//3171
f 3167//3167 3172//3172 3171//3171
f 3176//3176 3177//3177 3178//3178
f 3177//3177 3175//3175 3178//3178
f 3178//3178 3175//3175 3174//3174
f 3179//3179 3180//3180 3152//3152
f 3180//3180 3153//3153 3152//3152
f 3156//3156 3159//3159 3176//3176
f 3159//3159 3177//3177 3176//3176
f 3181//3181 3182//3182 3179//3179
f 3182//3182 3180//3180 3179//3179
f 3183//3183 3184//3184 3185//3185
f 3183//3183 3185//3185 3186//3186
f 3185//3185 3187//3187 3186//3186
f 3186//3186 3187//3187 3188//3188
f 3187//3187 3189//3189 3188//3188
f 3188//3188 3189//3189 3190//3190
f 3189//3189 3191//3191 3190//3190
f 3190//3190 3191//3191 3192//3192
f 3191//3191 3193//3193 3192//3192
f 3192//3192 3193//3193 3194//3194
f 3193//3193 3195//3195 3194//3194
f 3194//3194 3195//3195 3196//3196
f 3195//3195 3197//3197 3196//3196
f 3196//3196 3197//3197 3198//3198
f 3197//3197 3182//3182 3198//3198
f 3198//3198 3182//3182 3181//3181
f 3199//3199 3200//3200 3144//3144
f 3200//3200 3145//3145 3144//3144
f 3148//3148 3151//3151 3183//3183
f 3151//3151 3184//3184 3183//3183
f 3200//3200 3199//3199 3201//3201
f 3200//3200 3201//3201 3202//3202
f 3201//3201 3203//3203 3202//3202
f 3202//3202 3203//3203 3204//3204
f 3203//3203 3205//3205 3204//3204
f 3204//3204 3205//3205 3206//3206
f 3205//3205 3207//3207 3206//3206
f 3206//3206 3207//3207 3208//3208
f 3207//3207 3209//3209 3208//3208
f 3208//3208 3209//3209 3210//3210
f 3209//3209 3211//3211 3210//3210
f 3210//3210 3211//3211 3212//3212
f 3211//3211 3213//3213 3212//3212
f 3212//3212 3213//3213 3214//3214
f 3213//3213 3215//3215 3214//3214
f 3214//3214 3215//3215 3216//3216
f 3217//3217 3218//3218 3215//3215
f 3218//3218 3216//3216 3215//3215
f 3136//3136 3219//3219 3220//3220
f 3220//3220 3221//3221 3136//3136
f 3221//3221 3222//3222 3136//3136
f 3136//3136 3222//3222 3137//3137
f 3140//3140 3143//3143 3217//3217
f 3143//3143 3218//3218 3217//3217
f 3220//3220 3219//3219 3223//3223
f 3219//3219 3224//3224 3223//3223
f 3223//3223 3224//3224 3225//3225
f 3224//3224 3226//3226 3225//3225
f 3225//3225 3226//3226 3227//3227
f 3228//3228 3229//3229 3128//3128
f 3229//3229 3129//3129 3128//3128
f 3132//3132 3135//3135 3226//3226
f 3135//3135 3227//3227 3226//3226
f 3230//3230 3231//3231 3228//3228
f 3231//3231 3229//3229 3228//3228
f 3232//3232 3233//3233 3234//3234
f 3232//3232 3234//3234 3235//3235
f 3234//3234 3236//3236 3235//3235
f 3235//3235 3236//3236 3237//3237
f 3236//3236 3238//3238 3237//3237
f 3237//3237 3238//3238 3239//3239
f 3238//3238 3240//3240 3239//3239
f 3239//3239 3240//3240 3241//3241
f 3240//3240 3242//3242 3241//3241
f 3241//3241 3242//3242 3243//3243
f 3242//3242 3244//3244 3243//3243
f 3243//3243 3244//3244 3245//3245
f 3244//3244 3246//3246 3245//3245
f 3245//3245 3246//3246 3247//3247
f 3246//3246 3231//3231 3247//3247
f 3247//3247 3231//3231 3230//3230
f 3248//3248 3249//3249 3120//3120
f 3249//3249 3121//3121 3120//3120
f 3124//3124 3127//3127 3232//3232
f 3127//3127 3233//3233 3232//3232
f 3249//3249 3248//3248 3250//3250
f 3249//3249 3250//3250 3251//3251
f 3250//3250 3252//3252 3251//3251
f 3251//3251 3252//3252 3253//3253
f 3252//3252 3254//3254 3253//3253
f 3253//3253 3254//3254 3255//3255
f 3254//3254 3256//3256 3255//3255
f 3255//3255 3256//3256 3257//3257
f 3256//3256 3258//3258 3257//3257
f 3257//3257 3258//3258 3259//3259
f 3258//3258 3260//3260 3259//3259
f 3259//3259 3260//3260 3261//3261
f 3260//3260 3262//3262 3261//3261
f 3261//3261 3262//3262 3263//3263
f 3262//3262 3264//3264 3263//3263
f 3263//3263 3264//3264 3265//3265
f 3266//3266 3267//3267 3264//3264
f 3267//3267 3265//3265 3264//3264
f 3268//3268 3269//3269 3112//3112
f 3269//3269 3113//3113 3112//3112
f 3116//3116 3119//3119 3266//3266
f 3119//3119 3267//3267 3266//3266
f 3270//3270 3271//3271 3272//3272
f 3271//3271 3273//3273 3272//3272
f 3272//3272 3273//3273 3268//3268
f 3273//3273 3269//3269 3268//3268
f 3274//3274 3275//3275 3104//3104
f 3275//3275 3105//3105 3104//3104
f 3108//3108 3111//3111 3270//3270
f 3111//3111 3271//3271 3270//3270
f 3275//3275 3274//3274 3276//3276
f 3274//3274 3277//3277 3276//3276
f 3276//3276 3277//3277 3278//3278
f 3279//3279 3280//3280 2436//2436
f 3280//3280 2437//2437 2436//2436
f 2509//2509 2508//2508 3281//3281
f 2508//2508 3282//3282 3281//3281
f 3169//3169 3168//3168 3283//3283
f 3168//3168 2528//2528 3283//3283
f 3283//3283 2528//2528 2527//2527
f 2529//2529 2532//2532 2534//2534
f 2532//2532 2535//2535 2534//2534
f 3079//3079 3078//3078 3097//3097
f 3078//3078 3098//3098 3097//3097
f 3099//3099 3102//3102 3284//3284
f 3102//3102 3285//3285 3284//3284
f 3284//3284 3285//3285 3277//3277
f 3285//3285 3278//3278 3277//3277
f 3280//3280 3279//3279 3286//3286
f 3279//3279 3287//3287 3286//3286
f 3286//3286 3287//3287 3288//3288
f 3289//3289 3288//3288 3290//3290
f 3288//3288 3287//3287 3290//3290
f 3279//3279 3281//3281 3287//3287
f 3281//3281 3290//3290 3287//3287
f 3289//3289 3290//3290 3291//3291
f 3290//3290 3281//3281 3291//3291
f 3291//3291 3281//3281 3282//3282
f 2645//2645 2643//2643 2925//2925
f 2931//2931 2632//2632 2631//2631
f 2925//2925 2927//2927 2645//2645
f 2927//2927 2641//2641 2645//2645
f 2645//2645 2641//2641 2640//2640
f 2406//2406 2408//2408 2631//2631
f 2408//2408 2410//2410 2631//2631
f 2631//2631 2410//2410 2931//2931
f 2923//2923 2649//2649 2628//2628
f 2649//2649 2648//2648 2628//2628
f 3292//3292 2616//2616 3293//3293
f 2616//2616 2624//2624 3293//3293
f 2370//2370 2372//2372 2636//2636
f 2394//2394 2396//2396 2648//2648
f 2626//2626 2616//2616 2628//2628
f 2616//2616 3292//3292 2628//2628
f 2628//2628 3292//3292 2923//2923
f 3292//3292 3294//3294 2923//2923
f 2923//2923 3294//3294 2922//2922
f 2410//2410 2364//2364 2931//2931
f 2364//2364 2366//2366 2931//2931
f 2931//2931 2366//2366 2368//2368
f 2396//2396 2398//2398 2648//2648
f 2398//2398 2400//2400 2648//2648
f 2648//2648 2400//2400 2628//2628
f 2400//2400 2402//2402 2628//2628
f 2628//2628 2402//2402 2631//2631
f 2402//2402 2404//2404 2631//2631
f 2631//2631 2404//2404 2406//2406
f 2634//2634 2929//2929 2636//2636
f 2929//2929 2931//2931 2636//2636
f 2636//2636 2931//2931 2370//2370
f 2931//2931 2368//2368 2370//2370
f 2372//2372 2374//2374 2636//2636
f 2374//2374 2376//2376 2636//2636
f 2636//2636 2376//2376 2640//2640
f 2376//2376 2378//2378 2640//2640
f 2640//2640 2378//2378 2380//2380
f 2380//2380 2382//2382 2640//2640
f 2382//2382 2384//2384 2640//2640
f 2640//2640 2384//2384 2645//2645
f 2384//2384 2386//2386 2645//2645
f 2386//2386 2388//2388 2645//2645
f 2388//2388 2390//2390 2645//2645
f 2645//2645 2390//2390 2648//2648
f 2390//2390 2392//2392 2648//2648
f 2648//2648 2392//2392 2394//2394
f 3295//3295 3296//3296 3297//3297
f 750//750 767//767 772//772
f 775//775 777//777 3295//3295
f 785//785 787//787 3295//3295
f 722//722 724//724 3298//3298
f 682//682 3299//3299 680//680
f 626//626 536//536 534//534
f 640//640 480//480 471//471
f 645//645 647//647 3300//3300
f 427//427 424//424 3301//3301
f 838//838 840//840 3297//3297
f 3302//3302 3303//3303 342//342
f 339//339 337//337 344//344
f 337//337 838//838 344//344
f 344//344 838//838 360//360
f 838//838 3297//3297 360//360
f 360//360 3297//3297 358//358
f 3297//3297 356//356 358//358
f 3304//3304 376//376 364//364
f 812//812 814//814 3296//3296
f 814//814 366//366 3296//3296
f 366//366 345//345 3296//3296
f 3296//3296 345//345 348//348
f 348//348 350//350 3296//3296
f 350//350 352//352 3296//3296
f 3296//3296 352//352 3297//3297
f 352//352 354//354 3297//3297
f 3297//3297 354//354 356//356
f 415//415 417//417 3305//3305
f 417//417 419//419 3305//3305
f 3305//3305 419//419 421//421
f 2274//2274 2273//2273 3306//3306
f 2273//2273 2272//2272 3306//3306
f 2275//2275 387//387 2276//2276
f 387//387 2277//2277 2276//2276
f 2277//2277 387//387 2278//2278
f 387//387 389//389 2278//2278
f 2278//2278 389//389 2279//2279
f 389//389 391//391 2279//2279
f 2279//2279 391//391 2280//2280
f 391//391 393//393 2280//2280
f 2280//2280 393//393 2281//2281
f 393//393 395//395 2281//2281
f 2281//2281 395//395 2282//2282
f 395//395 397//397 2282//2282
f 2282//2282 397//397 2283//2283
f 397//397 399//399 2283//2283
f 2283//2283 399//399 2284//2284
f 399//399 401//401 2284//2284
f 2284//2284 401//401 2285//2285
f 401//401 403//403 2285//2285
f 2285//2285 403//403 2286//2286
f 403//403 405//405 2286//2286
f 2286//2286 405//405 2287//2287
f 405//405 407//407 2287//2287
f 2287//2287 407//407 2288//2288
f 407//407 409//409 2288//2288
f 2288//2288 409//409 3307//3307
f 409//409 411//411 3307//3307
f 3307//3307 411//411 3305//3305
f 411//411 413//413 3305//3305
f 3305//3305 413//413 415//415
f 379//379 381//381 3306//3306
f 381//381 383//383 3306//3306
f 2275//2275 2274//2274 387//387
f 2274//2274 3306//3306 387//387
f 387//387 3306//3306 385//385
f 3306//3306 383//383 385//385
f 364//364 3301//3301 3304//3304
f 3301//3301 424//424 3304//3304
f 3304//3304 424//424 3306//3306
f 424//424 377//377 3306//3306
f 3306//3306 377//377 379//379
f 647//647 452//452 430//430
f 435//435 437//437 3300//3300
f 647//647 430//430 3300//3300
f 430//430 433//433 3300//3300
f 3300//3300 433//433 435//435
f 437//437 439//439 3300//3300
f 439//439 441//441 3300//3300
f 3300//3300 441//441 443//443
f 425//425 427//427 429//429
f 427//427 445//445 429//429
f 642//642 644//644 473//473
f 473//473 644//644 3308//3308
f 473//473 474//474 642//642
f 474//474 449//449 642//642
f 642//642 449//449 447//447
f 478//478 476//476 482//482
f 476//476 638//638 482//482
f 1879//1879 1880//1880 638//638
f 1880//1880 1881//1881 638//638
f 1860//1860 482//482 1883//1883
f 482//482 638//638 1883//1883
f 1883//1883 638//638 1882//1882
f 638//638 1881//1881 1882//1882
f 1868//1868 1869//1869 3308//3308
f 1869//1869 1870//1870 3308//3308
f 1860//1860 1861//1861 482//482
f 1861//1861 1862//1862 482//482
f 482//482 1862//1862 490//490
f 1862//1862 1863//1863 490//490
f 490//490 1863//1863 1864//1864
f 1870//1870 1871//1871 3308//3308
f 1871//1871 1872//1872 3308//3308
f 3308//3308 1872//1872 473//473
f 1872//1872 1873//1873 473//473
f 473//473 1873//1873 1874//1874
f 1874//1874 1875//1875 473//473
f 1875//1875 1876//1876 473//473
f 473//473 1876//1876 1877//1877
f 1864//1864 1865//1865 490//490
f 1865//1865 1866//1866 490//490
f 490//490 1866//1866 3308//3308
f 1866//1866 1867//1867 3308//3308
f 3308//3308 1867//1867 1868//1868
f 471//471 473//473 640//640
f 473//473 1877//1877 640//640
f 640//640 1877//1877 638//638
f 1877//1877 1878//1878 638//638
f 638//638 1878//1878 1879//1879
f 512//512 510//510 630//630
f 527//527 525//525 3309//3309
f 525//525 523//523 3309//3309
f 3309//3309 523//523 521//521
f 521//521 519//519 3309//3309
f 519//519 517//517 3309//3309
f 3309//3309 517//517 515//515
f 515//515 512//512 3309//3309
f 512//512 630//630 3309//3309
f 3309//3309 630//630 3310//3310
f 630//630 632//632 3310//3310
f 3310//3310 632//632 514//514
f 538//538 532//532 628//628
f 532//532 529//529 628//628
f 514//514 493//493 3310//3310
f 493//493 496//496 3310//3310
f 3310//3310 496//496 498//498
f 498//498 500//500 3310//3310
f 500//500 502//502 3310//3310
f 3310//3310 502//502 504//504
f 504//504 506//506 3310//3310
f 506//506 634//634 3310//3310
f 3310//3310 634//634 3308//3308
f 634//634 636//636 3308//3308
f 3308//3308 636//636 490//490
f 636//636 488//488 490//490
f 487//487 485//485 492//492
f 485//485 634//634 492//492
f 492//492 634//634 508//508
f 634//634 506//506 508//508
f 543//543 536//536 3311//3311
f 536//536 626//626 3311//3311
f 3311//3311 626//626 3309//3309
f 626//626 628//628 3309//3309
f 3309//3309 628//628 527//527
f 628//628 529//529 527//527
f 3312//3312 622//622 624//624
f 549//549 540//540 624//624
f 540//540 542//542 624//624
f 624//624 542//542 3312//3312
f 616//616 586//586 584//584
f 597//597 591//591 616//616
f 591//591 588//588 616//616
f 616//616 588//588 586//586
f 576//576 574//574 3313//3313
f 574//574 571//571 3313//3313
f 582//582 580//580 3313//3313
f 580//580 578//578 3313//3313
f 3313//3313 578//578 576//576
f 573//573 3312//3312 620//620
f 3312//3312 3313//3313 620//620
f 620//620 3313//3313 618//618
f 3313//3313 571//571 618//618
f 618//618 571//571 569//569
f 573//573 552//552 3312//3312
f 552//552 555//555 3312//3312
f 3312//3312 555//555 557//557
f 557//557 559//559 3312//3312
f 559//559 561//561 3312//3312
f 3312//3312 561//561 563//563
f 547//547 545//545 551//551
f 545//545 622//622 551//551
f 551//551 622//622 567//567
f 622//622 3312//3312 567//567
f 567//567 3312//3312 565//565
f 3312//3312 563//563 565//565
f 1930//1930 1931//1931 599//599
f 1925//1925 616//616 3313//3313
f 616//616 584//584 3313//3313
f 3313//3313 584//584 582//582
f 1929//1929 1930//1930 614//614
f 1930//1930 599//599 614//614
f 614//614 599//599 593//593
f 599//599 595//595 593//593
f 1931//1931 1908//1908 599//599
f 1908//1908 1909//1909 599//599
f 599//599 1909//1909 1910//1910
f 1918//1918 1919//1919 3314//3314
f 1919//1919 1920//1920 3314//3314
f 3314//3314 1920//1920 3313//3313
f 1920//1920 1921//1921 3313//3313
f 3313//3313 1921//1921 1922//1922
f 1922//1922 1923//1923 3313//3313
f 1923//1923 1924//1924 3313//3313
f 3313//3313 1924//1924 1925//1925
f 1925//1925 1926//1926 616//616
f 1926//1926 1927//1927 616//616
f 616//616 1927//1927 614//614
f 1927//1927 1928//1928 614//614
f 614//614 1928//1928 1929//1929
f 605//605 603//603 610//610
f 1915//1915 1916//1916 3314//3314
f 1916//1916 1917//1917 3314//3314
f 3314//3314 1917//1917 1918//1918
f 605//605 610//610 608//608
f 607//607 601//601 612//612
f 601//601 599//599 612//612
f 1910//1910 1911//1911 599//599
f 1911//1911 1912//1912 599//599
f 599//599 1912//1912 612//612
f 1912//1912 1913//1913 612//612
f 612//612 1913//1913 610//610
f 1913//1913 1914//1914 610//610
f 1914//1914 1915//1915 610//610
f 1915//1915 3314//3314 610//610
f 610//610 3314//3314 608//608
f 3314//3314 3315//3315 608//608
f 608//608 3315//3315 609//609
f 721//721 457//457 3315//3315
f 457//457 459//459 3315//3315
f 3315//3315 459//459 609//609
f 459//459 461//461 609//609
f 721//721 3315//3315 719//719
f 3315//3315 3314//3314 719//719
f 719//719 3314//3314 718//718
f 3314//3314 3313//3313 718//718
f 718//718 3313//3313 716//716
f 650//650 648//648 3316//3316
f 648//648 456//456 3316//3316
f 3316//3316 658//658 656//656
f 667//667 665//665 3317//3317
f 665//665 662//662 3317//3317
f 3317//3317 662//662 3316//3316
f 662//662 660//660 3316//3316
f 3316//3316 660//660 658//658
f 656//656 654//654 3316//3316
f 654//654 652//652 3316//3316
f 3316//3316 652//652 650//650
f 3318//3318 669//669 3319//3319
f 669//669 667//667 3319//3319
f 704//704 706//706 3318//3318
f 706//706 708//708 3318//3318
f 3318//3318 708//708 710//710
f 710//710 712//712 3318//3318
f 712//712 714//714 3318//3318
f 3318//3318 714//714 669//669
f 702//702 3320//3320 700//700
f 3320//3320 698//698 700//700
f 692//692 694//694 3320//3320
f 694//694 696//696 3320//3320
f 3320//3320 696//696 698//698
f 2264//2264 2263//2263 690//690
f 690//690 2263//2263 688//688
f 2263//2263 2262//2262 688//688
f 688//688 2262//2262 686//686
f 2262//2262 2261//2261 686//686
f 686//686 2261//2261 684//684
f 2261//2261 2260//2260 684//684
f 684//684 2260//2260 682//682
f 672//672 674//674 670//670
f 674//674 676//676 670//670
f 670//670 676//676 678//678
f 370//370 368//368 834//834
f 818//818 816//816 3321//3321
f 374//374 372//372 3317//3317
f 667//667 3317//3317 3319//3319
f 3317//3317 372//372 3319//3319
f 3319//3319 372//372 670//670
f 816//816 370//370 3321//3321
f 370//370 834//834 3321//3321
f 3321//3321 834//834 3317//3317
f 834//834 836//836 3317//3317
f 3317//3317 836//836 374//374
f 826//826 824//824 3322//3322
f 824//824 822//822 3322//3322
f 3322//3322 822//822 3321//3321
f 822//822 820//820 3321//3321
f 3321//3321 820//820 818//818
f 833//833 830//830 3322//3322
f 830//830 828//828 3322//3322
f 3322//3322 828//828 826//826
f 2974//2974 833//833 2976//2976
f 833//833 3322//3322 2976//2976
f 2976//2976 3322//3322 2979//2979
f 3322//3322 3323//3323 2979//2979
f 2979//2979 3323//3323 2980//2980
f 3323//3323 2981//2981 2980//2980
f 2982//2982 2981//2981 3324//3324
f 2981//2981 3323//3323 3324//3324
f 3324//3324 3323//3323 3325//3325
f 3323//3323 3302//3302 3325//3325
f 3325//3325 3302//3302 3326//3326
f 3302//3302 342//342 3326//3326
f 3326//3326 342//342 842//842
f 802//802 800//800 3327//3327
f 800//800 798//798 3327//3327
f 3327//3327 798//798 470//470
f 3295//3295 787//787 3296//3296
f 787//787 789//789 3296//3296
f 3296//3296 789//789 791//791
f 810//810 808//808 3328//3328
f 808//808 806//806 3328//3328
f 3328//3328 806//806 3327//3327
f 806//806 804//804 3327//3327
f 3327//3327 804//804 802//802
f 779//779 781//781 3295//3295
f 781//781 783//783 3295//3295
f 3295//3295 783//783 785//785
f 779//779 3295//3295 769//769
f 3295//3295 777//777 769//769
f 769//769 777//777 771//771
f 774//774 775//775 2418//2418
f 753//753 751//751 3321//3321
f 751//751 750//750 3321//3321
f 750//750 772//772 3321//3321
f 3321//3321 772//772 3322//3322
f 772//772 774//774 3322//3322
f 3322//3322 774//774 2419//2419
f 774//774 2418//2418 2419//2419
f 3298//3298 2052//2052 3316//3316
f 2052//2052 2054//2054 3316//3316
f 2092//2092 2094//2094 3298//3298
f 2054//2054 2056//2056 3316//3316
f 2056//2056 2058//2058 3316//3316
f 3316//3316 2058//2058 2060//2060
f 2068//2068 2070//2070 3317//3317
f 2070//2070 2072//2072 3317//3317
f 759//759 757//757 3321//3321
f 757//757 755//755 3321//3321
f 3321//3321 755//755 753//753
f 2094//2094 2096//2096 3298//3298
f 2096//2096 2098//2098 3298//3298
f 3298//3298 2098//2098 2052//2052
f 2088//2088 2090//2090 742//742
f 2060//2060 2062//2062 3316//3316
f 2062//2062 2064//2064 3316//3316
f 3316//3316 2064//2064 3317//3317
f 2064//2064 2066//2066 3317//3317
f 3317//3317 2066//2066 2068//2068
f 2072//2072 2074//2074 3317//3317
f 2074//2074 2076//2076 3317//3317
f 3317//3317 2076//2076 3321//3321
f 2076//2076 2078//2078 3321//3321
f 3321//3321 2078//2078 2080//2080
f 761//761 759//759 2084//2084
f 759//759 3321//3321 2084//2084
f 2084//2084 3321//3321 2082//2082
f 3321//3321 2080//2080 2082//2082
f 2086//2086 765//765 2084//2084
f 765//765 763//763 2084//2084
f 2084//2084 763//763 761//761
f 742//742 2090//2090 741//741
f 2090//2090 2092//2092 741//741
f 741//741 2092//2092 739//739
f 746//746 748//748 744//744
f 748//748 765//765 744//744
f 744//744 765//765 742//742
f 765//765 2086//2086 742//742
f 742//742 2086//2086 2088//2088
f 3298//3298 729//729 731//731
f 729//729 3298//3298 464//464
f 3298//3298 724//724 464//464
f 464//464 724//724 466//466
f 731//731 733//733 3298//3298
f 733//733 735//735 3298//3298
f 3298//3298 735//735 2092//2092
f 735//735 737//737 2092//2092
f 2092//2092 737//737 739//739
f 2419//2419 2420//2420 3322//3322
f 2420//2420 2421//2421 3322//3322
f 3322//3322 2421//2421 2422//2422
f 2425//2425 3323//3323 2424//2424
f 3323//3323 3322//3322 2424//2424
f 2424//2424 3322//3322 2423//2423
f 3322//3322 2422//2422 2423//2423
f 2434//2434 3302//3302 2433//2433
f 3302//3302 2432//2432 2433//2433
f 2425//2425 2426//2426 3323//3323
f 2426//2426 2427//2427 3323//3323
f 3323//3323 2427//2427 2428//2428
f 2434//2434 2435//2435 3302//3302
f 2435//2435 2412//2412 3302//3302
f 3302//3302 2412//2412 3329//3329
f 2412//2412 2413//2413 3329//3329
f 3329//3329 2413//2413 2414//2414
f 2414//2414 2415//2415 3329//3329
f 2415//2415 2416//2416 3329//3329
f 3329//3329 2416//2416 775//775
f 2416//2416 2417//2417 775//775
f 775//775 2417//2417 2418//2418
f 2428//2428 2429//2429 3323//3323
f 2429//2429 2430//2430 3323//3323
f 3323//3323 2430//2430 3302//3302
f 2430//2430 2431//2431 3302//3302
f 3302//3302 2431//2431 2432//2432
f 421//421 376//376 3305//3305
f 376//376 3304//3304 3305//3305
f 3305//3305 3304//3304 2268//2268
f 2272//2272 2271//2271 3306//3306
f 2271//2271 2270//2270 3306//3306
f 3306//3306 2270//2270 3304//3304
f 2270//2270 2269//2269 3304//3304
f 3304//3304 2269//2269 2268//2268
f 2268//2268 2291//2291 3305//3305
f 2291//2291 2290//2290 3305//3305
f 3305//3305 2290//2290 3307//3307
f 2290//2290 2289//2289 3307//3307
f 3307//3307 2289//2289 2288//2288
f 2257//2257 2256//2256 3299//3299
f 2257//2257 3299//3299 2258//2258
f 682//682 2260//2260 3299//3299
f 2260//2260 2259//2259 3299//3299
f 3299//3299 2259//2259 2258//2258
f 2266//2266 3320//3320 2267//2267
f 3320//3320 2244//2244 2267//2267
f 690//690 692//692 2264//2264
f 692//692 3320//3320 2264//2264
f 2264//2264 3320//3320 2265//2265
f 3320//3320 2266//2266 2265//2265
f 678//678 680//680 670//670
f 680//680 3299//3299 670//670
f 670//670 3299//3299 3319//3319
f 3299//3299 2256//2256 3319//3319
f 3319//3319 2256//2256 2255//2255
f 702//702 704//704 3320//3320
f 704//704 3318//3318 3320//3320
f 3320//3320 3318//3318 2244//2244
f 3318//3318 2245//2245 2244//2244
f 2255//2255 2254//2254 3319//3319
f 2254//2254 2253//2253 3319//3319
f 3319//3319 2253//2253 2252//2252
f 2248//2248 2247//2247 3318//3318
f 2247//2247 2246//2246 3318//3318
f 3318//3318 2246//2246 2245//2245
f 2252//2252 2251//2251 3319//3319
f 2251//2251 2250//2250 3319//3319
f 3319//3319 2250//2250 3318//3318
f 2250//2250 2249//2249 3318//3318
f 3318//3318 2249//2249 2248//2248
f 2008//2008 2010//2010 3328//3328
f 3296//3296 2018//2018 2020//2020
f 2048//2048 2050//2050 3330//3330
f 2050//2050 2004//2004 3330//3330
f 3330//3330 2004//2004 3328//3328
f 2004//2004 2006//2006 3328//3328
f 3328//3328 2006//2006 2008//2008
f 2010//2010 2012//2012 3328//3328
f 2012//2012 2014//2014 3328//3328
f 3328//3328 2014//2014 2016//2016
f 2040//2040 2042//2042 3330//3330
f 795//795 797//797 793//793
f 797//797 810//810 793//793
f 793//793 810//810 791//791
f 810//810 3328//3328 791//791
f 791//791 3328//3328 3296//3296
f 3328//3328 2016//2016 3296//3296
f 3296//3296 2016//2016 2018//2018
f 2042//2042 2044//2044 3330//3330
f 2044//2044 2046//2046 3330//3330
f 3330//3330 2046//2046 2048//2048
f 2020//2020 2022//2022 3296//3296
f 2022//2022 2024//2024 3296//3296
f 3296//3296 2024//2024 2026//2026
f 2028//2028 2030//2030 3301//3301
f 2030//2030 2032//2032 3301//3301
f 443//443 445//445 3300//3300
f 445//445 427//427 3300//3300
f 3300//3300 427//427 3330//3330
f 427//427 3301//3301 3330//3330
f 3330//3330 3301//3301 2040//2040
f 3301//3301 2038//2038 2040//2040
f 2026//2026 2028//2028 3296//3296
f 2028//2028 3301//3301 3296//3296
f 3296//3296 3301//3301 812//812
f 3301//3301 364//364 812//812
f 812//812 364//364 362//362
f 2032//2032 2034//2034 3301//3301
f 2034//2034 2036//2036 3301//3301
f 3301//3301 2036//2036 2038//2038
f 644//644 645//645 3308//3308
f 645//645 3300//3300 3308//3308
f 3308//3308 3300//3300 3310//3310
f 3300//3300 3330//3330 3310//3310
f 3310//3310 3330//3330 3309//3309
f 3330//3330 3328//3328 3309//3309
f 3309//3309 3328//3328 3311//3311
f 3328//3328 3327//3327 3311//3311
f 3311//3311 3327//3327 727//727
f 3327//3327 470//470 727//727
f 727//727 470//470 468//468
f 775//775 3295//3295 3329//3329
f 3295//3295 3297//3297 3329//3329
f 3329//3329 3297//3297 3302//3302
f 3297//3297 840//840 3302//3302
f 3302//3302 840//840 3303//3303
f 840//840 341//341 3303//3303
f 3303//3303 341//341 342//342
f 1885//1885 542//542 1884//1884
f 542//542 543//543 1884//1884
f 1884//1884 543//543 1907//1907
f 1896//1896 1897//1897 3311//3311
f 1885//1885 1886//1886 542//542
f 1886//1886 1887//1887 542//542
f 542//542 1887//1887 1888//1888
f 1888//1888 1889//1889 542//542
f 1889//1889 1890//1890 542//542
f 542//542 1890//1890 3312//3312
f 1890//1890 1891//1891 3312//3312
f 3312//3312 1891//1891 1892//1892
f 1892//1892 1893//1893 3312//3312
f 1893//1893 1894//1894 3312//3312
f 3312//3312 1894//1894 1895//1895
f 727//727 726//726 3311//3311
f 726//726 3312//3312 3311//3311
f 3311//3311 3312//3312 1896//1896
f 3312//3312 1895//1895 1896//1896
f 1897//1897 1898//1898 3311//3311
f 1898//1898 1899//1899 3311//3311
f 3311//3311 1899//1899 1900//1900
f 1900//1900 1901//1901 3311//3311
f 1901//1901 1902//1902 3311//3311
f 3311//3311 1902//1902 543//543
f 1902//1902 1903//1903 543//543
f 543//543 1903//1903 1904//1904
f 1904//1904 1905//1905 543//543
f 1905//1905 1906//1906 543//543
f 543//543 1906//1906 1907//1907
f 726//726 722//722 3312//3312
f 722//722 3298//3298 3312//3312
f 3312//3312 3298//3298 3313//3313
f 3298//3298 3316//3316 3313//3313
f 3313//3313 3316//3316 716//716
f 3316//3316 456//456 716//716
f 716//716 456//456 454//454
f 2822//2822 2820//2820 2818//2818
f 2805//2805 2803//2803 2801//2801
f 2816//2816 2814//2814 2818//2818
f 2814//2814 2813//2813 2818//2818
f 2801//2801 2800//2800 2805//2805
f 2800//2800 2809//2809 2805//2805
f 2805//2805 2809//2809 2807//2807
f 2827//2827 2826//2826 2797//2797
f 2826//2826 2825//2825 2797//2797
f 3331//3331 2792//2792 3332//3332
f 2792//2792 2793//2793 3332//3332
f 2795//2795 2792//2792 2797//2797
f 2792//2792 3331//3331 2797//2797
f 2797//2797 3331//3331 2827//2827
f 3331//3331 3333//3333 2827//2827
f 2827//2827 3333//3333 2835//2835
f 2825//2825 2322//2322 2324//2324
f 2306//2306 2813//2813 2304//2304
f 2813//2813 2809//2809 2304//2304
f 2304//2304 2809//2809 2302//2302
f 2809//2809 2300//2300 2302//2302
f 2324//2324 2326//2326 2825//2825
f 2326//2326 2328//2328 2825//2825
f 2825//2825 2328//2328 2797//2797
f 2328//2328 2330//2330 2797//2797
f 2797//2797 2330//2330 2332//2332
f 2332//2332 2334//2334 2797//2797
f 2334//2334 2336//2336 2797//2797
f 2797//2797 2336//2336 2800//2800
f 2336//2336 2338//2338 2800//2800
f 2800//2800 2338//2338 2292//2292
f 2292//2292 2294//2294 2800//2800
f 2294//2294 2296//2296 2800//2800
f 2800//2800 2296//2296 2809//2809
f 2296//2296 2298//2298 2809//2809
f 2809//2809 2298//2298 2300//2300
f 2312//2312 2818//2818 2310//2310
f 2818//2818 2813//2813 2310//2310
f 2310//2310 2813//2813 2308//2308
f 2813//2813 2306//2306 2308//2308
f 2312//2312 2314//2314 2818//2818
f 2314//2314 2316//2316 2818//2818
f 2818//2818 2316//2316 2822//2822
f 2316//2316 2318//2318 2822//2822
f 2822//2822 2318//2318 2825//2825
f 2318//2318 2320//2320 2825//2825
f 2825//2825 2320//2320 2322//2322
f 3334//3334 3335//3335 3336//3336
f 2146//2146 2100//2100 3337//3337
f 2517//2517 2519//2519 3338//3338
f 2730//2730 2732//2732 2731//2731
f 3158//3158 3155//3155 3339//3339
f 3094//3094 3096//3096 3340//3340
f 3037//3037 3341//3341 3035//3035
f 3043//3043 3045//3045 3047//3047
f 2983//2983 2984//2984 3342//3342
f 2988//2988 2986//2986 2983//2983
f 3008//3008 3010//3010 3343//3343
f 3010//3010 3012//3012 3343//3343
f 3343//3343 3012//3012 2996//2996
f 2994//2994 2992//2992 2991//2991
f 2983//2983 3342//3342 2988//2988
f 3342//3342 3343//3343 2988//2988
f 2988//2988 3343//3343 2991//2991
f 3343//3343 2996//2996 2991//2991
f 2991//2991 2996//2996 2994//2994
f 3022//3022 3020//3020 3019//3019
f 3024//3024 3022//3022 3344//3344
f 3022//3022 3334//3334 3344//3344
f 2997//2997 3000//3000 3335//3335
f 3000//3000 3002//3002 3335//3335
f 3002//3002 3004//3004 3335//3335
f 3335//3335 3004//3004 3343//3343
f 3004//3004 3006//3006 3343//3343
f 3343//3343 3006//3006 3008//3008
f 3022//3022 3019//3019 3334//3334
f 3019//3019 3016//3016 3334//3334
f 3334//3334 3016//3016 3335//3335
f 3016//3016 3014//3014 3335//3335
f 3335//3335 3014//3014 2997//2997
f 3066//3066 3071//3071 3068//3068
f 3071//3071 3070//3070 3068//3068
f 2212//2212 2211//2211 3344//3344
f 2211//2211 2210//2210 3344//3344
f 3344//3344 2210//2210 2209//2209
f 3066//3066 3064//3064 3071//3071
f 3064//3064 3024//3024 3071//3071
f 3071//3071 3024//3024 3061//3061
f 3024//3024 3344//3344 3061//3061
f 3061//3061 3344//3344 2208//2208
f 3344//3344 2209//2209 2208//2208
f 2219//2219 3341//3341 2196//2196
f 3341//3341 3047//3047 2196//2196
f 2196//2196 3047//3047 2197//2197
f 3047//3047 2198//2198 2197//2197
f 2208//2208 2207//2207 3061//3061
f 2207//2207 2206//2206 3061//3061
f 3061//3061 2206//2206 3059//3059
f 2206//2206 2205//2205 3059//3059
f 3059//3059 2205//2205 3057//3057
f 2205//2205 2204//2204 3057//3057
f 3057//3057 2204//2204 3055//3055
f 2204//2204 2203//2203 3055//3055
f 3055//3055 2203//2203 3053//3053
f 2203//2203 2202//2202 3053//3053
f 3053//3053 2202//2202 3051//3051
f 2202//2202 2201//2201 3051//3051
f 3051//3051 2201//2201 3049//3049
f 2201//2201 2200//2200 3049//3049
f 3049//3049 2200//2200 3047//3047
f 2200//2200 2199//2199 3047//3047
f 3047//3047 2199//2199 2198//2198
f 2219//2219 2218//2218 3341//3341
f 2218//2218 2217//2217 3341//3341
f 3341//3341 2217//2217 2216//2216
f 2216//2216 2215//2215 3341//3341
f 2215//2215 2214//2214 3341//3341
f 3341//3341 2214//2214 3344//3344
f 2214//2214 2213//2213 3344//3344
f 3344//3344 2213//2213 2212//2212
f 3043//3043 3047//3047 3041//3041
f 3341//3341 3037//3037 3047//3047
f 3037//3037 3039//3039 3047//3047
f 3047//3047 3039//3039 3041//3041
f 3029//3029 3031//3031 3341//3341
f 3031//3031 3033//3033 3341//3341
f 3341//3341 3033//3033 3035//3035
f 3340//3340 3081//3081 3083//3083
f 3083//3083 3085//3085 3340//3340
f 3085//3085 3087//3087 3340//3340
f 3340//3340 3087//3087 3089//3089
f 3075//3075 3073//3073 3077//3077
f 3073//3073 3345//3345 3077//3077
f 3077//3077 3345//3345 3093//3093
f 3345//3345 3340//3340 3093//3093
f 3093//3093 3340//3340 3091//3091
f 3340//3340 3089//3089 3091//3091
f 3081//3081 3340//3340 3078//3078
f 3340//3340 3096//3096 3078//3078
f 3078//3078 3096//3096 3098//3098
f 3103//3103 3101//3101 1984//1984
f 3115//3115 3113//3113 3346//3346
f 2000//2000 2001//2001 3094//3094
f 1988//1988 1989//1989 3346//3346
f 1989//1989 1990//1990 3346//3346
f 3346//3346 1990//1990 1991//1991
f 1998//1998 1999//1999 3118//3118
f 1999//1999 2000//2000 3118//3118
f 2001//2001 2002//2002 3094//3094
f 2002//2002 2003//2003 3094//3094
f 3094//3094 2003//2003 3101//3101
f 2003//2003 1980//1980 3101//3101
f 3101//3101 1980//1980 1981//1981
f 1981//1981 1982//1982 3101//3101
f 1982//1982 1983//1983 3101//3101
f 3101//3101 1983//1983 1984//1984
f 1991//1991 1992//1992 3346//3346
f 1992//1992 1993//1993 3346//3346
f 3346//3346 1993//1993 3115//3115
f 1993//1993 1994//1994 3115//3115
f 1994//1994 1995//1995 3115//3115
f 1995//1995 1996//1996 3115//3115
f 3115//3115 1996//1996 3118//3118
f 1996//1996 1997//1997 3118//3118
f 3118//3118 1997//1997 1998//1998
f 3347//3347 3276//3276 3285//3285
f 3276//3276 3278//3278 3285//3285
f 3105//3105 3275//3275 3107//3107
f 3275//3275 3276//3276 3107//3107
f 1986//1986 3107//3107 1985//1985
f 3107//3107 3276//3276 1985//1985
f 1985//1985 3276//3276 1984//1984
f 3276//3276 3347//3347 1984//1984
f 1984//1984 3347//3347 3103//3103
f 3347//3347 3285//3285 3103//3103
f 3103//3103 3285//3285 3102//3102
f 1986//1986 1987//1987 3107//3107
f 1987//1987 1988//1988 3107//3107
f 3107//3107 1988//1988 3110//3110
f 1988//1988 3346//3346 3110//3110
f 3110//3110 3346//3346 3111//3111
f 3271//3271 3111//3111 3273//3273
f 3111//3111 3346//3346 3273//3273
f 3273//3273 3346//3346 3269//3269
f 3346//3346 3113//3113 3269//3269
f 3134//3134 3131//3131 3348//3348
f 3348//3348 3126//3126 3340//3340
f 3126//3126 3123//3123 3340//3340
f 3242//3242 3240//3240 3348//3348
f 3240//3240 3238//3238 3348//3348
f 3348//3348 3238//3238 3236//3236
f 3127//3127 3126//3126 3233//3233
f 3126//3126 3348//3348 3233//3233
f 3233//3233 3348//3348 3234//3234
f 3348//3348 3236//3236 3234//3234
f 2000//2000 3094//3094 3118//3118
f 3094//3094 3340//3340 3118//3118
f 3118//3118 3340//3340 3261//3261
f 3131//3131 3129//3129 3229//3229
f 3255//3255 3340//3340 3253//3253
f 3340//3340 3251//3251 3253//3253
f 3255//3255 3257//3257 3340//3340
f 3257//3257 3259//3259 3340//3340
f 3340//3340 3259//3259 3261//3261
f 3267//3267 3119//3119 3265//3265
f 3119//3119 3118//3118 3265//3265
f 3265//3265 3118//3118 3263//3263
f 3118//3118 3261//3261 3263//3263
f 3229//3229 3231//3231 3131//3131
f 3231//3231 3246//3246 3131//3131
f 3131//3131 3246//3246 3348//3348
f 3246//3246 3244//3244 3348//3348
f 3348//3348 3244//3244 3242//3242
f 3123//3123 3121//3121 3340//3340
f 3121//3121 3249//3249 3340//3340
f 3340//3340 3249//3249 3251//3251
f 3137//3137 3222//3222 3139//3139
f 3222//3222 3221//3221 3139//3139
f 3139//3139 3221//3221 3349//3349
f 3191//3191 3189//3189 3339//3339
f 3191//3191 3339//3339 3193//3193
f 3150//3150 3147//3147 3350//3350
f 3189//3189 3187//3187 3339//3339
f 3187//3187 3185//3185 3339//3339
f 3339//3339 3185//3185 3184//3184
f 3202//3202 3204//3204 3350//3350
f 3204//3204 3206//3206 3350//3350
f 3350//3350 3206//3206 3208//3208
f 3193//3193 3339//3339 3195//3195
f 3339//3339 3155//3155 3195//3195
f 3195//3195 3155//3155 3197//3197
f 3147//3147 3145//3145 3350//3350
f 3145//3145 3200//3200 3350//3350
f 3350//3350 3200//3200 3202//3202
f 3153//3153 3180//3180 3155//3155
f 3180//3180 3182//3182 3155//3155
f 3155//3155 3182//3182 3197//3197
f 3208//3208 3210//3210 3350//3350
f 3210//3210 3212//3212 3350//3350
f 3350//3350 3212//3212 3142//3142
f 3218//3218 3143//3143 3216//3216
f 3143//3143 3142//3142 3216//3216
f 3216//3216 3142//3142 3214//3214
f 3142//3142 3212//3212 3214//3214
f 3173//3173 3175//3175 3177//3177
f 3172//3172 3167//3167 3170//3170
f 3167//3167 3166//3166 3170//3170
f 3170//3170 3166//3166 2524//2524
f 3177//3177 3351//3351 3173//3173
f 3351//3351 3163//3163 3173//3173
f 3173//3173 3163//3163 3161//3161
f 1940//1940 1941//1941 3351//3351
f 1941//1941 1942//1942 3351//3351
f 1933//1933 1934//1934 3352//3352
f 1934//1934 1935//1935 3352//3352
f 3352//3352 1935//1935 1936//1936
f 1942//1942 1943//1943 3351//3351
f 1943//1943 1944//1944 3351//3351
f 3351//3351 1944//1944 3163//3163
f 1944//1944 1945//1945 3163//3163
f 3163//3163 1945//1945 1946//1946
f 1936//1936 1937//1937 3352//3352
f 1937//1937 1938//1938 3352//3352
f 3352//3352 1938//1938 3351//3351
f 1938//1938 1939//1939 3351//3351
f 3351//3351 1939//1939 1940//1940
f 1932//1932 2531//2531 1955//1955
f 2531//2531 2524//2524 1955//1955
f 1955//1955 2524//2524 1954//1954
f 1946//1946 1947//1947 3163//3163
f 1947//1947 1948//1948 3163//3163
f 3163//3163 1948//1948 3166//3166
f 1948//1948 1949//1949 3166//3166
f 3166//3166 1949//1949 1950//1950
f 1950//1950 1951//1951 3166//3166
f 1951//1951 1952//1952 3166//3166
f 3166//3166 1952//1952 2524//2524
f 1952//1952 1953//1953 2524//2524
f 2524//2524 1953//1953 1954//1954
f 2524//2524 2526//2526 3170//3170
f 2526//2526 2528//2528 3170//3170
f 3170//3170 2528//2528 3168//3168
f 2542//2542 2540//2540 3352//3352
f 2540//2540 2538//2538 3352//3352
f 2538//2538 2536//2536 3352//3352
f 3352//3352 2536//2536 2535//2535
f 1932//1932 1933//1933 2531//2531
f 1933//1933 3352//3352 2531//2531
f 2531//2531 3352//3352 2533//2533
f 3352//3352 2535//2535 2533//2533
f 2533//2533 2535//2535 2532//2532
f 2555//2555 2553//2553 2550//2550
f 2550//2550 2548//2548 2555//2555
f 2548//2548 2546//2546 2555//2555
f 2555//2555 2546//2546 3352//3352
f 2546//2546 2544//2544 3352//3352
f 3352//3352 2544//2544 2542//2542
f 3177//3177 3159//3159 3351//3351
f 3159//3159 3158//3158 3351//3351
f 3351//3351 3158//3158 3352//3352
f 3158//3158 3339//3339 3352//3352
f 3352//3352 3339//3339 2555//2555
f 3339//3339 3337//3337 2555//2555
f 3353//3353 3354//3354 3355//3355
f 3354//3354 2557//2557 3355//3355
f 2594//2594 2596//2596 3354//3354
f 2596//2596 2598//2598 3354//3354
f 2598//2598 2600//2600 3354//3354
f 2600//2600 2602//2602 3354//3354
f 3354//3354 2602//2602 2557//2557
f 2241//2241 2240//2240 3354//3354
f 2237//2237 2594//2594 2238//2238
f 2594//2594 3354//3354 2238//2238
f 2238//2238 3354//3354 2239//2239
f 3354//3354 2240//2240 2239//2239
f 2224//2224 2572//2572 2225//2225
f 2572//2572 2574//2574 2225//2225
f 2225//2225 2574//2574 2226//2226
f 2574//2574 2576//2576 2226//2226
f 2226//2226 2576//2576 2227//2227
f 2576//2576 2578//2578 2227//2227
f 2227//2227 2578//2578 2228//2228
f 2578//2578 2580//2580 2228//2228
f 2228//2228 2580//2580 2229//2229
f 2580//2580 2582//2582 2229//2229
f 2229//2229 2582//2582 2230//2230
f 2582//2582 2584//2584 2230//2230
f 2230//2230 2584//2584 2231//2231
f 2584//2584 2586//2586 2231//2231
f 2231//2231 2586//2586 2232//2232
f 2586//2586 2588//2588 2232//2232
f 2232//2232 2588//2588 2233//2233
f 2588//2588 2590//2590 2233//2233
f 2233//2233 2590//2590 2234//2234
f 2590//2590 2592//2592 2234//2234
f 2234//2234 2592//2592 2235//2235
f 2592//2592 2594//2594 2235//2235
f 2235//2235 2594//2594 2236//2236
f 2594//2594 2237//2237 2236//2236
f 2224//2224 2223//2223 2572//2572
f 2223//2223 2222//2222 2572//2572
f 2572//2572 2222//2222 2570//2570
f 2222//2222 2221//2221 2570//2570
f 2221//2221 2220//2220 2570//2570
f 2570//2570 2220//2220 3353//3353
f 2220//2220 2243//2243 3353//3353
f 3353//3353 2243//2243 3354//3354
f 2243//2243 2242//2242 3354//3354
f 3354//3354 2242//2242 2241//2241
f 2558//2558 2560//2560 2562//2562
f 2562//2562 2564//2564 2558//2558
f 2564//2564 2566//2566 2558//2558
f 2558//2558 2566//2566 2568//2568
f 2609//2609 3355//3355 2612//2612
f 3355//3355 3356//3356 2612//2612
f 2712//2712 2710//2710 3356//3356
f 2710//2710 2708//2708 3356//3356
f 2613//2613 2612//2612 2705//2705
f 2612//2612 3356//3356 2705//2705
f 2705//2705 3356//3356 2706//2706
f 3356//3356 2708//2708 2706//2706
f 2609//2609 2607//2607 3355//3355
f 2607//2607 2605//2605 3355//3355
f 3355//3355 2605//2605 3353//3353
f 2605//2605 2558//2558 3353//3353
f 3353//3353 2558//2558 2570//2570
f 2558//2558 2568//2568 2570//2570
f 3357//3357 2730//2730 2727//2727
f 2716//2716 2714//2714 3357//3357
f 2725//2725 2723//2723 2727//2727
f 2723//2723 2720//2720 2727//2727
f 2727//2727 2720//2720 3357//3357
f 2720//2720 2718//2718 3357//3357
f 3357//3357 2718//2718 2716//2716
f 3358//3358 2740//2740 2732//2732
f 2362//2362 3342//3342 2361//2361
f 3342//3342 2360//2360 2361//2361
f 2347//2347 2348//2348 3359//3359
f 2348//2348 2349//2349 3359//3359
f 2355//2355 3358//3358 2354//2354
f 3358//3358 2353//2353 2354//2354
f 2362//2362 2363//2363 3342//3342
f 2363//2363 2340//2340 3342//3342
f 3342//3342 2340//2340 3343//3343
f 2340//2340 2341//2341 3343//3343
f 3343//3343 2341//2341 2342//2342
f 2349//2349 2350//2350 3359//3359
f 2350//2350 2351//2351 3359//3359
f 3359//3359 2351//2351 2352//2352
f 2730//2730 3357//3357 2732//2732
f 3357//3357 3359//3359 2732//2732
f 2732//2732 3359//3359 3358//3358
f 3359//3359 2352//2352 3358//3358
f 3358//3358 2352//2352 2353//2353
f 2355//2355 2356//2356 3358//3358
f 2356//2356 2357//2357 3358//3358
f 3358//3358 2357//2357 3360//3360
f 2357//2357 2358//2358 3360//3360
f 3360//3360 2358//2358 3342//3342
f 2358//2358 2359//2359 3342//3342
f 3342//3342 2359//2359 2360//2360
f 3291//3291 1976//1976 3289//3289
f 1976//1976 1977//1977 3289//3289
f 1956//1956 3288//3288 1979//1979
f 3288//3288 3289//3289 1979//1979
f 1979//1979 3289//3289 1978//1978
f 3289//3289 1977//1977 1978//1978
f 1962//1962 1963//1963 3361//3361
f 1957//1957 1958//1958 3348//3348
f 1958//1958 1959//1959 3348//3348
f 1959//1959 1960//1960 3348//3348
f 3348//3348 1960//1960 1961//1961
f 3349//3349 1973//1973 1974//1974
f 3135//3135 3134//3134 3361//3361
f 3134//3134 3348//3348 3361//3361
f 3361//3361 3348//3348 1962//1962
f 3348//3348 1961//1961 1962//1962
f 1963//1963 1964//1964 3361//3361
f 1964//1964 1965//1965 3361//3361
f 3361//3361 1965//1965 1966//1966
f 3142//3142 3139//3139 3350//3350
f 3139//3139 3349//3349 3350//3350
f 3350//3350 3349//3349 3338//3338
f 3349//3349 1974//1974 3338//3338
f 3338//3338 1974//1974 1975//1975
f 1966//1966 1967//1967 3361//3361
f 1967//1967 1968//1968 3361//3361
f 3361//3361 1968//1968 3349//3349
f 1968//1968 1969//1969 3349//3349
f 3349//3349 1969//1969 1970//1970
f 1970//1970 1971//1971 3349//3349
f 1971//1971 1972//1972 3349//3349
f 3349//3349 1972//1972 1973//1973
f 2440//2440 2438//2438 3348//3348
f 2438//2438 2437//2437 3348//3348
f 1956//1956 1957//1957 3288//3288
f 1957//1957 3348//3348 3288//3288
f 3288//3288 3348//3348 3286//3286
f 3348//3348 2437//2437 3286//3286
f 3286//3286 2437//2437 3280//3280
f 3345//3345 2148//2148 2150//2150
f 2446//2446 2444//2444 3348//3348
f 2444//2444 2442//2442 3348//3348
f 3348//3348 2442//2442 2440//2440
f 2150//2150 2152//2152 3345//3345
f 2152//2152 2154//2154 3345//3345
f 3345//3345 2154//2154 2156//2156
f 2164//2164 2166//2166 3340//3340
f 2166//2166 2168//2168 3340//3340
f 2184//2184 2186//2186 2475//2475
f 2156//2156 2158//2158 3345//3345
f 2158//2158 2160//2160 3345//3345
f 3345//3345 2160//2160 3340//3340
f 2160//2160 2162//2162 3340//3340
f 3340//3340 2162//2162 2164//2164
f 2168//2168 2170//2170 3340//3340
f 2170//2170 2172//2172 3340//3340
f 3340//3340 2172//2172 3348//3348
f 2172//2172 2174//2174 3348//3348
f 3348//3348 2174//2174 2176//2176
f 2448//2448 2446//2446 2180//2180
f 2446//2446 3348//3348 2180//2180
f 2180//2180 3348//3348 2178//2178
f 3348//3348 2176//2176 2178//2178
f 2188//2188 2190//2190 3336//3336
f 2190//2190 2192//2192 3336//3336
f 3336//3336 2192//2192 2194//2194
f 2182//2182 2453//2453 2180//2180
f 2453//2453 2450//2450 2180//2180
f 2180//2180 2450//2450 2448//2448
f 2475//2475 2186//2186 2474//2474
f 2186//2186 2188//2188 2474//2474
f 2474//2474 2188//2188 2472//2472
f 2456//2456 2454//2454 2458//2458
f 2454//2454 2453//2453 2458//2458
f 2458//2458 2453//2453 2475//2475
f 2453//2453 2182//2182 2475//2475
f 2475//2475 2182//2182 2184//2184
f 2462//2462 2464//2464 3336//3336
f 2462//2462 3336//3336 2459//2459
f 2464//2464 2466//2466 3336//3336
f 2466//2466 2468//2468 3336//3336
f 3336//3336 2468//2468 2188//2188
f 2468//2468 2470//2470 2188//2188
f 2188//2188 2470//2470 2472//2472
f 2480//2480 2459//2459 2478//2478
f 2459//2459 3336//3336 2478//2478
f 2478//2478 3336//3336 2476//2476
f 3336//3336 3335//3335 2476//2476
f 2476//2476 3335//3335 2483//2483
f 2492//2492 2490//2490 3362//3362
f 2490//2490 2488//2488 3362//3362
f 3362//3362 2488//2488 2487//2487
f 3338//3338 2519//2519 3350//3350
f 2519//2519 2521//2521 3350//3350
f 3350//3350 2521//2521 2523//2523
f 2500//2500 2498//2498 3363//3363
f 2498//2498 2496//2496 3363//3363
f 3363//3363 2496//2496 3362//3362
f 2496//2496 2494//2494 3362//3362
f 3362//3362 2494//2494 2492//2492
f 2508//2508 2511//2511 3338//3338
f 2511//2511 2513//2513 3338//3338
f 2513//2513 2515//2515 3338//3338
f 3338//3338 2515//2515 2517//2517
f 1975//1975 1976//1976 3338//3338
f 1976//1976 3291//3291 3338//3338
f 3338//3338 3291//3291 2508//2508
f 3291//3291 3282//3282 2508//2508
f 2485//2485 2483//2483 3364//3364
f 2483//2483 3335//3335 3364//3364
f 3364//3364 3335//3335 2346//2346
f 2342//2342 2343//2343 3343//3343
f 2343//2343 2344//2344 3343//3343
f 3343//3343 2344//2344 3335//3335
f 2344//2344 2345//2345 3335//3335
f 3335//3335 2345//2345 2346//2346
f 2104//2104 2106//2106 3363//3363
f 3337//3337 2100//2100 3363//3363
f 2100//2100 2102//2102 3363//3363
f 3363//3363 2102//2102 2104//2104
f 3350//3350 2114//2114 2116//2116
f 2124//2124 2126//2126 3339//3339
f 2106//2106 2108//2108 3363//3363
f 2108//2108 2110//2110 3363//3363
f 3363//3363 2110//2110 2112//2112
f 2505//2505 2502//2502 2507//2507
f 2502//2502 2500//2500 2507//2507
f 2507//2507 2500//2500 2523//2523
f 2500//2500 3363//3363 2523//2523
f 2523//2523 3363//3363 3350//3350
f 3363//3363 2112//2112 3350//3350
f 3350//3350 2112//2112 2114//2114
f 2116//2116 2118//2118 3350//3350
f 2118//2118 2120//2120 3350//3350
f 3350//3350 2120//2120 2122//2122
f 2122//2122 2124//2124 3350//3350
f 2124//2124 3339//3339 3350//3350
f 3350//3350 3339//3339 3150//3150
f 3339//3339 3184//3184 3150//3150
f 3150//3150 3184//3184 3151//3151
f 2126//2126 2128//2128 3339//3339
f 2128//2128 2130//2130 3339//3339
f 3339//3339 2130//2130 2132//2132
f 2132//2132 2134//2134 3339//3339
f 2134//2134 2136//2136 3339//3339
f 3339//3339 2136//2136 3337//3337
f 2136//2136 2138//2138 3337//3337
f 3337//3337 2138//2138 2140//2140
f 2140//2140 2142//2142 3337//3337
f 2142//2142 2144//2144 3337//3337
f 3337//3337 2144//2144 2146//2146
f 2714//2714 2712//2712 3357//3357
f 2712//2712 3356//3356 3357//3357
f 3357//3357 3356//3356 3359//3359
f 3356//3356 3364//3364 3359//3359
f 3359//3359 3364//3364 2347//2347
f 3364//3364 2346//2346 2347//2347
f 2557//2557 2555//2555 3355//3355
f 2555//2555 3337//3337 3355//3355
f 3355//3355 3337//3337 3356//3356
f 3337//3337 3363//3363 3356//3356
f 3356//3356 3363//3363 3364//3364
f 3363//3363 3362//3362 3364//3364
f 3364//3364 3362//3362 2485//2485
f 3362//3362 2487//2487 2485//2485
f 2485//2485 2487//2487 2484//2484
f 3221//3221 3220//3220 3349//3349
f 3220//3220 3223//3223 3349//3349
f 3349//3349 3223//3223 3361//3361
f 3223//3223 3225//3225 3361//3361
f 3361//3361 3225//3225 3135//3135
f 3225//3225 3227//3227 3135//3135
f 2194//2194 2148//2148 3336//3336
f 2148//2148 3345//3345 3336//3336
f 3336//3336 3345//3345 3334//3334
f 3345//3345 3073//3073 3334//3334
f 3334//3334 3073//3073 3344//3344
f 3073//3073 3025//3025 3344//3344
f 3344//3344 3025//3025 3341//3341
f 3025//3025 3027//3027 3341//3341
f 3341//3341 3027//3027 3029//3029
f 2951//2951 2958//2958 2860//2860
f 2958//2958 2982//2982 2860//2860
f 3365//3365 2856//2856 3366//3366
f 2856//2856 2858//2858 3366//3366
f 3366//3366 2858//2858 3367//3367
f 2869//2869 2901//2901 2907//2907
f 3368//3368 2922//2922 3369//3369
f 2922//2922 3294//3294 3369//3369
f 3369//3369 3294//3294 3370//3370
f 3294//3294 3292//3292 3370//3370
f 3370//3370 3292//3292 3371//3371
f 3292//3292 3293//3293 3371//3371
f 3371//3371 3293//3293 3365//3365
f 3293//3293 2624//2624 3365//3365
f 3365//3365 2624//2624 2856//2856
f 2624//2624 2623//2623 2856//2856
f 2856//2856 2623//2623 2942//2942
f 2907//2907 2922//2922 2869//2869
f 2922//2922 3368//3368 2869//2869
f 2869//2869 3368//3368 2867//2867
f 3368//3368 3372//3372 2867//2867
f 2867//2867 3372//3372 2865//2865
f 3372//3372 3373//3373 2865//2865
f 2756//2756 2749//2749 2741//2741
f 3374//3374 2740//2740 3375//3375
f 2740//2740 3358//3358 3375//3375
f 3375//3375 3358//3358 3376//3376
f 3358//3358 3360//3360 3376//3376
f 3376//3376 3360//3360 3377//3377
f 3360//3360 3342//3342 3377//3377
f 3377//3377 3342//3342 3373//3373
f 3342//3342 2984//2984 3373//3373
f 3373//3373 2984//2984 2865//2865
f 2984//2984 2883//2883 2865//2865
f 2865//2865 2883//2883 2882//2882
f 2741//2741 2740//2740 2756//2756
f 2740//2740 3374//3374 2756//2756
f 2756//2756 3374//3374 2852//2852
f 3374//3374 3378//3378 2852//2852
f 2852//2852 3378//3378 2769//2769
f 3378//3378 3379//3379 2769//2769
f 2851//2851 2844//2844 2836//2836
f 3380//3380 2835//2835 3381//3381
f 2835//2835 3333//3333 3381//3381
f 3381//3381 3333//3333 3382//3382
f 3333//3333 3331//3331 3382//3382
f 3382//3382 3331//3331 3383//3383
f 3331//3331 3332//3332 3383//3383
f 3383//3383 3332//3332 3379//3379
f 3332//3332 2793//2793 3379//3379
f 3379//3379 2793//2793 2769//2769
f 2793//2793 2783//2783 2769//2769
f 2769//2769 2783//2783 2770//2770
f 2836//2836 2835//2835 2851//2851
f 2835//2835 3380//3380 2851//2851
f 2851//2851 3380//3380 2853//2853
f 3380//3380 3384//3384 2853//2853
f 2853//2853 3384//3384 313//313
f 3384//3384 3385//3385 313//313
f 2858//2858 2860//2860 3367//3367
f 2860//2860 2982//2982 3367//3367
f 3367//3367 2982//2982 3386//3386
f 2982//2982 3324//3324 3386//3386
f 3386//3386 3324//3324 3387//3387
f 3324//3324 3325//3325 3387//3387
f 3387//3387 3325//3325 3388//3388
f 3325//3325 3326//3326 3388//3388
f 3388//3388 3326//3326 3385//3385
f 3326//3326 842//842 3385//3385
f 3385//3385 842//842 313//313
f 842//842 327//327 313//313
f 313//313 327//327 314//314
f 3389//3389 3390//3390 3391//3391
f 3390//3390 3392//3392 3391//3391
f 3391//3391 3392//3392 3393//3393
f 3392//3392 3394//3394 3393//3393
f 3393//3393 3394//3394 3395//3395
f 3394//3394 3396//3396 3395//3395
f 3395//3395 3396//3396 3397//3397
f 3396//3396 3398//3398 3397//3397
f 3397//3397 3398//3398 3399//3399
f 3398//3398 3400//3400 3399//3399
f 3399//3399 3400//3400 3401//3401
f 3400//3400 3402//3402 3401//3401
f 3401//3401 3402//3402 3403//3403
f 3402//3402 3404//3404 3403//3403
f 3403//3403 3404//3404 3405//3405
f 3404//3404 3406//3406 3405//3405
f 3405//3405 3406//3406 3407//3407
f 3406//3406 3408//3408 3407//3407
f 3407//3407 3408//3408 3409//3409
f 3408//3408 3410//3410 3409//3409
f 3409//3409 3410//3410 3411//3411
f 3410//3410 3412//3412 3411//3411
f 3411//3411 3412//3412 3413//3413
f 3412//3412 3414//3414 3413//3413
f 3413//3413 3414//3414 3415//3415
f 3414//3414 3416//3416 3415//3415
f 3415//3415 3416//3416 3417//3417
f 3416//3416 3418//3418 3417//3417
f 3417//3417 3418//3418 3419//3419
f 3418//3418 3420//3420 3419//3419
f 3419//3419 3420//3420 3421//3421
f 3420//3420 3422//3422 3421//3421
f 3421//3421 3422//3422 3423//3423
f 3422//3422 3424//3424 3423//3423
f 3423//3423 3424//3424 3425//3425
f 3424//3424 3426//3426 3425//3425
f 3425//3425 3426//3426 3427//3427
f 3426//3426 3428//3428 3427//3427
f 3427//3427 3428//3428 3429//3429
f 3428//3428 3430//3430 3429//3429
f 3429//3429 3430//3430 3431//3431
f 3430//3430 3432//3432 3431//3431
f 3431//3431 3432//3432 3433//3433
f 3432//3432 3434//3434 3433//3433
f 3433//3433 3434//3434 3435//3435
f 3434//3434 3436//3436 3435//3435
f 3435//3435 3436//3436 3389//3389
f 3436//3436 3390//3390 3389//3389
f 3437//3437 3438//3438 3439//3439
f 3438//3438 3440//3440 3439//3439
f 3439//3439 3440//3440 3441//3441
f 3440//3440 3442//3442 3441//3441
f 3441//3441 3442//3442 3443//3443
f 3442//3442 3444//3444 3443//3443
f 3443//3443 3444//3444 3445//3445
f 3444//3444 3446//3446 3445//3445
f 3445//3445 3446//3446 3447//3447
f 3446//3446 3448//3448 3447//3447
f 3447//3447 3448//3448 3449//3449
f 3448//3448 3450//3450 3449//3449
f 3449//3449 3450//3450 3451//3451
f 3450//3450 3452//3452 3451//3451
f 3451//3451 3452//3452 3453//3453
f 3452//3452 3454//3454 3453//3453
f 3453//3453 3454//3454 3455//3455
f 3454//3454 3456//3456 3455//3455
f 3455//3455 3456//3456 3457//3457
f 3456//3456 3458//3458 3457//3457
f 3457//3457 3458//3458 3459//3459
f 3458//3458 3460//3460 3459//3459
f 3459//3459 3460//3460 3461//3461
f 3460//3460 3462//3462 3461//3461
f 3461//3461 3462//3462 3463//3463
f 3462//3462 3464//3464 3463//3463
f 3463//3463 3464//3464 3465//3465
f 3464//3464 3466//3466 3465//3465
f 3465//3465 3466//3466 3467//3467
f 3466//3466 3468//3468 3467//3467
f 3467//3467 3468//3468 3469//3469
f 3468//3468 3470//3470 3469//3469
f 3469//3469 3470//3470 3471//3471
f 3470//3470 3472//3472 3471//3471
f 3471//3471 3472//3472 3473//3473
f 3472//3472 3474//3474 3473//3473
f 3473//3473 3474//3474 3475//3475
f 3474//3474 3476//3476 3475//3475
f 3475//3475 3476//3476 3477//3477
f 3476//3476 3478//3478 3477//3477
f 3477//3477 3478//3478 3479//3479
f 3478//3478 3480//3480 3479//3479
f 3479//3479 3480//3480 3481//3481
f 3480//3480 3482//3482 3481//3481
f 3481//3481 3482//3482 3483//3483
f 3482//3482 3484//3484 3483//3483
f 3483//3483 3484//3484 3437//3437
f 3484//3484 3438//3438 3437//3437
f 3485//3485 3486//3486 3487//3487
f 3486//3486 3488//3488 3487//3487
f 3487//3487 3488//3488 3489//3489
f 3488//3488 3490//3490 3489//3489
f 3489//3489 3490//3490 3491//3491
f 3490//3490 3492//3492 3491//3491
f 3491//3491 3492//3492 3493//3493
f 3492//3492 3494//3494 3493//3493
f 3493//3493 3494//3494 3495//3495
f 3494//3494 3496//3496 3495//3495
f 3495//3495 3496//3496 3497//3497
f 3496//3496 3498//3498 3497//3497
f 3497//3497 3498//3498 3499//3499
f 3498//3498 3500//3500 3499//3499
f 3499//3499 3500//3500 3501//3501
f 3500//3500 3502//3502 3501//3501
f 3501//3501 3502//3502 3503//3503
f 3502//3502 3504//3504 3503//3503
f 3503//3503 3504//3504 3505//3505
f 3504//3504 3506//3506 3505//3505
f 3505//3505 3506//3506 3507//3507
f 3506//3506 3508//3508 3507//3507
f 3507//3507 3508//3508 3509//3509
f 3508//3508 3510//3510 3509//3509
f 3509//3509 3510//3510 3511//3511
f 3510//3510 3512//3512 3511//3511
f 3511//3511 3512//3512 3513//3513
f 3512//3512 3514//3514 3513//3513
f 3513//3513 3514//3514 3515//3515
f 3514//3514 3516//3516 3515//3515
f 3515//3515 3516//3516 3517//3517
f 3516//3516 3518//3518 3517//3517
f 3517//3517 3518//3518 3519//3519
f 3518//3518 3520//3520 3519//3519
f 3519//3519 3520//3520 3521//3521
f 3520//3520 3522//3522 3521//3521
f 3521//3521 3522//3522 3523//3523
f 3522//3522 3524//3524 3523//3523
f 3523//3523 3524//3524 3525//3525
f 3524//3524 3526//3526 3525//3525
f 3525//3525 3526//3526 3527//3527
f 3526//3526 3528//3528 3527//3527
f 3527//3527 3528//3528 3529//3529
f 3528//3528 3530//3530 3529//3529
f 3529//3529 3530//3530 3531//3531
f 3530//3530 3532//3532 3531//3531
f 3531//3531 3532//3532 3485//3485
f 3532//3532 3486//3486 3485//3485
f 3533//3533 3534//3534 3535//3535
f 3534//3534 3536//3536 3535//3535
f 3535//3535 3536//3536 3537//3537
f 3536//3536 3538//3538 3537//3537
f 3537//3537 3538//3538 3539//3539
f 3538//3538 3540//3540 3539//3539
f 3539//3539 3540//3540 3541//3541
f 3540//3540 3542//3542 3541//3541
f 3541//3541 3542//3542 3543//3543
f 3542//3542 3544//3544 3543//3543
f 3543//3543 3544//3544 3545//3545
f 3544//3544 3546//3546 3545//3545
f 3545//3545 3546//3546 3547//3547
f 3546//3546 3548//3548 3547//3547
f 3547//3547 3548//3548 3549//3549
f 3548//3548 3550//3550 3549//3549
f 3549//3549 3550//3550 3551//3551
f 3550//3550 3552//3552 3551//3551
f 3551//3551 3552//3552 3553//3553
f 3552//3552 3554//3554 3553//3553
f 3553//3553 3554//3554 3555//3555
f 3554//3554 3556//3556 3555//3555
f 3555//3555 3556//3556 3557//3557
f 3556//3556 3558//3558 3557//3557
f 3557//3557 3558//3558 3559//3559
f 3558//3558 3560//3560 3559//3559
f 3559//3559 3560//3560 3561//3561
f 3560//3560 3562//3562 3561//3561
f 3561//3561 3562//3562 3563//3563
f 3562//3562 3564//3564 3563//3563
f 3563//3563 3564//3564 3565//3565
f 3564//3564 3566//3566 3565//3565
f 3565//3565 3566//3566 3567//3567
f 3566//3566 3568//3568 3567//3567
f 3567//3567 3568//3568 3569//3569
f 3568//3568 3570//3570 3569//3569
f 3569//3569 3570//3570 3571//3571
f 3570//3570 3572//3572 3571//3571
f 3571//3571 3572//3572 3573//3573
f 3572//3572 3574//3574 3573//3573
f 3573//3573 3574//3574 3575//3575
f 3574//3574 3576//3576 3575//3575
f 3575//3575 3576//3576 3577//3577
f 3576//3576 3578//3578 3577//3577
f 3577//3577 3578//3578 3579//3579
f 3578//3578 3580//3580 3579//3579
f 3579//3579 3580//3580 3533//3533
f 3580//3580 3534//3534 3533//3533
f 2339//2339 3581//3581 2293//2293
f 3581//3581 3582//3582 2293//2293
f 2293//2293 3582//3582 2295//2295
f 3582//3582 3583//3583 2295//2295
f 2295//2295 3583//3583 2297//2297
f 3583//3583 3584//3584 2297//2297
f 2297//2297 3584//3584 2299//2299
f 3584//3584 3585//3585 2299//2299
f 2299//2299 3585//3585 2301//2301
f 3585//3585 3586//3586 2301//2301
f 2301//2301 3586//3586 2303//2303
f 3586//3586 3587//3587 2303//2303
f 2303//2303 3587//3587 2305//2305
f 3587//3587 3588//3588 2305//2305
f 2305//2305 3588//3588 2307//2307
f 3588//3588 3589//3589 2307//2307
f 2307//2307 3589//3589 2309//2309
f 3589//3589 3590//3590 2309//2309
f 2309//2309 3590//3590 2311//2311
f 3590//3590 3591//3591 2311//2311
f 2311//2311 3591//3591 2313//2313
f 3591//3591 3592//3592 2313//2313
f 2313//2313 3592//3592 2315//2315
f 3592//3592 3593//3593 2315//2315
f 2315//2315 3593//3593 2317//2317
f 3593//3593 3594//3594 2317//2317
f 2317//2317 3594//3594 2319//2319
f 3594//3594 3595//3595 2319//2319
f 2319//2319 3595//3595 2321//2321
f 3595//3595 3596//3596 2321//2321
f 2321//2321 3596//3596 2323//2323
f 3596//3596 3597//3597 2323//2323
f 2323//2323 3597//3597 2325//2325
f 3597//3597 3598//3598 2325//2325
f 2325//2325 3598//3598 2327//2327
f 3598//3598 3599//3599 2327//2327
f 2327//2327 3599//3599 2329//2329
f 3599//3599 3600//3600 2329//2329
f 2329//2329 3600//3600 2331//2331
f 3600//3600 3601//3601 2331//2331
f 2331//2331 3601//3601 2333//2333
f 3601//3601 3602//3602 2333//2333
f 2333//2333 3602//3602 2335//2335
f 3602//3602 3603//3603 2335//2335
f 2335//2335 3603//3603 2337//2337
f 3603//3603 3604//3604 2337//2337
f 2337//2337 3604//3604 2339//2339
f 3604//3604 3581//3581 2339//2339
f 1845//1845 3605//3605 1847//1847
f 3605//3605 3606//3606 1847//1847
f 3607//3607 3606//3606 3608//3608
f 3606//3606 3605//3605 3608//3608
f 3606//3606 3607//3607 3609//3609
f 3607//3607 3610//3610 3609//3609
f 3611//3611 1859//1859 3612//3612
f 1859//1859 3613//3613 3612//3612
f 3612//3612 3613//3613 3614//3614
f 3613//3613 3609//3609 3614//3614
f 3614//3614 3609//3609 3615//3615
f 3609//3609 3610//3610 3615//3615
f 3616//3616 1858//1858 3611//3611
f 1858//1858 1859//1859 3611//3611
f 3611//3611 3617//3617 3616//3616
f 3617//3617 3618//3618 3616//3616
f 3618//3618 3619//3619 3620//3620
f 3619//3619 3621//3621 3620//3620
f 3619//3619 3618//3618 3622//3622
f 3618//3618 3617//3617 3622//3622
f 3623//3623 3619//3619 3624//3624
f 3619//3619 3622//3622 3624//3624
f 3625//3625 3626//3626 3627//3627
f 3626//3626 3621//3621 3627//3627
f 3627//3627 3621//3621 3623//3623
f 3621//3621 3619//3619 3623//3623
f 3628//3628 3629//3629 3630//3630
f 3628//3628 3630//3630 3631//3631
f 3630//3630 3632//3632 3631//3631
f 3631//3631 3632//3632 3633//3633
f 3632//3632 3634//3634 3633//3633
f 3633//3633 3634//3634 3635//3635
f 3634//3634 3636//3636 3635//3635
f 3635//3635 3636//3636 3637//3637
f 3636//3636 3638//3638 3637//3637
f 3637//3637 3638//3638 3639//3639
f 3638//3638 3627//3627 3639//3639
f 3639//3639 3627//3627 3623//3623
f 3640//3640 3628//3628 3631//3631
f 3640//3640 3631//3631 3641//3641
f 3631//3631 3633//3633 3641//3641
f 3641//3641 3633//3633 3642//3642
f 3633//3633 3635//3635 3642//3642
f 3642//3642 3635//3635 3643//3643
f 3635//3635 3637//3637 3643//3643
f 3643//3643 3637//3637 3644//3644
f 3637//3637 3639//3639 3644//3644
f 3644//3644 3639//3639 3645//3645
f 3639//3639 3623//3623 3645//3645
f 3645//3645 3623//3623 3624//3624
f 3646//3646 3647//3647 3648//3648
f 3647//3647 3628//3628 3648//3648
f 3648//3648 3628//3628 3640//3640
f 3649//3649 3629//3629 3647//3647
f 3629//3629 3628//3628 3647//3647
f 3650//3650 3649//3649 3647//3647
f 3651//3651 3652//3652 3653//3653
f 3653//3653 3654//3654 3651//3651
f 3654//3654 3655//3655 3651//3651
f 3651//3651 3655//3655 3656//3656
f 3657//3657 3658//3658 3659//3659
f 3659//3659 3660//3660 3657//3657
f 3660//3660 3661//3661 3657//3657
f 3657//3657 3661//3661 3655//3655
f 3661//3661 3662//3662 3655//3655
f 3655//3655 3662//3662 3656//3656
f 3663//3663 3664//3664 3665//3665
f 3665//3665 3666//3666 3663//3663
f 3666//3666 3667//3667 3663//3663
f 3663//3663 3667//3667 3658//3658
f 3667//3667 3668//3668 3658//3658
f 3658//3658 3668//3668 3659//3659
f 3669//3669 3670//3670 3671//3671
f 3670//3670 3672//3672 3671//3671
f 3671//3671 3672//3672 3664//3664
f 3672//3672 3673//3673 3664//3664
f 3664//3664 3673//3673 3665//3665
f 3674//3674 3675//3675 3669//3669
f 3675//3675 3676//3676 3669//3669
f 3669//3669 3676//3676 3670//3670
f 3677//3677 3678//3678 3674//3674
f 3678//3678 3679//3679 3674//3674
f 3674//3674 3679//3679 3675//3675
f 3647//3647 3680//3680 3650//3650
f 3680//3680 3681//3681 3650//3650
f 3650//3650 3681//3681 3682//3682
f 3681//3681 3683//3683 3682//3682
f 3682//3682 3683//3683 3677//3677
f 3683//3683 3684//3684 3677//3677
f 3677//3677 3684//3684 3678//3678
f 3685//3685 3652//3652 3686//3686
f 3652//3652 3651//3651 3686//3686
f 3686//3686 3651//3651 3687//3687
f 3651//3651 3656//3656 3687//3687
f 3656//3656 3662//3662 3687//3687
f 3687//3687 3662//3662 3688//3688
f 3662//3662 3661//3661 3688//3688
f 3661//3661 3660//3660 3688//3688
f 3688//3688 3660//3660 3689//3689
f 3660//3660 3659//3659 3689//3689
f 3659//3659 3668//3668 3689//3689
f 3689//3689 3668//3668 3690//3690
f 3668//3668 3667//3667 3690//3690
f 3667//3667 3666//3666 3690//3690
f 3690//3690 3666//3666 3691//3691
f 3666//3666 3665//3665 3691//3691
f 3665//3665 3673//3673 3691//3691
f 3673//3673 3672//3672 3691//3691
f 3691//3691 3672//3672 3692//3692
f 3672//3672 3670//3670 3692//3692
f 3670//3670 3676//3676 3692//3692
f 3692//3692 3676//3676 3693//3693
f 3676//3676 3675//3675 3693//3693
f 3675//3675 3679//3679 3693//3693
f 3693//3693 3679//3679 3694//3694
f 3679//3679 3678//3678 3694//3694
f 3678//3678 3684//3684 3694//3694
f 3694//3694 3684//3684 3695//3695
f 3647//3647 3646//3646 3680//3680
f 3646//3646 3696//3696 3680//3680
f 3680//3680 3696//3696 3681//3681
f 3696//3696 3695//3695 3681//3681
f 3681//3681 3695//3695 3683//3683
f 3695//3695 3684//3684 3683//3683
f 3697//3697 3652//3652 3698//3698
f 3652//3652 3685//3685 3698//3698
f 3699//3699 3653//3653 3697//3697
f 3653//3653 3652//3652 3697//3697
f 3699//3699 3697//3697 3700//3700
f 3699//3699 3700//3700 3701//3701
f 3700//3700 3702//3702 3701//3701
f 3701//3701 3702//3702 3703//3703
f 3702//3702 3704//3704 3703//3703
f 3703//3703 3704//3704 3705//3705
f 3704//3704 3706//3706 3705//3705
f 3705//3705 3706//3706 3707//3707
f 3706//3706 3708//3708 3707//3707
f 3707//3707 3708//3708 3709//3709
f 3708//3708 3710//3710 3709//3709
f 3709//3709 3710//3710 3711//3711
f 3710//3710 3712//3712 3711//3711
f 3711//3711 3712//3712 3713//3713
f 3712//3712 3714//3714 3713//3713
f 3713//3713 3714//3714 3715//3715
f 3716//3716 3714//3714 3712//3712
f 3716//3716 3712//3712 3717//3717
f 3712//3712 3710//3710 3717//3717
f 3717//3717 3710//3710 3718//3718
f 3710//3710 3708//3708 3718//3718
f 3718//3718 3708//3708 3719//3719
f 3708//3708 3706//3706 3719//3719
f 3719//3719 3706//3706 3720//3720
f 3706//3706 3704//3704 3720//3720
f 3720//3720 3704//3704 3721//3721
f 3704//3704 3702//3702 3721//3721
f 3721//3721 3702//3702 3722//3722
f 3702//3702 3700//3700 3722//3722
f 3722//3722 3700//3700 3723//3723
f 3700//3700 3697//3697 3723//3723
f 3723//3723 3697//3697 3698//3698
f 3724//3724 3725//3725 3726//3726
f 3724//3724 3726//3726 3727//3727
f 3726//3726 3728//3728 3727//3727
f 3727//3727 3728//3728 3729//3729
f 3728//3728 3730//3730 3729//3729
f 3729//3729 3730//3730 3731//3731
f 3730//3730 3714//3714 3731//3731
f 3731//3731 3714//3714 3716//3716
f 3732//3732 3733//3733 3734//3734
f 3732//3732 3734//3734 3735//3735
f 3734//3734 3736//3736 3735//3735
f 3735//3735 3736//3736 3737//3737
f 3736//3736 3738//3738 3737//3737
f 3737//3737 3738//3738 3739//3739
f 3738//3738 3740//3740 3739//3739
f 3739//3739 3740//3740 3741//3741
f 3740//3740 3742//3742 3741//3741
f 3741//3741 3742//3742 3743//3743
f 3742//3742 3744//3744 3743//3743
f 3743//3743 3744//3744 3745//3745
f 3744//3744 3746//3746 3745//3745
f 3745//3745 3746//3746 3747//3747
f 3746//3746 3748//3748 3747//3747
f 3747//3747 3748//3748 3725//3725
f 3749//3749 3732//3732 3735//3735
f 3749//3749 3735//3735 3750//3750
f 3735//3735 3737//3737 3750//3750
f 3750//3750 3737//3737 3751//3751
f 3737//3737 3739//3739 3751//3751
f 3751//3751 3739//3739 3752//3752
f 3739//3739 3741//3741 3752//3752
f 3752//3752 3741//3741 3753//3753
f 3741//3741 3743//3743 3753//3753
f 3753//3753 3743//3743 3754//3754
f 3743//3743 3745//3745 3754//3754
f 3754//3754 3745//3745 3755//3755
f 3745//3745 3747//3747 3755//3755
f 3755//3755 3747//3747 3756//3756
f 3747//3747 3725//3725 3756//3756
f 3756//3756 3725//3725 3724//3724
f 3749//3749 3757//3757 3732//3732
f 3757//3757 3758//3758 3732//3732
f 3732//3732 3758//3758 3733//3733
f 3758//3758 3759//3759 3733//3733
f 3760//3760 3761//3761 3762//3762
f 3761//3761 3763//3763 3762//3762
f 3764//3764 3760//3760 3762//3762
f 3765//3765 3759//3759 3758//3758
f 3762//3762 3766//3766 3764//3764
f 3766//3766 3767//3767 3764//3764
f 3764//3764 3767//3767 3768//3768
f 3769//3769 3770//3770 3767//3767
f 3770//3770 3771//3771 3767//3767
f 3767//3767 3771//3771 3768//3768
f 3772//3772 3773//3773 3774//3774
f 3774//3774 3775//3775 3772//3772
f 3775//3775 3776//3776 3772//3772
f 3772//3772 3776//3776 3769//3769
f 3776//3776 3777//3777 3769//3769
f 3769//3769 3777//3777 3770//3770
f 3778//3778 3779//3779 3780//3780
f 3779//3779 3781//3781 3780//3780
f 3780//3780 3781//3781 3773//3773
f 3781//3781 3782//3782 3773//3773
f 3773//3773 3782//3782 3774//3774
f 3783//3783 3784//3784 3778//3778
f 3784//3784 3785//3785 3778//3778
f 3778//3778 3785//3785 3779//3779
f 3786//3786 3787//3787 3783//3783
f 3787//3787 3788//3788 3783//3783
f 3783//3783 3788//3788 3784//3784
f 3789//3789 3790//3790 3786//3786
f 3790//3790 3791//3791 3786//3786
f 3786//3786 3791//3791 3787//3787
f 3758//3758 3792//3792 3765//3765
f 3792//3792 3793//3793 3765//3765
f 3765//3765 3793//3793 3794//3794
f 3793//3793 3795//3795 3794//3794
f 3794//3794 3795//3795 3789//3789
f 3795//3795 3796//3796 3789//3789
f 3789//3789 3796//3796 3790//3790
f 3797//3797 3760//3760 3798//3798
f 3760//3760 3764//3764 3798//3798
f 3798//3798 3764//3764 3799//3799
f 3764//3764 3768//3768 3799//3799
f 3768//3768 3771//3771 3799//3799
f 3799//3799 3771//3771 3800//3800
f 3771//3771 3770//3770 3800//3800
f 3770//3770 3777//3777 3800//3800
f 3800//3800 3777//3777 3801//3801
f 3777//3777 3776//3776 3801//3801
f 3776//3776 3775//3775 3801//3801
f 3801//3801 3775//3775 3802//3802
f 3775//3775 3774//3774 3802//3802
f 3774//3774 3782//3782 3802//3802
f 3802//3802 3782//3782 3803//3803
f 3782//3782 3781//3781 3803//3803
f 3781//3781 3779//3779 3803//3803
f 3779//3779 3785//3785 3803//3803
f 3803//3803 3785//3785 3804//3804
f 3785//3785 3784//3784 3804//3804
f 3784//3784 3788//3788 3804//3804
f 3804//3804 3788//3788 3805//3805
f 3788//3788 3787//3787 3805//3805
f 3787//3787 3791//3791 3805//3805
f 3805//3805 3791//3791 3806//3806
f 3791//3791 3790//3790 3806//3806
f 3790//3790 3796//3796 3806//3806
f 3806//3806 3796//3796 3807//3807
f 3758//3758 3757//3757 3792//3792
f 3757//3757 3808//3808 3792//3792
f 3792//3792 3808//3808 3793//3793
f 3808//3808 3807//3807 3793//3793
f 3793//3793 3807//3807 3795//3795
f 3807//3807 3796//3796 3795//3795
f 3761//3761 3760//3760 3809//3809
f 3760//3760 3797//3797 3809//3809
f 3810//3810 3811//3811 3812//3812
f 3811//3811 3813//3813 3812//3812
f 3811//3811 3810//3810 3814//3814
f 3810//3810 3815//3815 3814//3814
f 3816//3816 3815//3815 3817//3817
f 3815//3815 3810//3810 3817//3817
f 3818//3818 3819//3819 3820//3820
f 3817//3817 3810//3810 3820//3820
f 3810//3810 3812//3812 3820//3820
f 3820//3820 3812//3812 3818//3818
f 3821//3821 3822//3822 3823//3823
f 3821//3821 3823//3823 3824//3824
f 3823//3823 3825//3825 3824//3824
f 3824//3824 3825//3825 3826//3826
f 3825//3825 3827//3827 3826//3826
f 3826//3826 3827//3827 3828//3828
f 3827//3827 3829//3829 3828//3828
f 3828//3828 3829//3829 3830//3830
f 3829//3829 3831//3831 3830//3830
f 3830//3830 3831//3831 3832//3832
f 3831//3831 3817//3817 3832//3832
f 3832//3832 3817//3817 3820//3820
f 3816//3816 3817//3817 3831//3831
f 3816//3816 3831//3831 3833//3833
f 3831//3831 3829//3829 3833//3833
f 3833//3833 3829//3829 3834//3834
f 3829//3829 3827//3827 3834//3834
f 3834//3834 3827//3827 3835//3835
f 3827//3827 3825//3825 3835//3835
f 3835//3835 3825//3825 3836//3836
f 3825//3825 3823//3823 3836//3836
f 3836//3836 3823//3823 3837//3837
f 3823//3823 3822//3822 3837//3837
f 3837//3837 3822//3822 3838//3838
f 3839//3839 3840//3840 3822//3822
f 3840//3840 3841//3841 3822//3822
f 3822//3822 3841//3841 3838//3838
f 3821//3821 3842//3842 3822//3822
f 3842//3842 3839//3839 3822//3822
f 3843//3843 3844//3844 3845//3845
f 3846//3846 3839//3839 3842//3842
f 3842//3842 3847//3847 3846//3846
f 3847//3847 3848//3848 3846//3846
f 3846//3846 3848//3848 3849//3849
f 3850//3850 3851//3851 3848//3848
f 3851//3851 3852//3852 3848//3848
f 3848//3848 3852//3852 3849//3849
f 3853//3853 3854//3854 3855//3855
f 3855//3855 3856//3856 3853//3853
f 3856//3856 3857//3857 3853//3853
f 3853//3853 3857//3857 3850//3850
f 3857//3857 3858//3858 3850//3850
f 3850//3850 3858//3858 3851//3851
f 3859//3859 3860//3860 3861//3861
f 3860//3860 3862//3862 3861//3861
f 3861//3861 3862//3862 3854//3854
f 3862//3862 3863//3863 3854//3854
f 3854//3854 3863//3863 3855//3855
f 3864//3864 3865//3865 3859//3859
f 3865//3865 3866//3866 3859//3859
f 3859//3859 3866//3866 3860//3860
f 3867//3867 3868//3868 3864//3864
f 3868//3868 3869//3869 3864//3864
f 3864//3864 3869//3869 3865//3865
f 3870//3870 3871//3871 3867//3867
f 3871//3871 3872//3872 3867//3867
f 3867//3867 3872//3872 3868//3868
f 3845//3845 3873//3873 3843//3843
f 3873//3873 3874//3874 3843//3843
f 3843//3843 3874//3874 3875//3875
f 3874//3874 3876//3876 3875//3875
f 3875//3875 3876//3876 3870//3870
f 3876//3876 3877//3877 3870//3870
f 3870//3870 3877//3877 3871//3871
f 3840//3840 3839//3839 3878//3878
f 3839//3839 3846//3846 3878//3878
f 3878//3878 3846//3846 3879//3879
f 3846//3846 3849//3849 3879//3879
f 3849//3849 3852//3852 3879//3879
f 3879//3879 3852//3852 3880//3880
f 3852//3852 3851//3851 3880//3880
f 3851//3851 3858//3858 3880//3880
f 3880//3880 3858//3858 3881//3881
f 3858//3858 3857//3857 3881//3881
f 3857//3857 3856//3856 3881//3881
f 3881//3881 3856//3856 3882//3882
f 3856//3856 3855//3855 3882//3882
f 3855//3855 3863//3863 3882//3882
f 3882//3882 3863//3863 3883//3883
f 3863//3863 3862//3862 3883//3883
f 3862//3862 3860//3860 3883//3883
f 3860//3860 3866//3866 3883//3883
f 3883//3883 3866//3866 3884//3884
f 3866//3866 3865//3865 3884//3884
f 3865//3865 3869//3869 3884//3884
f 3884//3884 3869//3869 3885//3885
f 3869//3869 3868//3868 3885//3885
f 3868//3868 3872//3872 3885//3885
f 3885//3885 3872//3872 3886//3886
f 3872//3872 3871//3871 3886//3886
f 3871//3871 3877//3877 3886//3886
f 3886//3886 3877//3877 3887//3887
f 3845//3845 3888//3888 3873//3873
f 3888//3888 3889//3889 3873//3873
f 3873//3873 3889//3889 3874//3874
f 3889//3889 3887//3887 3874//3874
f 3874//3874 3887//3887 3876//3876
f 3887//3887 3877//3877 3876//3876
f 3890//3890 3888//3888 3891//3891
f 3888//3888 3845//3845 3891//3891
f 3844//3844 3892//3892 3845//3845
f 3892//3892 3891//3891 3845//3845
f 3891//3891 3892//3892 3893//3893
f 3891//3891 3893//3893 3894//3894
f 3893//3893 3895//3895 3894//3894
f 3894//3894 3895//3895 3896//3896
f 3895//3895 3897//3897 3896//3896
f 3896//3896 3897//3897 3898//3898
f 3897//3897 3899//3899 3898//3898
f 3898//3898 3899//3899 3900//3900
f 3899//3899 3901//3901 3900//3900
f 3900//3900 3901//3901 3902//3902
f 3901//3901 3903//3903 3902//3902
f 3902//3902 3903//3903 3904//3904
f 3903//3903 3905//3905 3904//3904
f 3904//3904 3905//3905 3906//3906
f 3905//3905 3907//3907 3906//3906
f 3906//3906 3907//3907 3908//3908
f 3890//3890 3891//3891 3894//3894
f 3890//3890 3894//3894 3909//3909
f 3894//3894 3896//3896 3909//3909
f 3909//3909 3896//3896 3910//3910
f 3896//3896 3898//3898 3910//3910
f 3910//3910 3898//3898 3911//3911
f 3898//3898 3900//3900 3911//3911
f 3911//3911 3900//3900 3912//3912
f 3900//3900 3902//3902 3912//3912
f 3912//3912 3902//3902 3913//3913
f 3902//3902 3904//3904 3913//3913
f 3913//3913 3904//3904 3914//3914
f 3904//3904 3906//3906 3914//3914
f 3914//3914 3906//3906 3915//3915
f 3906//3906 3908//3908 3915//3915
f 3915//3915 3908//3908 3916//3916
f 3916//3916 3908//3908 3917//3917
f 3916//3916 3917//3917 3918//3918
f 3917//3917 3919//3919 3918//3918
f 3918//3918 3919//3919 3920//3920
f 3919//3919 3921//3921 3920//3920
f 3920//3920 3921//3921 3922//3922
f 3921//3921 3923//3923 3922//3922
f 3922//3922 3923//3923 3924//3924
f 3924//3924 3923//3923 3925//3925
f 3924//3924 3925//3925 3926//3926
f 3925//3925 3927//3927 3926//3926
f 3926//3926 3927//3927 3928//3928
f 3927//3927 3929//3929 3928//3928
f 3928//3928 3929//3929 3930//3930
f 3929//3929 3931//3931 3930//3930
f 3930//3930 3931//3931 3932//3932
f 3931//3931 3933//3933 3932//3932
f 3932//3932 3933//3933 3934//3934
f 3933//3933 3935//3935 3934//3934
f 3934//3934 3935//3935 3936//3936
f 3935//3935 3937//3937 3936//3936
f 3936//3936 3937//3937 3938//3938
f 3937//3937 3761//3761 3938//3938
f 3938//3938 3761//3761 3809//3809
f 3763//3763 3761//3761 3937//3937
f 3763//3763 3937//3937 3939//3939
f 3937//3937 3935//3935 3939//3939
f 3939//3939 3935//3935 3940//3940
f 3935//3935 3933//3933 3940//3940
f 3940//3940 3933//3933 3941//3941
f 3933//3933 3931//3931 3941//3941
f 3941//3941 3931//3931 3942//3942
f 3931//3931 3929//3929 3942//3942
f 3942//3942 3929//3929 3943//3943
f 3929//3929 3927//3927 3943//3943
f 3943//3943 3927//3927 3944//3944
f 3927//3927 3925//3925 3944//3944
f 3944//3944 3925//3925 3945//3945
f 3925//3925 3923//3923 3945//3945
f 3945//3945 3923//3923 3946//3946
f 3715//3715 3714//3714 3730//3730
f 3946//3946 3923//3923 3921//3921
f 3947//3947 3946//3946 3948//3948
f 3949//3949 3950//3950 3951//3951
f 3950//3950 3952//3952 3951//3951
f 3951//3951 3952//3952 3953//3953
f 3952//3952 3947//3947 3953//3953
f 3953//3953 3947//3947 3954//3954
f 3947//3947 3948//3948 3954//3954
f 3955//3955 3748//3748 3949//3949
f 3748//3748 3956//3956 3949//3949
f 3949//3949 3956//3956 3950//3950
f 3626//3626 3625//3625 3957//3957
f 3625//3625 3715//3715 3957//3957
f 3917//3917 3908//3908 3907//3907
f 3946//3946 3921//3921 3948//3948
f 3921//3921 3919//3919 3948//3948
f 3948//3948 3919//3919 3958//3958
f 3919//3919 3917//3917 3958//3958
f 3958//3958 3917//3917 3959//3959
f 3917//3917 3907//3907 3959//3959
f 3959//3959 3907//3907 3960//3960
f 3907//3907 3819//3819 3960//3960
f 3960//3960 3819//3819 3818//3818
f 3715//3715 3730//3730 3957//3957
f 3730//3730 3728//3728 3957//3957
f 3957//3957 3728//3728 3961//3961
f 3728//3728 3726//3726 3961//3961
f 3961//3961 3726//3726 3955//3955
f 3726//3726 3725//3725 3955//3955
f 3955//3955 3725//3725 3748//3748
f 3962//3962 3736//3736 3734//3734
f 3950//3950 3744//3744 3742//3742
f 3963//3963 3964//3964 3952//3952
f 3964//3964 3965//3965 3952//3952
f 3952//3952 3965//3965 3966//3966
f 3946//3946 3947//3947 3945//3945
f 3947//3947 3952//3952 3945//3945
f 3962//3962 3734//3734 3967//3967
f 3734//3734 3733//3733 3967//3967
f 3967//3967 3733//3733 3968//3968
f 3733//3733 3759//3759 3968//3968
f 3968//3968 3759//3759 3969//3969
f 3759//3759 3765//3765 3969//3969
f 3969//3969 3765//3765 3970//3970
f 3765//3765 3794//3794 3970//3970
f 3970//3970 3794//3794 3971//3971
f 3794//3794 3789//3789 3971//3971
f 3971//3971 3789//3789 3972//3972
f 3789//3789 3786//3786 3972//3972
f 3972//3972 3786//3786 3973//3973
f 3786//3786 3783//3783 3973//3973
f 3973//3973 3783//3783 3974//3974
f 3744//3744 3950//3950 3746//3746
f 3950//3950 3956//3956 3746//3746
f 3746//3746 3956//3956 3748//3748
f 3963//3963 3952//3952 3975//3975
f 3952//3952 3950//3950 3975//3975
f 3975//3975 3950//3950 3976//3976
f 3950//3950 3742//3742 3976//3976
f 3976//3976 3742//3742 3977//3977
f 3742//3742 3740//3740 3977//3977
f 3977//3977 3740//3740 3962//3962
f 3740//3740 3738//3738 3962//3962
f 3962//3962 3738//3738 3736//3736
f 3940//3940 3941//3941 3978//3978
f 3941//3941 3942//3942 3978//3978
f 3978//3978 3942//3942 3966//3966
f 3942//3942 3943//3943 3966//3966
f 3966//3966 3943//3943 3952//3952
f 3943//3943 3944//3944 3952//3952
f 3952//3952 3944//3944 3945//3945
f 3783//3783 3778//3778 3974//3974
f 3778//3778 3780//3780 3974//3974
f 3974//3974 3780//3780 3979//3979
f 3780//3780 3773//3773 3979//3979
f 3979//3979 3773//3773 3980//3980
f 3773//3773 3772//3772 3980//3980
f 3980//3980 3772//3772 3981//3981
f 3772//3772 3769//3769 3981//3981
f 3981//3981 3769//3769 3982//3982
f 3769//3769 3767//3767 3982//3982
f 3982//3982 3767//3767 3983//3983
f 3767//3767 3766//3766 3983//3983
f 3983//3983 3766//3766 3984//3984
f 3766//3766 3762//3762 3984//3984
f 3984//3984 3762//3762 3985//3985
f 3762//3762 3763//3763 3985//3985
f 3985//3985 3763//3763 3978//3978
f 3763//3763 3939//3939 3978//3978
f 3978//3978 3939//3939 3940//3940
f 3984//3984 3986//3986 3983//3983
f 3986//3986 3987//3987 3983//3983
f 3983//3983 3987//3987 3982//3982
f 3987//3987 3988//3988 3982//3982
f 3982//3982 3988//3988 3981//3981
f 3988//3988 3989//3989 3981//3981
f 3981//3981 3989//3989 3980//3980
f 3989//3989 3990//3990 3980//3980
f 3980//3980 3990//3990 3979//3979
f 3990//3990 3991//3991 3979//3979
f 3979//3979 3991//3991 3974//3974
f 3991//3991 3992//3992 3974//3974
f 3974//3974 3992//3992 3973//3973
f 3992//3992 3993//3993 3973//3973
f 3973//3973 3993//3993 3972//3972
f 3993//3993 3994//3994 3972//3972
f 3972//3972 3994//3994 3971//3971
f 3994//3994 3995//3995 3971//3971
f 3971//3971 3995//3995 3970//3970
f 3995//3995 3996//3996 3970//3970
f 3970//3970 3996//3996 3969//3969
f 3996//3996 3997//3997 3969//3969
f 3969//3969 3997//3997 3968//3968
f 3997//3997 3998//3998 3968//3968
f 3968//3968 3998//3998 3967//3967
f 3998//3998 3999//3999 3967//3967
f 3967//3967 3999//3999 3962//3962
f 3999//3999 4000//4000 3962//3962
f 3962//3962 4000//4000 3977//3977
f 4000//4000 4001//4001 3977//3977
f 3977//3977 4001//4001 3976//3976
f 4001//4001 4002//4002 3976//3976
f 3976//3976 4002//4002 3975//3975
f 4002//4002 4003//4003 3975//3975
f 3975//3975 4003//4003 3963//3963
f 4003//4003 4004//4004 3963//3963
f 3963//3963 4004//4004 3964//3964
f 4004//4004 4005//4005 3964//3964
f 3964//3964 4005//4005 3965//3965
f 4005//4005 4006//4006 3965//3965
f 3965//3965 4006//4006 3966//3966
f 4006//4006 4007//4007 3966//3966
f 3966//3966 4007//4007 3978//3978
f 4007//4007 4008//4008 3978//3978
f 3978//3978 4008//4008 3985//3985
f 4008//4008 4009//4009 3985//3985
f 3985//3985 4009//4009 3984//3984
f 4009//4009 3986//3986 3984//3984
f 3813//3813 873//873 874//874
f 856//856 875//875 858//858
f 875//875 876//876 858//858
f 4010//4010 4011//4011 858//858
f 876//876 4012//4012 4013//4013
f 876//876 4013//4013 858//858
f 4013//4013 4014//4014 858//858
f 858//858 4014//4014 4010//4010
f 961//961 964//964 963//963
f 964//964 965//965 963//963
f 1843//1843 1841//1841 3812//3812
f 1833//1833 3818//3818 1835//1835
f 3818//3818 3812//3812 1835//1835
f 4011//4011 4015//4015 858//858
f 4015//4015 4016//4016 858//858
f 858//858 4016//4016 874//874
f 4016//4016 4017//4017 874//874
f 874//874 4017//4017 3813//3813
f 4017//4017 4018//4018 3813//3813
f 3813//3813 4018//4018 3812//3812
f 4018//4018 4019//4019 3812//3812
f 1801//1801 1799//1799 4019//4019
f 1841//1841 1839//1839 3812//3812
f 1839//1839 1837//1837 3812//3812
f 3812//3812 1837//1837 1835//1835
f 1833//1833 1831//1831 3818//3818
f 1831//1831 1829//1829 3818//3818
f 3818//3818 1829//1829 3960//3960
f 1829//1829 1827//1827 3960//3960
f 1827//1827 1825//1825 3960//3960
f 3960//3960 1825//1825 1823//1823
f 4019//4019 1799//1799 3812//3812
f 1799//1799 1797//1797 3812//3812
f 3812//3812 1797//1797 1843//1843
f 1726//1726 1815//1815 1813//1813
f 1821//1821 1819//1819 1726//1726
f 1819//1819 1817//1817 1726//1726
f 1726//1726 1817//1817 1815//1815
f 1738//1738 1736//1736 1807//1807
f 1736//1736 1734//1734 1807//1807
f 1807//1807 1734//1734 1809//1809
f 1734//1734 1732//1732 1809//1809
f 1809//1809 1732//1732 1811//1811
f 1732//1732 1730//1730 1811//1811
f 1811//1811 1730//1730 1813//1813
f 1730//1730 1728//1728 1813//1813
f 1813//1813 1728//1728 1726//1726
f 1738//1738 1807//1807 1740//1740
f 1807//1807 1805//1805 1740//1740
f 1740//1740 1805//1805 1803//1803
f 4020//4020 4021//4021 4022//4022
f 4021//4021 1699//1699 4022//4022
f 4022//4022 1699//1699 4023//4023
f 1699//1699 4024//4024 4023//4023
f 876//876 4025//4025 4012//4012
f 4025//4025 963//963 4012//4012
f 4012//4012 963//963 4026//4026
f 963//963 965//965 4026//4026
f 4026//4026 965//965 4020//4020
f 965//965 4027//4027 4020//4020
f 4020//4020 4027//4027 4021//4021
f 4019//4019 4028//4028 1801//1801
f 4028//4028 4029//4029 1801//1801
f 1801//1801 4029//4029 1803//1803
f 4029//4029 4030//4030 1803//1803
f 1803//1803 4030//4030 1740//1740
f 4030//4030 4031//4031 1740//1740
f 1740//1740 4031//4031 1742//1742
f 4031//4031 4032//4032 1742//1742
f 1742//1742 4032//4032 1744//1744
f 4032//4032 4033//4033 1744//1744
f 1744//1744 4033//4033 1746//1746
f 4033//4033 4034//4034 1746//1746
f 1746//1746 4034//4034 1747//1747
f 4034//4034 4035//4035 1747//1747
f 1747//1747 4035//4035 1699//1699
f 4035//4035 4036//4036 1699//1699
f 1699//1699 4036//4036 4024//4024
f 4005//4005 4004//4004 3953//3953
f 4000//4000 3999//3999 3949//3949
f 3953//3953 4004//4004 3951//3951
f 1713//1713 3995//3995 3994//3994
f 3954//3954 4007//4007 3953//3953
f 4007//4007 4006//4006 3953//3953
f 3953//3953 4006//4006 4005//4005
f 4004//4004 4003//4003 3951//3951
f 4003//4003 4002//4002 3951//3951
f 3951//3951 4002//4002 3949//3949
f 4002//4002 4001//4001 3949//3949
f 3949//3949 4001//4001 4000//4000
f 3987//3987 3986//3986 3948//3948
f 3986//3986 4009//4009 3948//3948
f 3948//3948 4009//4009 3954//3954
f 4009//4009 4008//4008 3954//3954
f 3954//3954 4008//4008 4007//4007
f 3999//3999 3998//3998 3949//3949
f 3998//3998 3997//3997 3949//3949
f 3949//3949 3997//3997 1713//1713
f 3997//3997 3996//3996 1713//1713
f 1713//1713 3996//3996 3995//3995
f 3990//3990 1723//1723 3991//3991
f 1723//1723 1721//1721 3991//3991
f 3991//3991 1721//1721 3992//3992
f 1721//1721 1719//1719 3992//3992
f 3992//3992 1719//1719 3993//3993
f 1719//1719 1717//1717 3993//3993
f 3993//3993 1717//1717 3994//3994
f 1717//1717 1715//1715 3994//3994
f 3994//3994 1715//1715 1713//1713
f 1823//1823 1821//1821 3960//3960
f 1821//1821 1726//1726 3960//3960
f 3960//3960 1726//1726 3990//3990
f 1726//1726 1725//1725 3990//3990
f 3990//3990 1725//1725 1723//1723
f 3948//3948 3958//3958 3987//3987
f 3958//3958 3959//3959 3987//3987
f 3987//3987 3959//3959 3988//3988
f 3959//3959 3960//3960 3988//3988
f 3988//3988 3960//3960 3989//3989
f 3960//3960 3990//3990 3989//3989
f 3957//3957 3961//3961 1713//1713
f 3961//3961 3955//3955 1713//1713
f 1713//1713 3955//3955 3949//3949
f 1701//1701 1699//1699 1765//1765
f 1757//1757 1755//1755 1709//1709
f 1757//1757 1709//1709 1759//1759
f 3957//3957 1751//1751 1749//1749
f 1789//1789 1787//1787 3626//3626
f 1787//1787 1785//1785 3626//3626
f 3626//3626 1785//1785 3621//3621
f 1785//1785 1783//1783 3621//3621
f 1783//1783 1781//1781 3621//3621
f 3621//3621 1781//1781 1779//1779
f 1779//1779 1777//1777 3621//3621
f 1777//1777 1775//1775 3621//3621
f 3621//3621 1775//1775 2681//2681
f 3621//3621 919//919 3620//3620
f 919//919 928//928 3620//3620
f 3620//3620 928//928 4037//4037
f 1751//1751 3957//3957 1753//1753
f 3957//3957 1713//1713 1753//1753
f 1753//1753 1713//1713 1755//1755
f 1713//1713 1711//1711 1755//1755
f 1755//1755 1711//1711 1709//1709
f 1749//1749 1795//1795 3957//3957
f 1795//1795 1793//1793 3957//3957
f 3957//3957 1793//1793 3626//3626
f 1793//1793 1791//1791 3626//3626
f 3626//3626 1791//1791 1789//1789
f 1775//1775 1773//1773 2681//2681
f 1773//1773 1771//1771 2681//2681
f 2681//2681 1771//1771 4021//4021
f 1771//1771 1769//1769 4021//4021
f 4021//4021 1769//1769 1699//1699
f 1769//1769 1767//1767 1699//1699
f 1699//1699 1767//1767 1765//1765
f 2679//2679 2682//2682 2681//2681
f 2682//2682 2683//2683 2681//2681
f 2681//2681 2683//2683 3621//3621
f 2683//2683 4038//4038 3621//3621
f 3621//3621 4038//4038 919//919
f 4038//4038 931//931 919//919
f 919//919 931//931 917//917
f 931//931 930//930 917//917
f 1759//1759 1709//1709 1761//1761
f 1709//1709 1707//1707 1761//1761
f 1761//1761 1707//1707 1763//1763
f 1707//1707 1705//1705 1763//1763
f 1763//1763 1705//1705 1765//1765
f 1705//1705 1703//1703 1765//1765
f 1765//1765 1703//1703 1701//1701
f 4039//4039 4022//4022 4040//4040
f 4022//4022 4023//4023 4040//4040
f 4040//4040 4023//4023 4041//4041
f 4023//4023 4024//4024 4041//4041
f 4041//4041 4024//4024 4042//4042
f 4024//4024 4036//4036 4042//4042
f 4042//4042 4036//4036 4043//4043
f 4036//4036 4035//4035 4043//4043
f 4043//4043 4035//4035 4044//4044
f 4035//4035 4034//4034 4044//4044
f 4044//4044 4034//4034 4045//4045
f 4034//4034 4033//4033 4045//4045
f 4045//4045 4033//4033 4046//4046
f 4033//4033 4032//4032 4046//4046
f 4046//4046 4032//4032 4047//4047
f 4032//4032 4031//4031 4047//4047
f 4047//4047 4031//4031 4048//4048
f 4031//4031 4030//4030 4048//4048
f 4048//4048 4030//4030 4049//4049
f 4030//4030 4029//4029 4049//4049
f 4049//4049 4029//4029 4050//4050
f 4029//4029 4028//4028 4050//4050
f 4050//4050 4028//4028 4051//4051
f 4028//4028 4019//4019 4051//4051
f 4051//4051 4019//4019 4052//4052
f 4019//4019 4018//4018 4052//4052
f 4052//4052 4018//4018 4053//4053
f 4018//4018 4017//4017 4053//4053
f 4053//4053 4017//4017 4054//4054
f 4017//4017 4016//4016 4054//4054
f 4054//4054 4016//4016 4055//4055
f 4016//4016 4015//4015 4055//4055
f 4055//4055 4015//4015 4056//4056
f 4015//4015 4011//4011 4056//4056
f 4056//4056 4011//4011 4057//4057
f 4011//4011 4010//4010 4057//4057
f 4057//4057 4010//4010 4058//4058
f 4010//4010 4014//4014 4058//4058
f 4058//4058 4014//4014 4059//4059
f 4014//4014 4013//4013 4059//4059
f 4059//4059 4013//4013 4060//4060
f 4013//4013 4012//4012 4060//4060
f 4060//4060 4012//4012 4061//4061
f 4012//4012 4026//4026 4061//4061
f 4061//4061 4026//4026 4062//4062
f 4026//4026 4020//4020 4062//4062
f 4062//4062 4020//4020 4039//4039
f 4020//4020 4022//4022 4039//4039
f 1671//1671 1669//1669 4052//4052
f 4059//4059 4060//4060 1696//1696
f 4060//4060 4061//4061 1696//1696
f 1696//1696 4061//4061 1673//1673
f 4052//4052 4053//4053 1671//1671
f 4053//4053 4054//4054 1671//1671
f 1671//1671 4054//4054 4055//4055
f 4061//4061 4062//4062 1673//1673
f 4062//4062 4039//4039 1673//1673
f 1673//1673 4039//4039 1675//1675
f 4039//4039 4040//4040 1675//1675
f 1675//1675 4040//4040 1677//1677
f 4040//4040 4041//4041 1677//1677
f 1677//1677 4041//4041 1679//1679
f 4041//4041 4042//4042 1679//1679
f 1679//1679 4042//4042 1681//1681
f 4042//4042 4043//4043 1681//1681
f 1681//1681 4043//4043 1683//1683
f 4043//4043 4044//4044 1683//1683
f 1683//1683 4044//4044 1685//1685
f 4044//4044 4045//4045 1685//1685
f 1685//1685 4045//4045 1687//1687
f 4045//4045 4046//4046 1687//1687
f 1687//1687 4046//4046 1689//1689
f 4046//4046 4047//4047 1689//1689
f 1689//1689 4047//4047 1691//1691
f 4047//4047 4048//4048 1691//1691
f 1691//1691 4048//4048 1693//1693
f 4048//4048 4049//4049 1693//1693
f 1693//1693 4049//4049 1695//1695
f 4049//4049 4050//4050 1695//1695
f 1695//1695 4050//4050 1669//1669
f 4050//4050 4051//4051 1669//1669
f 1669//1669 4051//4051 4052//4052
f 4055//4055 4056//4056 1671//1671
f 4056//4056 4057//4057 1671//1671
f 1671//1671 4057//4057 1696//1696
f 4057//4057 4058//4058 1696//1696
f 1696//1696 4058//4058 4059//4059
f 3832//3832 3820//3820 3819//3819
f 3819//3819 3907//3907 3905//3905
f 1830//1830 1832//1832 3819//3819
f 1832//1832 3830//3830 3819//3819
f 3819//3819 3830//3830 3832//3832
f 1832//1832 1834//1834 3830//3830
f 1834//1834 1836//1836 3830//3830
f 3830//3830 1836//1836 3828//3828
f 1836//1836 3826//3826 3828//3828
f 3905//3905 3903//3903 3819//3819
f 3903//3903 3901//3901 3819//3819
f 3819//3819 3901//3901 3899//3899
f 3897//3897 1824//1824 3899//3899
f 1824//1824 1826//1826 3899//3899
f 3899//3899 1826//1826 3819//3819
f 1826//1826 1828//1828 3819//3819
f 3819//3819 1828//1828 1830//1830
f 3826//3826 1836//1836 3824//3824
f 1836//1836 1838//1838 3824//3824
f 3824//3824 1838//1838 3821//3821
f 1838//1838 1840//1840 3821//3821
f 3821//3821 1840//1840 3842//3842
f 3897//3897 3895//3895 1824//1824
f 3895//3895 3893//3893 1824//1824
f 1824//1824 3893//3893 1822//1822
f 3893//3893 3892//3892 1822//1822
f 1822//1822 3892//3892 1820//1820
f 3892//3892 3844//3844 1820//1820
f 1820//1820 3844//3844 1818//1818
f 3844//3844 3843//3843 1818//1818
f 1818//1818 3843//3843 1816//1816
f 3843//3843 3875//3875 1816//1816
f 1816//1816 3875//3875 1814//1814
f 3875//3875 3870//3870 1814//1814
f 1814//1814 3870//3870 1812//1812
f 3870//3870 3867//3867 1812//1812
f 1812//1812 3867//3867 1810//1810
f 3867//3867 3864//3864 1810//1810
f 1810//1810 3864//3864 1808//1808
f 3864//3864 3859//3859 1808//1808
f 3859//3859 3861//3861 1808//1808
f 1808//1808 3861//3861 1806//1806
f 3861//3861 3854//3854 1806//1806
f 1806//1806 3854//3854 1804//1804
f 3854//3854 3853//3853 1804//1804
f 1804//1804 3853//3853 1802//1802
f 3853//3853 3850//3850 1802//1802
f 1802//1802 3850//3850 1800//1800
f 3850//3850 3848//3848 1800//1800
f 1800//1800 3848//3848 1798//1798
f 3848//3848 3847//3847 1798//1798
f 1798//1798 3847//3847 1796//1796
f 3847//3847 3842//3842 1796//1796
f 1796//1796 3842//3842 1842//1842
f 3842//3842 1840//1840 1842//1842
f 1782//1782 1784//1784 3636//3636
f 1784//1784 1786//1786 3636//3636
f 1786//1786 3625//3625 3636//3636
f 3636//3636 3625//3625 3638//3638
f 3625//3625 3627//3627 3638//3638
f 1786//1786 1788//1788 3625//3625
f 1788//1788 1790//1790 3625//3625
f 3625//3625 1790//1790 1792//1792
f 1760//1760 1762//1762 3669//3669
f 3669//3669 1762//1762 3674//3674
f 1762//1762 1764//1764 3674//3674
f 3674//3674 1764//1764 3677//3677
f 1764//1764 1766//1766 3677//3677
f 3677//3677 1766//1766 3682//3682
f 1766//1766 1768//1768 3682//3682
f 3682//3682 1768//1768 3650//3650
f 1768//1768 1770//1770 3650//3650
f 3650//3650 1770//1770 3649//3649
f 3715//3715 3625//3625 3713//3713
f 3625//3625 3711//3711 3713//3713
f 3703//3703 3705//3705 1792//1792
f 3705//3705 3707//3707 1792//1792
f 1792//1792 3707//3707 3625//3625
f 3707//3707 3709//3709 3625//3625
f 3625//3625 3709//3709 3711//3711
f 1782//1782 3636//3636 1780//1780
f 3636//3636 3634//3634 1780//1780
f 1780//1780 3634//3634 1778//1778
f 1770//1770 1772//1772 3649//3649
f 1772//1772 1774//1774 3649//3649
f 3649//3649 1774//1774 3629//3629
f 1774//1774 1776//1776 3629//3629
f 3629//3629 1776//1776 3630//3630
f 1776//1776 1778//1778 3630//3630
f 3630//3630 1778//1778 3632//3632
f 1778//1778 3634//3634 3632//3632
f 3669//3669 3671//3671 1760//1760
f 3671//3671 3664//3664 1760//1760
f 1760//1760 3664//3664 1758//1758
f 3664//3664 3663//3663 1758//1758
f 1758//1758 3663//3663 1756//1756
f 3663//3663 3658//3658 1756//1756
f 1756//1756 3658//3658 1754//1754
f 3658//3658 3657//3657 1754//1754
f 1754//1754 3657//3657 1752//1752
f 3657//3657 3655//3655 1752//1752
f 1752//1752 3655//3655 1750//1750
f 3655//3655 3654//3654 1750//1750
f 1750//1750 3654//3654 1748//1748
f 3654//3654 3653//3653 1748//1748
f 1748//1748 3653//3653 1794//1794
f 3653//3653 3699//3699 1794//1794
f 1794//1794 3699//3699 1792//1792
f 3699//3699 3701//3701 1792//1792
f 1792//1792 3701//3701 3703//3703
f 1184//1184 1185//1185 4063//4063
f 1185//1185 1202//1202 4063//4063
f 4063//4063 1202//1202 1203//1203
f 1667//1667 4064//4064 1147//1147
f 4064//4064 4065//4065 1147//1147
f 1147//1147 4065//4065 1146//1146
f 1697//1697 1670//1670 1696//1696
f 1670//1670 1671//1671 1696//1696
f 1161//1161 1160//1160 1667//1667
f 1160//1160 4064//4064 1667//1667
f 1698//1698 1700//1700 4066//4066
f 3807//3807 3808//3808 4067//4067
f 3640//3640 3641//3641 1195//1195
f 3641//3641 3642//3642 1195//1195
f 1195//1195 3642//3642 3643//3643
f 3643//3643 3644//3644 1195//1195
f 3644//3644 3645//3645 1195//1195
f 1195//1195 3645//3645 3624//3624
f 1046//1046 1048//1048 3694//3694
f 3640//3640 1195//1195 3648//3648
f 1195//1195 1193//1193 3648//3648
f 3648//3648 1193//1193 1191//1191
f 1050//1050 1052//1052 1700//1700
f 1052//1052 1054//1054 1700//1700
f 3696//3696 1041//1041 3695//3695
f 1041//1041 1043//1043 3695//3695
f 3695//3695 1043//1043 3694//3694
f 1043//1043 1044//1044 3694//3694
f 3694//3694 1044//1044 1046//1046
f 1191//1191 1189//1189 3648//3648
f 1189//1189 1187//1187 3648//3648
f 3648//3648 1187//1187 3646//3646
f 1187//1187 1036//1036 3646//3646
f 3646//3646 1036//1036 3696//3696
f 1036//1036 1039//1039 3696//3696
f 3696//3696 1039//1039 1041//1041
f 1008//1008 1010//1010 1714//1714
f 1048//1048 1050//1050 3694//3694
f 1050//1050 1700//1700 3694//3694
f 3694//3694 1700//1700 3693//3693
f 1700//1700 1702//1702 3693//3693
f 3693//3693 1702//1702 3692//3692
f 1702//1702 1704//1704 3692//3692
f 3692//3692 1704//1704 3691//3691
f 1704//1704 1706//1706 3691//3691
f 3691//3691 1706//1706 3690//3690
f 1706//1706 1708//1708 3690//3690
f 3690//3690 1708//1708 3689//3689
f 1708//1708 1710//1710 3689//3689
f 3689//3689 1710//1710 1712//1712
f 3686//3686 3687//3687 1033//1033
f 1712//1712 1714//1714 3689//3689
f 1714//1714 1031//1031 3689//3689
f 3689//3689 1031//1031 3688//3688
f 1031//1031 1029//1029 3688//3688
f 3688//3688 1029//1029 1027//1027
f 3721//3721 1662//1662 3720//3720
f 1662//1662 1660//1660 3720//3720
f 1658//1658 3731//3731 1660//1660
f 3731//3731 3716//3716 1660//1660
f 1660//1660 3716//3716 3717//3717
f 1027//1027 1025//1025 3688//3688
f 1025//1025 1023//1023 3688//3688
f 3688//3688 1023//1023 3687//3687
f 1023//1023 1021//1021 3687//3687
f 3687//3687 1021//1021 1033//1033
f 995//995 1002//1002 4067//4067
f 1002//1002 1004//1004 4067//4067
f 4067//4067 1004//1004 1714//1714
f 1004//1004 1006//1006 1714//1714
f 1714//1714 1006//1006 1008//1008
f 1010//1010 1012//1012 1714//1714
f 1012//1012 1015//1015 1714//1714
f 1714//1714 1015//1015 1031//1031
f 1033//1033 1035//1035 3686//3686
f 1035//1035 1666//1666 3686//3686
f 3686//3686 1666//1666 3685//3685
f 1666//1666 1664//1664 3685//3685
f 3717//3717 3718//3718 1660//1660
f 3718//3718 3719//3719 1660//1660
f 1660//1660 3719//3719 3720//3720
f 1658//1658 1656//1656 3731//3731
f 1656//1656 1654//1654 3731//3731
f 3731//3731 1654//1654 3729//3729
f 3721//3721 3722//3722 1662//1662
f 3722//3722 3723//3723 1662//1662
f 1662//1662 3723//3723 1664//1664
f 3723//3723 3698//3698 1664//1664
f 1664//1664 3698//3698 3685//3685
f 3751//3751 3752//3752 981//981
f 995//995 4067//4067 993//993
f 4067//4067 3808//3808 993//993
f 993//993 3808//3808 975//975
f 3724//3724 3727//3727 989//989
f 989//989 987//987 3724//3724
f 987//987 985//985 3724//3724
f 3724//3724 985//985 3756//3756
f 985//985 983//983 3756//3756
f 3756//3756 983//983 3755//3755
f 983//983 3754//3754 3755//3755
f 1654//1654 1649//1649 3729//3729
f 1649//1649 1651//1651 3729//3729
f 3729//3729 1651//1651 3727//3727
f 1651//1651 991//991 3727//3727
f 3727//3727 991//991 989//989
f 981//981 3752//3752 983//983
f 3752//3752 3753//3753 983//983
f 983//983 3753//3753 3754//3754
f 975//975 3808//3808 977//977
f 3808//3808 3757//3757 977//977
f 977//977 3757//3757 979//979
f 3757//3757 3749//3749 979//979
f 979//979 3749//3749 981//981
f 3749//3749 3750//3750 981//981
f 981//981 3750//3750 3751//3751
f 3798//3798 3799//3799 4068//4068
f 3799//3799 3800//3800 4068//4068
f 4068//4068 3800//3800 1722//1722
f 3800//3800 3801//3801 1722//1722
f 1722//1722 3801//3801 1720//1720
f 3801//3801 3802//3802 1720//1720
f 1720//1720 3802//3802 1718//1718
f 3802//3802 3803//3803 1718//1718
f 1718//1718 3803//3803 1716//1716
f 3803//3803 3804//3804 1716//1716
f 1716//1716 3804//3804 1714//1714
f 3804//3804 3805//3805 1714//1714
f 1714//1714 3805//3805 4067//4067
f 3805//3805 3806//3806 4067//4067
f 4067//4067 3806//3806 3807//3807
f 3932//3932 3934//3934 1125//1125
f 3924//3924 1121//1121 1119//1119
f 3924//3924 1119//1119 3922//3922
f 3932//3932 1125//1125 3930//3930
f 1119//1119 1117//1117 3922//3922
f 1117//1117 1112//1112 3922//3922
f 3922//3922 1112//1112 3920//3920
f 3798//3798 1001//1001 3797//3797
f 1001//1001 1129//1129 3797//3797
f 3797//3797 1129//1129 3809//3809
f 1129//1129 1127//1127 3809//3809
f 3809//3809 1127//1127 3938//3938
f 1127//1127 1125//1125 3938//3938
f 3938//3938 1125//1125 3936//3936
f 1125//1125 3934//3934 3936//3936
f 1121//1121 3924//3924 1123//1123
f 3924//3924 3926//3926 1123//1123
f 1123//1123 3926//3926 1125//1125
f 3926//3926 3928//3928 1125//1125
f 1125//1125 3928//3928 3930//3930
f 1099//1099 1097//1097 3889//3889
f 1112//1112 1114//1114 3920//3920
f 1114//1114 1111//1111 3920//3920
f 3920//3920 1111//1111 3918//3918
f 1111//1111 1109//1109 3918//3918
f 3889//3889 3888//3888 1099//1099
f 3888//3888 3890//3890 1099//1099
f 1099//1099 3890//3890 1101//1101
f 3890//3890 3909//3909 1101//1101
f 1097//1097 1074//1074 3889//3889
f 1074//1074 1077//1077 3889//3889
f 3889//3889 1077//1077 3887//3887
f 1077//1077 1079//1079 3887//3887
f 3887//3887 1079//1079 3886//3886
f 1079//1079 1086//1086 3886//3886
f 1109//1109 1107//1107 3918//3918
f 1107//1107 1105//1105 3918//3918
f 3918//3918 1105//1105 3916//3916
f 1105//1105 1103//1103 3916//3916
f 3909//3909 3910//3910 1101//1101
f 3910//3910 3911//3911 1101//1101
f 1101//1101 3911//3911 3912//3912
f 3912//3912 3913//3913 1101//1101
f 3913//3913 3914//3914 1101//1101
f 1101//1101 3914//3914 1103//1103
f 3914//3914 3915//3915 1103//1103
f 1103//1103 3915//3915 3916//3916
f 1086//1086 1088//1088 3886//3886
f 1088//1088 1090//1090 3886//3886
f 3886//3886 1090//1090 3885//3885
f 1090//1090 1092//1092 3885//3885
f 3885//3885 1092//1092 1722//1722
f 1092//1092 1094//1094 1722//1722
f 1094//1094 1018//1018 1722//1722
f 1018//1018 1019//1019 1722//1722
f 1722//1722 1019//1019 1213//1213
f 1213//1213 1211//1211 1722//1722
f 1211//1211 1209//1209 1722//1722
f 1722//1722 1209//1209 4068//4068
f 1209//1209 1207//1207 4068//4068
f 1207//1207 1205//1205 4068//4068
f 1205//1205 996//996 4068//4068
f 4068//4068 996//996 3798//3798
f 996//996 999//999 3798//3798
f 3798//3798 999//999 1001//1001
f 3879//3879 1081//1081 3878//3878
f 1081//1081 1083//1083 3878//3878
f 3878//3878 1083//1083 3840//3840
f 1083//1083 1085//1085 3840//3840
f 3840//3840 1085//1085 3841//3841
f 1085//1085 1130//1130 3841//3841
f 3841//3841 1130//1130 1143//1143
f 1073//1073 1071//1071 3880//3880
f 1071//1071 1069//1069 3880//3880
f 1069//1069 1067//1067 3880//3880
f 1067//1067 1065//1065 3880//3880
f 3880//3880 1065//1065 3879//3879
f 1065//1065 1063//1063 3879//3879
f 3879//3879 1063//1063 1081//1081
f 3880//3880 3881//3881 1073//1073
f 3881//3881 1737//1737 1073//1073
f 1073//1073 1737//1737 1059//1059
f 1737//1737 1058//1058 1059//1059
f 1722//1722 1724//1724 3885//3885
f 1724//1724 1727//1727 3885//3885
f 3885//3885 1727//1727 3884//3884
f 1727//1727 1729//1729 3884//3884
f 3884//3884 1729//1729 3883//3883
f 1729//1729 1731//1731 3883//3883
f 3883//3883 1731//1731 3882//3882
f 1731//1731 1733//1733 3882//3882
f 3882//3882 1733//1733 3881//3881
f 1733//1733 1735//1735 3881//3881
f 3881//3881 1735//1735 1737//1737
f 1137//1137 3835//3835 3836//3836
f 3816//3816 3833//3833 1137//1137
f 3833//3833 3834//3834 1137//1137
f 1137//1137 3834//3834 3835//3835
f 1143//1143 1141//1141 3841//3841
f 1141//1141 1139//1139 3841//3841
f 3841//3841 1139//1139 3838//3838
f 1139//1139 1137//1137 3838//3838
f 3838//3838 1137//1137 3837//3837
f 1137//1137 3836//3836 3837//3837
f 1137//1137 1135//1135 3816//3816
f 1135//1135 1133//1133 3816//3816
f 3816//3816 1133//1133 3815//3815
f 1133//1133 1145//1145 3815//3815
f 3815//3815 1145//1145 3814//3814
f 1200//1200 1199//1199 3624//3624
f 1199//1199 1197//1197 3624//3624
f 3624//3624 1197//1197 1195//1195
f 4069//4069 1737//1737 1739//1739
f 1739//1739 1741//1741 4069//4069
f 1741//1741 1743//1743 4069//4069
f 4069//4069 1743//1743 4066//4066
f 1743//1743 1745//1745 4066//4066
f 4066//4066 1745//1745 1698//1698
f 1054//1054 1061//1061 1700//1700
f 1061//1061 1183//1183 1700//1700
f 1700//1700 1183//1183 4066//4066
f 1183//1183 1181//1181 4066//4066
f 4066//4066 1181//1181 1179//1179
f 1177//1177 1175//1175 3614//3614
f 1175//1175 1166//1166 3614//3614
f 1169//1169 1171//1171 1173//1173
f 3624//3624 3622//3622 1200//1200
f 3622//3622 3617//3617 1200//1200
f 1200//1200 3617//3617 1203//1203
f 3617//3617 3611//3611 1203//1203
f 1203//1203 3611//3611 4063//4063
f 3611//3611 3612//3612 4063//4063
f 4063//4063 3612//3612 1184//1184
f 3612//3612 3614//3614 1184//1184
f 1184//1184 3614//3614 1173//1173
f 3614//3614 1166//1166 1173//1173
f 1173//1173 1166//1166 1169//1169
f 1152//1152 4069//4069 3615//3615
f 1152//1152 1154//1154 4069//4069
f 1154//1154 1156//1156 4069//4069
f 4069//4069 1156//1156 1737//1737
f 1156//1156 1158//1158 1737//1737
f 1737//1737 1158//1158 1058//1058
f 3814//3814 1145//1145 3607//3607
f 1145//1145 1146//1146 3607//3607
f 3607//3607 1146//1146 3610//3610
f 1146//1146 4065//4065 3610//3610
f 3610//3610 4065//4065 3615//3615
f 4065//4065 4064//4064 3615//3615
f 3615//3615 4064//4064 1160//1160
f 1163//1163 1165//1165 1160//1160
f 1165//1165 1148//1148 1160//1160
f 1160//1160 1148//1148 3615//3615
f 1148//1148 1150//1150 3615//3615
f 3615//3615 1150//1150 1152//1152
f 1672//1672 1674//1674 4066//4066
f 1179//1179 1177//1177 4066//4066
f 1177//1177 3614//3614 4066//4066
f 4066//4066 3614//3614 1672//1672
f 3614//3614 1697//1697 1672//1672
f 1674//1674 1676//1676 4066//4066
f 1676//1676 1678//1678 4066//4066
f 4066//4066 1678//1678 1680//1680
f 1697//1697 3614//3614 1670//1670
f 3614//3614 3615//3615 1670//1670
f 1670//1670 3615//3615 1668//1668
f 3615//3615 4069//4069 1668//1668
f 1668//1668 4069//4069 1694//1694
f 1680//1680 1682//1682 4066//4066
f 1682//1682 1684//1684 4066//4066
f 4066//4066 1684//1684 4069//4069
f 1684//1684 1686//1686 4069//4069
f 4069//4069 1686//1686 1688//1688
f 1688//1688 1690//1690 4069//4069
f 1690//1690 1692//1692 4069//4069
f 4069//4069 1692//1692 1694//1694
f 3608//3608 3811//3811 3607//3607
f 3811//3811 3814//3814 3607//3607
f 3813//3813 3811//3811 873//873
f 3811//3811 3608//3608 873//873
f 873//873 3608//3608 868//868
f 3608//3608 3605//3605 868//868
f 868//868 3605//3605 865//865
f 3605//3605 1845//1845 865//865
f 865//865 1845//1845 864//864
f 1845//1845 1844//1844 864//864
f 864//864 1844//1844 4070//4070
f 1844//1844 4071//4071 4070//4070
f 1846//1846 4072//4072 1844//1844
f 4072//4072 4071//4071 1844//1844
f 4073//4073 4074//4074 4075//4075
f 4074//4074 4076//4076 4075//4075
f 4075//4075 4071//4071 4073//4073
f 4071//4071 4072//4072 4073//4073
f 4077//4077 4070//4070 4075//4075
f 4070//4070 4071//4071 4075//4075
f 4078//4078 4079//4079 4080//4080
f 4079//4079 4077//4077 4080//4080
f 4080//4080 4077//4077 4076//4076
f 4077//4077 4075//4075 4076//4076
f 4081//4081 4082//4082 4083//4083
f 4081//4081 4083//4083 4084//4084
f 4083//4083 4085//4085 4084//4084
f 4084//4084 4085//4085 4086//4086
f 4085//4085 4087//4087 4086//4086
f 4086//4086 4087//4087 4088//4088
f 4087//4087 4089//4089 4088//4088
f 4088//4088 4089//4089 4090//4090
f 4089//4089 4091//4091 4090//4090
f 4090//4090 4091//4091 4092//4092
f 4091//4091 4080//4080 4092//4092
f 4092//4092 4080//4080 4076//4076
f 4093//4093 4081//4081 4084//4084
f 4093//4093 4084//4084 4094//4094
f 4084//4084 4086//4086 4094//4094
f 4094//4094 4086//4086 4095//4095
f 4086//4086 4088//4088 4095//4095
f 4095//4095 4088//4088 4096//4096
f 4088//4088 4090//4090 4096//4096
f 4096//4096 4090//4090 4097//4097
f 4090//4090 4092//4092 4097//4097
f 4097//4097 4092//4092 4098//4098
f 4092//4092 4076//4076 4098//4098
f 4098//4098 4076//4076 4074//4074
f 4099//4099 4100//4100 4101//4101
f 4100//4100 4081//4081 4101//4101
f 4101//4101 4081//4081 4093//4093
f 4102//4102 4082//4082 4100//4100
f 4082//4082 4081//4081 4100//4100
f 4102//4102 4100//4100 4103//4103
f 4100//4100 4104//4104 4103//4103
f 4103//4103 4104//4104 4105//4105
f 4104//4104 4106//4106 4105//4105
f 4105//4105 4106//4106 4107//4107
f 4106//4106 4108//4108 4107//4107
f 4107//4107 4108//4108 4109//4109
f 4108//4108 4110//4110 4109//4109
f 4109//4109 4110//4110 4111//4111
f 4110//4110 4112//4112 4111//4111
f 4111//4111 4112//4112 4113//4113
f 4112//4112 4114//4114 4113//4113
f 4113//4113 4114//4114 4115//4115
f 4114//4114 4116//4116 4115//4115
f 4115//4115 4116//4116 4117//4117
f 4116//4116 4118//4118 4117//4117
f 4117//4117 4118//4118 4119//4119
f 4118//4118 4120//4120 4119//4119
f 4119//4119 4120//4120 4121//4121
f 4120//4120 4122//4122 4121//4121
f 4121//4121 4122//4122 4123//4123
f 4122//4122 4124//4124 4123//4123
f 4123//4123 4124//4124 4125//4125
f 4124//4124 4126//4126 4125//4125
f 4125//4125 4126//4126 4127//4127
f 4126//4126 4128//4128 4127//4127
f 4100//4100 4099//4099 4104//4104
f 4099//4099 4129//4129 4104//4104
f 4104//4104 4129//4129 4106//4106
f 4129//4129 4130//4130 4106//4106
f 4106//4106 4130//4130 4108//4108
f 4130//4130 4131//4131 4108//4108
f 4108//4108 4131//4131 4110//4110
f 4131//4131 4132//4132 4110//4110
f 4110//4110 4132//4132 4112//4112
f 4132//4132 4133//4133 4112//4112
f 4112//4112 4133//4133 4114//4114
f 4133//4133 4134//4134 4114//4114
f 4114//4114 4134//4134 4116//4116
f 4134//4134 4135//4135 4116//4116
f 4116//4116 4135//4135 4118//4118
f 4135//4135 4136//4136 4118//4118
f 4118//4118 4136//4136 4120//4120
f 4136//4136 4137//4137 4120//4120
f 4120//4120 4137//4137 4122//4122
f 4137//4137 4138//4138 4122//4122
f 4122//4122 4138//4138 4124//4124
f 4138//4138 4139//4139 4124//4124
f 4124//4124 4139//4139 4126//4126
f 4139//4139 4140//4140 4126//4126
f 4126//4126 4140//4140 4128//4128
f 4140//4140 4141//4141 4128//4128
f 4142//4142 4128//4128 4143//4143
f 4128//4128 4141//4141 4143//4143
f 4144//4144 4127//4127 4142//4142
f 4127//4127 4128//4128 4142//4142
f 4144//4144 4142//4142 4145//4145
f 4144//4144 4145//4145 4146//4146
f 4145//4145 4147//4147 4146//4146
f 4146//4146 4147//4147 4148//4148
f 4147//4147 4149//4149 4148//4148
f 4148//4148 4149//4149 4150//4150
f 4149//4149 4151//4151 4150//4150
f 4150//4150 4151//4151 4152//4152
f 4151//4151 4153//4153 4152//4152
f 4152//4152 4153//4153 4154//4154
f 4153//4153 4155//4155 4154//4154
f 4154//4154 4155//4155 4156//4156
f 4155//4155 4157//4157 4156//4156
f 4156//4156 4157//4157 4158//4158
f 4157//4157 4159//4159 4158//4158
f 4158//4158 4159//4159 4160//4160
f 4161//4161 4159//4159 4157//4157
f 4161//4161 4157//4157 4162//4162
f 4157//4157 4155//4155 4162//4162
f 4162//4162 4155//4155 4163//4163
f 4155//4155 4153//4153 4163//4163
f 4163//4163 4153//4153 4164//4164
f 4153//4153 4151//4151 4164//4164
f 4164//4164 4151//4151 4165//4165
f 4151//4151 4149//4149 4165//4165
f 4165//4165 4149//4149 4166//4166
f 4149//4149 4147//4147 4166//4166
f 4166//4166 4147//4147 4167//4167
f 4147//4147 4145//4145 4167//4167
f 4167//4167 4145//4145 4168//4168
f 4145//4145 4142//4142 4168//4168
f 4168//4168 4142//4142 4143//4143
f 4169//4169 4170//4170 4171//4171
f 4169//4169 4171//4171 4172//4172
f 4171//4171 4173//4173 4172//4172
f 4172//4172 4173//4173 4174//4174
f 4173//4173 4175//4175 4174//4174
f 4174//4174 4175//4175 4176//4176
f 4175//4175 4159//4159 4176//4176
f 4176//4176 4159//4159 4161//4161
f 4177//4177 4178//4178 4179//4179
f 4177//4177 4179//4179 4180//4180
f 4179//4179 4181//4181 4180//4180
f 4180//4180 4181//4181 4182//4182
f 4181//4181 4183//4183 4182//4182
f 4182//4182 4183//4183 4184//4184
f 4183//4183 4185//4185 4184//4184
f 4184//4184 4185//4185 4186//4186
f 4185//4185 4187//4187 4186//4186
f 4186//4186 4187//4187 4188//4188
f 4187//4187 4189//4189 4188//4188
f 4188//4188 4189//4189 4190//4190
f 4189//4189 4191//4191 4190//4190
f 4190//4190 4191//4191 4192//4192
f 4191//4191 4193//4193 4192//4192
f 4192//4192 4193//4193 4170//4170
f 4194//4194 4177//4177 4180//4180
f 4194//4194 4180//4180 4195//4195
f 4180//4180 4182//4182 4195//4195
f 4195//4195 4182//4182 4196//4196
f 4182//4182 4184//4184 4196//4196
f 4196//4196 4184//4184 4197//4197
f 4184//4184 4186//4186 4197//4197
f 4197//4197 4186//4186 4198//4198
f 4186//4186 4188//4188 4198//4198
f 4198//4198 4188//4188 4199//4199
f 4188//4188 4190//4190 4199//4199
f 4199//4199 4190//4190 4200//4200
f 4190//4190 4192//4192 4200//4200
f 4200//4200 4192//4192 4201//4201
f 4192//4192 4170//4170 4201//4201
f 4201//4201 4170//4170 4169//4169
f 4194//4194 4202//4202 4177//4177
f 4202//4202 4203//4203 4177//4177
f 4177//4177 4203//4203 4178//4178
f 4203//4203 4204//4204 4178//4178
f 4205//4205 4206//4206 4207//4207
f 4206//4206 4208//4208 4207//4207
f 4204//4204 4203//4203 4209//4209
f 4203//4203 4210//4210 4209//4209
f 4209//4209 4210//4210 4211//4211
f 4210//4210 4212//4212 4211//4211
f 4211//4211 4212//4212 4213//4213
f 4212//4212 4214//4214 4213//4213
f 4213//4213 4214//4214 4215//4215
f 4214//4214 4216//4216 4215//4215
f 4215//4215 4216//4216 4217//4217
f 4216//4216 4218//4218 4217//4217
f 4217//4217 4218//4218 4219//4219
f 4218//4218 4220//4220 4219//4219
f 4219//4219 4220//4220 4221//4221
f 4220//4220 4222//4222 4221//4221
f 4221//4221 4222//4222 4223//4223
f 4222//4222 4224//4224 4223//4223
f 4223//4223 4224//4224 4225//4225
f 4224//4224 4226//4226 4225//4225
f 4225//4225 4226//4226 4227//4227
f 4226//4226 4228//4228 4227//4227
f 4227//4227 4228//4228 4229//4229
f 4228//4228 4230//4230 4229//4229
f 4229//4229 4230//4230 4231//4231
f 4230//4230 4232//4232 4231//4231
f 4231//4231 4232//4232 4207//4207
f 4232//4232 4205//4205 4207//4207
f 4203//4203 4202//4202 4210//4210
f 4202//4202 4233//4233 4210//4210
f 4210//4210 4233//4233 4212//4212
f 4233//4233 4234//4234 4212//4212
f 4212//4212 4234//4234 4214//4214
f 4234//4234 4235//4235 4214//4214
f 4214//4214 4235//4235 4216//4216
f 4235//4235 4236//4236 4216//4216
f 4216//4216 4236//4236 4218//4218
f 4236//4236 4237//4237 4218//4218
f 4218//4218 4237//4237 4220//4220
f 4237//4237 4238//4238 4220//4220
f 4220//4220 4238//4238 4222//4222
f 4238//4238 4239//4239 4222//4222
f 4222//4222 4239//4239 4224//4224
f 4239//4239 4240//4240 4224//4224
f 4224//4224 4240//4240 4226//4226
f 4240//4240 4241//4241 4226//4226
f 4226//4226 4241//4241 4228//4228
f 4241//4241 4242//4242 4228//4228
f 4228//4228 4242//4242 4230//4230
f 4242//4242 4243//4243 4230//4230
f 4230//4230 4243//4243 4232//4232
f 4243//4243 4244//4244 4232//4232
f 4232//4232 4244//4244 4205//4205
f 4244//4244 4245//4245 4205//4205
f 4206//4206 4205//4205 4246//4246
f 4205//4205 4245//4245 4246//4246
f 4247//4247 4248//4248 4249//4249
f 4248//4248 4250//4250 4249//4249
f 4249//4249 4250//4250 4251//4251
f 4250//4250 4252//4252 4251//4251
f 4253//4253 4252//4252 4254//4254
f 4252//4252 4250//4250 4254//4254
f 4255//4255 4256//4256 4257//4257
f 4254//4254 4250//4250 4257//4257
f 4250//4250 4248//4248 4257//4257
f 4257//4257 4248//4248 4255//4255
f 4258//4258 4259//4259 4260//4260
f 4258//4258 4260//4260 4261//4261
f 4260//4260 4262//4262 4261//4261
f 4261//4261 4262//4262 4263//4263
f 4262//4262 4264//4264 4263//4263
f 4263//4263 4264//4264 4265//4265
f 4264//4264 4266//4266 4265//4265
f 4265//4265 4266//4266 4267//4267
f 4266//4266 4268//4268 4267//4267
f 4267//4267 4268//4268 4269//4269
f 4268//4268 4254//4254 4269//4269
f 4269//4269 4254//4254 4257//4257
f 4253//4253 4254//4254 4268//4268
f 4253//4253 4268//4268 4270//4270
f 4268//4268 4266//4266 4270//4270
f 4270//4270 4266//4266 4271//4271
f 4266//4266 4264//4264 4271//4271
f 4271//4271 4264//4264 4272//4272
f 4264//4264 4262//4262 4272//4272
f 4272//4272 4262//4262 4273//4273
f 4262//4262 4260//4260 4273//4273
f 4273//4273 4260//4260 4274//4274
f 4260//4260 4259//4259 4274//4274
f 4274//4274 4259//4259 4275//4275
f 4276//4276 4277//4277 4259//4259
f 4277//4277 4278//4278 4259//4259
f 4259//4259 4278//4278 4275//4275
f 4258//4258 4279//4279 4259//4259
f 4279//4279 4276//4276 4259//4259
f 4280//4280 4281//4281 4282//4282
f 4281//4281 4283//4283 4282//4282
f 4282//4282 4283//4283 4284//4284
f 4283//4283 4285//4285 4284//4284
f 4284//4284 4285//4285 4286//4286
f 4285//4285 4287//4287 4286//4286
f 4286//4286 4287//4287 4288//4288
f 4287//4287 4289//4289 4288//4288
f 4288//4288 4289//4289 4290//4290
f 4289//4289 4291//4291 4290//4290
f 4290//4290 4291//4291 4292//4292
f 4291//4291 4293//4293 4292//4292
f 4292//4292 4293//4293 4294//4294
f 4293//4293 4295//4295 4294//4294
f 4294//4294 4295//4295 4296//4296
f 4295//4295 4297//4297 4296//4296
f 4296//4296 4297//4297 4298//4298
f 4297//4297 4299//4299 4298//4298
f 4298//4298 4299//4299 4300//4300
f 4299//4299 4301//4301 4300//4300
f 4300//4300 4301//4301 4302//4302
f 4301//4301 4303//4303 4302//4302
f 4302//4302 4303//4303 4304//4304
f 4303//4303 4305//4305 4304//4304
f 4304//4304 4305//4305 4279//4279
f 4305//4305 4276//4276 4279//4279
f 4281//4281 4306//4306 4283//4283
f 4306//4306 4307//4307 4283//4283
f 4283//4283 4307//4307 4285//4285
f 4307//4307 4308//4308 4285//4285
f 4285//4285 4308//4308 4287//4287
f 4308//4308 4309//4309 4287//4287
f 4287//4287 4309//4309 4289//4289
f 4309//4309 4310//4310 4289//4289
f 4289//4289 4310//4310 4291//4291
f 4310//4310 4311//4311 4291//4291
f 4291//4291 4311//4311 4293//4293
f 4311//4311 4312//4312 4293//4293
f 4293//4293 4312//4312 4295//4295
f 4312//4312 4313//4313 4295//4295
f 4295//4295 4313//4313 4297//4297
f 4313//4313 4314//4314 4297//4297
f 4297//4297 4314//4314 4299//4299
f 4314//4314 4315//4315 4299//4299
f 4299//4299 4315//4315 4301//4301
f 4315//4315 4316//4316 4301//4301
f 4301//4301 4316//4316 4303//4303
f 4316//4316 4317//4317 4303//4303
f 4303//4303 4317//4317 4305//4305
f 4317//4317 4318//4318 4305//4305
f 4305//4305 4318//4318 4276//4276
f 4318//4318 4277//4277 4276//4276
f 4319//4319 4306//4306 4320//4320
f 4306//4306 4281//4281 4320//4320
f 4280//4280 4321//4321 4281//4281
f 4321//4321 4320//4320 4281//4281
f 4320//4320 4321//4321 4322//4322
f 4320//4320 4322//4322 4323//4323
f 4322//4322 4324//4324 4323//4323
f 4323//4323 4324//4324 4325//4325
f 4324//4324 4326//4326 4325//4325
f 4325//4325 4326//4326 4327//4327
f 4326//4326 4328//4328 4327//4327
f 4327//4327 4328//4328 4329//4329
f 4328//4328 4330//4330 4329//4329
f 4329//4329 4330//4330 4331//4331
f 4330//4330 4332//4332 4331//4331
f 4331//4331 4332//4332 4333//4333
f 4332//4332 4334//4334 4333//4333
f 4333//4333 4334//4334 4335//4335
f 4334//4334 4336//4336 4335//4335
f 4335//4335 4336//4336 4337//4337
f 4319//4319 4320//4320 4323//4323
f 4319//4319 4323//4323 4338//4338
f 4323//4323 4325//4325 4338//4338
f 4338//4338 4325//4325 4339//4339
f 4325//4325 4327//4327 4339//4339
f 4339//4339 4327//4327 4340//4340
f 4327//4327 4329//4329 4340//4340
f 4340//4340 4329//4329 4341//4341
f 4329//4329 4331//4331 4341//4341
f 4341//4341 4331//4331 4342//4342
f 4331//4331 4333//4333 4342//4342
f 4342//4342 4333//4333 4343//4343
f 4333//4333 4335//4335 4343//4343
f 4343//4343 4335//4335 4344//4344
f 4335//4335 4337//4337 4344//4344
f 4344//4344 4337//4337 4345//4345
f 4345//4345 4337//4337 4346//4346
f 4345//4345 4346//4346 4347//4347
f 4346//4346 4348//4348 4347//4347
f 4347//4347 4348//4348 4349//4349
f 4348//4348 4350//4350 4349//4349
f 4349//4349 4350//4350 4351//4351
f 4350//4350 4352//4352 4351//4351
f 4351//4351 4352//4352 4353//4353
f 4353//4353 4352//4352 4354//4354
f 4353//4353 4354//4354 4355//4355
f 4354//4354 4356//4356 4355//4355
f 4355//4355 4356//4356 4357//4357
f 4356//4356 4358//4358 4357//4357
f 4357//4357 4358//4358 4359//4359
f 4358//4358 4360//4360 4359//4359
f 4359//4359 4360//4360 4361//4361
f 4360//4360 4362//4362 4361//4361
f 4361//4361 4362//4362 4363//4363
f 4362//4362 4364//4364 4363//4363
f 4363//4363 4364//4364 4365//4365
f 4364//4364 4366//4366 4365//4365
f 4365//4365 4366//4366 4367//4367
f 4366//4366 4206//4206 4367//4367
f 4367//4367 4206//4206 4246//4246
f 4208//4208 4206//4206 4366//4366
f 4208//4208 4366//4366 4368//4368
f 4366//4366 4364//4364 4368//4368
f 4368//4368 4364//4364 4369//4369
f 4364//4364 4362//4362 4369//4369
f 4369//4369 4362//4362 4370//4370
f 4362//4362 4360//4360 4370//4370
f 4370//4370 4360//4360 4371//4371
f 4360//4360 4358//4358 4371//4371
f 4371//4371 4358//4358 4372//4372
f 4358//4358 4356//4356 4372//4372
f 4372//4372 4356//4356 4373//4373
f 4356//4356 4354//4354 4373//4373
f 4373//4373 4354//4354 4374//4374
f 4354//4354 4352//4352 4374//4374
f 4374//4374 4352//4352 4375//4375
f 4376//4376 4375//4375 4377//4377
f 4377//4377 4378//4378 4376//4376
f 4378//4378 4379//4379 4376//4376
f 4376//4376 4379//4379 4380//4380
f 4379//4379 4381//4381 4380//4380
f 4380//4380 4381//4381 4382//4382
f 4381//4381 4383//4383 4382//4382
f 4382//4382 4383//4383 4384//4384
f 4384//4384 4383//4383 4193//4193
f 4383//4383 4385//4385 4193//4193
f 4193//4193 4385//4385 4170//4170
f 4079//4079 4078//4078 4386//4386
f 4078//4078 4160//4160 4386//4386
f 4386//4386 4160//4160 4387//4387
f 4346//4346 4337//4337 4336//4336
f 4170//4170 4385//4385 4171//4171
f 4385//4385 4388//4388 4171//4171
f 4171//4171 4388//4388 4173//4173
f 4388//4388 4387//4387 4173//4173
f 4173//4173 4387//4387 4175//4175
f 4387//4387 4160//4160 4175//4175
f 4175//4175 4160//4160 4159//4159
f 4256//4256 4255//4255 4336//4336
f 4255//4255 4389//4389 4336//4336
f 4336//4336 4389//4389 4346//4346
f 4389//4389 4390//4390 4346//4346
f 4346//4346 4390//4390 4348//4348
f 4390//4390 4377//4377 4348//4348
f 4348//4348 4377//4377 4350//4350
f 4377//4377 4375//4375 4350//4350
f 4350//4350 4375//4375 4352//4352
f 4380//4380 4382//4382 4391//4391
f 4382//4382 4189//4189 4187//4187
f 4391//4391 4392//4392 4380//4380
f 4392//4392 4393//4393 4380//4380
f 4380//4380 4393//4393 4394//4394
f 4375//4375 4376//4376 4374//4374
f 4376//4376 4380//4380 4374//4374
f 4189//4189 4382//4382 4191//4191
f 4382//4382 4384//4384 4191//4191
f 4191//4191 4384//4384 4193//4193
f 4183//4183 4395//4395 4185//4185
f 4395//4395 4396//4396 4185//4185
f 4185//4185 4396//4396 4187//4187
f 4396//4396 4397//4397 4187//4187
f 4187//4187 4397//4397 4382//4382
f 4397//4397 4398//4398 4382//4382
f 4382//4382 4398//4398 4391//4391
f 4369//4369 4370//4370 4399//4399
f 4370//4370 4371//4371 4399//4399
f 4399//4399 4371//4371 4394//4394
f 4371//4371 4372//4372 4394//4394
f 4394//4394 4372//4372 4380//4380
f 4372//4372 4373//4373 4380//4380
f 4380//4380 4373//4373 4374//4374
f 4400//4400 4221//4221 4401//4401
f 4221//4221 4223//4223 4401//4401
f 4401//4401 4223//4223 4402//4402
f 4223//4223 4225//4225 4402//4402
f 4402//4402 4225//4225 4403//4403
f 4225//4225 4227//4227 4403//4403
f 4403//4403 4227//4227 4404//4404
f 4227//4227 4229//4229 4404//4404
f 4404//4404 4229//4229 4405//4405
f 4229//4229 4231//4231 4405//4405
f 4405//4405 4231//4231 4406//4406
f 4231//4231 4207//4207 4406//4406
f 4406//4406 4207//4207 4407//4407
f 4207//4207 4208//4208 4407//4407
f 4407//4407 4208//4208 4399//4399
f 4208//4208 4368//4368 4399//4399
f 4399//4399 4368//4368 4369//4369
f 4183//4183 4181//4181 4395//4395
f 4181//4181 4179//4179 4395//4395
f 4395//4395 4179//4179 4408//4408
f 4179//4179 4178//4178 4408//4408
f 4408//4408 4178//4178 4409//4409
f 4178//4178 4204//4204 4409//4409
f 4409//4409 4204//4204 4410//4410
f 4204//4204 4209//4209 4410//4410
f 4410//4410 4209//4209 4411//4411
f 4209//4209 4211//4211 4411//4411
f 4411//4411 4211//4211 4412//4412
f 4211//4211 4213//4213 4412//4412
f 4412//4412 4213//4213 4413//4413
f 4213//4213 4215//4215 4413//4413
f 4413//4413 4215//4215 4414//4414
f 4215//4215 4217//4217 4414//4414
f 4414//4414 4217//4217 4400//4400
f 4217//4217 4219//4219 4400//4400
f 4400//4400 4219//4219 4221//4221
f 4415//4415 4409//4409 4416//4416
f 4409//4409 4410//4410 4416//4416
f 4416//4416 4410//4410 4417//4417
f 4410//4410 4411//4411 4417//4417
f 4417//4417 4411//4411 4418//4418
f 4411//4411 4412//4412 4418//4418
f 4418//4418 4412//4412 4419//4419
f 4412//4412 4413//4413 4419//4419
f 4419//4419 4413//4413 4420//4420
f 4413//4413 4414//4414 4420//4420
f 4420//4420 4414//4414 4421//4421
f 4414//4414 4400//4400 4421//4421
f 4421//4421 4400//4400 4422//4422
f 4400//4400 4401//4401 4422//4422
f 4422//4422 4401//4401 4423//4423
f 4401//4401 4402//4402 4423//4423
f 4423//4423 4402//4402 4424//4424
f 4402//4402 4403//4403 4424//4424
f 4424//4424 4403//4403 4425//4425
f 4403//4403 4404//4404 4425//4425
f 4425//4425 4404//4404 4426//4426
f 4404//4404 4405//4405 4426//4426
f 4426//4426 4405//4405 4427//4427
f 4405//4405 4406//4406 4427//4427
f 4427//4427 4406//4406 4428//4428
f 4406//4406 4407//4407 4428//4428
f 4428//4428 4407//4407 4429//4429
f 4407//4407 4399//4399 4429//4429
f 4429//4429 4399//4399 4430//4430
f 4399//4399 4394//4394 4430//4430
f 4430//4430 4394//4394 4431//4431
f 4394//4394 4393//4393 4431//4431
f 4431//4431 4393//4393 4432//4432
f 4393//4393 4392//4392 4432//4432
f 4432//4432 4392//4392 4433//4433
f 4392//4392 4391//4391 4433//4433
f 4433//4433 4391//4391 4434//4434
f 4391//4391 4398//4398 4434//4434
f 4434//4434 4398//4398 4435//4435
f 4398//4398 4397//4397 4435//4435
f 4435//4435 4397//4397 4436//4436
f 4397//4397 4396//4396 4436//4436
f 4436//4436 4396//4396 4437//4437
f 4396//4396 4395//4395 4437//4437
f 4437//4437 4395//4395 4438//4438
f 4395//4395 4408//4408 4438//4438
f 4438//4438 4408//4408 4415//4415
f 4408//4408 4409//4409 4415//4415
f 910//910 4439//4439 1338//1338
f 848//848 4077//4077 1260//1260
f 1340//1340 1338//1338 4440//4440
f 4077//4077 849//849 4070//4070
f 849//849 862//862 4070//4070
f 4070//4070 862//862 864//864
f 4386//4386 1238//1238 1240//1240
f 1240//1240 1242//1242 4386//4386
f 1242//1242 1244//1244 4386//4386
f 4386//4386 1244//1244 4079//4079
f 1244//1244 1246//1246 4079//4079
f 1246//1246 1248//1248 4079//4079
f 1248//1248 1250//1250 4079//4079
f 4079//4079 1250//1250 4077//4077
f 1250//1250 1252//1252 4077//4077
f 4077//4077 1252//1252 1254//1254
f 1254//1254 1256//1256 4077//4077
f 1256//1256 1258//1258 4077//4077
f 4077//4077 1258//1258 1260//1260
f 4441//4441 4439//4439 4442//4442
f 4439//4439 4443//4443 4442//4442
f 847//847 843//843 848//848
f 843//843 845//845 848//848
f 848//848 845//845 4077//4077
f 845//845 4444//4444 4077//4077
f 4077//4077 4444//4444 849//849
f 4444//4444 861//861 849//849
f 849//849 861//861 850//850
f 861//861 860//860 850//850
f 1238//1238 4386//4386 1236//1236
f 4386//4386 1311//1311 1236//1236
f 1236//1236 1311//1311 1234//1234
f 1354//1354 1224//1224 1356//1356
f 1224//1224 1226//1226 1356//1356
f 1356//1356 1226//1226 1358//1358
f 1226//1226 1228//1228 1358//1358
f 1358//1358 1228//1228 1359//1359
f 1228//1228 1230//1230 1359//1359
f 1359//1359 1230//1230 1311//1311
f 1230//1230 1232//1232 1311//1311
f 1311//1311 1232//1232 1234//1234
f 4445//4445 1224//1224 4446//4446
f 1224//1224 4447//4447 4446//4446
f 4448//4448 4449//4449 4439//4439
f 4441//4441 4450//4450 4439//4439
f 4450//4450 4451//4451 4439//4439
f 4439//4439 4451//4451 1338//1338
f 4451//4451 4452//4452 1338//1338
f 1338//1338 4452//4452 4440//4440
f 4448//4448 4439//4439 4453//4453
f 1348//1348 4447//4447 1350//1350
f 4447//4447 1224//1224 1350//1350
f 1350//1350 1224//1224 1352//1352
f 1224//1224 1354//1354 1352//1352
f 4445//4445 4454//4454 1224//1224
f 4454//4454 4455//4455 1224//1224
f 1224//1224 4455//4455 1222//1222
f 4455//4455 4456//4456 1222//1222
f 1222//1222 4456//4456 1220//1220
f 4456//4456 4457//4457 1220//1220
f 1220//1220 4457//4457 1218//1218
f 4457//4457 4458//4458 1218//1218
f 1218//1218 4458//4458 4459//4459
f 4459//4459 4460//4460 1218//1218
f 4460//4460 4461//4461 1218//1218
f 1218//1218 4461//4461 4462//4462
f 4449//4449 4463//4463 4439//4439
f 4463//4463 4464//4464 4439//4439
f 4439//4439 4464//4464 4443//4443
f 1348//1348 1346//1346 4447//4447
f 1346//1346 1344//1344 4447//4447
f 4447//4447 1344//1344 4440//4440
f 1344//1344 1342//1342 4440//4440
f 4440//4440 1342//1342 1340//1340
f 1260//1260 1214//1214 848//848
f 1214//1214 1216//1216 848//848
f 848//848 1216//1216 4465//4465
f 1216//1216 1218//1218 4465//4465
f 4465//4465 1218//1218 4439//4439
f 1218//1218 4462//4462 4439//4439
f 4439//4439 4462//4462 4453//4453
f 914//914 912//912 922//922
f 1308//1308 1262//1262 4389//4389
f 1286//1286 1288//1288 914//914
f 922//922 923//923 914//914
f 923//923 4466//4466 914//914
f 914//914 4466//4466 1338//1338
f 4466//4466 908//908 1338//1338
f 1338//1338 908//908 910//910
f 908//908 906//906 910//910
f 910//910 906//906 909//909
f 1278//1278 1280//1280 1338//1338
f 1280//1280 1282//1282 1338//1338
f 1338//1338 1282//1282 914//914
f 1282//1282 1284//1284 914//914
f 914//914 1284//1284 1286//1286
f 4248//4248 1290//1290 1292//1292
f 1292//1292 1294//1294 4248//4248
f 1294//1294 1296//1296 4248//4248
f 4248//4248 1296//1296 4255//4255
f 1296//1296 1298//1298 4255//4255
f 4255//4255 1298//1298 1300//1300
f 1300//1300 1302//1302 4255//4255
f 1302//1302 1304//1304 4255//4255
f 4255//4255 1304//1304 4389//4389
f 1304//1304 1306//1306 4389//4389
f 4389//4389 1306//1306 1308//1308
f 1329//1329 1327//1327 1268//1268
f 1327//1327 1325//1325 1268//1268
f 1268//1268 1325//1325 1266//1266
f 1325//1325 1264//1264 1266//1266
f 1338//1338 1337//1337 1278//1278
f 1337//1337 1335//1335 1278//1278
f 1278//1278 1335//1335 1333//1333
f 1288//1288 1290//1290 914//914
f 1290//1290 4248//4248 914//914
f 914//914 4248//4248 925//925
f 4248//4248 4247//4247 925//925
f 925//925 4247//4247 926//926
f 1268//1268 1270//1270 1329//1329
f 1270//1270 1272//1272 1329//1329
f 1329//1329 1272//1272 1331//1331
f 1272//1272 1274//1274 1331//1331
f 1331//1331 1274//1274 1333//1333
f 1274//1274 1276//1276 1333//1333
f 1333//1333 1276//1276 1278//1278
f 1262//1262 1264//1264 4389//4389
f 1264//1264 1325//1325 4389//4389
f 4389//4389 1325//1325 4390//4390
f 1325//1325 4377//4377 4390//4390
f 4426//4426 4427//4427 4378//4378
f 4427//4427 4428//4428 4378//4378
f 4433//4433 4381//4381 4432//4432
f 4381//4381 4379//4379 4432//4432
f 4428//4428 4429//4429 4378//4378
f 4429//4429 4430//4430 4378//4378
f 4378//4378 4430//4430 4379//4379
f 4430//4430 4431//4431 4379//4379
f 4379//4379 4431//4431 4432//4432
f 4433//4433 4434//4434 4381//4381
f 4434//4434 4435//4435 4381//4381
f 4381//4381 4435//4435 4383//4383
f 4435//4435 4436//4436 4383//4383
f 4436//4436 4437//4437 4383//4383
f 4383//4383 4437//4437 4385//4385
f 4377//4377 1325//1325 4378//4378
f 1325//1325 4425//4425 4378//4378
f 4378//4378 4425//4425 4426//4426
f 1315//1315 4419//4419 1317//1317
f 4419//4419 4420//4420 1317//1317
f 1317//1317 4420//4420 1319//1319
f 4420//4420 4421//4421 1319//1319
f 1319//1319 4421//4421 1321//1321
f 4421//4421 4422//4422 1321//1321
f 1321//1321 4422//4422 1323//1323
f 4422//4422 4423//4423 1323//1323
f 1323//1323 4423//4423 1325//1325
f 4423//4423 4424//4424 1325//1325
f 1325//1325 4424//4424 4425//4425
f 4437//4437 4438//4438 4385//4385
f 4438//4438 4415//4415 4385//4385
f 4385//4385 4415//4415 4388//4388
f 4415//4415 4416//4416 4388//4388
f 4388//4388 4416//4416 4387//4387
f 4416//4416 4386//4386 4387//4387
f 1315//1315 1313//1313 4419//4419
f 1313//1313 1311//1311 4419//4419
f 4419//4419 1311//1311 4418//4418
f 1311//1311 4386//4386 4418//4418
f 4418//4418 4386//4386 4417//4417
f 4386//4386 4416//4416 4417//4417
f 4451//4451 4467//4467 4452//4452
f 4467//4467 4468//4468 4452//4452
f 4452//4452 4468//4468 4440//4440
f 4468//4468 4469//4469 4440//4440
f 4440//4440 4469//4469 4447//4447
f 4469//4469 4470//4470 4447//4447
f 4447//4447 4470//4470 4446//4446
f 4470//4470 4471//4471 4446//4446
f 4446//4446 4471//4471 4445//4445
f 4471//4471 4472//4472 4445//4445
f 4445//4445 4472//4472 4454//4454
f 4472//4472 4473//4473 4454//4454
f 4454//4454 4473//4473 4455//4455
f 4473//4473 4474//4474 4455//4455
f 4455//4455 4474//4474 4456//4456
f 4474//4474 4475//4475 4456//4456
f 4456//4456 4475//4475 4457//4457
f 4475//4475 4476//4476 4457//4457
f 4457//4457 4476//4476 4458//4458
f 4476//4476 4477//4477 4458//4458
f 4458//4458 4477//4477 4459//4459
f 4477//4477 4478//4478 4459//4459
f 4459//4459 4478//4478 4460//4460
f 4478//4478 4479//4479 4460//4460
f 4460//4460 4479//4479 4461//4461
f 4479//4479 4480//4480 4461//4461
f 4461//4461 4480//4480 4462//4462
f 4480//4480 4481//4481 4462//4462
f 4462//4462 4481//4481 4453//4453
f 4481//4481 4482//4482 4453//4453
f 4453//4453 4482//4482 4448//4448
f 4482//4482 4483//4483 4448//4448
f 4448//4448 4483//4483 4449//4449
f 4483//4483 4484//4484 4449//4449
f 4449//4449 4484//4484 4463//4463
f 4484//4484 4485//4485 4463//4463
f 4463//4463 4485//4485 4464//4464
f 4485//4485 4486//4486 4464//4464
f 4464//4464 4486//4486 4443//4443
f 4486//4486 4487//4487 4443//4443
f 4443//4443 4487//4487 4442//4442
f 4487//4487 4488//4488 4442//4442
f 4442//4442 4488//4488 4441//4441
f 4488//4488 4489//4489 4441//4441
f 4441//4441 4489//4489 4450//4450
f 4489//4489 4490//4490 4450//4450
f 4450//4450 4490//4490 4451//4451
f 4490//4490 4467//4467 4451//4451
f 1362//1362 4484//4484 4483//4483
f 4483//4483 4482//4482 1362//1362
f 4482//4482 4481//4481 1362//1362
f 1362//1362 4481//4481 1360//1360
f 1364//1364 4490//4490 1389//1389
f 4490//4490 4489//4489 1389//1389
f 1389//1389 4489//4489 4488//4488
f 4488//4488 4487//4487 1389//1389
f 4487//4487 4486//4486 1389//1389
f 1389//1389 4486//4486 1362//1362
f 4486//4486 4485//4485 1362//1362
f 1362//1362 4485//4485 4484//4484
f 4481//4481 4480//4480 1360//1360
f 4480//4480 4479//4479 1360//1360
f 1360//1360 4479//4479 1386//1386
f 4479//4479 4478//4478 1386//1386
f 1386//1386 4478//4478 1384//1384
f 4478//4478 4477//4477 1384//1384
f 1384//1384 4477//4477 1382//1382
f 4477//4477 4476//4476 1382//1382
f 1382//1382 4476//4476 1380//1380
f 4476//4476 4475//4475 1380//1380
f 1380//1380 4475//4475 1378//1378
f 4475//4475 4474//4474 1378//1378
f 1378//1378 4474//4474 1376//1376
f 4474//4474 4473//4473 1376//1376
f 1376//1376 4473//4473 1374//1374
f 4473//4473 4472//4472 1374//1374
f 1374//1374 4472//4472 1372//1372
f 4472//4472 4471//4471 1372//1372
f 1372//1372 4471//4471 1370//1370
f 4471//4471 4470//4470 1370//1370
f 1370//1370 4470//4470 1368//1368
f 4470//4470 4469//4469 1368//1368
f 1368//1368 4469//4469 1366//1366
f 4469//4469 4468//4468 1366//1366
f 1366//1366 4468//4468 1364//1364
f 4468//4468 4467//4467 1364//1364
f 1364//1364 4467//4467 4490//4490
f 4269//4269 4257//4257 4256//4256
f 1297//1297 1295//1295 4267//4267
f 4269//4269 4256//4256 4267//4267
f 4267//4267 1295//1295 4265//4265
f 4279//4279 4258//4258 1291//1291
f 4256//4256 4330//4330 4328//4328
f 1297//1297 4267//4267 1299//1299
f 4267//4267 4256//4256 1299//1299
f 1299//1299 4256//4256 1301//1301
f 4336//4336 4334//4334 4256//4256
f 4334//4334 4332//4332 4256//4256
f 4256//4256 4332//4332 4330//4330
f 1291//1291 4258//4258 1293//1293
f 4258//4258 4261//4261 1293//1293
f 1293//1293 4261//4261 1295//1295
f 4261//4261 4263//4263 1295//1295
f 1295//1295 4263//4263 4265//4265
f 4326//4326 1307//1307 4328//4328
f 1307//1307 1305//1305 4328//4328
f 4328//4328 1305//1305 4256//4256
f 1305//1305 1303//1303 4256//4256
f 4256//4256 1303//1303 1301//1301
f 1291//1291 1289//1289 4279//4279
f 1289//1289 1287//1287 4279//4279
f 4279//4279 1287//1287 4304//4304
f 1287//1287 1285//1285 4304//4304
f 4304//4304 1285//1285 4302//4302
f 1285//1285 1283//1283 4302//4302
f 4302//4302 1283//1283 4300//4300
f 1283//1283 1281//1281 4300//4300
f 4300//4300 1281//1281 4298//4298
f 1281//1281 1279//1279 4298//4298
f 4298//4298 1279//1279 4296//4296
f 1279//1279 1277//1277 4296//4296
f 4296//4296 1277//1277 4294//4294
f 1277//1277 1275//1275 4294//4294
f 4326//4326 4324//4324 1307//1307
f 4324//4324 4322//4322 1307//1307
f 1307//1307 4322//4322 1309//1309
f 4322//4322 4321//4321 1309//1309
f 1309//1309 4321//4321 1263//1263
f 4321//4321 4280//4280 1263//1263
f 1263//1263 4280//4280 1265//1265
f 4280//4280 4282//4282 1265//1265
f 1265//1265 4282//4282 1267//1267
f 4282//4282 4284//4284 1267//1267
f 1267//1267 4284//4284 1269//1269
f 4284//4284 4286//4286 1269//1269
f 1269//1269 4286//4286 1271//1271
f 4286//4286 4288//4288 1271//1271
f 1271//1271 4288//4288 1273//1273
f 4288//4288 4290//4290 1273//1273
f 1273//1273 4290//4290 1275//1275
f 4290//4290 4292//4292 1275//1275
f 1275//1275 4292//4292 4294//4294
f 1255//1255 1253//1253 4089//4089
f 4080//4080 4091//4091 4078//4078
f 4091//4091 4089//4089 4078//4078
f 1253//1253 1251//1251 4089//4089
f 1251//1251 1249//1249 4089//4089
f 4089//4089 1249//1249 4078//4078
f 1249//1249 1247//1247 4078//4078
f 4152//4152 4154//4154 4078//4078
f 1227//1227 1225//1225 4111//4111
f 4148//4148 4150//4150 1243//1243
f 4111//4111 1225//1225 4109//4109
f 1225//1225 1223//1223 4109//4109
f 4109//4109 1223//1223 4107//4107
f 1223//1223 1221//1221 4107//4107
f 4107//4107 1221//1221 4105//4105
f 1221//1221 1219//1219 4105//4105
f 4105//4105 1219//1219 4103//4103
f 1219//1219 1217//1217 4103//4103
f 4103//4103 1217//1217 4102//4102
f 4150//4150 4152//4152 1243//1243
f 4152//4152 4078//4078 1243//1243
f 1243//1243 4078//4078 1245//1245
f 4078//4078 1247//1247 1245//1245
f 4154//4154 4156//4156 4078//4078
f 4156//4156 4158//4158 4078//4078
f 4078//4078 4158//4158 4160//4160
f 4089//4089 4087//4087 1255//1255
f 4087//4087 4085//4085 1255//1255
f 1255//1255 4085//4085 1257//1257
f 4085//4085 4083//4083 1257//1257
f 1257//1257 4083//4083 1259//1259
f 4083//4083 4082//4082 1259//1259
f 1259//1259 4082//4082 1261//1261
f 4082//4082 4102//4102 1261//1261
f 1261//1261 4102//4102 1215//1215
f 4102//4102 1217//1217 1215//1215
f 4111//4111 4113//4113 1227//1227
f 4113//4113 4115//4115 1227//1227
f 1227//1227 4115//4115 1229//1229
f 4115//4115 4117//4117 1229//1229
f 1229//1229 4117//4117 1231//1231
f 4117//4117 4119//4119 1231//1231
f 1231//1231 4119//4119 1233//1233
f 4119//4119 4121//4121 1233//1233
f 1233//1233 4121//4121 1235//1235
f 4121//4121 4123//4123 1235//1235
f 1235//1235 4123//4123 1237//1237
f 4123//4123 4125//4125 1237//1237
f 1237//1237 4125//4125 1239//1239
f 4125//4125 4127//4127 1239//1239
f 1239//1239 4127//4127 1241//1241
f 4127//4127 4144//4144 1241//1241
f 1241//1241 4144//4144 1243//1243
f 4144//4144 4146//4146 1243//1243
f 1243//1243 4146//4146 4148//4148
f 1648//1648 4491//4491 1538//1538
f 4491//4491 4492//4492 1538//1538
f 1538//1538 4492//4492 1537//1537
f 1564//1564 1464//1464 4493//4493
f 1464//1464 1473//1473 4493//4493
f 4493//4493 1473//1473 1562//1562
f 1363//1363 1388//1388 1362//1362
f 1388//1388 1389//1389 1362//1362
f 1581//1581 1580//1580 1648//1648
f 1580//1580 4491//4491 1648//1648
f 1347//1347 1349//1349 4494//4494
f 1534//1534 1528//1528 4074//4074
f 1351//1351 1493//1493 1494//1494
f 4132//4132 4131//4131 1491//1491
f 1351//1351 1353//1353 1493//1493
f 1353//1353 4132//4132 1493//1493
f 1493//1493 4132//4132 1492//1492
f 4132//4132 1491//1491 1492//1492
f 1494//1494 1495//1495 1351//1351
f 1495//1495 1496//1496 1351//1351
f 1351//1351 1496//1496 1349//1349
f 4101//4101 1531//1531 1532//1532
f 1532//1532 1533//1533 4101//4101
f 1533//1533 1527//1527 4101//4101
f 4101//4101 1527//1527 4099//4099
f 1527//1527 1502//1502 4099//4099
f 4099//4099 1502//1502 4129//4129
f 1502//1502 1501//1501 4129//4129
f 4129//4129 1501//1501 4130//4130
f 1501//1501 1500//1500 4130//4130
f 4130//4130 1500//1500 4131//4131
f 1500//1500 1490//1490 4131//4131
f 4131//4131 1490//1490 1491//1491
f 4137//4137 4136//4136 1357//1357
f 4136//4136 4135//4135 1357//1357
f 1357//1357 4135//4135 1355//1355
f 4135//4135 4134//4134 1355//1355
f 1355//1355 4134//4134 1353//1353
f 4134//4134 4133//4133 1353//1353
f 1353//1353 4133//4133 4132//4132
f 4137//4137 1357//1357 4138//4138
f 1357//1357 1310//1310 4138//4138
f 4138//4138 1310//1310 4139//4139
f 1506//1506 1310//1310 1507//1507
f 1310//1310 1312//1312 1507//1507
f 1507//1507 1312//1312 1508//1508
f 1506//1506 1505//1505 1310//1310
f 1505//1505 1504//1504 1310//1310
f 1310//1310 1504//1504 1503//1503
f 4141//4141 4140//4140 4176//4176
f 4140//4140 4139//4139 4176//4176
f 1628//1628 1539//1539 4495//4495
f 1539//1539 1540//1540 4495//4495
f 1508//1508 1312//1312 1545//1545
f 1312//1312 1314//1314 1545//1545
f 1545//1545 1314//1314 1544//1544
f 4176//4176 1509//1509 1510//1510
f 1541//1541 1542//1542 1314//1314
f 1542//1542 1543//1543 1314//1314
f 1314//1314 1543//1543 1544//1544
f 1509//1509 4176//4176 1497//1497
f 4141//4141 4176//4176 4143//4143
f 4176//4176 4161//4161 4143//4143
f 4143//4143 4161//4161 4162//4162
f 4139//4139 1310//1310 4176//4176
f 1310//1310 1503//1503 4176//4176
f 4176//4176 1503//1503 1497//1497
f 1503//1503 1499//1499 1497//1497
f 1497//1497 1499//1499 1498//1498
f 1510//1510 1511//1511 4176//4176
f 1511//1511 1512//1512 4176//4176
f 4176//4176 1512//1512 1513//1513
f 1513//1513 1514//1514 4176//4176
f 1514//1514 1515//1515 4176//4176
f 4176//4176 1515//1515 4174//4174
f 4162//4162 4163//4163 4143//4143
f 4163//4163 4164//4164 4143//4143
f 4143//4143 4164//4164 4165//4165
f 4165//4165 4166//4166 4143//4143
f 4166//4166 4167//4167 4143//4143
f 4143//4143 4167//4167 4168//4168
f 4196//4196 4197//4197 1523//1523
f 4169//4169 4172//4172 1519//1519
f 1519//1519 1520//1520 4169//4169
f 1520//1520 1521//1521 4169//4169
f 4169//4169 1521//1521 4201//4201
f 1521//1521 1522//1522 4201//4201
f 4201//4201 1522//1522 4200//4200
f 1522//1522 1523//1523 4200//4200
f 1515//1515 1516//1516 4174//4174
f 1516//1516 1518//1518 4174//4174
f 4174//4174 1518//1518 4172//4172
f 1518//1518 1517//1517 4172//4172
f 4172//4172 1517//1517 1519//1519
f 4197//4197 4198//4198 1523//1523
f 4198//4198 4199//4199 1523//1523
f 1523//1523 4199//4199 4200//4200
f 1526//1526 4233//4233 1525//1525
f 4233//4233 4202//4202 1525//1525
f 1525//1525 4202//4202 1524//1524
f 4202//4202 4194//4194 1524//1524
f 1524//1524 4194//4194 1523//1523
f 4194//4194 4195//4195 1523//1523
f 1523//1523 4195//4195 4196//4196
f 4495//4495 4236//4236 4235//4235
f 1526//1526 1628//1628 4233//4233
f 1628//1628 4495//4495 4233//4233
f 4233//4233 4495//4495 4234//4234
f 4495//4495 4235//4235 4234//4234
f 1322//1322 4496//4496 1320//1320
f 4496//4496 4241//4241 1320//1320
f 1540//1540 1541//1541 4495//4495
f 1541//1541 1314//1314 4495//4495
f 4495//4495 1314//1314 4236//4236
f 1314//1314 1316//1316 4236//4236
f 4241//4241 4240//4240 1320//1320
f 4240//4240 4239//4239 1320//1320
f 1320//1320 4239//4239 1318//1318
f 4239//4239 4238//4238 1318//1318
f 1318//1318 4238//4238 1316//1316
f 4238//4238 4237//4237 1316//1316
f 1316//1316 4237//4237 4236//4236
f 4244//4244 4243//4243 4496//4496
f 4243//4243 4242//4242 4496//4496
f 4496//4496 4242//4242 4241//4241
f 1630//1630 1629//1629 4244//4244
f 4353//4353 1635//1635 1636//1636
f 4353//4353 1636//1636 4351//4351
f 4244//4244 1629//1629 4245//4245
f 1629//1629 1631//1631 4245//4245
f 4245//4245 1631//1631 4246//4246
f 1631//1631 1632//1632 4246//4246
f 4246//4246 1632//1632 4367//4367
f 1632//1632 1633//1633 4367//4367
f 4367//4367 1633//1633 4365//4365
f 4359//4359 4361//4361 1633//1633
f 4361//4361 4363//4363 1633//1633
f 1633//1633 4363//4363 4365//4365
f 1635//1635 4353//4353 1634//1634
f 4353//4353 4355//4355 1634//1634
f 1634//1634 4355//4355 1633//1633
f 4355//4355 4357//4357 1633//1633
f 1633//1633 4357//4357 4359//4359
f 1636//1636 1637//1637 4351//4351
f 1637//1637 1638//1638 4351//4351
f 4351//4351 1638//1638 4349//4349
f 1630//1630 4244//4244 1622//1622
f 4244//4244 4496//4496 1622//1622
f 1622//1622 4496//4496 1623//1623
f 1617//1617 1618//1618 1324//1324
f 1608//1608 1615//1615 4309//4309
f 1326//1326 1328//1328 4310//4310
f 1617//1617 1324//1324 1616//1616
f 1324//1324 1326//1326 1616//1616
f 1616//1616 1326//1326 1615//1615
f 1326//1326 4310//4310 1615//1615
f 1615//1615 4310//4310 4309//4309
f 1627//1627 1626//1626 1322//1322
f 1626//1626 1625//1625 1322//1322
f 1322//1322 1625//1625 4496//4496
f 1625//1625 1624//1624 4496//4496
f 4496//4496 1624//1624 1623//1623
f 1618//1618 1619//1619 1324//1324
f 1619//1619 1620//1620 1324//1324
f 1324//1324 1620//1620 1322//1322
f 1620//1620 1621//1621 1322//1322
f 1322//1322 1621//1621 1627//1627
f 1638//1638 1640//1640 4349//4349
f 1640//1640 1639//1639 4349//4349
f 4349//4349 1639//1639 4347//4347
f 1639//1639 1641//1641 4347//4347
f 1641//1641 1642//1642 4347//4347
f 1642//1642 1643//1643 4347//4347
f 4347//4347 1643//1643 4345//4345
f 1643//1643 1644//1644 4345//4345
f 4339//4339 4340//4340 1645//1645
f 4340//4340 4341//4341 1645//1645
f 1608//1608 4309//4309 1609//1609
f 4309//4309 4308//4308 1609//1609
f 1609//1609 4308//4308 1610//1610
f 4308//4308 4307//4307 1610//1610
f 1610//1610 4307//4307 1647//1647
f 4307//4307 4306//4306 1647//1647
f 1647//1647 4306//4306 1646//1646
f 4306//4306 4319//4319 1646//1646
f 1646//1646 4319//4319 1645//1645
f 4319//4319 4338//4338 1645//1645
f 1645//1645 4338//4338 4339//4339
f 4341//4341 4342//4342 1645//1645
f 4342//4342 4343//4343 1645//1645
f 1645//1645 4343//4343 1644//1644
f 4343//4343 4344//4344 1644//1644
f 1644//1644 4344//4344 4345//4345
f 4315//4315 4314//4314 1332//1332
f 4314//4314 4313//4313 1332//1332
f 1332//1332 4313//4313 1330//1330
f 4313//4313 4312//4312 1330//1330
f 1330//1330 4312//4312 1328//1328
f 4312//4312 4311//4311 1328//1328
f 1328//1328 4311//4311 4310//4310
f 1332//1332 1334//1334 1603//1603
f 1332//1332 1603//1603 4315//4315
f 1603//1603 1601//1601 4315//4315
f 4315//4315 1601//1601 4316//4316
f 1594//1594 1607//1607 1334//1334
f 1607//1607 1605//1605 1334//1334
f 1334//1334 1605//1605 1603//1603
f 1594//1594 1334//1334 1592//1592
f 1334//1334 1336//1336 1592//1592
f 1592//1592 1336//1336 1590//1590
f 1601//1601 1599//1599 4316//4316
f 1599//1599 1597//1597 4316//4316
f 4316//4316 1597//1597 4317//4317
f 1597//1597 1613//1613 4317//4317
f 4317//4317 1613//1613 4318//4318
f 1613//1613 1611//1611 4318//4318
f 4318//4318 1611//1611 4277//4277
f 1611//1611 1560//1560 4277//4277
f 4277//4277 1560//1560 4278//4278
f 1560//1560 1548//1548 4278//4278
f 4278//4278 1548//1548 1550//1550
f 1550//1550 1552//1552 4278//4278
f 1552//1552 1554//1554 4278//4278
f 4278//4278 1554//1554 4275//4275
f 1554//1554 1556//1556 4275//4275
f 4275//4275 1556//1556 4274//4274
f 4271//4271 1556//1556 4270//4270
f 1556//1556 4253//4253 4270//4270
f 4271//4271 4272//4272 1556//1556
f 4272//4272 4273//4273 1556//1556
f 1556//1556 4273//4273 4274//4274
f 1556//1556 1558//1558 4253//4253
f 1558//1558 1547//1547 4253//4253
f 4253//4253 1547//1547 4252//4252
f 1547//1547 1535//1535 4252//4252
f 4252//4252 1535//1535 4251//4251
f 4094//4094 4095//4095 1530//1530
f 4095//4095 4096//4096 1530//1530
f 1530//1530 4096//4096 4097//4097
f 1531//1531 4101//4101 1530//1530
f 4101//4101 4093//4093 1530//1530
f 1530//1530 4093//4093 4094//4094
f 1528//1528 1529//1529 4074//4074
f 1529//1529 1530//1530 4074//4074
f 4074//4074 1530//1530 4098//4098
f 1530//1530 4097//4097 4098//4098
f 1568//1568 1567//1567 4494//4494
f 1496//1496 1571//1571 1349//1349
f 1571//1571 1570//1570 1349//1349
f 1349//1349 1570//1570 4494//4494
f 1570//1570 1569//1569 4494//4494
f 4494//4494 1569//1569 1568//1568
f 1567//1567 1566//1566 1855//1855
f 1566//1566 1565//1565 1855//1855
f 1573//1573 1572//1572 1563//1563
f 4074//4074 4073//4073 1534//1534
f 4073//4073 4072//4072 1534//1534
f 1534//1534 4072//4072 1562//1562
f 4072//4072 1846//1846 1562//1562
f 1562//1562 1846//1846 4493//4493
f 1846//1846 1854//1854 4493//4493
f 4493//4493 1854//1854 1564//1564
f 1854//1854 1855//1855 1564//1564
f 1564//1564 1855//1855 1563//1563
f 1855//1855 1565//1565 1563//1563
f 1563//1563 1565//1565 1573//1573
f 1339//1339 4497//4497 1336//1336
f 4497//4497 1588//1588 1336//1336
f 1336//1336 1588//1588 1590//1590
f 1339//1339 1341//1341 4497//4497
f 1341//1341 1343//1343 4497//4497
f 4497//4497 1343//1343 4494//4494
f 1343//1343 1345//1345 4494//4494
f 4494//4494 1345//1345 1347//1347
f 1852//1852 1584//1584 4497//4497
f 1584//1584 1586//1586 4497//4497
f 4497//4497 1586//1586 1588//1588
f 4251//4251 1535//1535 1850//1850
f 1535//1535 1537//1537 1850//1850
f 1850//1850 1537//1537 1851//1851
f 1537//1537 4492//4492 1851//1851
f 1851//1851 4492//4492 1852//1852
f 4492//4492 4491//4491 1852//1852
f 1852//1852 4491//4491 1580//1580
f 1578//1578 1576//1576 1580//1580
f 1576//1576 1575//1575 1580//1580
f 1580//1580 1575//1575 1852//1852
f 1575//1575 1582//1582 1852//1852
f 1852//1852 1582//1582 1584//1584
f 1567//1567 1855//1855 4494//4494
f 1855//1855 1361//1361 4494//4494
f 4494//4494 1361//1361 1387//1387
f 1387//1387 1385//1385 4494//4494
f 1385//1385 1383//1383 4494//4494
f 4494//4494 1383//1383 1381//1381
f 1369//1369 4497//4497 1371//1371
f 4497//4497 1373//1373 1371//1371
f 1369//1369 1367//1367 4497//4497
f 1367//1367 1365//1365 4497//4497
f 4497//4497 1365//1365 1852//1852
f 1365//1365 1388//1388 1852//1852
f 1852//1852 1388//1388 1855//1855
f 1388//1388 1363//1363 1855//1855
f 1855//1855 1363//1363 1361//1361
f 1381//1381 1379//1379 4494//4494
f 1379//1379 1377//1377 4494//4494
f 4494//4494 1377//1377 4497//4497
f 1377//1377 1375//1375 4497//4497
f 4497//4497 1375//1375 1373//1373
f 1856//1856 4249//4249 1850//1850
f 4249//4249 4251//4251 1850//1850
f 4247//4247 4249//4249 926//926
f 4249//4249 1856//1856 926//926
f 926//926 1856//1856 927//927
f 1856//1856 1857//1857 927//927
f 927//927 1857//1857 4498//4498
f 1857//1857 1858//1858 4498//4498
f 4498//4498 1858//1858 4037//4037
f 1858//1858 3616//3616 4037//4037
f 4037//4037 3616//3616 3620//3620
f 3616//3616 3618//3618 3620//3620
f 928//928 929//929 4037//4037
f 929//929 4498//4498 4037//4037
f 4499//4499 924//924 927//927
f 4498//4498 929//929 4500//4500
f 4500//4500 4501//4501 4498//4498
f 4501//4501 4502//4502 4498//4498
f 4498//4498 4502//4502 927//927
f 4502//4502 4503//4503 927//927
f 927//927 4503//4503 4499//4499
f 2503//2503 2504//2504 2486//2486
f 2460//2460 2479//2479 2455//2455
f 2506//2506 2509//2509 2504//2504
f 2509//2509 3281//3281 2504//2504
f 2504//2504 3281//3281 2455//2455
f 2455//2455 2479//2479 2504//2504
f 2479//2479 2481//2481 2504//2504
f 2504//2504 2481//2481 2486//2486
f 3281//3281 3279//3279 2455//2455
f 3279//3279 2436//2436 2455//2455
f 2455//2455 2436//2436 2452//2452
f 2436//2436 2451//2451 2452//2452
f 2506//2506 2522//2522 2509//2509
f 2522//2522 2520//2520 2509//2509
f 2509//2509 2520//2520 2510//2510
f 2455//2455 2457//2457 2460//2460
f 2457//2457 2473//2473 2460//2460
f 2460//2460 2473//2473 2471//2471
f 2497//2497 2499//2499 2486//2486
f 2499//2499 2501//2501 2486//2486
f 2486//2486 2501//2501 2503//2503
f 2520//2520 2518//2518 2516//2516
f 2460//2460 2465//2465 2461//2461
f 2465//2465 2463//2463 2461//2461
f 2489//2489 2491//2491 2493//2493
f 2516//2516 2514//2514 2520//2520
f 2514//2514 2512//2512 2520//2520
f 2520//2520 2512//2512 2510//2510
f 2451//2451 2436//2436 2449//2449
f 2436//2436 2439//2439 2449//2449
f 2449//2449 2439//2439 2441//2441
f 2471//2471 2469//2469 2460//2460
f 2469//2469 2467//2467 2460//2460
f 2460//2460 2467//2467 2465//2465
f 2441//2441 2443//2443 2449//2449
f 2443//2443 2445//2445 2449//2449
f 2449//2449 2445//2445 2447//2447
f 2489//2489 2493//2493 2486//2486
f 2493//2493 2495//2495 2486//2486
f 2486//2486 2495//2495 2497//2497
f 463//463 465//465 745//745
f 745//745 465//465 794//794
f 792//792 768//768 794//794
f 768//768 770//770 794//794
f 794//794 770//770 745//745
f 465//465 467//467 794//794
f 467//467 469//469 794//794
f 794//794 469//469 796//796
f 469//469 811//811 796//796
f 770//770 766//766 745//745
f 766//766 749//749 745//745
f 745//745 749//749 747//747
f 749//749 764//764 747//747
f 745//745 743//743 463//463
f 743//743 740//740 463//463
f 463//463 740//740 738//738
f 792//792 790//790 768//768
f 790//790 788//788 768//768
f 768//768 788//788 778//778
f 728//728 463//463 730//730
f 463//463 732//732 730//730
f 788//788 786//786 784//784
f 738//738 736//736 463//463
f 736//736 734//734 463//463
f 463//463 734//734 732//732
f 799//799 801//801 469//469
f 801//801 803//803 469//469
f 469//469 803//803 805//805
f 805//805 807//807 469//469
f 807//807 809//809 469//469
f 469//469 809//809 811//811
f 784//784 782//782 788//788
f 782//782 780//780 788//788
f 788//788 780//780 778//778
f 764//764 749//749 762//762
f 749//749 752//752 762//762
f 762//762 752//752 754//754
f 754//754 756//756 762//762
f 756//756 758//758 762//762
f 762//762 758//758 760//760
f 3017//3017 3021//3021 3023//3023
f 3230//3230 3228//3228 3232//3232
f 2551//2551 2552//2552 2534//2534
f 2597//2597 2595//2595 4504//4504
f 361//361 363//363 375//375
f 663//663 664//664 455//455
f 709//709 707//707 4505//4505
f 2798//2798 2802//2802 888//888
f 924//924 4499//4499 933//933
f 4499//4499 4506//4506 933//933
f 933//933 4506//4506 934//934
f 3277//3277 939//939 4506//4506
f 939//939 936//936 4506//4506
f 4506//4506 936//936 934//934
f 933//933 939//939 924//924
f 939//939 3277//3277 924//924
f 924//924 3277//3277 916//916
f 3277//3277 3274//3274 916//916
f 916//916 3274//3274 915//915
f 3274//3274 3104//3104 915//915
f 915//915 3104//3104 913//913
f 3104//3104 923//923 913//913
f 3104//3104 3108//3108 923//923
f 3108//3108 3270//3270 923//923
f 923//923 3270//3270 4466//4466
f 3270//3270 3272//3272 4466//4466
f 4466//4466 3272//3272 908//908
f 3116//3116 907//907 3112//3112
f 907//907 908//908 3112//3112
f 3112//3112 908//908 3268//3268
f 908//908 3272//3272 3268//3268
f 3128//3128 3132//3132 910//910
f 910//910 3132//3132 4439//4439
f 3132//3132 3226//3226 4439//4439
f 4439//4439 3226//3226 4465//4465
f 3226//3226 3224//3224 4465//4465
f 4465//4465 3224//3224 848//848
f 3140//3140 846//846 3136//3136
f 846//846 848//848 3136//3136
f 3136//3136 848//848 3219//3219
f 848//848 3224//3224 3219//3219
f 3152//3152 3156//3156 845//845
f 3156//3156 3176//3176 845//845
f 845//845 3176//3176 4444//4444
f 3176//3176 3178//3178 4444//4444
f 4444//4444 3178//3178 861//861
f 3178//3178 3174//3174 861//861
f 3174//3174 3160//3160 861//861
f 861//861 3160//3160 852//852
f 3160//3160 3164//3164 852//852
f 883//883 4504//4504 880//880
f 4504//4504 869//869 880//880
f 880//880 869//869 879//879
f 869//869 863//863 879//879
f 863//863 854//854 879//879
f 879//879 854//854 882//882
f 3171//3171 854//854 3164//3164
f 854//854 853//853 3164//3164
f 3164//3164 853//853 852//852
f 883//883 882//882 4504//4504
f 882//882 854//854 4504//4504
f 4504//4504 854//854 3169//3169
f 854//854 3171//3171 3169//3169
f 867//867 866//866 967//967
f 450//450 973//973 4507//4507
f 973//973 970//970 4507//4507
f 4507//4507 970//970 968//968
f 967//967 973//973 867//867
f 973//973 450//450 867//867
f 867//867 450//450 859//859
f 450//450 472//472 859//859
f 859//859 472//472 857//857
f 472//472 479//479 857//857
f 857//857 479//479 876//876
f 479//479 475//475 876//876
f 475//475 477//477 876//876
f 876//876 477//477 4025//4025
f 477//477 481//481 4025//4025
f 4025//4025 481//481 963//963
f 513//513 509//509 531//531
f 509//509 511//511 531//531
f 531//531 511//511 530//530
f 513//513 962//962 494//494
f 962//962 486//486 494//494
f 513//513 531//531 962//962
f 531//531 537//537 962//962
f 962//962 537//537 965//965
f 481//481 483//483 963//963
f 483//483 489//489 963//963
f 963//963 489//489 962//962
f 489//489 484//484 962//962
f 962//962 484//484 486//486
f 505//505 503//503 501//501
f 486//486 491//491 494//494
f 491//491 507//507 494//494
f 494//494 507//507 495//495
f 507//507 497//497 495//495
f 530//530 511//511 528//528
f 511//511 516//516 528//528
f 528//528 516//516 518//518
f 505//505 501//501 507//507
f 501//501 499//499 507//507
f 507//507 499//499 497//497
f 518//518 520//520 528//528
f 520//520 522//522 528//528
f 528//528 522//522 526//526
f 522//522 524//524 526//526
f 589//589 590//590 570//570
f 553//553 572//572 546//546
f 572//572 568//568 546//546
f 546//546 568//568 2680//2680
f 570//570 590//590 568//568
f 568//568 590//590 2680//2680
f 590//590 596//596 2680//2680
f 2680//2680 596//596 2683//2683
f 537//537 533//533 965//965
f 533//533 535//535 965//965
f 965//965 535//535 4027//4027
f 535//535 539//539 4027//4027
f 4027//4027 539//539 4021//4021
f 539//539 541//541 4021//4021
f 4021//4021 541//541 2681//2681
f 541//541 548//548 2681//2681
f 2681//2681 548//548 2680//2680
f 548//548 544//544 2680//2680
f 2680//2680 544//544 546//546
f 570//570 581//581 583//583
f 581//581 570//570 579//579
f 570//570 575//575 579//579
f 579//579 575//575 577//577
f 583//583 585//585 570//570
f 585//585 587//587 570//570
f 570//570 587//587 589//589
f 564//564 562//562 560//560
f 546//546 550//550 553//553
f 550//550 566//566 553//553
f 553//553 566//566 554//554
f 566//566 556//556 554//554
f 564//564 560//560 566//566
f 560//560 558//558 566//566
f 566//566 558//558 556//556
f 2674//2674 4505//4505 2676//2676
f 4505//4505 4500//4500 2676//2676
f 2676//2676 4500//4500 2673//2673
f 4500//4500 929//929 2673//2673
f 929//929 921//921 2673//2673
f 2673//2673 921//921 2672//2672
f 596//596 592//592 2683//2683
f 592//592 594//594 2683//2683
f 2683//2683 594//594 4038//4038
f 594//594 598//598 4038//4038
f 4038//4038 598//598 931//931
f 2674//2674 2672//2672 4505//4505
f 2672//2672 921//921 4505//4505
f 4505//4505 921//921 462//462
f 598//598 600//600 931//931
f 600//600 606//606 931//931
f 931//931 606//606 920//920
f 606//606 602//602 920//920
f 920//920 602//602 921//921
f 602//602 604//604 921//921
f 921//921 604//604 462//462
f 705//705 2652//2652 4501//4501
f 2652//2652 2653//2653 4501//4501
f 4501//4501 2653//2653 4502//4502
f 2633//2633 4502//4502 2928//2928
f 4502//4502 2653//2653 2928//2928
f 2928//2928 2653//2653 2930//2930
f 2653//2653 2668//2668 2930//2930
f 2930//2930 2668//2668 2629//2629
f 695//695 2664//2664 697//697
f 2664//2664 2662//2662 697//697
f 697//697 2662//2662 699//699
f 2662//2662 2660//2660 699//699
f 699//699 2660//2660 701//701
f 2660//2660 2658//2658 701//701
f 701//701 2658//2658 703//703
f 2658//2658 2656//2656 703//703
f 703//703 2656//2656 705//705
f 2656//2656 2654//2654 705//705
f 705//705 2654//2654 2652//2652
f 829//829 831//831 671//671
f 693//693 2668//2668 695//695
f 2668//2668 2666//2666 695//695
f 695//695 2666//2666 2664//2664
f 2943//2943 2932//2932 2625//2625
f 2972//2972 2952//2952 2977//2977
f 2952//2952 2950//2950 2977//2977
f 2977//2977 2950//2950 2973//2973
f 2950//2950 832//832 2973//2973
f 2943//2943 2625//2625 2945//2945
f 823//823 825//825 671//671
f 825//825 827//827 671//671
f 671//671 827//827 829//829
f 831//831 832//832 671//671
f 832//832 2950//2950 671//671
f 671//671 2950//2950 673//673
f 2950//2950 675//675 673//673
f 693//693 691//691 2668//2668
f 691//691 2945//2945 2668//2668
f 2668//2668 2945//2945 2629//2629
f 2945//2945 2625//2625 2629//2629
f 691//691 689//689 2945//2945
f 689//689 687//687 2945//2945
f 2945//2945 687//687 2946//2946
f 687//687 685//685 2946//2946
f 2946//2946 685//685 2947//2947
f 685//685 683//683 2947//2947
f 2947//2947 683//683 2948//2948
f 683//683 681//681 2948//2948
f 2948//2948 681//681 2949//2949
f 681//681 679//679 2949//2949
f 2949//2949 679//679 2950//2950
f 679//679 677//677 2950//2950
f 2950//2950 677//677 675//675
f 872//872 871//871 2691//2691
f 2817//2817 2693//2693 2815//2815
f 2693//2693 2691//2691 2815//2815
f 2815//2815 2691//2691 2812//2812
f 2691//2691 871//871 2812//2812
f 2812//2812 871//871 2810//2810
f 2685//2685 390//390 2686//2686
f 390//390 2688//2688 2686//2686
f 2696//2696 400//400 2698//2698
f 400//400 398//398 2698//2698
f 2698//2698 398//398 2700//2700
f 398//398 396//396 2700//2700
f 2700//2700 396//396 2702//2702
f 396//396 394//394 2702//2702
f 2702//2702 394//394 2685//2685
f 394//394 392//392 2685//2685
f 2685//2685 392//392 390//390
f 2823//2823 2834//2834 2850//2850
f 2823//2823 2850//2850 2819//2819
f 2850//2850 311//311 2819//2819
f 2819//2819 311//311 2817//2817
f 336//336 338//338 302//302
f 338//338 375//375 302//302
f 302//302 375//375 422//422
f 338//338 343//343 375//375
f 343//343 359//359 375//375
f 375//375 359//359 357//357
f 336//336 302//302 340//340
f 302//302 315//315 340//340
f 340//340 315//315 331//331
f 2817//2817 311//311 2693//2693
f 311//311 406//406 2693//2693
f 2693//2693 406//406 404//404
f 2696//2696 2694//2694 400//400
f 2694//2694 2693//2693 400//400
f 400//400 2693//2693 402//402
f 2693//2693 404//404 402//402
f 422//422 420//420 302//302
f 420//420 418//418 302//302
f 302//302 418//418 303//303
f 418//418 416//416 303//303
f 303//303 416//416 305//305
f 416//416 414//414 305//305
f 305//305 414//414 307//307
f 414//414 412//412 307//307
f 307//307 412//412 309//309
f 412//412 410//410 309//309
f 309//309 410//410 311//311
f 410//410 408//408 311//311
f 311//311 408//408 406//406
f 4502//4502 955//955 4503//4503
f 955//955 957//957 4503//4503
f 4503//4503 957//957 3038//3038
f 957//957 958//958 3038//3038
f 3038//3038 958//958 952//952
f 944//944 3048//3048 946//946
f 3048//3048 3046//3046 946//946
f 946//946 3046//3046 948//948
f 3046//3046 3044//3044 948//948
f 948//948 3044//3044 950//950
f 3044//3044 3042//3042 950//950
f 950//950 3042//3042 952//952
f 3042//3042 3040//3040 952//952
f 952//952 3040//3040 3038//3038
f 944//944 942//942 3048//3048
f 942//942 941//941 3048//3048
f 3048//3048 941//941 3050//3050
f 2633//2633 2637//2637 4502//4502
f 2637//2637 2639//2639 4502//4502
f 4502//4502 2639//2639 955//955
f 2639//2639 2926//2926 955//955
f 955//955 2926//2926 941//941
f 2926//2926 2924//2924 941//941
f 941//941 2924//2924 2899//2899
f 2924//2924 2642//2642 2899//2899
f 2899//2899 2642//2642 2902//2902
f 2642//2642 2646//2646 2902//2902
f 2902//2902 2646//2646 2921//2921
f 2989//2989 2993//2993 2894//2894
f 2993//2993 3023//3023 2894//2894
f 2894//2894 3023//3023 3063//3063
f 2993//2993 2995//2995 3023//3023
f 2995//2995 3011//3011 3023//3023
f 3023//3023 3011//3011 3009//3009
f 2989//2989 2894//2894 2985//2985
f 2894//2894 2888//2888 2985//2985
f 2985//2985 2888//2888 2887//2887
f 3063//3063 3065//3065 2894//2894
f 3065//3065 3067//3067 2894//2894
f 2894//2894 3067//3067 2895//2895
f 3067//3067 3069//3069 2895//2895
f 2895//2895 3069//3069 2896//2896
f 3069//3069 3062//3062 2896//2896
f 2896//2896 3062//3062 2897//2897
f 3062//3062 3060//3060 2897//2897
f 2897//2897 3060//3060 2898//2898
f 3060//3060 3058//3058 2898//2898
f 2898//2898 3058//3058 2899//2899
f 3058//3058 3056//3056 2899//2899
f 3056//3056 3054//3054 2899//2899
f 2899//2899 3054//3054 941//941
f 3054//3054 3052//3052 941//941
f 941//941 3052//3052 3050//3050
f 2593//2593 902//902 870//870
f 902//902 887//887 870//870
f 870//870 887//887 871//871
f 888//888 2802//2802 887//887
f 2802//2802 2804//2804 887//887
f 887//887 2804//2804 871//871
f 2804//2804 2806//2806 871//871
f 871//871 2806//2806 2810//2810
f 2583//2583 897//897 2585//2585
f 897//897 895//895 2585//2585
f 2585//2585 895//895 2587//2587
f 895//895 893//893 2587//2587
f 2587//2587 893//893 2589//2589
f 893//893 891//891 2589//2589
f 2589//2589 891//891 2591//2591
f 891//891 890//890 2591//2591
f 2591//2591 890//890 2593//2593
f 890//890 903//903 2593//2593
f 2593//2593 903//903 902//902
f 2773//2773 2787//2787 2794//2794
f 2719//2719 2721//2721 2559//2559
f 2581//2581 888//888 2583//2583
f 888//888 899//899 2583//2583
f 2583//2583 899//899 897//897
f 2773//2773 2794//2794 2760//2760
f 2719//2719 2559//2559 2717//2717
f 2739//2739 2755//2755 2728//2728
f 2755//2755 2758//2758 2728//2728
f 2728//2728 2758//2758 2724//2724
f 2758//2758 2722//2722 2724//2724
f 2581//2581 2579//2579 888//888
f 2579//2579 2760//2760 888//888
f 888//888 2760//2760 2798//2798
f 2760//2760 2794//2794 2798//2798
f 2579//2579 2577//2577 2760//2760
f 2577//2577 2575//2575 2760//2760
f 2760//2760 2575//2575 2761//2761
f 2575//2575 2573//2573 2761//2761
f 2761//2761 2573//2573 2763//2763
f 2573//2573 2571//2571 2763//2763
f 2763//2763 2571//2571 2765//2765
f 2571//2571 2569//2569 2765//2765
f 2765//2765 2569//2569 2767//2767
f 2569//2569 2567//2567 2767//2767
f 2767//2767 2567//2567 2758//2758
f 2567//2567 2565//2565 2758//2758
f 2758//2758 2565//2565 2563//2563
f 2721//2721 2722//2722 2559//2559
f 2722//2722 2758//2758 2559//2559
f 2559//2559 2758//2758 2561//2561
f 2758//2758 2563//2563 2561//2561
f 671//671 371//371 373//373
f 671//671 373//373 823//823
f 373//373 367//367 823//823
f 823//823 367//367 369//369
f 369//369 817//817 823//823
f 817//817 819//819 823//823
f 823//823 819//819 821//821
f 3422//3422 3420//3420 4505//4505
f 3420//3420 3418//3418 4505//4505
f 3398//3398 3396//3396 4501//4501
f 3406//3406 4500//4500 3408//3408
f 4500//4500 3410//3410 3408//3408
f 3418//3418 3416//3416 4505//4505
f 3416//3416 3414//3414 4505//4505
f 4505//4505 3414//3414 4500//4500
f 3414//3414 3412//3412 4500//4500
f 4500//4500 3412//3412 3410//3410
f 3406//3406 3404//3404 4500//4500
f 3404//3404 3402//3402 4500//4500
f 4500//4500 3402//3402 4501//4501
f 3402//3402 3400//3400 4501//4501
f 4501//4501 3400//3400 3398//3398
f 3430//3430 3428//3428 707//707
f 3428//3428 3426//3426 707//707
f 707//707 3426//3426 4505//4505
f 3426//3426 3424//3424 4505//4505
f 4505//4505 3424//3424 3422//3422
f 3396//3396 3394//3394 4501//4501
f 3394//3394 3392//3392 4501//4501
f 4501//4501 3392//3392 705//705
f 3392//3392 3390//3390 705//705
f 3390//3390 3436//3436 705//705
f 3436//3436 3434//3434 705//705
f 705//705 3434//3434 707//707
f 3434//3434 3432//3432 707//707
f 707//707 3432//3432 3430//3430
f 664//664 666//666 668//668
f 668//668 715//715 664//664
f 715//715 713//713 664//664
f 664//664 713//713 4505//4505
f 713//713 711//711 4505//4505
f 4505//4505 711//711 709//709
f 462//462 460//460 4505//4505
f 460//460 458//458 4505//4505
f 4505//4505 458//458 664//664
f 458//458 453//453 664//664
f 664//664 453//453 455//455
f 455//455 649//649 651//651
f 651//651 653//653 455//455
f 653//653 655//655 455//455
f 455//455 655//655 657//657
f 657//657 659//659 455//455
f 659//659 661//661 455//455
f 455//455 661//661 663//663
f 451//451 446//446 4507//4507
f 446//446 448//448 4507//4507
f 4507//4507 448//448 450//450
f 442//442 440//440 438//438
f 426//426 428//428 431//431
f 428//428 444//444 431//431
f 431//431 444//444 432//432
f 444//444 434//434 432//432
f 442//442 438//438 444//444
f 438//438 436//436 444//444
f 444//444 436//436 434//434
f 4507//4507 388//388 386//386
f 386//386 384//384 4507//4507
f 384//384 426//426 4507//4507
f 4507//4507 426//426 451//451
f 426//426 431//431 451//451
f 378//378 423//423 380//380
f 423//423 426//426 380//380
f 380//380 426//426 382//382
f 426//426 384//384 382//382
f 4507//4507 3462//3462 3460//3460
f 3470//3470 3468//3468 866//866
f 3468//3468 3466//3466 866//866
f 866//866 3466//3466 3464//3464
f 968//968 967//967 4507//4507
f 967//967 866//866 4507//4507
f 4507//4507 866//866 3462//3462
f 866//866 3464//3464 3462//3462
f 3440//3440 3438//3438 390//390
f 3438//3438 872//872 390//390
f 390//390 872//872 2688//2688
f 872//872 2691//2691 2688//2688
f 3438//3438 3484//3484 872//872
f 3484//3484 3482//3482 872//872
f 872//872 3482//3482 3480//3480
f 872//872 3474//3474 866//866
f 3474//3474 3472//3472 866//866
f 866//866 3472//3472 3470//3470
f 3460//3460 3458//3458 4507//4507
f 3458//3458 3456//3456 4507//4507
f 4507//4507 3456//3456 3454//3454
f 3454//3454 3452//3452 4507//4507
f 3452//3452 3450//3450 4507//4507
f 4507//4507 3450//3450 388//388
f 3450//3450 3448//3448 388//388
f 3448//3448 3446//3446 388//388
f 3446//3446 3444//3444 388//388
f 388//388 3444//3444 390//390
f 3444//3444 3442//3442 390//390
f 390//390 3442//3442 3440//3440
f 3480//3480 3478//3478 872//872
f 3478//3478 3476//3476 872//872
f 872//872 3476//3476 3474//3474
f 349//349 347//347 346//346
f 357//357 355//355 375//375
f 355//355 353//353 375//375
f 375//375 353//353 361//361
f 353//353 365//365 361//361
f 365//365 353//353 346//346
f 353//353 351//351 346//346
f 346//346 351//351 349//349
f 2559//2559 2604//2604 2606//2606
f 2606//2606 2713//2713 2559//2559
f 2713//2713 2715//2715 2559//2559
f 2559//2559 2715//2715 2717//2717
f 2704//2704 2707//2707 2709//2709
f 2606//2606 2610//2610 2713//2713
f 2610//2610 2704//2704 2713//2713
f 2713//2713 2704//2704 2711//2711
f 2704//2704 2709//2709 2711//2711
f 3542//3542 3540//3540 4504//4504
f 3540//3540 3538//3538 4504//4504
f 870//870 3566//3566 3564//3564
f 3580//3580 869//869 3534//3534
f 869//869 4504//4504 3534//3534
f 3534//3534 4504//4504 3536//3536
f 4504//4504 3538//3538 3536//3536
f 3558//3558 2593//2593 3560//3560
f 2593//2593 870//870 3560//3560
f 3560//3560 870//870 3562//3562
f 870//870 3564//3564 3562//3562
f 3580//3580 3578//3578 869//869
f 3578//3578 3576//3576 869//869
f 869//869 3576//3576 3574//3574
f 3574//3574 3572//3572 869//869
f 3572//3572 3570//3570 869//869
f 869//869 3570//3570 870//870
f 3570//3570 3568//3568 870//870
f 870//870 3568//3568 3566//3566
f 3558//3558 3556//3556 2593//2593
f 3556//3556 3554//3554 2593//2593
f 2593//2593 3554//3554 2595//2595
f 3554//3554 3552//3552 2595//2595
f 2595//2595 3552//3552 3550//3550
f 3550//3550 3548//3548 2595//2595
f 3548//3548 3546//3546 2595//2595
f 2595//2595 3546//3546 4504//4504
f 3546//3546 3544//3544 4504//4504
f 4504//4504 3544//3544 3542//3542
f 2552//2552 2554//2554 2556//2556
f 2556//2556 2603//2603 2552//2552
f 2603//2603 2601//2601 2552//2552
f 2552//2552 2601//2601 4504//4504
f 2601//2601 2599//2599 4504//4504
f 4504//4504 2599//2599 2597//2597
f 3169//3169 3283//3283 4504//4504
f 3283//3283 2527//2527 4504//4504
f 4504//4504 2527//2527 2552//2552
f 2527//2527 2529//2529 2552//2552
f 2552//2552 2529//2529 2534//2534
f 2545//2545 2547//2547 2534//2534
f 2547//2547 2549//2549 2534//2534
f 2534//2534 2549//2549 2551//2551
f 2534//2534 2537//2537 2545//2545
f 2537//2537 2539//2539 2545//2545
f 2545//2545 2539//2539 2543//2543
f 2539//2539 2541//2541 2543//2543
f 845//845 846//846 3152//3152
f 846//846 3140//3140 3152//3152
f 3152//3152 3140//3140 3179//3179
f 3140//3140 3217//3217 3179//3179
f 3181//3181 3179//3179 3183//3183
f 3179//3179 3148//3148 3183//3183
f 3148//3148 3179//3179 3144//3144
f 3179//3179 3217//3217 3144//3144
f 3144//3144 3217//3217 3199//3199
f 3217//3217 3215//3215 3199//3199
f 3199//3199 3215//3215 3213//3213
f 3205//3205 3203//3203 3207//3207
f 3203//3203 3209//3209 3207//3207
f 3213//3213 3211//3211 3199//3199
f 3211//3211 3209//3209 3199//3199
f 3199//3199 3209//3209 3201//3201
f 3209//3209 3203//3203 3201//3201
f 3194//3194 3196//3196 3183//3183
f 3196//3196 3198//3198 3183//3183
f 3183//3183 3198//3198 3181//3181
f 3183//3183 3186//3186 3194//3194
f 3186//3186 3188//3188 3194//3194
f 3194//3194 3188//3188 3192//3192
f 3188//3188 3190//3190 3192//3192
f 910//910 907//907 3128//3128
f 907//907 3116//3116 3128//3128
f 3128//3128 3116//3116 3228//3228
f 3116//3116 3266//3266 3228//3228
f 3248//3248 3120//3120 3266//3266
f 3266//3266 3120//3120 3228//3228
f 3120//3120 3124//3124 3228//3228
f 3228//3228 3124//3124 3232//3232
f 3256//3256 3254//3254 3252//3252
f 3266//3266 3264//3264 3248//3248
f 3264//3264 3262//3262 3248//3248
f 3248//3248 3262//3262 3260//3260
f 3260//3260 3258//3258 3248//3248
f 3258//3258 3256//3256 3248//3248
f 3248//3248 3256//3256 3250//3250
f 3256//3256 3252//3252 3250//3250
f 3243//3243 3245//3245 3232//3232
f 3245//3245 3247//3247 3232//3232
f 3232//3232 3247//3247 3230//3230
f 3232//3232 3235//3235 3243//3243
f 3235//3235 3237//3237 3243//3243
f 3243//3243 3237//3237 3241//3241
f 3237//3237 3239//3239 3241//3241
f 3097//3097 3099//3099 4506//4506
f 3099//3099 3284//3284 4506//4506
f 4506//4506 3284//3284 3277//3277
f 3086//3086 3084//3084 3082//3082
f 3074//3074 3076//3076 3079//3079
f 3076//3076 3092//3092 3079//3079
f 3079//3079 3092//3092 3090//3090
f 3090//3090 3088//3088 3079//3079
f 3088//3088 3086//3086 3079//3079
f 3079//3079 3086//3086 3080//3080
f 3086//3086 3082//3082 3080//3080
f 4506//4506 3036//3036 3034//3034
f 3034//3034 3032//3032 4506//4506
f 3032//3032 3074//3074 4506//4506
f 4506//4506 3074//3074 3097//3097
f 3074//3074 3079//3079 3097//3097
f 3026//3026 3072//3072 3028//3028
f 3072//3072 3074//3074 3028//3028
f 3028//3028 3074//3074 3030//3030
f 3074//3074 3032//3032 3030//3030
f 3514//3514 3038//3038 3516//3516
f 3038//3038 3036//3036 3516//3516
f 3516//3516 3036//3036 3518//3518
f 4503//4503 3506//3506 3504//3504
f 3496//3496 3494//3494 4499//4499
f 3494//3494 3492//3492 4499//4499
f 4499//4499 3492//3492 3490//3490
f 3514//3514 3512//3512 3038//3038
f 3512//3512 3510//3510 3038//3038
f 3038//3038 3510//3510 4503//4503
f 3510//3510 3508//3508 4503//4503
f 4503//4503 3508//3508 3506//3506
f 3504//3504 3502//3502 4503//4503
f 3502//3502 3500//3500 4503//4503
f 4503//4503 3500//3500 4499//4499
f 3500//3500 3498//3498 4499//4499
f 4499//4499 3498//3498 3496//3496
f 3526//3526 4506//4506 3528//3528
f 4506//4506 3530//3530 3528//3528
f 3526//3526 3524//3524 4506//4506
f 3524//3524 3522//3522 4506//4506
f 4506//4506 3522//3522 3036//3036
f 3522//3522 3520//3520 3036//3036
f 3036//3036 3520//3520 3518//3518
f 3490//3490 3488//3488 4499//4499
f 3488//3488 3486//3486 4499//4499
f 4499//4499 3486//3486 4506//4506
f 3486//3486 3532//3532 4506//4506
f 4506//4506 3532//3532 3530//3530
f 3005//3005 3003//3003 3001//3001
f 3009//3009 3007//3007 3023//3023
f 3007//3007 3005//3005 3023//3023
f 3023//3023 3005//3005 3017//3017
f 3005//3005 3013//3013 3017//3017
f 3001//3001 2999//2999 3005//3005
f 2999//2999 2998//2998 3005//3005
f 3005//3005 2998//2998 3013//3013
f 1847//1847 3606//3606 1853//1853
f 3606//3606 3609//3609 1853//1853
f 1859//1859 1849//1849 3613//3613
f 1849//1849 1848//1848 3613//3613
f 2173//2173 4508//4508 2175//2175
f 4508//4508 4509//4509 2175//2175
f 2175//2175 4509//4509 2177//2177
f 4509//4509 4510//4510 2177//2177
f 2177//2177 4510//4510 2179//2179
f 4510//4510 4511//4511 2179//2179
f 2179//2179 4511//4511 2181//2181
f 4511//4511 4512//4512 2181//2181
f 2181//2181 4512//4512 2183//2183
f 4512//4512 4513//4513 2183//2183
f 2183//2183 4513//4513 2185//2185
f 4513//4513 4514//4514 2185//2185
f 2185//2185 4514//4514 2187//2187
f 4514//4514 4515//4515 2187//2187
f 2187//2187 4515//4515 2189//2189
f 4515//4515 4516//4516 2189//2189
f 2189//2189 4516//4516 2191//2191
f 4516//4516 4517//4517 2191//2191
f 2191//2191 4517//4517 2193//2193
f 4517//4517 4518//4518 2193//2193
f 2193//2193 4518//4518 2195//2195
f 4518//4518 4519//4519 2195//2195
f 2195//2195 4519//4519 2149//2149
f 4519//4519 4520//4520 2149//2149
f 2149//2149 4520//4520 2151//2151
f 4520//4520 4521//4521 2151//2151
f 2151//2151 4521//4521 2153//2153
f 4521//4521 4522//4522 2153//2153
f 2153//2153 4522//4522 2155//2155
f 4522//4522 4523//4523 2155//2155
f 2155//2155 4523//4523 2157//2157
f 4523//4523 4524//4524 2157//2157
f 2157//2157 4524//4524 2159//2159
f 4524//4524 4525//4525 2159//2159
f 2159//2159 4525//4525 2161//2161
f 4525//4525 4526//4526 2161//2161
f 2161//2161 4526//4526 2163//2163
f 4526//4526 4527//4527 2163//2163
f 2163//2163 4527//4527 2165//2165
f 4527//4527 4528//4528 2165//2165
f 2165//2165 4528//4528 2167//2167
f 4528//4528 4529//4529 2167//2167
f 2167//2167 4529//4529 2169//2169
f 4529//4529 4530//4530 2169//2169
f 2169//2169 4530//4530 2171//2171
f 4530//4530 4531//4531 2171//2171
f 2171//2171 4531//4531 2173//2173
f 4531//4531 4508//4508 2173//2173
f 2035//2035 4532//4532 2037//2037
f 4532//4532 4533//4533 2037//2037
f 2037//2037 4533//4533 2039//2039
f 4533//4533 4534//4534 2039//2039
f 2039//2039 4534//4534 2041//2041
f 4534//4534 4535//4535 2041//2041
f 2041//2041 4535//4535 2043//2043
f 4535//4535 4536//4536 2043//2043
f 2043//2043 4536//4536 2045//2045
f 4536//4536 4537//4537 2045//2045
f 2045//2045 4537//4537 2047//2047
f 4537//4537 4538//4538 2047//2047
f 2047//2047 4538//4538 2049//2049
f 4538//4538 4539//4539 2049//2049
f 2049//2049 4539//4539 2051//2051
f 4539//4539 4540//4540 2051//2051
f 2051//2051 4540//4540 2005//2005
f 4540//4540 4541//4541 2005//2005
f 2005//2005 4541//4541 2007//2007
f 4541//4541 4542//4542 2007//2007
f 2007//2007 4542//4542 2009//2009
f 4542//4542 4543//4543 2009//2009
f 2009//2009 4543//4543 2011//2011
f 4543//4543 4544//4544 2011//2011
f 2011//2011 4544//4544 2013//2013
f 4544//4544 4545//4545 2013//2013
f 2013//2013 4545//4545 2015//2015
f 4545//4545 4546//4546 2015//2015
f 2015//2015 4546//4546 2017//2017
f 4546//4546 4547//4547 2017//2017
f 2017//2017 4547//4547 2019//2019
f 4547//4547 4548//4548 2019//2019
f 2019//2019 4548//4548 2021//2021
f 4548//4548 4549//4549 2021//2021
f 2021//2021 4549//4549 2023//2023
f 4549//4549 4550//4550 2023//2023
f 2023//2023 4550//4550 2025//2025
f 4550//4550 4551//4551 2025//2025
f 2025//2025 4551//4551 2027//2027
f 4551//4551 4552//4552 2027//2027
f 2027//2027 4552//4552 2029//2029
f 4552//4552 4553//4553 2029//2029
f 2029//2029 4553//4553 2031//2031
f 4553//4553 4554//4554 2031//2031
f 2031//2031 4554//4554 2033//2033
f 4554//4554 4555//4555 2033//2033
f 2033//2033 4555//4555 2035//2035
f 4555//4555 4532//4532 2035//2035
f 2387//2387 4556//4556 2389//2389
f 4556//4556 4557//4557 2389//2389
f 2389//2389 4557//4557 2391//2391
f 4557//4557 4558//4558 2391//2391
f 2391//2391 4558//4558 2393//2393
f 4558//4558 4559//4559 2393//2393
f 2393//2393 4559//4559 2395//2395
f 4559//4559 4560//4560 2395//2395
f 2395//2395 4560//4560 2397//2397
f 4560//4560 4561//4561 2397//2397
f 2397//2397 4561//4561 2399//2399
f 4561//4561 4562//4562 2399//2399
f 2399//2399 4562//4562 2401//2401
f 4562//4562 4563//4563 2401//2401
f 2401//2401 4563//4563 2403//2403
f 4563//4563 4564//4564 2403//2403
f 2403//2403 4564//4564 2405//2405
f 4564//4564 4565//4565 2405//2405
f 2405//2405 4565//4565 2407//2407
f 4565//4565 4566//4566 2407//2407
f 2407//2407 4566//4566 2409//2409
f 4566//4566 4567//4567 2409//2409
f 2409//2409 4567//4567 2411//2411
f 4567//4567 4568//4568 2411//2411
f 2411//2411 4568//4568 2365//2365
f 4568//4568 4569//4569 2365//2365
f 2365//2365 4569//4569 2367//2367
f 4569//4569 4570//4570 2367//2367
f 2367//2367 4570//4570 2369//2369
f 4570//4570 4571//4571 2369//2369
f 2369//2369 4571//4571 2371//2371
f 4571//4571 4572//4572 2371//2371
f 2371//2371 4572//4572 2373//2373
f 4572//4572 4573//4573 2373//2373
f 2373//2373 4573//4573 2375//2375
f 4573//4573 4574//4574 2375//2375
f 2375//2375 4574//4574 2377//2377
f 4574//4574 4575//4575 2377//2377
f 2377//2377 4575//4575 2379//2379
f 4575//4575 4576//4576 2379//2379
f 2379//2379 4576//4576 2381//2381
f 4576//4576 4577//4577 2381//2381
f 2381//2381 4577//4577 2383//2383
f 4577//4577 4578//4578 2383//2383
f 2383//2383 4578//4578 2385//2385
f 4578//4578 4579//4579 2385//2385
f 2385//2385 4579//4579 2387//2387
f 4579//4579 4556//4556 2387//2387
f 2143//2143 4580//4580 2145//2145
f 4580//4580 4581//4581 2145//2145
f 2145//2145 4581//4581 2147//2147
f 4581//4581 4582//4582 2147//2147
f 2147//2147 4582//4582 2101//2101
f 4582//4582 4583//4583 2101//2101
f 2101//2101 4583//4583 2103//2103
f 4583//4583 4584//4584 2103//2103
f 2103//2103 4584//4584 2105//2105
f 4584//4584 4585//4585 2105//2105
f 2105//2105 4585//4585 2107//2107
f 4585//4585 4586//4586 2107//2107
f 2107//2107 4586//4586 2109//2109
f 4586//4586 4587//4587 2109//2109
f 2109//2109 4587//4587 2111//2111
f 4587//4587 4588//4588 2111//2111
f 2111//2111 4588//4588 2113//2113
f 4588//4588 4589//4589 2113//2113
f 2113//2113 4589//4589 2115//2115
f 4589//4589 4590//4590 2115//2115
f 2115//2115 4590//4590 2117//2117
f 4590//4590 4591//4591 2117//2117
f 2117//2117 4591//4591 2119//2119
f 4591//4591 4592//4592 2119//2119
f 2119//2119 4592//4592 2121//2121
f 4592//4592 4593//4593 2121//2121
f 2121//2121 4593//4593 2123//2123
f 4593//4593 4594//4594 2123//2123
f 2123//2123 4594//4594 2125//2125
f 4594//4594 4595//4595 2125//2125
f 2125//2125 4595//4595 2127//2127
f 4595//4595 4596//4596 2127//2127
f 2127//2127 4596//4596 2129//2129
f 4596//4596 4597//4597 2129//2129
f 2129//2129 4597//4597 2131//2131
f 4597//4597 4598//4598 2131//2131
f 2131//2131 4598//4598 2133//2133
f 4598//4598 4599//4599 2133//2133
f 2133//2133 4599//4599 2135//2135
f 4599//4599 4600//4600 2135//2135
f 2135//2135 4600//4600 2137//2137
f 4600//4600 4601//4601 2137//2137
f 2137//2137 4601//4601 2139//2139
f 4601//4601 4602//4602 2139//2139
f 2139//2139 4602//4602 2141//2141
f 4602//4602 4603//4603 2141//2141
f 2141//2141 4603//4603 2143//2143
f 4603//4603 4580//4580 2143//2143
f 2077//2077 4604//4604 2079//2079
f 4604//4604 4605//4605 2079//2079
f 2079//2079 4605//4605 2081//2081
f 4605//4605 4606//4606 2081//2081
f 2081//2081 4606//4606 2083//2083
f 4606//4606 4607//4607 2083//2083
f 2083//2083 4607//4607 2085//2085
f 4607//4607 4608//4608 2085//2085
f 2085//2085 4608//4608 2087//2087
f 4608//4608 4609//4609 2087//2087
f 2087//2087 4609//4609 2089//2089
f 4609//4609 4610//4610 2089//2089
f 2089//2089 4610//4610 2091//2091
f 4610//4610 4611//4611 2091//2091
f 2091//2091 4611//4611 2093//2093
f 4611//4611 4612//4612 2093//2093
f 2093//2093 4612//4612 2095//2095
f 4612//4612 4613//4613 2095//2095
f 2095//2095 4613//4613 2097//2097
f 4613//4613 4614//4614 2097//2097
f 2097//2097 4614//4614 2099//2099
f 4614//4614 4615//4615 2099//2099
f 2099//2099 4615//4615 2053//2053
f 4615//4615 4616//4616 2053//2053
f 2053//2053 4616//4616 2055//2055
f 4616//4616 4617//4617 2055//2055
f 2055//2055 4617//4617 2057//2057
f 4617//4617 4618//4618 2057//2057
f 2057//2057 4618//4618 2059//2059
f 4618//4618 4619//4619 2059//2059
f 2059//2059 4619//4619 2061//2061
f 4619//4619 4620//4620 2061//2061
f 2061//2061 4620//4620 2063//2063
f 4620//4620 4621//4621 2063//2063
f 2063//2063 4621//4621 2065//2065
f 4621//4621 4622//4622 2065//2065
f 2065//2065 4622//4622 2067//2067
f 4622//4622 4623//4623 2067//2067
f 2067//2067 4623//4623 2069//2069
f 4623//4623 4624//4624 2069//2069
f 2069//2069 4624//4624 2071//2071
f 4624//4624 4625//4625 2071//2071
f 2071//2071 4625//4625 2073//2073
f 4625//4625 4626//4626 2073//2073
f 2073//2073 4626//4626 2075//2075
f 4626//4626 4627//4627 2075//2075
f 2075//2075 4627//4627 2077//2077
f 4627//4627 4604//4604 2077//2077
f 4628//4628 4629//4629 1853//1853
f 3609//3609 4630//4630 4631//4631
f 4631//4631 4628//4628 3609//3609
f 4628//4628 1853//1853 3609//3609
f 1853//1853 4629//4629 4632//4632
f 1853//1853 4632//4632 1848//1848
f 4632//4632 4633//4633 1848//1848
f 1848//1848 4633//4633 4634//4634
f 4635//4635 3613//3613 4636//4636
f 3613//3613 1848//1848 4636//4636
f 4637//4637 4638//4638 4636//4636
f 4640//4640 4641//4641 4636//4636
f 4641//4641 4642//4642 4636//4636
f 4636//4636 4642//4642 4643//4643
f 4643//4643 4644//4644 4636//4636
f 4644//4644 4645//4645 4636//4636
f 4636//4636 4645//4645 4637//4637
f 4639//4639 4646//4646 4636//4636
f 4649//4649 1848//1848 4650//4650
f 1848//1848 4634//4634 4650//4650
f 1848//1848 4651//4651 4652//4652
f 4653//4653 4654//4654 1848//1848
f 4652//4652 4655//4655 1848//1848
f 4655//4655 4656//4656 1848//1848
f 1848//1848 4656//4656 4657//4657
f 4658//4658 4659//4659 1848//1848
f 4659//4659 4660//4660 1848//1848
f 1848//1848 4660//4660 4651//4651
f 4649//4649 4661//4661 1848//1848
f 4661//4661 4662//4662 1848//1848
f 1848//1848 4662//4662 4653//4653
f 4654//4654 4663//4663 1848//1848
f 4663//4663 4664//4664 1848//1848
f 1848//1848 4664//4664 4658//4658
f 4657//4657 4665//4665 1848//1848
f 4665//4665 4666//4666 1848//1848
f 1848//1848 4666//4666 4667//4667
f 4667//4667 4668//4668 1848//1848
f 4668//4668 4669//4669 1848//1848
f 1848//1848 4669//4669 4670//4670
f 4670//4670 4671//4671 1848//1848
f 4671//4671 4672//4672 1848//1848
f 1848//1848 4672//4672 4673//4673
f 4673//4673 4674//4674 1848//1848
f 4674//4674 4675//4675 1848//1848
f 1848//1848 4675//4675 4636//4636
f 4675//4675 4676//4676 4636//4636
f 4636//4636 4676//4676 4640//4640
f 3613//3613 4635//4635 4677//4677
f 3613//3613 4677//4677 3609//3609
f 4677//4677 4678//4678 3609//3609
f 3609//3609 4678//4678 4630//4630
f 4629//4629 4628//4628 4679//4679
f 4679//4679 4680//4680 4629//4629
f 4680//4680 4681//4681 4629//4629
f 4629//4629 4681//4681 4682//4682
f 4682//4682 4683//4683 4629//4629
f 4683//4683 4684//4684 4629//4629
f 4629//4629 4684//4684 4632//4632
f 4630//4630 4678//4678 4685//4685
f 4685//4685 4686//4686 4630//4630
f 4686//4686 4687//4687 4630//4630
f 4630//4630 4687//4687 4688//4688
f 4688//4688 4689//4689 4630//4630
f 4689//4689 4690//4690 4630//4630
f 4630//4630 4690//4690 4631//4631
f 4691//4691 4635//4635 4692//4692
f 4635//4635 4636//4636 4692//4692
f 4691//4691 4693//4693 4635//4635
f 4693//4693 4694//4694 4635//4635
f 4635//4635 4694//4694 4677//4677
f 4634//4634 4695//4695 4696//4696
f 4650//4650 4634//4634 4697//4697
f 4634//4634 4698//4698 4697//4697
f 4699//4699 4700//4700 4634//4634
f 4700//4700 4701//4701 4634//4634
f 4634//4634 4701//4701 4702//4702
f 4696//4696 4703//4703 4634//4634
f 4703//4703 4704//4704 4634//4634
f 4634//4634 4704//4704 4705//4705
f 4705//4705 4706//4706 4634//4634
f 4706//4706 4707//4707 4634//4634
f 4634//4634 4707//4707 4698//4698
f 4633//4633 4708//4708 4634//4634
f 4708//4708 4709//4709 4634//4634
f 4634//4634 4709//4709 4710//4710
f 4702//4702 4711//4711 4634//4634
f 4711//4711 4712//4712 4634//4634
f 4634//4634 4712//4712 4695//4695
f 4710//4710 4713//4713 4634//4634
f 4713//4713 4714//4714 4634//4634
f 4634//4634 4714//4714 4699//4699
f 4718//4718 4715//4715 4719//4719
f 4719//4719 4716//4716 4717//4717
f 4720//4720 4721//4721 4722//4722
f 4664//4664 4663//4663 4723//4723
f 4661//4661 4649//4649 4726//4726
f 4727//4727 4728//4728 4729//4729
f 4728//4728 4730//4730 4729//4729
f 4729//4729 4730//4730 4731//4731
f 4726//4726 4732//4732 4661//4661
f 4732//4732 4733//4733 4661//4661
f 4661//4661 4733//4733 4662//4662
f 4733//4733 4734//4734 4662//4662
f 4662//4662 4734//4734 4653//4653
f 4734//4734 4735//4735 4653//4653
f 4653//4653 4735//4735 4654//4654
f 4725//4725 4735//4735 4720//4720
f 4735//4735 4734//4734 4720//4720
f 4720//4720 4734//4734 4721//4721
f 4734//4734 4733//4733 4721//4721
f 4721//4721 4733//4733 4737//4737
f 4733//4733 4732//4732 4737//4737
f 4737//4737 4732//4732 4729//4729
f 4732//4732 4726//4726 4729//4729
f 4729//4729 4726//4726 4727//4727
f 4649//4649 4650//4650 4726//4726
f 4650//4650 4697//4697 4726//4726
f 4726//4726 4697//4697 4727//4727
f 4697//4697 4698//4698 4727//4727
f 4727//4727 4698//4698 4728//4728
f 4698//4698 4707//4707 4728//4728
f 4728//4728 4707//4707 4730//4730
f 4707//4707 4706//4706 4730//4730
f 4730//4730 4706//4706 4731//4731
f 4706//4706 4705//4705 4731//4731
f 4731//4731 4705//4705 4729//4729
f 4705//4705 4704//4704 4729//4729
f 4729//4729 4704//4704 4737//4737
f 4704//4704 4703//4703 4737//4737
f 4737//4737 4703//4703 4721//4721
f 4703//4703 4696//4696 4721//4721
f 4721//4721 4696//4696 4722//4722
f 4696//4696 4695//4695 4722//4722
f 4722//4722 4695//4695 4736//4736
f 4664//4664 4723//4723 4724//4724
f 4695//4695 4712//4712 4736//4736
f 4712//4712 4711//4711 4736//4736
f 4736//4736 4711//4711 4738//4738
f 4725//4725 4723//4723 4735//4735
f 4723//4723 4663//4663 4735//4735
f 4735//4735 4663//4663 4654//4654
f 4657//4657 4740//4740 4665//4665
f 4740//4740 4741//4741 4665//4665
f 4665//4665 4741//4741 4666//4666
f 4741//4741 4667//4667 4666//4666
f 4668//4668 4744//4744 4669//4669
f 4744//4744 4745//4745 4669//4669
f 4669//4669 4745//4745 4670//4670
f 4745//4745 4746//4746 4670//4670
f 4670//4670 4746//4746 4671//4671
f 4672//4672 4747//4747 4673//4673
f 4747//4747 4748//4748 4673//4673
f 4673//4673 4748//4748 4674//4674
f 4749//4749 4750//4750 4674//4674
f 4751//4751 4675//4675 4674//4674
f 4674//4674 4750//4750 4752//4752
f 4753//4753 4638//4638 4754//4754
f 4638//4638 4637//4637 4754//4754
f 4648//4648 4647//4647 4755//4755
f 4643//4643 4642//4642 4756//4756
f 4642//4642 4641//4641 4756//4756
f 4756//4756 4641//4641 4640//4640
f 4674//4674 4757//4757 4749//4749
f 4757//4757 4644//4644 4749//4749
f 4749//4749 4644//4644 4750//4750
f 4644//4644 4643//4643 4750//4750
f 4750//4750 4643//4643 4752//4752
f 4643//4643 4756//4756 4752//4752
f 4752//4752 4756//4756 4674//4674
f 4756//4756 4640//4640 4674//4674
f 4674//4674 4640//4640 4751//4751
f 4640//4640 4676//4676 4751//4751
f 4751//4751 4676//4676 4675//4675
f 4758//4758 4759//4759 4760//4760
f 4759//4759 4754//4754 4760//4760
f 4760//4760 4754//4754 4645//4645
f 4754//4754 4637//4637 4645//4645
f 4645//4645 4644//4644 4760//4760
f 4644//4644 4757//4757 4760//4760
f 4760//4760 4757//4757 4758//4758
f 4757//4757 4674//4674 4758//4758
f 4758//4758 4674//4674 4759//4759
f 4674//4674 4761//4761 4759//4759
f 4759//4759 4761//4761 4754//4754
f 4761//4761 4762//4762 4754//4754
f 4754//4754 4762//4762 4753//4753
f 4762//4762 4763//4763 4753//4753
f 4753//4753 4763//4763 4674//4674
f 4763//4763 4762//4762 4674//4674
f 4674//4674 4762//4762 4761//4761
f 4764//4764 4765//4765 4739//4739
f 4638//4638 4753//4753 4739//4739
f 4739//4739 4753//4753 4764//4764
f 4753//4753 4674//4674 4764//4764
f 4764//4764 4674//4674 4765//4765
f 4674//4674 4748//4748 4765//4765
f 4672//4672 4671//4671 4747//4747
f 4671//4671 4746//4746 4747//4747
f 4746//4746 4745//4745 4766//4766
f 4745//4745 4744//4744 4742//4742
f 4742//4742 4744//4744 4743//4743
f 4744//4744 4668//4668 4743//4743
f 4743//4743 4668//4668 4667//4667
f 4767//4767 4768//4768 4769//4769
f 4768//4768 4770//4770 4769//4769
f 4769//4769 4770//4770 4771//4771
f 4772//4772 4773//4773 4769//4769
f 4773//4773 4774//4774 4769//4769
f 4769//4769 4774//4774 4767//4767
f 4775//4775 4776//4776 4769//4769
f 4776//4776 4777//4777 4769//4769
f 4769//4769 4777//4777 4772//4772
f 4778//4778 4779//4779 4769//4769
f 4779//4779 4780//4780 4769//4769
f 4769//4769 4780//4780 4775//4775
f 4781//4781 4782//4782 4769//4769
f 4782//4782 4783//4783 4769//4769
f 4769//4769 4783//4783 4778//4778
f 4784//4784 4785//4785 4769//4769
f 4785//4785 4786//4786 4769//4769
f 4769//4769 4786//4786 4781//4781
f 4787//4787 4788//4788 4769//4769
f 4788//4788 4789//4789 4769//4769
f 4769//4769 4789//4789 4784//4784
f 4771//4771 4790//4790 4769//4769
f 4790//4790 4791//4791 4769//4769
f 4769//4769 4791//4791 4787//4787
f 4610//4610 4783//4783 4611//4611
f 4783//4783 4782//4782 4611//4611
f 4611//4611 4782//4782 4612//4612
f 4782//4782 4781//4781 4612//4612
f 4612//4612 4781//4781 4613//4613
f 4781//4781 4786//4786 4613//4613
f 4613//4613 4786//4786 4614//4614
f 4786//4786 4785//4785 4614//4614
f 4614//4614 4785//4785 4615//4615
f 4785//4785 4784//4784 4615//4615
f 4615//4615 4784//4784 4616//4616
f 4784//4784 4789//4789 4616//4616
f 4616//4616 4789//4789 4617//4617
f 4789//4789 4788//4788 4617//4617
f 4617//4617 4788//4788 4618//4618
f 4788//4788 4787//4787 4618//4618
f 4618//4618 4787//4787 4619//4619
f 4787//4787 4791//4791 4619//4619
f 4619//4619 4791//4791 4620//4620
f 4791//4791 4790//4790 4620//4620
f 4620//4620 4790//4790 4621//4621
f 4790//4790 4771//4771 4621//4621
f 4621//4621 4771//4771 4622//4622
f 4771//4771 4770//4770 4622//4622
f 4622//4622 4770//4770 4623//4623
f 4770//4770 4768//4768 4623//4623
f 4623//4623 4768//4768 4624//4624
f 4768//4768 4767//4767 4624//4624
f 4624//4624 4767//4767 4625//4625
f 4767//4767 4774//4774 4625//4625
f 4625//4625 4774//4774 4626//4626
f 4774//4774 4773//4773 4626//4626
f 4626//4626 4773//4773 4627//4627
f 4773//4773 4772//4772 4627//4627
f 4627//4627 4772//4772 4604//4604
f 4772//4772 4777//4777 4604//4604
f 4604//4604 4777//4777 4605//4605
f 4777//4777 4776//4776 4605//4605
f 4605//4605 4776//4776 4606//4606
f 4776//4776 4775//4775 4606//4606
f 4606//4606 4775//4775 4607//4607
f 4775//4775 4780//4780 4607//4607
f 4607//4607 4780//4780 4608//4608
f 4780//4780 4779//4779 4608//4608
f 4608//4608 4779//4779 4609//4609
f 4779//4779 4778//4778 4609//4609
f 4609//4609 4778//4778 4610//4610
f 4778//4778 4783//4783 4610//4610
f 4792//4792 4793//4793 4794//4794
f 4793//4793 4795//4795 4794//4794
f 4794//4794 4795//4795 4796//4796
f 4797//4797 4798//4798 4794//4794
f 4798//4798 4799//4799 4794//4794
f 4794//4794 4799//4799 4792//4792
f 4800//4800 4801//4801 4794//4794
f 4801//4801 4802//4802 4794//4794
f 4794//4794 4802//4802 4797//4797
f 4803//4803 4804//4804 4794//4794
f 4804//4804 4805//4805 4794//4794
f 4794//4794 4805//4805 4800//4800
f 4806//4806 4807//4807 4794//4794
f 4807//4807 4808//4808 4794//4794
f 4794//4794 4808//4808 4803//4803
f 4809//4809 4810//4810 4794//4794
f 4810//4810 4811//4811 4794//4794
f 4794//4794 4811//4811 4806//4806
f 4812//4812 4813//4813 4794//4794
f 4813//4813 4814//4814 4794//4794
f 4794//4794 4814//4814 4809//4809
f 4796//4796 4815//4815 4794//4794
f 4815//4815 4816//4816 4794//4794
f 4794//4794 4816//4816 4812//4812
f 4601//4601 4808//4808 4602//4602
f 4808//4808 4807//4807 4602//4602
f 4602//4602 4807//4807 4603//4603
f 4807//4807 4806//4806 4603//4603
f 4603//4603 4806//4806 4580//4580
f 4806//4806 4811//4811 4580//4580
f 4580//4580 4811//4811 4581//4581
f 4811//4811 4810//4810 4581//4581
f 4581//4581 4810//4810 4582//4582
f 4810//4810 4809//4809 4582//4582
f 4582//4582 4809//4809 4583//4583
f 4809//4809 4814//4814 4583//4583
f 4583//4583 4814//4814 4584//4584
f 4814//4814 4813//4813 4584//4584
f 4584//4584 4813//4813 4585//4585
f 4813//4813 4812//4812 4585//4585
f 4585//4585 4812//4812 4586//4586
f 4812//4812 4816//4816 4586//4586
f 4586//4586 4816//4816 4587//4587
f 4816//4816 4815//4815 4587//4587
f 4587//4587 4815//4815 4588//4588
f 4815//4815 4796//4796 4588//4588
f 4588//4588 4796//4796 4589//4589
f 4796//4796 4795//4795 4589//4589
f 4589//4589 4795//4795 4590//4590
f 4795//4795 4793//4793 4590//4590
f 4590//4590 4793//4793 4591//4591
f 4793//4793 4792//4792 4591//4591
f 4591//4591 4792//4792 4592//4592
f 4792//4792 4799//4799 4592//4592
f 4592//4592 4799//4799 4593//4593
f 4799//4799 4798//4798 4593//4593
f 4593//4593 4798//4798 4594//4594
f 4798//4798 4797//4797 4594//4594
f 4594//4594 4797//4797 4595//4595
f 4797//4797 4802//4802 4595//4595
f 4595//4595 4802//4802 4596//4596
f 4802//4802 4801//4801 4596//4596
f 4596//4596 4801//4801 4597//4597
f 4801//4801 4800//4800 4597//4597
f 4597//4597 4800//4800 4598//4598
f 4800//4800 4805//4805 4598//4598
f 4598//4598 4805//4805 4599//4599
f 4805//4805 4804//4804 4599//4599
f 4599//4599 4804//4804 4600//4600
f 4804//4804 4803//4803 4600//4600
f 4600//4600 4803//4803 4601//4601
f 4803//4803 4808//4808 4601//4601
f 4817//4817 4818//4818 4819//4819
f 4818//4818 4820//4820 4819//4819
f 4819//4819 4820//4820 4821//4821
f 4822//4822 4823//4823 4819//4819
f 4823//4823 4824//4824 4819//4819
f 4819//4819 4824//4824 4817//4817
f 4825//4825 4826//4826 4819//4819
f 4826//4826 4827//4827 4819//4819
f 4819//4819 4827//4827 4822//4822
f 4828//4828 4829//4829 4819//4819
f 4829//4829 4830//4830 4819//4819
f 4819//4819 4830//4830 4825//4825
f 4831//4831 4832//4832 4819//4819
f 4832//4832 4833//4833 4819//4819
f 4819//4819 4833//4833 4828//4828
f 4834//4834 4835//4835 4819//4819
f 4835//4835 4836//4836 4819//4819
f 4819//4819 4836//4836 4831//4831
f 4837//4837 4838//4838 4819//4819
f 4838//4838 4839//4839 4819//4819
f 4819//4819 4839//4839 4834//4834
f 4821//4821 4840//4840 4819//4819
f 4840//4840 4841//4841 4819//4819
f 4819//4819 4841//4841 4837//4837
f 4563//4563 4833//4833 4564//4564
f 4833//4833 4832//4832 4564//4564
f 4564//4564 4832//4832 4565//4565
f 4832//4832 4831//4831 4565//4565
f 4565//4565 4831//4831 4566//4566
f 4831//4831 4836//4836 4566//4566
f 4566//4566 4836//4836 4567//4567
f 4836//4836 4835//4835 4567//4567
f 4567//4567 4835//4835 4568//4568
f 4835//4835 4834//4834 4568//4568
f 4568//4568 4834//4834 4569//4569
f 4834//4834 4839//4839 4569//4569
f 4569//4569 4839//4839 4570//4570
f 4839//4839 4838//4838 4570//4570
f 4570//4570 4838//4838 4571//4571
f 4838//4838 4837//4837 4571//4571
f 4571//4571 4837//4837 4572//4572
f 4837//4837 4841//4841 4572//4572
f 4572//4572 4841//4841 4573//4573
f 4841//4841 4840//4840 4573//4573
f 4573//4573 4840//4840 4574//4574
f 4840//4840 4821//4821 4574//4574
f 4574//4574 4821//4821 4575//4575
f 4821//4821 4820//4820 4575//4575
f 4575//4575 4820//4820 4576//4576
f 4820//4820 4818//4818 4576//4576
f 4576//4576 4818//4818 4577//4577
f 4818//4818 4817//4817 4577//4577
f 4577//4577 4817//4817 4578//4578
f 4817//4817 4824//4824 4578//4578
f 4578//4578 4824//4824 4579//4579
f 4824//4824 4823//4823 4579//4579
f 4579//4579 4823//4823 4556//4556
f 4823//4823 4822//4822 4556//4556
f 4556//4556 4822//4822 4557//4557
f 4822//4822 4827//4827 4557//4557
f 4557//4557 4827//4827 4558//4558
f 4827//4827 4826//4826 4558//4558
f 4558//4558 4826//4826 4559//4559
f 4826//4826 4825//4825 4559//4559
f 4559//4559 4825//4825 4560//4560
f 4825//4825 4830//4830 4560//4560
f 4560//4560 4830//4830 4561//4561
f 4830//4830 4829//4829 4561//4561
f 4561//4561 4829//4829 4562//4562
f 4829//4829 4828//4828 4562//4562
f 4562//4562 4828//4828 4563//4563
f 4828//4828 4833//4833 4563//4563
f 4842//4842 4843//4843 4844//4844
f 4843//4843 4845//4845 4844//4844
f 4844//4844 4845//4845 4846//4846
f 4847//4847 4848//4848 4844//4844
f 4848//4848 4849//4849 4844//4844
f 4844//4844 4849//4849 4842//4842
f 4850//4850 4851//4851 4844//4844
f 4851//4851 4852//4852 4844//4844
f 4844//4844 4852//4852 4847//4847
f 4853//4853 4854//4854 4844//4844
f 4854//4854 4855//4855 4844//4844
f 4844//4844 4855//4855 4850//4850
f 4856//4856 4857//4857 4844//4844
f 4857//4857 4858//4858 4844//4844
f 4844//4844 4858//4858 4853//4853
f 4859//4859 4860//4860 4844//4844
f 4860//4860 4861//4861 4844//4844
f 4844//4844 4861//4861 4856//4856
f 4862//4862 4863//4863 4844//4844
f 4863//4863 4864//4864 4844//4844
f 4844//4844 4864//4864 4859//4859
f 4846//4846 4865//4865 4844//4844
f 4865//4865 4866//4866 4844//4844
f 4844//4844 4866//4866 4862//4862
f 4535//4535 4858//4858 4536//4536
f 4858//4858 4857//4857 4536//4536
f 4536//4536 4857//4857 4537//4537
f 4857//4857 4856//4856 4537//4537
f 4537//4537 4856//4856 4538//4538
f 4856//4856 4861//4861 4538//4538
f 4538//4538 4861//4861 4539//4539
f 4861//4861 4860//4860 4539//4539
f 4539//4539 4860//4860 4540//4540
f 4860//4860 4859//4859 4540//4540
f 4540//4540 4859//4859 4541//4541
f 4859//4859 4864//4864 4541//4541
f 4541//4541 4864//4864 4542//4542
f 4864//4864 4863//4863 4542//4542
f 4542//4542 4863//4863 4543//4543
f 4863//4863 4862//4862 4543//4543
f 4543//4543 4862//4862 4544//4544
f 4862//4862 4866//4866 4544//4544
f 4544//4544 4866//4866 4545//4545
f 4866//4866 4865//4865 4545//4545
f 4545//4545 4865//4865 4546//4546
f 4865//4865 4846//4846 4546//4546
f 4546//4546 4846//4846 4547//4547
f 4846//4846 4845//4845 4547//4547
f 4547//4547 4845//4845 4548//4548
f 4845//4845 4843//4843 4548//4548
f 4548//4548 4843//4843 4549//4549
f 4843//4843 4842//4842 4549//4549
f 4549//4549 4842//4842 4550//4550
f 4842//4842 4849//4849 4550//4550
f 4550//4550 4849//4849 4551//4551
f 4849//4849 4848//4848 4551//4551
f 4551//4551 4848//4848 4552//4552
f 4848//4848 4847//4847 4552//4552
f 4552//4552 4847//4847 4553//4553
f 4847//4847 4852//4852 4553//4553
f 4553//4553 4852//4852 4554//4554
f 4852//4852 4851//4851 4554//4554
f 4554//4554 4851//4851 4555//4555
f 4851//4851 4850//4850 4555//4555
f 4555//4555 4850//4850 4532//4532
f 4850//4850 4855//4855 4532//4532
f 4532//4532 4855//4855 4533//4533
f 4855//4855 4854//4854 4533//4533
f 4533//4533 4854//4854 4534//4534
f 4854//4854 4853//4853 4534//4534
f 4534//4534 4853//4853 4535//4535
f 4853//4853 4858//4858 4535//4535
f 4867//4867 4868//4868 4869//4869
f 4868//4868 4870//4870 4869//4869
f 4869//4869 4870//4870 4871//4871
f 4872//4872 4873//4873 4869//4869
f 4873//4873 4874//4874 4869//4869
f 4869//4869 4874//4874 4867//4867
f 4875//4875 4876//4876 4869//4869
f 4876//4876 4877//4877 4869//4869
f 4869//4869 4877//4877 4872//4872
f 4878//4878 4879//4879 4869//4869
f 4879//4879 4880//4880 4869//4869
f 4869//4869 4880//4880 4875//4875
f 4881//4881 4882//4882 4869//4869
f 4882//4882 4883//4883 4869//4869
f 4869//4869 4883//4883 4878//4878
f 4884//4884 4885//4885 4869//4869
f 4885//4885 4886//4886 4869//4869
f 4869//4869 4886//4886 4881//4881
f 4887//4887 4888//4888 4869//4869
f 4888//4888 4889//4889 4869//4869
f 4869//4869 4889//4889 4884//4884
f 4871//4871 4890//4890 4869//4869
f 4890//4890 4891//4891 4869//4869
f 4869//4869 4891//4891 4887//4887
f 4514//4514 4883//4883 4515//4515
f 4883//4883 4882//4882 4515//4515
f 4515//4515 4882//4882 4516//4516
f 4882//4882 4881//4881 4516//4516
f 4516//4516 4881//4881 4517//4517
f 4881//4881 4886//4886 4517//4517
f 4517//4517 4886//4886 4518//4518
f 4886//4886 4885//4885 4518//4518
f 4518//4518 4885//4885 4519//4519
f 4885//4885 4884//4884 4519//4519
f 4519//4519 4884//4884 4520//4520
f 4884//4884 4889//4889 4520//4520
f 4520//4520 4889//4889 4521//4521
f 4889//4889 4888//4888 4521//4521
f 4521//4521 4888//4888 4522//4522
f 4888//4888 4887//4887 4522//4522
f 4522//4522 4887//4887 4523//4523
f 4887//4887 4891//4891 4523//4523
f 4523//4523 4891//4891 4524//4524
f 4891//4891 4890//4890 4524//4524
f 4524//4524 4890//4890 4525//4525
f 4890//4890 4871//4871 4525//4525
f 4525//4525 4871//4871 4526//4526
f 4871//4871 4870//4870 4526//4526
f 4526//4526 4870//4870 4527//4527
f 4870//4870 4868//4868 4527//4527
f 4527//4527 4868//4868 4528//4528
f 4868//4868 4867//4867 4528//4528
f 4528//4528 4867//4867 4529//4529
f 4867//4867 4874//4874 4529//4529
f 4529//4529 4874//4874 4530//4530
f 4874//4874 4873//4873 4530//4530
f 4530//4530 4873//4873 4531//4531
f 4873//4873 4872//4872 4531//4531
f 4531//4531 4872//4872 4508//4508
f 4872//4872 4877//4877 4508//4508
f 4508//4508 4877//4877 4509//4509
f 4877//4877 4876//4876 4509//4509
f 4509//4509 4876//4876 4510//4510
f 4876//4876 4875//4875 4510//4510
f 4510//4510 4875//4875 4511//4511
f 4875//4875 4880//4880 4511//4511
f 4511//4511 4880//4880 4512//4512
f 4880//4880 4879//4879 4512//4512
f 4512//4512 4879//4879 4513//4513
f 4879//4879 4878//4878 4513//4513
f 4513//4513 4878//4878 4514//4514
f 4878//4878 4883//4883 4514//4514
f 4892//4892 4893//4893 4894//4894
f 4893//4893 4895//4895 4894//4894
f 4894//4894 4895//4895 4896//4896
f 4897//4897 4898//4898 4894//4894
f 4898//4898 4899//4899 4894//4894
f 4894//4894 4899//4899 4892//4892
f 4900//4900 4901//4901 4894//4894
f 4901//4901 4902//4902 4894//4894
f 4894//4894 4902//4902 4897//4897
f 4903//4903 4904//4904 4894//4894
f 4904//4904 4905//4905 4894//4894
f 4894//4894 4905//4905 4900//4900
f 4906//4906 4907//4907 4894//4894
f 4907//4907 4908//4908 4894//4894
f 4894//4894 4908//4908 4903//4903
f 4909//4909 4910//4910 4894//4894
f 4910//4910 4911//4911 4894//4894
f 4894//4894 4911//4911 4906//4906
f 4912//4912 4913//4913 4894//4894
f 4913//4913 4914//4914 4894//4894
f 4894//4894 4914//4914 4909//4909
f 4896//4896 4915//4915 4894//4894
f 4915//4915 4916//4916 4894//4894
f 4894//4894 4916//4916 4912//4912
f 3588//3588 4895//4895 3589//3589
f 4895//4895 4893//4893 3589//3589
f 3589//3589 4893//4893 3590//3590
f 4893//4893 4892//4892 3590//3590
f 3590//3590 4892//4892 3591//3591
f 4892//4892 4899//4899 3591//3591
f 3591//3591 4899//4899 3592//3592
f 4899//4899 4898//4898 3592//3592
f 3592//3592 4898//4898 3593//3593
f 4898//4898 4897//4897 3593//3593
f 3593//3593 4897//4897 3594//3594
f 4897//4897 4902//4902 3594//3594
f 3594//3594 4902//4902 3595//3595
f 4902//4902 4901//4901 3595//3595
f 3595//3595 4901//4901 3596//3596
f 4901//4901 4900//4900 3596//3596
f 3596//3596 4900//4900 3597//3597
f 4900//4900 4905//4905 3597//3597
f 3597//3597 4905//4905 3598//3598
f 4905//4905 4904//4904 3598//3598
f 3598//3598 4904//4904 3599//3599
f 4904//4904 4903//4903 3599//3599
f 3599//3599 4903//4903 3600//3600
f 4903//4903 4908//4908 3600//3600
f 3600//3600 4908//4908 3601//3601
f 4908//4908 4907//4907 3601//3601
f 3601//3601 4907//4907 3602//3602
f 4907//4907 4906//4906 3602//3602
f 3602//3602 4906//4906 3603//3603
f 4906//4906 4911//4911 3603//3603
f 3603//3603 4911//4911 3604//3604
f 4911//4911 4910//4910 3604//3604
f 3604//3604 4910//4910 3581//3581
f 4910//4910 4909//4909 3581//3581
f 3581//3581 4909//4909 3582//3582
f 4909//4909 4914//4914 3582//3582
f 3582//3582 4914//4914 3583//3583
f 4914//4914 4913//4913 3583//3583
f 3583//3583 4913//4913 3584//3584
f 4913//4913 4912//4912 3584//3584
f 3584//3584 4912//4912 3585//3585
f 4912//4912 4916//4916 3585//3585
f 3585//3585 4916//4916 3586//3586
f 4916//4916 4915//4915 3586//3586
f 3586//3586 4915//4915 3587//3587
f 4915//4915 4896//4896 3587//3587
f 3587//3587 4896//4896 3588//3588
f 4896//4896 4895//4895 3588//3588
f 3577//3577 3579//3579 4917//4917
f 3579//3579 3533//3533 4917//4917
f 4917//4917 3533//3533 3535//3535
f 3571//3571 3573//3573 4917//4917
f 3573//3573 3575//3575 4917//4917
f 4917//4917 3575//3575 3577//3577
f 3565//3565 3567//3567 4917//4917
f 3567//3567 3569//3569 4917//4917
f 4917//4917 3569//3569 3571//3571
f 3559//3559 3561//3561 4917//4917
f 3561//3561 3563//3563 4917//4917
f 4917//4917 3563//3563 3565//3565
f 3553//3553 3555//3555 4917//4917
f 3555//3555 3557//3557 4917//4917
f 4917//4917 3557//3557 3559//3559
f 3547//3547 3549//3549 4917//4917
f 3549//3549 3551//3551 4917//4917
f 4917//4917 3551//3551 3553//3553
f 3541//3541 3543//3543 4917//4917
f 3543//3543 3545//3545 4917//4917
f 4917//4917 3545//3545 3547//3547
f 3535//3535 3537//3537 4917//4917
f 3537//3537 3539//3539 4917//4917
f 4917//4917 3539//3539 3541//3541
f 3529//3529 3531//3531 4918//4918
f 3531//3531 3485//3485 4918//4918
f 4918//4918 3485//3485 3487//3487
f 3523//3523 3525//3525 4918//4918
f 3525//3525 3527//3527 4918//4918
f 4918//4918 3527//3527 3529//3529
f 3517//3517 3519//3519 4918//4918
f 3519//3519 3521//3521 4918//4918
f 4918//4918 3521//3521 3523//3523
f 3511//3511 3513//3513 4918//4918
f 3513//3513 3515//3515 4918//4918
f 4918//4918 3515//3515 3517//3517
f 3505//3505 3507//3507 4918//4918
f 3507//3507 3509//3509 4918//4918
f 4918//4918 3509//3509 3511//3511
f 3499//3499 3501//3501 4918//4918
f 3501//3501 3503//3503 4918//4918
f 4918//4918 3503//3503 3505//3505
f 3493//3493 3495//3495 4918//4918
f 3495//3495 3497//3497 4918//4918
f 4918//4918 3497//3497 3499//3499
f 3487//3487 3489//3489 4918//4918
f 3489//3489 3491//3491 4918//4918
f 4918//4918 3491//3491 3493//3493
f 3481//3481 3483//3483 4919//4919
f 3483//3483 3437//3437 4919//4919
f 4919//4919 3437//3437 3439//3439
f 3475//3475 3477//3477 4919//4919
f 3477//3477 3479//3479 4919//4919
f 4919//4919 3479//3479 3481//3481
f 3469//3469 3471//3471 4919//4919
f 3471//3471 3473//3473 4919//4919
f 4919//4919 3473//3473 3475//3475
f 3463//3463 3465//3465 4919//4919
f 3465//3465 3467//3467 4919//4919
f 4919//4919 3467//3467 3469//3469
f 3457//3457 3459//3459 4919//4919
f 3459//3459 3461//3461 4919//4919
f 4919//4919 3461//3461 3463//3463
f 3451//3451 3453//3453 4919//4919
f 3453//3453 3455//3455 4919//4919
f 4919//4919 3455//3455 3457//3457
f 3445//3445 3447//3447 4919//4919
f 3447//3447 3449//3449 4919//4919
f 4919//4919 3449//3449 3451//3451
f 3439//3439 3441//3441 4919//4919
f 3441//3441 3443//3443 4919//4919
f 4919//4919 3443//3443 3445//3445
f 3433//3433 3435//3435 4920//4920
f 3435//3435 3389//3389 4920//4920
f 4920//4920 3389//3389 3391//3391
f 3427//3427 3429//3429 4920//4920
f 3429//3429 3431//3431 4920//4920
f 4920//4920 3431//3431 3433//3433
f 3421//3421 3423//3423 4920//4920
f 3423//3423 3425//3425 4920//4920
f 4920//4920 3425//3425 3427//3427
f 3415//3415 3417//3417 4920//4920
f 3417//3417 3419//3419 4920//4920
f 4920//4920 3419//3419 3421//3421
f 3409//3409 3411//3411 4920//4920
f 3411//3411 3413//3413 4920//4920
f 4920//4920 3413//3413 3415//3415
f 3403//3403 3405//3405 4920//4920
f 3405//3405 3407//3407 4920//4920
f 4920//4920 3407//3407 3409//3409
f 3397//3397 3399//3399 4920//4920
f 3399//3399 3401//3401 4920//4920
f 4920//4920 3401//3401 3403//3403
f 3391//3391 3393//3393 4920//4920
f 3393//3393 3395//3395 4920//4920
f 4920//4920 3395//3395 3397//3397
f 3374//3374 3375//3375 4921//4921
f 3375//3375 3376//3376 4921//4921
f 4921//4921 3376//3376 3377//3377
f 3383//3383 3379//3379 4921//4921
f 3379//3379 3378//3378 4921//4921
f 4921//4921 3378//3378 3374//3374
f 3380//3380 3381//3381 4921//4921
f 3381//3381 3382//3382 4921//4921
f 4921//4921 3382//3382 3383//3383
f 3388//3388 3385//3385 4921//4921
f 3385//3385 3384//3384 4921//4921
f 4921//4921 3384//3384 3380//3380
f 3367//3367 3386//3386 4921//4921
f 3386//3386 3387//3387 4921//4921
f 4921//4921 3387//3387 3388//3388
f 3371//3371 3365//3365 4921//4921
f 3365//3365 3366//3366 4921//4921
f 4921//4921 3366//3366 3367//3367
f 3368//3368 3369//3369 4921//4921
f 3369//3369 3370//3370 4921//4921
f 4921//4921 3370//3370 3371//3371
f 3377//3377 3373//3373 4921//4921
f 3373//3373 3372//3372 4921//4921
f 4921//4921 3372//3372 3368//3368
