# exported from MuJoCo
v -0.032885 0.013968 0.040618
v -0.032923 0.013970 0.040607
v -0.033108 0.013580 0.040551
v 0.030589 0.005607 0.059723
v 0.031194 -0.000000 0.059905
v 0.030951 0.003569 0.059832
v 0.031213 -0.000000 0.059911
v 0.029602 0.010375 0.059426
v 0.029457 0.010968 0.059383
v 0.029308 0.010907 0.059338
v 0.029246 0.011834 0.059319
v 0.028466 0.013562 0.059084
v 0.027353 0.016028 0.058749
v 0.026545 0.017818 0.058506
v 0.025383 0.019484 0.058156
v 0.021235 0.024579 0.056908
v 0.023887 0.021809 0.057706
v 0.024516 0.020729 0.057895
v 0.024526 0.020746 0.057898
v 0.027369 0.016022 0.058754
v 0.021303 0.024644 0.056928
v 0.018249 0.027642 0.056009
v 0.017152 0.028287 0.055679
v 0.022832 0.023143 0.057389
v 0.018583 0.027348 0.056109
v 0.017190 0.028350 0.055690
v 0.016361 0.028904 0.055441
v 0.012518 0.031327 0.054284
v -0.013762 0.032731 0.046374
v -0.013738 0.032647 0.046381
v -0.012232 0.033341 0.046835
v -0.011216 0.033746 0.047140
v -0.017141 0.031385 0.045357
v -0.018574 0.030459 0.044926
v -0.018538 0.030398 0.044937
v -0.015295 0.032121 0.045913
v -0.016835 0.031515 0.045449
v -0.023046 0.027403 0.043580
v -0.025917 0.024655 0.042716
v -0.026940 0.023427 0.042408
v -0.020970 0.028910 0.044205
v -0.022517 0.027910 0.043739
v -0.023070 0.027424 0.043573
v -0.023186 0.027348 0.043538
v -0.030358 0.019010 0.041379
v -0.030872 0.018295 0.041224
v -0.030223 0.018928 0.041420
v -0.032480 0.015177 0.040740
v -0.033584 0.012577 0.040408
v -0.034185 0.010366 0.040227
v -0.034696 0.008564 0.040073
v -0.034676 0.008562 0.040079
v -0.035242 0.006480 0.039909
v -0.035500 0.003562 0.039831
v -0.035090 0.007036 0.039955
v -0.035484 0.002898 0.039836
v -0.034957 0.007783 0.039995
v -0.035558 0.002909 0.039814
v -0.035816 -0.000000 0.039736
v -0.035797 -0.000000 0.039742
v -0.028489 0.021809 0.041941
v -0.027065 0.023556 0.042370
v -0.027160 0.023465 0.042342
v -0.030008 0.019499 0.041484
v -0.009755 0.034102 0.047580
v -0.008713 0.034225 0.047894
v -0.003349 0.034856 0.049508
v -0.005715 0.034751 0.048796
v -0.008704 0.034205 0.047897
v -0.009028 0.034145 0.047799
v -0.002304 0.034850 0.049823
v -0.003363 0.034867 0.049504
v -0.004940 0.034892 0.049030
v 0.001386 0.034790 0.050934
v 0.001123 0.034794 0.050854
v 0.002048 0.034468 0.051133
v -0.002301 0.034980 0.049824
v 0.002062 0.034645 0.051137
v 0.007426 0.033500 0.052752
v 0.004421 0.034142 0.051847
v 0.007652 0.033404 0.052820
v 0.007449 0.033490 0.052758
v 0.007382 0.033287 0.052738
v 0.005152 0.034102 0.052067
v 0.012232 0.031515 0.054198
v 0.013065 0.031107 0.054449
v 0.012530 0.031334 0.054288
v 0.010688 0.032116 0.053733
v 0.027877 0.015177 0.058907
v 0.030354 0.007783 0.059653
v 0.030816 0.005402 0.059791
v 0.030761 0.005626 0.059775
v 0.030421 0.007020 0.059673
v -0.018538 -0.030399 0.044937
v -0.018574 -0.030460 0.044926
v -0.017141 -0.031386 0.045357
v -0.035558 -0.002910 0.039814
v -0.035484 -0.002899 0.039836
v -0.035500 -0.003563 0.039831
v -0.035242 -0.006481 0.039909
v -0.035090 -0.007037 0.039955
v -0.034676 -0.008563 0.040079
v -0.034957 -0.007784 0.039995
v -0.034696 -0.008565 0.040073
v -0.034185 -0.010367 0.040227
v -0.032885 -0.013969 0.040618
v -0.032923 -0.013971 0.040607
v -0.030872 -0.018296 0.041224
v -0.030223 -0.018929 0.041420
v -0.032480 -0.015178 0.040740
v -0.033108 -0.013581 0.040551
v -0.033584 -0.012578 0.040408
v -0.027065 -0.023557 0.042370
v -0.025917 -0.024655 0.042716
v -0.026940 -0.023428 0.042408
v -0.023046 -0.027404 0.043580
v -0.023186 -0.027349 0.043538
v -0.023070 -0.027425 0.043573
v -0.022517 -0.027911 0.043739
v -0.020970 -0.028911 0.044205
v -0.015295 -0.032122 0.045913
v -0.013762 -0.032732 0.046374
v -0.013738 -0.032648 0.046381
v -0.016835 -0.031516 0.045449
v -0.002304 -0.034851 0.049823
v 0.001123 -0.034795 0.050854
v 0.002048 -0.034469 0.051133
v 0.007426 -0.033501 0.052752
v 0.007449 -0.033491 0.052758
v 0.007382 -0.033288 0.052738
v 0.016361 -0.028905 0.055441
v 0.017152 -0.028288 0.055679
v 0.012518 -0.031328 0.054284
v 0.018249 -0.027643 0.056009
v 0.021303 -0.024645 0.056928
v 0.021235 -0.024580 0.056908
v 0.017190 -0.028350 0.055690
v 0.018583 -0.027349 0.056109
v 0.022832 -0.023144 0.057389
v 0.024516 -0.020730 0.057895
v 0.023887 -0.021810 0.057706
v 0.026545 -0.017819 0.058506
v 0.027353 -0.016029 0.058749
v 0.025383 -0.019485 0.058156
v 0.030951 -0.003570 0.059832
v 0.030589 -0.005608 0.059723
v 0.030816 -0.005403 0.059791
v 0.030761 -0.005627 0.059775
v 0.029602 -0.010376 0.059426
v 0.030421 -0.007021 0.059673
v 0.030354 -0.007784 0.059653
v 0.029308 -0.010908 0.059338
v 0.029457 -0.010969 0.059383
v 0.029020 -0.012290 0.059251
v 0.029246 -0.011835 0.059319
v 0.027877 -0.015178 0.058907
v 0.027369 -0.016023 0.058754
v 0.028466 -0.013563 0.059084
v 0.024526 -0.020747 0.057898
v 0.010688 -0.032117 0.053733
v 0.012530 -0.031335 0.054288
v 0.013065 -0.031108 0.054449
v 0.007652 -0.033405 0.052820
v 0.012232 -0.031516 0.054198
v 0.005152 -0.034103 0.052067
v 0.001386 -0.034791 0.050934
v 0.002062 -0.034646 0.051137
v 0.004421 -0.034143 0.051847
v -0.002301 -0.034980 0.049824
v -0.003349 -0.034857 0.049508
v -0.003363 -0.034868 0.049504
v -0.004940 -0.034893 0.049030
v -0.005715 -0.034752 0.048796
v -0.008713 -0.034226 0.047894
v -0.008704 -0.034206 0.047897
v -0.011216 -0.033747 0.047140
v -0.009028 -0.034146 0.047799
v -0.012232 -0.033342 0.046835
v -0.009755 -0.034103 0.047580
v -0.028489 -0.021810 0.041941
v -0.030358 -0.019011 0.041379
v -0.030008 -0.019500 0.041484
v -0.027160 -0.023466 0.042342
v 0.000545 0.007048 -0.009075
v 0.000510 0.006480 -0.008960
v 0.000432 0.003562 -0.008702
v 0.019706 -0.013600 -0.072737
v 0.019971 -0.011340 -0.073615
v 0.020048 -0.010393 -0.073871
v 0.008394 -0.034278 -0.035152
v 0.010425 -0.034980 -0.041901
v 0.008182 -0.034103 -0.034447
v 0.000396 -0.003803 -0.008581
v 0.000549 -0.007047 -0.009089
v 0.000393 -0.003576 -0.008570
v 0.000596 -0.007784 -0.009245
v 0.000343 -0.000000 -0.008405
v 0.020507 -0.000000 -0.075396
v 0.020254 -0.007784 -0.074557
v 0.020299 -0.007046 -0.074706
v 0.020268 -0.007685 -0.074604
v 0.009867 -0.034948 -0.040047
v 0.009396 -0.034768 -0.038481
v 0.008764 -0.034528 -0.036384
v 0.000572 -0.007530 -0.009165
v 0.000800 -0.010396 -0.009922
v 0.000909 -0.011554 -0.010285
v 0.000606 0.008045 -0.009277
v 0.000596 0.007783 -0.009245
v 0.000737 0.009683 -0.009714
v 0.019281 -0.016653 -0.071325
v 0.019556 -0.014883 -0.072239
v 0.019508 -0.015178 -0.072079
v 0.000855 -0.011086 -0.010104
v 0.001142 -0.013604 -0.011058
v 0.001342 -0.015178 -0.011722
v 0.000337 -0.000000 -0.008386
v 0.020254 0.007783 -0.074557
v 0.020199 0.008677 -0.074376
v 0.020048 0.010391 -0.073872
v 0.019035 -0.018233 -0.070508
v 0.018777 -0.019535 -0.069649
v 0.018412 -0.021372 -0.068436
v 0.018307 -0.021810 -0.068089
v 0.018066 -0.022842 -0.067287
v 0.017697 -0.024248 -0.066061
v 0.017554 -0.024735 -0.065586
v 0.013755 -0.033018 -0.052964
v 0.014121 -0.032573 -0.054181
v 0.014348 -0.032237 -0.054936
v 0.010425 -0.035000 -0.041901
v 0.010964 -0.034951 -0.043693
v 0.010990 -0.034925 -0.043779
v 0.011456 -0.034815 -0.045325
v 0.011554 -0.034761 -0.045651
v 0.002543 0.021809 -0.015713
v 0.002351 0.020973 -0.015075
v 0.002070 0.019542 -0.014142
v 0.019941 0.011553 -0.073517
v 0.017306 -0.025584 -0.064763
v 0.017143 -0.026083 -0.064220
v 0.016896 -0.026841 -0.063402
v 0.016711 -0.027349 -0.062785
v 0.016473 -0.028008 -0.061994
v 0.014799 -0.031516 -0.056434
v 0.011511 -0.034800 -0.045507
v 0.012052 -0.034547 -0.047308
v 0.012114 -0.034486 -0.047511
v 0.012457 -0.034289 -0.048652
v 0.012668 -0.034103 -0.049354
v 0.013100 -0.033754 -0.050789
v 0.013216 -0.033613 -0.051173
v 0.013422 -0.033415 -0.051859
v 0.013615 -0.033212 -0.052499
v 0.001253 -0.014579 -0.011427
v 0.001490 -0.016251 -0.012215
v 0.001601 -0.016921 -0.012585
v 0.001753 -0.017878 -0.013088
v 0.001888 -0.018611 -0.013539
v 0.002061 -0.019564 -0.014113
v 0.002543 -0.021810 -0.015713
v 0.000909 0.011553 -0.010285
v 0.000794 0.010400 -0.009902
v 0.000721 0.009585 -0.009660
v 0.001888 0.018610 -0.013539
v 0.001826 0.018295 -0.013330
v 0.001342 0.015177 -0.011722
v 0.020307 0.007054 -0.074733
v 0.020364 0.005859 -0.074923
v 0.020393 0.005402 -0.075018
v 0.020443 0.003916 -0.075186
v 0.020445 0.004074 -0.075190
v 0.014617 -0.031839 -0.055830
v 0.015097 -0.031023 -0.057423
v 0.015302 -0.030616 -0.058103
v 0.015570 -0.030105 -0.058996
v 0.015789 -0.029619 -0.059721
v 0.016030 -0.029097 -0.060524
v 0.016063 -0.029017 -0.060632
v 0.007428 -0.033414 -0.031943
v 0.007095 -0.033018 -0.030838
v 0.005061 -0.029619 -0.024080
v 0.004591 -0.028529 -0.022518
v 0.004788 -0.029014 -0.023171
v 0.001381 0.015510 -0.011853
v 0.001186 0.014061 -0.011205
v 0.001222 0.014287 -0.011326
v 0.001133 0.013615 -0.011028
v 0.001111 0.013386 -0.010955
v 0.001009 0.012577 -0.010618
v 0.000856 0.011096 -0.010108
v 0.007693 -0.033700 -0.032824
v 0.008220 -0.034160 -0.034575
v 0.006051 -0.031516 -0.027367
v 0.006501 -0.032238 -0.028865
v 0.006567 -0.032318 -0.029082
v 0.006647 -0.032460 -0.029350
v 0.007166 -0.033131 -0.031072
v 0.003444 -0.025257 -0.018708
v 0.004139 -0.027349 -0.021017
v 0.003296 -0.024736 -0.018215
v 0.010106 0.034982 -0.040842
v 0.009860 0.034924 -0.040023
v 0.010425 0.034980 -0.041901
v 0.005179 -0.029895 -0.024472
v 0.005657 -0.030846 -0.026059
v 0.006144 -0.031697 -0.027678
v 0.003849 -0.026534 -0.020053
v 0.004273 -0.027733 -0.021462
v 0.004716 -0.028853 -0.022934
v 0.002359 -0.021011 -0.015102
v 0.002697 -0.022489 -0.016226
v 0.002908 -0.023309 -0.016925
v 0.003059 -0.023902 -0.017427
v 0.002639 0.022243 -0.016032
v 0.002908 0.023308 -0.016925
v 0.002943 0.023465 -0.017042
v 0.003296 0.024734 -0.018216
v 0.003269 0.024659 -0.018127
v 0.008394 0.034279 -0.035152
v 0.008182 0.034102 -0.034447
v 0.008736 0.034485 -0.036290
v 0.020459 0.003575 -0.075237
v 0.020471 0.002940 -0.075278
v 0.020482 0.002730 -0.075315
v 0.020491 0.001961 -0.075344
v 0.020505 0.001371 -0.075390
v 0.020503 0.000981 -0.075383
v 0.020512 -0.000000 -0.075416
v 0.020456 -0.003576 -0.075228
v 0.020451 -0.003877 -0.075212
v 0.007281 0.033263 -0.031456
v 0.007095 0.033017 -0.030838
v 0.007427 0.033417 -0.031941
v 0.007634 0.033612 -0.032628
v 0.007742 0.033746 -0.032986
v 0.008202 0.034146 -0.034517
v 0.013216 0.033612 -0.051173
v 0.012910 0.033928 -0.050156
v 0.012668 0.034102 -0.049354
v 0.012459 0.034287 -0.048658
v 0.011554 0.034760 -0.045651
v 0.013755 0.033017 -0.052964
v 0.013423 0.033420 -0.051861
v 0.013353 0.033500 -0.051628
v 0.018961 0.018610 -0.070262
v 0.018787 0.019559 -0.069683
v 0.018647 0.020241 -0.069218
v 0.018584 0.020575 -0.069008
v 0.018307 0.021809 -0.068089
v 0.006830 0.032708 -0.029957
v 0.006504 0.032214 -0.028875
v 0.006051 0.031515 -0.027367
v 0.005959 0.031385 -0.027062
v 0.005798 0.031077 -0.026527
v 0.005535 0.030614 -0.025655
v 0.005548 0.030615 -0.025698
v 0.005124 0.029776 -0.024289
v 0.005061 0.029618 -0.024080
v 0.004787 0.029014 -0.023170
v 0.004824 0.029084 -0.023292
v 0.004725 0.028874 -0.022965
v 0.004591 0.028528 -0.022518
v 0.004340 0.027910 -0.021685
v 0.004139 0.027348 -0.021017
v 0.003968 0.026884 -0.020450
v 0.003707 0.026082 -0.019581
v 0.003611 0.025800 -0.019263
v 0.003294 0.024742 -0.018209
v 0.009631 0.034892 -0.039263
v 0.009394 0.034809 -0.038477
v 0.009296 0.034760 -0.038150
v 0.009148 0.034721 -0.037657
v 0.008671 0.034472 -0.036074
v 0.014283 0.032317 -0.054719
v 0.014221 0.032433 -0.054512
v 0.013791 0.033000 -0.053085
v 0.018295 0.021884 -0.068050
v 0.017990 0.023143 -0.067034
v 0.017942 0.023308 -0.066876
v 0.017668 0.024350 -0.065965
v 0.017554 0.024734 -0.065586
v 0.019382 0.016055 -0.071660
v 0.019293 0.016674 -0.071363
v 0.019249 0.016920 -0.071217
v 0.019107 0.017818 -0.070747
v 0.018855 0.019219 -0.069908
v 0.019920 0.011834 -0.073448
v 0.019709 0.013603 -0.072746
v 0.019508 0.015177 -0.072079
v 0.019553 0.014903 -0.072229
v 0.019340 0.016381 -0.071520
v 0.011535 0.034790 -0.045588
v 0.011456 0.034813 -0.045325
v 0.011272 0.034856 -0.044716
v 0.011064 0.034930 -0.044023
v 0.010990 0.034924 -0.043779
v 0.010586 0.034995 -0.042437
v 0.010425 0.034991 -0.041901
v 0.017555 0.024737 -0.065589
v 0.017330 0.025504 -0.064844
v 0.017143 0.026082 -0.064220
v 0.016978 0.026602 -0.063672
v 0.016711 0.027348 -0.062785
v 0.016610 0.027642 -0.062451
v 0.016487 0.027949 -0.062042
v 0.016239 0.028598 -0.061217
v 0.016259 0.028528 -0.061284
v 0.016062 0.029011 -0.060629
v 0.015789 0.029618 -0.059721
v 0.015855 0.029495 -0.059940
v 0.015547 0.030128 -0.058919
v 0.015458 0.030332 -0.058623
v 0.015302 0.030615 -0.058103
v 0.015050 0.031107 -0.057267
v 0.014799 0.031515 -0.056434
v 0.014640 0.031802 -0.055906
v 0.014349 0.032240 -0.054938
v -0.006852 0.029865 0.009723
v -0.007753 0.030128 0.005991
v -0.010463 0.032035 0.004643
v 0.004704 0.034804 -0.039930
v -0.002743 0.033359 -0.032754
v -0.004542 0.033292 -0.031503
v -0.004504 0.032124 -0.028099
v 0.003320 0.033411 -0.033195
v -0.007189 0.028606 -0.016075
v -0.006361 0.028735 -0.018232
v -0.007182 0.031919 -0.024343
v 0.002667 0.032234 -0.030019
v -0.003407 0.024711 -0.017665
v -0.004274 0.024667 -0.016299
v -0.004143 0.019510 -0.011773
v 0.000374 0.024733 -0.019007
v -0.001612 0.010399 -0.010371
v -0.003070 0.003575 -0.008622
v -0.003293 0.003576 -0.008382
v -0.003326 -0.000000 -0.008123
v -0.001869 0.007047 -0.009505
v 0.000203 -0.000000 -0.008426
v -0.028721 -0.000000 0.004603
v -0.029241 -0.000000 0.008739
v -0.028843 0.006487 0.008805
v -0.027717 0.003417 -0.030417
v -0.027809 -0.000000 -0.030480
v -0.027816 -0.000000 -0.015409
v -0.002330 0.007015 -0.079866
v 0.000080 0.007023 -0.079937
v 0.000225 0.003562 -0.080502
v -0.009104 0.006984 -0.077703
v -0.013579 0.006959 -0.074695
v -0.013497 0.010271 -0.073698
v -0.017772 0.010227 -0.069518
v 0.012007 0.010398 -0.076406
v -0.017523 0.013389 -0.068237
v -0.021229 0.013324 -0.062923
v -0.020797 0.016319 -0.061439
v -0.022794 0.013288 -0.059800
v 0.011757 0.013611 -0.075252
v -0.020709 0.026288 -0.047293
v -0.019828 0.028252 -0.044889
v -0.017608 0.028410 -0.050430
v -0.013499 0.031738 -0.048942
v -0.016009 0.031578 -0.044717
v -0.015174 0.032734 -0.041658
v -0.019513 0.031017 -0.026116
v -0.019411 0.030823 -0.019091
v -0.016990 0.032776 -0.015604
v 0.003793 0.034792 -0.047675
v 0.006154 0.034803 -0.046977
v 0.006847 0.034273 -0.050401
v -0.032417 0.003364 0.027912
v -0.032632 -0.000000 0.027983
v -0.033906 -0.000000 0.032761
v -0.024641 0.024498 0.038087
v -0.010406 0.033094 0.040464
v -0.000075 0.034654 0.042180
v -0.025595 0.020954 0.027707
v -0.027352 0.018415 0.027715
v -0.027459 0.018674 0.030322
v -0.006066 0.032993 0.032695
v -0.006505 0.032770 0.030934
v -0.012790 0.030811 0.030738
v -0.018571 0.028315 0.021990
v -0.020616 0.026700 0.021990
v -0.019080 0.027329 0.027721
v -0.003996 0.032548 0.024819
v -0.006435 0.032207 0.021906
v -0.009086 0.032040 0.021939
v 0.007318 0.029999 0.024791
v 0.010657 0.030410 0.027873
v 0.016073 0.027375 0.027972
v 0.030766 0.016513 0.046311
v 0.032276 0.013484 0.046379
v 0.033240 0.013352 0.041227
v 0.034444 0.010201 0.041154
v 0.031827 0.006713 0.030339
v 0.033377 0.006762 0.032174
v 0.033895 0.003431 0.032198
v 0.034994 0.003453 0.034135
v 0.032390 0.003406 0.030419
v 0.030546 0.003380 0.028778
v 0.029940 0.006662 0.028664
v 0.033972 -0.000000 0.032289
v 0.032614 -0.000000 0.030512
v 0.032501 -0.000000 0.030365
v 0.035735 -0.000000 0.036077
v 0.035043 -0.000000 0.034087
v 0.034789 -0.000000 0.033358
v 0.035938 0.003489 0.038454
v 0.035662 0.003471 0.036224
v 0.035166 0.006842 0.036354
v 0.034504 0.006805 0.034190
v 0.033681 0.010039 0.034222
v 0.032538 0.009975 0.032141
v 0.031396 0.013054 0.032099
v 0.030785 -0.000000 0.028978
v 0.028956 -0.000000 0.027501
v 0.025425 0.006567 0.025645
v 0.023383 0.012681 0.025388
v 0.036086 -0.000000 0.040592
v 0.035983 -0.000000 0.038232
v 0.035911 -0.000000 0.036584
v 0.033375 0.013282 0.038834
v 0.034554 0.010148 0.038755
v 0.033180 0.013212 0.036502
v 0.034333 0.010094 0.036446
v 0.032544 0.013138 0.034231
v 0.035214 -0.000000 0.045976
v 0.035237 -0.000000 0.045893
v 0.034983 0.003541 0.046184
v 0.035885 0.003507 0.040839
v 0.034403 0.006981 0.046318
v 0.033388 -0.000000 0.052335
v 0.033275 0.003566 0.052468
v 0.032716 0.007031 0.052486
v 0.031834 0.010375 0.052421
v 0.028980 0.019371 0.046182
v 0.031739 0.016351 0.041247
v 0.027425 0.019510 0.051774
v 0.030646 0.013581 0.052279
v 0.025628 0.024256 0.041011
v 0.029958 0.019180 0.041216
v 0.030133 0.019077 0.038857
v 0.029990 0.018973 0.036512
v 0.029396 0.018864 0.034187
v 0.028269 0.018743 0.031989
v 0.033495 0.010301 0.046382
v 0.035332 0.006913 0.041026
v 0.035415 0.006877 0.038629
v 0.025836 0.024124 0.038716
v 0.025742 0.023990 0.036399
v 0.025204 0.023850 0.034068
v 0.024134 0.023694 0.031851
v 0.022628 0.023525 0.029866
v 0.017733 0.027578 0.029723
v -0.001175 0.031555 0.021866
v 0.001848 0.031891 0.024774
v -0.001034 0.032382 0.024788
v 0.001564 0.032820 0.027793
v 0.007795 0.033013 0.033358
v 0.007057 0.032793 0.031326
v 0.003711 0.033294 0.031229
v 0.005982 0.032560 0.029478
v 0.004704 0.032324 0.027810
v 0.012142 0.030633 0.029592
v 0.013391 0.030853 0.031514
v 0.014260 0.031058 0.033644
v 0.014654 0.031248 0.035856
v 0.019129 0.027776 0.031691
v 0.020111 0.027959 0.033884
v 0.020582 0.028127 0.036175
v 0.020628 0.028288 0.038429
v 0.020396 0.028445 0.040634
v 0.024657 0.024500 0.045752
v 0.014407 0.031607 0.040102
v 0.013495 0.031929 0.044288
v 0.019448 0.028733 0.045113
v 0.018079 0.028940 0.049996
v 0.023189 0.024677 0.051003
v 0.003481 0.034475 0.042757
v 0.006940 0.033950 0.043303
v 0.010284 0.033095 0.043814
v 0.012234 0.032160 0.048782
v 0.011174 0.032760 0.039785
v -0.001665 0.032985 0.027786
v -0.004883 0.032811 0.027781
v -0.007993 0.032306 0.027772
v -0.011634 0.031551 0.021963
v -0.013834 0.030376 0.027747
v -0.016386 0.029672 0.021987
v -0.016538 0.028984 0.027733
v -0.003172 0.033283 0.031034
v -0.002656 0.033508 0.032866
v 0.000267 0.033461 0.031133
v 0.000859 0.033687 0.033036
v 0.004377 0.033518 0.033201
v 0.004643 0.033727 0.035227
v 0.008105 0.033217 0.035454
v 0.004320 0.034124 0.039061
v 0.007806 0.033605 0.039438
v -0.018461 0.027718 0.030560
v -0.023393 0.023627 0.030416
v -0.021445 0.025428 0.027712
v -0.023622 0.023297 0.027706
v -0.022512 0.024845 0.021987
v -0.024249 0.022766 0.021983
v -0.027209 0.017999 0.021977
v -0.025817 0.020479 0.021979
v -0.028413 0.015344 0.021979
v -0.028879 0.015697 0.027731
v -0.030163 0.012816 0.027757
v -0.030535 0.012995 0.030295
v -0.032179 0.010062 0.032658
v -0.029977 -0.000000 0.014585
v -0.031405 -0.000000 0.022067
v -0.030811 0.006486 0.022018
v -0.031945 0.006633 0.027846
v -0.029421 0.012529 0.021985
v -0.032291 -0.000000 0.026703
v -0.007077 0.033949 0.041020
v -0.003628 0.034475 0.041593
v -0.002844 0.034121 0.038246
v -0.013597 0.031928 0.039929
v -0.009675 0.032753 0.037439
v -0.012890 0.031599 0.037054
v -0.005934 0.033203 0.034484
v -0.012463 0.031221 0.033997
v -0.018370 0.028089 0.033550
v -0.018835 0.028433 0.036337
v 0.001081 0.033899 0.034984
v 0.000736 0.034300 0.038659
v -0.006321 0.033600 0.037838
v -0.002479 0.033720 0.034734
v -0.019497 0.028731 0.038940
v -0.033053 0.006818 0.032659
v -0.034163 0.006979 0.036677
v -0.033291 0.010299 0.036768
v -0.028891 0.019369 0.037403
v -0.027772 0.018929 0.032874
v -0.023518 0.023946 0.033167
v -0.028300 0.019166 0.035231
v -0.024017 0.024243 0.035719
v -0.032110 0.013482 0.036922
v -0.031546 0.013340 0.034903
v -0.030995 0.013174 0.032696
v -0.034708 0.003540 0.036654
v -0.033602 0.003458 0.032700
v -0.034954 -0.000000 0.036690
v 0.005431 0.034984 -0.043454
v 0.003207 0.034973 -0.044106
v 0.001052 0.034964 -0.044279
v 0.007509 0.033410 -0.053708
v -0.016192 0.031755 0.007510
v -0.014848 0.032530 0.002450
v -0.016288 0.032034 0.001731
v -0.015740 0.033284 -0.013772
v -0.017163 0.032983 -0.021845
v 0.009806 0.026991 -0.065406
v 0.006295 0.028994 -0.063647
v 0.009288 0.029006 -0.062747
v 0.005382 0.032221 -0.057705
v 0.008138 0.032233 -0.056880
v 0.010284 0.024732 -0.067859
v -0.016823 0.030130 -0.047648
v -0.014130 0.030282 -0.052044
v -0.018901 0.029963 -0.042330
v -0.017938 0.031401 -0.039633
v -0.019118 0.031212 -0.033451
v -0.020184 0.029782 -0.035840
v -0.021711 0.027909 -0.030018
v -0.022435 0.024015 -0.046055
v -0.023088 0.023943 -0.042196
v -0.022178 0.026131 -0.040229
v -0.023680 0.023795 -0.033441
v -0.021207 0.028083 -0.038104
v -0.023672 0.023648 -0.025056
v -0.021663 0.027736 -0.022272
v -0.021422 0.027404 -0.010091
v -0.023501 0.023367 -0.011895
v -0.010840 0.031994 0.015327
v -0.012439 0.032206 0.011119
v -0.015884 0.031552 0.010660
v -0.017509 0.030757 0.010439
v -0.017683 0.031228 0.001035
v -0.019059 0.029674 0.010225
v -0.019025 0.030128 0.000367
v -0.020527 0.028317 0.010021
v -0.020306 0.028750 -0.000270
v -0.021906 0.026703 0.009826
v -0.025741 0.020347 0.014569
v -0.024471 0.022630 0.018626
v -0.024537 0.022620 0.014645
v -0.021282 0.026539 0.018692
v -0.019484 0.028143 0.018723
v -0.017560 0.029491 0.018752
v -0.008778 0.032008 0.018807
v -0.014839 0.031343 0.015162
v -0.016713 0.030555 0.015075
v -0.018494 0.029478 0.014986
v -0.020174 0.028130 0.014897
v -0.021746 0.026527 0.014810
v -0.024367 0.022769 0.009474
v -0.013371 0.031357 0.018793
v 0.010720 0.022247 -0.070088
v 0.011112 0.019554 -0.072075
v 0.011458 0.016669 -0.073802
v 0.004693 0.019533 -0.073809
v 0.004433 0.022225 -0.071756
v 0.004150 0.024709 -0.069454
v 0.004931 0.016651 -0.075593
v -0.000448 0.019498 -0.074302
v -0.000577 0.022187 -0.072150
v -0.000057 0.010365 -0.079014
v -0.004709 0.010339 -0.078494
v -0.004763 0.013536 -0.077179
v -0.009064 0.013496 -0.075361
v -0.008980 0.016530 -0.073707
v -0.013148 0.016470 -0.070736
v -0.012893 0.019323 -0.068812
v -0.016810 0.019239 -0.064800
v -0.012593 0.021987 -0.066621
v -0.016363 0.021892 -0.062684
v -0.012254 0.024447 -0.064183
v -0.015863 0.024340 -0.060330
v -0.011883 0.026683 -0.061519
v -0.015320 0.026566 -0.057758
v -0.011485 0.028678 -0.058651
v -0.014739 0.028553 -0.054990
v -0.010634 0.031878 -0.052381
v -0.020285 0.019145 -0.059689
v -0.021751 0.019093 -0.056700
v -0.019701 0.021784 -0.057694
v -0.020400 0.024154 -0.052648
v -0.019055 0.024220 -0.055473
v -0.018354 0.026434 -0.053045
v -0.025239 0.018474 -0.013384
v -0.025363 0.018696 -0.027357
v -0.025345 0.018811 -0.036276
v -0.024685 0.018927 -0.045596
v -0.023970 0.018984 -0.049700
v -0.022989 0.019040 -0.053384
v -0.026565 0.012860 -0.014502
v -0.026663 0.013013 -0.029087
v -0.026629 0.013093 -0.038412
v -0.025921 0.013174 -0.048172
v -0.025161 0.013213 -0.052471
v -0.024115 0.013252 -0.056329
v 0.012206 0.007046 -0.077247
v 0.005663 0.003570 -0.079665
v -0.008117 0.028784 -0.061435
v -0.008332 0.026781 -0.064353
v -0.008531 0.024536 -0.067060
v -0.008708 0.022068 -0.069535
v -0.008860 0.019394 -0.071758
v -0.004792 0.016580 -0.075546
v -0.000190 0.013570 -0.077754
v 0.005341 0.010385 -0.078279
v 0.005513 0.007037 -0.079144
v 0.012352 0.003574 -0.077756
v 0.012441 -0.000000 -0.077904
v 0.000370 -0.000000 -0.080568
v 0.003416 -0.000000 -0.080326
v 0.005772 -0.000000 -0.079745
v 0.009262 -0.000000 -0.078883
v -0.001362 -0.000000 -0.080705
v -0.002197 0.003558 -0.080456
v -0.004627 0.007005 -0.079469
v -0.009107 0.010308 -0.076700
v -0.013351 0.013447 -0.072372
v -0.017200 0.016399 -0.066658
v -0.004514 0.003553 -0.080084
v -0.009050 0.003542 -0.078349
v -0.002028 -0.000000 -0.080589
v -0.004343 -0.000000 -0.080186
v -0.005790 -0.000000 -0.079933
v -0.018021 0.003514 -0.071100
v -0.013592 0.003529 -0.075342
v -0.014780 -0.000000 -0.074575
v -0.008896 -0.000000 -0.078519
v -0.010154 -0.000000 -0.077947
v -0.013466 -0.000000 -0.075532
v -0.027412 0.006657 -0.015196
v -0.027143 0.009941 -0.029710
v -0.027104 0.010002 -0.039184
v -0.026381 0.010063 -0.049111
v -0.025603 0.010093 -0.053485
v -0.024532 0.010122 -0.057413
v -0.023179 0.010150 -0.060945
v -0.021574 0.010177 -0.064122
v -0.017941 0.006929 -0.070479
v -0.019966 0.006913 -0.067907
v -0.021822 0.006896 -0.065017
v -0.023461 0.006878 -0.061796
v -0.024841 0.006859 -0.058212
v -0.025932 0.006839 -0.054227
v -0.026722 0.006819 -0.049794
v -0.027456 0.006778 -0.039741
v -0.027497 0.006736 -0.030157
v -0.023631 0.003488 -0.062332
v -0.021966 0.003498 -0.065588
v -0.022565 -0.000000 -0.064799
v -0.023563 -0.000000 -0.062484
v -0.025030 -0.000000 -0.059081
v -0.025032 0.003479 -0.058709
v -0.025078 -0.000000 -0.058881
v -0.026136 0.003469 -0.054682
v -0.026067 -0.000000 -0.054797
v -0.026783 -0.000000 -0.051841
v -0.026935 0.003459 -0.050206
v -0.026955 -0.000000 -0.050324
v -0.027503 -0.000000 -0.045493
v -0.027675 0.003438 -0.040068
v -0.027637 -0.000000 -0.040149
v -0.027807 -0.000000 -0.033378
v -0.017912 -0.000000 -0.071273
v -0.019262 -0.000000 -0.069851
v -0.020080 0.003506 -0.068507
v -0.020012 -0.000000 -0.068703
v -0.021929 -0.000000 -0.065771
v -0.026382 0.018002 0.009179
v -0.026809 0.017884 0.014500
v -0.021517 0.027111 -0.000871
v -0.023701 0.023117 -0.001951
v -0.025512 0.018277 -0.002843
v -0.026885 0.012723 -0.003515
v -0.027894 0.012531 0.008952
v -0.027756 0.006586 -0.003936
v -0.028179 -0.000000 -0.004081
v -0.027732 0.015246 0.014438
v -0.028504 0.012449 0.014386
v -0.029564 0.006445 0.014313
v -0.029940 -0.000000 0.014292
v -0.027819 -0.000000 -0.009837
v -0.002225 -0.000000 -0.008774
v -0.002074 0.003575 -0.008966
v -0.002920 -0.000000 -0.008544
v -0.002791 0.003575 -0.008802
v -0.002966 -0.000000 -0.008529
v -0.003133 -0.000000 -0.008341
v -0.003713 0.003575 -0.007117
v -0.003904 0.003571 -0.005763
v -0.003866 -0.000000 -0.005631
v -0.003762 -0.000000 -0.006640
v -0.003683 -0.000000 -0.006954
v -0.003414 -0.000000 -0.008023
v -0.002619 0.007047 -0.009395
v -0.002940 0.007048 -0.009224
v -0.001305 0.013612 -0.011548
v -0.002410 0.010398 -0.010317
v -0.002163 0.013611 -0.011551
v -0.002775 0.010400 -0.010159
v -0.002576 0.013613 -0.011407
v -0.000552 0.019555 -0.014763
v -0.001215 0.022245 -0.016939
v -0.003559 0.019543 -0.013161
v -0.003177 0.019553 -0.013855
v -0.003030 0.022243 -0.015964
v -0.002548 0.019556 -0.014545
v -0.002308 0.022248 -0.016640
v -0.002081 0.019554 -0.014773
v -0.001564 0.019552 -0.014879
v -0.003089 0.010402 -0.009910
v -0.002939 0.013615 -0.011161
v -0.003481 0.010401 -0.009237
v -0.003403 0.013614 -0.010472
v -0.003686 0.010397 -0.008541
v -0.003656 0.013608 -0.009770
v -0.003973 0.010382 -0.007156
v -0.004023 0.013587 -0.008378
v -0.004459 0.013504 -0.005311
v -0.004691 0.016533 -0.006782
v -0.004889 0.016370 -0.003345
v -0.005355 0.019199 -0.004933
v -0.000833 0.024729 -0.019238
v -0.002039 0.024731 -0.018979
v -0.002861 0.024725 -0.018326
v -0.003076 -0.000000 0.002828
v -0.003788 -0.000000 0.000169
v -0.003834 0.003514 0.000038
v -0.003793 -0.000000 0.000044
v -0.003908 -0.000000 -0.002838
v -0.004020 0.013203 0.001327
v -0.003641 0.010088 0.002123
v -0.004187 0.010216 -0.001021
v -0.003963 0.006925 -0.000324
v -0.004131 0.006995 -0.003350
v -0.004044 0.003549 -0.002901
v -0.003233 0.003469 0.002909
v -0.002558 -0.000000 0.004764
v -0.002348 0.006745 0.005440
v 0.000983 -0.000000 0.010037
v -0.000407 -0.000000 0.008529
v -0.000977 0.006659 0.007884
v -0.000778 -0.000000 0.007878
v -0.002158 -0.000000 0.005463
v -0.003375 0.006837 0.002656
v -0.003001 0.013027 0.004602
v -0.003976 -0.000000 -0.004558
v -0.003207 0.007049 -0.008978
v -0.003537 0.007050 -0.008332
v -0.003705 0.007047 -0.007650
v -0.003932 0.007037 -0.006277
v -0.004270 0.010319 -0.004160
v -0.004497 0.013370 -0.002034
v -0.005092 0.018962 -0.000994
v 0.001453 0.029007 -0.024140
v -0.004401 0.028918 -0.021795
v -0.003193 0.028972 -0.023123
v -0.002454 0.028991 -0.023733
v -0.001419 0.029000 -0.024318
v 0.000020 0.029000 -0.024483
v -0.005610 0.024512 -0.012915
v -0.006482 0.024273 -0.008867
v -0.004964 0.019389 -0.008554
v -0.004080 0.016636 -0.009924
v -0.003614 0.016663 -0.011316
v -0.003301 0.016670 -0.012018
v -0.002758 0.016672 -0.012712
v 0.000984 0.032225 -0.030471
v 0.001505 0.033402 -0.033699
v -0.000693 0.032222 -0.030412
v -0.000293 0.033397 -0.033697
v -0.001957 0.032210 -0.029919
v -0.002911 0.032188 -0.029378
v 0.003999 0.034273 -0.036505
v 0.002050 0.034263 -0.037060
v 0.002618 0.034793 -0.040535
v 0.000132 0.034257 -0.037115
v 0.000580 0.034786 -0.040649
v -0.002555 0.034216 -0.036270
v -0.002347 0.034742 -0.039906
v -0.004567 0.034147 -0.035047
v -0.006115 0.033199 -0.029776
v -0.005885 0.032035 -0.026398
v 0.004881 0.033398 -0.054493
v 0.002390 0.033386 -0.054846
v 0.001968 0.034250 -0.051436
v -0.001680 0.034202 -0.051023
v -0.001890 0.034735 -0.047380
v -0.004567 0.034660 -0.046250
v -0.004572 0.034845 -0.042479
v -0.006764 0.034746 -0.040669
v -0.006558 0.034572 -0.036932
v -0.008465 0.034445 -0.034643
v -0.008036 0.033926 -0.031086
v -0.009621 0.033775 -0.028440
v -0.008989 0.032930 -0.025130
v -0.010132 0.032760 -0.022232
v -0.009333 0.031611 -0.019232
v -0.006627 0.024130 -0.006620
v -0.007826 0.028456 -0.013685
v -0.008369 0.031776 -0.021953
v -0.007607 0.033078 -0.027646
v -0.006340 0.034050 -0.033294
v -0.004578 0.034670 -0.038713
v -0.002119 0.034919 -0.043642
v 0.001522 0.034782 -0.047908
v 0.004351 0.034261 -0.051143
v 0.002984 -0.000000 0.012208
v 0.000666 0.006586 0.010058
v -0.001663 0.012863 0.007353
v -0.004122 0.018711 0.003075
v -0.006527 0.023976 -0.004178
v -0.008201 0.028290 -0.011051
v -0.008261 0.028112 -0.008096
v -0.009978 0.031428 -0.016159
v -0.010230 0.031233 -0.012622
v -0.011900 0.033408 -0.021801
v -0.014326 0.033583 -0.038490
v -0.015940 0.033394 -0.033899
v -0.014923 0.033914 -0.030899
v -0.015760 0.033708 -0.025705
v -0.014619 0.033885 -0.022984
v -0.014738 0.033671 -0.017313
v -0.013528 0.033499 -0.015027
v -0.013217 0.033287 -0.010027
v -0.011987 0.032781 -0.008211
v -0.010951 0.033601 -0.025357
v -0.011785 0.034116 -0.028588
v -0.010260 0.034292 -0.031862
v -0.010901 0.034465 -0.035378
v -0.008888 0.034618 -0.038297
v -0.009314 0.034434 -0.041959
v -0.006973 0.034561 -0.044413
v -0.007194 0.034029 -0.048072
v -0.004578 0.034128 -0.049930
v -0.004601 0.033264 -0.053498
v -0.001487 0.033338 -0.054549
v -0.001309 0.032160 -0.057940
v 0.002789 0.032208 -0.058117
v -0.001145 0.030687 -0.061175
v 0.003164 0.030734 -0.061233
v -0.000991 0.028935 -0.064234
v 0.003515 0.028981 -0.064173
v -0.000847 0.026923 -0.067096
v 0.003844 0.026967 -0.066920
v -0.000710 0.024667 -0.069741
v 0.005262 -0.000000 0.013926
v 0.002558 0.006529 0.012036
v -0.000127 0.012723 0.009703
v -0.002837 0.018478 0.006374
v -0.005646 0.023663 0.000944
v 0.009519 0.006444 0.017108
v 0.010329 -0.000000 0.017303
v 0.007735 -0.000000 0.015792
v 0.004687 0.006487 0.013839
v 0.001608 0.012612 0.011787
v -0.001427 0.018277 0.009088
v -0.004436 0.023371 0.005003
v -0.007508 0.027749 -0.001704
v -0.010071 0.031032 -0.008602
v -0.012371 0.033202 -0.017628
v -0.012896 0.033922 -0.024778
v -0.012627 0.034289 -0.031906
v -0.011546 0.034282 -0.038902
v -0.009752 0.033904 -0.045541
v -0.007425 0.033168 -0.051625
v -0.004632 0.032088 -0.056934
v -0.004669 0.030617 -0.060217
v -0.004707 0.028868 -0.063327
v -0.004743 0.026860 -0.066242
v -0.004774 0.024609 -0.068943
v -0.004794 0.022134 -0.071407
v -0.004802 0.019451 -0.073615
v -0.000319 0.016620 -0.076177
v 0.005147 0.013596 -0.077089
v 0.026409 -0.000000 0.026036
v 0.021928 -0.000000 0.023457
v 0.020260 0.006492 0.022849
v 0.021319 -0.000000 0.023146
v 0.013496 -0.000000 0.019147
v 0.018335 0.012539 0.022579
v 0.015633 0.018011 0.022340
v 0.013114 0.012456 0.019781
v 0.010718 0.017894 0.019518
v 0.008077 0.012449 0.016830
v 0.006036 0.017883 0.016543
v 0.003571 0.012531 0.013586
v 0.001906 0.018002 0.013269
v 0.000130 0.018118 0.011416
v -0.001814 0.022916 0.010938
v -0.003173 0.023118 0.008244
v -0.005302 0.027112 0.007201
v -0.006397 0.027408 0.003293
v -0.008658 0.030456 0.001297
v -0.009643 0.030833 -0.004785
v -0.012341 0.032991 -0.012805
v -0.013485 0.033713 -0.020270
v -0.013906 0.034094 -0.027835
v -0.013475 0.034107 -0.035233
v -0.012199 0.033755 -0.042351
v -0.012852 0.032901 -0.045704
v -0.010194 0.033046 -0.049022
v -0.007659 0.031995 -0.055050
v -0.007891 0.030528 -0.058327
v -0.004162 0.026875 0.010369
v -0.002815 0.026703 0.012488
v -0.000243 0.022769 0.012899
v 0.000419 0.026527 0.015983
v 0.003461 0.022619 0.016257
v 0.004196 0.026540 0.019085
v 0.007720 0.022631 0.019283
v 0.008253 0.026710 0.021992
v 0.012243 0.022778 0.022142
v 0.016722 0.023029 0.024994
v 0.020448 0.018212 0.025170
v 0.024808 0.018469 0.028265
v 0.027885 0.012862 0.028453
v 0.029804 0.012960 0.030178
v 0.026695 0.018609 0.030019
v 0.020830 0.023351 0.028103
v 0.012311 0.027001 0.024866
v 0.003751 0.029679 0.021897
v 0.000221 0.029492 0.018933
v -0.004129 0.031358 0.018837
v -0.003023 0.029478 0.015729
v -0.006798 0.031343 0.015507
v -0.005746 0.029674 0.012046
v -0.008975 0.031552 0.011586
v -0.009822 0.031755 0.009016
v -0.013009 0.032414 0.008262
v -0.011896 0.032530 0.003928
v -0.013370 0.032699 0.003190
v -0.014475 0.033458 -0.011897
v -0.015955 0.033495 -0.019604
v -0.016896 0.033191 -0.028367
v -0.021535 0.024086 -0.049522
v -0.035379 -0.000000 0.038281
v -0.009822 -0.031756 0.009016
v -0.008975 -0.031553 0.011586
v -0.012439 -0.032207 0.011119
v -0.010132 -0.032761 -0.022232
v -0.009333 -0.031612 -0.019232
v -0.009978 -0.031429 -0.016159
v -0.007826 -0.028457 -0.013685
v -0.008201 -0.028291 -0.011051
v -0.006482 -0.024274 -0.008867
v 0.002667 -0.032235 -0.030019
v 0.000374 -0.024734 -0.019007
v -0.000977 -0.006660 0.007884
v -0.002348 -0.006746 0.005440
v -0.004270 -0.010320 -0.004160
v -0.004131 -0.006996 -0.003350
v -0.003963 -0.006926 -0.000324
v -0.027412 -0.006658 -0.015196
v -0.027732 -0.015247 0.014438
v -0.028504 -0.012450 0.014386
v -0.027894 -0.012532 0.008952
v -0.025741 -0.020348 0.014569
v -0.026809 -0.017885 0.014500
v -0.026382 -0.018003 0.009179
v -0.025512 -0.018278 -0.002843
v -0.023701 -0.023118 -0.001951
v -0.018021 -0.003515 -0.071100
v -0.013592 -0.003530 -0.075342
v -0.013579 -0.006960 -0.074695
v 0.012352 -0.003575 -0.077756
v 0.005663 -0.003571 -0.079665
v 0.010284 -0.024733 -0.067859
v -0.021711 -0.027910 -0.030018
v -0.021663 -0.027737 -0.022272
v -0.023672 -0.023649 -0.025056
v -0.008332 -0.026782 -0.064353
v -0.008117 -0.028785 -0.061435
v -0.011485 -0.028679 -0.058651
v -0.031546 -0.013341 0.034903
v -0.032110 -0.013483 0.036922
v -0.033291 -0.010300 0.036768
v -0.002479 -0.033721 0.034734
v 0.001081 -0.033900 0.034984
v 0.000736 -0.034301 0.038659
v -0.003996 -0.032549 0.024819
v -0.001665 -0.032986 0.027786
v -0.004883 -0.032812 0.027781
v 0.023189 -0.024678 0.051003
v 0.018079 -0.028941 0.049996
v 0.012311 -0.027002 0.024866
v 0.008253 -0.026711 0.021992
v 0.012243 -0.022779 0.022142
v 0.016722 -0.023030 0.024994
v 0.015633 -0.018012 0.022340
v 0.020260 -0.006493 0.022849
v 0.025425 -0.006568 0.025645
v 0.029940 -0.006663 0.028664
v 0.030546 -0.003381 0.028778
v 0.032390 -0.003407 0.030419
v 0.033895 -0.003432 0.032198
v 0.034994 -0.003454 0.034135
v 0.035662 -0.003472 0.036224
v 0.018335 -0.012540 0.022579
v 0.020448 -0.018213 0.025170
v 0.023383 -0.012682 0.025388
v 0.024808 -0.018470 0.028265
v 0.027885 -0.012863 0.028453
v 0.026695 -0.018609 0.030019
v 0.029804 -0.012961 0.030178
v 0.028269 -0.018744 0.031989
v 0.031396 -0.013055 0.032099
v 0.029396 -0.018865 0.034187
v 0.032544 -0.013139 0.034231
v 0.029990 -0.018974 0.036512
v 0.033180 -0.013213 0.036502
v 0.030133 -0.019078 0.038857
v 0.032538 -0.009976 0.032141
v 0.033681 -0.010040 0.034222
v 0.035938 -0.003490 0.038454
v 0.035885 -0.003508 0.040839
v 0.034333 -0.010095 0.036446
v 0.034554 -0.010149 0.038755
v 0.033375 -0.013283 0.038834
v 0.033240 -0.013353 0.041227
v 0.031827 -0.006714 0.030339
v 0.033377 -0.006763 0.032174
v 0.034504 -0.006806 0.034190
v 0.035166 -0.006843 0.036354
v 0.035415 -0.006878 0.038629
v 0.035332 -0.006914 0.041026
v 0.034983 -0.003542 0.046184
v 0.033275 -0.003567 0.052468
v 0.032716 -0.007032 0.052486
v 0.031834 -0.010376 0.052421
v 0.033495 -0.010302 0.046382
v 0.034403 -0.006982 0.046318
v 0.034444 -0.010202 0.041154
v 0.031739 -0.016352 0.041247
v 0.029958 -0.019180 0.041216
v 0.030766 -0.016514 0.046311
v 0.028980 -0.019372 0.046182
v 0.027425 -0.019511 0.051774
v 0.032276 -0.013485 0.046379
v 0.030646 -0.013582 0.052279
v 0.004704 -0.032325 0.027810
v 0.001848 -0.031892 0.024774
v 0.007318 -0.030000 0.024791
v 0.003751 -0.029680 0.021897
v 0.003711 -0.033295 0.031229
v 0.001564 -0.032821 0.027793
v -0.001034 -0.032383 0.024788
v -0.001175 -0.031556 0.021866
v 0.010657 -0.030411 0.027873
v 0.005982 -0.032561 0.029478
v 0.024657 -0.024501 0.045752
v 0.019448 -0.028734 0.045113
v 0.025628 -0.024257 0.041011
v 0.020396 -0.028446 0.040634
v 0.025836 -0.024125 0.038716
v 0.020628 -0.028289 0.038429
v 0.025742 -0.023991 0.036399
v 0.020582 -0.028128 0.036175
v 0.025204 -0.023851 0.034068
v 0.014654 -0.031249 0.035856
v 0.014407 -0.031608 0.040102
v 0.011174 -0.032761 0.039785
v 0.013495 -0.031930 0.044288
v 0.010284 -0.033096 0.043814
v 0.012234 -0.032161 0.048782
v 0.020830 -0.023352 0.028103
v 0.022628 -0.023526 0.029866
v 0.017733 -0.027579 0.029723
v 0.019129 -0.027777 0.031691
v 0.013391 -0.030854 0.031514
v 0.014260 -0.031059 0.033644
v 0.007795 -0.033014 0.033358
v 0.008105 -0.033218 0.035454
v 0.004643 -0.033728 0.035227
v 0.007806 -0.033606 0.039438
v 0.004320 -0.034125 0.039061
v 0.006940 -0.033951 0.043303
v 0.003481 -0.034476 0.042757
v 0.024134 -0.023695 0.031851
v 0.020111 -0.027960 0.033884
v -0.006435 -0.032208 0.021906
v 0.000267 -0.033462 0.031133
v -0.003172 -0.033284 0.031034
v -0.007993 -0.032307 0.027772
v -0.006505 -0.032771 0.030934
v -0.013834 -0.030377 0.027747
v -0.012790 -0.030812 0.030738
v -0.016538 -0.028985 0.027733
v -0.021445 -0.025429 0.027712
v -0.019080 -0.027330 0.027721
v -0.018461 -0.027719 0.030560
v -0.023393 -0.023628 0.030416
v -0.023622 -0.023298 0.027706
v -0.012463 -0.031222 0.033997
v -0.006066 -0.032994 0.032695
v -0.002656 -0.033509 0.032866
v 0.000859 -0.033688 0.033036
v -0.028879 -0.015698 0.027731
v -0.027352 -0.018416 0.027715
v -0.027459 -0.018675 0.030322
v -0.025595 -0.020955 0.027707
v -0.030535 -0.012996 0.030295
v -0.030995 -0.013175 0.032696
v -0.032179 -0.010063 0.032658
v -0.030163 -0.012817 0.027757
v -0.031945 -0.006634 0.027846
v -0.007077 -0.033950 0.041020
v -0.010406 -0.033095 0.040464
v -0.009675 -0.032754 0.037439
v -0.003628 -0.034476 0.041593
v -0.006321 -0.033601 0.037838
v -0.002844 -0.034122 0.038246
v -0.005934 -0.033204 0.034484
v -0.000075 -0.034655 0.042180
v -0.013597 -0.031929 0.039929
v -0.018370 -0.028090 0.033550
v -0.012890 -0.031599 0.037054
v -0.018835 -0.028434 0.036337
v -0.019497 -0.028732 0.038940
v 0.016073 -0.027376 0.027972
v 0.012142 -0.030634 0.029592
v 0.007057 -0.032794 0.031326
v 0.004377 -0.033519 0.033201
v -0.034163 -0.006980 0.036677
v -0.034708 -0.003541 0.036654
v -0.033602 -0.003459 0.032700
v -0.032417 -0.003365 0.027912
v -0.033053 -0.006819 0.032659
v -0.024641 -0.024499 0.038087
v -0.028891 -0.019369 0.037403
v -0.028300 -0.019167 0.035231
v -0.024017 -0.024244 0.035719
v -0.027772 -0.018930 0.032874
v -0.023518 -0.023947 0.033167
v 0.005431 -0.034985 -0.043454
v 0.006154 -0.034804 -0.046977
v 0.006847 -0.034274 -0.050401
v 0.007509 -0.033411 -0.053708
v 0.008138 -0.032234 -0.056880
v -0.015740 -0.033285 -0.013772
v -0.015955 -0.033496 -0.019604
v -0.014738 -0.033672 -0.017313
v -0.016990 -0.032777 -0.015604
v -0.017163 -0.032984 -0.021845
v -0.015940 -0.033395 -0.033899
v -0.017938 -0.031402 -0.039633
v -0.015174 -0.032735 -0.041658
v -0.014848 -0.032531 0.002450
v -0.016288 -0.032035 0.001731
v 0.009806 -0.026992 -0.065406
v 0.009288 -0.029007 -0.062747
v 0.006295 -0.028995 -0.063647
v -0.017683 -0.031229 0.001035
v -0.019411 -0.030824 -0.019091
v -0.019513 -0.031018 -0.026116
v -0.017509 -0.030758 0.010439
v -0.016192 -0.031756 0.007510
v -0.015884 -0.031553 0.010660
v -0.013009 -0.032415 0.008262
v -0.020527 -0.028318 0.010021
v -0.020306 -0.028751 -0.000270
v -0.019059 -0.029675 0.010225
v -0.019025 -0.030129 0.000367
v -0.017560 -0.029492 0.018752
v -0.019484 -0.028144 0.018723
v -0.020174 -0.028131 0.014897
v -0.016386 -0.029673 0.021987
v -0.018571 -0.028315 0.021990
v -0.013371 -0.031358 0.018793
v -0.011634 -0.031552 0.021963
v 0.010720 -0.022248 -0.070088
v 0.011112 -0.019555 -0.072075
v 0.011458 -0.016670 -0.073802
v 0.011757 -0.013612 -0.075252
v -0.026565 -0.012861 -0.014502
v -0.025363 -0.018697 -0.027357
v -0.025239 -0.018475 -0.013384
v -0.023501 -0.023368 -0.011895
v -0.021422 -0.027405 -0.010091
v 0.012007 -0.010399 -0.076406
v 0.012206 -0.007047 -0.077247
v -0.018354 -0.026435 -0.053045
v -0.020400 -0.024155 -0.052648
v -0.019055 -0.024221 -0.055473
v -0.019701 -0.021785 -0.057694
v -0.016363 -0.021893 -0.062684
v -0.016810 -0.019240 -0.064800
v -0.012893 -0.019324 -0.068812
v -0.017200 -0.016400 -0.066658
v -0.013148 -0.016471 -0.070736
v -0.017523 -0.013390 -0.068237
v -0.013351 -0.013448 -0.072372
v -0.017772 -0.010228 -0.069518
v -0.013497 -0.010272 -0.073698
v -0.002197 -0.003559 -0.080456
v -0.000057 -0.010366 -0.079014
v -0.002330 -0.007016 -0.079866
v 0.000080 -0.007024 -0.079937
v 0.000225 -0.003563 -0.080502
v -0.016009 -0.031579 -0.044717
v -0.016823 -0.030131 -0.047648
v -0.014130 -0.030283 -0.052044
v -0.014739 -0.028554 -0.054990
v -0.011883 -0.026684 -0.061519
v -0.008531 -0.024537 -0.067060
v -0.004774 -0.024610 -0.068943
v -0.004794 -0.022135 -0.071407
v -0.000577 -0.022188 -0.072150
v -0.000448 -0.019499 -0.074302
v 0.004693 -0.019534 -0.073809
v -0.000319 -0.016621 -0.076177
v 0.004931 -0.016652 -0.075593
v -0.000190 -0.013571 -0.077754
v 0.005147 -0.013597 -0.077089
v 0.005341 -0.010386 -0.078279
v 0.005513 -0.007038 -0.079144
v -0.004743 -0.026861 -0.066242
v -0.000710 -0.024668 -0.069741
v 0.004433 -0.022226 -0.071756
v -0.017941 -0.006930 -0.070479
v -0.019966 -0.006914 -0.067907
v -0.020080 -0.003507 -0.068507
v -0.009050 -0.003543 -0.078349
v -0.013485 -0.033714 -0.020270
v -0.014619 -0.033886 -0.022984
v -0.015760 -0.033709 -0.025705
v -0.016896 -0.033192 -0.028367
v -0.019118 -0.031213 -0.033451
v -0.020184 -0.029783 -0.035840
v -0.018901 -0.029964 -0.042330
v -0.019828 -0.028253 -0.044889
v -0.017608 -0.028411 -0.050430
v -0.015320 -0.026567 -0.057758
v -0.015863 -0.024341 -0.060330
v -0.012254 -0.024448 -0.064183
v -0.012593 -0.021988 -0.066621
v -0.008708 -0.022069 -0.069535
v -0.008860 -0.019395 -0.071758
v -0.004802 -0.019452 -0.073615
v -0.008980 -0.016531 -0.073707
v -0.004792 -0.016581 -0.075546
v -0.009064 -0.013497 -0.075361
v -0.004763 -0.013537 -0.077179
v -0.009107 -0.010309 -0.076700
v -0.004709 -0.010340 -0.078494
v -0.009104 -0.006985 -0.077703
v -0.004627 -0.007006 -0.079469
v -0.004514 -0.003554 -0.080084
v -0.027717 -0.003418 -0.030417
v -0.027497 -0.006737 -0.030157
v -0.027143 -0.009942 -0.029710
v -0.026663 -0.013014 -0.029087
v -0.020709 -0.026289 -0.047293
v -0.022435 -0.024016 -0.046055
v -0.021535 -0.024087 -0.049522
v -0.023970 -0.018985 -0.049700
v -0.022989 -0.019041 -0.053384
v -0.025161 -0.013214 -0.052471
v -0.024115 -0.013253 -0.056329
v -0.025603 -0.010094 -0.053485
v -0.024532 -0.010123 -0.057413
v -0.025932 -0.006840 -0.054227
v -0.024841 -0.006860 -0.058212
v -0.026136 -0.003470 -0.054682
v -0.025032 -0.003480 -0.058709
v -0.023631 -0.003489 -0.062332
v -0.020285 -0.019146 -0.059689
v -0.021751 -0.019094 -0.056700
v -0.020797 -0.016320 -0.061439
v -0.022794 -0.013289 -0.059800
v -0.021229 -0.013325 -0.062923
v -0.023179 -0.010151 -0.060945
v -0.021574 -0.010178 -0.064122
v -0.023461 -0.006879 -0.061796
v -0.021822 -0.006897 -0.065017
v -0.021966 -0.003499 -0.065588
v -0.021207 -0.028084 -0.038104
v -0.022178 -0.026132 -0.040229
v -0.023680 -0.023796 -0.033441
v -0.023088 -0.023944 -0.042196
v -0.025345 -0.018812 -0.036276
v -0.024685 -0.018928 -0.045596
v -0.026629 -0.013094 -0.038412
v -0.025921 -0.013175 -0.048172
v -0.027104 -0.010003 -0.039184
v -0.026381 -0.010064 -0.049111
v -0.027456 -0.006779 -0.039741
v -0.026722 -0.006820 -0.049794
v -0.027675 -0.003439 -0.040068
v -0.026935 -0.003460 -0.050206
v -0.022512 -0.024846 0.021987
v -0.024249 -0.022767 0.021983
v -0.024471 -0.022631 0.018626
v -0.025817 -0.020480 0.021979
v -0.024537 -0.022621 0.014645
v -0.026885 -0.012724 -0.003515
v -0.027756 -0.006587 -0.003936
v -0.028843 -0.006488 0.008805
v -0.029564 -0.006446 0.014313
v -0.020616 -0.026701 0.021990
v -0.021282 -0.026540 0.018692
v -0.021746 -0.026528 0.014810
v -0.021906 -0.026704 0.009826
v -0.024367 -0.022770 0.009474
v -0.021517 -0.027112 -0.000871
v -0.003070 -0.003576 -0.008622
v -0.002074 -0.003576 -0.008966
v -0.003293 -0.003577 -0.008382
v -0.003713 -0.003576 -0.007117
v -0.001869 -0.007048 -0.009505
v -0.001612 -0.010400 -0.010371
v -0.003904 -0.003572 -0.005763
v -0.004044 -0.003550 -0.002901
v -0.003932 -0.007038 -0.006277
v -0.003973 -0.010383 -0.007156
v -0.004023 -0.013588 -0.008378
v -0.001564 -0.019553 -0.014879
v -0.001305 -0.013613 -0.011548
v -0.002163 -0.013612 -0.011551
v -0.002410 -0.010399 -0.010317
v -0.002619 -0.007048 -0.009395
v -0.002791 -0.003576 -0.008802
v -0.000552 -0.019556 -0.014763
v -0.003537 -0.007051 -0.008332
v -0.003207 -0.007050 -0.008978
v -0.003481 -0.010402 -0.009237
v -0.003089 -0.010402 -0.009910
v -0.003403 -0.013615 -0.010472
v -0.002939 -0.013616 -0.011161
v -0.003301 -0.016671 -0.012018
v -0.002758 -0.016673 -0.012712
v -0.003177 -0.019554 -0.013855
v -0.002548 -0.019557 -0.014545
v -0.002308 -0.022249 -0.016640
v -0.002081 -0.019555 -0.014773
v -0.002576 -0.013614 -0.011407
v -0.002775 -0.010401 -0.010159
v -0.002940 -0.007049 -0.009224
v -0.001215 -0.022246 -0.016939
v -0.004080 -0.016637 -0.009924
v -0.004459 -0.013505 -0.005311
v -0.004187 -0.010217 -0.001021
v -0.003375 -0.006838 0.002656
v -0.003834 -0.003515 0.000038
v -0.003233 -0.003470 0.002909
v -0.004143 -0.019511 -0.011773
v -0.004691 -0.016534 -0.006782
v -0.004497 -0.013371 -0.002034
v -0.003641 -0.010089 0.002123
v 0.001453 -0.029008 -0.024140
v -0.002743 -0.033360 -0.032754
v -0.001957 -0.032211 -0.029919
v -0.002911 -0.032189 -0.029378
v -0.002454 -0.028992 -0.023733
v -0.003193 -0.028973 -0.023123
v -0.002861 -0.024726 -0.018326
v -0.003407 -0.024712 -0.017665
v 0.003320 -0.033412 -0.033195
v 0.003999 -0.034274 -0.036505
v 0.004704 -0.034805 -0.039930
v -0.000833 -0.024730 -0.019238
v 0.000020 -0.029001 -0.024483
v 0.000984 -0.032226 -0.030471
v 0.001505 -0.033403 -0.033699
v 0.002050 -0.034264 -0.037060
v 0.002618 -0.034794 -0.040535
v 0.003207 -0.034974 -0.044106
v 0.003793 -0.034793 -0.047675
v 0.004351 -0.034262 -0.051143
v 0.004881 -0.033399 -0.054493
v 0.005382 -0.032222 -0.057705
v -0.003559 -0.019544 -0.013161
v -0.003030 -0.022244 -0.015964
v -0.002039 -0.024732 -0.018979
v -0.001419 -0.029001 -0.024318
v -0.000693 -0.032223 -0.030412
v -0.000293 -0.033398 -0.033697
v -0.002555 -0.034217 -0.036270
v 0.000132 -0.034258 -0.037115
v -0.002347 -0.034743 -0.039906
v 0.000580 -0.034787 -0.040649
v -0.002119 -0.034920 -0.043642
v 0.001052 -0.034965 -0.044279
v -0.001890 -0.034736 -0.047380
v 0.001522 -0.034783 -0.047908
v -0.001680 -0.034203 -0.051023
v 0.001968 -0.034251 -0.051436
v -0.001487 -0.033339 -0.054549
v 0.002390 -0.033387 -0.054846
v -0.001309 -0.032161 -0.057940
v 0.002789 -0.032209 -0.058117
v 0.003164 -0.030735 -0.061233
v -0.003614 -0.016664 -0.011316
v -0.003656 -0.013609 -0.009770
v -0.003686 -0.010398 -0.008541
v -0.003705 -0.007048 -0.007650
v -0.004401 -0.028919 -0.021795
v -0.005885 -0.032036 -0.026398
v -0.004504 -0.032125 -0.028099
v -0.006115 -0.033200 -0.029776
v -0.004542 -0.033293 -0.031503
v -0.006340 -0.034051 -0.033294
v -0.004567 -0.034148 -0.035047
v -0.006558 -0.034573 -0.036932
v -0.004578 -0.034671 -0.038713
v -0.006764 -0.034747 -0.040669
v -0.004572 -0.034846 -0.042479
v -0.006973 -0.034562 -0.044413
v -0.004567 -0.034661 -0.046250
v -0.007194 -0.034030 -0.048072
v -0.004578 -0.034129 -0.049930
v -0.007425 -0.033169 -0.051625
v -0.004601 -0.033265 -0.053498
v -0.007659 -0.031996 -0.055050
v -0.004632 -0.032089 -0.056934
v -0.004669 -0.030618 -0.060217
v -0.001145 -0.030688 -0.061175
v -0.000991 -0.028936 -0.064234
v 0.003515 -0.028982 -0.064173
v 0.003844 -0.026968 -0.066920
v -0.005610 -0.024513 -0.012915
v -0.007189 -0.028607 -0.016075
v -0.006361 -0.028736 -0.018232
v -0.008369 -0.031777 -0.021953
v -0.007182 -0.031920 -0.024343
v -0.008989 -0.032931 -0.025130
v -0.007607 -0.033079 -0.027646
v -0.009621 -0.033776 -0.028440
v -0.008036 -0.033927 -0.031086
v -0.010260 -0.034293 -0.031862
v -0.008465 -0.034446 -0.034643
v -0.010901 -0.034466 -0.035378
v -0.008888 -0.034619 -0.038297
v -0.011546 -0.034283 -0.038902
v -0.009314 -0.034435 -0.041959
v -0.012199 -0.033756 -0.042351
v -0.009752 -0.033905 -0.045541
v -0.012852 -0.032902 -0.045704
v -0.010194 -0.033047 -0.049022
v -0.013499 -0.031739 -0.048942
v -0.010634 -0.031879 -0.052381
v -0.004274 -0.024668 -0.016299
v -0.011900 -0.033409 -0.021801
v -0.010951 -0.033602 -0.025357
v -0.012896 -0.033923 -0.024778
v -0.011785 -0.034117 -0.028588
v -0.013906 -0.034095 -0.027835
v -0.012627 -0.034290 -0.031906
v -0.014923 -0.033915 -0.030899
v -0.013475 -0.034108 -0.035233
v -0.014326 -0.033584 -0.038490
v -0.010463 -0.032036 0.004643
v -0.011987 -0.032782 -0.008211
v -0.009643 -0.030834 -0.004785
v -0.010071 -0.031033 -0.008602
v -0.008261 -0.028113 -0.008096
v -0.012371 -0.033203 -0.017628
v -0.013528 -0.033500 -0.015027
v -0.014475 -0.033459 -0.011897
v -0.013370 -0.032700 0.003190
v 0.004687 -0.006488 0.013839
v 0.002558 -0.006530 0.012036
v 0.000666 -0.006587 0.010058
v 0.001906 -0.018003 0.013269
v -0.000243 -0.022770 0.012899
v 0.000130 -0.018119 0.011416
v -0.001814 -0.022917 0.010938
v -0.001427 -0.018278 0.009088
v -0.003173 -0.023119 0.008244
v -0.002837 -0.018479 0.006374
v -0.004436 -0.023372 0.005003
v -0.004122 -0.018712 0.003075
v -0.005646 -0.023664 0.000944
v -0.005092 -0.018963 -0.000994
v -0.006527 -0.023977 -0.004178
v -0.005355 -0.019200 -0.004933
v 0.004150 -0.024710 -0.069454
v -0.000847 -0.026923 -0.067096
v -0.004707 -0.028869 -0.063327
v -0.007891 -0.030529 -0.058327
v -0.004964 -0.019390 -0.008554
v -0.004889 -0.016371 -0.003345
v -0.004020 -0.013204 0.001327
v -0.003001 -0.013028 0.004602
v -0.001663 -0.012864 0.007353
v -0.000127 -0.012724 0.009703
v 0.001608 -0.012613 0.011787
v 0.003571 -0.012532 0.013586
v 0.009519 -0.006445 0.017108
v -0.002815 -0.026704 0.012488
v -0.004162 -0.026876 0.010369
v -0.005302 -0.027113 0.007201
v -0.006397 -0.027409 0.003293
v -0.007508 -0.027750 -0.001704
v -0.005746 -0.029675 0.012046
v -0.006852 -0.029866 0.009723
v -0.007753 -0.030129 0.005991
v -0.008658 -0.030457 0.001297
v -0.006627 -0.024131 -0.006620
v -0.018494 -0.029479 0.014986
v -0.016713 -0.030556 0.015075
v -0.014839 -0.031344 0.015162
v -0.011896 -0.032531 0.003928
v -0.013217 -0.033288 -0.010027
v -0.012341 -0.032992 -0.012805
v -0.010230 -0.031234 -0.012622
v 0.008077 -0.012450 0.016830
v 0.013114 -0.012457 0.019781
v 0.006036 -0.017884 0.016543
v 0.010718 -0.017895 0.019518
v 0.003461 -0.022620 0.016257
v 0.007720 -0.022632 0.019283
v 0.000419 -0.026528 0.015983
v 0.004196 -0.026541 0.019085
v -0.003023 -0.029479 0.015729
v 0.000221 -0.029493 0.018933
v -0.006798 -0.031344 0.015507
v -0.004129 -0.031359 0.018837
v -0.010840 -0.031995 0.015327
v -0.008778 -0.032009 0.018807
v -0.009086 -0.032041 0.021939
v -0.030811 -0.006487 0.022018
v -0.029421 -0.012530 0.021985
v -0.028413 -0.015345 0.021979
v -0.027209 -0.018000 0.021977
v 0.014681 0.003225 0.021625
v 0.015071 -0.000001 0.021767
v 0.020579 -0.000001 0.024591
v -0.003098 0.022381 0.011729
v -0.004582 0.022622 0.008817
v -0.002795 0.017985 0.009865
v 0.001729 0.027679 -0.024988
v 0.005049 0.027674 -0.024039
v 0.004300 0.025760 -0.021552
v 0.002212 0.017422 -0.014614
v 0.001973 0.015889 -0.013821
v -0.000703 0.015893 -0.014395
v 0.001033 0.007349 -0.010696
v 0.001003 0.006724 -0.010596
v -0.000608 0.006728 -0.010952
v -0.005080 -0.000000 -0.008011
v -0.005279 -0.000001 -0.007219
v -0.005290 0.003550 -0.007388
v -0.021339 0.023763 0.021872
v -0.022973 0.021801 0.021929
v -0.023141 0.021742 0.018588
v -0.024458 0.019635 0.021992
v -0.017456 0.018432 -0.061601
v -0.015732 0.018442 -0.063927
v -0.015329 0.020984 -0.061867
v -0.013312 0.030338 0.013057
v -0.013871 0.030481 0.010720
v -0.012424 0.030611 0.011004
v 0.016171 0.026791 -0.060993
v 0.015797 0.027652 -0.059750
v 0.009017 0.027680 -0.061892
v -0.000291 0.033172 -0.047550
v 0.001533 0.033190 -0.047746
v 0.001061 0.033364 -0.044277
v -0.030433 0.015893 0.041356
v -0.031749 0.012983 0.040960
v -0.030707 0.012856 0.037366
v -0.031831 0.009821 0.037215
v -0.032661 0.006656 0.037126
v -0.031539 0.006493 0.033060
v -0.017446 0.026577 0.032192
v -0.017511 0.026760 0.033787
v -0.020068 0.024896 0.033605
v -0.003992 0.030962 0.025032
v -0.001663 0.031404 0.028026
v -0.004712 0.031225 0.027916
v 0.027973 0.010789 0.058936
v 0.027126 0.012977 0.058681
v 0.029233 0.012955 0.051866
v 0.026666 0.014166 0.058542
v 0.025778 0.015889 0.058275
v 0.027822 0.015865 0.051671
v 0.029487 0.003698 0.059392
v 0.029006 0.006724 0.059247
v 0.031213 0.006708 0.052042
v 0.028916 0.007290 0.059220
v 0.028208 0.009917 0.059007
v 0.030369 0.009897 0.051990
v 0.033729 -0.000000 0.045311
v 0.033649 -0.000000 0.045617
v 0.033433 0.003376 0.045823
v -0.034284 -0.000000 0.040197
v -0.033847 -0.000000 0.038743
v -0.034104 0.003413 0.040251
v -0.033181 0.003377 0.037103
v -0.034089 0.003713 0.040256
v -0.031956 0.012524 0.040898
v -0.032809 0.009914 0.040641
v -0.033109 0.008997 0.040551
v -0.033606 0.006722 0.040401
v -0.033786 0.005900 0.040347
v 0.023214 -0.000001 0.025942
v 0.025632 -0.000001 0.027354
v 0.025272 0.003264 0.027166
v 0.027365 -0.000001 0.028365
v 0.029553 0.003287 0.030029
v 0.029849 -0.000001 0.030143
v 0.031256 0.003296 0.031542
v 0.031482 -0.000001 0.031626
v 0.031614 -0.000001 0.031746
v 0.032593 0.003301 0.033119
v 0.032750 -0.000000 0.033149
v 0.032939 -0.000000 0.033383
v 0.033535 0.003304 0.034775
v 0.033641 -0.000000 0.034728
v 0.033848 -0.000000 0.035126
v 0.034105 0.003311 0.036558
v 0.034207 -0.000000 0.036424
v 0.034349 -0.000000 0.036937
v 0.034349 0.003324 0.038526
v 0.034469 -0.000000 0.038326
v 0.034535 -0.000000 0.039098
v 0.034299 0.003340 0.040712
v 0.034446 -0.000000 0.040478
v 0.034361 -0.000000 0.041796
v 0.034162 -0.000000 0.042903
v 0.033984 0.003359 0.043139
v 0.033772 0.006583 0.040887
v 0.033850 0.006549 0.038682
v 0.033629 0.006522 0.036665
v 0.033060 0.006508 0.034810
v 0.032088 0.006502 0.033085
v 0.030704 0.006493 0.031457
v 0.032437 -0.000000 0.050277
v 0.031947 -0.000000 0.051908
v 0.031749 0.003404 0.052017
v 0.029681 -0.000000 0.059450
v 0.029502 0.003413 0.059396
v 0.032878 0.006654 0.045960
v 0.032010 0.009818 0.046032
v 0.032927 0.009712 0.041011
v 0.031781 0.012712 0.041084
v 0.033031 0.009660 0.038793
v 0.031908 0.012643 0.038861
v 0.032832 0.009619 0.036735
v 0.031732 0.012587 0.036771
v 0.032265 0.009596 0.034820
v 0.031169 0.012553 0.034803
v 0.031270 0.009586 0.033035
v 0.030846 0.012851 0.046044
v 0.030350 0.015568 0.041110
v 0.030500 0.015483 0.038888
v 0.030345 0.015410 0.036773
v 0.029402 0.015738 0.045996
v 0.027695 0.018463 0.045892
v 0.028652 0.018263 0.041090
v 0.026702 0.020782 0.041027
v 0.028821 0.018162 0.038877
v 0.026152 0.018611 0.051411
v 0.024239 0.021176 0.051088
v 0.025742 0.021009 0.045734
v 0.025005 0.017387 0.058043
v 0.028075 0.009547 0.029794
v 0.029852 0.009573 0.031364
v 0.028716 0.012518 0.031264
v 0.030157 0.012537 0.032969
v 0.028767 0.015338 0.032888
v 0.029789 0.015363 0.034763
v 0.028143 0.018012 0.034701
v 0.028687 0.018074 0.036745
v 0.026778 0.020561 0.036688
v 0.026889 0.020665 0.038828
v 0.024722 0.022976 0.038744
v 0.024519 0.023106 0.040922
v 0.022119 0.025220 0.040777
v 0.023560 0.023358 0.045525
v 0.021166 0.025493 0.045268
v 0.022101 0.023542 0.050706
v 0.019754 0.025693 0.050268
v 0.020292 0.023593 0.056624
v 0.018081 0.025731 0.055958
v 0.016327 0.015045 0.023834
v 0.022583 0.012393 0.026744
v 0.021222 0.015156 0.026610
v 0.026924 0.012484 0.029675
v 0.025520 0.015269 0.029553
v 0.027314 0.015312 0.031157
v 0.025664 0.017937 0.031042
v 0.027119 0.017975 0.032793
v 0.025229 0.020430 0.032685
v 0.026248 0.020483 0.034617
v 0.024121 0.022759 0.034515
v 0.024632 0.022856 0.036604
v 0.022268 0.024942 0.036494
v 0.022336 0.025077 0.038627
v 0.019750 0.026951 0.038479
v 0.019521 0.027106 0.040595
v 0.016740 0.028748 0.040378
v 0.018578 0.027399 0.044964
v 0.015811 0.029057 0.044617
v 0.017215 0.027612 0.049778
v 0.006616 0.032383 0.043340
v 0.003307 0.032887 0.042843
v 0.004149 0.032538 0.039194
v 0.012884 0.030452 0.044229
v 0.010123 0.030728 0.053563
v 0.008864 0.031305 0.053184
v 0.009814 0.031566 0.043803
v 0.007190 0.031847 0.052680
v 0.005454 0.032409 0.052158
v 0.015561 0.027675 0.055200
v 0.015216 0.027942 0.055096
v 0.012918 0.029333 0.054404
v 0.012131 0.029809 0.054168
v 0.009927 0.017540 0.020863
v 0.014877 0.017618 0.023694
v 0.019652 0.017749 0.026479
v 0.023881 0.017883 0.029430
v 0.023783 0.020378 0.030921
v 0.023116 0.022687 0.032564
v 0.021781 0.024826 0.034395
v 0.019704 0.026802 0.036360
v 0.016980 0.028582 0.038302
v 0.013796 0.030129 0.040127
v 0.024178 0.018639 0.057794
v 0.023005 0.020415 0.057441
v 0.022345 0.021212 0.057242
v 0.020688 0.023209 0.056743
v -0.006432 0.030614 0.022052
v -0.007654 0.030744 0.027819
v -0.010478 0.029971 0.027741
v -0.013485 0.029276 0.021811
v -0.019564 0.025506 0.021827
v -0.017658 0.027015 0.021798
v -0.015735 0.027603 0.027657
v -0.029253 0.006252 0.022302
v -0.028683 0.009217 0.022247
v -0.029677 0.009356 0.028088
v -0.028689 0.012241 0.027998
v -0.027906 0.012054 0.022187
v -0.027458 0.014984 0.027910
v -0.026936 0.014746 0.022124
v -0.025998 0.017570 0.027830
v -0.025782 0.017278 0.022058
v -0.024324 0.019983 0.027761
v -0.022449 0.022209 0.027705
v -0.020383 0.024232 0.027668
v -0.018141 0.026035 0.027651
v -0.000097 0.033060 0.042314
v -0.002300 0.033369 0.049824
v -0.005237 0.033260 0.048940
v -0.015931 0.029070 0.039753
v -0.013029 0.030463 0.040230
v -0.015075 0.030626 0.045979
v -0.021224 0.025506 0.038880
v -0.018668 0.027412 0.039302
v -0.021148 0.026980 0.044151
v -0.017525 0.029336 0.045242
v -0.018199 0.028982 0.045039
v -0.020153 0.027655 0.044451
v -0.005569 0.033210 0.048840
v -0.003497 0.032890 0.041774
v -0.008691 0.032732 0.047900
v -0.006796 0.032390 0.041245
v -0.008744 0.032718 0.047884
v -0.009978 0.031575 0.040729
v -0.011808 0.031897 0.046962
v -0.014738 0.030756 0.046080
v -0.023581 0.023369 0.038491
v -0.022955 0.023111 0.036106
v -0.020578 0.025226 0.036385
v -0.018002 0.027113 0.036688
v -0.015244 0.028755 0.037013
v -0.012319 0.030135 0.037355
v -0.009244 0.031237 0.037712
v -0.006036 0.032044 0.038079
v -0.002711 0.032540 0.038452
v -0.025725 0.021019 0.038141
v -0.024575 0.020512 0.033308
v -0.022428 0.022808 0.033444
v -0.030865 0.003220 0.028272
v -0.032065 0.003294 0.033112
v -0.026492 0.018025 0.033197
v -0.027638 0.018471 0.037834
v -0.028163 0.015363 0.033115
v -0.029304 0.015745 0.037574
v -0.029572 0.012543 0.033064
v -0.026366 0.021989 0.042580
v -0.026947 0.021214 0.042406
v -0.028561 0.019061 0.041920
v -0.028801 0.018655 0.041848
v -0.030702 0.009581 0.033045
v -0.030407 0.006344 0.028180
v -0.029607 0.003174 0.022352
v -0.024878 0.023578 0.043028
v -0.023883 0.024640 0.043328
v -0.022609 0.025730 0.043711
v -0.033401 -0.000000 0.037144
v -0.032299 -0.000000 0.033193
v -0.031664 -0.000000 0.030914
v -0.031078 -0.000000 0.028354
v -0.029881 -0.000000 0.023132
v -0.029749 -0.000000 0.022397
v 0.005439 0.033384 -0.043452
v 0.006110 0.033212 -0.046822
v 0.011311 0.033260 -0.044843
v 0.001972 0.032682 -0.051119
v 0.000050 0.032663 -0.050991
v -0.001579 0.032636 -0.050711
v 0.011408 0.033210 -0.045168
v 0.006753 0.032705 -0.050095
v 0.012364 0.032720 -0.048344
v 0.007367 0.031882 -0.053254
v 0.013285 0.031884 -0.051404
v 0.002377 0.031856 -0.054379
v 0.000358 0.031837 -0.054320
v -0.001373 0.031809 -0.054091
v -0.002914 0.031780 -0.053687
v 0.007949 0.030760 -0.056285
v 0.014167 0.030745 -0.054333
v 0.013366 0.031810 -0.051671
v 0.002752 0.030730 -0.057507
v 0.000637 0.030709 -0.057519
v -0.001193 0.030681 -0.057342
v -0.002821 0.030654 -0.056970
v -0.004322 0.030627 -0.056361
v -0.015286 0.031938 -0.033787
v -0.014615 0.032012 -0.036148
v -0.013126 0.032548 -0.035155
v -0.016125 0.031790 -0.028337
v -0.015789 0.031865 -0.031198
v -0.014501 0.032371 -0.030861
v 0.008500 0.029353 -0.059170
v 0.015286 0.028830 -0.058050
v 0.015006 0.029330 -0.057121
v 0.014354 0.030495 -0.054956
v 0.003099 0.029320 -0.060487
v 0.000890 0.029297 -0.060568
v -0.001032 0.029269 -0.060442
v -0.002745 0.029243 -0.060104
v -0.004328 0.029220 -0.059517
v -0.007375 0.029160 -0.057676
v 0.016537 0.025731 -0.062208
v 0.009498 0.025757 -0.064435
v 0.016987 0.024428 -0.063702
v 0.009943 0.023601 -0.066780
v 0.017221 0.023581 -0.064481
v 0.003711 0.025719 -0.065926
v 0.003418 0.027644 -0.063299
v 0.001332 0.025691 -0.066140
v 0.001121 0.027619 -0.063448
v -0.000758 0.025662 -0.066114
v -0.000889 0.027590 -0.063373
v -0.002628 0.025638 -0.065844
v -0.002683 0.027565 -0.063068
v -0.004363 0.025620 -0.065306
v -0.004343 0.027545 -0.062506
v -0.006048 0.025601 -0.064516
v -0.005953 0.027522 -0.061703
v -0.007727 0.025578 -0.063489
v -0.007553 0.027494 -0.060674
v -0.011115 0.025518 -0.060735
v 0.003980 0.023562 -0.068350
v 0.001525 0.023532 -0.068625
v -0.000639 0.023503 -0.068646
v -0.002578 0.023479 -0.068410
v -0.004382 0.023463 -0.067898
v -0.006138 0.023447 -0.067123
v -0.007892 0.023428 -0.066099
v -0.011437 0.023379 -0.063315
v -0.014881 0.023327 -0.059576
v -0.019326 0.028678 -0.028126
v -0.019223 0.028736 -0.032029
v -0.017993 0.030078 -0.033352
v -0.017043 0.031087 -0.030887
v -0.017291 0.030954 -0.024052
v -0.018306 0.029967 -0.026134
v -0.018194 0.029786 -0.019157
v -0.019244 0.028508 -0.020781
v -0.018994 0.028106 -0.009137
v -0.020057 0.026571 -0.010126
v -0.020188 0.026222 -0.000860
v -0.021252 0.024455 -0.001404
v -0.012984 0.030818 0.008154
v -0.014271 0.030691 0.007757
v -0.013325 0.031103 0.003099
v -0.014329 0.029840 0.014962
v -0.015288 0.030077 0.010482
v -0.008884 0.030453 0.021942
v -0.010895 0.030261 0.018726
v -0.008778 0.030409 0.018862
v -0.012616 0.030257 0.015102
v -0.010838 0.030394 0.015287
v -0.011702 0.030471 0.013280
v -0.011235 0.030005 0.021860
v -0.014872 0.029121 0.018565
v -0.012926 0.029830 0.018628
v -0.015983 0.029147 0.014860
v -0.016681 0.029398 0.010279
v -0.015550 0.030294 0.007398
v -0.014446 0.030985 0.002357
v -0.020156 0.025412 0.018537
v -0.018494 0.026901 0.018526
v -0.022946 0.022035 0.009521
v -0.020635 0.025732 0.009790
v -0.020544 0.025477 0.014699
v -0.019099 0.026957 0.014737
v -0.021900 0.023758 0.014669
v -0.020327 0.027106 -0.030013
v -0.020271 0.026948 -0.022318
v -0.021257 0.025124 -0.023757
v -0.021074 0.024777 -0.011052
v -0.022029 0.022742 -0.011909
v -0.022248 0.022450 -0.001908
v -0.023163 0.020225 -0.002367
v 0.017728 0.021749 -0.066166
v 0.010349 0.021229 -0.068911
v 0.017845 0.021221 -0.066554
v 0.018379 0.018805 -0.068329
v 0.010715 0.018658 -0.070810
v 0.018404 0.018662 -0.068412
v -0.013565 0.021003 -0.063895
v -0.013898 0.018457 -0.065990
v -0.011733 0.021025 -0.065675
v -0.010774 0.027424 -0.057957
v -0.014396 0.025453 -0.057074
v -0.016462 0.023305 -0.057349
v -0.016984 0.020968 -0.059588
v -0.018492 0.020957 -0.057052
v -0.019029 0.018425 -0.059008
v -0.020412 0.018423 -0.056134
v -0.011996 0.018473 -0.067795
v -0.010076 0.018490 -0.069341
v -0.008040 0.021064 -0.068483
v -0.008168 0.018504 -0.070622
v -0.006218 0.021079 -0.069502
v -0.006282 0.018515 -0.071634
v -0.004396 0.021092 -0.070260
v -0.004401 0.018525 -0.072373
v -0.002529 0.021107 -0.070746
v -0.002477 0.018539 -0.072833
v -0.000526 0.021130 -0.070950
v -0.000418 0.018561 -0.073005
v 0.001703 0.021160 -0.070884
v 0.001868 0.018591 -0.072898
v 0.004226 0.021191 -0.070553
v 0.004451 0.018622 -0.072516
v 0.004841 0.012959 -0.075653
v 0.011318 0.012988 -0.073845
v 0.011038 0.015906 -0.072461
v -0.023607 0.018404 -0.040959
v -0.023181 0.018419 -0.045396
v -0.022455 0.020938 -0.043801
v -0.021811 0.020948 -0.047680
v -0.021050 0.023265 -0.045775
v -0.020216 0.023270 -0.049130
v -0.019449 0.025369 -0.046931
v -0.018454 0.025381 -0.049853
v -0.017711 0.027249 -0.047382
v -0.016591 0.027275 -0.049941
v -0.015895 0.028898 -0.047223
v -0.014690 0.028940 -0.049475
v -0.012815 0.030357 -0.048509
v -0.021578 0.018425 -0.052944
v -0.019816 0.020951 -0.054248
v -0.017900 0.023288 -0.054876
v -0.015899 0.025424 -0.054903
v -0.013885 0.027345 -0.054382
v -0.010421 0.029078 -0.055002
v -0.007200 0.030558 -0.054515
v -0.004331 0.031750 -0.053058
v -0.003029 0.032605 -0.050275
v -0.001813 0.033145 -0.047220
v -0.000667 0.033347 -0.044015
v 0.000576 0.033193 -0.040808
v -0.022504 0.018426 -0.049387
v -0.020929 0.020950 -0.051140
v -0.019160 0.023276 -0.052148
v -0.017263 0.025400 -0.052499
v -0.015305 0.027308 -0.052272
v -0.013354 0.028985 -0.051520
v -0.010065 0.030465 -0.051891
v -0.009715 0.031567 -0.048645
v -0.007035 0.031672 -0.051214
v -0.006888 0.032484 -0.047792
v -0.004361 0.032571 -0.049630
v -0.004419 0.033075 -0.046096
v -0.016111 0.031199 -0.036638
v -0.016666 0.031144 -0.033910
v -0.017568 0.030120 -0.036534
v -0.018949 0.028773 -0.035715
v -0.020199 0.027158 -0.034102
v -0.021290 0.025269 -0.031783
v -0.022185 0.023057 -0.025088
v -0.022909 0.020485 -0.012688
v -0.023986 0.017799 -0.002778
v 0.007656 0.015895 -0.073482
v 0.004655 0.015872 -0.074222
v 0.002168 0.012933 -0.076120
v 0.002022 0.015843 -0.074650
v -0.000204 0.012908 -0.076298
v -0.000312 0.015815 -0.074794
v -0.002352 0.012889 -0.076184
v -0.002420 0.015794 -0.074652
v -0.004368 0.012878 -0.075775
v -0.004393 0.015781 -0.074218
v -0.006347 0.012871 -0.075074
v -0.006327 0.015773 -0.073498
v -0.008338 0.012865 -0.074083
v -0.008268 0.015765 -0.072495
v -0.010359 0.012858 -0.072802
v -0.010237 0.015754 -0.071213
v -0.012397 0.012849 -0.071235
v -0.012219 0.015742 -0.069655
v -0.014420 0.012840 -0.069391
v -0.014185 0.015730 -0.067828
v -0.016375 0.012834 -0.067271
v -0.016083 0.015720 -0.065735
v -0.018217 0.012830 -0.064869
v -0.017870 0.015713 -0.063368
v -0.019902 0.012829 -0.062178
v -0.019502 0.015710 -0.060723
v -0.021389 0.012832 -0.059186
v -0.020940 0.015711 -0.057787
v -0.022644 0.012837 -0.055856
v -0.022153 0.015715 -0.054522
v -0.023641 0.012840 -0.052137
v -0.023117 0.015718 -0.050879
v -0.024372 0.012836 -0.047959
v -0.023823 0.015712 -0.046788
v -0.024834 0.012827 -0.043311
v -0.024269 0.015700 -0.042237
v -0.025056 0.012804 -0.038375
v -0.024481 0.015672 -0.037404
v -0.025088 0.012734 -0.029103
v -0.024506 0.015586 -0.028318
v -0.024992 0.012567 -0.014492
v 0.019605 0.009912 -0.072402
v 0.019384 0.012235 -0.071666
v 0.019285 0.012979 -0.071338
v 0.018936 0.015607 -0.070179
v 0.018885 0.015904 -0.070008
v 0.019841 0.006718 -0.073184
v 0.019722 0.008687 -0.072790
v 0.011553 0.009923 -0.074947
v 0.019987 0.003409 -0.073669
v 0.011880 0.003413 -0.076236
v 0.020044 0.001298 -0.073860
v 0.011969 -0.000000 -0.076387
v 0.020051 -0.000000 -0.073883
v -0.000751 -0.000000 -0.079118
v 0.000153 0.003388 -0.078913
v -0.002058 0.003381 -0.078872
v 0.000290 -0.000000 -0.079047
v 0.001938 -0.000000 -0.078936
v 0.002576 0.003396 -0.078661
v 0.002703 -0.000000 -0.078787
v 0.005295 0.003404 -0.078117
v 0.005414 -0.000000 -0.078256
v 0.005682 -0.000000 -0.078204
v 0.010514 -0.000000 -0.076838
v -0.004150 0.003377 -0.078536
v -0.006217 0.003375 -0.077895
v -0.005805 -0.000000 -0.078241
v -0.013588 -0.000000 -0.073490
v -0.012597 0.003371 -0.074099
v -0.014741 0.003369 -0.072224
v -0.016821 0.003368 -0.070052
v -0.018785 0.003368 -0.067576
v -0.018572 -0.000001 -0.068116
v -0.016782 -0.000001 -0.070286
v -0.016352 -0.000001 -0.070807
v -0.014664 -0.000000 -0.072446
v -0.012506 -0.000000 -0.074326
v -0.010828 -0.000001 -0.075622
v -0.010442 0.003373 -0.075674
v -0.010344 -0.000001 -0.075913
v -0.008310 0.003374 -0.076941
v -0.008207 -0.000000 -0.077195
v -0.006090 -0.000000 -0.078117
v -0.004006 -0.000000 -0.078718
v -0.003372 -0.000000 -0.078887
v -0.001913 -0.000000 -0.079015
v 0.005008 0.009900 -0.076791
v 0.002308 0.009878 -0.077291
v -0.000093 0.009857 -0.077498
v -0.002271 0.009841 -0.077410
v -0.004321 0.009832 -0.077026
v -0.006338 0.009826 -0.076345
v -0.008371 0.009822 -0.075366
v -0.010437 0.009817 -0.074088
v -0.012522 0.009811 -0.072516
v -0.014595 0.009806 -0.070657
v -0.016600 0.009802 -0.068515
v -0.018491 0.009800 -0.066083
v -0.020222 0.009801 -0.063354
v -0.021750 0.009804 -0.060314
v -0.023040 0.009809 -0.056928
v -0.024066 0.009812 -0.053143
v -0.024816 0.009809 -0.048893
v -0.025291 0.009802 -0.044164
v -0.025520 0.009785 -0.039145
v -0.025557 0.009732 -0.029725
v -0.025468 0.009605 -0.014893
v -0.025806 0.009488 -0.003675
v -0.023706 -0.000000 -0.057981
v -0.023515 0.003373 -0.058210
v -0.024578 0.003374 -0.054333
v -0.023556 -0.000000 -0.058377
v -0.022291 -0.000001 -0.061721
v -0.022174 0.003371 -0.061679
v -0.022212 -0.000001 -0.061874
v -0.020585 0.003369 -0.064790
v -0.025889 -0.000000 -0.045249
v -0.025518 -0.000000 -0.049417
v -0.025842 0.003371 -0.045150
v -0.025352 0.003373 -0.049984
v -0.025985 -0.000000 -0.044160
v -0.026077 0.003365 -0.040027
v -0.026105 -0.000000 -0.040110
v -0.025403 -0.000000 -0.050105
v -0.024766 -0.000001 -0.053934
v -0.024624 -0.000001 -0.054475
v -0.026035 0.003304 -0.015350
v -0.026155 -0.000000 -0.015393
v -0.026095 -0.000001 -0.020399
v -0.026166 0.006433 -0.003850
v -0.026388 0.003264 -0.003954
v -0.025818 0.006512 -0.015181
v -0.025904 0.006597 -0.030170
v -0.026118 0.003347 -0.030430
v -0.025863 0.006633 -0.039701
v -0.025630 0.006645 -0.044782
v -0.025146 0.006649 -0.049573
v -0.024381 0.006651 -0.053881
v -0.023334 0.006648 -0.057719
v -0.022015 0.006645 -0.061152
v -0.020452 0.006642 -0.064231
v -0.018683 0.006641 -0.066992
v -0.016751 0.006641 -0.069449
v -0.014704 0.006643 -0.071608
v -0.012591 0.006647 -0.073476
v -0.010467 0.006650 -0.075052
v -0.008363 0.006653 -0.076325
v -0.006296 0.006656 -0.077292
v -0.004250 0.006660 -0.077953
v -0.002174 0.006667 -0.078312
v 0.000025 0.006678 -0.078376
v 0.002443 0.006693 -0.078144
v 0.005159 0.006709 -0.077618
v 0.011740 0.006725 -0.075750
v 0.019943 0.005033 -0.073522
v -0.026160 -0.000000 -0.030492
v -0.026201 -0.000000 -0.036830
v -0.020603 -0.000001 -0.065006
v -0.020503 -0.000000 -0.065201
v -0.018777 -0.000001 -0.067806
v -0.024875 0.017476 0.009290
v -0.026338 0.012192 0.009108
v -0.024708 0.015189 -0.003135
v -0.025317 0.012412 -0.003436
v -0.024401 0.015379 -0.013987
v -0.021708 0.023688 0.018559
v -0.023156 0.021812 0.014644
v -0.024300 0.019654 0.014622
v -0.027262 0.006321 0.008987
v -0.027555 0.009232 0.014550
v -0.027991 0.006261 0.014540
v -0.028259 0.003178 0.014535
v -0.026959 0.012073 0.014565
v -0.026212 0.014769 0.014582
v -0.025322 0.017301 0.014601
v -0.028432 -0.000000 0.015066
v -0.028361 -0.000000 0.014534
v -0.027609 -0.000000 0.008935
v -0.027417 -0.000000 0.007502
v -0.026692 -0.000000 -0.000399
v -0.026511 -0.000000 -0.003988
v -0.026225 -0.000000 -0.009623
v 0.000799 -0.000000 -0.009918
v -0.000754 -0.000002 -0.010292
v -0.000812 0.003415 -0.010474
v -0.002302 -0.000001 -0.010374
v -0.003429 0.000000 -0.010092
v -0.003485 0.003432 -0.010237
v 0.000857 0.003714 -0.010114
v 0.000853 0.003413 -0.010098
v -0.004648 -0.000001 -0.008971
v -0.004959 -0.000000 -0.008494
v -0.005106 0.003538 -0.008226
v -0.005310 -0.000001 -0.007097
v -0.005455 -0.000001 -0.005795
v -0.005494 0.003544 -0.005937
v -0.005563 -0.000000 -0.004820
v -0.005644 0.003524 -0.002886
v -0.005574 -0.000000 -0.002813
v -0.005580 -0.000000 -0.001738
v -0.005419 0.003489 0.000254
v 0.001712 0.014212 -0.012954
v -0.001119 0.012977 -0.013005
v 0.001568 0.012976 -0.012474
v -0.000332 0.009925 -0.011739
v 0.001315 0.010818 -0.011635
v 0.001242 0.009917 -0.011391
v -0.000264 0.018647 -0.016048
v 0.002455 0.018639 -0.015421
v 0.000199 0.021220 -0.017952
v 0.003006 0.021213 -0.017254
v 0.002816 0.020451 -0.016620
v -0.002071 0.015906 -0.014471
v -0.001666 0.018651 -0.016197
v -0.002517 0.018701 -0.016054
v -0.002968 0.021337 -0.017778
v -0.005578 0.013085 0.001671
v -0.006473 0.016146 -0.003326
v -0.006088 0.013222 -0.001945
v -0.006257 0.016281 -0.006995
v -0.006045 0.013340 -0.005443
v -0.005599 0.016362 -0.010346
v -0.005577 0.013411 -0.008714
v -0.005173 0.013416 -0.010242
v -0.005236 0.010285 -0.008923
v -0.004971 0.010248 -0.009801
v -0.005056 0.006963 -0.008828
v -0.004433 0.006859 -0.009988
v -0.004588 0.003490 -0.009317
v -0.004095 0.003459 -0.009844
v -0.004320 -0.000002 -0.009475
v -0.003718 -0.000000 -0.009892
v -0.006218 0.021608 -0.012810
v -0.005603 0.019107 -0.012288
v -0.006737 0.021541 -0.010990
v -0.006492 0.019021 -0.008854
v -0.006920 0.018875 -0.004992
v -0.003853 0.006796 -0.010514
v -0.004229 0.010089 -0.010989
v -0.004845 0.013368 -0.011119
v -0.005075 0.016356 -0.011893
v -0.005353 -0.000000 0.000257
v -0.005252 -0.000000 0.001153
v -0.004769 0.003448 0.003354
v -0.003648 -0.000000 0.006179
v -0.003660 0.003402 0.006266
v -0.004590 -0.000000 0.003865
v -0.004728 -0.000000 0.003298
v -0.005273 0.006988 -0.007963
v -0.005518 0.006978 -0.006484
v -0.005548 0.010276 -0.007418
v -0.005730 0.006938 -0.003364
v -0.005866 0.010219 -0.004225
v -0.005551 0.006872 -0.000131
v -0.005777 0.010124 -0.000872
v -0.004916 0.006793 0.003084
v -0.005190 0.010012 0.002516
v -0.003798 0.006705 0.006115
v -0.004077 0.009885 0.005753
v -0.000550 0.006522 0.011096
v -0.002312 0.006612 0.008763
v -0.002160 0.003355 0.008864
v -0.003495 -0.000000 0.006553
v -0.002161 -0.000000 0.008811
v -0.002123 -0.000000 0.008875
v -0.000346 -0.000000 0.011141
v -0.001413 0.012570 0.010643
v -0.003051 0.012744 0.008140
v -0.002613 0.009748 0.008519
v 0.002288 0.029353 -0.027717
v 0.005844 0.029332 -0.026682
v 0.005163 0.027965 -0.024417
v -0.006982 0.023829 -0.013375
v -0.007546 0.023752 -0.011316
v -0.007948 0.025797 -0.013823
v -0.009083 0.027518 -0.014003
v -0.008511 0.025725 -0.011449
v -0.007952 0.023679 -0.009079
v -0.007418 0.021391 -0.006918
v 0.003480 0.031883 -0.033644
v 0.007076 0.031320 -0.030775
v 0.002872 0.030760 -0.030608
v 0.006685 0.030728 -0.029477
v 0.006093 0.029831 -0.027510
v 0.004110 0.032706 -0.036807
v 0.008102 0.032419 -0.034183
v 0.007568 0.031847 -0.032409
v 0.004764 0.033212 -0.040082
v 0.009164 0.033116 -0.037713
v 0.008488 0.032672 -0.035466
v 0.001583 0.031872 -0.034161
v 0.002110 0.032695 -0.037370
v 0.002653 0.033201 -0.040690
v 0.003213 0.033373 -0.044104
v 0.003766 0.033200 -0.047517
v 0.004288 0.032693 -0.050832
v 0.004780 0.031869 -0.054032
v 0.005243 0.030745 -0.057102
v 0.005676 0.029338 -0.060024
v 0.006079 0.027665 -0.062782
v 0.006454 0.025742 -0.065357
v 0.006798 0.023587 -0.067732
v 0.007114 0.021216 -0.069889
v 0.007400 0.018646 -0.071812
v 0.010425 0.033370 -0.041900
v 0.010239 0.033393 -0.041283
v 0.009442 0.033187 -0.038634
v -0.002080 0.033319 -0.043638
v -0.001062 0.033177 -0.040484
v 0.000101 0.032689 -0.037433
v -0.023821 0.018269 -0.027380
v -0.023807 0.018371 -0.036245
v -0.023043 0.020883 -0.034913
v -0.022857 0.020920 -0.039491
v -0.022031 0.023231 -0.037848
v -0.021656 0.023252 -0.042018
v -0.020796 0.025341 -0.040065
v -0.020232 0.025359 -0.043690
v -0.019369 0.027211 -0.041442
v -0.018642 0.027229 -0.044563
v -0.017806 0.028831 -0.042045
v -0.016942 0.028861 -0.044757
v -0.016159 0.030202 -0.041996
v -0.015188 0.030250 -0.044366
v -0.014481 0.031318 -0.041388
v -0.012278 0.031445 -0.045371
v -0.011754 0.032234 -0.042127
v -0.009379 0.032370 -0.045285
v -0.009068 0.032859 -0.041832
v -0.006768 0.032981 -0.044271
v -0.006682 0.033148 -0.040671
v -0.004511 0.033246 -0.042477
v -0.004623 0.033078 -0.038864
v -0.002365 0.033150 -0.040060
v -0.002650 0.032649 -0.036580
v -0.001456 0.032676 -0.037049
v -0.001851 0.031864 -0.033727
v -0.000366 0.031870 -0.034170
v -0.000825 0.030754 -0.031034
v 0.001072 0.030748 -0.031078
v 0.000577 0.029340 -0.028140
v -0.023703 0.018025 -0.013383
v -0.023044 0.020765 -0.026299
v -0.022200 0.023188 -0.033421
v -0.021140 0.025316 -0.036047
v -0.019889 0.027188 -0.037958
v -0.018476 0.028804 -0.039051
v -0.016957 0.030159 -0.039397
v -0.015379 0.031256 -0.039120
v -0.013789 0.032087 -0.038312
v -0.011255 0.032712 -0.038795
v -0.010791 0.032869 -0.035395
v -0.008791 0.033021 -0.038305
v -0.008541 0.032854 -0.034788
v -0.006621 0.032980 -0.037079
v -0.006569 0.032493 -0.033579
v -0.004742 0.032584 -0.035346
v -0.004869 0.031788 -0.031938
v -0.002939 0.031839 -0.033213
v -0.003238 0.030739 -0.029974
v -0.002252 0.030761 -0.030532
v -0.002658 0.029391 -0.027476
v -0.001277 0.029359 -0.028041
v -0.001719 0.027702 -0.025205
v 0.000099 0.027666 -0.025362
v -0.000364 0.025742 -0.022762
v 0.001195 0.025754 -0.022439
v 0.000685 0.023595 -0.020088
v 0.003624 0.023594 -0.019306
v 0.003514 0.023241 -0.018940
v -0.019070 0.027734 -0.000279
v -0.017902 0.029362 -0.008091
v -0.017148 0.030762 -0.017457
v -0.016315 0.031627 -0.021891
v -0.015266 0.032186 -0.025716
v -0.013771 0.032500 -0.027877
v -0.012503 0.032694 -0.031935
v -0.011918 0.032527 -0.028722
v -0.010358 0.032701 -0.032004
v -0.009941 0.032228 -0.028694
v -0.008304 0.032372 -0.031357
v -0.008080 0.031598 -0.028027
v -0.006529 0.031709 -0.030185
v -0.006498 0.030648 -0.026908
v -0.005007 0.030710 -0.028653
v -0.005151 0.029372 -0.025501
v -0.003549 0.029374 -0.026875
v -0.003868 0.027763 -0.023925
v -0.003065 0.027771 -0.024569
v -0.003463 0.025919 -0.021819
v -0.002151 0.025803 -0.022540
v -0.002570 0.023676 -0.020059
v -0.000812 0.023587 -0.020358
v -0.001246 0.021217 -0.018164
v -0.004484 0.012923 0.005194
v -0.006071 0.015991 0.000570
v -0.006889 0.018799 -0.002924
v -0.007487 0.021317 -0.004687
v -0.008140 0.023610 -0.006671
v -0.008835 0.025662 -0.008853
v -0.009557 0.027457 -0.011212
v -0.010290 0.028982 -0.013727
v -0.011408 0.030152 -0.012694
v -0.010548 0.028916 -0.010329
v -0.009689 0.027390 -0.008091
v -0.008853 0.025588 -0.005999
v -0.008060 0.023529 -0.004069
v -0.007323 0.021232 -0.002319
v -0.006656 0.018713 -0.000766
v -0.005007 0.015800 0.004454
v -0.005635 0.018496 0.003547
v -0.006923 0.021125 0.000168
v -0.007704 0.023420 -0.001294
v -0.008551 0.025481 -0.002910
v -0.009451 0.027285 -0.004667
v -0.010385 0.028812 -0.006550
v -0.011328 0.030043 -0.008547
v -0.012248 0.030965 -0.010645
v -0.012767 0.031384 -0.008203
v -0.011869 0.030774 -0.006397
v -0.010909 0.029862 -0.004666
v -0.009929 0.028640 -0.003022
v -0.008962 0.027122 -0.001475
v -0.008033 0.025328 -0.000033
v -0.007159 0.023279 0.001292
v -0.006356 0.020996 0.002489
v -0.019368 0.027218 0.009940
v -0.019327 0.027437 0.006469
v -0.018090 0.028666 0.006760
v -0.017917 0.028974 0.000334
v -0.016749 0.029930 0.000978
v -0.016805 0.030326 -0.006995
v -0.015732 0.030989 -0.005851
v -0.016137 0.031425 -0.015689
v -0.015201 0.031780 -0.013859
v -0.015416 0.031990 -0.019663
v -0.014617 0.032077 -0.017375
v -0.014486 0.032292 -0.023038
v -0.013761 0.032140 -0.020356
v -0.013087 0.032337 -0.024896
v -0.012413 0.031903 -0.021976
v -0.011349 0.032068 -0.025582
v -0.010788 0.031330 -0.022524
v -0.009536 0.031467 -0.025476
v -0.009140 0.030436 -0.022364
v -0.007865 0.030549 -0.024810
v -0.007655 0.029241 -0.021718
v -0.006472 0.029328 -0.023760
v -0.006439 0.027761 -0.020754
v -0.005294 0.027789 -0.022492
v -0.005421 0.025970 -0.019642
v -0.004185 0.025926 -0.021129
v -0.004480 0.023868 -0.018501
v -0.003837 0.023844 -0.019239
v -0.004169 0.021549 -0.016848
v -0.003340 0.018798 -0.015710
v -0.002895 0.015964 -0.014278
v -0.002462 0.012998 -0.012998
v -0.001507 0.009915 -0.011893
v -0.000938 -0.000002 -0.010302
v -0.002166 0.003413 -0.010556
v -0.003177 0.006750 -0.010865
v -0.003568 0.010000 -0.011490
v -0.003976 0.013163 -0.012293
v -0.004673 0.016303 -0.012754
v -0.004931 0.019085 -0.013846
v -0.005579 0.021629 -0.014507
v -0.006316 0.023900 -0.015251
v -0.007218 0.025877 -0.015977
v -0.008348 0.027595 -0.016517
v -0.009656 0.029053 -0.016716
v -0.011018 0.030231 -0.016373
v -0.012241 0.031092 -0.015167
v -0.013104 0.031585 -0.012827
v -0.013583 0.031730 -0.010068
v -0.001860 0.006723 -0.011072
v -0.002833 0.009942 -0.011792
v -0.003247 0.013060 -0.012751
v -0.003679 0.016070 -0.013875
v -0.004449 0.019033 -0.014675
v -0.004732 0.021590 -0.016062
v -0.005519 0.023917 -0.016970
v -0.006389 0.025951 -0.017909
v -0.007441 0.027682 -0.018766
v -0.008745 0.029143 -0.019371
v -0.010225 0.030324 -0.019563
v -0.011727 0.031203 -0.019130
v -0.013026 0.031746 -0.017728
v -0.013880 0.031939 -0.015077
v -0.014362 0.031864 -0.011971
v -0.014708 0.031358 -0.004662
v -0.015586 0.030599 0.001651
v -0.016826 0.029620 0.007068
v -0.018045 0.028443 0.010101
v -0.017575 0.028183 0.014788
v -0.016730 0.028141 0.018533
v -0.015629 0.028276 0.021791
v -0.013176 0.028919 0.027687
v -0.006830 0.024964 0.004580
v -0.005904 0.022950 0.005480
v -0.005051 0.020702 0.006296
v -0.004282 0.018240 0.007018
v -0.003611 0.015581 0.007636
v 0.001897 -0.000000 0.013383
v 0.004245 -0.000000 0.015276
v 0.003706 0.006402 0.015100
v 0.004697 -0.000000 0.015641
v 0.008695 0.006356 0.018477
v 0.008170 -0.000000 0.017959
v 0.000499 0.022145 0.015747
v -0.001375 0.022245 0.013900
v 0.000828 0.017676 0.014405
v -0.001095 0.017790 0.012391
v 0.000459 0.012429 0.012885
v 0.009507 -0.000000 0.018709
v 0.013786 -0.000000 0.021109
v 0.014093 0.006353 0.021476
v 0.020175 0.003239 0.024418
v 0.028957 0.006476 0.029913
v 0.024622 0.006429 0.027022
v 0.019530 0.006381 0.024268
v 0.023721 0.009478 0.026881
v 0.018665 0.009408 0.024121
v 0.013313 0.009367 0.021324
v 0.002908 0.017595 0.016180
v 0.002549 0.012344 0.014803
v 0.005140 0.017549 0.017827
v 0.007223 0.012254 0.018169
v 0.011220 0.014978 0.021018
v 0.012353 0.012248 0.021172
v 0.017594 0.012302 0.023976
v 0.003894 0.019923 0.017640
v 0.008484 0.019913 0.020706
v 0.013256 0.020003 0.023555
v 0.017887 0.020153 0.026348
v 0.022023 0.020311 0.029304
v 0.021689 0.022618 0.030792
v 0.020798 0.024733 0.032432
v 0.019244 0.026668 0.034259
v 0.016956 0.028420 0.036204
v 0.014044 0.029954 0.038096
v 0.010704 0.031232 0.039845
v -0.000301 -0.000000 0.011186
v 0.001466 0.006448 0.013203
v -0.005423 0.026059 0.010918
v -0.006658 0.026342 0.007559
v -0.005591 0.024605 0.008211
v -0.007812 0.026728 0.003602
v 0.007483 0.032040 0.039533
v 0.007744 0.031851 0.037610
v 0.010960 0.031049 0.037865
v 0.010980 0.030864 0.035833
v 0.014042 0.029779 0.036028
v 0.013650 0.029611 0.033947
v 0.016528 0.028268 0.034110
v 0.015617 0.028127 0.032140
v 0.018292 0.026551 0.032291
v 0.016938 0.026437 0.030513
v 0.019402 0.024643 0.030656
v 0.017721 0.024542 0.029039
v 0.019964 0.022536 0.029174
v 0.013840 0.024327 0.026085
v 0.015945 0.022352 0.026218
v 0.009560 0.024135 0.023272
v 0.011479 0.022181 0.023415
v 0.005199 0.024019 0.020373
v 0.006903 0.022079 0.020544
v 0.001047 0.024025 0.017226
v 0.002525 0.022088 0.017441
v -0.000865 0.024086 0.015499
v -0.002625 0.024194 0.013603
v 0.000717 0.032709 0.038829
v 0.000986 0.032512 0.037035
v 0.004414 0.032344 0.037333
v 0.004477 0.032145 0.035395
v 0.007786 0.031658 0.035621
v 0.007476 0.031462 0.033593
v 0.010627 0.030681 0.033775
v 0.009825 0.030496 0.031822
v 0.012789 0.029447 0.031983
v 0.011552 0.029280 0.030210
v 0.014315 0.027987 0.030364
v 0.012760 0.027840 0.028753
v 0.015314 0.026314 0.028899
v 0.009217 0.027550 0.025798
v 0.011592 0.026065 0.025946
v 0.005365 0.027303 0.022955
v 0.007516 0.025847 0.023120
v 0.001484 0.027151 0.019989
v 0.003386 0.025714 0.020190
v -0.002164 0.027147 0.016730
v -0.000523 0.025717 0.016991
v -0.003822 0.027214 0.014923
v -0.002312 0.025781 0.015226
v -0.005329 0.027339 0.012915
v -0.003950 0.025897 0.013275
v -0.006661 0.027517 0.010469
v -0.007766 0.027818 0.006869
v -0.008834 0.028220 0.002556
v -0.014773 0.028383 0.033987
v -0.014753 0.028189 0.032329
v -0.011870 0.029749 0.034203
v -0.011896 0.029546 0.032483
v -0.008819 0.030840 0.034431
v -0.008892 0.030631 0.032652
v -0.005635 0.031642 0.034668
v -0.005757 0.031429 0.032832
v -0.002333 0.032137 0.034911
v -0.002503 0.031923 0.033020
v 0.001071 0.032308 0.035156
v 0.000853 0.032097 0.033213
v 0.004213 0.031940 0.033405
v 0.003547 0.031725 0.031495
v 0.006739 0.031260 0.031658
v 0.005664 0.031049 0.029899
v 0.008664 0.030305 0.030054
v 0.007281 0.030110 0.028447
v 0.010077 0.029109 0.028601
v 0.004163 0.029734 0.025477
v 0.006736 0.028775 0.025641
v 0.000820 0.029423 0.022582
v 0.003127 0.028496 0.022776
v -0.002502 0.029229 0.019524
v -0.000485 0.028323 0.019766
v -0.005569 0.029210 0.016131
v -0.003854 0.028311 0.016442
v -0.006935 0.029281 0.014239
v -0.005370 0.028380 0.014591
v -0.008150 0.029419 0.012122
v -0.006736 0.028512 0.012527
v -0.009187 0.029629 0.009523
v -0.007921 0.028708 0.010001
v -0.010022 0.029938 0.005400
v -0.008894 0.029018 0.006147
v -0.010898 0.030336 0.000282
v -0.009873 0.029426 0.001446
v -0.011883 0.030958 -0.000927
v -0.011133 0.030582 0.004636
v -0.012225 0.030966 0.003866
v -0.010447 0.030283 0.009047
v -0.011705 0.030679 0.008587
v -0.009562 0.030069 0.011718
v -0.010979 0.030468 0.011339
v -0.008504 0.029929 0.013885
v -0.010087 0.030328 0.013557
v -0.007300 0.029856 0.015817
v -0.009050 0.030254 0.015526
v -0.004555 0.029879 0.019275
v -0.006644 0.030276 0.019046
v -0.001544 0.030086 0.022383
v -0.003961 0.030487 0.022199
v 0.001513 0.030422 0.025312
v -0.001206 0.030835 0.025159
v 0.004385 0.030833 0.028295
v 0.001401 0.031269 0.028152
v 0.002568 0.031499 0.029750
v -0.000615 0.031640 0.029612
v 0.000264 0.031874 0.031336
v -0.003787 0.031462 0.029485
v -0.003014 0.031698 0.031183
v -0.006853 0.030974 0.029369
v -0.006186 0.031206 0.031037
v -0.009241 0.030414 0.030902
v -0.029085 0.012382 0.030576
v -0.027738 0.015162 0.030530
v -0.026141 0.017785 0.030502
v -0.024311 0.020236 0.030495
v -0.022261 0.022499 0.030508
v -0.020007 0.024557 0.030544
v -0.017563 0.026394 0.030603
v -0.014944 0.027993 0.030683
v -0.012165 0.029338 0.030783
v 0.004133 0.032672 0.051760
v 0.001937 0.033108 0.051099
v 0.000965 0.033185 0.050807
v -0.001658 0.033393 0.050017
v 0.002908 -0.017596 0.016180
v 0.000828 -0.017677 0.014405
v -0.001375 -0.022246 0.013900
v -0.003098 -0.022382 0.011729
v -0.002625 -0.024195 0.013603
v -0.013026 -0.031747 -0.017728
v -0.013761 -0.032141 -0.020356
v -0.013880 -0.031940 -0.015077
v 0.000685 -0.023596 -0.020088
v 0.003625 -0.023594 -0.019307
v 0.004290 -0.025732 -0.021518
v -0.007418 -0.021392 -0.006918
v -0.006920 -0.018876 -0.004992
v -0.006492 -0.019022 -0.008854
v 0.003505 -0.023210 -0.018911
v 0.002808 -0.020416 -0.016594
v 0.003007 -0.021213 -0.017255
v 0.000199 -0.021221 -0.017952
v 0.002206 -0.017388 -0.014594
v 0.002455 -0.018640 -0.015421
v -0.000264 -0.018648 -0.016048
v -0.005494 -0.003545 -0.005937
v 0.000857 -0.003699 -0.010112
v 0.001002 -0.006725 -0.010593
v -0.000608 -0.006729 -0.010952
v -0.027262 -0.006322 0.008987
v 0.000153 -0.003389 -0.078913
v -0.002058 -0.003382 -0.078872
v 0.020040 -0.001613 -0.073847
v 0.019928 -0.005349 -0.073475
v 0.019986 -0.003410 -0.073668
v 0.011880 -0.003414 -0.076236
v -0.013312 -0.030339 0.013057
v -0.013871 -0.030482 0.010720
v -0.015288 -0.030078 0.010482
v -0.012984 -0.030819 0.008154
v -0.013325 -0.031104 0.003099
v -0.014446 -0.030985 0.002357
v -0.005953 -0.027523 -0.061703
v -0.004343 -0.027545 -0.062506
v -0.004363 -0.025620 -0.065306
v -0.015416 -0.031991 -0.019663
v -0.015266 -0.032187 -0.025716
v -0.016125 -0.031791 -0.028337
v 0.000986 -0.032513 0.037035
v 0.001071 -0.032309 0.035156
v -0.002333 -0.032137 0.034911
v -0.017446 -0.026578 0.032192
v -0.017563 -0.026395 0.030603
v -0.020007 -0.024558 0.030544
v -0.003992 -0.030963 0.025032
v -0.006432 -0.030615 0.022052
v -0.008884 -0.030454 0.021942
v 0.033433 -0.003377 0.045823
v 0.032878 -0.006655 0.045960
v 0.031213 -0.006709 0.052042
v 0.033984 -0.003360 0.043139
v 0.034299 -0.003341 0.040712
v 0.034349 -0.003325 0.038526
v 0.034105 -0.003312 0.036558
v 0.033535 -0.003305 0.034775
v 0.032593 -0.003302 0.033119
v 0.029553 -0.003288 0.030029
v -0.034105 -0.003414 0.040251
v -0.033201 -0.008646 0.040523
v -0.032803 -0.009913 0.040643
v -0.031831 -0.009822 0.037215
v -0.032105 -0.012134 0.040853
v -0.030707 -0.012857 0.037366
v -0.033519 -0.007291 0.040428
v -0.032661 -0.006657 0.037126
v -0.033609 -0.006725 0.040401
v 0.025272 -0.003265 0.027166
v 0.020175 -0.003240 0.024418
v 0.033772 -0.006584 0.040887
v 0.031749 -0.003405 0.052017
v 0.029503 -0.003414 0.059396
v 0.029490 -0.003672 0.059392
v 0.027920 -0.010951 0.058920
v 0.028203 -0.009916 0.059005
v 0.030369 -0.009898 0.051990
v 0.028900 -0.007364 0.059215
v 0.029002 -0.006724 0.059246
v 0.024845 -0.017659 0.057994
v 0.025776 -0.015889 0.058275
v 0.027822 -0.015866 0.051671
v 0.026562 -0.014396 0.058511
v 0.020435 -0.023481 0.056667
v 0.022352 -0.021219 0.057244
v 0.024239 -0.021177 0.051088
v 0.022792 -0.020701 0.057376
v 0.026152 -0.018612 0.051411
v 0.024182 -0.018642 0.057795
v 0.029233 -0.012956 0.051866
v 0.027122 -0.012976 0.058680
v 0.017215 -0.027613 0.049778
v 0.015811 -0.029058 0.044617
v 0.012915 -0.029329 0.054404
v 0.014951 -0.028122 0.055016
v 0.015555 -0.027667 0.055198
v 0.017808 -0.025965 0.055876
v 0.004414 -0.032345 0.037333
v 0.004149 -0.032539 0.039194
v 0.007483 -0.032041 0.039533
v 0.003307 -0.032888 0.042843
v 0.006616 -0.032384 0.043340
v 0.009814 -0.031567 0.043803
v 0.007191 -0.031851 0.052681
v 0.008695 -0.031371 0.053134
v 0.000965 -0.033187 0.050807
v 0.001943 -0.033109 0.051101
v 0.004134 -0.032676 0.051761
v 0.005366 -0.032433 0.052131
v 0.012884 -0.030453 0.044229
v 0.010123 -0.030729 0.053563
v 0.011901 -0.029930 0.054098
v 0.022101 -0.023543 0.050706
v 0.020303 -0.023606 0.056627
v 0.018578 -0.027400 0.044964
v 0.019521 -0.027107 0.040595
v 0.016740 -0.028749 0.040378
v 0.016980 -0.028583 0.038302
v 0.014044 -0.029954 0.038096
v 0.014042 -0.029780 0.036028
v 0.010980 -0.030865 0.035833
v 0.010627 -0.030682 0.033775
v 0.007476 -0.031463 0.033593
v 0.006739 -0.031261 0.031658
v 0.003547 -0.031726 0.031495
v 0.002568 -0.031500 0.029750
v -0.000615 -0.031641 0.029612
v -0.001663 -0.031404 0.028026
v -0.003787 -0.031463 0.029485
v -0.004712 -0.031226 0.027916
v -0.006853 -0.030975 0.029369
v -0.007654 -0.030745 0.027819
v -0.010478 -0.029972 0.027741
v -0.014944 -0.027994 0.030683
v -0.014753 -0.028190 0.032329
v -0.012165 -0.029339 0.030783
v -0.011896 -0.029547 0.032483
v -0.009241 -0.030415 0.030902
v -0.008892 -0.030632 0.032652
v -0.006186 -0.031207 0.031037
v -0.005757 -0.031430 0.032832
v -0.003014 -0.031699 0.031183
v -0.002503 -0.031924 0.033020
v 0.000264 -0.031875 0.031336
v 0.000853 -0.032098 0.033213
v 0.004213 -0.031941 0.033405
v 0.004477 -0.032146 0.035395
v 0.007786 -0.031659 0.035621
v 0.007744 -0.031852 0.037610
v 0.010960 -0.031050 0.037865
v 0.010704 -0.031233 0.039845
v 0.013796 -0.030130 0.040127
v -0.022449 -0.022210 0.027705
v -0.022261 -0.022500 0.030508
v -0.020383 -0.024233 0.027668
v -0.018141 -0.026036 0.027651
v -0.015735 -0.027604 0.027657
v -0.013176 -0.028920 0.027687
v -0.022973 -0.021802 0.021929
v -0.021339 -0.023764 0.021872
v -0.019564 -0.025507 0.021827
v -0.017658 -0.027016 0.021798
v -0.015629 -0.028277 0.021791
v -0.013485 -0.029277 0.021811
v -0.011235 -0.030006 0.021860
v -0.029607 -0.003175 0.022352
v -0.030865 -0.003221 0.028272
v -0.029253 -0.006253 0.022302
v -0.030407 -0.006345 0.028180
v -0.028683 -0.009218 0.022247
v -0.029677 -0.009357 0.028088
v -0.027906 -0.012055 0.022187
v -0.028689 -0.012242 0.027998
v -0.026936 -0.014747 0.022124
v -0.027458 -0.014985 0.027910
v -0.025782 -0.017279 0.022058
v -0.025998 -0.017571 0.027830
v -0.024458 -0.019636 0.021992
v -0.024324 -0.019984 0.027761
v -0.024311 -0.020237 0.030495
v -0.026141 -0.017786 0.030502
v -0.027738 -0.015163 0.030530
v -0.029085 -0.012382 0.030576
v -0.032065 -0.003295 0.033112
v -0.031539 -0.006494 0.033060
v -0.030702 -0.009582 0.033045
v -0.029572 -0.012544 0.033064
v -0.028163 -0.015364 0.033115
v -0.026492 -0.018026 0.033197
v -0.024575 -0.020513 0.033308
v -0.022428 -0.022809 0.033444
v -0.020068 -0.024897 0.033605
v -0.017511 -0.026761 0.033787
v -0.014773 -0.028384 0.033987
v -0.011870 -0.029750 0.034203
v -0.008819 -0.030841 0.034431
v -0.005635 -0.031643 0.034668
v -0.015469 -0.030443 0.045860
v -0.013029 -0.030464 0.040230
v -0.015931 -0.029071 0.039753
v -0.021586 -0.026640 0.044019
v -0.018668 -0.027413 0.039302
v -0.021224 -0.025507 0.038880
v -0.020149 -0.027651 0.044452
v -0.018630 -0.028720 0.044909
v -0.017518 -0.029326 0.045244
v -0.014732 -0.030741 0.046082
v -0.012141 -0.031788 0.046862
v -0.009978 -0.031576 0.040729
v -0.011803 -0.031881 0.046964
v -0.006796 -0.032391 0.041245
v -0.008745 -0.032721 0.047884
v -0.003497 -0.032891 0.041774
v -0.023581 -0.023370 0.038491
v -0.025725 -0.021020 0.038141
v -0.026734 -0.021545 0.042470
v -0.034090 -0.003699 0.040256
v -0.033181 -0.003378 0.037103
v -0.031737 -0.012979 0.040964
v -0.030657 -0.015454 0.041289
v -0.029304 -0.015746 0.037574
v -0.030402 -0.015901 0.041366
v -0.027638 -0.018472 0.037834
v -0.028861 -0.018604 0.041830
v -0.026963 -0.021228 0.042401
v -0.022955 -0.023112 0.036106
v -0.020578 -0.025227 0.036385
v -0.018002 -0.027114 0.036688
v -0.015244 -0.028756 0.037013
v -0.012319 -0.030136 0.037355
v -0.009244 -0.031238 0.037712
v -0.006036 -0.032045 0.038079
v -0.002711 -0.032541 0.038452
v 0.000717 -0.032710 0.038829
v -0.000097 -0.033061 0.042314
v -0.024886 -0.023587 0.043026
v -0.024299 -0.024237 0.043203
v -0.022610 -0.025733 0.043711
v 0.011309 -0.033261 -0.044836
v 0.006110 -0.033213 -0.046822
v 0.005439 -0.033385 -0.043452
v 0.011408 -0.033211 -0.045168
v 0.012348 -0.032733 -0.048291
v 0.006753 -0.032706 -0.050095
v -0.014708 -0.031359 -0.004662
v -0.014362 -0.031865 -0.011971
v 0.012364 -0.032719 -0.048343
v 0.013286 -0.031898 -0.051407
v 0.007367 -0.031883 -0.053254
v 0.014168 -0.030757 -0.054338
v 0.007949 -0.030760 -0.056285
v 0.014269 -0.030627 -0.054674
v 0.008500 -0.029354 -0.059170
v 0.015007 -0.029337 -0.057124
v 0.015210 -0.028983 -0.057799
v 0.009017 -0.027681 -0.061892
v -0.010421 -0.029079 -0.055002
v -0.013354 -0.028986 -0.051520
v -0.012815 -0.030358 -0.048509
v -0.004328 -0.029221 -0.059517
v 0.015798 -0.027656 -0.059752
v 0.016098 -0.026981 -0.060747
v 0.009498 -0.025758 -0.064435
v 0.016537 -0.025731 -0.062208
v 0.009943 -0.023602 -0.066780
v -0.000526 -0.021131 -0.070950
v -0.002578 -0.023480 -0.068410
v -0.000639 -0.023504 -0.068646
v -0.002628 -0.025639 -0.065844
v -0.000758 -0.025663 -0.066114
v -0.002683 -0.027566 -0.063068
v -0.000889 -0.027591 -0.063373
v -0.002745 -0.029244 -0.060104
v -0.001032 -0.029270 -0.060442
v -0.002821 -0.030655 -0.056970
v -0.001193 -0.030682 -0.057342
v -0.002914 -0.031781 -0.053687
v -0.001373 -0.031810 -0.054091
v -0.003029 -0.032606 -0.050275
v -0.001579 -0.032637 -0.050711
v -0.001813 -0.033146 -0.047220
v -0.012616 -0.030258 0.015102
v -0.010838 -0.030395 0.015287
v -0.011702 -0.030471 0.013280
v -0.012424 -0.030612 0.011004
v -0.020635 -0.025733 0.009790
v -0.019368 -0.027219 0.009940
v -0.019327 -0.027438 0.006469
v -0.018045 -0.028444 0.010101
v -0.018090 -0.028667 0.006760
v -0.016681 -0.029399 0.010279
v -0.016826 -0.029621 0.007068
v -0.015550 -0.030295 0.007398
v -0.014271 -0.030692 0.007757
v -0.014329 -0.029841 0.014962
v -0.015983 -0.029148 0.014860
v -0.017575 -0.028184 0.014788
v -0.019099 -0.026958 0.014737
v -0.020544 -0.025478 0.014699
v -0.021900 -0.023759 0.014669
v -0.022946 -0.022036 0.009521
v -0.023156 -0.021813 0.014644
v 0.016921 -0.024641 -0.063483
v 0.017220 -0.023579 -0.064478
v 0.010349 -0.021230 -0.068911
v 0.017668 -0.021990 -0.065966
v 0.017843 -0.021215 -0.066547
v 0.010715 -0.018659 -0.070810
v 0.018329 -0.019062 -0.068160
v 0.018401 -0.018656 -0.068400
v 0.018892 -0.015894 -0.070032
v 0.011038 -0.015907 -0.072461
v 0.019288 -0.012984 -0.071348
v 0.019351 -0.012525 -0.071555
v 0.011318 -0.012989 -0.073845
v 0.011553 -0.009924 -0.074947
v 0.004841 -0.012960 -0.075653
v -0.010774 -0.027425 -0.057957
v -0.007553 -0.027495 -0.060674
v -0.007727 -0.025579 -0.063489
v -0.006048 -0.025602 -0.064516
v -0.006138 -0.023448 -0.067123
v -0.004382 -0.023464 -0.067898
v -0.004396 -0.021093 -0.070260
v -0.002529 -0.021108 -0.070746
v -0.002477 -0.018540 -0.072833
v -0.000418 -0.018562 -0.073005
v -0.000312 -0.015816 -0.074794
v 0.002022 -0.015844 -0.074650
v 0.002168 -0.012934 -0.076120
v 0.005008 -0.009901 -0.076791
v 0.011740 -0.006726 -0.075750
v -0.008371 -0.009823 -0.075366
v -0.010437 -0.009818 -0.074088
v -0.010359 -0.012859 -0.072802
v -0.010467 -0.006651 -0.075052
v -0.008363 -0.006654 -0.076325
v -0.006296 -0.006657 -0.077292
v 0.019607 -0.009915 -0.072408
v 0.019697 -0.008998 -0.072708
v 0.019842 -0.006719 -0.073187
v 0.005295 -0.003405 -0.078117
v 0.002576 -0.003397 -0.078661
v 0.002443 -0.006694 -0.078144
v 0.000025 -0.006679 -0.078376
v -0.000093 -0.009858 -0.077498
v -0.002271 -0.009842 -0.077410
v -0.002352 -0.012890 -0.076184
v -0.004368 -0.012879 -0.075775
v -0.004393 -0.015782 -0.074218
v -0.006327 -0.015774 -0.073498
v -0.006282 -0.018516 -0.071634
v -0.008168 -0.018505 -0.070622
v -0.008040 -0.021065 -0.068483
v 0.005159 -0.006710 -0.077618
v 0.002308 -0.009879 -0.077291
v -0.000204 -0.012909 -0.076298
v -0.002420 -0.015795 -0.074652
v -0.004401 -0.018526 -0.072373
v -0.006218 -0.021080 -0.069502
v -0.007892 -0.023429 -0.066099
v -0.011115 -0.025519 -0.060735
v -0.013885 -0.027346 -0.054382
v -0.014690 -0.028941 -0.049475
v -0.002174 -0.006668 -0.078312
v -0.004321 -0.009833 -0.077026
v -0.006347 -0.012872 -0.075074
v -0.008268 -0.015766 -0.072495
v -0.010076 -0.018491 -0.069341
v -0.011733 -0.021026 -0.065675
v -0.011437 -0.023380 -0.063315
v -0.014396 -0.025454 -0.057074
v -0.015305 -0.027309 -0.052272
v -0.004250 -0.006661 -0.077953
v -0.006338 -0.009827 -0.076345
v -0.008338 -0.012866 -0.074083
v -0.010237 -0.015755 -0.071213
v -0.011996 -0.018474 -0.067795
v -0.013565 -0.021004 -0.063895
v -0.014881 -0.023328 -0.059576
v -0.015899 -0.025425 -0.054903
v -0.010442 -0.003374 -0.075674
v -0.008310 -0.003375 -0.076941
v -0.006217 -0.003376 -0.077895
v -0.004150 -0.003378 -0.078536
v -0.013898 -0.018457 -0.065990
v -0.012219 -0.015743 -0.069655
v -0.014185 -0.015731 -0.067828
v -0.012397 -0.012850 -0.071235
v -0.014420 -0.012841 -0.069391
v -0.012522 -0.009812 -0.072516
v -0.014595 -0.009807 -0.070657
v -0.012591 -0.006648 -0.073476
v -0.014704 -0.006644 -0.071608
v -0.012597 -0.003372 -0.074099
v -0.014741 -0.003370 -0.072224
v -0.016462 -0.023306 -0.057349
v -0.015329 -0.020985 -0.061867
v -0.016984 -0.020969 -0.059588
v -0.015732 -0.018443 -0.063927
v -0.017456 -0.018433 -0.061601
v -0.016083 -0.015721 -0.065735
v -0.017870 -0.015714 -0.063368
v -0.016375 -0.012835 -0.067271
v -0.018217 -0.012831 -0.064869
v -0.016600 -0.009803 -0.068515
v -0.018491 -0.009801 -0.066083
v -0.016751 -0.006642 -0.069449
v -0.018683 -0.006642 -0.066992
v -0.016821 -0.003369 -0.070052
v -0.018785 -0.003369 -0.067576
v -0.014615 -0.032013 -0.036148
v -0.014481 -0.031319 -0.041388
v -0.015379 -0.031257 -0.039120
v -0.015188 -0.030251 -0.044366
v -0.016159 -0.030203 -0.041996
v -0.015895 -0.028899 -0.047223
v -0.016942 -0.028862 -0.044757
v -0.016591 -0.027276 -0.049941
v -0.017711 -0.027250 -0.047382
v -0.017263 -0.025401 -0.052499
v -0.018454 -0.025382 -0.049853
v -0.017900 -0.023288 -0.054876
v -0.019160 -0.023277 -0.052148
v -0.018492 -0.020958 -0.057052
v -0.019816 -0.020952 -0.054248
v -0.019029 -0.018426 -0.059008
v -0.020412 -0.018424 -0.056134
v -0.019502 -0.015711 -0.060723
v -0.020940 -0.015712 -0.057787
v -0.019902 -0.012830 -0.062178
v -0.021389 -0.012833 -0.059186
v -0.020222 -0.009802 -0.063354
v -0.021750 -0.009805 -0.060314
v -0.020452 -0.006643 -0.064231
v -0.022015 -0.006646 -0.061152
v -0.020585 -0.003370 -0.064790
v -0.022174 -0.003372 -0.061679
v -0.014501 -0.032372 -0.030861
v -0.015286 -0.031939 -0.033787
v -0.015789 -0.031866 -0.031198
v -0.016111 -0.031200 -0.036638
v -0.016666 -0.031145 -0.033910
v -0.016957 -0.030160 -0.039397
v -0.017568 -0.030121 -0.036534
v -0.017806 -0.028832 -0.042045
v -0.018476 -0.028805 -0.039051
v -0.018642 -0.027230 -0.044563
v -0.019369 -0.027212 -0.041442
v -0.019449 -0.025370 -0.046931
v -0.020232 -0.025360 -0.043690
v -0.020216 -0.023271 -0.049130
v -0.021050 -0.023266 -0.045775
v -0.020929 -0.020951 -0.051140
v -0.021811 -0.020949 -0.047680
v -0.021578 -0.018426 -0.052944
v -0.022504 -0.018427 -0.049387
v -0.022153 -0.015716 -0.054522
v -0.023117 -0.015719 -0.050879
v -0.022644 -0.012838 -0.055856
v -0.023641 -0.012841 -0.052137
v -0.023040 -0.009810 -0.056928
v -0.024066 -0.009813 -0.053143
v -0.023334 -0.006649 -0.057719
v -0.024381 -0.006652 -0.053881
v -0.023515 -0.003374 -0.058210
v -0.024578 -0.003375 -0.054333
v -0.016315 -0.031628 -0.021891
v -0.017043 -0.031088 -0.030887
v -0.017291 -0.030955 -0.024052
v -0.017993 -0.030079 -0.033352
v -0.018306 -0.029968 -0.026134
v -0.019223 -0.028737 -0.032029
v -0.019326 -0.028679 -0.028126
v -0.020199 -0.027159 -0.034102
v -0.020327 -0.027107 -0.030013
v -0.021140 -0.025317 -0.036047
v -0.021290 -0.025270 -0.031783
v -0.022031 -0.023232 -0.037848
v -0.022200 -0.023189 -0.033421
v -0.022857 -0.020921 -0.039491
v -0.023043 -0.020884 -0.034913
v -0.023607 -0.018405 -0.040959
v -0.023807 -0.018372 -0.036245
v -0.024269 -0.015701 -0.042237
v -0.024481 -0.015673 -0.037404
v -0.024834 -0.012828 -0.043311
v -0.025056 -0.012805 -0.038375
v -0.025291 -0.009803 -0.044164
v -0.025520 -0.009786 -0.039145
v -0.025630 -0.006646 -0.044782
v -0.025863 -0.006634 -0.039701
v -0.025842 -0.003372 -0.045150
v -0.026077 -0.003366 -0.040027
v -0.025352 -0.003374 -0.049984
v -0.018949 -0.028774 -0.035715
v -0.019889 -0.027189 -0.037958
v -0.020796 -0.025342 -0.040065
v -0.021656 -0.023253 -0.042018
v -0.022455 -0.020939 -0.043801
v -0.023181 -0.018420 -0.045396
v -0.023823 -0.015713 -0.046788
v -0.024372 -0.012837 -0.047959
v -0.024816 -0.009810 -0.048893
v -0.025146 -0.006650 -0.049573
v -0.014486 -0.032293 -0.023038
v -0.026035 -0.003305 -0.015350
v -0.026118 -0.003348 -0.030430
v -0.025818 -0.006513 -0.015181
v -0.025904 -0.006598 -0.030170
v -0.025468 -0.009606 -0.014893
v -0.025557 -0.009733 -0.029725
v -0.024992 -0.012568 -0.014492
v -0.025088 -0.012735 -0.029103
v -0.024401 -0.015380 -0.013987
v -0.024506 -0.015587 -0.028318
v -0.023703 -0.018026 -0.013383
v -0.023821 -0.018270 -0.027380
v -0.022909 -0.020486 -0.012688
v -0.023044 -0.020766 -0.026299
v -0.022029 -0.022743 -0.011909
v -0.022185 -0.023058 -0.025088
v -0.021074 -0.024778 -0.011052
v -0.021257 -0.025125 -0.023757
v -0.020057 -0.026572 -0.010126
v -0.020271 -0.026949 -0.022318
v -0.018994 -0.028107 -0.009137
v -0.019244 -0.028509 -0.020781
v -0.017902 -0.029363 -0.008091
v -0.018194 -0.029787 -0.019157
v -0.016805 -0.030327 -0.006995
v -0.017148 -0.030763 -0.017457
v -0.015732 -0.030990 -0.005851
v -0.016137 -0.031426 -0.015689
v -0.015201 -0.031781 -0.013859
v -0.014617 -0.032078 -0.017375
v -0.015586 -0.030600 0.001651
v -0.016749 -0.029931 0.000978
v -0.017917 -0.028975 0.000334
v -0.019070 -0.027735 -0.000279
v -0.020188 -0.026223 -0.000860
v -0.021252 -0.024456 -0.001404
v -0.022248 -0.022451 -0.001908
v -0.023163 -0.020226 -0.002367
v -0.023986 -0.017800 -0.002778
v -0.024708 -0.015189 -0.003135
v -0.024875 -0.017477 0.009290
v -0.026338 -0.012193 0.009108
v -0.025322 -0.017302 0.014601
v -0.024300 -0.019655 0.014622
v -0.008778 -0.030410 0.018862
v -0.010895 -0.030262 0.018726
v -0.012926 -0.029831 0.018628
v -0.014872 -0.029122 0.018565
v -0.016730 -0.028142 0.018533
v -0.018494 -0.026902 0.018526
v -0.020156 -0.025413 0.018537
v -0.021708 -0.023689 0.018559
v -0.023141 -0.021743 0.018588
v -0.026212 -0.014770 0.014582
v -0.026959 -0.012074 0.014565
v -0.025317 -0.012413 -0.003436
v -0.025806 -0.009489 -0.003675
v -0.026166 -0.006434 -0.003850
v -0.026388 -0.003265 -0.003954
v -0.027555 -0.009233 0.014550
v -0.027991 -0.006262 0.014540
v -0.028259 -0.003179 0.014535
v 0.000852 -0.003414 -0.010097
v -0.000812 -0.003416 -0.010474
v -0.003485 -0.003433 -0.010237
v -0.002166 -0.003414 -0.010556
v -0.005106 -0.003539 -0.008226
v -0.004588 -0.003491 -0.009317
v -0.004095 -0.003460 -0.009844
v -0.005290 -0.003551 -0.007388
v 0.001029 -0.007291 -0.010683
v -0.000332 -0.009926 -0.011739
v -0.001860 -0.006724 -0.011072
v -0.001507 -0.009916 -0.011893
v -0.003177 -0.006751 -0.010865
v -0.003853 -0.006797 -0.010514
v -0.002833 -0.009943 -0.011792
v -0.001119 -0.012978 -0.013005
v 0.001242 -0.009918 -0.011391
v 0.001313 -0.010790 -0.011626
v 0.001568 -0.012978 -0.012473
v 0.001706 -0.014167 -0.012933
v -0.004433 -0.006860 -0.009988
v -0.003568 -0.010001 -0.011490
v -0.002462 -0.012999 -0.012998
v -0.000703 -0.015894 -0.014395
v 0.001974 -0.015890 -0.013822
v -0.005056 -0.006964 -0.008828
v -0.004229 -0.010090 -0.010989
v -0.003247 -0.013061 -0.012751
v -0.002071 -0.015907 -0.014471
v -0.006088 -0.013223 -0.001945
v -0.005866 -0.010220 -0.004225
v -0.006045 -0.013341 -0.005443
v -0.005548 -0.010276 -0.007418
v -0.005577 -0.013412 -0.008714
v -0.005173 -0.013417 -0.010242
v -0.005075 -0.016357 -0.011893
v -0.004673 -0.016303 -0.012754
v -0.004449 -0.019034 -0.014675
v -0.003340 -0.018799 -0.015710
v -0.002968 -0.021338 -0.017778
v -0.005273 -0.006989 -0.007963
v -0.004971 -0.010249 -0.009801
v -0.003976 -0.013164 -0.012293
v -0.002895 -0.015965 -0.014278
v -0.001666 -0.018652 -0.016197
v -0.005518 -0.006979 -0.006484
v -0.005236 -0.010286 -0.008923
v -0.004845 -0.013369 -0.011119
v -0.003679 -0.016071 -0.013875
v -0.002517 -0.018702 -0.016054
v -0.001246 -0.021218 -0.018164
v -0.005419 -0.003490 0.000254
v -0.004769 -0.003449 0.003354
v -0.005644 -0.003525 -0.002886
v -0.005551 -0.006873 -0.000131
v -0.005190 -0.010013 0.002516
v -0.004916 -0.006794 0.003084
v -0.004077 -0.009886 0.005753
v -0.003798 -0.006706 0.006115
v -0.003660 -0.003403 0.006266
v -0.002613 -0.009749 0.008519
v -0.002312 -0.006613 0.008763
v -0.002160 -0.003356 0.008864
v -0.000550 -0.006523 0.011096
v -0.004484 -0.012924 0.005194
v -0.003611 -0.015582 0.007636
v -0.003051 -0.012745 0.008140
v -0.002795 -0.017986 0.009865
v -0.001413 -0.012571 0.010643
v -0.000812 -0.023588 -0.020358
v 0.001195 -0.025755 -0.022439
v 0.005048 -0.027676 -0.024038
v -0.006071 -0.015992 0.000570
v -0.006473 -0.016147 -0.003326
v -0.006257 -0.016282 -0.006995
v -0.005599 -0.016363 -0.010346
v -0.004931 -0.019086 -0.013846
v -0.004169 -0.021550 -0.016848
v -0.002570 -0.023677 -0.020059
v -0.000364 -0.025743 -0.022762
v 0.001729 -0.027680 -0.024988
v 0.005152 -0.027943 -0.024383
v 0.005844 -0.029334 -0.026682
v 0.002288 -0.029354 -0.027717
v 0.006081 -0.029810 -0.027468
v 0.002872 -0.030761 -0.030608
v 0.006685 -0.030729 -0.029477
v 0.007064 -0.031306 -0.030735
v 0.003480 -0.031884 -0.033644
v 0.007568 -0.031848 -0.032409
v 0.008091 -0.032410 -0.034145
v 0.004110 -0.032707 -0.036807
v 0.008488 -0.032673 -0.035466
v 0.009149 -0.033109 -0.037663
v 0.004764 -0.033213 -0.040082
v 0.000577 -0.029341 -0.028140
v 0.001072 -0.030749 -0.031078
v 0.001583 -0.031873 -0.034161
v 0.002110 -0.032696 -0.037370
v 0.002653 -0.033202 -0.040690
v 0.003213 -0.033374 -0.044104
v 0.003766 -0.033201 -0.047517
v 0.004288 -0.032694 -0.050832
v 0.004780 -0.031870 -0.054032
v 0.005243 -0.030746 -0.057102
v 0.005676 -0.029339 -0.060024
v 0.006079 -0.027666 -0.062782
v 0.006454 -0.025743 -0.065357
v 0.006798 -0.023588 -0.067732
v 0.007114 -0.021217 -0.069889
v 0.007400 -0.018647 -0.071812
v 0.007656 -0.015896 -0.073482
v 0.009442 -0.033186 -0.038634
v 0.010231 -0.033394 -0.041257
v 0.010425 -0.033370 -0.041900
v 0.004655 -0.015873 -0.074222
v 0.001868 -0.018592 -0.072898
v 0.004451 -0.018623 -0.072516
v 0.001703 -0.021161 -0.070884
v 0.004226 -0.021192 -0.070553
v 0.001525 -0.023533 -0.068625
v 0.003980 -0.023563 -0.068350
v 0.001332 -0.025692 -0.066140
v 0.003711 -0.025720 -0.065926
v 0.001121 -0.027620 -0.063448
v 0.003418 -0.027645 -0.063299
v 0.000890 -0.029298 -0.060568
v 0.003099 -0.029321 -0.060487
v 0.000637 -0.030710 -0.057519
v 0.002752 -0.030731 -0.057507
v 0.000358 -0.031838 -0.054320
v 0.002377 -0.031857 -0.054379
v 0.000050 -0.032664 -0.050991
v 0.001972 -0.032683 -0.051119
v -0.000291 -0.033173 -0.047550
v 0.001533 -0.033191 -0.047746
v -0.000667 -0.033348 -0.044015
v 0.001061 -0.033365 -0.044277
v -0.001062 -0.033178 -0.040484
v 0.000576 -0.033194 -0.040808
v -0.001456 -0.032677 -0.037049
v 0.000101 -0.032690 -0.037433
v -0.001851 -0.031865 -0.033727
v -0.000366 -0.031871 -0.034170
v -0.002252 -0.030762 -0.030532
v -0.000825 -0.030755 -0.031034
v -0.002658 -0.029392 -0.027476
v -0.001277 -0.029360 -0.028041
v -0.003065 -0.027772 -0.024569
v -0.001719 -0.027703 -0.025205
v -0.003463 -0.025920 -0.021819
v -0.004480 -0.023869 -0.018501
v -0.004185 -0.025927 -0.021129
v -0.003868 -0.027764 -0.023925
v -0.003549 -0.029375 -0.026875
v -0.003238 -0.030740 -0.029974
v -0.002939 -0.031840 -0.033213
v -0.002650 -0.032650 -0.036580
v -0.002365 -0.033151 -0.040060
v -0.002080 -0.033320 -0.043638
v -0.007375 -0.029161 -0.057676
v -0.007200 -0.030559 -0.054515
v -0.004322 -0.030628 -0.056361
v -0.007035 -0.031673 -0.051214
v -0.004331 -0.031751 -0.053058
v -0.006888 -0.032485 -0.047792
v -0.004361 -0.032572 -0.049630
v -0.006768 -0.032982 -0.044271
v -0.004419 -0.033076 -0.046096
v -0.006682 -0.033149 -0.040671
v -0.004511 -0.033247 -0.042477
v -0.006621 -0.032981 -0.037079
v -0.004623 -0.033079 -0.038864
v -0.006569 -0.032494 -0.033579
v -0.004742 -0.032585 -0.035346
v -0.006529 -0.031710 -0.030185
v -0.004869 -0.031789 -0.031938
v -0.006498 -0.030649 -0.026908
v -0.005007 -0.030711 -0.028653
v -0.006472 -0.029329 -0.023760
v -0.005151 -0.029373 -0.025501
v -0.006439 -0.027762 -0.020754
v -0.005294 -0.027790 -0.022492
v -0.006389 -0.025952 -0.017909
v -0.005421 -0.025971 -0.019642
v -0.006316 -0.023901 -0.015251
v -0.005519 -0.023918 -0.016970
v -0.006218 -0.021609 -0.012810
v -0.005579 -0.021630 -0.014507
v -0.010065 -0.030466 -0.051891
v -0.012278 -0.031446 -0.045371
v -0.009715 -0.031568 -0.048645
v -0.011754 -0.032235 -0.042127
v -0.009379 -0.032371 -0.045285
v -0.011255 -0.032713 -0.038795
v -0.009068 -0.032860 -0.041832
v -0.010791 -0.032870 -0.035395
v -0.008791 -0.033022 -0.038305
v -0.010358 -0.032702 -0.032004
v -0.008541 -0.032855 -0.034788
v -0.009941 -0.032229 -0.028694
v -0.008304 -0.032373 -0.031357
v -0.009536 -0.031468 -0.025476
v -0.008080 -0.031599 -0.028027
v -0.009140 -0.030437 -0.022364
v -0.007865 -0.030550 -0.024810
v -0.008745 -0.029144 -0.019371
v -0.007655 -0.029242 -0.021718
v -0.008348 -0.027596 -0.016517
v -0.007441 -0.027683 -0.018766
v -0.007948 -0.025798 -0.013823
v -0.007218 -0.025878 -0.015977
v -0.007546 -0.023753 -0.011316
v -0.006982 -0.023830 -0.013375
v -0.006737 -0.021542 -0.010990
v -0.013126 -0.032549 -0.035155
v -0.013771 -0.032501 -0.027877
v -0.012503 -0.032695 -0.031935
v -0.013087 -0.032338 -0.024896
v -0.011918 -0.032528 -0.028722
v -0.012413 -0.031904 -0.021976
v -0.011349 -0.032068 -0.025582
v -0.011727 -0.031204 -0.019130
v -0.010788 -0.031331 -0.022524
v -0.011018 -0.030232 -0.016373
v -0.010225 -0.030325 -0.019563
v -0.010290 -0.028983 -0.013727
v -0.009656 -0.029054 -0.016716
v -0.009557 -0.027458 -0.011212
v -0.009083 -0.027519 -0.014003
v -0.008835 -0.025663 -0.008853
v -0.008511 -0.025726 -0.011449
v -0.008140 -0.023611 -0.006671
v -0.007952 -0.023680 -0.009079
v -0.007487 -0.021318 -0.004687
v -0.006889 -0.018800 -0.002924
v -0.006656 -0.018714 -0.000766
v -0.007323 -0.021232 -0.002319
v -0.006923 -0.021125 0.000168
v -0.008060 -0.023530 -0.004069
v -0.007704 -0.023421 -0.001294
v -0.008853 -0.025589 -0.005999
v -0.008551 -0.025482 -0.002910
v -0.009689 -0.027391 -0.008091
v -0.009451 -0.027286 -0.004667
v -0.010548 -0.028917 -0.010329
v -0.010385 -0.028813 -0.006550
v -0.011408 -0.030153 -0.012694
v -0.011328 -0.030044 -0.008547
v -0.012241 -0.031093 -0.015167
v -0.012248 -0.030966 -0.010645
v -0.013104 -0.031586 -0.012827
v -0.013583 -0.031731 -0.010068
v -0.012767 -0.031385 -0.008203
v -0.011883 -0.030959 -0.000927
v -0.011869 -0.030775 -0.006397
v -0.010898 -0.030337 0.000282
v -0.010909 -0.029863 -0.004666
v -0.009873 -0.029427 0.001446
v -0.009929 -0.028641 -0.003022
v -0.008834 -0.028221 0.002556
v -0.008962 -0.027123 -0.001475
v -0.007812 -0.026729 0.003602
v -0.008033 -0.025329 -0.000033
v -0.006830 -0.024965 0.004580
v -0.007159 -0.023280 0.001292
v -0.005904 -0.022950 0.005480
v -0.006356 -0.020997 0.002489
v -0.011133 -0.030583 0.004636
v -0.010022 -0.029939 0.005400
v -0.008894 -0.029019 0.006147
v -0.007766 -0.027819 0.006869
v -0.006658 -0.026343 0.007559
v -0.005591 -0.024606 0.008211
v -0.013789 -0.032088 -0.038312
v -0.005603 -0.019108 -0.012288
v -0.004732 -0.021591 -0.016062
v -0.003837 -0.023845 -0.019239
v -0.002151 -0.025804 -0.022540
v 0.000099 -0.027667 -0.025362
v -0.004582 -0.022623 0.008817
v -0.004282 -0.018241 0.007018
v -0.005007 -0.015801 0.004454
v -0.005578 -0.013086 0.001671
v -0.005777 -0.010125 -0.000872
v -0.005730 -0.006939 -0.003364
v -0.005635 -0.018497 0.003547
v -0.005051 -0.020703 0.006296
v 0.008695 -0.006357 0.018477
v 0.003706 -0.006403 0.015100
v 0.000459 -0.012430 0.012885
v 0.001466 -0.006449 0.013203
v 0.005140 -0.017550 0.017827
v 0.007223 -0.012255 0.018169
v 0.002549 -0.012345 0.014803
v -0.001095 -0.017791 0.012391
v 0.014681 -0.003226 0.021625
v 0.031256 -0.003297 0.031542
v 0.028957 -0.006477 0.029913
v 0.024622 -0.006430 0.027022
v 0.019530 -0.006382 0.024268
v 0.014093 -0.006354 0.021476
v 0.030704 -0.006494 0.031457
v 0.028075 -0.009548 0.029794
v 0.023721 -0.009479 0.026881
v 0.018665 -0.009409 0.024121
v 0.013313 -0.009368 0.021324
v 0.033060 -0.006509 0.034810
v 0.032088 -0.006503 0.033085
v 0.031270 -0.009587 0.033035
v 0.029852 -0.009573 0.031364
v 0.028716 -0.012519 0.031264
v 0.026924 -0.012485 0.029675
v 0.025520 -0.015270 0.029553
v 0.022583 -0.012394 0.026744
v 0.021222 -0.015157 0.026610
v 0.017594 -0.012303 0.023976
v 0.016327 -0.015046 0.023834
v 0.012353 -0.012249 0.021172
v 0.011220 -0.014979 0.021018
v 0.033629 -0.006523 0.036665
v 0.032265 -0.009597 0.034820
v 0.030157 -0.012538 0.032969
v 0.027314 -0.015313 0.031157
v 0.023881 -0.017884 0.029430
v 0.019652 -0.017750 0.026479
v 0.014877 -0.017619 0.023694
v 0.009927 -0.017541 0.020863
v -0.005423 -0.026060 0.010918
v -0.010447 -0.030284 0.009047
v -0.009187 -0.029630 0.009523
v -0.007921 -0.028709 0.010001
v -0.006661 -0.027518 0.010469
v -0.009562 -0.030070 0.011718
v -0.008150 -0.029420 0.012122
v -0.006736 -0.028513 0.012527
v -0.005329 -0.027339 0.012915
v -0.003950 -0.025898 0.013275
v -0.008504 -0.029930 0.013885
v -0.006935 -0.029282 0.014239
v -0.005370 -0.028381 0.014591
v -0.003822 -0.027215 0.014923
v -0.002312 -0.025782 0.015226
v -0.000865 -0.024087 0.015499
v 0.000499 -0.022146 0.015747
v 0.003894 -0.019924 0.017640
v 0.008484 -0.019914 0.020706
v 0.013256 -0.020004 0.023555
v 0.017887 -0.020154 0.026348
v 0.022023 -0.020312 0.029304
v 0.025664 -0.017938 0.031042
v 0.028767 -0.015339 0.032888
v 0.031169 -0.012554 0.034803
v 0.032832 -0.009620 0.036735
v 0.033850 -0.006550 0.038682
v -0.012225 -0.030967 0.003866
v -0.011705 -0.030680 0.008587
v -0.010979 -0.030469 0.011339
v -0.010087 -0.030329 0.013557
v 0.002525 -0.022089 0.017441
v 0.001047 -0.024026 0.017226
v 0.005199 -0.024020 0.020373
v -0.000523 -0.025718 0.016991
v -0.002164 -0.027148 0.016730
v 0.001484 -0.027152 0.019989
v 0.006903 -0.022080 0.020544
v 0.009560 -0.024136 0.023272
v 0.011479 -0.022182 0.023415
v 0.013840 -0.024328 0.026085
v 0.015945 -0.022353 0.026218
v 0.017721 -0.024543 0.029039
v 0.019964 -0.022537 0.029174
v 0.021689 -0.022619 0.030792
v 0.023783 -0.020379 0.030921
v 0.025229 -0.020431 0.032685
v 0.027119 -0.017976 0.032793
v 0.028143 -0.018013 0.034701
v 0.029789 -0.015364 0.034763
v 0.030345 -0.015411 0.036773
v 0.031732 -0.012588 0.036771
v 0.031908 -0.012644 0.038861
v 0.033031 -0.009661 0.038793
v 0.032927 -0.009713 0.041011
v 0.032010 -0.009819 0.046032
v 0.003386 -0.025715 0.020190
v 0.005365 -0.027304 0.022955
v 0.007516 -0.025848 0.023120
v 0.009217 -0.027551 0.025798
v 0.011592 -0.026066 0.025946
v 0.012760 -0.027841 0.028753
v 0.015314 -0.026315 0.028899
v 0.016938 -0.026438 0.030513
v 0.019402 -0.024644 0.030656
v 0.020798 -0.024734 0.032432
v 0.023116 -0.022688 0.032564
v 0.024121 -0.022760 0.034515
v 0.026248 -0.020484 0.034617
v 0.026778 -0.020562 0.036688
v 0.028687 -0.018075 0.036745
v 0.028821 -0.018163 0.038877
v 0.030500 -0.015484 0.038888
v 0.030350 -0.015569 0.041110
v 0.031781 -0.012713 0.041084
v 0.029402 -0.015739 0.045996
v 0.030846 -0.012852 0.046044
v -0.003854 -0.028312 0.016442
v -0.005569 -0.029211 0.016131
v -0.002502 -0.029230 0.019524
v -0.007300 -0.029857 0.015817
v -0.009050 -0.030255 0.015526
v -0.006644 -0.030277 0.019046
v -0.000485 -0.028324 0.019766
v 0.000820 -0.029424 0.022582
v 0.003127 -0.028497 0.022776
v 0.004163 -0.029735 0.025477
v 0.006736 -0.028776 0.025641
v 0.007281 -0.030111 0.028447
v 0.010077 -0.029110 0.028601
v 0.011552 -0.029281 0.030210
v 0.014315 -0.027988 0.030364
v 0.015617 -0.028128 0.032140
v 0.018292 -0.026552 0.032291
v 0.019244 -0.026669 0.034259
v 0.021781 -0.024827 0.034395
v 0.022268 -0.024943 0.036494
v 0.024632 -0.022857 0.036604
v 0.024722 -0.022977 0.038744
v 0.026889 -0.020666 0.038828
v 0.026702 -0.020783 0.041027
v 0.028652 -0.018264 0.041090
v 0.025742 -0.021010 0.045734
v 0.027695 -0.018464 0.045892
v -0.004555 -0.029880 0.019275
v -0.003961 -0.030488 0.022199
v -0.001544 -0.030087 0.022383
v -0.001206 -0.030836 0.025159
v 0.001513 -0.030423 0.025312
v 0.001401 -0.031270 0.028152
v 0.004385 -0.030834 0.028295
v 0.005664 -0.031050 0.029899
v 0.008664 -0.030306 0.030054
v 0.009825 -0.030497 0.031822
v 0.012789 -0.029448 0.031983
v 0.013650 -0.029612 0.033947
v 0.016528 -0.028269 0.034110
v 0.016956 -0.028421 0.036204
v 0.019704 -0.026803 0.036360
v 0.019750 -0.026952 0.038479
v 0.022336 -0.025078 0.038627
v 0.022119 -0.025221 0.040777
v 0.024519 -0.023107 0.040922
v 0.021166 -0.025494 0.045268
v 0.023560 -0.023359 0.045525
v 0.019754 -0.025694 0.050268
v 0.018027 -0.025759 0.055942
v -0.005568 -0.033208 0.048840
v -0.005195 -0.033265 0.048953
v -0.002300 -0.033367 0.049824
v -0.001583 -0.033392 0.050040
v 0.001260 0.007536 -0.011451
v 0.016889 -0.023771 -0.063375
v 0.001260 -0.007537 -0.011451
v 0.008789 -0.032184 -0.036467
v 0.015134 0.028301 -0.057547
v 0.010973 -0.032625 -0.043720
v 0.013126 -0.031308 -0.050876
v 0.015134 -0.028302 -0.057547
v 0.001006 -0.000000 -0.010607
v 0.002008 -0.014667 -0.013936
v 0.018294 -0.017958 -0.068046
v 0.019276 0.011177 -0.071307
v 0.018294 0.017957 -0.068046
v 0.016889 0.023770 -0.063375
v 0.003210 -0.021007 -0.017929
v 0.010973 0.032624 -0.043720
v 0.013126 0.031307 -0.050876
v 0.006694 0.030007 -0.029506
v 0.008789 0.032183 -0.036467
v 0.004800 -0.026214 -0.023214
v 0.019276 -0.011178 -0.071307
v 0.019780 0.003793 -0.072982
v 0.019780 -0.003794 -0.072982
v 0.002008 0.014666 -0.013936
v 0.006694 -0.030008 -0.029506
v 0.004800 0.026213 -0.023214
v 0.003210 0.021006 -0.017929
v 0.029846 0.018260 -0.065049
v 0.029924 0.014078 -0.065307
v 0.030844 0.011365 -0.068365
v 0.030642 0.007234 -0.067693
v 0.031357 0.003857 -0.070068
v 0.030885 -0.000000 -0.068503
v 0.031357 -0.003858 -0.070068
v 0.030642 -0.007235 -0.067693
v 0.030844 -0.011366 -0.068365
v 0.029924 -0.014079 -0.065307
v 0.029846 -0.018261 -0.065049
v 0.028770 -0.020165 -0.061475
v 0.028416 -0.024171 -0.060300
v 0.027243 -0.025163 -0.056402
v 0.026633 -0.028779 -0.054374
v 0.025425 -0.028805 -0.050362
v 0.024591 -0.031834 -0.047590
v 0.023414 -0.030894 -0.043680
v 0.022401 -0.033174 -0.040314
v 0.021318 -0.031317 -0.036717
v 0.020181 -0.032726 -0.032938
v 0.019251 -0.030053 -0.029848
v 0.018051 -0.030513 -0.025861
v 0.017323 -0.027168 -0.023444
v 0.016125 -0.026655 -0.019462
v 0.015639 -0.022818 -0.017850
v 0.014507 -0.021360 -0.014088
v 0.014290 -0.017239 -0.013367
v 0.013285 -0.014914 -0.010028
v 0.013348 -0.010730 -0.010236
v 0.012525 -0.007664 -0.007502
v 0.012864 -0.003642 -0.008628
v 0.012267 -0.000000 -0.006644
v 0.012864 0.003641 -0.008628
v 0.012525 0.007663 -0.007502
v 0.013348 0.010729 -0.010236
v 0.013285 0.014913 -0.010028
v 0.014290 0.017238 -0.013367
v 0.014507 0.021359 -0.014088
v 0.015639 0.022817 -0.017850
v 0.016125 0.026654 -0.019462
v 0.017323 0.027167 -0.023444
v 0.018051 0.030512 -0.025861
v 0.019251 0.030052 -0.029848
v 0.020181 0.032725 -0.032938
v 0.021318 0.031316 -0.036717
v 0.022401 0.033173 -0.040314
v 0.023414 0.030893 -0.043680
v 0.024591 0.031833 -0.047590
v 0.025425 0.028804 -0.050362
v 0.026633 0.028778 -0.054374
v 0.027243 0.025162 -0.056402
v 0.028416 0.024170 -0.060300
v 0.028770 0.020164 -0.061475
v 0.012461 0.003572 -0.009372
v -0.009934 -0.000000 -0.015895
v -0.009677 0.007363 -0.016751
v -0.008918 0.014299 -0.019270
v 0.012936 0.010523 -0.010949
v 0.012717 0.007316 -0.010221
v -0.007704 0.020404 -0.023305
v 0.013860 0.016908 -0.014020
v 0.013469 0.014208 -0.012721
v -0.006104 0.025323 -0.028622
v 0.015184 0.022381 -0.018417
v 0.014675 0.020277 -0.016727
v -0.004211 0.028770 -0.034911
v 0.016835 0.026647 -0.023905
v 0.016264 0.025172 -0.022007
v -0.002135 0.030545 -0.041808
v 0.018726 0.029477 -0.030186
v 0.018145 0.028607 -0.028256
v 0.000003 0.030545 -0.048911
v 0.020754 0.030717 -0.036923
v 0.020209 0.030384 -0.035112
v 0.002079 0.028770 -0.055807
v 0.022809 0.030302 -0.043753
v 0.022336 0.030398 -0.042180
v 0.003972 0.025323 -0.062097
v 0.024782 0.028253 -0.050307
v 0.024403 0.028646 -0.049049
v 0.005572 0.020404 -0.067414
v 0.026565 0.024681 -0.056232
v 0.026292 0.025229 -0.055322
v 0.006787 0.014299 -0.071449
v 0.028063 0.019778 -0.061208
v 0.027891 0.020342 -0.060635
v 0.007545 0.007363 -0.073967
v 0.029194 0.013809 -0.064967
v 0.029108 0.014267 -0.064679
v 0.007803 -0.000000 -0.074824
v 0.029899 0.007096 -0.067307
v 0.029872 0.007353 -0.067217
v 0.007545 -0.007364 -0.073967
v 0.029899 -0.007097 -0.067307
v 0.030138 -0.000000 -0.068101
v 0.006787 -0.014300 -0.071449
v 0.029194 -0.013810 -0.064967
v 0.029872 -0.007354 -0.067217
v 0.005572 -0.020405 -0.067414
v 0.028063 -0.019779 -0.061208
v 0.029108 -0.014268 -0.064679
v 0.003972 -0.025324 -0.062097
v 0.026565 -0.024682 -0.056232
v 0.027891 -0.020343 -0.060635
v 0.002079 -0.028771 -0.055807
v 0.024782 -0.028254 -0.050307
v 0.026292 -0.025230 -0.055322
v 0.000003 -0.030546 -0.048911
v 0.022809 -0.030303 -0.043753
v 0.024403 -0.028647 -0.049049
v -0.002135 -0.030546 -0.041808
v 0.020754 -0.030718 -0.036923
v 0.022336 -0.030399 -0.042180
v -0.004211 -0.028771 -0.034911
v 0.018726 -0.029478 -0.030186
v 0.020209 -0.030385 -0.035112
v -0.006104 -0.025324 -0.028622
v 0.016835 -0.026648 -0.023905
v 0.018145 -0.028608 -0.028256
v -0.007704 -0.020405 -0.023305
v 0.015184 -0.022382 -0.018417
v 0.016264 -0.025173 -0.022007
v -0.008918 -0.014300 -0.019270
v 0.013860 -0.016909 -0.014020
v 0.014675 -0.020278 -0.016727
v -0.009677 -0.007364 -0.016751
v 0.012936 -0.010524 -0.010949
v 0.013469 -0.014209 -0.012721
v 0.012461 -0.000000 -0.009372
v 0.012461 -0.003573 -0.009372
v 0.012717 -0.007317 -0.010221
v -0.003685 -0.030350 -0.036659
v -0.005631 -0.027436 -0.030191
v -0.007332 -0.023044 -0.024542
v -0.008694 -0.017409 -0.020014
v -0.009646 -0.010836 -0.016853
v -0.010135 -0.003678 -0.015229
v -0.010197 -0.000000 -0.015024
v -0.010135 0.003677 -0.015229
v -0.009646 0.010835 -0.016853
v -0.008694 0.017408 -0.020014
v -0.007332 0.023043 -0.024542
v -0.005631 0.027435 -0.030191
v -0.003685 0.030349 -0.036659
v -0.001597 0.031626 -0.043595
v 0.000520 0.031198 -0.050627
v 0.002551 0.029089 -0.057375
v 0.004387 0.025411 -0.063474
v 0.005929 0.020363 -0.068598
v 0.007094 0.014217 -0.072468
v 0.007819 0.007305 -0.074877
v 0.008065 -0.000000 -0.075695
v 0.007819 -0.007306 -0.074877
v 0.007094 -0.014218 -0.072468
v 0.005929 -0.020364 -0.068598
v 0.004387 -0.025412 -0.063474
v 0.002551 -0.029090 -0.057375
v 0.000520 -0.031199 -0.050627
v -0.001597 -0.031627 -0.043595
v -0.007790 -0.003794 -0.013486
v -0.007538 -0.007486 -0.014324
v -0.007286 -0.011178 -0.015161
v -0.006795 -0.014568 -0.016792
v -0.006304 -0.017958 -0.018422
v -0.005601 -0.020865 -0.020757
v -0.004899 -0.023771 -0.023093
v -0.004022 -0.026037 -0.026007
v -0.003144 -0.028302 -0.028921
v -0.002140 -0.029805 -0.032257
v -0.001136 -0.031308 -0.035592
v -0.000059 -0.031966 -0.039170
v 0.001017 -0.032625 -0.042748
v 0.002109 -0.032405 -0.046375
v 0.003201 -0.032184 -0.050001
v 0.004248 -0.031096 -0.053482
v 0.005296 -0.030008 -0.056962
v 0.006243 -0.028111 -0.060108
v 0.007190 -0.026214 -0.063254
v 0.007985 -0.023610 -0.065897
v 0.008780 -0.021007 -0.068539
v 0.009381 -0.017837 -0.070536
v 0.009982 -0.014667 -0.072532
v 0.010356 -0.011102 -0.073775
v 0.010730 -0.007537 -0.075017
v 0.010857 -0.003769 -0.075439
v 0.010984 -0.000000 -0.075861
v 0.010857 0.003768 -0.075439
v 0.010730 0.007536 -0.075017
v 0.010356 0.011101 -0.073775
v 0.009982 0.014666 -0.072532
v 0.009381 0.017836 -0.070536
v 0.008780 0.021006 -0.068539
v 0.007985 0.023609 -0.065897
v 0.007190 0.026213 -0.063254
v 0.006243 0.028110 -0.060108
v 0.005296 0.030007 -0.056962
v 0.004248 0.031095 -0.053482
v 0.003201 0.032183 -0.050001
v 0.002109 0.032404 -0.046375
v 0.001017 0.032624 -0.042748
v -0.000059 0.031965 -0.039170
v -0.001136 0.031307 -0.035592
v -0.002140 0.029804 -0.032257
v -0.003144 0.028301 -0.028921
v -0.004022 0.026036 -0.026007
v -0.004899 0.023770 -0.023093
v -0.005601 0.020864 -0.020757
v -0.006304 0.017957 -0.018422
v -0.006795 0.014567 -0.016792
v -0.007286 0.011177 -0.015161
v -0.007538 0.007485 -0.014324
v -0.007790 0.003793 -0.013486
v -0.007854 -0.000000 -0.013274
v 0.004522 0.027348 -0.020901
v 0.010808 0.034980 -0.041785
v 0.015182 0.031515 -0.056319
v 0.002926 -0.021810 -0.015597
v 0.001725 -0.015178 -0.011607
v 0.004522 -0.027349 -0.020901
v 0.006434 -0.031516 -0.027252
v 0.008565 -0.034103 -0.034332
v 0.010808 -0.034980 -0.041785
v 0.013051 -0.034103 -0.049239
v 0.015182 -0.031516 -0.056319
v 0.017094 -0.027349 -0.062670
v 0.018690 -0.021810 -0.067973
v 0.019891 -0.015178 -0.071964
v 0.020637 -0.007784 -0.074441
v 0.020890 -0.000000 -0.075281
v 0.020637 0.007783 -0.074441
v 0.019891 0.015177 -0.071964
v 0.018690 0.021809 -0.067973
v 0.017094 0.027348 -0.062670
v 0.013051 0.034102 -0.049239
v 0.008565 0.034102 -0.034332
v 0.006434 0.031515 -0.027252
v 0.002926 0.021809 -0.015597
v 0.001725 0.015177 -0.011607
v 0.000979 0.007783 -0.009130
v 0.000726 -0.000000 -0.008290
v 0.000979 -0.007784 -0.009130
v 0.013587 -0.033519 -0.048938
v 0.015682 -0.030976 -0.055896
v 0.016171 -0.028779 -0.057522
v 0.017561 -0.026880 -0.062138
v 0.017955 -0.024171 -0.063449
v 0.019130 -0.021436 -0.067351
v 0.019384 -0.018261 -0.068198
v 0.020310 -0.014917 -0.071273
v 0.020382 -0.011366 -0.071513
v 0.021043 -0.007651 -0.073708
v 0.020895 -0.003858 -0.073217
v 0.021291 -0.000000 -0.074534
v 0.020895 0.003857 -0.073217
v 0.021043 0.007650 -0.073708
v 0.020382 0.011365 -0.071513
v 0.020310 0.014916 -0.071273
v 0.019384 0.018260 -0.068198
v 0.019130 0.021435 -0.067351
v 0.017955 0.024170 -0.063449
v 0.017561 0.026879 -0.062138
v 0.016171 0.028778 -0.057522
v 0.015682 0.030975 -0.055896
v 0.014129 0.031833 -0.050739
v 0.013587 0.033518 -0.048938
v 0.011939 0.033173 -0.043463
v 0.011382 0.034380 -0.041612
v 0.009719 0.032725 -0.036087
v 0.009178 0.033518 -0.034287
v 0.007589 0.030512 -0.029009
v 0.007083 0.030975 -0.027329
v 0.005663 0.026654 -0.022611
v 0.005204 0.026879 -0.021087
v 0.004046 0.021359 -0.017237
v 0.003635 0.021435 -0.015874
v 0.002824 0.014913 -0.013177
v 0.002455 0.014916 -0.011952
v 0.002063 0.007663 -0.010650
v 0.001722 0.007650 -0.009517
v 0.001805 -0.000000 -0.009793
v 0.001474 -0.000000 -0.008691
v 0.002063 -0.007664 -0.010650
v 0.001722 -0.007651 -0.009517
v 0.002824 -0.014914 -0.013177
v 0.002455 -0.014917 -0.011952
v 0.004046 -0.021360 -0.017237
v 0.003635 -0.021436 -0.015874
v 0.005663 -0.026655 -0.022611
v 0.005204 -0.026880 -0.021087
v 0.007589 -0.030513 -0.029009
v 0.007083 -0.030976 -0.027329
v 0.009719 -0.032726 -0.036087
v 0.009178 -0.033519 -0.034287
v 0.011939 -0.033174 -0.043463
v 0.011382 -0.034380 -0.041612
v 0.014129 -0.031834 -0.050739
v -0.032751 0.007536 0.040659
v -0.020988 -0.026214 0.044199
v 0.013345 -0.028302 0.054533
v -0.032751 -0.007537 0.040659
v -0.007735 -0.032184 0.048188
v -0.014696 -0.030008 0.046093
v 0.027105 0.011177 0.058674
v -0.033595 -0.000000 0.040405
v -0.000482 -0.032625 0.050371
v 0.006674 -0.031308 0.052525
v -0.026273 -0.021007 0.042608
v 0.019173 -0.023771 0.056287
v 0.023844 -0.017958 0.057693
v 0.027105 -0.011178 0.058674
v 0.028780 0.003793 0.059179
v 0.013345 0.028301 0.054533
v 0.019173 0.023770 0.056287
v -0.000482 0.032624 0.050371
v -0.030266 -0.014667 0.041407
v 0.028780 -0.003794 0.059179
v 0.023844 0.017957 0.057693
v 0.006674 0.031307 0.052525
v -0.007735 0.032183 0.048188
v -0.020988 0.026213 0.044199
v -0.030266 0.014666 0.041407
v -0.026273 0.021006 0.042608
v -0.014696 0.030007 0.046093
v -0.035130 -0.000000 0.043598
v -0.036701 0.007663 0.051923
v -0.034272 0.007663 0.043856
v -0.034174 0.014913 0.052684
v -0.031746 0.014913 0.044616
v -0.030114 0.021359 0.053906
v -0.027686 0.021359 0.045838
v -0.024740 0.026654 0.055523
v -0.022312 0.026654 0.047456
v -0.018342 0.030512 0.057449
v -0.015913 0.030512 0.049382
v -0.011264 0.032725 0.059580
v -0.008836 0.032725 0.051512
v -0.003888 0.033173 0.061800
v -0.001460 0.033173 0.053732
v 0.003388 0.031833 0.063989
v 0.005816 0.031833 0.055922
v 0.010172 0.028778 0.066031
v 0.012600 0.028778 0.057964
v 0.016098 0.024170 0.067815
v 0.018526 0.024170 0.059747
v 0.020847 0.018260 0.069244
v 0.023275 0.018260 0.061177
v 0.024163 0.011365 0.070242
v 0.026591 0.011365 0.062175
v 0.025866 0.003857 0.070755
v 0.028295 0.003857 0.062688
v 0.025866 -0.003858 0.070755
v 0.028295 -0.003858 0.062688
v 0.024163 -0.011366 0.070242
v 0.026591 -0.011366 0.062175
v 0.020847 -0.018261 0.069244
v 0.023275 -0.018261 0.061177
v 0.016098 -0.024171 0.067815
v 0.018526 -0.024171 0.059747
v 0.010172 -0.028779 0.066031
v 0.012600 -0.028779 0.057964
v 0.003388 -0.031834 0.063989
v 0.005816 -0.031834 0.055922
v -0.003888 -0.033174 0.061800
v -0.001460 -0.033174 0.053732
v -0.011264 -0.032726 0.059580
v -0.008836 -0.032726 0.051512
v -0.018342 -0.030513 0.057449
v -0.015913 -0.030513 0.049382
v -0.024740 -0.026655 0.055523
v -0.022312 -0.026655 0.047456
v -0.030114 -0.021360 0.053906
v -0.027686 -0.021360 0.045838
v -0.034174 -0.014914 0.052684
v -0.031746 -0.014914 0.044616
v -0.036701 -0.007664 0.051923
v -0.034272 -0.007664 0.043856
v -0.037558 -0.000000 0.051665
v 0.006159 0.028804 0.064824
v 0.012200 0.025162 0.066642
v 0.017273 0.020164 0.068169
v 0.021105 0.014078 0.069322
v 0.023491 0.007234 0.070040
v 0.024300 -0.000000 0.070284
v 0.023491 -0.007235 0.070040
v 0.021105 -0.014079 0.069322
v 0.017273 -0.020165 0.068169
v 0.012200 -0.025163 0.066642
v 0.006159 -0.028805 0.064824
v -0.000522 -0.030894 0.062813
v -0.007485 -0.031317 0.060717
v -0.014354 -0.030053 0.058650
v -0.020758 -0.027168 0.056722
v -0.026352 -0.022818 0.055038
v -0.030835 -0.017239 0.053689
v -0.033966 -0.010730 0.052747
v -0.035574 -0.003642 0.052262
v -0.035574 0.003641 0.052262
v -0.033966 0.010729 0.052747
v -0.030835 0.017238 0.053689
v -0.026352 0.022817 0.055038
v -0.020758 0.027167 0.056722
v -0.014354 0.030052 0.058650
v -0.007485 0.031316 0.060717
v -0.000522 0.030893 0.062813
v -0.034831 0.003572 0.051860
v -0.028307 -0.000000 0.029464
v -0.027451 0.007363 0.029722
v -0.024932 0.014299 0.030480
v -0.033253 0.010523 0.052335
v -0.033981 0.007316 0.052115
v -0.020897 0.020404 0.031695
v -0.030183 0.016908 0.053259
v -0.031481 0.014208 0.052868
v -0.015580 0.025323 0.033295
v -0.025785 0.022381 0.054582
v -0.027475 0.020277 0.054074
v -0.009291 0.028770 0.035188
v -0.020298 0.026647 0.056234
v -0.022195 0.025172 0.055663
v -0.002394 0.030545 0.037264
v -0.014016 0.029477 0.058125
v -0.015946 0.028607 0.057544
v 0.004709 0.030545 0.039402
v -0.007279 0.030717 0.060152
v -0.009090 0.030384 0.059607
v 0.011605 0.028770 0.041478
v -0.000449 0.030302 0.062208
v -0.002022 0.030398 0.061735
v 0.017895 0.025323 0.043371
v 0.006105 0.028253 0.064181
v 0.004847 0.028646 0.063802
v 0.023211 0.020404 0.044971
v 0.012029 0.024681 0.065964
v 0.011120 0.025229 0.065690
v 0.027246 0.014299 0.046185
v 0.017005 0.019778 0.067462
v 0.016433 0.020342 0.067289
v 0.029765 0.007363 0.046944
v 0.020765 0.013809 0.068593
v 0.020477 0.014267 0.068506
v 0.030621 -0.000000 0.047201
v 0.023105 0.007096 0.069297
v 0.023015 0.007353 0.069270
v 0.029765 -0.007364 0.046944
v 0.023105 -0.007097 0.069297
v 0.023899 -0.000000 0.069536
v 0.027246 -0.014300 0.046185
v 0.020765 -0.013810 0.068593
v 0.023015 -0.007354 0.069270
v 0.023211 -0.020405 0.044971
v 0.017005 -0.019779 0.067462
v 0.020477 -0.014268 0.068506
v 0.017895 -0.025324 0.043371
v 0.012029 -0.024682 0.065964
v 0.016433 -0.020343 0.067289
v 0.011605 -0.028771 0.041478
v 0.006105 -0.028254 0.064181
v 0.011120 -0.025230 0.065690
v 0.004709 -0.030546 0.039402
v -0.000449 -0.030303 0.062208
v 0.004847 -0.028647 0.063802
v -0.002394 -0.030546 0.037264
v -0.007279 -0.030718 0.060152
v -0.002022 -0.030399 0.061735
v -0.009291 -0.028771 0.035188
v -0.014016 -0.029478 0.058125
v -0.009090 -0.030385 0.059607
v -0.015580 -0.025324 0.033295
v -0.020298 -0.026648 0.056234
v -0.015946 -0.028608 0.057544
v -0.020897 -0.020405 0.031695
v -0.025785 -0.022382 0.054582
v -0.022195 -0.025173 0.055663
v -0.024932 -0.014300 0.030480
v -0.030183 -0.016909 0.053259
v -0.027475 -0.020278 0.054074
v -0.027451 -0.007364 0.029722
v -0.033253 -0.010524 0.052335
v -0.031481 -0.014209 0.052868
v -0.034831 -0.000000 0.051860
v -0.034831 -0.003573 0.051860
v -0.033981 -0.007317 0.052115
v -0.007543 -0.030350 0.035714
v -0.014011 -0.027436 0.033768
v -0.019660 -0.023044 0.032067
v -0.024188 -0.017409 0.030704
v -0.027349 -0.010836 0.029753
v -0.028973 -0.003678 0.029264
v -0.029179 -0.000000 0.029202
v -0.028973 0.003677 0.029264
v -0.027349 0.010835 0.029753
v -0.024188 0.017408 0.030704
v -0.019660 0.023043 0.032067
v -0.014011 0.027435 0.033768
v -0.007543 0.030349 0.035714
v -0.000607 0.031626 0.037802
v 0.006425 0.031198 0.039918
v 0.013172 0.029089 0.041949
v 0.019272 0.025411 0.043785
v 0.024396 0.020363 0.045327
v 0.028266 0.014217 0.046492
v 0.030675 0.007305 0.047217
v 0.031493 -0.000000 0.047463
v 0.030675 -0.007306 0.047217
v 0.028266 -0.014218 0.046492
v 0.024396 -0.020364 0.045327
v 0.019272 -0.025412 0.043785
v 0.013172 -0.029090 0.041949
v 0.006425 -0.031199 0.039918
v -0.000607 -0.031627 0.037802
v -0.030716 -0.003794 0.031609
v -0.029879 -0.007486 0.031861
v -0.029041 -0.011178 0.032113
v -0.027410 -0.014568 0.032604
v -0.025780 -0.017958 0.033094
v -0.023445 -0.020865 0.033797
v -0.021109 -0.023771 0.034500
v -0.018195 -0.026037 0.035377
v -0.015281 -0.028302 0.036254
v -0.011946 -0.029805 0.037258
v -0.008610 -0.031308 0.038262
v -0.005032 -0.031966 0.039339
v -0.001454 -0.032625 0.040416
v 0.002173 -0.032405 0.041508
v 0.005799 -0.032184 0.042599
v 0.009280 -0.031096 0.043647
v 0.012760 -0.030008 0.044694
v 0.015906 -0.028111 0.045641
v 0.019052 -0.026214 0.046588
v 0.021695 -0.023610 0.047384
v 0.024337 -0.021007 0.048179
v 0.026334 -0.017837 0.048780
v 0.028330 -0.014667 0.049381
v 0.029572 -0.011102 0.049755
v 0.030815 -0.007537 0.050129
v 0.031237 -0.003769 0.050256
v 0.031659 -0.000000 0.050383
v 0.031237 0.003768 0.050256
v 0.030815 0.007536 0.050129
v 0.029572 0.011101 0.049755
v 0.028330 0.014666 0.049381
v 0.026334 0.017836 0.048780
v 0.024337 0.021006 0.048179
v 0.021695 0.023609 0.047384
v 0.019052 0.026213 0.046588
v 0.015906 0.028110 0.045641
v 0.012760 0.030007 0.044694
v 0.009280 0.031095 0.043647
v 0.005799 0.032183 0.042599
v 0.002173 0.032404 0.041508
v -0.001454 0.032624 0.040416
v -0.005032 0.031965 0.039339
v -0.008610 0.031307 0.038262
v -0.011946 0.029804 0.037258
v -0.015281 0.028301 0.036254
v -0.018195 0.026036 0.035377
v -0.021109 0.023770 0.034500
v -0.023445 0.020864 0.033797
v -0.025780 0.017957 0.033094
v -0.027410 0.014567 0.032604
v -0.029041 0.011177 0.032113
v -0.029879 0.007485 0.031861
v -0.030716 0.003793 0.031609
v -0.030928 -0.000000 0.031545
v -0.035073 -0.007784 0.040378
v -0.035912 -0.000000 0.040125
v -0.028605 -0.021810 0.042324
v -0.032595 -0.015178 0.041123
v -0.023301 -0.027349 0.043921
v -0.016950 -0.031516 0.045832
v -0.009870 -0.034103 0.047963
v -0.002417 -0.034980 0.050207
v 0.005037 -0.034103 0.052450
v 0.012116 -0.031516 0.054581
v 0.023771 -0.021810 0.058089
v 0.018467 -0.027349 0.056493
v 0.027762 -0.015178 0.059290
v 0.030239 -0.007784 0.060036
v 0.030239 0.007783 0.060036
v 0.031079 -0.000000 0.060288
v 0.027762 0.015177 0.059290
v 0.023771 0.021809 0.058089
v 0.018467 0.027348 0.056493
v 0.012116 0.031515 0.054581
v 0.005037 0.034102 0.052450
v -0.002417 0.034980 0.050207
v -0.009870 0.034102 0.047963
v -0.016950 0.031515 0.045832
v -0.023301 0.027348 0.043921
v -0.028605 0.021809 0.042324
v -0.032595 0.015177 0.041123
v -0.035073 0.007783 0.040378
v -0.034685 0.007650 0.041121
v -0.032251 0.014916 0.041854
v -0.028328 0.021435 0.043034
v -0.023116 0.026879 0.044603
v -0.016874 0.030975 0.046482
v -0.009915 0.033518 0.048576
v -0.002590 0.034380 0.050781
v 0.004736 0.033518 0.052986
v 0.011694 0.030975 0.055080
v 0.017936 0.026879 0.056959
v 0.023149 0.021435 0.058528
v 0.027071 0.014916 0.059709
v 0.029506 0.007650 0.060442
v 0.030331 -0.000000 0.060690
v 0.029506 -0.007651 0.060442
v 0.027071 -0.014917 0.059709
v 0.023149 -0.021436 0.058528
v 0.017936 -0.026880 0.056959
v 0.011694 -0.030976 0.055080
v 0.004736 -0.033519 0.052986
v -0.002590 -0.034380 0.050781
v -0.009915 -0.033519 0.048576
v -0.016874 -0.030976 0.046482
v -0.023116 -0.026880 0.044603
v -0.028328 -0.021436 0.043034
v -0.032251 -0.014917 0.041854
v -0.034685 -0.007651 0.041121
v -0.035511 -0.000000 0.040872
v -0.010448 0.032660 0.051027
v -0.010699 0.033147 0.051473
v -0.017229 0.030182 0.048986
v -0.017580 0.030632 0.049402
v -0.023311 0.026191 0.047155
v -0.023753 0.026582 0.047544
v -0.028390 0.020886 0.045626
v -0.028909 0.021198 0.045992
v -0.032212 0.014535 0.044476
v -0.032787 0.014752 0.044825
v -0.034584 0.007454 0.043762
v -0.035195 0.007565 0.044100
v -0.035389 -0.000000 0.043520
v -0.036012 -0.000000 0.043855
v -0.034584 -0.007455 0.043762
v -0.035195 -0.007566 0.044100
v -0.032212 -0.014536 0.044476
v -0.032787 -0.014753 0.044825
v -0.028390 -0.020887 0.045626
v -0.028909 -0.021199 0.045992
v -0.023311 -0.026192 0.047155
v -0.023753 -0.026583 0.047544
v -0.017229 -0.030183 0.048986
v -0.017580 -0.030633 0.049402
v -0.010448 -0.032661 0.051027
v -0.010699 -0.033148 0.051473
v -0.003310 -0.033500 0.053175
v -0.003454 -0.034000 0.053654
v 0.003828 -0.032661 0.055324
v 0.003790 -0.033148 0.055834
v 0.010608 -0.030183 0.057364
v 0.010672 -0.030633 0.057906
v 0.016690 -0.026192 0.059195
v 0.016845 -0.026583 0.059764
v 0.021770 -0.020887 0.060724
v 0.022000 -0.021199 0.061315
v 0.025591 -0.014536 0.061874
v 0.025879 -0.014753 0.062483
v 0.027964 -0.007455 0.062588
v 0.028287 -0.007566 0.063207
v 0.028768 -0.000000 0.062830
v 0.029103 -0.000000 0.063453
v 0.027964 0.007454 0.062588
v 0.028287 0.007565 0.063207
v 0.025591 0.014535 0.061874
v 0.025879 0.014752 0.062483
v 0.021770 0.020886 0.060724
v 0.022000 0.021198 0.061315
v 0.016690 0.026191 0.059195
v 0.016845 0.026582 0.059764
v 0.010608 0.030182 0.057364
v 0.010672 0.030632 0.057906
v 0.003828 0.032660 0.055324
v 0.003790 0.033147 0.055834
v -0.003310 0.033500 0.053175
v -0.003454 0.034000 0.053654
v -0.009881 -0.035000 0.075008
v -0.017384 -0.033538 0.073376
v -0.017339 -0.034123 0.072763
v -0.024347 -0.030994 0.071280
v -0.024423 -0.031534 0.070631
v -0.030592 -0.026895 0.069400
v -0.030778 -0.027365 0.068718
v -0.035808 -0.021449 0.067831
v -0.036084 -0.021823 0.067121
v -0.039733 -0.014926 0.066649
v -0.040077 -0.015186 0.065919
v -0.042169 -0.007655 0.065916
v -0.042556 -0.007789 0.065173
v -0.042995 -0.000000 0.065668
v -0.043396 -0.000000 0.064920
v -0.042169 0.007654 0.065916
v -0.042556 0.007788 0.065173
v -0.039733 0.014925 0.066649
v -0.040077 0.015185 0.065919
v -0.035808 0.021448 0.067831
v -0.036084 0.021822 0.067121
v -0.030592 0.026895 0.069400
v -0.030778 0.027364 0.068718
v -0.024347 0.030993 0.071280
v -0.024423 0.031533 0.070631
v -0.017384 0.033537 0.073376
v -0.017339 0.034122 0.072763
v -0.010054 0.034400 0.075582
v -0.009881 0.035000 0.075008
v -0.002725 0.033537 0.077788
v -0.002424 0.034122 0.077252
v 0.004238 0.030993 0.079884
v 0.004660 0.031533 0.079384
v 0.010483 0.026895 0.081764
v 0.011015 0.027364 0.081297
v 0.015699 0.021448 0.083334
v 0.016321 0.021822 0.082894
v 0.019624 0.014925 0.084515
v 0.020314 0.015185 0.084096
v 0.022060 0.007654 0.085248
v 0.022793 0.007788 0.084842
v 0.022886 -0.000000 0.085497
v 0.023633 -0.000000 0.085095
v 0.022060 -0.007655 0.085248
v 0.022793 -0.007789 0.084842
v 0.019624 -0.014926 0.084515
v 0.020314 -0.015186 0.084096
v 0.015699 -0.021449 0.083334
v 0.016321 -0.021823 0.082894
v 0.010483 -0.026895 0.081764
v 0.011015 -0.027365 0.081297
v 0.004238 -0.030994 0.079884
v 0.004660 -0.031534 0.079384
v -0.002725 -0.033538 0.077788
v -0.002424 -0.034123 0.077252
v -0.010054 -0.034400 0.075582
v -0.002763 0.035000 0.051356
v -0.009920 0.033537 0.048575
v -0.010220 0.034122 0.049111
v -0.016882 0.030993 0.046479
v -0.017304 0.031533 0.046979
v -0.023128 0.026895 0.044600
v -0.023659 0.027364 0.045066
v -0.028343 0.021448 0.043030
v -0.028966 0.021822 0.043469
v -0.032268 0.014925 0.041848
v -0.032958 0.015185 0.042267
v -0.034704 0.007654 0.041115
v -0.035437 0.007788 0.041521
v -0.035530 -0.000000 0.040867
v -0.036277 -0.000000 0.041268
v -0.034704 -0.007655 0.041115
v -0.035437 -0.007789 0.041521
v -0.032268 -0.014926 0.041848
v -0.032958 -0.015186 0.042267
v -0.028343 -0.021449 0.043030
v -0.028966 -0.021823 0.043469
v -0.023128 -0.026895 0.044600
v -0.023659 -0.027365 0.045066
v -0.016882 -0.030994 0.046479
v -0.017304 -0.031534 0.046979
v -0.009920 -0.033538 0.048575
v -0.010220 -0.034123 0.049111
v -0.002590 -0.034400 0.050781
v -0.002763 -0.035000 0.051356
v 0.004740 -0.033538 0.052987
v 0.004695 -0.034123 0.053600
v 0.011703 -0.030994 0.055083
v 0.011779 -0.031534 0.055733
v 0.017948 -0.026895 0.056963
v 0.018134 -0.027365 0.057645
v 0.023164 -0.021449 0.058533
v 0.023440 -0.021823 0.059242
v 0.027088 -0.014926 0.059714
v 0.027433 -0.015186 0.060444
v 0.029525 -0.007655 0.060447
v 0.029912 -0.007789 0.061190
v 0.030351 -0.000000 0.060696
v 0.030752 -0.000000 0.061443
v 0.029525 0.007654 0.060447
v 0.029912 0.007788 0.061190
v 0.027088 0.014925 0.059714
v 0.027433 0.015185 0.060444
v 0.023164 0.021448 0.058533
v 0.023440 0.021822 0.059242
v 0.017948 0.026895 0.056963
v 0.018134 0.027364 0.057645
v 0.011703 0.030993 0.055083
v 0.011779 0.031533 0.055733
v 0.004740 0.033537 0.052987
v 0.004695 0.034122 0.053600
v -0.002590 0.034400 0.050781
v 0.015400 0.021198 0.083244
v 0.010245 0.026582 0.081692
v 0.004072 0.030632 0.079834
v -0.002810 0.033147 0.077763
v -0.010054 0.034000 0.075582
v -0.017299 0.033147 0.073402
v -0.024180 0.030632 0.071330
v -0.030354 0.026582 0.069472
v -0.035509 0.021198 0.067921
v -0.039387 0.014752 0.066753
v -0.041795 0.007565 0.066029
v -0.042612 -0.000000 0.065783
v -0.041795 -0.007566 0.066029
v -0.039387 -0.014753 0.066753
v -0.035509 -0.021199 0.067921
v -0.030354 -0.026583 0.069472
v -0.024180 -0.030633 0.071330
v -0.017299 -0.033148 0.073402
v -0.010054 -0.034000 0.075582
v -0.002810 -0.033148 0.077763
v 0.004072 -0.030633 0.079834
v 0.010245 -0.026583 0.081692
v 0.015400 -0.021199 0.083244
v 0.019279 -0.014753 0.084411
v 0.021687 -0.007566 0.085136
v 0.022503 -0.000000 0.085381
v 0.021687 0.007565 0.085136
v 0.019279 0.014752 0.084411
v -0.008608 0.032744 0.050745
v -0.009955 0.032134 0.048825
v -0.006776 0.033025 0.051297
v -0.006358 0.033025 0.049908
v -0.010422 0.032353 0.050199
v -0.012211 0.031853 0.049661
v -0.013551 0.031244 0.047743
v -0.013969 0.031244 0.049131
v -0.016854 0.029512 0.046749
v -0.015690 0.030530 0.048613
v -0.022093 0.026670 0.046686
v -0.022989 0.025298 0.044902
v -0.020575 0.027779 0.047143
v -0.020158 0.027779 0.045755
v -0.018999 0.028795 0.047617
v -0.017369 0.029713 0.048108
v -0.023545 0.025470 0.046249
v -0.024929 0.024185 0.045833
v -0.025821 0.022817 0.044050
v -0.026239 0.022817 0.045439
v -0.028028 0.019721 0.043386
v -0.027470 0.021372 0.045068
v -0.028618 0.019855 0.044722
v -0.029681 0.018271 0.044402
v -0.030235 0.016625 0.042721
v -0.030653 0.016625 0.044110
v -0.031699 0.013080 0.042281
v -0.031532 0.014922 0.043845
v -0.032315 0.013169 0.043610
v -0.032999 0.011372 0.043404
v -0.033163 0.009536 0.041840
v -0.033581 0.009536 0.043228
v -0.033805 0.005734 0.041647
v -0.034060 0.007667 0.043084
v -0.034435 0.005773 0.042971
v -0.034447 0.001933 0.041454
v -0.034865 0.001933 0.042842
v -0.034232 -0.001921 0.041518
v -0.034919 -0.000000 0.042826
v -0.034865 -0.001934 0.042842
v -0.034703 -0.003861 0.042891
v -0.034017 -0.005774 0.041583
v -0.034435 -0.005774 0.042971
v -0.032957 -0.009472 0.041902
v -0.034060 -0.007668 0.043084
v -0.033581 -0.009537 0.043228
v -0.032999 -0.011373 0.043404
v -0.031897 -0.013170 0.042221
v -0.032315 -0.013170 0.043610
v -0.030049 -0.016513 0.042777
v -0.031532 -0.014923 0.043845
v -0.030653 -0.016625 0.044110
v -0.029681 -0.018272 0.044402
v -0.028201 -0.019856 0.043334
v -0.028618 -0.019856 0.044722
v -0.025664 -0.022664 0.044097
v -0.027470 -0.021373 0.045068
v -0.026239 -0.022818 0.045439
v -0.024929 -0.024186 0.045833
v -0.023127 -0.025471 0.044861
v -0.023545 -0.025471 0.046249
v -0.020039 -0.027593 0.045790
v -0.022093 -0.026671 0.046686
v -0.020575 -0.027780 0.047143
v -0.018999 -0.028796 0.047617
v -0.016951 -0.029714 0.046720
v -0.017369 -0.029714 0.048108
v -0.013478 -0.031034 0.047765
v -0.015690 -0.030531 0.048613
v -0.013969 -0.031245 0.049131
v -0.012211 -0.031854 0.049661
v -0.010004 -0.032354 0.048811
v -0.010422 -0.032354 0.050199
v -0.006333 -0.032802 0.049916
v -0.008608 -0.032745 0.050745
v -0.001228 -0.033194 0.052966
v 0.001010 -0.032802 0.052126
v -0.003080 -0.033250 0.052409
v -0.002662 -0.033250 0.051021
v -0.004931 -0.033194 0.051852
v -0.006776 -0.033026 0.051297
v 0.006052 -0.031854 0.055158
v 0.008154 -0.031034 0.054276
v 0.004263 -0.032354 0.054619
v 0.004681 -0.032354 0.053231
v 0.002449 -0.032745 0.054073
v 0.000617 -0.033026 0.053522
v 0.007810 -0.031245 0.055687
v 0.009531 -0.030531 0.056205
v 0.011628 -0.029714 0.055321
v 0.011210 -0.029714 0.056710
v 0.014716 -0.027593 0.056251
v 0.012840 -0.028796 0.057201
v 0.014416 -0.027780 0.057675
v 0.015933 -0.026671 0.058132
v 0.017804 -0.025471 0.057181
v 0.017386 -0.025471 0.058569
v 0.020341 -0.022664 0.057944
v 0.018770 -0.024186 0.058985
v 0.020079 -0.022818 0.059380
v 0.021311 -0.021373 0.059750
v 0.022877 -0.019856 0.058707
v 0.022459 -0.019856 0.060096
v 0.024725 -0.016513 0.059264
v 0.023522 -0.018272 0.060416
v 0.024494 -0.016625 0.060708
v 0.025373 -0.014923 0.060973
v 0.026573 -0.013170 0.059820
v 0.026156 -0.013170 0.061208
v 0.027634 -0.009472 0.060139
v 0.026839 -0.011373 0.061414
v 0.027422 -0.009537 0.061590
v 0.027901 -0.007668 0.061734
v 0.028694 -0.005774 0.060458
v 0.028276 -0.005774 0.061847
v 0.028909 -0.001921 0.060523
v 0.028544 -0.003861 0.061927
v 0.028706 -0.001934 0.061976
v 0.028759 -0.000000 0.061992
v 0.029123 0.001933 0.060588
v 0.028706 0.001933 0.061976
v 0.028482 0.005734 0.060394
v 0.028544 0.003860 0.061927
v 0.028276 0.005773 0.061847
v 0.027901 0.007667 0.061734
v 0.027840 0.009536 0.060201
v 0.027422 0.009536 0.061590
v 0.026376 0.013080 0.059760
v 0.026839 0.011372 0.061414
v 0.026156 0.013169 0.061208
v 0.025373 0.014922 0.060973
v 0.024912 0.016625 0.059320
v 0.024494 0.016625 0.060708
v 0.022704 0.019721 0.058655
v 0.023522 0.018271 0.060416
v 0.018770 0.024185 0.058985
v 0.017666 0.025298 0.057139
v 0.020079 0.022817 0.059380
v 0.020497 0.022817 0.057991
v 0.021311 0.021372 0.059750
v 0.022459 0.019855 0.060096
v 0.017386 0.025470 0.058569
v 0.015933 0.026670 0.058132
v 0.014834 0.027779 0.056287
v 0.014416 0.027779 0.057675
v 0.011531 0.029512 0.055292
v 0.012840 0.028795 0.057201
v 0.011210 0.029713 0.056710
v 0.009531 0.030530 0.056205
v 0.008228 0.031244 0.054298
v 0.007810 0.031244 0.055687
v 0.004631 0.032134 0.053216
v 0.006052 0.031853 0.055158
v 0.004263 0.032353 0.054619
v 0.002449 0.032744 0.054073
v 0.001035 0.033025 0.052133
v 0.000617 0.033025 0.053522
v -0.001228 0.033193 0.052966
v -0.002662 0.033250 0.051021
v -0.003080 0.033250 0.052409
v -0.004931 0.033193 0.051852
v -0.034042 0.007663 0.043090
v -0.034900 -0.000000 0.042832
v -0.034886 -0.000967 0.042836
v -0.001229 -0.033174 0.052966
v -0.004930 -0.033174 0.051852
v -0.006774 -0.033006 0.051297
v -0.008605 -0.032726 0.050746
v -0.010418 -0.032335 0.050200
v -0.012206 -0.031834 0.049662
v -0.013963 -0.031226 0.049133
v -0.015683 -0.030513 0.048616
v -0.017360 -0.029696 0.048111
v -0.018990 -0.028779 0.047620
v -0.020565 -0.027764 0.047146
v -0.022081 -0.026655 0.046690
v -0.023533 -0.025456 0.046253
v -0.024916 -0.024171 0.045837
v -0.026225 -0.022804 0.045443
v -0.027455 -0.021360 0.045072
v -0.028603 -0.019844 0.044727
v -0.029665 -0.018261 0.044407
v -0.030636 -0.016615 0.044115
v -0.031515 -0.014914 0.043850
v -0.032297 -0.013162 0.043615
v -0.032981 -0.011366 0.043409
v -0.033563 -0.009531 0.043234
v -0.034042 -0.007664 0.043090
v -0.034416 -0.005771 0.042977
v -0.034684 -0.003858 0.042896
v -0.034846 -0.001933 0.042848
v -0.034869 -0.001450 0.042841
v -0.033563 0.009530 0.043234
v -0.032981 0.011365 0.043409
v -0.032297 0.013161 0.043615
v -0.031515 0.014913 0.043850
v -0.030636 0.016615 0.044115
v -0.029665 0.018260 0.044407
v -0.028603 0.019843 0.044727
v -0.027455 0.021359 0.045072
v -0.026225 0.022803 0.045443
v -0.024916 0.024170 0.045837
v -0.023533 0.025455 0.046253
v -0.022081 0.026654 0.046690
v -0.020565 0.027763 0.047146
v -0.018990 0.028778 0.047620
v -0.017360 0.029695 0.048111
v -0.015683 0.030512 0.048616
v -0.013963 0.031225 0.049133
v -0.012206 0.031833 0.049662
v -0.010418 0.032334 0.050200
v -0.008605 0.032725 0.050746
v -0.006774 0.033005 0.051297
v -0.004930 0.033173 0.051852
v -0.003080 0.033230 0.052409
v -0.001229 0.033173 0.052966
v 0.000614 0.033005 0.053521
v 0.002446 0.032725 0.054072
v 0.004259 0.032334 0.054618
v 0.006046 0.031833 0.055156
v 0.007803 0.031225 0.055685
v 0.009524 0.030512 0.056202
v 0.011201 0.029695 0.056707
v 0.012830 0.028778 0.057198
v 0.014406 0.027763 0.057672
v 0.015922 0.026654 0.058128
v 0.017374 0.025455 0.058565
v 0.018757 0.024170 0.058981
v 0.020065 0.022803 0.059375
v 0.021296 0.021359 0.059746
v 0.022444 0.019843 0.060091
v 0.023506 0.018260 0.060411
v 0.024477 0.016615 0.060703
v 0.025356 0.014913 0.060968
v 0.026138 0.013161 0.061203
v 0.026821 0.011365 0.061409
v 0.027404 0.009530 0.061584
v 0.027883 0.007663 0.061728
v 0.028257 0.005770 0.061841
v 0.028525 0.003857 0.061922
v 0.028686 0.001932 0.061970
v 0.028740 -0.000000 0.061986
v 0.028686 -0.001933 0.061970
v 0.028525 -0.003858 0.061922
v 0.028257 -0.005771 0.061841
v 0.027883 -0.007664 0.061728
v 0.027404 -0.009531 0.061584
v 0.026821 -0.011366 0.061409
v 0.026138 -0.013162 0.061203
v 0.025356 -0.014914 0.060968
v 0.024477 -0.016615 0.060703
v 0.023506 -0.018261 0.060411
v 0.022444 -0.019844 0.060091
v 0.021296 -0.021360 0.059746
v 0.020065 -0.022804 0.059375
v 0.018757 -0.024171 0.058981
v 0.017374 -0.025456 0.058565
v 0.015922 -0.026655 0.058128
v 0.014406 -0.027764 0.057672
v 0.012830 -0.028779 0.057198
v 0.011201 -0.029696 0.056707
v 0.009524 -0.030513 0.056202
v 0.007803 -0.031226 0.055685
v 0.006046 -0.031834 0.055156
v 0.004259 -0.032335 0.054618
v 0.002446 -0.032726 0.054072
v 0.000614 -0.033006 0.053521
v 0.004808 -0.032597 0.053008
v -0.002590 -0.033500 0.050781
v 0.011807 -0.029937 0.055114
v 0.018030 -0.025663 0.056987
v 0.023141 -0.020005 0.058526
v 0.026865 -0.013269 0.059647
v 0.029001 -0.005818 0.060290
v 0.029489 -0.000000 0.060436
v 0.029435 0.001947 0.060420
v 0.028141 0.009607 0.060031
v 0.025191 0.016750 0.059143
v 0.020743 0.022989 0.057804
v 0.015038 0.027988 0.056087
v 0.008382 0.031479 0.054083
v 0.001134 0.033273 0.051902
v -0.006314 0.033273 0.049660
v -0.020217 0.027988 0.045476
v -0.013561 0.031479 0.047479
v -0.025923 0.022989 0.043758
v -0.030370 0.016750 0.042420
v -0.033320 0.009607 0.041532
v -0.034181 -0.005818 0.041273
v -0.034614 0.001947 0.041142
v -0.032045 -0.013269 0.041916
v -0.028321 -0.020005 0.043037
v -0.023209 -0.025663 0.044575
v -0.016986 -0.029937 0.046448
v -0.009987 -0.032597 0.048555
v -0.021591 0.026654 0.045062
v 0.029015 0.003857 0.060294
v -0.015193 -0.030513 0.046988
v -0.034410 -0.000000 0.041204
v -0.033552 -0.007664 0.041462
v -0.031025 -0.014914 0.042223
v -0.026965 -0.021360 0.043444
v -0.021591 -0.026655 0.045062
v -0.008115 -0.032726 0.049118
v -0.000739 -0.033174 0.051338
v 0.006536 -0.031834 0.053528
v 0.013320 -0.028779 0.055570
v 0.019246 -0.024171 0.057354
v 0.023995 -0.018261 0.058783
v 0.027311 -0.011366 0.059781
v 0.029015 -0.003858 0.060294
v 0.027311 0.011365 0.059781
v 0.023995 0.018260 0.058783
v 0.019246 0.024170 0.057354
v 0.013320 0.028778 0.055570
v 0.006536 0.031833 0.053528
v -0.000739 0.033173 0.051338
v -0.008115 0.032725 0.049118
v -0.015193 0.030512 0.046988
v -0.026965 0.021359 0.043444
v -0.031025 0.014913 0.042223
v -0.033552 0.007663 0.041462
v -0.005738 -0.030750 0.061243
v 0.008331 -0.030331 0.032059
v -0.000892 -0.030331 0.062701
v 0.013045 -0.029084 0.033478
v 0.003822 -0.029084 0.064120
v 0.017499 -0.027044 0.034819
v 0.008276 -0.027044 0.065461
v 0.021570 -0.024267 0.036044
v 0.012347 -0.024267 0.066686
v 0.025148 -0.020827 0.037121
v 0.015925 -0.020827 0.067763
v 0.028135 -0.016819 0.038020
v 0.018912 -0.016819 0.068662
v 0.030450 -0.012353 0.038717
v 0.021227 -0.012353 0.069359
v 0.032029 -0.007549 0.039192
v 0.022806 -0.007549 0.069834
v 0.032829 -0.002540 0.039433
v 0.023606 -0.002540 0.070075
v 0.032829 0.002539 0.039433
v 0.023606 0.002539 0.070075
v 0.032029 0.007548 0.039192
v 0.022806 0.007548 0.069834
v 0.030450 0.012352 0.038717
v 0.021227 0.012352 0.069359
v 0.028135 0.016818 0.038020
v 0.018912 0.016818 0.068662
v 0.025148 0.020826 0.037121
v 0.015925 0.020826 0.067763
v 0.021570 0.024266 0.036044
v 0.012347 0.024266 0.066686
v 0.017499 0.027043 0.034819
v 0.008276 0.027043 0.065461
v 0.013045 0.029083 0.033478
v 0.003822 0.029083 0.064120
v 0.008331 0.030330 0.032059
v -0.000892 0.030330 0.062701
v 0.003484 0.030750 0.030601
v -0.005738 0.030750 0.061243
v -0.001362 0.030330 0.029142
v -0.010585 0.030330 0.059784
v -0.006076 0.029083 0.027723
v -0.015299 0.029083 0.058365
v -0.010530 0.027043 0.026382
v -0.019753 0.027043 0.057025
v -0.014601 0.024266 0.025157
v -0.023824 0.024266 0.055799
v -0.018179 0.020826 0.024080
v -0.027402 0.020826 0.054722
v -0.021166 0.016818 0.023181
v -0.030389 0.016818 0.053823
v -0.023481 0.012352 0.022484
v -0.032703 0.012352 0.053126
v -0.025060 0.007548 0.022009
v -0.034283 0.007548 0.052651
v -0.025860 0.002539 0.021768
v -0.035083 0.002539 0.052410
v -0.025860 -0.002540 0.021768
v -0.035083 -0.002540 0.052410
v -0.025060 -0.007549 0.022009
v -0.034283 -0.007549 0.052651
v -0.023481 -0.012353 0.022484
v -0.032703 -0.012353 0.053126
v -0.021166 -0.016819 0.023181
v -0.030389 -0.016819 0.053823
v -0.018179 -0.020827 0.024080
v -0.027402 -0.020827 0.054722
v -0.014601 -0.024267 0.025157
v -0.023824 -0.024267 0.055799
v -0.010530 -0.027044 0.026382
v -0.019753 -0.027044 0.057025
v -0.006076 -0.029084 0.027723
v -0.015299 -0.029084 0.058365
v -0.001362 -0.030331 0.029142
v -0.010585 -0.030331 0.059784
v 0.003484 -0.030750 0.030601
v 0.003484 -0.000000 0.030601
v -0.005738 -0.000000 0.061243
v 0.021844 -0.030750 -0.038464
v -0.007339 -0.030331 -0.052533
v 0.023303 -0.030331 -0.043310
v -0.005920 -0.029084 -0.057247
v 0.024722 -0.029084 -0.048025
v -0.004580 -0.027044 -0.061701
v 0.026062 -0.027044 -0.052478
v -0.003355 -0.024267 -0.065772
v 0.027287 -0.024267 -0.056549
v -0.002278 -0.020827 -0.069350
v 0.028364 -0.020827 -0.060127
v -0.001379 -0.016819 -0.072337
v 0.029263 -0.016819 -0.063114
v -0.000682 -0.012353 -0.074652
v 0.029960 -0.012353 -0.065429
v -0.000207 -0.007549 -0.076231
v 0.030435 -0.007549 -0.067008
v 0.000034 -0.002540 -0.077031
v 0.030676 -0.002540 -0.067808
v 0.000034 0.002539 -0.077031
v 0.030676 0.002539 -0.067808
v -0.000207 0.007548 -0.076231
v 0.030435 0.007548 -0.067008
v -0.000682 0.012352 -0.074652
v 0.029960 0.012352 -0.065429
v -0.001379 0.016818 -0.072337
v 0.029263 0.016818 -0.063114
v -0.002278 0.020826 -0.069350
v 0.028364 0.020826 -0.060127
v -0.003355 0.024266 -0.065772
v 0.027287 0.024266 -0.056549
v -0.004580 0.027043 -0.061701
v 0.026062 0.027043 -0.052478
v -0.005920 0.029083 -0.057247
v 0.024722 0.029083 -0.048025
v -0.007339 0.030330 -0.052533
v 0.023303 0.030330 -0.043310
v -0.008798 0.030750 -0.047687
v 0.021844 0.030750 -0.038464
v -0.010257 0.030330 -0.042840
v 0.020385 0.030330 -0.033617
v -0.011676 0.029083 -0.038126
v 0.018966 0.029083 -0.028903
v -0.013016 0.027043 -0.033672
v 0.017626 0.027043 -0.024449
v -0.014242 0.024266 -0.029601
v 0.016400 0.024266 -0.020378
v -0.015319 0.020826 -0.026023
v 0.015324 0.020826 -0.016800
v -0.016218 0.016818 -0.023036
v 0.014424 0.016818 -0.013813
v -0.016914 0.012352 -0.020722
v 0.013728 0.012352 -0.011499
v -0.017390 0.007548 -0.019142
v 0.013253 0.007548 -0.009920
v -0.017631 0.002539 -0.018342
v 0.013012 0.002539 -0.009119
v -0.017631 -0.002540 -0.018342
v 0.013012 -0.002540 -0.009119
v -0.017390 -0.007549 -0.019142
v 0.013253 -0.007549 -0.009920
v -0.016914 -0.012353 -0.020722
v 0.013728 -0.012353 -0.011499
v -0.016218 -0.016819 -0.023036
v 0.014424 -0.016819 -0.013813
v -0.015319 -0.020827 -0.026023
v 0.015324 -0.020827 -0.016800
v -0.014242 -0.024267 -0.029601
v 0.016400 -0.024267 -0.020378
v -0.013016 -0.027044 -0.033672
v 0.017626 -0.027044 -0.024449
v -0.011676 -0.029084 -0.038126
v 0.018966 -0.029084 -0.028903
v -0.010257 -0.030331 -0.042840
v 0.020385 -0.030331 -0.033617
v -0.008798 -0.030750 -0.047687
v -0.008798 -0.000000 -0.047687
v 0.021844 -0.000000 -0.038464
vn -0.903829 0.330279 -0.272045
vn -0.860959 0.443781 -0.248613
vn -0.860959 0.443781 -0.248613
vn 0.951545 0.111964 0.286402
vn 0.957566 -0.000000 0.288215
vn 0.955349 0.053931 0.290517
vn 0.958748 -0.006218 0.284191
vn 0.922925 0.247920 0.294525
vn 0.923300 0.246962 0.294154
vn 0.903831 0.330279 0.272038
vn 0.893549 0.356183 0.273320
vn 0.861108 0.426289 0.277074
vn 0.861108 0.426289 0.277074
vn 0.836557 0.490733 0.243626
vn 0.769345 0.588538 0.248458
vn 0.677101 0.707107 0.203799
vn 0.712845 0.667696 0.214557
vn 0.769345 0.588538 0.248458
vn 0.810794 0.532032 0.244038
vn 0.810795 0.532032 0.244037
vn 0.651471 0.728613 0.211446
vn 0.619575 0.765305 0.174457
vn 0.509456 0.846724 0.153340
vn 0.735703 0.643126 0.212440
vn 0.628409 0.754537 0.189143
vn 0.512534 0.842179 0.167465
vn 0.512534 0.842179 0.167465
vn 0.509456 0.846724 0.153338
vn -0.327716 0.936231 -0.126780
vn -0.316263 0.943883 -0.095195
vn -0.332478 0.933903 -0.131469
vn -0.220622 0.969464 -0.107076
vn -0.428831 0.885185 -0.180420
vn -0.498863 0.850152 -0.168458
vn -0.509456 0.846724 -0.153339
vn -0.334493 0.934072 -0.124999
vn -0.392015 0.912361 -0.117991
vn -0.623465 0.734995 -0.266596
vn -0.616738 0.755610 -0.220654
vn -0.677102 0.707107 -0.203797
vn -0.498863 0.850152 -0.168457
vn -0.536269 0.820726 -0.197038
vn -0.509456 0.846724 -0.153339
vn -0.677101 0.707107 -0.203799
vn -0.766582 0.599940 -0.228964
vn -0.836462 0.474857 -0.273575
vn -0.810794 0.532032 -0.244039
vn -0.835306 0.488931 -0.251416
vn -0.901863 0.338874 -0.267970
vn -0.930105 0.273052 -0.245658
vn -0.903831 0.330279 -0.272040
vn -0.930210 0.262619 -0.256400
vn -0.946915 0.122303 -0.297312
vn -0.960388 0.099903 -0.260143
vn -0.924327 0.273183 -0.266440
vn -0.951544 0.111964 -0.286405
vn -0.947609 0.143834 -0.285218
vn -0.953535 0.092169 -0.286839
vn -0.957610 0.000000 -0.288067
vn -0.957566 -0.000000 -0.288215
vn 0.957566 0.000000 0.288215
vn -0.644679 0.737079 -0.202742
vn -0.739574 0.622829 -0.255176
vn -0.766581 0.599941 -0.228964
vn -0.275762 0.957636 -0.083001
vn -0.107211 0.993712 -0.032276
vn -0.107213 0.993712 -0.032272
vn -0.154984 0.984452 -0.082669
vn -0.147308 0.986174 -0.075897
vn -0.157663 0.984721 -0.073933
vn 0.036352 0.999115 -0.021163
vn 0.022022 0.999573 -0.019192
vn -0.037755 0.997859 -0.053399
vn 0.155724 0.987799 0.001877
vn 0.025823 0.999159 -0.031846
vn 0.107214 0.993712 0.032268
vn 0.065851 0.997633 0.019820
vn 0.173833 0.984608 0.018126
vn 0.222410 0.974320 0.035124
vn 0.198183 0.979489 0.036413
vn 0.369988 0.925892 0.076379
vn 0.369990 0.925891 0.076380
vn 0.316265 0.943883 0.095189
vn 0.198465 0.978286 0.059735
vn 0.328684 0.939244 0.098930
vn 0.477937 0.869666 0.123522
vn 0.357100 0.926346 0.119840
vn 0.331600 0.939411 0.086884
vn 0.890324 0.368120 0.267976
vn 0.903830 0.330280 0.272041
vn 0.948731 0.130689 0.287801
vn 0.922997 0.246957 0.295109
vn 0.922997 0.246957 0.295109
vn -0.509456 -0.846724 -0.153339
vn -0.498863 -0.850152 -0.168458
vn -0.428831 -0.885185 -0.180420
vn -0.953535 -0.092169 -0.286839
vn -0.951544 -0.111964 -0.286405
vn -0.966406 -0.081608 -0.243720
vn -0.953107 -0.137716 -0.269483
vn -0.924327 -0.273183 -0.266440
vn -0.930210 -0.262619 -0.256400
vn -0.947609 -0.143834 -0.285218
vn -0.903831 -0.330279 -0.272040
vn -0.930105 -0.273052 -0.245658
vn -0.903829 -0.330279 -0.272045
vn -0.860959 -0.443781 -0.248613
vn -0.836462 -0.474857 -0.273575
vn -0.810794 -0.532032 -0.244039
vn -0.835306 -0.488931 -0.251416
vn -0.860959 -0.443781 -0.248613
vn -0.901863 -0.338874 -0.267970
vn -0.644679 -0.737079 -0.202742
vn -0.644679 -0.737078 -0.202742
vn -0.677102 -0.707107 -0.203797
vn -0.613470 -0.756612 -0.226258
vn -0.677101 -0.707107 -0.203799
vn -0.509456 -0.846724 -0.153339
vn -0.536269 -0.820726 -0.197038
vn -0.498863 -0.850152 -0.168457
vn -0.334493 -0.934072 -0.124999
vn -0.327716 -0.936231 -0.126780
vn -0.316263 -0.943883 -0.095195
vn -0.392015 -0.912361 -0.117991
vn 0.022021 -0.999573 -0.019192
vn 0.038019 -0.999038 -0.021854
vn 0.107214 -0.993712 0.032268
vn 0.222410 -0.974320 0.035124
vn 0.369990 -0.925891 0.076380
vn 0.316265 -0.943883 0.095189
vn 0.512534 -0.842179 0.167465
vn 0.509456 -0.846724 0.153340
vn 0.509456 -0.846724 0.153338
vn 0.619575 -0.765305 0.174457
vn 0.651471 -0.728613 0.211446
vn 0.677101 -0.707107 0.203799
vn 0.512534 -0.842179 0.167465
vn 0.628409 -0.754537 0.189143
vn 0.735703 -0.643126 0.212440
vn 0.769345 -0.588538 0.248458
vn 0.712845 -0.667696 0.214557
vn 0.836557 -0.490733 0.243626
vn 0.861108 -0.426289 0.277074
vn 0.769345 -0.588538 0.248458
vn 0.950814 -0.076626 0.300137
vn 0.951545 -0.111964 0.286402
vn 0.948731 -0.130689 0.287801
vn 0.922997 -0.246957 0.295109
vn 0.923301 -0.246961 0.294154
vn 0.922911 -0.247822 0.294653
vn 0.928424 -0.244826 0.279444
vn 0.903831 -0.330279 0.272038
vn 0.923300 -0.246962 0.294154
vn -0.288215 0.000000 0.957566
vn 0.893549 -0.356183 0.273320
vn 0.890324 -0.368120 0.267976
vn 0.810795 -0.532032 0.244037
vn 0.861108 -0.426289 0.277074
vn 0.810794 -0.532032 0.244038
vn 0.357100 -0.926347 0.119840
vn 0.357100 -0.926346 0.119840
vn 0.477937 -0.869666 0.123522
vn 0.327848 -0.941369 0.079623
vn 0.328684 -0.939244 0.098930
vn 0.957566 0.000000 0.288215
vn 0.155724 -0.987799 0.001877
vn 0.204549 -0.978745 0.014736
vn 0.180121 -0.983331 0.024825
vn 0.065851 -0.997633 0.019820
vn -0.107214 -0.993712 -0.032267
vn 0.022022 -0.999573 -0.019192
vn -0.037755 -0.997859 -0.053399
vn -0.154984 -0.984452 -0.082669
vn -0.107213 -0.993712 -0.032272
vn -0.147308 -0.986174 -0.075897
vn -0.220622 -0.969464 -0.107076
vn -0.157663 -0.984721 -0.073933
vn -0.332478 -0.933903 -0.131469
vn -0.275762 -0.957636 -0.083001
vn 0.957566 0.000000 0.288215
vn -0.766582 -0.599940 -0.228964
vn -0.766581 -0.599941 -0.228964
vn -0.739574 -0.622829 -0.255176
vn -0.171485 0.205538 0.963508
vn -0.196523 0.110765 0.974223
vn -0.136578 0.098616 0.985708
vn 0.280037 -0.375757 -0.883394
vn 0.278627 -0.344967 -0.896306
vn 0.289517 -0.271876 -0.917749
vn -0.056869 -0.981604 0.182264
vn -0.027805 -0.995336 0.092380
vn -0.048278 -0.985871 0.160398
vn -0.165893 -0.153239 0.974165
vn -0.166767 -0.160373 0.972866
vn -0.164876 -0.048747 0.985109
vn -0.285156 -0.145309 0.947402
vn -0.288012 0.037531 0.956891
vn 0.286634 -0.104584 -0.952314
vn 0.278384 -0.258954 -0.924903
vn 0.295466 -0.164580 -0.941070
vn 0.287360 -0.250514 -0.924482
vn -0.021945 -0.998328 0.053470
vn -0.025183 -0.994002 0.106425
vn -0.046303 -0.989412 0.137554
vn -0.181880 -0.250086 0.950987
vn -0.179651 -0.261945 0.948214
vn -0.008458 -0.318462 0.947898
vn -0.190765 0.248150 0.949753
vn -0.285385 0.139790 0.948164
vn -0.143848 0.274251 0.950839
vn 0.258190 -0.495780 -0.829181
vn 0.267378 -0.434406 -0.860117
vn 0.254796 -0.467392 -0.846536
vn -0.195537 -0.345749 0.917727
vn -0.189038 -0.360332 0.913469
vn -0.263078 -0.408445 0.874050
vn -0.284022 0.019286 0.958624
vn 0.279080 0.249777 -0.927214
vn 0.278913 0.260217 -0.924389
vn 0.284755 0.270744 -0.919572
vn 0.248295 -0.518998 -0.817918
vn 0.241923 -0.582269 -0.776168
vn 0.232810 -0.597885 -0.767029
vn 0.235057 -0.578671 -0.780953
vn 0.219712 -0.662301 -0.716298
vn 0.213918 -0.684385 -0.697034
vn 0.299858 -0.704797 -0.642921
vn 0.411952 -0.886115 -0.212359
vn 0.098583 -0.936810 -0.335660
vn 0.116632 -0.920024 -0.374102
vn -0.003051 -0.999995 0.000027
vn 0.008602 -0.998680 -0.050647
vn 0.146515 -0.989111 -0.013909
vn 0.021812 -0.996827 -0.076552
vn 0.428214 -0.903395 0.022588
vn -0.230287 0.601317 0.765105
vn -0.235865 0.624550 0.744517
vn -0.187829 0.561790 0.805675
vn 0.516148 0.318464 -0.795093
vn 0.197352 -0.737403 -0.645979
vn 0.320770 -0.738684 -0.592834
vn 0.189741 -0.766379 -0.613728
vn 0.173308 -0.799011 -0.575800
vn 0.174985 -0.799969 -0.573960
vn 0.117720 -0.912783 -0.391112
vn 0.034946 -0.989812 -0.138027
vn 0.037067 -0.988066 -0.149502
vn 0.178333 -0.976672 -0.119621
vn 0.060998 -0.977076 -0.203965
vn 0.064134 -0.974928 -0.213078
vn 0.069609 -0.968055 -0.240881
vn 0.209551 -0.951951 -0.223334
vn 0.086211 -0.956791 -0.277701
vn 0.093123 -0.944637 -0.314626
vn -0.198470 -0.414291 0.888241
vn -0.235548 -0.465185 0.853299
vn -0.119391 -0.479205 0.869545
vn -0.246919 -0.495560 0.832737
vn 0.090791 -0.511183 0.854663
vn -0.202012 -0.556922 0.805623
vn -0.230287 -0.601317 0.765105
vn 0.151571 0.300259 0.941738
vn -0.183147 0.294186 0.938036
vn -0.194820 0.266003 0.944080
vn 0.018539 0.512997 0.858190
vn -0.229377 0.509949 0.829058
vn -0.254183 0.471397 0.844497
vn 0.290110 0.200652 -0.935722
vn 0.411989 0.165941 -0.895951
vn 0.289604 0.154272 -0.944632
vn 0.676848 0.104068 -0.728730
vn 0.292922 0.124032 -0.948057
vn 0.120894 -0.905978 -0.405696
vn 0.118958 -0.885478 -0.449196
vn 0.268622 -0.867056 -0.419590
vn 0.126580 -0.872392 -0.472133
vn 0.466453 -0.792229 -0.393440
vn 0.158021 -0.843381 -0.513554
vn 0.171298 -0.815579 -0.552710
vn -0.087047 -0.954851 0.284047
vn 0.232462 -0.893606 0.383965
vn 0.177328 -0.804295 0.567155
vn -0.034716 -0.807950 0.588227
vn -0.153294 -0.838882 0.522281
vn -0.241341 0.476810 0.845226
vn -0.196993 0.412798 0.889265
vn -0.230005 0.408206 0.883440
vn -0.193223 0.380206 0.904493
vn -0.068762 0.362062 0.929615
vn -0.206940 0.355736 0.911388
vn -0.200997 0.341948 0.917972
vn -0.082960 -0.966928 0.241180
vn -0.073980 -0.972875 0.219183
vn -0.132285 -0.888446 0.439505
vn -0.116293 -0.916394 0.383011
vn 0.021238 -0.915259 0.402305
vn -0.110592 -0.932566 0.343644
vn -0.106652 -0.941081 0.320925
vn -0.188284 -0.729742 0.657287
vn -0.185908 -0.764154 0.617662
vn -0.027708 -0.697440 0.716107
vn -0.017456 0.999335 0.032003
vn 0.114496 0.989111 0.092470
vn 0.000000 1.000000 -0.000000
vn -0.159533 -0.854575 0.494218
vn -0.172015 -0.878899 0.444913
vn -0.134870 -0.903165 0.407558
vn -0.206046 -0.757696 0.619227
vn -0.209778 -0.779611 0.590085
vn -0.167847 -0.812501 0.558273
vn -0.211528 -0.602171 0.769835
vn -0.239668 -0.641674 0.728570
vn -0.083718 -0.660048 0.746544
vn -0.204822 -0.678728 0.705249
vn -0.257156 0.635718 0.727829
vn -0.082398 0.660130 0.746619
vn -0.211898 0.671168 0.710375
vn 0.213600 0.642839 0.735618
vn -0.194343 0.690172 0.697061
vn -0.058875 0.980528 0.187349
vn -0.064134 0.974928 0.213078
vn 0.082677 0.976672 0.198182
vn 0.295416 0.096222 -0.950511
vn 0.557427 0.080291 -0.826334
vn 0.291458 0.056558 -0.954910
vn 0.415581 0.055547 -0.907859
vn 0.291371 0.038474 -0.955836
vn 0.320868 0.028030 -0.946709
vn 0.294398 -0.034223 -0.955070
vn 0.295877 -0.050857 -0.953871
vn 0.293442 -0.153061 -0.943644
vn -0.099970 0.946217 0.307701
vn 0.226293 0.886116 0.404463
vn -0.085584 0.957374 0.275882
vn 0.051462 0.951951 0.301896
vn -0.083250 0.966994 0.240816
vn -0.073316 0.973320 0.217422
vn 0.209551 0.951951 -0.223334
vn 0.067568 0.968917 -0.237978
vn 0.056228 0.980785 -0.186812
vn 0.050550 0.984070 -0.170444
vn 0.366950 0.930120 -0.014957
vn 0.485417 0.858095 -0.167462
vn 0.091608 0.950016 -0.298458
vn 0.078705 0.961661 -0.262706
vn 0.620733 0.483676 -0.617048
vn 0.244283 0.569600 -0.784781
vn 0.363389 0.573269 -0.734378
vn 0.235699 0.591431 -0.771139
vn 0.225335 0.623490 -0.748655
vn -0.109631 0.935977 0.334558
vn -0.110226 0.916166 0.385345
vn -0.114019 0.918422 0.378816
vn -0.134181 0.902970 0.408217
vn -0.099286 0.887919 0.449157
vn -0.174737 0.876607 0.448361
vn 0.053495 0.850442 0.523342
vn -0.158186 0.851197 0.500440
vn 0.282504 0.762971 0.581435
vn -0.154350 0.837502 0.524181
vn 0.130103 0.794309 0.593419
vn -0.166555 0.814600 0.555595
vn -0.103940 0.805461 0.583463
vn -0.185942 0.796925 0.574749
vn -0.179699 0.781831 0.597033
vn -0.231013 0.766941 0.598695
vn -0.059748 0.738684 0.671399
vn -0.213317 0.761729 0.611772
vn -0.184682 0.721004 0.667867
vn -0.025886 0.998225 0.053641
vn -0.031053 0.994814 0.096852
vn 0.369540 0.903395 0.217525
vn -0.050999 0.989576 0.134679
vn -0.056330 0.985959 0.157200
vn 0.239773 0.915259 -0.323744
vn 0.105565 0.930804 -0.349942
vn 0.095549 0.940438 -0.326262
vn 0.231632 0.612329 -0.755910
vn 0.219612 0.661683 -0.716900
vn 0.343415 0.660128 -0.668055
vn 0.214175 0.678584 -0.702604
vn 0.584154 0.642838 -0.495502
vn 0.288837 0.458712 -0.840331
vn 0.258969 0.489740 -0.832520
vn 0.438604 0.485716 -0.756113
vn 0.251021 0.512504 -0.821175
vn 0.248610 0.526528 -0.812995
vn 0.273364 0.343896 -0.898336
vn 0.275735 0.363173 -0.889986
vn 0.264703 0.395602 -0.879450
vn 0.267214 0.418396 -0.868068
vn 0.262491 0.441893 -0.857805
vn 0.041182 0.988656 -0.144445
vn 0.023819 0.996317 -0.082368
vn 0.306205 0.951929 0.008312
vn 0.010175 0.998160 -0.059775
vn 0.077813 0.996759 -0.020402
vn 0.004053 0.999117 -0.041810
vn -0.003467 0.999970 0.006964
vn 0.208699 0.712489 -0.669929
vn 0.198809 0.731886 -0.651781
vn 0.320770 0.738684 -0.592834
vn 0.193022 0.749890 -0.632777
vn 0.182841 0.773011 -0.607473
vn 0.179706 0.789007 -0.587515
vn 0.206123 0.798538 -0.565553
vn 0.171651 0.805372 -0.567374
vn 0.353599 0.806605 -0.473662
vn 0.166035 0.829534 -0.533204
vn 0.558187 0.759307 -0.334486
vn 0.155081 0.845828 -0.510417
vn 0.422961 0.822818 -0.379571
vn 0.135485 0.866012 -0.481318
vn 0.201262 0.879842 -0.430549
vn 0.119039 0.882218 -0.455546
vn 0.125052 0.900969 -0.415472
vn 0.120717 0.906415 -0.404772
vn 0.117756 0.917410 -0.380121
vn 0.657229 0.734162 -0.170460
vn 0.720479 0.681955 -0.125890
vn 0.496783 0.867734 -0.015615
vn -0.037208 0.994345 0.099468
vn 0.128364 0.948836 0.288501
vn 0.196214 0.942692 0.269874
vn 0.317120 0.871159 0.374855
vn -0.093691 0.952880 0.288517
vn 0.737131 0.620402 0.267844
vn 0.623842 0.696681 0.354198
vn 0.488472 0.817314 0.305602
vn -0.136668 0.901067 0.411581
vn 0.702607 0.507609 0.498675
vn 0.809459 0.446058 0.381848
vn 0.899688 0.284299 0.331265
vn -0.184566 0.703351 0.686463
vn -0.124951 0.294227 0.947533
vn 0.642713 0.074338 0.762492
vn 0.914269 0.041573 0.402968
vn 0.743659 0.011320 0.668464
vn -0.092962 0.180412 0.979188
vn -0.152671 -0.006610 0.988255
vn -0.996289 -0.022036 -0.083200
vn -0.991967 0.012817 -0.125844
vn -0.990712 0.097607 -0.094673
vn -0.998931 0.046231 0.000430
vn -1.000000 -0.000000 -0.000520
vn -0.999994 0.000000 0.003559
vn -0.088876 0.236193 -0.967633
vn 0.104865 0.200058 -0.974156
vn 0.081763 0.105949 -0.991004
vn -0.459984 0.206538 -0.863572
vn -0.620885 0.193861 -0.759552
vn -0.612269 0.285517 -0.737297
vn -0.738820 0.266971 -0.618766
vn 0.270414 0.313249 -0.910358
vn -0.722365 0.344188 -0.599770
vn -0.800374 0.311255 -0.512369
vn -0.786368 0.382487 -0.485107
vn -0.870204 0.321489 -0.373349
vn 0.258623 0.402148 -0.878289
vn -0.774635 0.589236 -0.229655
vn -0.746644 0.634881 -0.198620
vn -0.643003 0.704474 -0.300439
vn -0.442719 0.857888 -0.260823
vn -0.533627 0.817972 -0.214858
vn -0.448013 0.876837 -0.174471
vn -0.734380 0.678675 0.009251
vn -0.771405 0.635619 0.030379
vn -0.607787 0.792847 0.044604
vn 0.016972 0.994910 -0.099325
vn 0.019740 0.996184 -0.085017
vn 0.050748 0.981926 -0.182335
vn -0.960871 0.089973 -0.261976
vn -0.967183 -0.023375 -0.253003
vn -0.966468 0.000116 -0.256789
vn -0.653112 0.719223 -0.236987
vn -0.277590 0.950459 -0.139900
vn 0.017716 0.998504 -0.051726
vn -0.801898 0.597373 -0.010231
vn -0.857901 0.510757 -0.055965
vn -0.825913 0.553604 -0.106727
vn -0.246827 0.965457 -0.083480
vn -0.232410 0.971722 -0.041739
vn -0.378377 0.924695 -0.042076
vn -0.564943 0.818726 0.102606
vn -0.650959 0.754125 0.086878
vn -0.602658 0.795353 0.064941
vn 0.015412 0.987418 -0.157377
vn 0.077294 0.985649 -0.150073
vn -0.124044 0.991779 -0.031429
vn 0.368591 0.771587 -0.518454
vn 0.356335 0.813947 -0.458819
vn 0.466951 0.658002 -0.590754
vn 0.854815 0.477001 0.204355
vn 0.901317 0.387091 0.194392
vn 0.902808 0.409811 0.130359
vn 0.939229 0.319528 0.125499
vn 0.700224 0.179251 -0.691054
vn 0.819269 0.157218 -0.551435
vn 0.803967 0.074595 -0.589977
vn 0.912556 0.083320 -0.400375
vn 0.718683 0.062141 -0.692555
vn 0.623400 0.040318 -0.780863
vn 0.574573 0.122907 -0.809173
vn 0.786981 0.007901 -0.616927
vn 0.784545 0.000002 -0.620072
vn 0.653863 -0.000000 -0.756613
vn 0.946895 0.005134 -0.321501
vn 0.946733 -0.009127 -0.321891
vn 0.864636 -0.000000 -0.502399
vn 0.994468 0.088643 -0.056349
vn 0.966715 0.103591 -0.233947
vn 0.959194 0.199300 -0.200564
vn 0.901695 0.185228 -0.390688
vn 0.884189 0.276195 -0.376730
vn 0.795058 0.235605 -0.558904
vn 0.754171 0.332956 -0.566010
vn 0.628421 0.000000 -0.777873
vn 0.542672 0.011199 -0.839870
vn 0.504351 0.079355 -0.859845
vn 0.513584 0.182046 -0.838505
vn 0.996210 0.001530 0.086973
vn 0.999509 -0.012849 -0.028582
vn 0.992895 -0.000000 -0.118991
vn 0.895682 0.443318 -0.034981
vn 0.952306 0.303768 -0.028945
vn 0.883412 0.432645 -0.180001
vn 0.936504 0.296292 -0.187541
vn 0.838754 0.404998 -0.363962
vn 0.963100 0.000000 0.269144
vn 0.986622 0.000000 0.163026
vn 0.967426 0.113116 0.226478
vn 0.985709 0.107150 0.129986
vn 0.955084 0.204194 0.214756
vn 0.959519 0.016170 0.281181
vn 0.956972 0.077791 0.279560
vn 0.938841 0.204922 0.276741
vn 0.920678 0.285310 0.266365
vn 0.779568 0.606671 0.155637
vn 0.862576 0.497244 0.093333
vn 0.789323 0.573496 0.219253
vn 0.869679 0.424606 0.251732
vn 0.700514 0.708969 0.081504
vn 0.781876 0.617241 0.087654
vn 0.813496 0.580455 -0.036002
vn 0.814268 0.560036 -0.152730
vn 0.783277 0.530923 -0.323417
vn 0.723380 0.480378 -0.495943
vn 0.929886 0.302239 0.209675
vn 0.967100 0.220869 0.126234
vn 0.978124 0.204600 -0.037584
vn 0.697002 0.716721 -0.022371
vn 0.694078 0.707357 -0.133796
vn 0.677264 0.680111 -0.280648
vn 0.640603 0.630745 -0.437936
vn 0.591949 0.569520 -0.570301
vn 0.501389 0.716276 -0.485343
vn 0.238677 0.905588 -0.350633
vn 0.250318 0.894555 -0.370286
vn 0.094370 0.966277 -0.239589
vn 0.103967 0.970511 -0.217482
vn 0.246776 0.956707 -0.154318
vn 0.257205 0.940916 -0.220277
vn 0.112592 0.977319 -0.179361
vn 0.233512 0.932596 -0.275203
vn 0.251727 0.903646 -0.346492
vn 0.370786 0.848188 -0.378279
vn 0.378047 0.880504 -0.285996
vn 0.381860 0.904613 -0.189364
vn 0.364680 0.926284 -0.094898
vn 0.526009 0.767317 -0.366796
vn 0.542603 0.806417 -0.235103
vn 0.548829 0.827386 -0.119245
vn 0.536109 0.843509 -0.032865
vn 0.566042 0.822681 0.052846
vn 0.688783 0.711417 0.139512
vn 0.428943 0.903330 -0.001795
vn 0.435316 0.898230 0.060681
vn 0.546664 0.832222 0.092547
vn 0.527528 0.840493 0.123631
vn 0.669148 0.722566 0.173606
vn 0.095580 0.995058 -0.026913
vn 0.203724 0.978976 0.010098
vn 0.304537 0.951705 0.038932
vn 0.402403 0.911251 0.087712
vn 0.286440 0.956577 -0.053961
vn -0.001557 0.989416 -0.145095
vn -0.103799 0.991853 -0.073847
vn -0.258655 0.965934 0.008298
vn -0.321573 0.944485 0.067371
vn -0.380588 0.923274 0.052134
vn -0.428345 0.900060 0.080073
vn -0.506524 0.858466 0.080437
vn -0.094366 0.990895 -0.096029
vn -0.094047 0.990441 -0.100910
vn 0.012109 0.990484 -0.137096
vn 0.005525 0.993672 -0.112188
vn 0.102989 0.986283 -0.128990
vn 0.088100 0.990777 -0.102954
vn 0.222695 0.970175 -0.095749
vn 0.107304 0.990760 -0.082955
vn 0.222172 0.972175 -0.074263
vn -0.560991 0.827289 -0.029695
vn -0.708140 0.703759 -0.057099
vn -0.671185 0.739265 0.054748
vn -0.747728 0.663765 0.017863
vn -0.724561 0.687070 0.054272
vn -0.786184 0.617670 0.019949
vn -0.892634 0.447380 -0.055269
vn -0.849485 0.527280 -0.018739
vn -0.924222 0.370447 -0.092649
vn -0.894630 0.437772 -0.089399
vn -0.936051 0.308969 -0.168364
vn -0.887185 0.439031 -0.141970
vn -0.922047 0.300945 -0.243439
vn -0.983792 0.029611 -0.176855
vn -0.983131 0.001894 -0.182893
vn -0.976166 0.138892 -0.166760
vn -0.963515 0.178982 -0.199007
vn -0.955568 0.261996 -0.135088
vn -0.976395 -0.028644 -0.214087
vn -0.169826 0.979557 -0.107835
vn -0.097200 0.991482 -0.086691
vn -0.083037 0.988890 -0.123295
vn -0.380056 0.908819 -0.172065
vn -0.274707 0.944068 -0.182403
vn -0.380075 0.904687 -0.192574
vn -0.233562 0.961449 -0.145138
vn -0.373535 0.918742 -0.128003
vn -0.536715 0.832906 -0.134924
vn -0.520105 0.828927 -0.205843
vn -0.003744 0.993888 -0.110328
vn 0.012152 0.994574 -0.103319
vn -0.177591 0.973724 -0.142558
vn -0.093434 0.988651 -0.117642
vn -0.520846 0.827741 -0.208721
vn -0.945098 0.215153 -0.245964
vn -0.941775 0.204434 -0.266960
vn -0.916319 0.300157 -0.265076
vn -0.770214 0.579608 -0.266130
vn -0.803276 0.565487 -0.187008
vn -0.683063 0.713126 -0.157724
vn -0.787306 0.565032 -0.246754
vn -0.665368 0.710476 -0.229148
vn -0.852397 0.444885 -0.274766
vn -0.865516 0.430752 -0.255608
vn -0.870578 0.447081 -0.205455
vn -0.958460 0.117837 -0.259749
vn -0.961847 0.111543 -0.249819
vn -0.965750 0.029805 -0.257756
vn -0.009878 0.999909 0.009169
vn -0.002142 0.999996 -0.002137
vn -0.007299 0.999973 0.000343
vn 0.079571 0.956906 -0.279284
vn -0.333518 0.939687 0.075856
vn -0.247630 0.966714 0.064375
vn -0.443415 0.894478 0.057384
vn -0.353570 0.933757 0.055558
vn -0.598414 0.801060 0.014303
vn 0.167797 0.773356 -0.611363
vn 0.132339 0.852563 -0.505592
vn 0.140330 0.857919 -0.494250
vn 0.107462 0.901637 -0.418931
vn 0.112222 0.907834 -0.404035
vn 0.192665 0.707097 -0.680363
vn -0.587460 0.766088 -0.260766
vn -0.496456 0.803837 -0.327686
vn -0.690325 0.702488 -0.173098
vn -0.578330 0.807185 -0.118265
vn -0.693297 0.719674 -0.037528
vn -0.765555 0.638365 -0.080094
vn -0.848936 0.528433 -0.008143
vn -0.871346 0.454268 -0.185465
vn -0.918267 0.383906 -0.096963
vn -0.854921 0.507050 -0.109591
vn -0.919775 0.391458 -0.027826
vn -0.840976 0.535163 -0.079751
vn -0.926142 0.376846 0.015755
vn -0.875735 0.482291 0.021973
vn -0.868423 0.495365 0.021348
vn -0.922380 0.386183 0.008827
vn -0.007255 0.999636 0.025976
vn -0.046112 0.996742 0.066173
vn -0.270314 0.956982 0.105431
vn -0.530630 0.843616 0.082116
vn -0.581426 0.812162 0.048337
vn -0.634810 0.770481 0.058096
vn -0.684050 0.728552 0.035883
vn -0.725770 0.687056 0.034817
vn -0.789795 0.613115 0.017727
vn -0.836382 0.548131 -0.004232
vn -0.895725 0.443161 -0.035846
vn -0.819725 0.572670 0.009994
vn -0.826027 0.563295 0.019458
vn -0.752069 0.655963 0.064069
vn -0.619025 0.776286 0.119115
vn -0.455014 0.880106 0.135559
vn -0.007603 0.999126 -0.041093
vn -0.215937 0.971979 0.092887
vn -0.440175 0.886742 0.141190
vn -0.574556 0.809922 0.117944
vn -0.672457 0.734028 0.094897
vn -0.798763 0.599691 0.048456
vn -0.893413 0.447925 -0.034293
vn -0.277637 0.956057 0.094191
vn 0.212446 0.636645 -0.741317
vn 0.231545 0.566173 -0.791097
vn 0.243304 0.490766 -0.836631
vn 0.174987 0.566381 -0.805352
vn 0.133178 0.648676 -0.749321
vn 0.112958 0.718539 -0.686253
vn 0.170521 0.486147 -0.857079
vn 0.011996 0.580220 -0.814371
vn -0.037263 0.660057 -0.750291
vn 0.016129 0.319376 -0.947491
vn -0.253485 0.328930 -0.909698
vn -0.238625 0.411534 -0.879601
vn -0.450438 0.394395 -0.800973
vn -0.441061 0.478815 -0.759080
vn -0.583151 0.453511 -0.673990
vn -0.545622 0.531043 -0.648298
vn -0.661542 0.499049 -0.559743
vn -0.542913 0.598750 -0.588850
vn -0.653468 0.563581 -0.505328
vn -0.516057 0.664434 -0.540567
vn -0.621343 0.629540 -0.466490
vn -0.485169 0.725436 -0.488215
vn -0.584315 0.692175 -0.423639
vn -0.432163 0.806429 -0.403618
vn -0.518009 0.769159 -0.374247
vn -0.388513 0.858595 -0.334473
vn -0.771271 0.445968 -0.454152
vn -0.838661 0.426060 -0.339295
vn -0.740899 0.529894 -0.412651
vn -0.786100 0.533248 -0.312561
vn -0.687722 0.606309 -0.399284
vn -0.675326 0.654889 -0.339197
vn -0.960878 0.276972 -0.000089
vn -0.962205 0.272181 0.008922
vn -0.960071 0.277750 -0.033452
vn -0.946813 0.307675 -0.094242
vn -0.917284 0.346373 -0.196508
vn -0.882365 0.381202 -0.275892
vn -0.982303 0.187202 -0.005983
vn -0.979511 0.201309 0.005790
vn -0.978105 0.205486 -0.032943
vn -0.969159 0.227379 -0.095021
vn -0.944467 0.259057 -0.202170
vn -0.913880 0.287259 -0.286890
vn 0.278026 0.215653 -0.936053
vn 0.211364 0.107943 -0.971429
vn -0.353096 0.805539 -0.475846
vn -0.378389 0.751469 -0.540478
vn -0.399731 0.691939 -0.601195
vn -0.417681 0.626659 -0.657907
vn -0.405596 0.557420 -0.724414
vn -0.240339 0.499128 -0.832531
vn 0.007321 0.411731 -0.911276
vn 0.200149 0.302801 -0.931800
vn 0.211138 0.204018 -0.955927
vn 0.282927 0.108066 -0.953034
vn 0.294224 -0.005594 -0.955720
vn 0.105688 -0.031846 -0.993889
vn 0.151084 0.008172 -0.988487
vn 0.252294 -0.024183 -0.967348
vn 0.268886 0.009933 -0.963121
vn -0.005033 0.000000 -0.999987
vn -0.107238 0.113144 -0.987775
vn -0.298080 0.217795 -0.929362
vn -0.456818 0.303471 -0.836195
vn -0.599581 0.372186 -0.708506
vn -0.702545 0.421572 -0.573330
vn -0.287365 0.109281 -0.951567
vn -0.469571 0.111456 -0.875831
vn -0.168075 0.005748 -0.985757
vn -0.168650 -0.006902 -0.985652
vn -0.350462 -0.000000 -0.936577
vn -0.729783 0.086569 -0.678176
vn -0.630706 0.102863 -0.769174
vn -0.691733 0.000000 -0.722154
vn -0.414306 -0.000000 -0.910138
vn -0.549671 0.000000 -0.835381
vn -0.589047 -0.000000 -0.808099
vn -0.995441 0.095123 -0.006953
vn -0.991559 0.129544 0.005337
vn -0.989812 0.137086 -0.038463
vn -0.982888 0.152907 -0.102713
vn -0.961236 0.174658 -0.213354
vn -0.933096 0.194572 -0.302447
vn -0.894007 0.214786 -0.393216
vn -0.825357 0.251562 -0.505473
vn -0.708919 0.173253 -0.683680
vn -0.797437 0.187871 -0.573409
vn -0.857419 0.157357 -0.489972
vn -0.904578 0.144323 -0.401135
vn -0.942518 0.130397 -0.307663
vn -0.969279 0.116789 -0.216467
vn -0.989224 0.102945 -0.104107
vn -0.995063 0.091154 -0.039256
vn -0.996490 0.083704 0.001163
vn -0.916073 0.061395 -0.396283
vn -0.862878 0.070279 -0.500502
vn -0.892976 0.000000 -0.450105
vn -0.918292 -0.000000 -0.395905
vn -0.927309 -0.000000 -0.374296
vn -0.951288 0.070328 -0.300176
vn -0.969589 -0.003336 -0.244717
vn -0.975347 0.045918 -0.215846
vn -0.970291 -0.005837 -0.241870
vn -0.982709 0.000000 -0.185159
vn -0.993338 0.059542 -0.098665
vn -0.993628 0.000000 -0.112709
vn -0.997622 -0.003038 -0.068855
vn -0.998453 0.045559 -0.031860
vn -0.999466 -0.008444 -0.031578
vn -0.999906 0.003616 -0.013266
vn -0.725484 0.000000 -0.688239
vn -0.778812 -0.000000 -0.627257
vn -0.817603 0.084173 -0.569597
vn -0.837707 0.005130 -0.546097
vn -0.837738 -0.003856 -0.546060
vn -0.947581 0.311861 -0.069524
vn -0.924375 0.375649 -0.066479
vn -0.864603 0.502443 -0.003552
vn -0.906364 0.421944 -0.021623
vn -0.952290 0.302671 -0.039174
vn -0.979239 0.196280 -0.050640
vn -0.976682 0.196932 -0.085503
vn -0.992541 0.104809 -0.062270
vn -0.998148 0.000754 -0.060829
vn -0.949666 0.297740 -0.097390
vn -0.971567 0.200093 -0.126569
vn -0.984316 0.104248 -0.142318
vn -0.991793 -0.019999 -0.126283
vn -0.999280 0.021331 -0.031372
vn -0.057054 0.024031 0.998082
vn 0.004967 0.100293 0.994946
vn 0.270768 -0.000000 0.962645
vn 0.279352 0.110215 0.953842
vn 0.614580 0.000000 0.788854
vn 0.744412 -0.009883 0.667648
vn 0.976976 0.025588 0.211807
vn 0.997170 0.019607 0.072575
vn 0.993752 0.001266 0.111603
vn 0.990454 -0.005329 0.137737
vn 0.963842 -0.000175 0.266475
vn 0.953897 -0.007891 0.300030
vn 0.236140 0.202911 0.950297
vn 0.566862 0.160834 0.807961
vn -0.168575 0.423698 0.889979
vn 0.160471 0.302526 0.939535
vn 0.052213 0.447894 0.892561
vn 0.494074 0.252547 0.831932
vn 0.437494 0.383222 0.813474
vn -0.174214 0.556634 0.812285
vn 0.061615 0.639506 0.766313
vn 0.851143 0.310574 0.423202
vn 0.780472 0.335489 0.527551
vn 0.652090 0.470108 0.594791
vn 0.614286 0.428830 0.662388
vn 0.407268 0.572141 0.711891
vn 0.351070 0.493162 0.795953
vn 0.041613 0.520997 0.852543
vn 0.782062 0.170193 0.599511
vn 0.759055 0.230395 0.608896
vn 0.908113 0.115101 0.402595
vn 0.872065 0.179805 0.455162
vn 0.971208 0.069072 0.228001
vn 0.952883 0.116774 0.279962
vn 0.986322 0.071940 0.148304
vn 0.973311 0.117984 0.196837
vn 0.991620 0.102305 0.078893
vn 0.979441 0.156344 0.127481
vn 0.990650 0.136197 0.007904
vn 0.966292 0.245242 0.078335
vn -0.038705 0.755513 0.653989
vn 0.221475 0.718375 0.659460
vn 0.493500 0.636097 0.593159
vn 0.962884 -0.000254 -0.269914
vn 0.972027 -0.016413 -0.234295
vn 0.988727 0.024979 -0.147632
vn 0.998670 -0.012284 -0.050077
vn 0.999581 0.001525 -0.028893
vn 0.974912 0.077789 -0.208554
vn 0.973792 0.045600 -0.222824
vn 0.993648 0.056932 -0.097075
vn 0.991879 0.033218 -0.122769
vn 0.999317 0.036143 0.007743
vn 0.999304 0.031228 -0.020418
vn 0.960321 0.024812 -0.277790
vn 0.940152 0.009992 -0.340610
vn 0.902767 0.025403 -0.429378
vn 0.744902 -0.003312 -0.667165
vn 0.782577 -0.013143 -0.622416
vn 0.839711 0.032887 -0.542037
vn 0.869458 0.006557 -0.493964
vn 0.869433 -0.007343 -0.493997
vn 0.961770 0.033868 -0.271758
vn 0.933881 0.063696 -0.351866
vn 0.999557 -0.013280 0.026621
vn 0.798520 0.113308 0.591208
vn 0.928470 0.069511 0.364846
vn 0.981318 0.036973 0.188806
vn 0.993075 0.040383 0.110328
vn 0.997268 0.063316 0.038049
vn 0.992881 0.101751 -0.061924
vn 0.977585 0.147102 -0.150627
vn -0.174873 0.823240 0.540088
vn 0.578376 0.707960 0.405307
vn 0.472837 0.736683 0.483449
vn 0.340355 0.784077 0.519019
vn 0.167302 0.822124 0.544171
vn -0.030607 0.837755 0.545188
vn 0.847297 0.449091 0.283556
vn 0.889491 0.418783 0.182830
vn 0.939732 0.258584 0.223693
vn 0.950321 0.181954 0.252551
vn 0.921947 0.184308 0.340653
vn 0.820355 0.261896 0.508359
vn 0.685602 0.322808 0.652491
vn -0.037732 0.906034 0.421520
vn -0.040902 0.957056 0.287003
vn 0.094787 0.900230 0.424973
vn 0.052588 0.954555 0.293360
vn 0.193336 0.891194 0.410359
vn 0.302918 0.860114 0.410421
vn -0.065740 0.979352 0.191175
vn -0.031950 0.980807 0.192345
vn -0.018707 0.995270 0.095329
vn 0.028387 0.979614 0.198873
vn 0.005972 0.994994 0.099752
vn 0.062533 0.979869 0.189598
vn 0.015011 0.995615 0.092333
vn 0.104686 0.977400 0.183657
vn 0.256327 0.932747 0.253534
vn 0.451105 0.823850 0.343185
vn 0.060575 0.955555 -0.288523
vn -0.005445 0.957418 -0.288654
vn -0.011929 0.980708 -0.195115
vn -0.060446 0.978427 -0.197554
vn -0.044591 0.993716 -0.102662
vn -0.087026 0.991415 -0.097584
vn -0.035752 0.999354 -0.003643
vn -0.049349 0.998782 -0.000261
vn 0.039673 0.995171 0.089780
vn 0.048773 0.994932 0.087926
vn 0.168831 0.971380 0.167083
vn 0.201309 0.967182 0.155029
vn 0.344510 0.914393 0.212599
vn 0.357797 0.913597 0.193188
vn 0.579740 0.788985 0.203482
vn 0.946498 0.321491 0.028027
vn 0.781763 0.592587 0.194134
vn 0.545980 0.795144 0.263917
vn 0.297199 0.925285 0.235629
vn 0.142072 0.974066 0.176098
vn 0.027618 0.995460 0.091090
vn -0.019986 0.999784 -0.005661
vn -0.012909 0.995079 -0.098242
vn 0.038131 0.979977 -0.195428
vn 0.676935 -0.001651 -0.736041
vn 0.770040 0.045406 -0.636378
vn 0.873159 0.076570 -0.481384
vn 0.949959 0.144219 -0.277091
vn 0.959649 0.257606 -0.112756
vn 0.843024 0.528822 0.098277
vn 0.893260 0.447604 -0.041689
vn 0.684100 0.719948 0.116969
vn 0.698941 0.712870 0.057419
vn 0.412409 0.902402 0.124856
vn -0.383682 0.916167 -0.115873
vn -0.463596 0.882512 -0.079061
vn -0.261903 0.964736 -0.026284
vn -0.305594 0.952155 0.003797
vn -0.081857 0.996195 0.029917
vn -0.080828 0.996047 0.036847
vn 0.205760 0.978048 0.032955
vn 0.168281 0.985110 0.035205
vn 0.531199 0.847125 -0.014379
vn 0.228441 0.964120 0.135234
vn 0.083459 0.993301 0.079919
vn 0.061649 0.994465 0.085086
vn -0.067865 0.997657 0.008684
vn -0.059323 0.998232 0.003750
vn -0.153233 0.984928 -0.080228
vn -0.124838 0.988110 -0.089746
vn -0.187709 0.966316 -0.176062
vn -0.127760 0.973642 -0.188943
vn -0.159548 0.947668 -0.276533
vn -0.068996 0.954823 -0.289056
vn -0.091756 0.924036 -0.371132
vn -0.006773 0.925008 -0.379887
vn -0.075149 0.885890 -0.457768
vn 0.042300 0.880470 -0.472210
vn -0.069436 0.840241 -0.537748
vn 0.058904 0.822137 -0.566234
vn -0.060743 0.787441 -0.613389
vn 0.081764 0.776393 -0.624922
vn -0.049803 0.727419 -0.684384
vn 0.596741 -0.000956 -0.802434
vn 0.684935 0.051046 -0.726814
vn 0.806733 0.095616 -0.583128
vn 0.906597 0.153952 -0.392913
vn 0.946222 0.256192 -0.197561
vn 0.493652 0.053553 -0.868009
vn 0.503279 -0.000000 -0.864124
vn 0.556413 0.012530 -0.830812
vn 0.597303 0.060799 -0.799708
vn 0.728357 0.113363 -0.675755
vn 0.854116 0.183261 -0.486725
vn 0.917510 0.270349 -0.291695
vn 0.902198 0.409365 -0.135865
vn 0.780482 0.624488 -0.029365
vn 0.506003 0.860678 0.056515
vn 0.120169 0.990342 0.069149
vn -0.076236 0.996974 0.015176
vn -0.181999 0.980942 -0.068037
vn -0.232863 0.959140 -0.160704
vn -0.239658 0.935965 -0.257940
vn -0.204827 0.912649 -0.353720
vn -0.208221 0.874442 -0.438172
vn -0.222106 0.828473 -0.514102
vn -0.232085 0.776206 -0.586209
vn -0.238846 0.717446 -0.654389
vn -0.242911 0.651887 -0.718358
vn -0.206406 0.579146 -0.788661
vn -0.005915 0.501182 -0.865322
vn 0.186454 0.397137 -0.898620
vn 0.513087 -0.016009 -0.858188
vn 0.484705 0.000000 -0.874677
vn 0.470594 0.077017 -0.878982
vn 0.461505 0.004617 -0.887126
vn 0.470039 -0.012070 -0.882563
vn 0.471293 0.144595 -0.870043
vn 0.475928 0.228652 -0.849241
vn 0.479213 0.134211 -0.867377
vn 0.501529 0.225360 -0.835273
vn 0.542276 0.124560 -0.830916
vn 0.567688 0.212953 -0.795224
vn 0.624805 0.130317 -0.769829
vn 0.661318 0.223016 -0.716186
vn 0.776622 0.206278 -0.595238
vn 0.809760 0.339089 -0.478861
vn 0.877556 0.311000 -0.364931
vn 0.842973 0.484391 -0.234014
vn 0.880206 0.434742 -0.190359
vn 0.726626 0.681995 -0.083050
vn 0.788200 0.609593 -0.084476
vn 0.559696 0.828662 0.007685
vn 0.170169 0.984122 0.050474
vn -0.082169 0.996357 0.022817
vn -0.217911 0.974649 -0.050736
vn -0.279113 0.949844 -0.141041
vn -0.360777 0.909006 -0.208682
vn -0.299843 0.924273 -0.236251
vn -0.323007 0.883357 -0.339626
vn -0.323587 0.856623 -0.401857
vn 0.788106 0.518329 -0.332001
vn 0.684530 0.543028 -0.486353
vn 0.692701 0.356186 -0.627134
vn 0.593828 0.511928 -0.620724
vn 0.592375 0.336885 -0.731848
vn 0.509802 0.521548 -0.684171
vn 0.516281 0.350194 -0.781549
vn 0.466516 0.509156 -0.723272
vn 0.480102 0.349809 -0.804447
vn 0.497850 0.430460 -0.752894
vn 0.510891 0.294380 -0.807670
vn 0.562814 0.356057 -0.745965
vn 0.578836 0.228154 -0.782876
vn 0.674535 0.286483 -0.680390
vn 0.650414 0.421142 -0.632140
vn 0.530264 0.500087 -0.684641
vn 0.458447 0.593778 -0.661252
vn 0.406052 0.704946 -0.581526
vn 0.441650 0.734739 -0.514883
vn 0.263782 0.925555 -0.271601
vn 0.520674 0.733870 -0.436272
vn 0.311452 0.931209 -0.189334
vn 0.571042 0.769307 -0.286492
vn 0.295541 0.952825 -0.069145
vn 0.407737 0.912056 -0.043634
vn 0.044566 0.997210 0.059878
vn 0.236255 0.970968 0.037485
vn -0.049894 0.996951 0.059987
vn -0.110258 0.992539 0.052065
vn -0.334639 0.941815 0.031642
vn -0.546994 0.836277 -0.037936
vn -0.840597 0.472878 -0.264165
vn -0.964788 -0.022049 -0.262103
vn 0.385125 -0.922804 -0.010569
vn 0.406416 -0.899370 -0.161122
vn 0.008004 -0.998961 0.044870
vn 0.409913 -0.892722 0.187131
vn 0.632387 -0.743065 0.218954
vn 0.627813 -0.765979 0.138300
vn 0.789712 -0.580423 0.198656
vn 0.847720 -0.521911 0.094765
vn 0.912409 -0.377751 0.157526
vn -0.135041 -0.909293 0.393637
vn -0.180888 -0.719525 0.670495
vn 0.844241 -0.036853 -0.534695
vn 0.916540 -0.032922 -0.398585
vn 0.997325 -0.061890 0.038888
vn 0.999371 -0.034418 0.008596
vn 0.992211 -0.032132 -0.120357
vn -0.996208 -0.086600 -0.008380
vn -0.946374 -0.311217 -0.086724
vn -0.968010 -0.225496 -0.110040
vn -0.972313 -0.217331 -0.085880
vn -0.900193 -0.433251 -0.044120
vn -0.917814 -0.393816 -0.050261
vn -0.936975 -0.344119 -0.060504
vn -0.953491 -0.298239 -0.043686
vn -0.908467 -0.417053 -0.027482
vn -0.716824 -0.091312 -0.691249
vn -0.608163 -0.102030 -0.787228
vn -0.622680 -0.192745 -0.758366
vn 0.281779 -0.090112 -0.955239
vn 0.218883 -0.101415 -0.970466
vn 0.191411 -0.710545 -0.677118
vn -0.869237 -0.494276 -0.010896
vn -0.870842 -0.490956 0.024426
vn -0.929703 -0.368014 0.014758
vn -0.374121 -0.752808 -0.541585
vn -0.341068 -0.803037 -0.488676
vn -0.426744 -0.804289 -0.413533
vn -0.853890 -0.449519 -0.262305
vn -0.855481 -0.438595 -0.275294
vn -0.917626 -0.296755 -0.264384
vn -0.083289 -0.990006 -0.113805
vn 0.017274 -0.994197 -0.106180
vn 0.011833 -0.994799 -0.101167
vn 0.014657 -0.989165 -0.146075
vn 0.010867 -0.988875 -0.148350
vn -0.102487 -0.992420 -0.067823
vn 0.689287 -0.701407 0.181415
vn 0.551401 -0.823576 0.132964
vn 0.453225 -0.592894 -0.665630
vn 0.461489 -0.582294 -0.669299
vn 0.487681 -0.406778 -0.772463
vn 0.492631 -0.431055 -0.755980
vn 0.486075 -0.270658 -0.830949
vn 0.469468 -0.065053 -0.880550
vn 0.516893 -0.086053 -0.851714
vn 0.574429 -0.112497 -0.810787
vn 0.629808 -0.049601 -0.775166
vn 0.723018 -0.076558 -0.686574
vn 0.819501 -0.071829 -0.568558
vn 0.921701 -0.095862 -0.375870
vn 0.971264 -0.093123 -0.219030
vn 0.474406 -0.151296 -0.867207
vn 0.506348 -0.296473 -0.809763
vn 0.510052 -0.185350 -0.839936
vn 0.559950 -0.342724 -0.754318
vn 0.576714 -0.218110 -0.787293
vn 0.647195 -0.423574 -0.633817
vn 0.683706 -0.276917 -0.675176
vn 0.720308 -0.482966 -0.497896
vn 0.772857 -0.381269 -0.507273
vn 0.781114 -0.532367 -0.326262
vn 0.844759 -0.411211 -0.342474
vn 0.813321 -0.560340 -0.156616
vn 0.885323 -0.435665 -0.162478
vn 0.828947 -0.558815 -0.023937
vn 0.779402 -0.245080 -0.576600
vn 0.884282 -0.277749 -0.375367
vn 0.994796 -0.096171 -0.033659
vn 0.990172 -0.081858 0.113400
vn 0.936254 -0.297134 -0.187454
vn 0.952027 -0.304523 -0.030171
vn 0.901898 -0.430536 -0.034909
vn 0.910569 -0.401994 0.096258
vn 0.695410 -0.163080 -0.699864
vn 0.808981 -0.164762 -0.564273
vn 0.902415 -0.186918 -0.388212
vn 0.959158 -0.200387 -0.199654
vn 0.977878 -0.205612 -0.038444
vn 0.974471 -0.187438 0.123586
vn 0.971635 -0.110943 0.208848
vn 0.957097 -0.086273 0.276626
vn 0.938131 -0.213501 0.272631
vn 0.917349 -0.292253 0.270293
vn 0.930203 -0.299717 0.211878
vn 0.955160 -0.201446 0.217000
vn 0.949697 -0.287343 0.124541
vn 0.871827 -0.477284 0.110085
vn 0.785399 -0.608892 0.111347
vn 0.848655 -0.488291 0.203363
vn 0.769639 -0.614750 0.172451
vn 0.795964 -0.562256 0.224297
vn 0.896482 -0.393715 0.203247
vn 0.865497 -0.432697 0.252363
vn 0.233511 -0.910530 -0.341186
vn 0.269945 -0.878011 -0.395254
vn 0.364309 -0.769952 -0.523882
vn 0.372873 -0.781867 -0.499649
vn 0.095755 -0.978774 -0.181195
vn 0.093122 -0.973706 -0.207904
vn 0.116610 -0.961862 -0.247436
vn 0.206763 -0.933413 -0.293240
vn 0.366063 -0.795118 -0.483514
vn 0.250603 -0.919438 -0.303038
vn 0.686696 -0.714158 0.135750
vn 0.544340 -0.834120 0.089097
vn 0.685103 -0.724775 0.073041
vn 0.538561 -0.841823 0.035867
vn 0.696963 -0.716588 -0.027279
vn 0.536180 -0.842905 -0.044976
vn 0.693360 -0.706944 -0.139577
vn 0.563251 -0.815032 -0.135909
vn 0.674633 -0.680346 -0.286356
vn 0.396162 -0.912717 -0.100012
vn 0.428620 -0.903360 -0.015049
vn 0.300642 -0.952223 -0.053712
vn 0.424026 -0.904704 0.041378
vn 0.286790 -0.957688 0.024198
vn 0.407946 -0.908898 0.086515
vn 0.528767 -0.482914 -0.697997
vn 0.587644 -0.570623 -0.573641
vn 0.496743 -0.716207 -0.490198
vn 0.521563 -0.767203 -0.373325
vn 0.373938 -0.879737 -0.293656
vn 0.379909 -0.903592 -0.197968
vn 0.245652 -0.954818 -0.167263
vn 0.254193 -0.961050 -0.108483
vn 0.120258 -0.987762 -0.099324
vn 0.201633 -0.977641 -0.059684
vn 0.106998 -0.991002 -0.080415
vn 0.194036 -0.980974 0.006344
vn 0.119401 -0.992628 -0.020818
vn 0.636402 -0.631851 -0.442443
vn 0.540150 -0.805786 -0.242789
vn 0.034494 -0.988884 -0.144632
vn -0.010497 -0.991519 -0.129536
vn -0.103513 -0.990571 -0.089747
vn -0.278238 -0.960328 0.018815
vn -0.255769 -0.965941 -0.039244
vn -0.372898 -0.927370 0.030525
vn -0.380905 -0.924122 -0.030176
vn -0.517651 -0.853263 0.063085
vn -0.678434 -0.733820 0.035160
vn -0.612723 -0.788525 0.052905
vn -0.546204 -0.837418 -0.019810
vn -0.696067 -0.716462 -0.046604
vn -0.756220 -0.654317 0.000276
vn -0.371835 -0.919781 -0.125467
vn -0.245413 -0.965649 -0.085405
vn -0.093515 -0.990764 -0.098191
vn 0.003870 -0.993279 -0.115682
vn -0.896944 -0.429515 -0.104920
vn -0.862479 -0.500384 -0.075802
vn -0.817007 -0.568705 -0.095264
vn -0.806196 -0.590955 -0.028648
vn -0.882929 -0.444557 -0.151015
vn -0.870777 -0.432244 -0.234333
vn -0.927588 -0.291880 -0.233208
vn -0.940969 -0.288843 -0.176483
vn -0.955655 -0.198647 -0.217402
vn -0.180225 -0.977399 -0.110501
vn -0.287684 -0.947092 -0.142321
vn -0.262583 -0.949547 -0.171495
vn -0.107134 -0.990219 -0.089384
vn -0.167752 -0.975762 -0.140525
vn -0.083351 -0.989067 -0.121654
vn -0.212942 -0.966412 -0.143887
vn 0.011044 -0.998684 -0.050077
vn -0.393486 -0.902175 -0.176774
vn -0.536415 -0.832080 -0.141071
vn -0.400972 -0.897566 -0.183294
vn -0.520465 -0.828148 -0.208053
vn -0.522491 -0.825833 -0.212140
vn 0.469702 -0.638086 -0.610104
vn 0.366408 -0.847480 -0.384086
vn 0.244157 -0.941456 -0.232482
vn 0.102379 -0.985834 -0.132856
vn -0.941707 -0.199938 -0.270579
vn -0.959730 -0.099473 -0.262723
vn -0.959993 -0.111297 -0.256958
vn -0.960871 -0.111280 -0.253660
vn -0.948106 -0.198501 -0.248380
vn -0.664063 -0.706885 -0.243588
vn -0.782982 -0.561784 -0.267092
vn -0.787150 -0.563323 -0.251119
vn -0.665437 -0.709207 -0.232852
vn -0.801276 -0.564024 -0.199586
vn -0.681875 -0.711860 -0.168231
vn -0.005593 -0.999958 -0.007231
vn 0.024554 -0.994626 -0.100582
vn 0.053247 -0.979675 -0.193393
vn 0.084743 -0.951897 -0.294468
vn 0.118515 -0.897385 -0.425034
vn -0.281633 -0.957752 0.058262
vn -0.333632 -0.942046 0.035211
vn -0.078334 -0.996109 0.040375
vn -0.549896 -0.833707 0.050470
vn -0.598778 -0.800571 0.023478
vn -0.484083 -0.870826 -0.085597
vn -0.579429 -0.802648 -0.141488
vn -0.448319 -0.880544 -0.153795
vn -0.290365 -0.954804 0.063541
vn -0.454804 -0.888932 0.054346
vn 0.174841 -0.770527 -0.612959
vn 0.145717 -0.850099 -0.506062
vn 0.129086 -0.853995 -0.504013
vn -0.618420 -0.784474 0.046442
vn -0.752075 -0.658276 0.032494
vn -0.754567 -0.656214 0.003371
vn -0.539755 -0.838630 0.073246
vn -0.327119 -0.941860 0.076766
vn -0.275283 -0.955674 0.104429
vn -0.054146 -0.995548 0.077146
vn -0.733856 -0.678514 0.032765
vn -0.762767 -0.646168 0.025563
vn -0.645388 -0.761872 0.055013
vn -0.679760 -0.732415 0.038670
vn -0.491115 -0.860597 0.134830
vn -0.620335 -0.775493 0.117455
vn -0.674733 -0.732126 0.093418
vn -0.398868 -0.912233 0.093460
vn -0.555038 -0.825101 0.105551
vn -0.277074 -0.956420 0.092145
vn -0.276957 -0.958804 0.063163
vn 0.213825 -0.634845 -0.742462
vn 0.231322 -0.555133 -0.798947
vn 0.248461 -0.471099 -0.846365
vn 0.261857 -0.380814 -0.886798
vn -0.983715 -0.179679 -0.004533
vn -0.964350 -0.264498 0.008310
vn -0.959870 -0.280443 -0.001368
vn -0.920675 -0.390263 0.007258
vn -0.869961 -0.492890 0.015088
vn 0.272721 -0.285453 -0.918771
vn 0.280812 -0.186230 -0.941522
vn -0.693187 -0.639957 -0.331583
vn -0.801979 -0.508465 -0.313517
vn -0.694312 -0.591481 -0.409978
vn -0.745013 -0.517714 -0.420628
vn -0.650609 -0.564680 -0.507785
vn -0.697431 -0.489822 -0.523130
vn -0.582767 -0.526284 -0.619199
vn -0.704834 -0.420802 -0.571083
vn -0.585824 -0.452231 -0.672531
vn -0.724372 -0.343586 -0.597691
vn -0.601981 -0.370965 -0.707109
vn -0.738020 -0.270382 -0.618240
vn -0.614377 -0.284353 -0.735992
vn -0.095575 -0.097522 -0.990634
vn 0.017525 -0.324305 -0.945790
vn -0.108999 -0.222155 -0.968900
vn 0.087176 -0.220214 -0.971548
vn 0.108159 -0.107001 -0.988358
vn -0.505117 -0.832019 -0.229348
vn -0.583300 -0.767986 -0.264497
vn -0.471217 -0.817823 -0.330334
vn -0.537868 -0.753007 -0.379051
vn -0.481598 -0.726855 -0.489638
vn -0.395599 -0.693299 -0.602360
vn -0.233858 -0.717652 -0.655961
vn -0.238187 -0.652023 -0.719815
vn -0.032410 -0.658354 -0.752011
vn -0.056639 -0.587982 -0.806889
vn 0.128498 -0.574935 -0.808046
vn -0.009690 -0.503033 -0.864213
vn 0.170577 -0.489111 -0.855380
vn 0.004255 -0.413593 -0.910452
vn 0.186788 -0.400157 -0.897210
vn 0.200698 -0.305861 -0.930682
vn 0.211845 -0.207100 -0.955108
vn -0.226889 -0.776485 -0.587871
vn -0.044589 -0.725845 -0.686411
vn 0.133863 -0.645876 -0.751615
vn -0.716874 -0.188001 -0.671378
vn -0.807978 -0.176446 -0.562173
vn -0.812624 -0.074155 -0.578052
vn -0.437869 -0.109876 -0.892299
vn 0.166102 -0.984595 0.054623
vn -0.088091 -0.995503 0.034840
vn -0.312358 -0.949923 0.008869
vn -0.560029 -0.828128 -0.023931
vn -0.650885 -0.756237 -0.066748
vn -0.781951 -0.619385 -0.070103
vn -0.686124 -0.705410 -0.177851
vn -0.743131 -0.637529 -0.203256
vn -0.639258 -0.706277 -0.304175
vn -0.580891 -0.693515 -0.426147
vn -0.618199 -0.630776 -0.468991
vn -0.512681 -0.665847 -0.542039
vn -0.539752 -0.600133 -0.590346
vn -0.413717 -0.628025 -0.659108
vn -0.454655 -0.554108 -0.697319
vn -0.278078 -0.578503 -0.766816
vn -0.444590 -0.477466 -0.757869
vn -0.244368 -0.499091 -0.831380
vn -0.453697 -0.393056 -0.799791
vn -0.242222 -0.411507 -0.878630
vn -0.459768 -0.302139 -0.835060
vn -0.238356 -0.316686 -0.918094
vn -0.462586 -0.205206 -0.862499
vn -0.272711 -0.222546 -0.936003
vn -0.267092 -0.111045 -0.957252
vn -0.998619 -0.052499 0.001891
vn -0.995868 -0.090809 0.001340
vn -0.990927 -0.134286 0.005557
vn -0.979346 -0.202158 0.003824
vn -0.799447 -0.566498 -0.199912
vn -0.884657 -0.434037 -0.170277
vn -0.833197 -0.492051 -0.252325
vn -0.918481 -0.345178 -0.192987
vn -0.883994 -0.380169 -0.272079
vn -0.942314 -0.261333 -0.209163
vn -0.910785 -0.289724 -0.294161
vn -0.961514 -0.174599 -0.212148
vn -0.933537 -0.194604 -0.301063
vn -0.969493 -0.116866 -0.215465
vn -0.942878 -0.130576 -0.306483
vn -0.972418 -0.050613 -0.227686
vn -0.950805 -0.057346 -0.304435
vn -0.909962 -0.062233 -0.409996
vn -0.759900 -0.464139 -0.455111
vn -0.848601 -0.400038 -0.346187
vn -0.794319 -0.393167 -0.463117
vn -0.876947 -0.306087 -0.370507
vn -0.805561 -0.321812 -0.497503
vn -0.894592 -0.214844 -0.391851
vn -0.821561 -0.246129 -0.514255
vn -0.905065 -0.144520 -0.399965
vn -0.845770 -0.178113 -0.502941
vn -0.857884 -0.081560 -0.507330
vn -0.822164 -0.559503 -0.104897
vn -0.873073 -0.480910 -0.080428
vn -0.926813 -0.374999 -0.019832
vn -0.916206 -0.391288 -0.086369
vn -0.959879 -0.278727 -0.030717
vn -0.951086 -0.294873 -0.092111
vn -0.977374 -0.207922 -0.038839
vn -0.969571 -0.222107 -0.102961
vn -0.989725 -0.137935 -0.037672
vn -0.983832 -0.147302 -0.101865
vn -0.994999 -0.092100 -0.038657
vn -0.989857 -0.097462 -0.103360
vn -0.998292 -0.038963 -0.043541
vn -0.993360 -0.050922 -0.103167
vn -0.720636 -0.690379 0.063715
vn -0.773074 -0.633214 0.037366
vn -0.796647 -0.603208 0.038647
vn -0.857504 -0.514376 -0.010177
vn -0.861943 -0.506949 -0.007600
vn -0.979871 -0.192264 -0.053741
vn -0.993678 -0.098416 -0.054018
vn -0.989970 -0.101878 -0.097883
vn -0.980750 -0.131371 -0.144471
vn -0.628432 -0.772006 0.095295
vn -0.720847 -0.688034 0.083600
vn -0.770911 -0.634138 0.059718
vn -0.813658 -0.581236 0.011187
vn -0.885170 -0.464491 -0.026880
vn -0.843133 -0.537698 -0.002886
vn 0.661741 -0.075630 0.745908
vn -0.071135 -0.105066 0.991918
vn 0.901368 -0.041826 0.431030
vn 0.974998 -0.023642 0.220954
vn -0.106599 -0.222931 0.968988
vn -0.129399 -0.320123 0.938497
vn 0.996474 -0.010398 0.083257
vn 0.999774 -0.020229 -0.006501
vn 0.995312 -0.029376 0.092143
vn 0.991048 -0.054839 0.121726
vn 0.982176 -0.092697 0.163514
vn 0.026114 -0.550977 0.834112
vn -0.177157 -0.450328 0.875112
vn 0.109041 -0.430084 0.896180
vn 0.182209 -0.288249 0.940060
vn 0.259409 -0.187687 0.947354
vn 0.346036 -0.103486 0.932497
vn -0.211262 -0.571139 0.793202
vn 0.941577 -0.063214 0.330812
vn 0.825637 -0.103553 0.554618
vn 0.910964 -0.109988 0.397551
vn 0.779683 -0.173285 0.601719
vn 0.874912 -0.174247 0.451848
vn 0.721119 -0.255694 0.643901
vn 0.823232 -0.256150 0.506633
vn 0.663044 -0.343942 0.664889
vn 0.726926 -0.368635 0.579385
vn 0.576623 -0.438829 0.689155
vn 0.367280 -0.578618 0.728221
vn 0.372393 -0.461917 0.804957
vn 0.481694 -0.358000 0.799879
vn 0.500512 -0.248914 0.829174
vn 0.574516 -0.156925 0.803309
vn 0.090574 -0.633890 0.768101
vn 0.965527 -0.147065 0.214779
vn 0.991648 -0.101274 0.079857
vn 0.993964 -0.056601 -0.093978
vn 0.968239 -0.028155 -0.248437
vn 0.992586 -0.015959 -0.120490
vn 0.964061 -0.026440 -0.264360
vn 0.910756 -0.286485 0.297405
vn 0.979362 -0.155854 0.128684
vn 0.994160 -0.091000 -0.058011
vn 0.967630 -0.051269 -0.247110
vn -0.169982 -0.839971 0.515319
vn 0.126135 -0.949047 0.288792
vn 0.202130 -0.876881 0.436146
vn 0.263294 -0.877429 0.400992
vn 0.344670 -0.777407 0.526157
vn 0.439399 -0.759087 0.480328
vn 0.518238 -0.636414 0.571320
vn 0.651772 -0.557377 0.514319
vn -0.089632 -0.957024 0.275810
vn -0.064626 -0.980120 0.187586
vn -0.033018 -0.995290 0.091151
vn 0.042797 -0.745861 0.664726
vn -0.038215 -0.837155 0.545629
vn -0.058448 -0.905439 0.420434
vn -0.045515 -0.956808 0.287135
vn -0.036379 -0.980606 0.192583
vn -0.022810 -0.995149 0.095699
vn -0.005808 -0.999982 -0.001632
vn 0.013935 -0.995026 -0.098637
vn 0.035757 -0.980234 -0.194584
vn 0.058850 -0.955954 -0.287555
vn 0.093260 -0.908521 -0.407300
vn 0.815652 -0.356061 0.455997
vn 0.625381 -0.495161 0.603087
vn 0.328358 -0.696414 0.638113
vn 0.162241 -0.817028 0.553303
vn 0.079079 -0.901066 0.426410
vn 0.051369 -0.955521 0.290414
vn 0.062199 -0.978968 0.194300
vn 0.020284 -0.980927 0.193316
vn 0.013190 -0.995211 0.096853
vn -0.000505 -0.995596 0.093746
vn -0.023039 -0.999734 -0.001417
vn -0.012269 -0.999907 -0.005948
vn -0.048478 -0.993939 -0.098672
vn -0.016374 -0.994375 -0.104646
vn -0.065008 -0.978875 -0.193848
vn -0.014093 -0.979379 -0.201540
vn -0.074046 -0.955478 -0.285621
vn -0.006491 -0.955463 -0.295041
vn -0.057752 -0.923570 -0.379056
vn 0.043044 -0.916724 -0.397195
vn 0.029304 -0.890320 -0.454391
vn 0.915259 -0.195437 0.352285
vn 0.948681 -0.125079 0.290447
vn 0.968767 -0.074884 0.236395
vn 0.980375 -0.042959 0.192404
vn 0.566666 -0.714929 0.409593
vn 0.413991 -0.843942 0.341136
vn 0.348820 -0.856390 0.380686
vn 0.255193 -0.932893 0.254142
vn 0.195597 -0.942270 0.271789
vn 0.139997 -0.974249 0.176745
vn 0.102607 -0.977243 0.185653
vn 0.036684 -0.995229 0.090407
vn 0.024249 -0.995366 0.093054
vn -0.053065 -0.998591 0.000326
vn -0.040104 -0.999194 -0.001764
vn -0.128901 -0.987643 -0.089140
vn -0.091869 -0.991158 -0.095738
vn -0.191997 -0.965594 -0.175398
vn -0.132936 -0.973300 -0.187125
vn -0.244067 -0.935031 -0.257193
vn -0.164914 -0.947273 -0.274730
vn -0.272927 -0.899512 -0.341160
vn -0.168820 -0.915682 -0.364727
vn -0.202789 -0.874832 -0.439939
vn -0.069611 -0.884840 -0.460664
vn -0.063874 -0.839002 -0.540366
vn 0.024996 -0.843097 -0.537180
vn 0.095752 -0.777759 -0.621227
vn 0.859647 -0.429565 0.276551
vn 0.707159 -0.652552 0.272218
vn 0.666753 -0.659409 0.347305
vn 0.543552 -0.794564 0.270590
vn 0.488620 -0.812862 0.317027
vn 0.344545 -0.914052 0.214003
vn 0.296314 -0.925388 0.236338
vn 0.200059 -0.967155 0.156804
vn 0.167014 -0.971552 0.167907
vn 0.059113 -0.994445 0.087086
vn 0.046037 -0.994986 0.088794
vn -0.071433 -0.997387 0.010783
vn -0.062790 -0.998016 0.004620
vn -0.186042 -0.980329 -0.065905
vn -0.157031 -0.984402 -0.079333
vn -0.283352 -0.948912 -0.138848
vn -0.236828 -0.958329 -0.159741
vn -0.365022 -0.907829 -0.206409
vn -0.303857 -0.923231 -0.235195
vn -0.420751 -0.866888 -0.267348
vn -0.376566 -0.863758 -0.334844
vn 0.784370 -0.477425 0.396017
vn 0.371755 -0.919971 0.124305
vn 0.249360 -0.958400 0.138882
vn 0.116459 -0.990502 0.073098
vn 0.080796 -0.993268 0.083007
vn -0.087936 -0.995751 0.027333
vn -0.080387 -0.996591 0.018547
vn -0.268396 -0.963067 -0.021598
vn -0.222728 -0.973734 -0.047282
vn -0.325778 -0.939324 -0.107417
vn 0.536375 -0.843661 -0.023222
vn 0.599144 -0.800358 -0.021298
vn 0.758733 -0.648444 -0.062010
vn 0.754377 -0.655996 -0.024189
vn 0.892464 -0.449494 -0.038256
vn 0.498416 -0.864419 0.066040
vn 0.209139 -0.977227 0.035879
vn -0.021186 -0.998547 0.049550
vn -0.075551 -0.995637 0.054759
vn 0.590443 -0.051737 -0.805419
vn 0.692971 -0.054723 -0.718886
vn 0.759117 -0.049654 -0.649058
vn 0.634343 -0.180865 -0.751597
vn 0.667815 -0.294194 -0.683720
vn 0.769645 -0.202604 -0.605474
vn 0.806695 -0.331277 -0.489385
vn 0.853708 -0.185206 -0.486705
vn 0.877936 -0.310694 -0.364277
vn 0.906721 -0.155718 -0.391930
vn 0.918146 -0.270055 -0.289964
vn 0.949189 -0.142685 -0.280501
vn 0.946881 -0.251982 -0.199805
vn 0.975598 -0.167611 -0.141828
vn 0.957146 -0.273666 -0.094753
vn 0.969112 -0.244916 0.028931
vn 0.114107 -0.715854 -0.688864
vn -0.055290 -0.786025 -0.615717
vn -0.216761 -0.828817 -0.515827
vn -0.338497 -0.848414 -0.406956
vn 0.945535 -0.273304 0.176832
vn 0.989142 -0.146066 -0.016219
vn 0.975312 -0.098964 -0.197415
vn 0.930979 -0.076179 -0.357037
vn 0.873388 -0.080092 -0.480394
vn 0.806624 -0.099422 -0.582643
vn 0.721801 -0.113499 -0.682730
vn 0.603993 -0.101550 -0.790494
vn 0.510517 -0.062878 -0.857566
vn 0.681190 -0.458845 -0.570475
vn 0.792689 -0.506483 -0.339292
vn 0.845179 -0.481237 -0.232558
vn 0.882217 -0.431607 -0.188174
vn 0.904470 -0.408146 -0.123897
vn 0.619996 -0.679203 -0.392796
vn 0.673268 -0.718961 -0.172641
vn 0.710893 -0.695190 -0.106499
vn 0.768309 -0.632037 -0.101147
vn 0.939579 -0.340781 0.032566
vn -0.597920 -0.794016 0.109680
vn -0.460346 -0.877408 0.135046
vn -0.257925 -0.960389 0.105493
vn 0.174087 -0.983794 0.042922
vn 0.259662 -0.965355 0.025788
vn 0.562481 -0.826693 0.013932
vn 0.729272 -0.682881 0.042848
vn 0.555181 -0.127255 -0.821937
vn 0.492281 -0.135848 -0.859770
vn 0.567747 -0.210473 -0.795842
vn 0.502788 -0.223250 -0.835083
vn 0.592300 -0.334968 -0.732787
vn 0.517499 -0.348612 -0.781450
vn 0.592831 -0.511002 -0.622438
vn 0.510545 -0.520746 -0.684228
vn 0.517342 -0.734383 -0.439361
vn 0.441015 -0.734788 -0.515357
vn 0.304130 -0.932648 -0.194093
vn 0.260816 -0.925921 -0.273214
vn -0.002845 -0.999969 0.007311
vn 0.016701 -0.997365 -0.070594
vn -0.129093 -0.991385 -0.022137
vn -0.972007 -0.162656 -0.169547
vn -0.958767 -0.251870 -0.131630
vn -0.923818 -0.371595 -0.092070
vn -0.892278 -0.448103 -0.055158
vn -0.450735 -0.022555 0.892373
vn -0.455297 0.002541 0.890336
vn -0.459078 -0.009083 0.888349
vn -0.817497 -0.321923 0.477561
vn -0.889830 -0.272198 0.366213
vn -0.862047 -0.197050 0.466954
vn 0.150452 -0.828429 -0.539509
vn 0.162104 -0.805034 -0.570651
vn 0.171673 -0.782738 -0.598206
vn 0.199438 -0.523245 -0.828516
vn 0.195960 -0.460398 -0.865814
vn 0.146262 -0.490889 -0.858857
vn 0.241496 -0.251592 -0.937220
vn 0.223284 -0.158967 -0.961704
vn 0.171376 -0.217896 -0.960808
vn -0.971602 -0.003219 -0.236601
vn -0.972061 0.006249 -0.234644
vn -0.984030 -0.019989 -0.176879
vn 0.717837 -0.693074 -0.066011
vn 0.772835 -0.633532 -0.036932
vn 0.809256 -0.586647 -0.030816
vn 0.857312 -0.514689 0.010570
vn 0.732675 -0.474225 0.488157
vn 0.676275 -0.496343 0.544332
vn 0.655295 -0.558589 0.508495
vn 0.159788 -0.982215 -0.098595
vn 0.207620 -0.972830 -0.102451
vn 0.010085 -0.997758 -0.066160
vn -0.171723 -0.800674 0.573962
vn -0.159826 -0.843366 0.513020
vn -0.169028 -0.819344 0.547819
vn 0.029450 -0.994554 0.099973
vn 0.007005 -0.995067 0.098955
vn 0.008097 -0.999967 0.000247
vn 0.844451 -0.464133 0.267364
vn 0.864338 -0.426995 0.265696
vn 0.880788 -0.390495 0.267817
vn 0.915677 -0.295029 0.272935
vn 0.940673 -0.196070 0.276930
vn 0.948129 -0.198479 0.248309
vn 0.549475 -0.830224 0.093836
vn 0.522284 -0.835878 0.168903
vn 0.610668 -0.777905 0.148151
vn -0.014069 -0.989282 0.145340
vn 0.001423 -0.989367 0.145431
vn 0.105813 -0.992460 0.061865
vn -0.898469 -0.345460 -0.270944
vn -0.886110 -0.374766 -0.272690
vn -0.883532 -0.394621 -0.252279
vn -0.862297 -0.435212 -0.258910
vn -0.841552 -0.474138 -0.258809
vn -0.841669 -0.484680 -0.238070
vn -0.945770 -0.152900 -0.286601
vn -0.943335 -0.163805 -0.288596
vn -0.941251 -0.200846 -0.271490
vn -0.926511 -0.251066 -0.280258
vn -0.920206 -0.270846 -0.282601
vn -0.916921 -0.299708 -0.263497
vn -0.981167 0.000000 -0.193162
vn -0.967778 0.000000 -0.251804
vn -0.965259 -0.092340 -0.244437
vn 0.957610 -0.000092 0.288067
vn 0.960019 -0.020000 0.279218
vn 0.957542 -0.053087 0.283363
vn 0.956121 -0.096504 0.276623
vn 0.948686 -0.132508 0.287118
vn 0.897940 -0.342835 0.275985
vn 0.957566 0.000000 0.288215
vn 0.925690 -0.251845 0.282263
vn 0.935483 -0.222692 0.274373
vn 0.944053 -0.158364 0.289284
vn -0.477997 0.004023 0.878352
vn -0.504216 -0.000000 0.863578
vn -0.500793 -0.043332 0.864482
vn -0.553054 -0.007175 0.833115
vn -0.587510 -0.063622 0.806712
vn -0.608253 0.011194 0.793664
vn -0.711921 -0.069499 0.698812
vn -0.669603 0.010911 0.742640
vn -0.765597 0.000000 0.643321
vn -0.817016 -0.082985 0.570612
vn -0.777339 0.000000 0.629082
vn -0.869995 0.000000 0.493060
vn -0.914256 -0.094964 0.393851
vn -0.886612 -0.000000 0.462515
vn -0.950551 0.000000 0.310567
vn -0.973775 -0.103022 0.202852
vn -0.963822 0.000000 0.266547
vn -0.991574 0.000000 0.129544
vn -0.993706 -0.104630 0.040009
vn -0.996306 -0.000000 0.085875
vn -0.999863 0.000000 -0.016570
vn -0.992954 -0.092051 -0.074625
vn -0.997912 -0.000000 -0.064583
vn -0.992481 0.000000 -0.122399
vn -0.984209 -0.000000 -0.177010
vn -0.979140 -0.113448 -0.168568
vn -0.973193 -0.199473 -0.114486
vn -0.977863 -0.206041 0.036494
vn -0.959519 -0.200790 0.197504
vn -0.902421 -0.186855 0.388229
vn -0.807666 -0.164045 0.566361
vn -0.704813 -0.139058 0.695630
vn -0.965146 0.000000 -0.261711
vn -0.957321 0.015649 -0.288604
vn -0.956116 -0.097576 -0.276264
vn -0.957266 -0.015299 -0.288803
vn -0.955221 -0.054733 -0.290787
vn -0.955406 -0.201083 -0.216252
vn -0.930098 -0.299480 -0.212674
vn -0.949501 -0.287354 -0.126002
vn -0.915519 -0.382938 -0.123219
vn -0.951937 -0.304983 0.028313
vn -0.916446 -0.399511 0.022768
vn -0.936534 -0.297650 0.185223
vn -0.903991 -0.390698 0.173656
vn -0.884364 -0.277809 0.375130
vn -0.858062 -0.366310 0.359926
vn -0.794580 -0.244839 0.555605
vn -0.896414 -0.393505 -0.203949
vn -0.873125 -0.473227 -0.117084
vn -0.872283 -0.488602 0.019762
vn -0.862632 -0.478894 0.162869
vn -0.854661 -0.482400 -0.191951
vn -0.805505 -0.565557 -0.176937
vn -0.823117 -0.557540 -0.107834
vn -0.766210 -0.635419 -0.095732
vn -0.820336 -0.571560 0.019159
vn -0.791914 -0.569193 -0.221116
vn -0.734798 -0.647615 -0.201660
vn -0.749539 -0.642541 -0.159162
vn -0.818635 -0.519707 -0.244422
vn -0.580423 -0.173545 0.795608
vn -0.695443 -0.208406 0.687696
vn -0.683156 -0.278503 0.675081
vn -0.775942 -0.324948 0.540669
vn -0.751368 -0.404102 0.521678
vn -0.823749 -0.451547 0.342845
vn -0.781677 -0.532832 0.324148
vn -0.813228 -0.561490 0.152931
vn -0.756498 -0.637968 0.143900
vn -0.761411 -0.647936 0.020800
vn -0.696187 -0.717441 0.024521
vn -0.703009 -0.706548 -0.081039
vn -0.634012 -0.770669 -0.064020
vn -0.687255 -0.713017 -0.138879
vn -0.619059 -0.776681 -0.116334
vn -0.674240 -0.716618 -0.178491
vn -0.615609 -0.771377 -0.161256
vn -0.648590 -0.737242 -0.189225
vn -0.600244 -0.781096 -0.172033
vn -0.476756 -0.195870 0.856936
vn -0.511091 -0.182605 0.839906
vn -0.510473 -0.235932 0.826894
vn -0.575350 -0.232291 0.784228
vn -0.568584 -0.294114 0.768251
vn -0.667244 -0.349647 0.657672
vn -0.646841 -0.421981 0.635239
vn -0.720404 -0.481941 0.498748
vn -0.682548 -0.557977 0.472007
vn -0.732091 -0.609556 0.304112
vn -0.675227 -0.681153 0.283019
vn -0.693072 -0.707957 0.135822
vn -0.623486 -0.771164 0.128730
vn -0.625228 -0.779860 0.030152
vn -0.548999 -0.834980 0.037525
vn -0.559635 -0.827520 -0.044939
vn -0.480268 -0.876792 -0.024068
vn -0.545305 -0.833198 -0.091777
vn -0.461705 -0.882719 -0.087384
vn -0.539124 -0.830808 -0.138214
vn -0.192868 -0.981222 0.002202
vn -0.095694 -0.994852 0.033341
vn -0.123014 -0.989862 0.071005
vn -0.379011 -0.923493 -0.059260
vn -0.392448 -0.915460 -0.088984
vn -0.335612 -0.939720 -0.065502
vn -0.287692 -0.957289 -0.028837
vn -0.292349 -0.954660 -0.056177
vn -0.246740 -0.968424 -0.035689
vn -0.571051 -0.804214 -0.164742
vn -0.482301 -0.867462 -0.122047
vn -0.487368 -0.864947 -0.119744
vn -0.420185 -0.902527 -0.094285
vn -0.502285 -0.223359 0.835357
vn -0.481225 -0.248194 0.840727
vn -0.508678 -0.294277 0.809103
vn -0.559094 -0.359668 0.747029
vn -0.620919 -0.495413 0.607475
vn -0.637281 -0.631541 0.441620
vn -0.611313 -0.747057 0.261156
vn -0.548200 -0.827304 0.122654
vn -0.467923 -0.882546 0.046472
vn -0.396329 -0.918107 -0.001698
vn -0.787151 -0.567761 -0.240916
vn -0.768039 -0.598541 -0.227741
vn -0.723570 -0.654600 -0.218965
vn -0.710943 -0.671447 -0.209093
vn 0.012537 -0.995513 0.093785
vn 0.229882 -0.973210 -0.004166
vn 0.330578 -0.943162 -0.034119
vn 0.350876 -0.932996 -0.080033
vn 0.641418 -0.761677 -0.091820
vn 0.554506 -0.825518 -0.105085
vn 0.516805 -0.854152 -0.057770
vn 0.974178 -0.146172 0.172078
vn 0.963550 -0.220225 0.151894
vn 0.949629 -0.251268 0.187265
vn 0.925414 -0.344808 0.157212
vn 0.947195 -0.295336 0.124893
vn 0.896336 -0.429138 0.111456
vn 0.923894 -0.371386 0.092151
vn 0.856097 -0.511667 0.072762
vn 0.892326 -0.448006 0.055176
vn 0.806235 -0.590607 0.034174
vn 0.746851 -0.664991 -0.001171
vn 0.678402 -0.734072 -0.030154
vn 0.601516 -0.797302 -0.049875
vn 0.001763 -0.997962 0.063784
vn 0.022553 -0.998603 0.047780
vn 0.036221 -0.997770 0.056058
vn 0.440336 -0.878025 0.187553
vn 0.353538 -0.920859 0.164405
vn 0.405922 -0.898723 0.165905
vn 0.599307 -0.767991 0.225878
vn 0.522423 -0.826904 0.208097
vn 0.562864 -0.800009 0.207773
vn 0.419752 -0.892452 0.165341
vn 0.486927 -0.852959 0.188053
vn 0.512491 -0.837971 0.187505
vn 0.126662 -0.988563 0.081848
vn 0.098935 -0.990722 0.093177
vn 0.131682 -0.987580 0.085703
vn 0.185361 -0.974960 0.122856
vn 0.226613 -0.967137 0.115298
vn 0.264404 -0.954156 0.140277
vn 0.287688 -0.948467 0.132836
vn 0.321956 -0.936189 0.141051
vn 0.667557 -0.705103 0.239157
vn 0.655301 -0.718378 0.233482
vn 0.597757 -0.770711 0.220658
vn 0.523025 -0.826607 0.207762
vn 0.443244 -0.875303 0.193336
vn 0.358812 -0.916393 0.177422
vn 0.270234 -0.949392 0.160090
vn 0.178185 -0.973776 0.141457
vn 0.079798 -0.989425 0.121126
vn 0.731560 -0.636582 0.244096
vn 0.748832 -0.633192 0.195753
vn 0.685585 -0.704954 0.181693
vn 0.969493 -0.100328 0.223646
vn 0.960196 -0.106954 0.258042
vn 0.794822 -0.566396 0.217836
vn 0.793810 -0.552700 0.253751
vn 0.844148 -0.484112 0.230327
vn 0.837745 -0.479744 0.260823
vn 0.881503 -0.404108 0.244231
vn 0.698625 -0.674213 0.239501
vn 0.749179 -0.616180 0.243009
vn 0.757968 -0.601896 0.251408
vn 0.811276 -0.523351 0.260642
vn 0.925955 -0.300324 0.228940
vn 0.961616 -0.178860 0.208098
vn 0.978105 -0.080132 0.192065
vn 0.678272 -0.699176 0.226055
vn 0.633499 -0.740323 0.224948
vn 0.599025 -0.773334 0.207662
vn 0.962235 0.022383 0.271298
vn 0.963023 -0.014673 0.269018
vn 0.969681 -0.018989 0.243637
vn 0.974752 0.000649 0.223290
vn 0.976528 0.019816 0.214475
vn 0.984609 -0.008281 0.174577
vn -0.000433 -0.999890 0.014817
vn -0.028331 -0.994129 0.104423
vn -0.012863 -0.998809 0.047058
vn 0.000236 -0.980590 0.196068
vn 0.035655 -0.979879 0.196383
vn 0.064372 -0.978783 0.194523
vn -0.043128 -0.988940 0.141909
vn -0.054229 -0.981213 0.185147
vn -0.062953 -0.976238 0.207357
vn -0.087664 -0.952958 0.290150
vn -0.075459 -0.967362 0.241904
vn -0.011275 -0.957009 0.289839
vn 0.034723 -0.956603 0.289317
vn 0.072741 -0.955451 0.286046
vn 0.118435 -0.952243 0.281438
vn -0.118513 -0.914168 0.387623
vn -0.104158 -0.936262 0.335506
vn -0.099513 -0.937165 0.334394
vn -0.026596 -0.924786 0.379558
vn 0.028054 -0.925242 0.378339
vn 0.075124 -0.924422 0.373900
vn 0.132170 -0.920547 0.367593
vn 0.220232 -0.907138 0.358607
vn 0.390746 -0.917957 0.068353
vn 0.382387 -0.919118 0.094885
vn 0.219568 -0.974480 0.046668
vn 0.495175 -0.868749 0.008816
vn 0.460886 -0.886311 0.045127
vn 0.263815 -0.964336 0.021409
vn -0.144671 -0.870488 0.470448
vn -0.148369 -0.853260 0.499934
vn -0.132670 -0.894586 0.426749
vn -0.124078 -0.899411 0.419124
vn -0.044842 -0.884345 0.464675
vn 0.016870 -0.886138 0.463115
vn 0.072757 -0.886040 0.457864
vn 0.140623 -0.881917 0.449942
vn 0.234081 -0.871290 0.431347
vn 0.321269 -0.853764 0.409723
vn -0.184845 -0.783309 0.593515
vn -0.188738 -0.767224 0.612981
vn -0.199578 -0.740424 0.641826
vn -0.208920 -0.699942 0.682960
vn -0.219008 -0.692590 0.687281
vn -0.086855 -0.780259 0.619397
vn -0.065186 -0.836062 0.544748
vn -0.014906 -0.785464 0.618727
vn 0.002238 -0.839505 0.543347
vn 0.057684 -0.787720 0.613327
vn 0.066661 -0.840466 0.537748
vn 0.145568 -0.784382 0.602955
vn 0.144815 -0.836535 0.528429
vn 0.236912 -0.775164 0.585656
vn 0.226648 -0.827465 0.513743
vn 0.315096 -0.763386 0.563876
vn 0.297816 -0.822127 0.485193
vn 0.408879 -0.740939 0.532754
vn 0.387058 -0.791923 0.472276
vn 0.485171 -0.725440 0.488206
vn -0.109130 -0.717214 0.688255
vn -0.033721 -0.724081 0.688891
vn 0.046543 -0.727727 0.684286
vn 0.143537 -0.725295 0.673308
vn 0.243825 -0.716427 0.653667
vn 0.329999 -0.704425 0.628400
vn 0.432853 -0.680632 0.591082
vn 0.505244 -0.672875 0.540340
vn 0.588841 -0.645035 0.487028
vn 0.814335 -0.580369 -0.005451
vn 0.802451 -0.596012 0.029018
vn 0.722295 -0.690401 0.040462
vn 0.639984 -0.767971 0.025333
vn 0.659788 -0.751311 -0.014570
vn 0.750386 -0.660985 -0.004405
vn 0.759172 -0.649758 -0.038373
vn 0.822791 -0.567489 -0.031181
vn 0.801795 -0.596901 -0.028883
vn 0.853448 -0.520773 -0.020538
vn 0.831467 -0.555569 -0.002207
vn 0.867173 -0.497874 0.011495
vn 0.015655 -0.997715 -0.065719
vn 0.217441 -0.973201 -0.074835
vn 0.027564 -0.998167 -0.053873
vn 0.319621 -0.940055 -0.118904
vn 0.365825 -0.923587 -0.114715
vn 0.136309 -0.990617 0.009884
vn 0.142746 -0.988783 -0.043965
vn 0.002329 -0.999323 0.036730
vn 0.134058 -0.988400 -0.071373
vn -0.018044 -0.999818 0.006164
vn 0.005312 -0.998931 -0.045924
vn 0.235860 -0.971118 -0.036063
vn 0.407091 -0.904744 -0.125362
vn 0.280081 -0.954971 -0.097901
vn 0.459938 -0.879003 -0.125743
vn 0.487486 -0.865883 -0.112271
vn 0.399278 -0.914266 -0.068524
vn 0.266013 -0.962164 -0.058969
vn 0.704725 -0.703444 -0.092353
vn 0.620107 -0.775642 -0.117675
vn 0.887179 -0.460562 0.028224
vn 0.822719 -0.568388 -0.008281
vn 0.775419 -0.629536 -0.049089
vn 0.674887 -0.731966 -0.093553
vn 0.802143 -0.596798 -0.019985
vn 0.869276 -0.494313 -0.003748
vn 0.868672 -0.494765 -0.024827
vn 0.902615 -0.430011 -0.019425
vn 0.891694 -0.452440 -0.013403
vn 0.920549 -0.390555 -0.007462
vn 0.908156 -0.418100 0.021092
vn 0.929417 -0.367485 0.033762
vn -0.219614 -0.674084 0.705252
vn -0.228863 -0.625581 0.745835
vn -0.238592 -0.608760 0.756628
vn -0.237859 -0.601446 0.762684
vn -0.243743 -0.553850 0.796140
vn -0.254867 -0.518094 0.816469
vn 0.592121 -0.594919 0.543566
vn 0.619340 -0.514577 0.592983
vn 0.510596 -0.610491 0.605469
vn 0.449551 -0.781979 0.431756
vn 0.553659 -0.707277 0.439569
vn 0.670355 -0.608768 0.424294
vn 0.703884 -0.542860 0.458095
vn 0.758456 -0.515027 0.399365
vn 0.787266 -0.447797 0.423897
vn 0.838362 -0.416782 0.351342
vn 0.568634 -0.522237 0.635550
vn 0.503445 -0.553421 0.663528
vn 0.442261 -0.625016 0.643242
vn 0.433563 -0.555137 0.709821
vn 0.341753 -0.639226 0.688909
vn 0.350714 -0.567417 0.745009
vn 0.247913 -0.650941 0.717506
vn 0.249556 -0.578359 0.776674
vn 0.139251 -0.659032 0.739111
vn 0.133144 -0.585344 0.799778
vn 0.033863 -0.660368 0.750178
vn 0.020203 -0.585546 0.810387
vn -0.053437 -0.655406 0.753384
vn -0.073331 -0.579532 0.811644
vn -0.131334 -0.647186 0.750933
vn -0.152814 -0.570457 0.806986
vn -0.219080 -0.396640 0.891448
vn -0.264096 -0.374414 0.888858
vn -0.257900 -0.466858 0.845891
vn 0.954570 -0.291216 0.063157
vn 0.941134 -0.315472 0.121428
vn 0.921465 -0.370918 0.115425
vn 0.895100 -0.406008 0.184267
vn 0.867319 -0.466653 0.173181
vn 0.826603 -0.507628 0.242983
vn 0.789201 -0.571768 0.224152
vn 0.738382 -0.611035 0.285356
vn 0.691318 -0.675500 0.256475
vn 0.637976 -0.707439 0.304164
vn 0.564478 -0.782017 0.264223
vn 0.537643 -0.788677 0.298208
vn 0.430542 -0.862276 0.266670
vn 0.882915 -0.382240 0.272680
vn 0.810682 -0.481961 0.332429
vn 0.724566 -0.580565 0.371413
vn 0.631456 -0.672163 0.386601
vn 0.512120 -0.765562 0.389421
vn 0.408330 -0.834052 0.370977
vn 0.287429 -0.897541 0.334373
vn 0.190301 -0.941951 0.276613
vn 0.098255 -0.978181 0.183053
vn 0.055832 -0.993553 0.098665
vn 0.014696 -0.999891 0.001528
vn 0.002491 -0.995056 -0.099288
vn 0.917671 -0.347049 0.193487
vn 0.857443 -0.444616 0.259052
vn 0.777687 -0.546600 0.310534
vn 0.684801 -0.644658 0.339800
vn 0.586216 -0.733150 0.344733
vn 0.464036 -0.820121 0.334771
vn 0.360244 -0.881390 0.305574
vn 0.303667 -0.923283 0.235235
vn 0.244192 -0.935004 0.257173
vn 0.191989 -0.965600 0.175378
vn 0.157851 -0.967904 0.195564
vn 0.091593 -0.990855 0.099078
vn 0.526453 -0.842951 0.110823
vn 0.573637 -0.815578 0.075985
vn 0.665565 -0.739227 0.102796
vn 0.775248 -0.627167 0.075183
vn 0.850897 -0.523768 0.040526
vn 0.902530 -0.430625 0.001564
vn 0.928298 -0.371538 -0.014939
vn 0.942650 -0.333771 -0.002614
vn 0.952870 -0.301090 0.037207
vn -0.235277 -0.480730 0.844715
vn -0.172939 -0.487366 0.855901
vn -0.110877 -0.407133 0.906614
vn -0.092707 -0.496651 0.862985
vn -0.007968 -0.413739 0.910361
vn 0.006090 -0.503268 0.864109
vn 0.116916 -0.415251 0.902163
vn 0.125590 -0.504069 0.854483
vn 0.246496 -0.410970 0.877692
vn 0.249022 -0.498400 0.830413
vn 0.360921 -0.402826 0.841110
vn 0.357082 -0.488671 0.796049
vn 0.454886 -0.393067 0.799110
vn 0.445670 -0.477395 0.757280
vn 0.532220 -0.382822 0.755108
vn 0.518920 -0.465700 0.716830
vn 0.598529 -0.372116 0.709432
vn 0.582283 -0.453495 0.674751
vn 0.659753 -0.360069 0.659603
vn 0.641453 -0.439710 0.628644
vn 0.719540 -0.345436 0.602443
vn 0.699943 -0.422896 0.575533
vn 0.777228 -0.327889 0.537033
vn 0.757083 -0.402630 0.514504
vn 0.831362 -0.307224 0.463088
vn 0.811488 -0.378608 0.445132
vn 0.880093 -0.283438 0.380919
vn 0.861374 -0.350712 0.367471
vn 0.920634 -0.257534 0.293443
vn 0.903812 -0.320022 0.284094
vn 0.950473 -0.231738 0.207121
vn 0.935935 -0.289141 0.201055
vn 0.969221 -0.209059 0.130022
vn 0.956846 -0.261738 0.126250
vn 0.978998 -0.191927 0.068754
vn 0.968287 -0.240874 0.066328
vn 0.984180 -0.176428 0.016230
vn 0.974859 -0.222349 0.014551
vn 0.984642 -0.174529 -0.004339
vn 0.975423 -0.220256 -0.006073
vn 0.983073 -0.183098 0.006610
vn -0.281085 -0.327821 0.901956
vn -0.274715 -0.340477 0.899226
vn -0.269396 -0.425572 0.863895
vn -0.265571 -0.429093 0.863337
vn -0.255480 -0.517136 0.816885
vn -0.289520 -0.225707 0.930180
vn -0.282272 -0.247930 0.926743
vn -0.274662 -0.281253 0.919488
vn -0.300575 -0.093938 0.949121
vn -0.285373 -0.093762 0.953819
vn -0.294994 -0.057723 0.953754
vn -0.294226 0.015742 0.955606
vn -0.295871 0.004664 0.955217
vn 0.016600 0.000000 0.999862
vn -0.057334 -0.107035 0.992601
vn 0.077830 -0.107174 0.991189
vn -0.067413 -0.000000 0.997725
vn -0.105449 -0.000000 0.994425
vn -0.161015 -0.111357 0.980650
vn -0.193008 -0.013246 0.981108
vn -0.249078 -0.108377 0.962401
vn -0.193134 0.013662 0.981077
vn -0.271757 0.000000 0.962366
vn -0.277689 0.000000 0.960671
vn 0.223901 -0.107063 0.968714
vn 0.356416 -0.104769 0.928435
vn 0.286782 0.000000 0.957996
vn 0.657538 -0.000000 0.753421
vn 0.615591 -0.095296 0.782283
vn 0.685610 -0.091196 0.722234
vn 0.750276 -0.089536 0.655034
vn 0.810009 -0.084984 0.580227
vn 0.781245 0.000000 0.624224
vn 0.771432 -0.000000 0.636312
vn 0.718146 -0.000000 0.695893
vn 0.696522 0.000000 0.717535
vn 0.611211 0.000000 0.791467
vn 0.590944 -0.000000 0.806713
vn 0.541593 -0.107913 0.833686
vn 0.513504 -0.014203 0.857970
vn 0.465254 -0.102036 0.879277
vn 0.461808 0.000821 0.886980
vn 0.403869 0.017053 0.914658
vn 0.256368 -0.000000 0.966579
vn 0.149592 0.000000 0.988748
vn 0.087849 -0.000000 0.996134
vn -0.232219 -0.308497 0.922444
vn -0.127164 -0.311604 0.941665
vn -0.021461 -0.317482 0.948022
vn 0.107438 -0.319265 0.941556
vn 0.242108 -0.316305 0.917243
vn 0.362203 -0.310019 0.879032
vn 0.461072 -0.302242 0.834303
vn 0.542113 -0.293990 0.787199
vn 0.611038 -0.285357 0.738380
vn 0.674038 -0.275675 0.685329
vn 0.734910 -0.263945 0.624692
vn 0.793041 -0.249932 0.555535
vn 0.846931 -0.233502 0.477688
vn 0.894683 -0.214715 0.391713
vn 0.933656 -0.194423 0.300809
vn 0.961634 -0.174377 0.211785
vn 0.978643 -0.156889 0.132831
vn 0.987095 -0.143774 0.070510
vn 0.991168 -0.131459 0.017431
vn 0.991518 -0.129931 -0.003088
vn 0.990585 -0.136649 0.008282
vn 0.986992 -0.150107 0.057572
vn 0.964485 -0.000000 0.264137
vn 0.943285 -0.066258 0.325306
vn 0.971173 -0.060048 0.230689
vn 0.935320 0.000000 0.353802
vn 0.933116 -0.000000 0.359576
vn 0.906431 -0.079960 0.414715
vn 0.889697 -0.010846 0.456422
vn 0.864872 -0.078055 0.495887
vn 0.996068 0.000000 0.088597
vn 0.994981 0.000000 0.100065
vn 0.995624 -0.048764 0.079720
vn 0.987666 -0.054181 0.146900
vn 0.999035 -0.000000 0.043920
vn 0.998995 -0.040202 0.019818
vn 0.999567 -0.000000 0.029422
vn 0.986422 -0.000000 0.164232
vn 0.984488 -0.000000 0.175451
vn 0.967380 -0.000000 0.253331
vn 0.999059 -0.042159 0.010148
vn 0.999927 -0.000000 0.012059
vn 0.999989 -0.004181 -0.002076
vn 0.995218 -0.074653 0.062999
vn 0.997811 -0.058186 0.031427
vn 0.995803 -0.091034 0.009400
vn 0.996300 -0.085921 -0.002258
vn 0.999276 -0.037999 -0.001680
vn 0.996049 -0.086921 0.018201
vn 0.992808 -0.095915 0.071650
vn 0.985326 -0.104780 0.134739
vn 0.969595 -0.116689 0.215102
vn 0.942983 -0.130426 0.306222
vn 0.905150 -0.144405 0.399813
vn 0.858085 -0.157426 0.488782
vn 0.804311 -0.168857 0.569711
vn 0.745766 -0.178626 0.641815
vn 0.683977 -0.186817 0.705177
vn 0.619479 -0.193579 0.760772
vn 0.548299 -0.199626 0.812107
vn 0.464011 -0.205410 0.861685
vn 0.360845 -0.210825 0.908484
vn 0.235965 -0.215097 0.947657
vn 0.097475 -0.216945 0.971305
vn -0.033881 -0.215416 0.975934
vn -0.140911 -0.211004 0.967275
vn -0.242997 -0.210680 0.946872
vn -0.280391 -0.193020 0.940279
vn -0.293250 -0.151035 0.944030
vn 0.999986 -0.003000 -0.004424
vn 0.999977 0.004188 0.005288
vn 0.889687 0.011574 0.456425
vn 0.838840 0.000000 0.544378
vn 0.833761 0.000000 0.552126
vn 0.943869 -0.324250 0.063030
vn 0.974248 -0.209078 0.084431
vn 0.966042 -0.253763 0.048656
vn 0.979296 -0.196797 0.047438
vn 0.972955 -0.230955 0.004304
vn 0.775141 -0.629038 -0.058891
vn 0.855157 -0.518367 -0.001020
vn 0.906343 -0.420888 0.037365
vn 0.989553 -0.103301 0.100564
vn 0.974241 -0.184150 0.130165
vn 0.980760 -0.130171 0.145484
vn 0.985848 -0.061618 0.155905
vn 0.960153 -0.257778 0.107970
vn 0.946468 -0.310875 0.086920
vn 0.917901 -0.393563 0.050649
vn 0.984901 0.013821 0.172569
vn 0.991116 0.000000 0.133001
vn 0.990077 -0.000000 0.140525
vn 0.995609 -0.014785 0.092433
vn 0.996851 0.015708 0.077721
vn 0.999071 -0.001460 0.043072
vn 0.999441 0.012489 0.031020
vn 0.229344 -0.016827 -0.973200
vn 0.217367 0.017722 -0.975929
vn 0.166593 -0.107954 -0.980098
vn -0.085617 0.001337 -0.996327
vn -0.295792 0.013126 -0.955162
vn -0.355381 -0.088068 -0.930564
vn 0.234893 -0.154984 -0.959586
vn -0.957566 0.000000 -0.288215
vn -0.843087 0.002833 -0.537771
vn -0.909119 0.009724 -0.416423
vn -0.940402 -0.030205 -0.338720
vn -0.991750 -0.005607 -0.128064
vn -0.993074 0.001397 -0.117479
vn -0.996318 -0.010465 -0.085091
vn -0.999047 -0.007047 -0.043080
vn -0.999913 -0.012459 -0.004265
vn -0.999801 -0.001310 -0.019933
vn -0.997419 -0.006297 0.071524
vn -0.992679 -0.011539 0.120228
vn 0.205277 -0.434375 -0.877029
vn 0.130894 -0.403470 -0.905582
vn 0.199832 -0.354197 -0.913571
vn 0.183683 -0.311662 -0.932270
vn -0.957566 0.000000 -0.288215
vn 0.223282 -0.261844 -0.938926
vn 0.168176 -0.573251 -0.801935
vn 0.957566 0.000000 0.288215
vn 0.172416 -0.651103 -0.739146
vn 0.180582 -0.655178 -0.733575
vn 0.197758 -0.601281 -0.774179
vn -0.066250 -0.478892 -0.875370
vn -0.049128 -0.561123 -0.826273
vn -0.270561 -0.520311 -0.809984
vn -0.385921 -0.573592 -0.722536
vn -0.974253 -0.074356 0.212845
vn -0.988776 -0.148639 0.015110
vn -0.994168 -0.090449 0.058726
vn -0.979486 -0.155187 -0.128549
vn -0.991707 -0.100818 -0.079701
vn -0.965435 -0.145830 -0.216032
vn -0.982139 -0.091805 -0.164243
vn -0.947882 -0.125058 -0.293055
vn -0.968047 -0.074936 -0.239310
vn -0.898925 -0.116491 -0.422331
vn -0.924773 -0.065641 -0.374815
vn -0.813902 -0.105184 -0.571402
vn -0.855420 -0.050658 -0.515452
vn -0.635265 -0.075458 -0.768599
vn -0.682367 -0.001437 -0.731009
vn -0.562515 -0.013779 -0.826672
vn -0.888107 -0.342380 -0.306662
vn -0.927797 -0.247702 -0.278993
vn -0.929176 -0.312868 -0.196838
vn -0.962933 -0.219484 -0.156800
vn -0.968608 -0.231622 -0.090278
vn -0.575884 -0.156283 -0.802455
vn -0.767517 -0.176045 -0.616382
vn -0.860988 -0.182793 -0.474643
vn -0.914455 -0.195235 -0.354479
vn -0.995161 -0.001793 0.098240
vn -0.979282 -0.005006 0.202439
vn -0.965888 -0.009878 0.258770
vn -0.929100 -0.001495 0.369825
vn -0.914034 -0.009573 0.405526
vn -0.935693 -0.004117 0.352792
vn -0.974272 -0.002148 0.225365
vn -0.979418 -0.040960 -0.197642
vn -0.995305 -0.029023 -0.092338
vn -0.991033 -0.054247 -0.122114
vn -0.999379 -0.034207 -0.008460
vn -0.997350 -0.061582 -0.038733
vn -0.992146 -0.031871 0.120960
vn -0.993923 -0.056223 0.094641
vn -0.963494 -0.027052 0.266358
vn -0.968688 -0.046891 0.243812
vn -0.910137 -0.025089 0.413548
vn -0.919785 -0.043009 0.390059
vn -0.773837 -0.043201 0.631910
vn -0.847925 -0.028858 0.529330
vn -0.846821 -0.012056 0.531741
vn -0.869172 -0.002486 0.494504
vn -0.862742 -0.000155 0.505644
vn -0.792629 -0.010019 0.609623
vn -0.789393 0.001340 0.613887
vn -0.815848 -0.106149 0.568441
vn -0.881057 -0.073132 0.467323
vn -0.853134 -0.055659 0.518714
vn 0.133568 -0.879711 -0.456364
vn 0.135030 -0.865840 -0.481755
vn 0.146132 -0.856908 -0.494321
vn -0.858942 -0.425809 -0.284437
vn -0.883433 -0.415910 -0.215787
vn -0.820276 -0.513966 -0.250971
vn -0.789803 -0.581768 -0.194313
vn -0.866395 -0.470812 -0.166422
vn -0.916348 -0.375902 -0.137855
vn -0.942770 -0.312312 -0.116818
vn 0.087151 -0.957069 -0.276449
vn 0.101379 -0.939519 -0.327149
vn 0.112179 -0.922854 -0.368451
vn 0.106830 -0.916361 -0.385836
vn 0.125350 -0.902092 -0.412937
vn 0.059361 -0.981698 -0.180955
vn 0.074925 -0.968516 -0.237408
vn 0.077614 -0.955459 -0.284735
vn 0.029861 -0.996091 -0.083134
vn 0.046667 -0.988393 -0.144572
vn 0.047468 -0.982605 -0.179539
vn 0.044911 -0.956800 -0.287258
vn 0.036235 -0.980582 -0.192733
vn 0.022841 -0.995131 -0.095879
vn 0.005853 -0.999982 0.001403
vn -0.013956 -0.995052 0.098371
vn -0.035878 -0.980281 0.194327
vn -0.059065 -0.956014 0.287312
vn -0.082908 -0.922742 0.376394
vn -0.106881 -0.881015 0.460856
vn -0.130533 -0.831380 0.540157
vn -0.153477 -0.774333 0.613883
vn -0.175371 -0.710310 0.681692
vn -0.195903 -0.639686 0.743252
vn -0.214771 -0.562811 0.798196
vn -0.013212 -0.999353 0.033444
vn 0.017143 -0.998655 -0.048931
vn 0.017153 -0.997226 -0.072436
vn 0.029570 -0.999532 0.007835
vn -0.010332 -0.995124 -0.098093
vn -0.010891 -0.980018 -0.198611
vn 0.963447 -0.267767 -0.008360
vn 0.962822 -0.269855 0.012330
vn 0.947463 -0.319724 0.009490
vn 0.937220 -0.343688 0.059142
vn 0.915271 -0.399183 0.054151
vn 0.896885 -0.428857 0.108069
vn 0.865955 -0.490200 0.099126
vn 0.832980 -0.529684 0.159935
vn 0.790083 -0.595812 0.144140
vn 0.743494 -0.637466 0.202124
vn 0.686996 -0.704940 0.176344
vn 0.634457 -0.739985 0.223353
vn 0.565022 -0.803987 0.185352
vn 0.489951 -0.841237 0.228621
vn 0.411502 -0.894566 0.174406
vn 0.364508 -0.908006 0.206538
vn 0.282792 -0.949067 0.138925
vn 0.236606 -0.958380 0.159768
vn 0.156780 -0.984442 0.079330
vn 0.128757 -0.987667 0.089087
vn 0.052791 -0.998605 -0.000446
vn 0.039715 -0.999210 0.001454
vn -0.024646 -0.995321 -0.093430
vn -0.012563 -0.995875 -0.089868
vn -0.068250 -0.980052 -0.186658
vn -0.047586 -0.979154 -0.197467
vn -0.098661 -0.950770 -0.293774
vn -0.033089 -0.954770 -0.295499
vn -0.065170 -0.919146 -0.388488
vn 0.047857 -0.924307 -0.378637
vn 0.044003 -0.883556 -0.466253
vn 0.959735 -0.280904 0.001266
vn 0.948069 -0.317864 -0.011284
vn 0.927846 -0.372916 0.005937
vn 0.887250 -0.458784 0.048015
vn 0.826502 -0.555966 0.088292
vn 0.735698 -0.665619 0.125296
vn 0.616221 -0.773895 0.146146
vn 0.479376 -0.866075 0.141821
vn 0.316947 -0.941527 0.114332
vn 0.185447 -0.980442 0.065904
vn 0.070766 -0.997433 -0.010914
vn 0.062496 -0.998034 -0.004682
vn -0.046395 -0.994956 -0.088943
vn -0.037065 -0.995195 -0.090629
vn -0.140394 -0.974138 -0.177047
vn -0.102924 -0.977130 -0.186075
vn -0.195756 -0.942102 -0.272258
vn -0.139366 -0.950083 -0.279142
vn -0.227520 -0.903317 -0.363666
vn -0.164907 -0.908366 -0.384288
vn -0.246560 -0.850201 -0.465152
vn -0.108112 -0.872843 -0.475874
vn -0.162553 -0.815465 -0.555512
vn 0.032222 -0.834832 -0.549561
vn 0.011387 -0.778197 -0.627917
vn 0.161479 -0.770655 -0.616453
vn 0.163738 -0.718639 -0.675832
vn 0.179441 -0.738856 -0.649533
vn 0.191094 -0.673474 -0.714084
vn 0.778271 -0.627854 -0.009684
vn 0.730657 -0.681673 -0.038236
vn 0.668811 -0.742012 -0.045932
vn 0.529255 -0.848083 -0.025390
vn 0.313625 -0.949511 -0.008227
vn 0.084967 -0.996006 -0.027452
vn 0.078817 -0.996713 -0.018754
vn -0.082626 -0.993073 -0.083543
vn -0.059885 -0.994374 -0.087374
vn -0.200761 -0.966960 -0.157111
vn -0.167344 -0.971467 -0.168074
vn -0.296609 -0.925252 -0.236499
vn -0.255549 -0.932689 -0.254530
vn -0.379634 -0.868823 -0.317843
vn -0.302956 -0.887446 -0.347357
vn -0.421693 -0.811028 -0.405474
vn -0.332493 -0.836823 -0.434944
vn -0.450571 -0.748754 -0.486162
vn -0.341819 -0.775140 -0.531337
vn -0.446090 -0.683868 -0.577346
vn -0.228278 -0.746756 -0.624696
vn -0.303598 -0.667082 -0.680316
vn -0.019491 -0.713517 -0.700367
vn -0.061020 -0.640591 -0.765454
vn -0.931316 -0.067360 0.357928
vn -0.974940 -0.113557 0.191301
vn -0.981206 -0.181225 0.066282
vn -0.969811 -0.243534 0.012590
vn -0.946170 -0.322407 -0.028567
vn -0.907857 -0.414058 -0.065964
vn -0.850202 -0.517382 -0.097324
vn -0.767578 -0.629599 -0.120126
vn -0.736506 -0.674903 -0.045435
vn -0.830049 -0.557194 -0.023530
vn -0.892358 -0.451314 0.003600
vn -0.932725 -0.358917 0.034678
vn -0.957666 -0.279530 0.068833
vn -0.971547 -0.212180 0.105243
vn -0.969249 -0.152788 0.192905
vn -0.942110 -0.099571 0.320179
vn -0.945015 -0.145688 0.292783
vn -0.960892 -0.197637 0.193976
vn -0.956075 -0.252128 0.149503
vn -0.939071 -0.323639 0.115773
vn -0.909033 -0.408169 0.084005
vn -0.859813 -0.507730 0.054156
vn -0.781543 -0.623300 0.026228
vn -0.659637 -0.751584 0.000687
vn -0.525577 -0.850663 0.011862
vn -0.696606 -0.715765 0.049195
vn -0.805526 -0.586115 0.087163
vn -0.872507 -0.472210 0.125498
vn -0.912092 -0.375487 0.164614
vn -0.933517 -0.294185 0.204944
vn -0.942378 -0.226072 0.246607
vn -0.940091 -0.174315 0.292989
vn 0.704554 -0.706328 -0.068589
vn 0.746261 -0.665548 -0.011840
vn 0.660794 -0.749858 -0.032609
vn 0.694227 -0.719349 -0.024224
vn 0.586437 -0.809058 -0.038959
vn 0.631192 -0.774146 -0.047913
vn 0.491819 -0.868877 -0.056268
vn 0.538524 -0.840967 -0.052599
vn 0.351562 -0.934513 -0.055592
vn 0.340857 -0.939459 -0.035123
vn 0.080214 -0.995970 -0.040121
vn 0.084789 -0.995797 -0.034618
vn -0.174626 -0.983069 -0.055515
vn -0.120608 -0.989941 -0.073963
vn -0.324296 -0.939632 -0.109194
vn -0.250933 -0.957904 -0.139470
vn -0.414189 -0.892084 -0.180649
vn -0.345175 -0.913755 -0.214257
vn -0.486116 -0.836121 -0.254151
vn -0.429432 -0.855572 -0.289111
vn -0.559105 -0.764279 -0.321371
vn -0.507009 -0.782486 -0.361466
vn -0.629558 -0.677100 -0.381042
vn -0.545443 -0.713157 -0.440341
vn -0.664391 -0.598581 -0.447532
vn -0.573431 -0.640739 -0.510519
vn -0.689400 -0.519900 -0.504412
vn -0.552175 -0.580022 -0.598897
vn -0.651863 -0.470293 -0.594895
vn -0.560881 -0.449945 -0.694955
vn -0.350293 -0.440003 -0.826857
vn -0.129524 -0.386132 -0.913305
vn 0.025504 -0.301190 -0.953223
vn 0.055402 -0.016852 -0.998322
vn -0.075662 -0.101567 -0.991947
vn -0.277906 -0.188262 -0.941980
vn -0.502813 -0.248060 -0.828037
vn -0.709679 -0.258775 -0.655280
vn -0.808144 -0.265510 -0.525745
vn -0.862490 -0.287071 -0.416775
vn -0.850042 -0.359830 -0.384644
vn -0.827228 -0.441951 -0.346947
vn -0.779231 -0.540591 -0.317113
vn -0.728857 -0.628319 -0.271999
vn -0.688614 -0.694734 -0.207740
vn -0.654087 -0.744899 -0.131510
vn -0.600334 -0.797493 -0.060029
vn -0.476180 -0.879099 -0.020918
vn -0.202197 -0.978812 -0.032319
vn -0.025832 -0.201459 -0.979156
vn -0.201532 -0.288238 -0.936111
vn -0.426490 -0.343957 -0.836541
vn -0.640365 -0.351325 -0.683011
vn -0.738372 -0.362958 -0.568392
vn -0.787639 -0.397977 -0.470361
vn -0.768221 -0.476869 -0.427121
vn -0.738500 -0.560179 -0.375256
vn -0.677960 -0.656562 -0.330601
vn -0.616136 -0.738570 -0.273660
vn -0.562411 -0.801379 -0.203681
vn -0.505740 -0.853055 -0.128546
vn -0.412240 -0.908804 -0.064300
vn -0.219739 -0.974909 -0.035597
vn 0.083775 -0.995146 -0.051634
vn 0.276663 -0.959079 -0.060209
vn 0.441799 -0.895597 -0.052144
vn 0.546692 -0.835681 -0.052597
vn 0.608711 -0.787765 -0.094326
vn 0.577524 -0.808102 -0.115922
vn 0.520832 -0.843653 -0.130322
vn 0.457478 -0.883325 -0.102232
vn 0.424805 -0.903808 -0.051686
vn -0.908942 -0.340676 0.240343
vn -0.923977 -0.263749 0.276951
vn -0.915899 -0.217561 0.337337
vn -0.914143 -0.148781 0.377103
vn -0.890649 -0.119138 0.438807
vn -0.674469 -0.002439 0.738299
vn -0.633278 0.006379 0.773898
vn -0.595914 -0.043000 0.801897
vn -0.562855 -0.008150 0.826515
vn -0.531334 -0.054233 0.845425
vn -0.545727 0.005842 0.837943
vn -0.639168 -0.287757 0.713205
vn -0.717770 -0.280658 0.637211
vn -0.678242 -0.204206 0.705895
vn -0.769799 -0.202160 0.605427
vn -0.722111 -0.113282 0.682439
vn -0.488029 -0.008748 0.872784
vn -0.478736 0.009741 0.877905
vn -0.471985 -0.045422 0.880436
vn -0.461873 -0.033774 0.886303
vn -0.584600 -0.117111 0.802825
vn -0.512145 -0.086817 0.854500
vn -0.465496 -0.069500 0.882317
vn -0.511428 -0.133246 0.848933
vn -0.468278 -0.107790 0.876982
vn -0.476509 -0.088807 0.874673
vn -0.610130 -0.207197 0.764729
vn -0.606374 -0.118979 0.786228
vn -0.546190 -0.179462 0.818211
vn -0.530755 -0.126235 0.838071
vn -0.492595 -0.166174 0.854246
vn -0.478592 -0.131732 0.868099
vn -0.472197 -0.149513 0.868721
vn -0.555490 -0.252674 0.792204
vn -0.511078 -0.280744 0.812393
vn -0.484507 -0.307937 0.818797
vn -0.504479 -0.358634 0.785419
vn -0.545568 -0.429400 0.719702
vn -0.588313 -0.569528 0.574043
vn -0.584131 -0.701761 0.407827
vn -0.540606 -0.806666 0.238819
vn -0.467648 -0.876054 0.117617
vn -0.382440 -0.922232 0.056819
vn -0.308330 -0.951029 0.021849
vn -0.711999 -0.009062 0.702122
vn -0.687876 -0.050971 0.724036
vn -0.807091 -0.469535 0.357968
vn -0.851522 -0.475818 0.220245
vn -0.866665 -0.406252 0.289570
vn -0.883587 -0.428098 0.189753
vn -0.216937 -0.975091 0.046216
vn -0.200481 -0.976345 0.080978
vn -0.293071 -0.953642 0.068385
vn -0.292668 -0.949774 0.110793
vn -0.382288 -0.917027 0.113651
vn -0.380221 -0.904320 0.194006
vn -0.463428 -0.859325 0.216320
vn -0.452994 -0.827552 0.331594
vn -0.522747 -0.767534 0.370982
vn -0.498105 -0.715897 0.489268
vn -0.547776 -0.643481 0.534672
vn -0.499497 -0.581163 0.642458
vn -0.526361 -0.503401 0.685223
vn -0.481565 -0.508079 0.714108
vn -0.496192 -0.429797 0.754366
vn -0.480081 -0.455166 0.749897
vn -0.484946 -0.376542 0.789331
vn -0.519393 -0.427648 0.739830
vn -0.517697 -0.348265 0.781474
vn -0.572794 -0.402656 0.713985
vn -0.566194 -0.324603 0.757665
vn -0.649735 -0.409687 0.640313
vn -0.723747 -0.393754 0.566699
vn -0.028278 -0.995014 0.095646
vn -0.002834 -0.994010 0.109257
vn -0.105529 -0.989926 0.094392
vn -0.103662 -0.988664 0.108616
vn -0.199492 -0.973808 0.109093
vn -0.198435 -0.968328 0.151543
vn -0.291606 -0.940899 0.172265
vn -0.289550 -0.924429 0.248176
vn -0.375061 -0.880353 0.290357
vn -0.367947 -0.847844 0.381806
vn -0.438327 -0.784835 0.438069
vn -0.414006 -0.741224 0.528381
vn -0.462770 -0.661291 0.590372
vn -0.421321 -0.681895 0.597920
vn -0.457724 -0.592844 0.662590
vn -0.439264 -0.641645 0.628760
vn -0.466401 -0.544073 0.697463
vn -0.489343 -0.623508 0.609739
vn -0.511941 -0.519802 0.683903
vn -0.551343 -0.600820 0.578823
vn -0.570185 -0.494892 0.655722
vn -0.621756 -0.612821 0.487720
vn -0.645832 -0.504618 0.572942
vn -0.683044 -0.613559 0.396227
vn -0.713826 -0.506001 0.484165
vn -0.745969 -0.615141 0.255209
vn -0.795906 -0.581017 0.170153
vn -0.836375 -0.529834 0.140545
vn 0.448496 -0.880598 0.152965
vn 0.466532 -0.880842 0.080410
vn 0.362849 -0.920962 0.142023
vn 0.379353 -0.921958 0.078002
vn 0.272894 -0.952965 0.131858
vn 0.287481 -0.954406 0.080395
vn 0.179422 -0.976121 0.122455
vn 0.191830 -0.977539 0.087282
vn 0.088709 -0.989556 0.113619
vn 0.093597 -0.990762 0.098133
vn -0.005973 -0.994095 0.108352
vn -0.003521 -0.993308 0.115440
vn -0.101821 -0.985960 0.132344
vn -0.100529 -0.981055 0.165607
vn -0.197528 -0.958374 0.206161
vn -0.197246 -0.945215 0.260120
vn -0.287206 -0.902186 0.321828
vn -0.274911 -0.884258 0.377508
vn -0.351554 -0.817136 0.456834
vn -0.298784 -0.853265 0.427396
vn -0.369070 -0.770889 0.519151
vn -0.324405 -0.839582 0.435733
vn -0.393390 -0.743080 0.541366
vn -0.370139 -0.839189 0.398446
vn -0.444259 -0.733547 0.514337
vn -0.428349 -0.828620 0.360424
vn -0.507087 -0.715777 0.480132
vn -0.473124 -0.840153 0.265136
vn -0.567225 -0.728650 0.383829
vn -0.512524 -0.837840 0.187998
vn -0.618731 -0.727809 0.295747
vn -0.547416 -0.831625 0.093463
vn -0.667084 -0.724688 0.172703
vn -0.589181 -0.806429 0.050377
vn -0.713224 -0.692594 0.107820
vn -0.635391 -0.770782 0.046619
vn -0.757955 -0.645681 0.092738
vn -0.427007 -0.904247 -0.001617
vn -0.432070 -0.901825 0.005335
vn -0.224333 -0.973997 -0.031698
vn -0.384459 -0.922841 0.023558
vn -0.185147 -0.982252 -0.030015
vn -0.362832 -0.928143 0.083089
vn -0.179521 -0.983738 -0.005710
vn -0.337481 -0.930457 0.142677
vn -0.170311 -0.984839 0.032957
vn -0.311702 -0.922311 0.228439
vn -0.164858 -0.981108 0.101241
vn -0.265349 -0.925608 0.269890
vn -0.136481 -0.980183 0.143579
vn -0.231440 -0.919577 0.317512
vn -0.119107 -0.972967 0.197861
vn -0.210677 -0.921301 0.326833
vn -0.108135 -0.968411 0.224693
vn -0.185262 -0.937726 0.293851
vn -0.085589 -0.973791 0.210729
vn -0.100111 -0.974833 0.199195
vn 0.000207 -0.989671 0.143355
vn -0.001484 -0.991579 0.129497
vn 0.100972 -0.990814 0.089956
vn 0.097075 -0.990961 0.092595
vn 0.209503 -0.976644 0.047690
vn 0.187125 -0.979928 0.068739
vn 0.298091 -0.954015 0.031582
vn 0.895840 -0.406189 0.180225
vn 0.868997 -0.470215 0.154083
vn 0.823131 -0.553911 0.125051
vn 0.768826 -0.631985 0.097469
vn 0.706554 -0.703848 0.073343
vn 0.639559 -0.767215 0.048442
vn 0.568709 -0.822396 0.015339
vn 0.485945 -0.873921 0.010920
vn 0.397237 -0.917573 0.016202
vn -0.188539 -0.981821 -0.021932
vn -0.154316 -0.988008 -0.005174
vn -0.082768 -0.996484 0.013022
vn -0.059427 -0.997904 0.025625
vn -0.610145 0.203792 0.765632
vn -0.696123 0.213240 0.685523
vn -0.696380 0.305116 0.649584
vn -0.787215 0.331282 0.520139
vn -0.727349 0.408750 0.551260
vn -0.395326 0.916713 -0.057930
vn -0.128623 0.990410 -0.050445
vn -0.219739 0.974909 -0.035597
vn 0.168304 0.706861 -0.687038
vn 0.173805 0.733527 -0.657061
vn 0.174671 0.762354 -0.623143
vn -0.951951 0.284015 -0.114563
vn -0.976821 0.201934 -0.071025
vn -0.954595 0.231498 -0.187503
vn 0.206360 0.669087 -0.713960
vn 0.217544 0.597006 -0.772177
vn 0.190890 0.665393 -0.721674
vn 0.160998 0.630139 -0.759608
vn 0.221413 0.518941 -0.825637
vn 0.197296 0.585437 -0.786344
vn 0.151858 0.553511 -0.818880
vn -0.996857 0.017738 -0.077216
vn 0.224564 0.153434 -0.962304
vn 0.214168 0.163376 -0.963037
vn 0.166426 0.186546 -0.968247
vn 0.990678 0.093272 0.099281
vn -0.037885 0.107637 0.993468
vn 0.100002 0.107982 0.989110
vn -0.287545 0.065859 0.955500
vn -0.293319 0.150470 0.944099
vn -0.295934 0.077918 0.952025
vn -0.283726 0.103106 0.953346
vn 0.191497 0.976435 -0.099517
vn 0.205406 0.973715 -0.098427
vn 0.378788 0.918842 -0.110678
vn 0.024419 0.997847 -0.060869
vn 0.029054 0.998134 -0.053701
vn 0.261274 0.963374 -0.060393
vn 0.288360 0.823214 0.489047
vn 0.216865 0.823690 0.523932
vn 0.234467 0.775421 0.586300
vn 0.364923 0.930611 -0.028174
vn 0.302432 0.953141 -0.007599
vn 0.496532 0.867984 0.007683
vn -0.003384 0.994091 0.108497
vn -0.016859 0.994162 0.106571
vn 0.086997 0.989345 0.116740
vn 0.552519 0.829228 0.084280
vn 0.557600 0.830108 0.001612
vn 0.631846 0.773415 0.050983
vn 0.005329 0.991894 0.126958
vn -0.011055 0.995439 0.094757
vn 0.116375 0.992751 0.030033
vn -0.964688 0.116320 -0.236321
vn -0.950610 0.214086 -0.224739
vn -0.944061 0.186165 -0.272199
vn -0.980954 0.097101 -0.168228
vn -0.992530 0.101173 -0.068171
vn -0.992710 0.102239 0.063831
vn -0.967059 0.100229 0.233991
vn -0.899724 0.091877 0.426680
vn -0.798605 0.080051 0.596508
vn -0.600514 0.049219 0.798098
vn 0.958532 0.054509 0.279723
vn 0.919059 0.274264 0.283037
vn 0.911964 0.311671 0.266802
vn 0.912044 0.305653 0.273408
vn 0.897359 0.343875 0.276580
vn 0.874902 0.403736 0.267477
vn 0.927039 0.237884 0.289844
vn 0.939285 0.204782 0.275332
vn 0.946700 0.163802 0.277360
vn -0.523834 0.046945 0.850526
vn -0.463223 0.033882 0.885594
vn -0.967481 0.214127 -0.134648
vn -0.955991 0.098021 -0.276537
vn -0.955988 0.050446 -0.289037
vn -0.945572 0.153649 -0.286854
vn -0.898483 0.345331 -0.271062
vn -0.919014 0.274402 -0.283049
vn -0.920895 0.286144 -0.264716
vn -0.926386 0.251352 -0.280414
vn -0.943078 0.164511 -0.289032
vn -0.819011 0.518980 -0.244706
vn -0.837572 0.481675 -0.257804
vn -0.847462 0.473391 -0.240229
vn -0.862496 0.434721 -0.259072
vn -0.711409 0.670778 -0.209651
vn -0.717111 0.662887 -0.215250
vn -0.742156 0.638194 -0.204726
vn -0.768521 0.597754 -0.228179
vn -0.798481 0.558905 -0.223725
vn -0.781775 0.576096 -0.238625
vn -0.888484 0.382218 -0.253979
vn -0.883606 0.380669 -0.272639
vn -0.531885 0.836381 -0.132533
vn -0.467029 0.880083 -0.085661
vn -0.475854 0.871602 -0.117781
vn -0.499371 0.856193 -0.132524
vn -0.562450 0.810357 -0.164229
vn -0.573052 0.803009 -0.163672
vn -0.105027 0.990156 0.092528
vn -0.091429 0.992519 0.080914
vn -0.185951 0.980961 0.056018
vn -0.105746 0.993929 0.030368
vn -0.201942 0.979397 -0.000431
vn -0.295572 0.954815 -0.031082
vn -0.288539 0.955906 -0.054670
vn -0.336048 0.939564 -0.065509
vn -0.083997 0.996384 0.012774
vn -0.153988 0.988061 -0.004903
vn -0.187397 0.982056 -0.021176
vn -0.246812 0.968410 -0.035581
vn -0.385753 0.920578 -0.061079
vn -0.386434 0.918194 -0.087117
vn -0.420944 0.902167 -0.094348
vn -0.679585 0.710301 -0.183403
vn -0.644456 0.741200 -0.187879
vn -0.551615 0.829493 -0.087532
vn -0.533781 0.844804 -0.037206
vn -0.452843 0.891454 -0.015595
vn -0.467913 0.882674 0.044092
vn -0.382306 0.922429 0.054477
vn -0.382511 0.917319 0.110500
vn -0.292746 0.950114 0.107628
vn -0.292912 0.941141 0.168690
vn -0.199614 0.968640 0.147957
vn -0.199685 0.958596 0.203028
vn -0.102567 0.981348 0.162592
vn -0.102238 0.975056 0.197011
vn -0.001142 0.990219 0.139519
vn -0.008859 0.988010 0.154137
vn 0.102862 0.990489 0.091386
vn 0.099889 0.992524 0.070130
vn 0.212144 0.976187 0.045318
vn 0.206440 0.978459 0.000731
vn 0.312350 0.949590 -0.026772
vn 0.478140 0.878250 0.007615
vn 0.467048 0.880626 0.079774
vn 0.388993 0.921112 0.015400
vn 0.379892 0.921711 0.078295
vn 0.296512 0.954333 0.036461
vn 0.288080 0.954125 0.081583
vn 0.199081 0.977709 0.066728
vn 0.192524 0.977222 0.089284
vn 0.098876 0.990562 0.094919
vn 0.094416 0.990413 0.100838
vn -0.003089 0.992238 0.124320
vn -0.005293 0.993682 0.112105
vn -0.102857 0.986312 0.128877
vn -0.103451 0.988999 0.105731
vn -0.199422 0.974162 0.106015
vn -0.200097 0.976595 0.078892
vn -0.292810 0.953880 0.066141
vn -0.278283 0.959987 0.031369
vn -0.367490 0.929998 0.007375
vn 0.741038 0.671352 -0.012237
vn 0.708203 0.702647 0.068816
vn 0.671637 0.739785 -0.040259
vn 0.593961 0.802375 -0.058352
vn 0.508618 0.858613 -0.063968
vn 0.416124 0.907643 -0.054998
vn 0.790714 0.611756 -0.022922
vn 0.726274 0.684879 -0.058876
vn 0.650907 0.754203 -0.086593
vn 0.564932 0.818772 -0.102299
vn 0.468795 0.877361 -0.102320
vn 0.363109 0.928016 -0.083290
vn 0.249027 0.967560 -0.042585
vn 0.981462 0.066443 0.179769
vn 0.972068 0.087839 0.217644
vn 0.974332 0.144138 0.172923
vn 0.962416 0.176429 0.206466
vn 0.963796 0.218509 0.152813
vn 0.944160 0.274522 0.182205
vn 0.947509 0.293970 0.125730
vn 0.926041 0.353406 0.132484
vn 0.924237 0.370385 0.092744
vn 0.893840 0.436770 0.101405
vn 0.892638 0.447361 0.055365
vn 0.852506 0.519056 0.061763
vn 0.849448 0.527342 0.018685
vn 0.801505 0.597553 0.022817
vn 0.770408 0.630812 0.092460
vn 0.824649 0.552791 0.119901
vn 0.870432 0.469158 0.149125
vn 0.909683 0.374383 0.179764
vn 0.963427 0.094878 0.250613
vn 0.949471 0.198935 0.242756
vn 0.925236 0.296815 0.236301
vn 0.890811 0.387457 0.237347
vn 0.849973 0.475993 0.225779
vn 0.801281 0.558948 0.213368
vn 0.738854 0.642798 0.202252
vn 0.680295 0.717756 0.148411
vn 0.612935 0.774556 0.156123
vn 0.537375 0.827057 0.164938
vn 0.457087 0.875990 0.153991
vn 0.371873 0.917077 0.143808
vn 0.282333 0.949857 0.134390
vn 0.189235 0.973854 0.125691
vn 0.405205 0.899060 0.165834
vn 0.347063 0.923493 0.163426
vn 0.434613 0.881022 0.186848
vn 0.561778 0.800854 0.207459
vn 0.517310 0.830251 0.207541
vn 0.594636 0.771771 0.225339
vn 0.526040 0.829032 0.189706
vn 0.485918 0.853568 0.187897
vn 0.433021 0.885890 0.166411
vn 0.333926 0.931945 0.141324
vn 0.319975 0.936808 0.141445
vn 0.263026 0.953926 0.144367
vn 0.229931 0.966386 0.115020
vn 0.184925 0.975580 0.118521
vn 0.163451 0.981952 0.095156
vn 0.089183 0.991920 0.090226
vn 0.666153 0.706088 0.240167
vn 0.730476 0.636978 0.246303
vn 0.697977 0.675127 0.238815
vn 0.946814 0.153462 0.282828
vn 0.954556 0.114599 0.275119
vn 0.871093 0.414463 0.263471
vn 0.859618 0.433506 0.270424
vn 0.832778 0.489132 0.259290
vn 0.815500 0.516152 0.261815
vn 0.787941 0.561467 0.252793
vn 0.778066 0.573515 0.256308
vn 0.757927 0.602645 0.249732
vn 0.669893 0.706383 0.228619
vn 0.597221 0.771579 0.219073
vn 0.522378 0.827308 0.206598
vn 0.442519 0.875819 0.192661
vn 0.358050 0.916717 0.177283
vn 0.269484 0.949533 0.160518
vn 0.177496 0.973755 0.142464
vn 0.086491 0.988439 0.124530
vn -0.000876 0.994617 0.103621
vn -0.008478 0.998122 0.060674
vn 0.689376 0.686505 0.231239
vn 0.632552 0.741287 0.224436
vn 0.611811 0.762267 0.211275
vn -0.012928 0.998816 0.046901
vn -0.028267 0.994276 0.103037
vn 0.002350 0.999984 0.005200
vn -0.043532 0.989430 0.138327
vn -0.042980 0.988865 0.142473
vn -0.057922 0.978384 0.198518
vn 0.295722 0.953340 -0.060758
vn 0.083775 0.995146 -0.051634
vn -0.072066 0.968651 0.237744
vn -0.082177 0.959152 0.270693
vn -0.087663 0.952513 0.291607
vn -0.102696 0.937986 0.331114
vn -0.109823 0.924135 0.365942
vn -0.129341 0.899738 0.416823
vn -0.135017 0.884683 0.446213
vn -0.137051 0.893048 0.428581
vn -0.154511 0.853546 0.497580
vn -0.160496 0.833719 0.528350
vn 0.404585 0.835315 0.372237
vn 0.463774 0.813800 0.350206
vn 0.429733 0.861540 0.270329
vn 0.238847 0.870949 0.429418
vn -0.166870 0.838352 0.518961
vn -0.177983 0.800111 0.572839
vn -0.185972 0.774879 0.604134
vn -0.194003 0.758187 0.622507
vn -0.205506 0.718026 0.664986
vn 0.031358 0.659286 0.751238
vn 0.141236 0.724858 0.674265
vn 0.043855 0.726753 0.685498
vn 0.143111 0.784020 0.604013
vn 0.054882 0.786864 0.614682
vn 0.142238 0.836250 0.529580
vn 0.063821 0.839734 0.539235
vn 0.137968 0.881705 0.451177
vn 0.069957 0.885435 0.459469
vn 0.129485 0.920404 0.368905
vn 0.072449 0.923943 0.375606
vn 0.115774 0.952160 0.282821
vn 0.070278 0.955097 0.287837
vn 0.091942 0.978446 0.184907
vn 0.060243 0.976836 0.205335
vn 0.056094 0.993382 0.100234
vn 0.176953 0.980695 -0.083220
vn 0.017952 0.999633 -0.020271
vn 0.007365 0.998505 -0.054156
vn 0.014981 0.997397 -0.070533
vn 0.828260 0.560344 0.000005
vn 0.722663 0.688824 -0.057264
vn 0.761243 0.648385 -0.010295
vn 0.643715 0.761311 -0.077693
vn 0.670740 0.741065 -0.030514
vn 0.531255 0.841370 -0.099322
vn 0.559434 0.827373 -0.049883
vn 0.414673 0.907619 -0.065382
vn 0.234490 0.969481 -0.071559
vn 0.322874 0.938798 -0.120047
vn 0.456934 0.880141 -0.128696
vn 0.574875 0.809675 -0.118090
vn 0.672692 0.733804 -0.094961
vn 0.751796 0.656226 -0.064578
vn 0.823961 0.566366 -0.017827
vn 0.891047 0.452805 0.031667
vn 0.863164 0.504918 0.002200
vn -0.194001 0.740296 0.643682
vn -0.216474 0.686973 0.693691
vn -0.224558 0.648880 0.727000
vn -0.214164 0.674707 0.706332
vn -0.236569 0.608171 0.757736
vn -0.243614 0.564357 0.788767
vn -0.233551 0.603193 0.762636
vn -0.254842 0.525153 0.811955
vn -0.258956 0.490959 0.831806
vn -0.259895 0.469678 0.843717
vn -0.268842 0.430217 0.861764
vn -0.279331 0.341491 0.897417
vn -0.261686 0.391630 0.882126
vn -0.270344 0.309679 0.911599
vn -0.219831 0.389206 0.894535
vn 0.445913 0.783336 0.433067
vn 0.376395 0.802303 0.463289
vn 0.404951 0.747851 0.526055
vn 0.312808 0.763991 0.564330
vn 0.327791 0.705055 0.628849
vn 0.241494 0.716669 0.654267
vn 0.245718 0.651169 0.718054
vn 0.137141 0.658525 0.739958
vn 0.131254 0.584775 0.800507
vn 0.017947 0.584371 0.811288
vn 0.004142 0.502014 0.864850
vn -0.094427 0.495092 0.863694
vn -0.112268 0.405523 0.907164
vn -0.233340 0.295384 0.926445
vn -0.278819 0.210669 0.936952
vn 0.459659 0.303222 0.834728
vn 0.540910 0.294896 0.787689
vn 0.530869 0.383710 0.755609
vn 0.547257 0.200550 0.812582
vn 0.462762 0.206422 0.862114
vn 0.359473 0.211641 0.908838
vn -0.284847 0.322897 0.902552
vn -0.287622 0.247780 0.925137
vn -0.294780 0.214422 0.931197
vn -0.242142 0.109743 0.964014
vn -0.152064 0.100984 0.983198
vn -0.141469 0.209353 0.967553
vn -0.034587 0.214056 0.976209
vn -0.022631 0.316134 0.948445
vn 0.106350 0.318592 0.941907
vn 0.115539 0.414595 0.902642
vn 0.244838 0.411191 0.878053
vn 0.247168 0.498613 0.830839
vn 0.355221 0.489374 0.796449
vn 0.348722 0.568092 0.745429
vn 0.424896 0.549263 0.719564
vn 0.448262 0.624841 0.639245
vn -0.243700 0.197093 0.949613
vn -0.128166 0.309963 0.942070
vn -0.009552 0.412428 0.910940
vn 0.123945 0.503449 0.855089
vn 0.247521 0.578575 0.777164
vn 0.339644 0.639878 0.689346
vn 0.429363 0.688217 0.584812
vn 0.481682 0.726852 0.489559
vn 0.513290 0.760680 0.397365
vn 0.521519 0.800463 0.295427
vn 0.096692 0.216275 0.971533
vn 0.240662 0.316543 0.917542
vn 0.359210 0.403562 0.841490
vn 0.443973 0.478307 0.757701
vn 0.494048 0.554612 0.669569
vn 0.508734 0.610027 0.607500
vn 0.513089 0.666998 0.540235
vn 0.554430 0.701957 0.447062
vn 0.584424 0.733843 0.346299
vn 0.234745 0.215366 0.947899
vn 0.360656 0.310795 0.879394
vn 0.453323 0.394011 0.799533
vn 0.517435 0.466569 0.717339
vn 0.561103 0.530177 0.635670
vn 0.584236 0.596566 0.550252
vn 0.591939 0.646388 0.481447
vn 0.629792 0.672829 0.388154
vn 0.549823 0.099342 0.829352
vn 0.461215 0.103770 0.881200
vn 0.369731 0.115770 0.921898
vn 0.245521 0.108123 0.963343
vn 0.618027 0.515126 0.593875
vn 0.580990 0.454224 0.675374
vn 0.640269 0.440227 0.629489
vn 0.597369 0.372843 0.710027
vn 0.658704 0.360552 0.660387
vn 0.610022 0.286083 0.738939
vn 0.673129 0.276130 0.686039
vn 0.618616 0.194305 0.761288
vn 0.683215 0.187251 0.705801
vn 0.626064 0.095871 0.773856
vn 0.695370 0.091444 0.712810
vn 0.668833 0.609378 0.425819
vn 0.647092 0.566473 0.510275
vn 0.702508 0.543392 0.459574
vn 0.674997 0.496818 0.545483
vn 0.731445 0.474667 0.489571
vn 0.698802 0.423307 0.576617
vn 0.755996 0.402974 0.515832
vn 0.718536 0.345781 0.603442
vn 0.776278 0.328136 0.538255
vn 0.734043 0.264231 0.625590
vn 0.792224 0.250087 0.556630
vn 0.745038 0.178859 0.642595
vn 0.803622 0.168930 0.570662
vn 0.759809 0.089474 0.643960
vn 0.818904 0.084617 0.567659
vn 0.358335 0.929227 0.090182
vn 0.416657 0.890301 0.183743
vn 0.477164 0.866917 0.144116
vn 0.491178 0.840851 0.227406
vn 0.562787 0.805030 0.187611
vn 0.580482 0.769621 0.265940
vn 0.632354 0.741107 0.225586
vn 0.636156 0.708262 0.306058
vn 0.689417 0.676603 0.258675
vn 0.683142 0.645432 0.341665
vn 0.736706 0.612050 0.287504
vn 0.723078 0.581253 0.373232
vn 0.776233 0.547484 0.312609
vn 0.757137 0.515604 0.401118
vn 0.809435 0.482687 0.334407
vn 0.786110 0.448250 0.425563
vn 0.837303 0.417340 0.353202
vn 0.810483 0.378929 0.446689
vn 0.860481 0.351100 0.369190
vn 0.830496 0.307416 0.464513
vn 0.879345 0.283662 0.382477
vn 0.846192 0.233571 0.478961
vn 0.894062 0.214789 0.393090
vn 0.857463 0.157387 0.489884
vn 0.904638 0.144346 0.400991
vn 0.869140 0.085837 0.487060
vn 0.910792 0.071472 0.406632
vn 0.261253 0.965016 0.022163
vn 0.418142 0.904912 0.079316
vn 0.432949 0.900319 0.044513
vn 0.523914 0.844184 0.113430
vn 0.570666 0.817395 0.078779
vn 0.613735 0.775382 0.148700
vn 0.662851 0.741282 0.105497
vn 0.684756 0.706486 0.178848
vn 0.733414 0.667642 0.127897
vn 0.741561 0.638937 0.204563
vn 0.788232 0.597655 0.146622
vn 0.787571 0.573087 0.226504
vn 0.831507 0.531283 0.162280
vn 0.825248 0.508753 0.245227
vn 0.866159 0.467989 0.175372
vn 0.856327 0.445530 0.261166
vn 0.894191 0.407085 0.186291
vn 0.882001 0.382942 0.274645
vn 0.916964 0.347882 0.195332
vn 0.903069 0.320518 0.285892
vn 0.935389 0.289753 0.202711
vn 0.920033 0.257840 0.295057
vn 0.950053 0.232152 0.208577
vn 0.933171 0.194558 0.302224
vn 0.961314 0.174621 0.213033
vn 0.942594 0.130413 0.307422
vn 0.969354 0.116792 0.216133
vn 0.948548 0.065215 0.309844
vn 0.974554 0.059037 0.216241
vn 0.529338 0.848145 -0.021225
vn 0.625913 0.779456 0.026116
vn 0.658886 0.752165 -0.010837
vn 0.715279 0.697565 0.042177
vn 0.742090 0.670267 -0.006716
vn 0.790593 0.611380 0.034295
vn 0.818966 0.573759 -0.009776
vn 0.849966 0.525129 0.042403
vn 0.865175 0.501458 -0.003435
vn 0.886591 0.459875 0.049699
vn 0.899459 0.437000 0.001883
vn 0.914811 0.400030 0.055655
vn 0.925507 0.378680 0.006266
vn 0.936902 0.344321 0.060476
vn 0.945659 0.325011 0.009823
vn 0.954355 0.291665 0.064327
vn 0.961425 0.274777 0.012660
vn 0.968145 0.241165 0.067338
vn 0.973782 0.226997 0.014870
vn 0.978906 0.192087 0.069607
vn 0.983367 0.180878 0.016529
vn 0.987038 0.143824 0.071207
vn 0.990582 0.135774 0.017700
vn 0.992772 0.095880 0.072190
vn 0.995666 0.091156 0.018433
vn 0.996326 0.048097 0.070858
vn 0.998784 0.046117 0.017445
vn 0.989446 0.053328 0.134731
vn 0.776106 0.624982 0.084010
vn 0.825015 0.557806 0.090566
vn 0.864829 0.491757 0.101228
vn 0.896039 0.430135 0.109995
vn 0.920833 0.371938 0.117173
vn 0.940665 0.316263 0.122995
vn 0.956501 0.262327 0.127635
vn 0.968969 0.209476 0.131221
vn 0.978461 0.157162 0.133842
vn 0.985197 0.104937 0.135557
vn 0.112997 0.993232 -0.026855
vn 0.999201 0.038453 0.010884
vn 0.998980 0.045060 -0.003101
vn 0.995956 0.089381 0.009090
vn 0.996004 0.089281 -0.002320
vn 0.990812 0.135017 0.007883
vn 0.991061 0.133370 -0.003187
vn 0.983380 0.181458 0.006123
vn 0.984006 0.178080 -0.004486
vn 0.973356 0.229270 0.003730
vn 0.974578 0.223960 -0.006279
vn 0.960253 0.279129 0.000608
vn 0.962352 0.271670 -0.008636
vn 0.943326 0.331850 -0.003353
vn 0.946661 0.322022 -0.011640
vn 0.921449 0.388412 -0.008275
vn 0.926485 0.376017 -0.015383
vn 0.892923 0.449982 -0.014278
vn 0.900264 0.434887 -0.019958
vn 0.855181 0.517885 -0.021460
vn 0.865579 0.500126 -0.025439
vn 0.804308 0.593464 -0.029830
vn 0.818642 0.573421 -0.031838
vn 0.734358 0.677630 -0.039184
vn 0.753475 0.656319 -0.038998
vn 0.636527 0.769706 -0.048843
vn 0.660760 0.749164 -0.046374
vn 0.498722 0.864875 -0.057160
vn 0.526734 0.848401 -0.052600
vn 0.356960 0.932613 -0.053029
vn 0.104875 0.993769 -0.037743
vn 0.448364 0.892288 -0.052834
vn 0.591841 0.805073 -0.039756
vn 0.698211 0.715452 -0.025122
vn 0.776417 0.630123 -0.011026
vn 0.835560 0.549398 0.000935
vn 0.872205 0.488967 0.013048
vn 0.913287 0.406675 0.022859
vn 0.932346 0.359902 0.034657
vn 0.955928 0.291103 0.038214
vn 0.967770 0.247003 0.049099
vn 0.943869 0.324250 0.063030
vn 0.974248 0.209078 0.084431
vn 0.924441 0.375482 0.066503
vn 0.895861 0.442886 0.035850
vn 0.000724 0.999416 0.034150
vn 0.141106 0.988871 -0.047161
vn 0.278510 0.955114 -0.100946
vn 0.405665 0.905018 -0.127982
vn 0.519611 0.844085 -0.132383
vn 0.619129 0.776200 -0.119139
vn 0.703993 0.704060 -0.093238
vn 0.774633 0.629629 -0.059249
vn 0.841613 0.539886 -0.014491
vn 0.949737 0.297531 0.097342
vn 0.963282 0.240457 0.119450
vn 0.981075 0.187605 0.047924
vn 0.987926 0.143767 0.057728
vn 0.995628 0.073886 0.057140
vn 0.998568 0.040501 0.034944
vn 0.975655 0.171371 0.136856
vn 0.981914 0.113462 0.151565
vn 0.986935 0.055834 0.151138
vn 0.957566 0.000000 0.288215
vn 0.135004 0.090116 -0.986739
vn -0.349020 0.096390 -0.932145
vn -0.083042 0.097666 -0.991749
vn -0.937317 0.031033 -0.347094
vn -0.825200 0.052141 -0.562429
vn -0.644472 0.077774 -0.760662
vn -0.985735 0.017279 -0.167419
vn 0.224262 0.251503 -0.941516
vn 0.181177 0.284238 -0.941480
vn -0.045908 0.199886 -0.978743
vn -0.018733 0.290052 -0.956828
vn -0.264597 0.200421 -0.943303
vn -0.571127 0.159087 -0.805299
vn -0.190115 0.299330 -0.935017
vn 0.123226 0.382273 -0.915796
vn 0.206431 0.270119 -0.940437
vn 0.205713 0.340005 -0.917649
vn 0.957566 0.000000 0.288215
vn 0.195959 0.439511 -0.876602
vn -0.812268 0.104239 -0.573894
vn -0.501035 0.249956 -0.828544
vn -0.120953 0.395931 -0.910280
vn 0.131420 0.479747 -0.867509
vn 0.198395 0.499186 -0.843477
vn -0.918972 0.073009 -0.387506
vn -0.770290 0.172966 -0.613788
vn -0.427797 0.344847 -0.835506
vn -0.060676 0.487464 -0.871033
vn -0.993992 0.090104 0.062142
vn -0.997276 0.063211 -0.038015
vn -0.991640 0.102104 -0.078895
vn -0.986234 0.071807 -0.148950
vn -0.973085 0.117933 -0.197985
vn -0.951081 0.118329 -0.285383
vn -0.919928 0.185694 -0.345326
vn -0.799346 0.278247 -0.532564
vn -0.728819 0.376310 -0.572026
vn -0.613536 0.417874 -0.670041
vn -0.392760 0.571322 -0.720646
vn -0.980299 0.037775 -0.193875
vn -0.892185 0.126001 -0.433739
vn -0.717535 0.252719 -0.649058
vn -0.354273 0.440058 -0.825130
vn -0.011253 0.572288 -0.819975
vn -0.993043 0.040260 -0.110659
vn -0.969816 0.070325 -0.233475
vn -0.853191 0.194170 -0.484110
vn -0.653699 0.342147 -0.674991
vn -0.288280 0.531291 -0.796633
vn -0.041070 0.638967 -0.768137
vn -0.987280 0.016981 0.158079
vn -0.952811 0.014412 0.303223
vn -0.999397 0.018984 0.029085
vn -0.991831 0.033175 0.123173
vn -0.968104 0.047573 0.245989
vn -0.963033 0.028358 0.267887
vn -0.919295 0.044370 0.391060
vn -0.909938 0.027009 0.413863
vn -0.893652 0.013736 0.448551
vn -0.866062 0.046458 0.497773
vn -0.838365 0.039403 0.543684
vn -0.820919 0.016484 0.570806
vn -0.754131 0.034964 0.655793
vn -0.930728 0.068013 0.359333
vn -0.901593 0.103750 0.419960
vn -0.871783 0.088901 0.481759
vn -0.837585 0.160554 0.522181
vn -0.790102 0.082859 0.607350
vn -0.030193 0.711674 -0.701860
vn 0.157670 0.779608 -0.606096
vn 0.163527 0.803863 -0.571895
vn -0.978114 0.114796 0.173538
vn -0.990113 0.139775 0.011779
vn -0.979486 0.156020 -0.127536
vn -0.949790 0.182141 -0.254407
vn -0.871355 0.274228 -0.406865
vn -0.641966 0.483342 -0.595197
vn -0.313355 0.668604 -0.674372
vn 0.001760 0.776973 -0.629531
vn 0.146570 0.827246 -0.542385
vn 0.146059 0.856938 -0.494291
vn 0.135648 0.865198 -0.482734
vn 0.134412 0.874760 -0.465541
vn 0.125207 0.902151 -0.412853
vn 0.113787 0.918820 -0.377920
vn 0.107271 0.915781 -0.387090
vn 0.101295 0.939550 -0.327086
vn 0.089327 0.954031 -0.286088
vn 0.077901 0.955075 -0.285944
vn 0.074891 0.968526 -0.237378
vn 0.061965 0.979678 -0.190766
vn 0.047751 0.982347 -0.180873
vn 0.046602 0.988427 -0.144364
vn 0.032602 0.995134 -0.092982
vn 0.036662 0.883240 -0.467485
vn 0.041480 0.924251 -0.379524
vn 0.039350 0.956891 -0.287769
vn 0.031371 0.980723 -0.192871
vn 0.018591 0.995240 -0.095668
vn 0.002176 0.999996 0.001918
vn -0.016962 0.994924 0.099188
vn -0.038235 0.979983 0.195376
vn -0.060815 0.955537 0.288533
vn -0.084096 0.922087 0.377735
vn -0.107557 0.880190 0.462273
vn -0.130756 0.830396 0.541614
vn -0.153311 0.773202 0.615348
vn -0.174888 0.709039 0.683138
vn -0.195179 0.638280 0.744650
vn -0.213883 0.561272 0.799517
vn -0.229740 0.467798 0.853455
vn 0.017140 0.997130 -0.073741
vn 0.017082 0.998651 -0.049038
vn -0.013314 0.999368 0.032955
vn -0.162609 0.496288 0.852793
vn -0.075315 0.578043 0.812523
vn -0.152836 0.568776 0.808168
vn -0.055617 0.654005 0.754443
vn -0.131539 0.645568 0.752290
vn -0.036032 0.722783 0.690136
vn -0.109555 0.715665 0.689798
vn -0.017286 0.784281 0.620165
vn -0.087538 0.778796 0.621140
vn -0.000149 0.838446 0.544984
vn -0.066168 0.834703 0.546711
vn 0.014539 0.885211 0.464963
vn -0.046165 0.883115 0.466881
vn 0.025838 0.924454 0.380417
vn -0.028299 0.923716 0.382030
vn 0.032680 0.955965 0.291654
vn -0.013396 0.956140 0.292603
vn 0.033851 0.979410 0.199025
vn -0.002339 0.979967 0.199144
vn 0.027960 0.994290 0.102987
vn 0.003939 0.994740 0.102354
vn 0.013593 0.999895 0.004974
vn 0.004491 0.999982 0.003938
vn -0.010826 0.995504 -0.094097
vn -0.001548 0.995450 -0.095271
vn -0.047213 0.980094 -0.192837
vn -0.015406 0.980817 -0.194323
vn -0.097107 0.952562 -0.288437
vn -0.038248 0.955961 -0.290990
vn -0.161776 0.911445 -0.378280
vn -0.071249 0.920661 -0.383806
vn -0.241494 0.855115 -0.458758
vn -0.115447 0.874533 -0.471025
vn -0.334737 0.782379 -0.525200
vn -0.171320 0.817125 -0.550415
vn -0.437362 0.693574 -0.572424
vn -0.707134 0.502396 -0.497554
vn -0.594107 0.624022 -0.507575
vn -0.471558 0.734897 -0.487401
vn -0.351417 0.826643 -0.439508
vn -0.243198 0.896500 -0.370327
vn -0.151749 0.945863 -0.286905
vn -0.077890 0.977722 -0.194916
vn -0.020152 0.994952 -0.098305
vn 0.023494 0.999724 -0.000564
vn 0.323800 0.857563 0.399674
vn 0.283049 0.898672 0.335069
vn 0.215695 0.911410 0.350438
vn 0.239871 0.935938 0.257842
vn 0.184896 0.945482 0.268101
vn 0.187830 0.966293 0.176060
vn 0.146071 0.972464 0.181596
vn 0.124902 0.988093 0.089847
vn 0.088687 0.991865 0.091315
vn 0.049406 0.998779 0.000462
vn 0.035681 0.999356 0.003693
vn -0.039569 0.995199 -0.089514
vn -0.027661 0.995476 -0.090895
vn -0.141788 0.974165 -0.175780
vn -0.104568 0.977483 -0.183284
vn -0.255735 0.932989 -0.253243
vn -0.195723 0.942948 -0.269334
vn -0.378672 0.869632 -0.316779
vn -0.300993 0.889182 -0.344614
vn -0.505208 0.783901 -0.360921
vn -0.417786 0.814042 -0.403473
vn -0.627437 0.678968 -0.381215
vn -0.540063 0.717580 -0.439786
vn -0.736604 0.562109 -0.376097
vn -0.658534 0.604003 -0.448902
vn -0.825883 0.443510 -0.348162
vn -0.763006 0.482382 -0.430268
vn -0.896307 0.326344 -0.300224
vn -0.829988 0.379146 -0.409107
vn 0.356450 0.882513 0.306781
vn 0.360763 0.908931 0.209030
vn 0.299904 0.924214 0.236402
vn 0.279276 0.949734 0.141457
vn 0.232982 0.959074 0.160925
vn 0.182374 0.980838 0.068529
vn 0.153425 0.984874 0.080521
vn 0.068321 0.997630 -0.008176
vn 0.059546 0.998220 -0.003417
vn -0.061491 0.994509 -0.084687
vn -0.048660 0.994964 -0.087634
vn -0.201650 0.967163 -0.154703
vn -0.168892 0.971413 -0.166830
vn -0.345472 0.914100 -0.212298
vn -0.297521 0.925232 -0.235427
vn -0.485920 0.836649 -0.252784
vn -0.429864 0.855623 -0.288318
vn -0.615560 0.739307 -0.272967
vn -0.559246 0.764368 -0.320914
vn -0.728065 0.629244 -0.271979
vn -0.677983 0.656612 -0.330453
vn -0.819467 0.514984 -0.251525
vn -0.779250 0.540527 -0.317176
vn -0.890457 0.401596 -0.214025
vn -0.847711 0.437498 -0.299970
vn -0.917934 0.328073 -0.223081
vn 0.221249 0.973809 0.052391
vn 0.085154 0.996136 -0.021514
vn 0.077319 0.996903 -0.014339
vn -0.119117 0.990521 -0.068402
vn -0.083108 0.993380 -0.079304
vn -0.323305 0.940488 -0.104673
vn -0.250995 0.958410 -0.135834
vn -0.504859 0.854034 -0.125473
vn -0.413902 0.892772 -0.177887
vn -0.652596 0.746454 -0.130097
vn -0.561579 0.802391 -0.201984
vn -0.765565 0.632007 -0.120326
vn -0.687234 0.696259 -0.207204
vn -0.848168 0.520423 -0.098850
vn -0.788159 0.583801 -0.194888
vn -0.906205 0.417270 -0.068399
vn -0.864853 0.473116 -0.167899
vn -0.945068 0.325356 -0.031479
vn -0.919794 0.370280 -0.129893
vn -0.969241 0.245926 0.009574
vn -0.982105 0.180952 0.052210
vn -0.973619 0.161273 0.161424
vn -0.971367 0.220851 0.087580
vn -0.963487 0.195812 0.182622
vn -0.957165 0.281846 0.066324
vn -0.955771 0.254242 0.147860
vn -0.931762 0.361621 0.032400
vn -0.938337 0.326271 0.114325
vn -0.890931 0.454136 0.001889
vn -0.907717 0.411317 0.082873
vn -0.828286 0.559780 -0.024269
vn -0.857677 0.511400 0.053485
vn -0.734635 0.676985 -0.044768
vn -0.778142 0.627542 0.026188
vn -0.598233 0.799246 -0.057642
vn -0.654004 0.756490 0.001442
vn -0.471176 0.881918 -0.014600
vn -0.202197 0.978812 -0.032319
vn -0.495019 0.868868 0.005083
vn -0.440190 0.897905 0.000242
vn -0.642344 0.765730 0.032436
vn -0.640095 0.766917 0.046014
vn -0.770461 0.633803 0.068444
vn -0.761601 0.641482 0.092004
vn -0.850671 0.515121 0.104925
vn -0.838724 0.526346 0.139648
vn -0.899397 0.413372 0.142161
vn -0.885003 0.425607 0.188756
vn -0.927443 0.327443 0.180641
vn -0.909787 0.339127 0.239335
vn -0.941396 0.255107 0.220665
vn -0.919101 0.265550 0.291095
vn -0.945247 0.194400 0.262138
vn -0.420791 0.907157 -0.000434
vn -0.592892 0.803808 0.048697
vn -0.716134 0.689896 0.105809
vn -0.797867 0.578981 0.167895
vn -0.847324 0.477200 0.233071
vn -0.884556 0.374514 0.278029
vn 0.327169 0.935964 0.130126
vn -0.909970 0.265956 -0.318154
vn -0.800906 0.382069 -0.461057
vn -0.542501 0.591806 -0.596204
vn -0.238124 0.748259 -0.619198
vn 0.023774 0.834127 -0.551060
vn -0.870162 0.290325 0.398158
vn -0.905868 0.169118 0.388332
vn -0.941586 0.099446 0.321755
vn -0.973628 0.074197 0.215739
vn -0.993620 0.056804 0.097435
vn -0.999318 0.036110 -0.007685
vn -0.950252 0.144192 0.276097
vn -0.926000 0.195755 0.322807
vn -0.513132 0.051916 0.856738
vn -0.592255 0.055962 0.803805
vn -0.728704 0.113072 0.675430
vn -0.689481 0.048810 0.722658
vn -0.534374 0.195848 0.822246
vn -0.539681 0.119448 0.833353
vn -0.630069 0.128459 0.765840
vn -0.776310 0.205577 0.595887
vn -0.450664 0.034607 0.892023
vn -0.699913 0.073645 0.710421
vn -0.586091 0.099330 0.804134
vn -0.510923 0.088539 0.855055
vn -0.464283 0.070855 0.882848
vn -0.468987 0.055141 0.881482
vn -0.704345 0.137725 0.696369
vn -0.581435 0.154937 0.798704
vn -0.509872 0.134732 0.849634
vn -0.466986 0.108984 0.877523
vn -0.478399 0.094703 0.873021
vn -0.901566 0.185277 0.390962
vn -0.806541 0.162561 0.568389
vn -0.794213 0.243353 0.556781
vn -0.695597 0.207139 0.687924
vn -0.683858 0.277396 0.674825
vn -0.576223 0.212503 0.789183
vn -0.569721 0.272841 0.775227
vn -0.509218 0.183794 0.840783
vn -0.508309 0.236763 0.827989
vn -0.470820 0.150520 0.869294
vn -0.475296 0.196658 0.857566
vn -0.481880 0.141244 0.864778
vn -0.495457 0.173907 0.851046
vn -0.959559 0.199219 0.198892
vn -0.884105 0.276281 0.376865
vn -0.776238 0.323570 0.541070
vn -0.668410 0.348767 0.656954
vn -0.560990 0.336672 0.756269
vn -0.506264 0.294696 0.810463
vn -0.479692 0.248729 0.841445
vn -0.499142 0.236640 0.833582
vn -0.804310 0.457274 0.379455
vn -0.398307 0.917015 0.020842
vn -0.558398 0.824552 0.091132
vn -0.675016 0.717681 0.171135
vn -0.751150 0.608920 0.254929
vn -0.368896 0.925951 0.080811
vn -0.517843 0.834909 0.186456
vn -0.622700 0.724701 0.295049
vn -0.685466 0.610754 0.396378
vn -0.703927 0.525048 0.478343
vn -0.340135 0.929815 0.140541
vn -0.475475 0.839373 0.263394
vn -0.569033 0.727906 0.382564
vn -0.622923 0.612265 0.486928
vn -0.646437 0.504313 0.572528
vn -0.649941 0.409631 0.640140
vn -0.630751 0.309649 0.711527
vn -0.561803 0.267893 0.782694
vn -0.510394 0.281424 0.812588
vn -0.482929 0.308180 0.819637
vn -0.501875 0.358606 0.787098
vn -0.548825 0.404563 0.731519
vn -0.648379 0.421359 0.634083
vn -0.752220 0.402905 0.521376
vn -0.858312 0.364913 0.360749
vn -0.936832 0.296301 0.185882
vn -0.978223 0.204406 0.036018
vn -0.198933 0.979368 -0.035555
vn -0.201207 0.978992 -0.033025
vn -0.185734 0.982563 -0.008507
vn -0.173114 0.984427 0.030583
vn -0.565569 0.343938 0.749559
vn -0.575416 0.415142 0.704665
vn -0.518891 0.427913 0.740029
vn -0.571360 0.509235 0.643605
vn -0.549950 0.616565 0.563385
vn -0.489350 0.623550 0.609690
vn -0.517066 0.348741 0.781679
vn -0.478578 0.454806 0.751076
vn -0.483370 0.376475 0.790329
vn -0.478847 0.507236 0.716531
vn -0.493481 0.429328 0.756409
vn -0.507745 0.553131 0.660485
vn -0.531701 0.476790 0.699975
vn -0.590321 0.569392 0.572113
vn -0.622736 0.495052 0.605907
vn -0.684188 0.557232 0.470510
vn -0.721703 0.480966 0.497813
vn -0.782666 0.531836 0.323395
vn -0.824415 0.450335 0.342839
vn -0.863239 0.478025 0.162206
vn -0.904475 0.389588 0.173627
vn -0.916944 0.398431 0.021607
vn -0.952393 0.303633 0.027484
vn -0.939031 0.319553 -0.126912
vn -0.929627 0.302468 -0.210492
vn -0.511660 0.519896 0.684041
vn -0.438107 0.641081 0.630141
vn -0.465046 0.543520 0.698798
vn -0.418828 0.680854 0.600850
vn -0.455092 0.591786 0.665342
vn -0.430539 0.713050 0.553350
vn -0.474784 0.632584 0.611897
vn -0.500304 0.716022 0.486836
vn -0.549904 0.643510 0.532448
vn -0.586195 0.701418 0.405449
vn -0.639172 0.631012 0.439641
vn -0.676609 0.680608 0.281021
vn -0.733317 0.608787 0.302695
vn -0.757180 0.637552 0.142148
vn -0.813898 0.560856 0.151691
vn -0.820798 0.570953 0.017421
vn -0.872780 0.487771 0.018295
vn -0.857240 0.501926 -0.114933
vn -0.902211 0.413518 -0.122546
vn -0.853775 0.484796 -0.189845
vn -0.895714 0.396199 -0.201798
vn -0.501831 0.731655 0.461353
vn -0.418411 0.842445 0.339440
vn -0.370584 0.839445 0.397492
vn -0.297674 0.931781 0.207783
vn -0.148800 0.985305 0.083857
vn -0.137535 0.980306 0.141719
vn -0.444531 0.733681 0.513910
vn -0.323541 0.839480 0.436572
vn -0.392406 0.742712 0.542583
vn -0.296521 0.852776 0.429939
vn -0.366707 0.770084 0.522012
vn -0.301295 0.862184 0.407259
vn -0.373049 0.791115 0.484739
vn -0.370214 0.848004 0.379250
vn -0.440568 0.784994 0.435528
vn -0.455233 0.827488 0.328673
vn -0.524922 0.767345 0.368291
vn -0.542102 0.806517 0.235914
vn -0.612782 0.746721 0.258661
vn -0.624065 0.771119 0.126171
vn -0.693721 0.707739 0.133628
vn -0.696503 0.717205 0.022372
vn -0.761809 0.647528 0.018834
vn -0.745853 0.659868 -0.090982
vn -0.804894 0.584177 -0.104324
vn -0.748398 0.644357 -0.157175
vn -0.804474 0.567659 -0.174885
vn -0.265991 0.925850 0.268424
vn -0.118826 0.973018 0.197776
vn -0.230761 0.919618 0.317886
vn -0.106352 0.968246 0.226250
vn -0.208572 0.921038 0.328917
vn -0.119146 0.963737 0.238777
vn -0.215846 0.921181 0.323783
vn -0.199473 0.945399 0.257745
vn -0.289474 0.902348 0.319331
vn -0.291781 0.924567 0.245030
vn -0.377319 0.880396 0.287286
vn -0.381628 0.904461 0.190555
vn -0.464900 0.859336 0.213095
vn -0.468008 0.876265 0.114574
vn -0.548681 0.827402 0.119810
vn -0.549106 0.835012 0.035167
vn -0.625445 0.779770 0.027872
vn -0.609860 0.790445 -0.057157
vn -0.680686 0.728709 -0.075172
vn -0.617792 0.777961 -0.114497
vn -0.686036 0.714559 -0.136964
vn -0.620961 0.767382 -0.159790
vn -0.644411 0.741256 -0.187816
vn 0.126951 0.988549 0.081578
vn 0.036140 0.997779 0.055961
vn 0.020936 0.998680 0.046904
vn -0.058926 0.997925 0.025943
vn -0.272780 0.230609 0.934029
vn 0.205436 -0.727350 -0.654796
vn -0.272780 -0.230609 0.934029
vn -0.042389 -0.984776 0.168579
vn 0.151760 0.865998 -0.476463
vn 0.024415 -0.998276 -0.053371
vn 0.090316 -0.957959 -0.272319
vn 0.151760 -0.865998 -0.476463
vn -0.272866 -0.000000 0.962052
vn -0.249893 -0.448785 0.857989
vn 0.248449 -0.549492 -0.797704
vn 0.278482 0.342009 -0.897484
vn 0.248449 0.549492 -0.797704
vn 0.205436 0.727350 -0.654796
vn -0.213121 -0.642767 0.735819
vn 0.024415 0.998276 -0.053371
vn 0.090316 0.957959 -0.272319
vn -0.106495 0.918187 0.381565
vn -0.042389 0.984776 0.168579
vn -0.164447 -0.802097 0.574105
vn 0.278482 -0.342009 -0.897484
vn 0.293914 0.116089 -0.948756
vn 0.293914 -0.116089 -0.948756
vn -0.249893 0.448785 0.857989
vn -0.106495 -0.918187 0.381565
vn -0.164447 0.802097 0.574105
vn -0.213121 0.642767 0.735819
vn 0.234452 0.581619 -0.778943
vn 0.850498 -0.123152 0.511358
vn 0.266790 0.378345 -0.886385
vn 0.896514 -0.039280 0.441271
vn 0.284747 0.154672 -0.946042
vn 0.867564 -0.008696 0.497250
vn 0.287352 -0.077336 -0.954698
vn 0.867727 0.044511 0.495044
vn 0.274466 -0.305177 -0.911886
vn 0.872515 0.095551 0.479153
vn 0.246783 -0.516566 -0.819913
vn 0.880603 0.141305 0.452295
vn 0.205797 -0.700106 -0.683739
vn 0.891545 0.179245 0.415954
vn 0.153716 -0.845903 -0.510705
vn 0.904737 0.207276 0.372140
vn 0.093348 -0.946098 -0.310138
vn 0.919449 0.223851 0.323272
vn 0.027947 -0.995288 -0.092852
vn 0.934868 0.228055 0.272053
vn -0.038960 -0.990822 0.129440
vn 0.950143 0.219658 0.221310
vn -0.103767 -0.932940 0.344754
vn 0.964431 0.199123 0.173848
vn -0.162979 -0.824763 0.541482
vn 0.976942 0.167586 0.132288
vn -0.213406 -0.672124 0.709019
vn 0.986984 0.126790 0.098926
vn -0.252327 -0.483249 0.838332
vn 0.994004 0.078989 0.075605
vn -0.277646 -0.268323 0.922451
vn 0.997614 0.026824 0.063614
vn -0.287997 -0.038931 0.956840
vn 0.997614 -0.026824 0.063614
vn -0.282821 0.192559 0.939645
vn 0.994004 -0.078989 0.075605
vn -0.262399 0.413669 0.871794
vn 0.986984 -0.126790 0.098926
vn -0.227831 0.612477 0.756945
vn 0.978445 -0.136263 0.155170
vn -0.180980 0.778267 0.601288
vn 0.967485 -0.191464 0.165274
vn -0.124373 0.902100 0.413216
vn 0.953822 -0.214111 0.210667
vn -0.061060 0.977301 0.202867
vn 0.939022 -0.225216 0.259838
vn 0.005544 0.999815 -0.018419
vn 0.923883 -0.224179 0.310136
vn 0.071849 0.968429 -0.238711
vn 0.909221 -0.211057 0.358849
vn 0.134281 0.884835 -0.446135
vn 0.895826 -0.186556 0.403351
vn 0.189474 0.753539 -0.629507
vn 0.884421 -0.151999 0.441243
vn 0.286457 -0.120469 -0.950489
vn 0.291662 -0.000000 -0.956522
vn 0.283469 -0.236475 -0.929368
vn 0.259356 -0.459535 -0.849448
vn 0.269852 -0.354413 -0.895305
vn 0.271945 -0.230607 -0.934273
vn 0.220687 -0.656529 -0.721296
vn 0.237605 -0.567782 -0.788142
vn 0.249210 -0.448782 -0.858190
vn 0.169651 -0.816280 -0.552182
vn 0.191590 -0.748189 -0.635221
vn 0.212692 -0.642765 -0.735945
vn 0.109134 -0.929729 -0.351702
vn 0.134479 -0.885164 -0.445422
vn 0.164373 -0.802097 -0.574127
vn 0.042562 -0.990438 -0.131230
vn 0.069590 -0.970756 -0.229763
vn 0.106876 -0.918190 -0.381452
vn -0.026301 -0.994964 0.096724
vn 0.000689 -1.000000 -0.000765
vn 0.043327 -0.984784 -0.168298
vn -0.093561 -0.943049 0.319225
vn -0.068222 -0.971202 0.228280
vn -0.022821 -0.998288 0.053852
vn -0.155419 -0.837639 0.523647
vn -0.133142 -0.886040 0.444079
vn -0.087964 -0.957975 0.273032
vn -0.208382 -0.684712 0.698388
vn -0.190302 -0.749461 0.634108
vn -0.148551 -0.866016 0.477440
vn -0.249466 -0.492943 0.833531
vn -0.236383 -0.569396 0.787344
vn -0.201269 -0.727369 0.656068
vn -0.276360 -0.273210 0.921402
vn -0.268711 -0.356301 0.894899
vn -0.243224 -0.549507 0.799302
vn -0.287542 0.000000 0.957768
vn -0.285410 -0.122541 0.950539
vn -0.272096 -0.342019 0.899437
vn -0.276360 0.273210 0.921402
vn -0.285410 0.122541 0.950539
vn -0.288215 0.000000 0.957566
vn -0.249466 0.492943 0.833531
vn -0.268711 0.356301 0.894899
vn -0.272096 0.342019 0.899437
vn -0.208382 0.684712 0.698388
vn -0.236383 0.569396 0.787344
vn -0.243224 0.549507 0.799302
vn -0.155419 0.837639 0.523647
vn -0.190302 0.749461 0.634108
vn -0.201269 0.727369 0.656068
vn -0.093561 0.943049 0.319225
vn -0.133142 0.886040 0.444079
vn -0.148551 0.866016 0.477440
vn -0.026301 0.994964 0.096724
vn -0.068222 0.971202 0.228280
vn -0.087964 0.957975 0.273032
vn 0.042562 0.990438 -0.131230
vn 0.000689 1.000000 -0.000765
vn -0.022821 0.998288 0.053852
vn 0.109134 0.929729 -0.351702
vn 0.069590 0.970756 -0.229763
vn 0.043327 0.984784 -0.168298
vn 0.169651 0.816280 -0.552182
vn 0.134479 0.885164 -0.445422
vn 0.106876 0.918190 -0.381452
vn 0.220687 0.656529 -0.721296
vn 0.191590 0.748189 -0.635221
vn 0.164373 0.802097 -0.574127
vn 0.259356 0.459535 -0.849448
vn 0.237605 0.567782 -0.788142
vn 0.212692 0.642765 -0.735945
vn 0.283469 0.236475 -0.929368
vn 0.269852 0.354413 -0.895305
vn 0.249210 0.448782 -0.858189
vn 0.279662 0.000000 -0.960098
vn 0.286457 0.120469 -0.950489
vn 0.271945 0.230607 -0.934273
vn -0.405183 -0.900216 0.159495
vn -0.462924 -0.813798 0.351333
vn -0.513364 -0.683508 0.518917
vn -0.553785 -0.516370 0.653211
vn -0.582007 -0.321394 0.746977
vn -0.592805 -0.177014 0.785651
vn -0.598237 -0.018621 0.801103
vn -0.594489 0.152188 0.789570
vn -0.582007 0.321394 0.746977
vn -0.553785 0.516370 0.653211
vn -0.513364 0.683508 0.518917
vn -0.462924 0.813798 0.351333
vn -0.405183 0.900216 0.159495
vn -0.343254 0.938103 -0.046256
vn -0.280477 0.925417 -0.254827
vn -0.220235 0.862841 -0.454975
vn -0.165776 0.753750 -0.635909
vn -0.120036 0.604023 -0.787876
vn -0.085482 0.421733 -0.902682
vn -0.063974 0.216708 -0.974138
vn -0.056674 0.000000 -0.998393
vn -0.063974 -0.216708 -0.974138
vn -0.085482 -0.421733 -0.902682
vn -0.120036 -0.604023 -0.787876
vn -0.165776 -0.753750 -0.635909
vn -0.220235 -0.862841 -0.454975
vn -0.280477 -0.925417 -0.254827
vn -0.343254 -0.938103 -0.046256
vn -0.343435 -0.127724 0.930451
vn -0.418032 -0.228115 0.879325
vn -0.315410 -0.341644 0.885322
vn -0.395392 -0.443933 0.804107
vn -0.285409 -0.548905 0.785649
vn -0.359018 -0.635818 0.683258
vn -0.242442 -0.726574 0.642893
vn -0.310871 -0.793426 0.523292
vn -0.188823 -0.865074 0.464750
vn -0.253545 -0.908260 0.332833
vn -0.127444 -0.956937 0.260825
vn -0.190132 -0.974130 0.122150
vn -0.061614 -0.997211 0.042110
vn -0.124050 -0.987484 -0.097401
vn 0.005119 -0.983726 -0.179603
vn -0.058862 -0.947603 -0.313982
vn 0.069156 -0.917207 -0.392362
vn 0.001918 -0.856636 -0.515919
vn 0.127047 -0.801242 -0.584697
vn 0.055014 -0.719487 -0.692323
vn 0.175669 -0.642082 -0.746239
vn 0.097562 -0.543551 -0.833687
vn 0.212401 -0.448306 -0.868279
vn 0.127270 -0.338311 -0.932388
vn 0.235264 -0.230362 -0.944237
vn 0.142535 -0.114835 -0.983106
vn 0.243024 -0.000000 -0.970020
vn 0.142535 0.114835 -0.983106
vn 0.235264 0.230362 -0.944238
vn 0.127270 0.338311 -0.932388
vn 0.212401 0.448306 -0.868279
vn 0.097562 0.543551 -0.833687
vn 0.175669 0.642082 -0.746239
vn 0.055014 0.719487 -0.692323
vn 0.127047 0.801242 -0.584697
vn 0.001918 0.856636 -0.515919
vn 0.069156 0.917207 -0.392362
vn -0.058862 0.947603 -0.313982
vn 0.005119 0.983726 -0.179603
vn -0.124050 0.987484 -0.097401
vn -0.061614 0.997211 0.042110
vn -0.190132 0.974130 0.122150
vn -0.127444 0.956937 0.260825
vn -0.253545 0.908260 0.332833
vn -0.188823 0.865074 0.464750
vn -0.310871 0.793426 0.523292
vn -0.242442 0.726574 0.642893
vn -0.359018 0.635818 0.683258
vn -0.285409 0.548905 0.785649
vn -0.395392 0.443933 0.804107
vn -0.315410 0.341644 0.885322
vn -0.418032 0.228115 0.879325
vn -0.325394 0.132213 0.936290
vn -0.392423 0.005782 0.919767
vn 0.472829 0.615617 0.630435
vn 0.612845 0.772732 0.165245
vn 0.708952 0.688225 -0.154059
vn 0.440551 -0.464336 0.768314
vn 0.415017 -0.317297 0.852692
vn 0.474785 -0.588131 0.654738
vn 0.515856 -0.682579 0.517667
vn 0.453844 -0.822833 0.342010
vn 0.560170 -0.807395 0.185263
vn 0.651409 -0.757913 0.035131
vn 0.707323 -0.696894 -0.118462
vn 0.749724 -0.608817 -0.259338
vn 0.699604 -0.534228 -0.474505
vn 0.713855 -0.377798 -0.589644
vn 0.732518 -0.196902 -0.651650
vn 0.798445 -0.015933 -0.601856
vn 0.832274 0.149552 -0.533811
vn 0.811873 0.320334 -0.488107
vn 0.784532 0.467690 -0.407156
vn 0.744872 0.597490 -0.296937
vn 0.670901 0.741543 0.002345
vn 0.562578 0.757913 0.330263
vn 0.517399 0.701387 0.490259
vn 0.447156 0.493937 0.745706
vn 0.411502 0.348642 0.842089
vn 0.279318 0.195921 0.939998
vn 0.244531 0.006134 0.969622
vn 0.330748 -0.164888 0.929203
vn 0.934242 -0.296626 0.198002
vn 0.934707 -0.343435 0.091517
vn 0.134281 -0.884835 -0.446135
vn 0.965248 -0.253841 0.062134
vn 0.189474 -0.753539 -0.629507
vn 0.979898 -0.199081 0.012899
vn 0.234452 -0.581619 -0.778943
vn 0.990689 -0.134124 -0.023357
vn 0.266790 -0.378345 -0.886385
vn 0.997055 -0.062284 -0.044748
vn 0.284747 -0.154672 -0.946042
vn 0.998660 0.012760 -0.050161
vn 0.287352 0.077336 -0.954698
vn 0.995418 0.087159 -0.039311
vn 0.274466 0.305177 -0.911886
vn 0.987500 0.157099 -0.012763
vn 0.246783 0.516566 -0.819913
vn 0.975320 0.218999 0.028108
vn 0.205797 0.700106 -0.683740
vn 0.959515 0.269704 0.081180
vn 0.153716 0.845903 -0.510705
vn 0.940913 0.306647 0.143704
vn 0.093348 0.946098 -0.310138
vn 0.920484 0.327985 0.212449
vn 0.027947 0.995288 -0.092852
vn 0.899294 0.332692 0.283876
vn -0.038960 0.990822 0.129440
vn 0.878445 0.320612 0.354321
vn -0.103767 0.932940 0.344754
vn 0.859014 0.292458 0.420195
vn -0.162979 0.824763 0.541482
vn 0.842004 0.249774 0.478166
vn -0.213406 0.672124 0.709019
vn 0.828284 0.194845 0.525339
vn -0.252327 0.483249 0.838332
vn 0.818551 0.130571 0.559398
vn -0.277646 0.268323 0.922451
vn 0.813288 0.060313 0.578727
vn -0.287997 0.038931 0.956840
vn 0.812747 -0.012291 0.582487
vn -0.282821 -0.192559 0.939645
vn 0.816934 -0.083519 0.570652
vn -0.262399 -0.413669 0.871794
vn 0.825611 -0.149759 0.544003
vn -0.227831 -0.612477 0.756945
vn 0.838315 -0.207697 0.504074
vn -0.180980 -0.778267 0.601288
vn 0.854381 -0.254488 0.453066
vn -0.124373 -0.902100 0.413216
vn 0.872981 -0.287897 0.393725
vn -0.061060 -0.977301 0.202867
vn 0.893169 -0.306407 0.329187
vn 0.005544 -0.999815 -0.018419
vn 0.913932 -0.309288 0.262810
vn 0.071849 -0.968429 -0.238711
vn -0.934029 0.230609 -0.272780
vn -0.574105 -0.802097 -0.164447
vn 0.476463 -0.865998 0.151760
vn -0.934029 -0.230608 -0.272780
vn -0.168579 -0.984776 -0.042389
vn -0.381565 -0.918187 -0.106495
vn 0.897484 0.342009 0.278482
vn -0.962052 0.000000 -0.272865
vn 0.053371 -0.998276 0.024415
vn 0.272319 -0.957959 0.090316
vn -0.735819 -0.642767 -0.213121
vn 0.654796 -0.727350 0.205436
vn 0.797704 -0.549491 0.248450
vn 0.897484 -0.342009 0.278482
vn 0.948756 0.116089 0.293914
vn 0.476463 0.865998 0.151760
vn 0.654796 0.727350 0.205436
vn 0.053371 0.998276 0.024415
vn -0.857989 -0.448785 -0.249893
vn 0.948756 -0.116089 0.293914
vn 0.797704 0.549491 0.248450
vn 0.272319 0.957959 0.090316
vn -0.168579 0.984776 -0.042389
vn -0.574105 0.802097 -0.164447
vn -0.857989 0.448785 -0.249893
vn -0.735819 0.642767 -0.213121
vn -0.381565 0.918187 -0.106495
vn -0.956840 0.038932 -0.287997
vn -0.939645 0.192559 -0.282821
vn -0.922451 0.268323 -0.277646
vn -0.871794 0.413668 -0.262399
vn -0.838332 0.483249 -0.252327
vn -0.756945 0.612477 -0.227831
vn -0.709019 0.672124 -0.213406
vn -0.601288 0.778267 -0.180980
vn -0.541482 0.824763 -0.162979
vn -0.413216 0.902100 -0.124373
vn -0.344754 0.932940 -0.103767
vn -0.202867 0.977301 -0.061060
vn -0.129440 0.990822 -0.038960
vn 0.018419 0.999815 0.005544
vn 0.092852 0.995288 0.027947
vn 0.238711 0.968429 0.071849
vn 0.310138 0.946098 0.093348
vn 0.446135 0.884835 0.134281
vn 0.510705 0.845903 0.153716
vn 0.629507 0.753539 0.189474
vn 0.683739 0.700106 0.205797
vn 0.778943 0.581619 0.234452
vn 0.819914 0.516565 0.246783
vn 0.886385 0.378345 0.266791
vn 0.911886 0.305177 0.274466
vn 0.946042 0.154673 0.284746
vn 0.954698 0.077337 0.287352
vn 0.954698 -0.077337 0.287352
vn 0.946042 -0.154673 0.284746
vn 0.911886 -0.305177 0.274466
vn 0.886385 -0.378345 0.266791
vn 0.819914 -0.516566 0.246783
vn 0.778943 -0.581619 0.234452
vn 0.683739 -0.700106 0.205797
vn 0.629507 -0.753539 0.189474
vn 0.510705 -0.845903 0.153716
vn 0.446135 -0.884835 0.134281
vn 0.310138 -0.946098 0.093348
vn 0.238711 -0.968429 0.071849
vn 0.092852 -0.995288 0.027947
vn 0.018419 -0.999815 0.005544
vn -0.129440 -0.990822 -0.038960
vn -0.202867 -0.977301 -0.061060
vn -0.344754 -0.932940 -0.103767
vn -0.413216 -0.902100 -0.124373
vn -0.541482 -0.824763 -0.162979
vn -0.601288 -0.778267 -0.180980
vn -0.709019 -0.672124 -0.213406
vn -0.756945 -0.612477 -0.227831
vn -0.838332 -0.483249 -0.252327
vn -0.871794 -0.413668 -0.262399
vn -0.922451 -0.268323 -0.277646
vn -0.939645 -0.192559 -0.282821
vn -0.956840 -0.038932 -0.287997
vn -0.358848 -0.211055 0.909221
vn -0.403350 -0.186555 0.895827
vn -0.441242 -0.151997 0.884422
vn -0.511356 -0.123151 0.850499
vn -0.441269 -0.039279 0.896515
vn -0.497248 -0.008696 0.867565
vn -0.495043 0.044510 0.867728
vn -0.479152 0.095551 0.872516
vn -0.452294 0.141304 0.880604
vn -0.415953 0.179243 0.891546
vn -0.372139 0.207274 0.904738
vn -0.323272 0.223849 0.919449
vn -0.272053 0.228054 0.934868
vn -0.221311 0.219656 0.950144
vn -0.173849 0.199121 0.964431
vn -0.132289 0.167585 0.976942
vn -0.098928 0.126789 0.986984
vn -0.075607 0.078988 0.994004
vn -0.063615 0.026823 0.997614
vn -0.063616 -0.026823 0.997614
vn -0.075607 -0.078988 0.994004
vn -0.098928 -0.126789 0.986984
vn -0.155171 -0.136262 0.978445
vn -0.165275 -0.191462 0.967485
vn -0.210668 -0.214109 0.953822
vn -0.259838 -0.225214 0.939022
vn -0.310136 -0.224177 0.923883
vn 0.950489 -0.120469 0.286457
vn 0.956522 0.000000 0.291662
vn 0.929368 -0.236474 0.283469
vn 0.849448 -0.459535 0.259356
vn 0.895305 -0.354413 0.269852
vn 0.934273 -0.230607 0.271945
vn 0.721296 -0.656528 0.220687
vn 0.788142 -0.567782 0.237605
vn 0.858189 -0.448782 0.249210
vn 0.552182 -0.816281 0.169651
vn 0.635221 -0.748190 0.191590
vn 0.735946 -0.642765 0.212692
vn 0.351702 -0.929729 0.109134
vn 0.445422 -0.885164 0.134479
vn 0.574127 -0.802097 0.164373
vn 0.131230 -0.990438 0.042562
vn 0.229763 -0.970756 0.069590
vn 0.381452 -0.918190 0.106876
vn -0.096724 -0.994964 -0.026301
vn 0.000765 -1.000000 0.000689
vn 0.168298 -0.984784 0.043327
vn -0.319225 -0.943049 -0.093561
vn -0.228280 -0.971202 -0.068222
vn -0.053852 -0.998288 -0.022821
vn -0.523647 -0.837639 -0.155419
vn -0.444079 -0.886040 -0.133142
vn -0.273032 -0.957975 -0.087964
vn -0.698388 -0.684712 -0.208382
vn -0.634108 -0.749461 -0.190302
vn -0.477440 -0.866016 -0.148551
vn -0.833531 -0.492943 -0.249466
vn -0.787344 -0.569396 -0.236383
vn -0.656068 -0.727369 -0.201269
vn -0.921402 -0.273210 -0.276359
vn -0.894899 -0.356300 -0.268711
vn -0.799302 -0.549507 -0.243223
vn -0.957768 0.000000 -0.287542
vn -0.950539 -0.122541 -0.285409
vn -0.899437 -0.342020 -0.272096
vn -0.921402 0.273210 -0.276359
vn -0.950539 0.122541 -0.285409
vn -0.957566 0.000000 -0.288215
vn -0.833531 0.492943 -0.249466
vn -0.894899 0.356300 -0.268711
vn -0.899437 0.342020 -0.272096
vn -0.698388 0.684712 -0.208382
vn -0.787344 0.569396 -0.236383
vn -0.799302 0.549507 -0.243223
vn -0.523647 0.837639 -0.155419
vn -0.634108 0.749461 -0.190302
vn -0.656068 0.727369 -0.201269
vn -0.319225 0.943049 -0.093561
vn -0.444079 0.886040 -0.133142
vn -0.477440 0.866016 -0.148551
vn -0.096724 0.994964 -0.026301
vn -0.228280 0.971202 -0.068222
vn -0.273032 0.957975 -0.087964
vn 0.131230 0.990438 0.042562
vn 0.000765 1.000000 0.000689
vn -0.053852 0.998288 -0.022821
vn 0.351702 0.929729 0.109134
vn 0.229763 0.970756 0.069590
vn 0.168298 0.984784 0.043327
vn 0.552182 0.816281 0.169651
vn 0.445422 0.885164 0.134479
vn 0.381452 0.918190 0.106876
vn 0.721296 0.656529 0.220687
vn 0.635221 0.748190 0.191590
vn 0.574127 0.802097 0.164373
vn 0.849448 0.459535 0.259356
vn 0.788142 0.567782 0.237605
vn 0.735946 0.642765 0.212692
vn 0.929368 0.236474 0.283469
vn 0.895305 0.354413 0.269852
vn 0.858189 0.448782 0.249210
vn 0.960098 0.000000 0.279663
vn 0.950489 0.120469 0.286457
vn 0.934273 0.230607 0.271945
vn -0.159496 -0.900216 -0.405182
vn -0.351334 -0.813798 -0.462923
vn -0.518917 -0.683508 -0.513363
vn -0.653212 -0.516370 -0.553784
vn -0.746977 -0.321394 -0.582006
vn -0.785652 -0.177014 -0.592804
vn -0.801104 -0.018621 -0.598236
vn -0.791918 0.135492 -0.595406
vn -0.752111 0.306348 -0.583506
vn -0.653212 0.516370 -0.553784
vn -0.518917 0.683508 -0.513363
vn -0.351334 0.813798 -0.462923
vn -0.159496 0.900216 -0.405182
vn 0.046255 0.938103 -0.343253
vn 0.254827 0.925417 -0.280476
vn 0.454975 0.862841 -0.220234
vn 0.635909 0.753749 -0.165776
vn 0.787875 0.604023 -0.120036
vn 0.902682 0.421733 -0.085480
vn 0.974138 0.216708 -0.063973
vn 0.998393 -0.000000 -0.056673
vn 0.974138 -0.216708 -0.063973
vn 0.902682 -0.421733 -0.085480
vn 0.787876 -0.604023 -0.120036
vn 0.635909 -0.753749 -0.165776
vn 0.454975 -0.862841 -0.220234
vn 0.254827 -0.925417 -0.280476
vn 0.046255 -0.938103 -0.343253
vn -0.930451 -0.127723 -0.343435
vn -0.879325 -0.228115 -0.418032
vn -0.885322 -0.341644 -0.315410
vn -0.804107 -0.443933 -0.395393
vn -0.785649 -0.548905 -0.285410
vn -0.683258 -0.635818 -0.359019
vn -0.642893 -0.726575 -0.242442
vn -0.523292 -0.793426 -0.310871
vn -0.464750 -0.865074 -0.188823
vn -0.332833 -0.908260 -0.253545
vn -0.260825 -0.956937 -0.127444
vn -0.122150 -0.974130 -0.190132
vn -0.042110 -0.997211 -0.061614
vn 0.097401 -0.987484 -0.124050
vn 0.179603 -0.983726 0.005119
vn 0.313982 -0.947603 -0.058862
vn 0.392362 -0.917207 0.069157
vn 0.515919 -0.856636 0.001918
vn 0.584697 -0.801242 0.127047
vn 0.692324 -0.719487 0.055014
vn 0.746239 -0.642081 0.175669
vn 0.833687 -0.543551 0.097562
vn 0.868279 -0.448306 0.212401
vn 0.932388 -0.338312 0.127270
vn 0.944237 -0.230362 0.235264
vn 0.983106 -0.114834 0.142535
vn 0.970020 0.000000 0.243024
vn 0.983106 0.114834 0.142535
vn 0.944237 0.230362 0.235264
vn 0.932388 0.338312 0.127270
vn 0.868278 0.448306 0.212401
vn 0.833687 0.543551 0.097562
vn 0.746239 0.642081 0.175669
vn 0.692324 0.719487 0.055014
vn 0.584697 0.801242 0.127047
vn 0.515919 0.856635 0.001918
vn 0.392362 0.917207 0.069157
vn 0.313982 0.947603 -0.058862
vn 0.179603 0.983726 0.005119
vn 0.097401 0.987484 -0.124050
vn -0.042110 0.997211 -0.061614
vn -0.122150 0.974130 -0.190132
vn -0.260825 0.956937 -0.127444
vn -0.332833 0.908260 -0.253545
vn -0.464750 0.865074 -0.188823
vn -0.523292 0.793426 -0.310871
vn -0.642893 0.726575 -0.242442
vn -0.683258 0.635818 -0.359019
vn -0.785649 0.548905 -0.285410
vn -0.804107 0.443933 -0.395393
vn -0.885322 0.341644 -0.315410
vn -0.898006 0.229444 -0.375420
vn -0.922581 0.142934 -0.358349
vn -0.919767 0.005782 -0.392423
vn -0.958008 -0.178575 0.224349
vn -0.965563 0.019555 0.259433
vn -0.800651 -0.512670 0.310044
vn -0.890770 -0.355700 0.282854
vn -0.675063 -0.668729 0.311595
vn -0.519958 -0.756995 0.395730
vn -0.356778 -0.821426 0.444937
vn -0.162525 -0.870412 0.464725
vn 0.009441 -0.832725 0.553606
vn 0.205511 -0.792094 0.574763
vn 0.466497 -0.547027 0.695084
vn 0.342976 -0.673901 0.654389
vn 0.599250 -0.396779 0.695317
vn 0.634973 -0.209784 0.743506
vn 0.643390 0.171507 0.746080
vn 0.691656 -0.018266 0.721996
vn 0.614535 0.363835 0.699980
vn 0.490130 0.516286 0.702297
vn 0.372261 0.649375 0.663124
vn 0.236965 0.776240 0.584208
vn 0.046002 0.824054 0.564640
vn -0.127702 0.849030 0.512680
vn -0.306871 0.852909 0.422346
vn -0.486040 0.773962 0.405891
vn -0.647659 0.691548 0.319842
vn -0.777318 0.543341 0.317107
vn -0.874312 0.390913 0.287691
vn -0.950151 0.214094 0.226666
vn -0.869335 0.131108 0.476517
vn -0.824710 0.282496 0.489948
vn -0.748947 0.419720 0.512750
vn -0.645844 0.535897 0.543783
vn -0.520571 0.625201 0.581489
vn -0.379411 0.683154 0.623978
vn -0.229440 0.706853 0.669116
vn -0.078181 0.695106 0.714644
vn 0.066784 0.648504 0.758276
vn 0.198185 0.569384 0.797825
vn 0.309432 0.461712 0.831308
vn 0.394946 0.330887 0.857048
vn 0.450440 0.183471 0.873752
vn 0.473133 0.026855 0.880581
vn 0.461884 -0.131108 0.877196
vn 0.417260 -0.282496 0.863765
vn 0.341498 -0.419720 0.840960
vn 0.238395 -0.535897 0.809927
vn 0.113122 -0.625201 0.772223
vn -0.028040 -0.683154 0.729736
vn -0.178010 -0.706853 0.684596
vn -0.329269 -0.695106 0.639069
vn -0.474234 -0.648504 0.595437
vn -0.605634 -0.569384 0.555886
vn -0.716881 -0.461712 0.522401
vn -0.802396 -0.330887 0.496664
vn -0.857890 -0.183471 0.479962
vn -0.880583 -0.026855 0.473130
vn -0.137995 -0.553887 0.821077
vn 0.177891 -0.982592 0.053543
vn -0.024375 -0.513745 0.857597
vn 0.382800 -0.916618 0.115218
vn 0.076958 -0.448141 0.890644
vn 0.568514 -0.804681 0.171115
vn 0.160881 -0.360802 0.918662
vn 0.725720 -0.652394 0.218432
vn 0.223262 -0.256554 0.940391
vn 0.846536 -0.467392 0.254796
vn 0.261171 -0.141046 0.954932
vn 0.924903 -0.258954 0.278384
vn 0.273018 -0.020430 0.961792
vn 0.956891 -0.037531 0.288012
vn 0.258617 0.098979 0.960896
vn 0.940897 0.185774 0.283198
vn 0.219166 0.211054 0.952587
vn 0.877722 0.399764 0.264183
vn 0.221359 0.349703 0.910334
vn 0.770535 0.593708 0.231921
vn 0.108555 0.421827 0.900154
vn 0.624710 0.757880 0.188030
vn 0.012274 0.495313 0.868628
vn 0.447559 0.884050 0.134709
vn -0.098106 0.544379 0.833083
vn 0.247966 0.965890 0.074635
vn -0.216930 0.566164 0.795236
vn 0.035939 0.999296 0.010817
vn -0.338029 0.559247 0.756954
vn -0.177891 0.982592 -0.053543
vn -0.455054 0.523730 0.720162
vn -0.382800 0.916618 -0.115218
vn -0.561825 0.461257 0.686727
vn -0.568514 0.804681 -0.171115
vn -0.652673 0.374931 0.658365
vn -0.725720 0.652394 -0.218432
vn -0.722756 0.269150 0.636540
vn -0.846536 0.467392 -0.254796
vn -0.768328 0.149377 0.622382
vn -0.924903 0.258954 -0.278384
vn -0.786951 0.021841 0.616629
vn -0.956891 0.037531 -0.288012
vn -0.777632 -0.106805 0.619581
vn -0.940897 -0.185774 -0.283198
vn -0.740880 -0.229848 0.631084
vn -0.877722 -0.399764 -0.264183
vn -0.678672 -0.340885 0.650540
vn -0.770535 -0.593708 -0.231921
vn -0.594347 -0.434173 0.676939
vn -0.624710 -0.757880 -0.188030
vn -0.492415 -0.504940 0.708917
vn -0.447559 -0.884050 -0.134710
vn -0.378304 -0.549647 0.744832
vn -0.247966 -0.965890 -0.074635
vn -0.258056 -0.566164 0.782857
vn -0.035939 -0.999296 -0.010817
vn 0.035939 -0.999295 0.010817
vn -0.338464 -0.507286 0.792529
vn -0.177891 -0.982593 -0.053543
vn -0.444258 -0.473276 0.760687
vn -0.382800 -0.916618 -0.115218
vn -0.540154 -0.415535 0.731823
vn -0.568514 -0.804681 -0.171115
vn -0.621341 -0.336956 0.707386
vn -0.725720 -0.652394 -0.218432
vn -0.683750 -0.241481 0.688603
vn -0.846536 -0.467393 -0.254796
vn -0.724249 -0.133896 0.676413
vn -0.924903 -0.258954 -0.278384
vn -0.740811 -0.019598 0.671428
vn -0.956891 -0.037531 -0.288012
vn -0.732602 0.095682 0.673899
vn -0.940897 0.185774 -0.283198
vn -0.700035 0.206165 0.683701
vn -0.877722 0.399764 -0.264183
vn -0.644743 0.306311 0.700343
vn -0.770535 0.593708 -0.231921
vn -0.569499 0.391096 0.722990
vn -0.624710 0.757880 -0.188030
vn -0.478075 0.456270 0.750508
vn -0.447559 0.884050 -0.134710
vn -0.375056 0.498564 0.781516
vn -0.247966 0.965890 -0.074634
vn -0.265608 0.515860 0.814458
vn -0.035939 0.999295 -0.010817
vn -0.155219 0.507286 0.847684
vn 0.177891 0.982593 0.053543
vn -0.049425 0.473276 0.879526
vn 0.382800 0.916618 0.115218
vn 0.046471 0.415535 0.908390
vn 0.568514 0.804681 0.171115
vn 0.127659 0.336956 0.932826
vn 0.725720 0.652394 0.218432
vn 0.190067 0.241481 0.951610
vn 0.846536 0.467393 0.254796
vn 0.230566 0.133896 0.963800
vn 0.924903 0.258954 0.278384
vn 0.247128 0.019598 0.968785
vn 0.956891 0.037531 0.288012
vn 0.238919 -0.095682 0.966314
vn 0.940897 -0.185774 0.283198
vn 0.206351 -0.206165 0.956512
vn 0.877722 -0.399764 0.264183
vn 0.151060 -0.306311 0.939870
vn 0.770535 -0.593708 0.231921
vn 0.075816 -0.391096 0.917222
vn 0.624710 -0.757880 0.188030
vn -0.015608 -0.456270 0.889705
vn 0.447559 -0.884050 0.134710
vn -0.118627 -0.498564 0.858698
vn 0.247966 -0.965890 0.074634
vn -0.228075 -0.515860 0.825755
vn 0.035939 0.999295 0.010817
vn 0.078182 0.695103 -0.714647
vn -0.177891 0.982593 -0.053543
vn -0.066782 0.648501 -0.758279
vn -0.382800 0.916618 -0.115218
vn -0.198181 0.569381 -0.797828
vn -0.568514 0.804681 -0.171115
vn -0.309428 0.461709 -0.831312
vn -0.725720 0.652394 -0.218432
vn -0.394941 0.330885 -0.857051
vn -0.846536 0.467393 -0.254796
vn -0.450436 0.183470 -0.873754
vn -0.924903 0.258954 -0.278384
vn -0.473129 0.026854 -0.880584
vn -0.956891 0.037531 -0.288012
vn -0.461881 -0.131108 -0.877198
vn -0.940897 -0.185774 -0.283198
vn -0.417256 -0.282495 -0.863768
vn -0.877722 -0.399764 -0.264183
vn -0.341493 -0.419718 -0.840963
vn -0.770535 -0.593708 -0.231921
vn -0.238391 -0.535894 -0.809931
vn -0.624710 -0.757880 -0.188030
vn -0.113118 -0.625197 -0.772226
vn -0.447559 -0.884050 -0.134710
vn 0.028042 -0.683151 -0.729738
vn -0.247966 -0.965890 -0.074634
vn 0.178011 -0.706850 -0.684599
vn -0.035939 -0.999295 -0.010817
vn 0.329270 -0.695103 -0.639072
vn 0.177891 -0.982593 0.053543
vn 0.474234 -0.648500 -0.595441
vn 0.382800 -0.916618 0.115218
vn 0.605633 -0.569380 -0.555891
vn 0.568514 -0.804681 0.171115
vn 0.716879 -0.461709 -0.522407
vn 0.725720 -0.652394 0.218432
vn 0.802393 -0.330885 -0.496669
vn 0.846536 -0.467393 0.254796
vn 0.857888 -0.183470 -0.479965
vn 0.924903 -0.258954 0.278384
vn 0.880581 -0.026854 -0.473135
vn 0.956891 -0.037531 0.288012
vn 0.869333 0.131108 -0.476520
vn 0.940897 0.185774 0.283198
vn 0.824708 0.282495 -0.489952
vn 0.877722 0.399764 0.264183
vn 0.748945 0.419718 -0.512756
vn 0.770535 0.593708 0.231921
vn 0.645843 0.535894 -0.543788
vn 0.624710 0.757880 0.188030
vn 0.520571 0.625197 -0.581494
vn 0.447559 0.884050 0.134710
vn 0.379411 0.683151 -0.623981
vn 0.247966 0.965890 0.074634
vn 0.229441 0.706850 -0.669119
vn -0.725720 -0.652394 -0.218432
vn -0.568514 -0.804681 -0.171115
vn -0.382800 -0.916618 -0.115218
vn -0.177891 -0.982592 -0.053543
vn 0.035939 -0.999296 0.010817
vn 0.247966 -0.965890 0.074635
vn 0.447559 -0.884050 0.134709
vn 0.624710 -0.757880 0.188030
vn 0.770535 -0.593708 0.231921
vn 0.877722 -0.399764 0.264183
vn 0.940897 -0.185774 0.283198
vn 0.956891 0.037531 0.288012
vn 0.924903 0.258954 0.278384
vn 0.846536 0.467392 0.254796
vn 0.725720 0.652394 0.218432
vn 0.568514 0.804681 0.171115
vn 0.382800 0.916618 0.115218
vn 0.177891 0.982592 0.053543
vn -0.035939 0.999296 -0.010817
vn -0.247966 0.965890 -0.074635
vn -0.447559 0.884050 -0.134710
vn -0.624710 0.757880 -0.188030
vn -0.770535 0.593708 -0.231921
vn -0.877722 0.399764 -0.264183
vn -0.940897 0.185774 -0.283198
vn -0.956891 -0.037531 -0.288012
vn -0.924903 -0.258954 -0.278384
vn -0.846536 -0.467392 -0.254796
vn 0.108472 -0.966858 0.231128
vn 0.176187 -0.969913 0.168008
vn 0.149213 -0.983154 0.105564
vn 0.107291 -0.993170 0.045850
vn 0.174062 -0.961555 0.212401
vn 0.218901 -0.961415 0.166624
vn 0.308422 -0.940654 0.141587
vn 0.361850 -0.916686 0.169565
vn 0.384768 -0.893695 0.230787
vn 0.317582 -0.901480 0.294066
vn 0.506619 -0.787503 0.350964
vn 0.570896 -0.769297 0.286810
vn 0.554077 -0.800799 0.227422
vn 0.507470 -0.837778 0.201498
vn 0.424560 -0.876085 0.228525
vn 0.380520 -0.883081 0.274542
vn 0.564083 -0.756999 0.329792
vn 0.605832 -0.743525 0.283086
vn 0.678435 -0.689739 0.252957
vn 0.715530 -0.641740 0.276018
vn 0.724536 -0.603426 0.333053
vn 0.665391 -0.631072 0.398752
vn 0.714856 -0.590108 0.375172
vn 0.752945 -0.570881 0.327365
vn 0.812100 -0.504514 0.293188
vn 0.837507 -0.448086 0.312732
vn 0.837405 -0.405024 0.367025
vn 0.785338 -0.440619 0.434855
vn 0.824710 -0.391402 0.408237
vn 0.857968 -0.367461 0.358974
vn 0.901259 -0.292092 0.320023
vn 0.913432 -0.230275 0.335583
vn 0.900028 -0.191441 0.391536
vn 0.859995 -0.226413 0.457325
vn 0.915011 -0.155755 0.372149
vn 0.938454 -0.077495 0.336598
vn 0.942707 -0.029113 0.332348
vn 0.919019 0.045410 0.391589
vn 0.885336 0.000000 0.464952
vn 0.900498 0.057458 0.431047
vn 0.921670 0.086774 0.378148
vn 0.929491 0.167692 0.328521
vn 0.913454 0.230179 0.335589
vn 0.883363 0.273161 0.380857
vn 0.859996 0.226413 0.457324
vn 0.862346 0.283417 0.419564
vn 0.876914 0.313101 0.364677
vn 0.867042 0.390267 0.309724
vn 0.837550 0.447997 0.312744
vn 0.798374 0.486185 0.355278
vn 0.785338 0.440619 0.434856
vn 0.775324 0.494096 0.393373
vn 0.783385 0.522549 0.336527
vn 0.757125 0.591803 0.276642
vn 0.715591 0.641665 0.276036
vn 0.668635 0.672999 0.316228
vn 0.665391 0.631072 0.398753
vn 0.644123 0.678139 0.353883
vn 0.646125 0.703827 0.295213
vn 0.605667 0.761434 0.231054
vn 0.554152 0.800740 0.227445
vn 0.501138 0.823532 0.265813
vn 0.506619 0.787503 0.350964
vn 0.475817 0.825622 0.303226
vn 0.472533 0.847161 0.242964
vn 0.420831 0.890016 0.175421
vn 0.361936 0.916647 0.169591
vn 0.304914 0.929667 0.206752
vn 0.317582 0.901480 0.294066
vn 0.279479 0.928597 0.244129
vn 0.271968 0.944824 0.182597
vn 0.212582 0.970618 0.112741
vn 0.149306 0.983137 0.105592
vn 0.090541 0.985684 0.142229
vn 0.108472 0.966858 0.231128
vn -0.109440 0.980112 0.165538
vn -0.130423 0.988563 0.075722
vn -0.072276 0.996626 0.038898
vn -0.007852 0.998892 0.046393
vn 0.055243 0.991551 0.117365
vn 0.065693 0.981510 0.179783
vn -0.324404 0.940529 0.100837
vn -0.346067 0.938148 0.010815
vn -0.290863 0.956387 -0.026894
vn -0.228588 0.973317 -0.020045
vn -0.165960 0.984824 0.050787
vn -0.154014 0.981510 0.113655
vn -0.367800 0.928597 0.049307
vn -0.379714 0.925005 -0.013551
vn -0.437727 0.895269 -0.082994
vn -0.494673 0.864588 -0.088238
vn -0.544765 0.837157 -0.048990
vn -0.524833 0.850241 0.040510
vn -0.564138 0.825622 -0.009788
vn -0.574497 0.815318 -0.072178
vn -0.623993 0.768958 -0.139058
vn -0.672717 0.726180 -0.141827
vn -0.715805 0.691034 -0.100471
vn -0.699921 0.714116 -0.012189
vn -0.732444 0.678139 -0.060446
vn -0.739808 0.661677 -0.121934
vn -0.777345 0.601192 -0.185214
vn -0.815397 0.548623 -0.184771
vn -0.849967 0.507658 -0.140851
vn -0.840230 0.539493 -0.054419
vn -0.863645 0.494096 -0.099935
vn -0.866733 0.472365 -0.160137
vn -0.889515 0.401015 -0.218976
vn -0.915022 0.341489 -0.214758
vn -0.940017 0.296914 -0.167957
vn -0.938194 0.335786 -0.083907
vn -0.950666 0.283417 -0.126129
vn -0.948432 0.257589 -0.184729
vn -0.954456 0.179220 -0.238523
vn -0.966219 0.115946 -0.230167
vn -0.981102 0.070163 -0.180322
vn -0.988533 0.113976 -0.099059
vn -0.988818 0.057458 -0.137613
vn -0.980500 0.028924 -0.194380
vn -0.959508 -0.051508 -0.276934
vn -0.966230 -0.115848 -0.230170
vn -0.971006 -0.160370 -0.177283
vn -0.988533 -0.113976 -0.099057
vn -0.976043 -0.171598 -0.133766
vn -0.961207 -0.201299 -0.188574
vn -0.931385 -0.280879 -0.231579
vn -0.915054 -0.341396 -0.214767
vn -0.910273 -0.382258 -0.159003
vn -0.938194 -0.335786 -0.083906
vn -0.913031 -0.391403 -0.114801
vn -0.891594 -0.420670 -0.167620
vn -0.844616 -0.494378 -0.205462
vn -0.815449 -0.548540 -0.184787
vn -0.802178 -0.583538 -0.126468
vn -0.840230 -0.539493 -0.054420
vn -0.699921 -0.714116 -0.012189
vn -0.652548 -0.753359 -0.081431
vn -0.672786 -0.726112 -0.141847
vn -0.713038 -0.681225 -0.165859
vn -0.775414 -0.617362 -0.132652
vn -0.803176 -0.590108 -0.081736
vn -0.652404 -0.756999 -0.036354
vn -0.618930 -0.780773 -0.085552
vn -0.543747 -0.831346 -0.114905
vn -0.494755 -0.864539 -0.088263
vn -0.469449 -0.882567 -0.026321
vn -0.524833 -0.850241 0.040510
vn -0.468841 -0.883081 0.018895
vn -0.430578 -0.902092 -0.028861
vn -0.345866 -0.936650 -0.055345
vn -0.290954 -0.956358 -0.026921
vn -0.262754 -0.964195 0.035892
vn -0.324404 -0.940529 0.100837
vn -0.262383 -0.961555 0.081036
vn -0.220513 -0.974778 0.034367
vn -0.144245 -0.989485 0.010590
vn -0.111166 -0.993238 -0.033460
vn -0.061257 -0.998120 0.001816
vn -0.005529 -0.999985 0.000618
vn 0.022253 -0.999389 0.026960
vn 0.044463 -0.997558 0.053866
vn -0.949172 0.132119 -0.285688
vn -0.952607 0.101635 -0.286723
vn -0.956138 -0.021815 -0.292105
vn 0.027850 -0.999577 0.008383
vn -0.019192 -0.995370 -0.094187
vn -0.101579 -0.992696 -0.065092
vn -0.166280 -0.984808 -0.050048
vn -0.227089 -0.958677 -0.171375
vn -0.234500 -0.949730 -0.207419
vn -0.317802 -0.939179 -0.130171
vn -0.379272 -0.918216 -0.114156
vn -0.419994 -0.893144 -0.160930
vn -0.444353 -0.860820 -0.248069
vn -0.516377 -0.835032 -0.189940
vn -0.571819 -0.802123 -0.172110
vn -0.605649 -0.765626 -0.216810
vn -0.621620 -0.723002 -0.301424
vn -0.686601 -0.685867 -0.241175
vn -0.733538 -0.642788 -0.220785
vn -0.758140 -0.596832 -0.262708
vn -0.763674 -0.546206 -0.344181
vn -0.819297 -0.499727 -0.281115
vn -0.855712 -0.448799 -0.257558
vn -0.869245 -0.395863 -0.296150
vn -0.862857 -0.339964 -0.374034
vn -0.907310 -0.286647 -0.307607
vn -0.931754 -0.230616 -0.280446
vn -0.932976 -0.173554 -0.315332
vn -0.913822 -0.115395 -0.389375
vn -0.936263 -0.079775 -0.342123
vn -0.951127 -0.043613 -0.305703
vn -0.907310 0.286647 -0.307607
vn -0.862857 0.339964 -0.374034
vn -0.869245 0.395863 -0.296150
vn -0.855712 0.448799 -0.257558
vn -0.819297 0.499727 -0.281115
vn -0.763674 0.546206 -0.344181
vn -0.758140 0.596832 -0.262708
vn -0.733538 0.642788 -0.220785
vn -0.638813 0.710434 -0.295299
vn -0.613691 0.721102 -0.321551
vn -0.605649 0.765626 -0.216810
vn -0.571819 0.802123 -0.172110
vn -0.516377 0.835032 -0.189940
vn -0.444353 0.860820 -0.248069
vn -0.419994 0.893144 -0.160930
vn -0.379272 0.918216 -0.114156
vn -0.317802 0.939179 -0.130171
vn -0.241431 0.952232 -0.186992
vn -0.211184 0.972513 -0.098079
vn -0.166280 0.984808 -0.050048
vn -0.101579 0.992696 -0.065092
vn -0.023791 0.992308 -0.121485
vn 0.009526 0.999454 -0.031649
vn 0.055677 0.998308 0.016758
vn 0.120632 0.992696 0.001791
vn 0.196832 0.978889 -0.055081
vn 0.230235 0.972513 0.034782
vn 0.274633 0.957990 0.082661
vn 0.336854 0.939179 0.066872
vn 0.408545 0.912697 0.008642
vn 0.439046 0.893144 0.097630
vn 0.478783 0.866025 0.144108
vn 0.535429 0.835032 0.126640
vn 0.599934 0.797302 0.066247
vn 0.624702 0.765626 0.153510
vn 0.657122 0.727373 0.197785
vn 0.705653 0.685867 0.177876
vn 0.760681 0.638924 0.114630
vn 0.777192 0.596832 0.199408
vn 0.800035 0.549509 0.240800
vn 0.838349 0.499727 0.217815
vn 0.882121 0.446102 0.151182
vn 0.888298 0.395863 0.232848
vn 0.899818 0.342020 0.270833
vn 0.951202 0.248243 0.183275
vn 0.961486 0.228628 0.152559
vn 0.952029 0.173554 0.252031
vn 0.951091 0.116093 0.286266
vn 0.964950 0.058112 0.255920
vn 0.983362 -0.000000 0.181655
vn 0.964950 -0.058112 0.255920
vn 0.951091 -0.116093 0.286266
vn 0.952029 -0.173554 0.252031
vn 0.957706 -0.229230 0.173932
vn 0.926363 -0.286646 0.244305
vn 0.899818 -0.342020 0.270833
vn 0.888298 -0.395863 0.232848
vn 0.882121 -0.446102 0.151182
vn 0.838349 -0.499727 0.217815
vn 0.800035 -0.549509 0.240800
vn 0.777192 -0.596832 0.199408
vn 0.760681 -0.638924 0.114630
vn 0.705653 -0.685867 0.177876
vn 0.657122 -0.727373 0.197785
vn 0.624702 -0.765626 0.153510
vn 0.599934 -0.797302 0.066247
vn 0.535429 -0.835032 0.126640
vn 0.478783 -0.866025 0.144107
vn 0.439046 -0.893144 0.097630
vn 0.408545 -0.912697 0.008642
vn 0.336854 -0.939179 0.066872
vn 0.274633 -0.957990 0.082661
vn 0.212086 -0.976465 -0.039190
vn 0.202612 -0.976317 -0.075856
vn 0.120632 -0.992696 0.001791
vn 0.957566 0.000000 0.288215
vn 0.957566 0.000000 0.288215
vn 0.957566 0.000000 0.288215
vn 0.957566 0.000000 0.288215
vn 0.957566 0.000000 0.288215
vn 0.957566 0.000000 0.288215
vn -0.455723 0.163496 -0.874977
vn 0.957566 0.000000 0.288215
vn -0.467305 -0.108514 -0.877412
vn 0.957566 0.000000 0.288215
vn 0.957566 0.000000 0.288215
vn 0.957566 0.000000 0.288215
vn 0.957566 0.000000 0.288215
vn 0.957566 0.000000 0.288215
vn 0.026956 -0.995617 -0.089558
vn 0.026956 -0.995617 -0.089558
vn 0.957566 0.000000 0.288215
vn 0.957566 0.000000 0.288215
vn 0.957566 0.000000 0.288215
vn 0.957566 0.000000 0.288215
vn 0.957566 0.000000 0.288215
vn 0.957566 0.000000 0.288215
vn 0.957566 0.000000 0.288215
vn 0.957566 0.000000 0.288215
vn 0.957566 0.000000 0.288215
vn 0.957566 0.000000 0.288215
vn 0.957566 0.000000 0.288215
vn 0.957566 0.000000 0.288215
vn -0.549838 0.791647 -0.266408
vn 0.973189 0.126640 0.192004
vn -0.339799 -0.918287 -0.203188
vn -0.943870 0.024963 -0.329373
vn -0.898600 -0.229480 -0.373974
vn -0.822933 -0.446589 -0.351198
vn -0.701360 -0.639623 -0.314607
vn -0.540437 -0.798174 -0.266171
vn -0.132113 -0.982144 -0.133941
vn 0.092520 -0.993401 -0.067789
vn 0.306785 -0.951777 -0.001838
vn 0.504992 -0.861761 0.048489
vn 0.682452 -0.723792 0.101902
vn 0.824661 -0.546803 0.144706
vn 0.923953 -0.340336 0.174592
vn 0.974974 -0.115521 0.189949
vn 0.919512 0.348082 0.182584
vn 0.824662 0.546803 0.144706
vn 0.682452 0.723792 0.101902
vn 0.504992 0.861761 0.048489
vn 0.301847 0.953272 -0.012654
vn 0.083970 0.993393 -0.078233
vn -0.136895 0.979959 -0.144710
vn -0.348839 0.913695 -0.208502
vn -0.709425 0.634062 -0.307705
vn -0.822933 0.446589 -0.351198
vn -0.910239 0.241564 -0.336322
vn 0.026439 -0.999619 0.007958
vn 0.131472 -0.990530 0.039571
vn 0.183628 -0.981441 0.055270
vn 0.285796 -0.954422 0.086021
vn 0.335809 -0.936492 0.101074
vn 0.432325 -0.892280 0.130124
vn 0.478829 -0.865997 0.144121
vn 0.567061 -0.805798 0.170678
vn 0.608789 -0.771881 0.183238
vn 0.686329 -0.697337 0.206576
vn 0.722142 -0.656710 0.217355
vn 0.786876 -0.569854 0.236840
vn 0.815797 -0.523625 0.245544
vn 0.865959 -0.426827 0.260642
vn 0.887199 -0.376257 0.267036
vn 0.921420 -0.272157 0.277336
vn 0.934401 -0.218627 0.281243
vn 0.951748 -0.110064 0.286464
vn 0.956115 -0.055032 0.287778
vn 0.956115 0.055032 0.287778
vn 0.951748 0.110064 0.286464
vn 0.934401 0.218627 0.281243
vn 0.921420 0.272157 0.277336
vn 0.887199 0.376257 0.267036
vn 0.865959 0.426827 0.260642
vn 0.815797 0.523625 0.245544
vn 0.786876 0.569854 0.236840
vn 0.722142 0.656710 0.217355
vn 0.686329 0.697337 0.206576
vn 0.608789 0.771881 0.183238
vn 0.567061 0.805798 0.170678
vn 0.478829 0.865997 0.144121
vn 0.432325 0.892280 0.130124
vn 0.335809 0.936492 0.101074
vn 0.285796 0.954422 0.086021
vn 0.183628 0.981441 0.055270
vn 0.131472 0.990530 0.039571
vn 0.026439 0.999619 0.007958
vn -0.026439 0.999619 -0.007958
vn -0.131472 0.990530 -0.039571
vn -0.183628 0.981441 -0.055270
vn -0.285796 0.954422 -0.086021
vn -0.335809 0.936492 -0.101074
vn -0.432325 0.892280 -0.130124
vn -0.478829 0.865997 -0.144121
vn -0.567061 0.805798 -0.170678
vn -0.608788 0.771881 -0.183237
vn -0.686329 0.697337 -0.206576
vn -0.722142 0.656710 -0.217355
vn -0.786876 0.569854 -0.236840
vn -0.815797 0.523625 -0.245544
vn -0.865959 0.426827 -0.260642
vn -0.887199 0.376257 -0.267036
vn -0.921420 0.272157 -0.277336
vn -0.934401 0.218627 -0.281243
vn -0.951748 0.110064 -0.286464
vn -0.956115 0.055032 -0.287778
vn -0.956115 -0.055032 -0.287778
vn -0.951748 -0.110064 -0.286464
vn -0.934401 -0.218627 -0.281243
vn -0.921420 -0.272157 -0.277336
vn -0.887199 -0.376257 -0.267036
vn -0.865959 -0.426827 -0.260642
vn -0.815797 -0.523625 -0.245544
vn -0.786876 -0.569854 -0.236840
vn -0.722142 -0.656710 -0.217355
vn -0.686329 -0.697337 -0.206576
vn -0.608788 -0.771881 -0.183237
vn -0.567061 -0.805798 -0.170678
vn -0.478829 -0.865997 -0.144121
vn -0.432325 -0.892280 -0.130124
vn -0.335809 -0.936492 -0.101074
vn -0.285796 -0.954422 -0.086021
vn -0.183628 -0.981441 -0.055270
vn -0.131472 -0.990530 -0.039571
vn -0.026439 -0.999619 -0.007958
vn 0.288215 0.000000 -0.957566
vn -0.288215 0.000000 0.957566
vn 0.007958 -0.999619 -0.026439
vn 0.039571 -0.990530 -0.131472
vn 0.055270 -0.981441 -0.183628
vn 0.086021 -0.954422 -0.285796
vn 0.101074 -0.936492 -0.335809
vn 0.130124 -0.892280 -0.432325
vn 0.144121 -0.865997 -0.478829
vn 0.170678 -0.805798 -0.567061
vn 0.183238 -0.771881 -0.608789
vn 0.206576 -0.697337 -0.686329
vn 0.217355 -0.656710 -0.722142
vn 0.236840 -0.569854 -0.786876
vn 0.245544 -0.523625 -0.815797
vn 0.260642 -0.426827 -0.865959
vn 0.267036 -0.376258 -0.887199
vn 0.277336 -0.272157 -0.921420
vn 0.281243 -0.218627 -0.934401
vn 0.286464 -0.110064 -0.951748
vn 0.287778 -0.055032 -0.956115
vn 0.287778 0.055032 -0.956115
vn 0.286464 0.110064 -0.951748
vn 0.281243 0.218627 -0.934401
vn 0.277336 0.272157 -0.921420
vn 0.267036 0.376257 -0.887199
vn 0.260642 0.426827 -0.865959
vn 0.245544 0.523625 -0.815797
vn 0.236840 0.569854 -0.786876
vn 0.217355 0.656710 -0.722142
vn 0.206576 0.697337 -0.686329
vn 0.183238 0.771881 -0.608789
vn 0.170678 0.805798 -0.567061
vn 0.144121 0.865997 -0.478829
vn 0.130124 0.892280 -0.432325
vn 0.101074 0.936492 -0.335809
vn 0.086021 0.954422 -0.285796
vn 0.055270 0.981441 -0.183628
vn 0.039571 0.990530 -0.131472
vn 0.007958 0.999619 -0.026439
vn -0.007958 0.999619 0.026439
vn -0.039571 0.990530 0.131472
vn -0.055270 0.981441 0.183628
vn -0.086021 0.954422 0.285796
vn -0.101074 0.936492 0.335809
vn -0.130124 0.892280 0.432325
vn -0.144121 0.865997 0.478829
vn -0.170678 0.805798 0.567061
vn -0.183238 0.771881 0.608789
vn -0.206576 0.697337 0.686329
vn -0.217355 0.656710 0.722142
vn -0.236840 0.569854 0.786876
vn -0.245544 0.523625 0.815797
vn -0.260642 0.426827 0.865959
vn -0.267036 0.376258 0.887199
vn -0.277336 0.272157 0.921420
vn -0.281243 0.218627 0.934401
vn -0.286464 0.110064 0.951748
vn -0.287778 0.055032 0.956115
vn -0.287778 -0.055032 0.956115
vn -0.286464 -0.110064 0.951748
vn -0.281243 -0.218627 0.934401
vn -0.277336 -0.272157 0.921420
vn -0.267036 -0.376257 0.887199
vn -0.260642 -0.426827 0.865959
vn -0.245544 -0.523625 0.815797
vn -0.236840 -0.569854 0.786876
vn -0.217355 -0.656710 0.722142
vn -0.206576 -0.697337 0.686329
vn -0.183238 -0.771881 0.608789
vn -0.170678 -0.805798 0.567061
vn -0.144121 -0.865997 0.478829
vn -0.130124 -0.892280 0.432325
vn -0.101074 -0.936492 0.335809
vn -0.086021 -0.954422 0.285796
vn -0.055270 -0.981441 0.183628
vn -0.039571 -0.990530 0.131472
vn -0.007958 -0.999619 0.026439
vn -0.957566 0.000000 -0.288215
vn 0.957566 0.000000 0.288215
f 1//1 2//2 3//3
f 4//4 5//5 6//6
f 6//6 5//5 7//7
f 8//8 9//9 10//10
f 10//10 9//9 11//11
f 10//10 11//11 12//12
f 13//13 14//14 15//15
f 16//16 17//17 18//18
f 18//18 17//17 19//19
f 18//18 19//19 20//20
f 21//21 22//22 23//23
f 18//18 24//24 16//16
f 16//16 24//24 21//21
f 16//16 21//21 25//25
f 25//25 21//21 23//23
f 22//22 26//26 23//23
f 23//23 26//26 27//27
f 23//23 27//27 28//28
f 29//29 30//30 31//31
f 31//31 30//30 32//32
f 33//33 34//34 35//35
f 29//29 36//36 30//30
f 30//30 36//36 33//33
f 30//30 33//33 37//37
f 37//37 33//33 35//35
f 38//38 39//39 40//40
f 34//34 41//41 35//35
f 35//35 41//41 42//42
f 35//35 42//42 43//43
f 43//43 42//42 38//38
f 43//43 38//38 44//44
f 44//44 38//38 40//40
f 45//45 46//46 47//47
f 47//47 46//46 2//2
f 47//47 2//2 48//48
f 48//48 2//2 1//1
f 3//3 49//49 1//1
f 1//1 49//49 50//50
f 1//1 50//50 51//51
f 51//51 50//50 52//52
f 53//53 54//54 55//55
f 55//55 54//54 56//56
f 55//55 56//56 52//52
f 52//52 56//56 57//57
f 52//52 57//57 51//51
f 54//54 58//58 56//56
f 56//56 58//58 59//59
f 56//56 59//59 60//60
f 47//47 61//61 40//40
f 39//39 62//62 40//40
f 40//40 62//62 63//63
f 40//40 63//63 47//47
f 47//47 63//63 64//64
f 47//47 64//64 45//45
f 30//30 65//65 66//66
f 67//67 68//68 66//66
f 66//66 68//68 69//69
f 66//66 69//69 30//30
f 30//30 69//69 70//70
f 30//30 70//70 32//32
f 71//71 72//72 67//67
f 67//67 72//72 73//73
f 67//67 73//73 68//68
f 74//74 75//75 76//76
f 76//76 75//75 71//71
f 76//76 71//71 77//77
f 77//77 71//71 67//67
f 74//74 76//76 78//78
f 78//78 76//76 79//79
f 78//78 79//79 80//80
f 81//81 82//82 83//83
f 83//83 82//82 79//79
f 83//83 79//79 84//84
f 84//84 79//79 76//76
f 83//83 85//85 28//28
f 27//27 86//86 28//28
f 28//28 86//86 87//87
f 28//28 87//87 83//83
f 83//83 87//87 88//88
f 83//83 88//88 81//81
f 15//15 18//18 13//13
f 13//13 18//18 20//20
f 13//13 20//20 12//12
f 12//12 20//20 89//89
f 12//12 89//89 10//10
f 10//10 90//90 4//4
f 6//6 91//91 4//4
f 4//4 91//91 92//92
f 4//4 92//92 10//10
f 10//10 92//92 93//93
f 10//10 93//93 8//8
f 94//94 95//95 96//96
f 60//60 59//59 97//97
f 60//60 97//97 98//98
f 98//98 97//97 99//99
f 98//98 99//99 100//100
f 100//100 101//101 98//98
f 98//98 101//101 102//102
f 98//98 102//102 103//103
f 103//103 102//102 104//104
f 104//104 102//102 105//105
f 104//104 105//105 106//106
f 107//107 108//108 109//109
f 109//109 110//110 107//107
f 107//107 110//110 106//106
f 107//107 106//106 111//111
f 111//111 106//106 105//105
f 111//111 105//105 112//112
f 113//113 114//114 115//115
f 115//115 114//114 116//116
f 115//115 116//116 117//117
f 117//117 116//116 118//118
f 118//118 116//116 119//119
f 118//118 119//119 94//94
f 94//94 119//119 120//120
f 94//94 120//120 95//95
f 121//121 122//122 123//123
f 121//121 123//123 96//96
f 96//96 123//123 124//124
f 96//96 124//124 94//94
f 125//125 126//126 127//127
f 128//128 129//129 130//130
f 131//131 132//132 133//133
f 134//134 135//135 136//136
f 131//131 137//137 132//132
f 132//132 137//137 134//134
f 132//132 134//134 138//138
f 138//138 134//134 136//136
f 135//135 139//139 136//136
f 136//136 139//139 140//140
f 136//136 140//140 141//141
f 142//142 143//143 144//144
f 144//144 143//143 140//140
f 7//7 5//5 145//145
f 145//145 5//5 146//146
f 145//145 146//146 147//147
f 147//147 146//146 148//148
f 148//148 146//146 149//149
f 148//148 149//149 150//150
f 146//146 151//151 149//149
f 149//149 151//151 152//152
f 149//149 152//152 153//153
f 153//153 152//152 154//154
f 153//153 154//154 155//155
f 152//152 156//156 157//157
f 155//155 154//154 158//158
f 158//158 154//154 152//152
f 158//158 152//152 143//143
f 143//143 152//152 157//157
f 143//143 157//157 140//140
f 140//140 157//157 159//159
f 140//140 159//159 141//141
f 160//160 161//161 133//133
f 133//133 161//161 162//162
f 133//133 162//162 131//131
f 129//129 163//163 130//130
f 130//130 163//163 160//160
f 130//130 160//160 164//164
f 164//164 160//160 133//133
f 130//130 165//165 127//127
f 126//126 166//166 127//127
f 127//127 166//166 167//167
f 127//127 167//167 130//130
f 130//130 167//167 168//168
f 130//130 168//168 128//128
f 127//127 169//169 170//170
f 125//125 127//127 171//171
f 171//171 127//127 170//170
f 171//171 170//170 172//172
f 172//172 170//170 173//173
f 173//173 170//170 174//174
f 173//173 174//174 175//175
f 175//175 174//174 176//176
f 175//175 176//176 177//177
f 122//122 178//178 123//123
f 123//123 178//178 176//176
f 123//123 176//176 179//179
f 179//179 176//176 174//174
f 115//115 180//180 109//109
f 108//108 181//181 109//109
f 109//109 181//181 182//182
f 109//109 182//182 115//115
f 115//115 182//182 183//183
f 115//115 183//183 113//113
f 184//184 185//185 186//186
f 187//187 188//188 189//189
f 190//190 191//191 192//192
f 193//193 194//194 195//195
f 195//195 194//194 196//196
f 195//195 196//196 197//197
f 198//198 199//199 200//200
f 200//200 199//199 201//201
f 202//202 191//191 203//203
f 203//203 191//191 190//190
f 203//203 190//190 204//204
f 194//194 205//205 196//196
f 196//196 205//205 206//206
f 196//196 206//206 207//207
f 208//208 209//209 210//210
f 211//211 212//212 213//213
f 213//213 212//212 187//187
f 213//213 187//187 199//199
f 199//199 187//187 189//189
f 199//199 189//189 201//201
f 206//206 214//214 207//207
f 207//207 214//214 215//215
f 207//207 215//215 216//216
f 208//208 184//184 209//209
f 209//209 184//184 186//186
f 209//209 186//186 197//197
f 197//197 186//186 217//217
f 197//197 217//217 195//195
f 218//218 219//219 220//220
f 221//221 211//211 222//222
f 222//222 211//211 213//213
f 222//222 213//213 223//223
f 223//223 213//213 224//224
f 223//223 224//224 225//225
f 225//225 224//224 226//226
f 226//226 224//224 227//227
f 228//228 229//229 230//230
f 202//202 231//231 191//191
f 191//191 231//231 232//232
f 191//191 232//232 233//233
f 233//233 232//232 234//234
f 233//233 234//234 235//235
f 236//236 237//237 238//238
f 218//218 220//220 239//239
f 240//240 227//227 241//241
f 240//240 241//241 242//242
f 242//242 241//241 243//243
f 242//242 243//243 244//244
f 228//228 230//230 245//245
f 234//234 246//246 235//235
f 235//235 246//246 247//247
f 235//235 247//247 248//248
f 248//248 247//247 249//249
f 248//248 249//249 250//250
f 250//250 249//249 251//251
f 250//250 251//251 252//252
f 252//252 251//251 253//253
f 252//252 253//253 228//228
f 228//228 253//253 254//254
f 228//228 254//254 229//229
f 215//215 255//255 216//216
f 216//216 255//255 256//256
f 216//216 256//256 257//257
f 257//257 256//256 258//258
f 257//257 258//258 259//259
f 259//259 258//258 260//260
f 259//259 260//260 261//261
f 262//262 263//263 210//210
f 210//210 263//263 264//264
f 210//210 264//264 208//208
f 236//236 238//238 265//265
f 265//265 238//238 266//266
f 265//265 266//266 267//267
f 219//219 218//218 268//268
f 268//268 218//218 269//269
f 268//268 269//269 270//270
f 270//270 269//269 271//271
f 270//270 271//271 272//272
f 230//230 273//273 245//245
f 245//245 273//273 274//274
f 245//245 274//274 275//275
f 275//275 274//274 276//276
f 275//275 276//276 277//277
f 277//277 276//276 278//278
f 277//277 278//278 243//243
f 243//243 278//278 279//279
f 243//243 279//279 244//244
f 280//280 192//192 281//281
f 282//282 283//283 284//284
f 266//266 285//285 267//267
f 267//267 285//285 286//286
f 267//267 286//286 287//287
f 287//287 286//286 288//288
f 287//287 288//288 289//289
f 289//289 288//288 290//290
f 289//289 290//290 262//262
f 262//262 290//290 291//291
f 262//262 291//291 263//263
f 280//280 292//292 192//192
f 192//192 292//292 293//293
f 192//192 293//293 190//190
f 294//294 295//295 296//296
f 296//296 295//295 297//297
f 296//296 297//297 281//281
f 281//281 297//297 298//298
f 281//281 298//298 280//280
f 299//299 300//300 301//301
f 302//302 303//303 304//304
f 284//284 305//305 282//282
f 282//282 305//305 306//306
f 282//282 306//306 294//294
f 294//294 306//306 307//307
f 294//294 307//307 295//295
f 299//299 308//308 300//300
f 300//300 308//308 309//309
f 300//300 309//309 283//283
f 283//283 309//309 310//310
f 283//283 310//310 284//284
f 260//260 311//311 261//261
f 261//261 311//311 312//312
f 261//261 312//312 313//313
f 313//313 312//312 314//314
f 313//313 314//314 301//301
f 237//237 236//236 315//315
f 315//315 236//236 316//316
f 315//315 316//316 317//317
f 317//317 316//316 318//318
f 317//317 318//318 319//319
f 320//320 321//321 322//322
f 272//272 271//271 323//323
f 323//323 271//271 324//324
f 323//323 324//324 325//325
f 325//325 324//324 326//326
f 325//325 326//326 327//327
f 327//327 326//326 328//328
f 327//327 328//328 329//329
f 329//329 328//328 198//198
f 329//329 198//198 330//330
f 330//330 198//198 200//200
f 330//330 200//200 331//331
f 332//332 333//333 334//334
f 334//334 333//333 335//335
f 334//334 335//335 336//336
f 336//336 335//335 321//321
f 336//336 321//321 337//337
f 337//337 321//321 320//320
f 338//338 339//339 340//340
f 340//340 339//339 341//341
f 340//340 341//341 342//342
f 343//343 344//344 338//338
f 338//338 344//344 345//345
f 338//338 345//345 339//339
f 346//346 347//347 348//348
f 348//348 347//347 349//349
f 348//348 349//349 350//350
f 332//332 351//351 333//333
f 333//333 351//351 352//352
f 333//333 352//352 353//353
f 353//353 352//352 354//354
f 353//353 354//354 355//355
f 355//355 354//354 356//356
f 355//355 356//356 357//357
f 357//357 356//356 358//358
f 357//357 358//358 359//359
f 359//359 358//358 360//360
f 359//359 360//360 361//361
f 361//361 360//360 362//362
f 361//361 362//362 363//363
f 363//363 362//362 364//364
f 363//363 364//364 365//365
f 365//365 364//364 366//366
f 365//365 366//366 367//367
f 367//367 366//366 368//368
f 367//367 368//368 318//318
f 318//318 368//368 369//369
f 318//318 369//369 319//319
f 302//302 370//370 303//303
f 303//303 370//370 371//371
f 303//303 371//371 372//372
f 372//372 371//371 373//373
f 372//372 373//373 322//322
f 322//322 373//373 374//374
f 322//322 374//374 320//320
f 375//375 376//376 343//343
f 343//343 376//376 377//377
f 343//343 377//377 344//344
f 349//349 378//378 350//350
f 350//350 378//378 379//379
f 350//350 379//379 380//380
f 380//380 379//379 381//381
f 380//380 381//381 382//382
f 383//383 384//384 385//385
f 385//385 384//384 386//386
f 385//385 386//386 346//346
f 346//346 386//386 387//387
f 346//346 387//387 347//347
f 220//220 388//388 239//239
f 239//239 388//388 389//389
f 239//239 389//389 390//390
f 390//390 389//389 391//391
f 390//390 391//391 383//383
f 383//383 391//391 392//392
f 383//383 392//392 384//384
f 341//341 393//393 342//342
f 342//342 393//393 394//394
f 342//342 394//394 395//395
f 395//395 394//394 396//396
f 395//395 396//396 397//397
f 397//397 396//396 398//398
f 397//397 398//398 304//304
f 304//304 398//398 399//399
f 304//304 399//399 302//302
f 381//381 400//400 382//382
f 382//382 400//400 401//401
f 382//382 401//401 402//402
f 402//402 401//401 403//403
f 402//402 403//403 404//404
f 404//404 403//403 405//405
f 404//404 405//405 406//406
f 406//406 405//405 407//407
f 406//406 407//407 408//408
f 408//408 407//407 409//409
f 408//408 409//409 410//410
f 410//410 409//409 411//411
f 410//410 411//411 412//412
f 412//412 411//411 413//413
f 412//412 413//413 414//414
f 414//414 413//413 415//415
f 414//414 415//415 416//416
f 416//416 415//415 417//417
f 416//416 417//417 375//375
f 375//375 417//417 418//418
f 375//375 418//418 376//376
f 419//419 420//420 421//421
f 373//373 371//371 422//422
f 423//423 424//424 425//425
f 332//332 334//334 426//426
f 427//427 428//428 429//429
f 354//354 352//352 430//430
f 431//431 432//432 433//433
f 319//319 369//369 434//434
f 264//264 263//263 435//435
f 436//436 437//437 438//438
f 185//185 184//184 439//439
f 440//440 217//217 186//186
f 441//441 442//442 443//443
f 444//444 445//445 446//446
f 447//447 448//448 449//449
f 450//450 451//451 452//452
f 452//452 451//451 453//453
f 388//388 220//220 454//454
f 455//455 456//456 457//457
f 457//457 456//456 458//458
f 391//391 389//389 459//459
f 460//460 461//461 462//462
f 463//463 464//464 465//465
f 466//466 467//467 468//468
f 469//469 470//470 471//471
f 472//472 473//473 474//474
f 62//62 39//39 475//475
f 29//29 31//31 476//476
f 72//72 71//71 477//477
f 478//478 479//479 480//480
f 481//481 482//482 483//483
f 484//484 485//485 486//486
f 487//487 488//488 489//489
f 490//490 491//491 492//492
f 493//493 494//494 495//495
f 495//495 494//494 496//496
f 497//497 498//498 499//499
f 499//499 498//498 500//500
f 501//501 502//502 503//503
f 504//504 505//505 501//501
f 501//501 505//505 506//506
f 501//501 506//506 502//502
f 507//507 508//508 500//500
f 500//500 508//508 509//509
f 500//500 509//509 499//499
f 510//510 511//511 512//512
f 512//512 511//511 513//513
f 512//512 513//513 514//514
f 514//514 513//513 515//515
f 514//514 515//515 516//516
f 506//506 517//517 502//502
f 502//502 517//517 518//518
f 502//502 518//518 503//503
f 503//503 518//518 519//519
f 503//503 519//519 520//520
f 521//521 522//522 510//510
f 510//510 522//522 523//523
f 510//510 523//523 511//511
f 524//524 525//525 526//526
f 526//526 525//525 527//527
f 526//526 527//527 528//528
f 529//529 530//530 531//531
f 531//531 530//530 532//532
f 531//531 532//532 533//533
f 534//534 529//529 535//535
f 535//535 529//529 531//531
f 535//535 531//531 536//536
f 536//536 531//531 533//533
f 536//536 533//533 537//537
f 7//7 534//534 6//6
f 6//6 534//534 535//535
f 6//6 535//535 91//91
f 91//91 535//535 536//536
f 91//91 536//536 92//92
f 538//538 493//493 539//539
f 539//539 493//493 495//495
f 539//539 495//495 524//524
f 524//524 495//495 496//496
f 524//524 496//496 525//525
f 18//18 15//15 540//540
f 540//540 15//15 14//14
f 540//540 14//14 541//541
f 541//541 14//14 13//13
f 541//541 13//13 12//12
f 542//542 538//538 543//543
f 543//543 538//538 539//539
f 543//543 539//539 544//544
f 544//544 539//539 524//524
f 544//544 524//524 545//545
f 545//545 524//524 526//526
f 545//545 526//526 546//546
f 546//546 526//526 528//528
f 546//546 528//528 547//547
f 11//11 9//9 537//537
f 537//537 9//9 8//8
f 537//537 8//8 536//536
f 536//536 8//8 93//93
f 536//536 93//93 92//92
f 12//12 11//11 541//541
f 541//541 11//11 537//537
f 541//541 537//537 548//548
f 548//548 537//537 533//533
f 548//548 533//533 549//549
f 549//549 533//533 532//532
f 549//549 532//532 550//550
f 542//542 543//543 551//551
f 551//551 543//543 544//544
f 551//551 544//544 552//552
f 552//552 544//544 545//545
f 552//552 545//545 553//553
f 553//553 545//545 546//546
f 553//553 546//546 554//554
f 554//554 546//546 547//547
f 554//554 547//547 555//555
f 492//492 556//556 555//555
f 490//490 557//557 558//558
f 558//558 557//557 559//559
f 558//558 559//559 560//560
f 561//561 562//562 563//563
f 563//563 562//562 564//564
f 563//563 564//564 560//560
f 560//560 564//564 565//565
f 560//560 565//565 558//558
f 490//490 558//558 491//491
f 491//491 558//558 565//565
f 491//491 565//565 566//566
f 566//566 565//565 564//564
f 566//566 564//564 567//567
f 567//567 564//564 562//562
f 567//567 562//562 568//568
f 568//568 562//562 561//561
f 568//568 561//561 569//569
f 555//555 556//556 554//554
f 554//554 556//556 570//570
f 554//554 570//570 553//553
f 553//553 570//570 571//571
f 553//553 571//571 552//552
f 552//552 571//571 572//572
f 552//552 572//572 551//551
f 551//551 572//572 573//573
f 551//551 573//573 542//542
f 573//573 574//574 542//542
f 542//542 574//574 575//575
f 542//542 575//575 538//538
f 538//538 575//575 540//540
f 538//538 540//540 493//493
f 493//493 540//540 541//541
f 493//493 541//541 494//494
f 494//494 541//541 548//548
f 494//494 548//548 496//496
f 496//496 548//548 549//549
f 496//496 549//549 525//525
f 525//525 549//549 550//550
f 525//525 550//550 527//527
f 576//576 577//577 578//578
f 578//578 577//577 579//579
f 578//578 579//579 580//580
f 78//78 581//581 74//74
f 74//74 581//581 75//75
f 582//582 80//80 79//79
f 82//82 81//81 583//583
f 583//583 81//81 88//88
f 583//583 88//88 584//584
f 584//584 88//88 87//87
f 584//584 87//87 86//86
f 569//569 585//585 576//576
f 576//576 585//585 583//583
f 576//576 583//583 577//577
f 577//577 583//583 584//584
f 577//577 584//584 579//579
f 579//579 584//584 86//86
f 579//579 86//86 27//27
f 27//27 26//26 579//579
f 579//579 26//26 22//22
f 579//579 22//22 580//580
f 580//580 22//22 21//21
f 580//580 21//21 24//24
f 492//492 491//491 556//556
f 556//556 491//491 566//566
f 556//556 566//566 570//570
f 570//570 566//566 567//567
f 570//570 567//567 571//571
f 571//571 567//567 568//568
f 571//571 568//568 572//572
f 572//572 568//568 569//569
f 572//572 569//569 573//573
f 573//573 569//569 576//576
f 573//573 576//576 574//574
f 574//574 576//576 578//578
f 574//574 578//578 575//575
f 575//575 578//578 580//580
f 575//575 580//580 540//540
f 540//540 580//580 24//24
f 540//540 24//24 18//18
f 586//586 487//487 587//587
f 587//587 487//487 489//489
f 587//587 489//489 588//588
f 588//588 489//489 589//589
f 588//588 589//589 590//590
f 590//590 589//589 591//591
f 590//590 591//591 592//592
f 482//482 481//481 593//593
f 593//593 481//481 594//594
f 593//593 594//594 595//595
f 595//595 594//594 596//596
f 595//595 596//596 597//597
f 597//597 596//596 598//598
f 597//597 598//598 599//599
f 599//599 598//598 600//600
f 599//599 600//600 601//601
f 601//601 600//600 581//581
f 601//601 581//581 582//582
f 582//582 581//581 78//78
f 582//582 78//78 80//80
f 595//595 586//586 593//593
f 593//593 586//586 587//587
f 593//593 587//587 482//482
f 482//482 587//587 588//588
f 482//482 588//588 483//483
f 483//483 588//588 590//590
f 483//483 590//590 602//602
f 602//602 590//590 592//592
f 603//603 604//604 605//605
f 605//605 604//604 606//606
f 605//605 606//606 607//607
f 608//608 479//479 609//609
f 609//609 479//479 478//478
f 609//609 478//478 607//607
f 608//608 610//610 611//611
f 611//611 610//610 612//612
f 611//611 612//612 613//613
f 613//613 612//612 614//614
f 615//615 616//616 617//617
f 617//617 616//616 618//618
f 617//617 618//618 619//619
f 473//473 472//472 620//620
f 621//621 622//622 623//623
f 624//624 625//625 626//626
f 626//626 625//625 627//627
f 626//626 627//627 628//628
f 628//628 629//629 630//630
f 631//631 623//623 632//632
f 632//632 623//623 622//622
f 632//632 622//622 477//477
f 477//477 622//622 73//73
f 477//477 73//73 72//72
f 31//31 32//32 476//476
f 476//476 32//32 621//621
f 476//476 621//621 633//633
f 633//633 621//621 623//623
f 633//633 623//623 634//634
f 634//634 623//623 631//631
f 32//32 70//70 621//621
f 621//621 70//70 69//69
f 621//621 69//69 622//622
f 622//622 69//69 68//68
f 622//622 68//68 73//73
f 635//635 34//34 33//33
f 628//628 630//630 626//626
f 626//626 630//630 635//635
f 626//626 635//635 624//624
f 624//624 635//635 33//33
f 624//624 33//33 36//36
f 36//36 29//29 624//624
f 624//624 29//29 476//476
f 624//624 476//476 625//625
f 625//625 476//476 633//633
f 625//625 633//633 627//627
f 627//627 633//633 634//634
f 612//612 636//636 614//614
f 614//614 636//636 637//637
f 614//614 637//637 638//638
f 45//45 64//64 639//639
f 639//639 64//64 63//63
f 607//607 478//478 605//605
f 605//605 478//478 480//480
f 605//605 480//480 603//603
f 603//603 480//480 640//640
f 603//603 640//640 641//641
f 641//641 640//640 642//642
f 641//641 642//642 643//643
f 643//643 642//642 639//639
f 643//643 639//639 475//475
f 475//475 639//639 63//63
f 475//475 63//63 62//62
f 49//49 644//644 638//638
f 638//638 644//644 645//645
f 638//638 645//645 614//614
f 614//614 645//645 646//646
f 614//614 646//646 613//613
f 636//636 647//647 637//637
f 637//637 647//647 54//54
f 637//637 54//54 53//53
f 53//53 55//55 637//637
f 637//637 55//55 52//52
f 637//637 52//52 638//638
f 638//638 52//52 50//50
f 638//638 50//50 49//49
f 49//49 3//3 644//644
f 644//644 3//3 2//2
f 644//644 2//2 46//46
f 608//608 611//611 479//479
f 479//479 611//611 613//613
f 479//479 613//613 480//480
f 480//480 613//613 646//646
f 480//480 646//646 640//640
f 640//640 646//646 645//645
f 640//640 645//645 642//642
f 642//642 645//645 644//644
f 642//642 644//644 639//639
f 639//639 644//644 46//46
f 639//639 46//46 45//45
f 38//38 42//42 635//635
f 635//635 42//42 41//41
f 635//635 41//41 34//34
f 616//616 620//620 618//618
f 618//618 620//620 472//472
f 618//618 472//472 648//648
f 648//648 472//472 474//474
f 648//648 474//474 649//649
f 396//396 470//470 398//398
f 398//398 470//470 650//650
f 650//650 470//470 651//651
f 651//651 470//470 469//469
f 651//651 469//469 652//652
f 396//396 394//394 470//470
f 470//470 394//394 393//393
f 470//470 393//393 471//471
f 471//471 393//393 341//341
f 471//471 341//341 339//339
f 345//345 344//344 653//653
f 653//653 344//344 377//377
f 654//654 655//655 656//656
f 656//656 655//655 657//657
f 656//656 657//657 468//468
f 468//468 657//657 658//658
f 468//468 658//658 466//466
f 659//659 660//660 661//661
f 661//661 660//660 662//662
f 413//413 411//411 661//661
f 413//413 661//661 415//415
f 376//376 418//418 663//663
f 663//663 418//418 417//417
f 663//663 417//417 415//415
f 411//411 409//409 661//661
f 661//661 409//409 407//407
f 661//661 407//407 659//659
f 401//401 664//664 403//403
f 403//403 664//664 659//659
f 403//403 659//659 405//405
f 405//405 659//659 407//407
f 464//464 463//463 665//665
f 665//665 463//463 666//666
f 665//665 666//666 462//462
f 462//462 461//461 665//665
f 665//665 461//461 667//667
f 665//665 667//667 464//464
f 464//464 667//667 668//668
f 464//464 668//668 465//465
f 669//669 670//670 671//671
f 672//672 673//673 674//674
f 674//674 673//673 675//675
f 674//674 675//675 676//676
f 677//677 678//678 675//675
f 675//675 678//678 671//671
f 675//675 671//671 676//676
f 676//676 671//671 670//670
f 658//658 669//669 466//466
f 466//466 669//669 671//671
f 466//466 671//671 467//467
f 467//467 671//671 678//678
f 467//467 678//678 679//679
f 679//679 678//678 677//677
f 679//679 677//677 680//680
f 681//681 682//682 683//683
f 683//683 682//682 654//654
f 683//683 654//654 684//684
f 684//684 654//654 685//685
f 684//684 685//685 686//686
f 686//686 685//685 687//687
f 686//686 687//687 688//688
f 688//688 687//687 689//689
f 688//688 689//689 690//690
f 691//691 692//692 693//693
f 693//693 692//692 694//694
f 694//694 485//485 695//695
f 695//695 485//485 484//484
f 695//695 484//484 696//696
f 697//697 681//681 698//698
f 698//698 681//681 683//683
f 698//698 683//683 699//699
f 699//699 683//683 684//684
f 699//699 684//684 700//700
f 700//700 684//684 686//686
f 700//700 686//686 701//701
f 701//701 686//686 688//688
f 701//701 688//688 702//702
f 702//702 688//688 690//690
f 702//702 690//690 703//703
f 488//488 697//697 489//489
f 489//489 697//697 704//704
f 489//489 704//704 589//589
f 589//589 704//704 696//696
f 589//589 696//696 591//591
f 591//591 696//696 484//484
f 591//591 484//484 592//592
f 592//592 484//484 486//486
f 592//592 486//486 602//602
f 401//401 400//400 664//664
f 664//664 400//400 381//381
f 664//664 381//381 705//705
f 381//381 379//379 705//705
f 705//705 379//379 378//378
f 705//705 378//378 706//706
f 378//378 349//349 706//706
f 706//706 349//349 347//347
f 706//706 347//347 387//387
f 387//387 707//707 706//706
f 706//706 707//707 708//708
f 706//706 708//708 705//705
f 705//705 708//708 709//709
f 705//705 709//709 664//664
f 664//664 709//709 710//710
f 664//664 710//710 659//659
f 391//391 459//459 392//392
f 387//387 386//386 707//707
f 707//707 386//386 384//384
f 707//707 384//384 392//392
f 392//392 459//459 707//707
f 707//707 459//459 711//711
f 707//707 711//711 708//708
f 708//708 711//711 712//712
f 708//708 712//712 709//709
f 709//709 712//712 713//713
f 709//709 713//713 710//710
f 714//714 715//715 716//716
f 716//716 715//715 717//717
f 716//716 717//717 718//718
f 718//718 717//717 719//719
f 718//718 719//719 720//720
f 720//720 719//719 721//721
f 720//720 721//721 722//722
f 722//722 721//721 723//723
f 722//722 723//723 724//724
f 724//724 723//723 725//725
f 724//724 725//725 726//726
f 726//726 725//725 727//727
f 726//726 727//727 728//728
f 728//728 727//727 729//729
f 728//728 729//729 730//730
f 731//731 732//732 733//733
f 733//733 732//732 734//734
f 733//733 734//734 735//735
f 735//735 734//734 736//736
f 737//737 680//680 738//738
f 738//738 680//680 677//677
f 738//738 677//677 739//739
f 739//739 677//677 675//675
f 739//739 675//675 740//740
f 740//740 675//675 673//673
f 740//740 673//673 741//741
f 741//741 673//673 672//672
f 741//741 672//672 742//742
f 743//743 737//737 744//744
f 744//744 737//737 738//738
f 744//744 738//738 745//745
f 745//745 738//738 739//739
f 745//745 739//739 746//746
f 746//746 739//739 740//740
f 746//746 740//740 747//747
f 747//747 740//740 741//741
f 747//747 741//741 748//748
f 748//748 741//741 742//742
f 748//748 742//742 458//458
f 219//219 268//268 749//749
f 749//749 268//268 270//270
f 449//449 448//448 750//750
f 728//728 751//751 726//726
f 726//726 751//751 752//752
f 726//726 752//752 724//724
f 724//724 752//752 753//753
f 724//724 753//753 722//722
f 722//722 753//753 754//754
f 722//722 754//754 720//720
f 720//720 754//754 755//755
f 720//720 755//755 718//718
f 718//718 755//755 756//756
f 718//718 756//756 716//716
f 716//716 756//756 757//757
f 716//716 757//757 714//714
f 714//714 757//757 758//758
f 714//714 758//758 759//759
f 759//759 758//758 749//749
f 759//759 749//749 760//760
f 760//760 749//749 270//270
f 760//760 270//270 272//272
f 272//272 323//323 760//760
f 760//760 323//323 325//325
f 760//760 325//325 761//761
f 761//761 325//325 327//327
f 761//761 327//327 329//329
f 762//762 449//449 763//763
f 763//763 449//449 750//750
f 763//763 750//750 764//764
f 764//764 750//750 765//765
f 761//761 765//765 760//760
f 760//760 765//765 750//750
f 760//760 750//750 759//759
f 759//759 750//750 448//448
f 759//759 448//448 714//714
f 714//714 448//448 447//447
f 714//714 447//447 715//715
f 762//762 766//766 449//449
f 449//449 766//766 767//767
f 449//449 767//767 447//447
f 447//447 767//767 768//768
f 447//447 768//768 715//715
f 715//715 768//768 769//769
f 715//715 769//769 717//717
f 717//717 769//769 770//770
f 717//717 770//770 719//719
f 719//719 770//770 771//771
f 719//719 771//771 721//721
f 721//721 771//771 731//731
f 721//721 731//731 723//723
f 723//723 731//731 733//733
f 723//723 733//733 725//725
f 725//725 733//733 735//735
f 725//725 735//735 727//727
f 727//727 735//735 736//736
f 727//727 736//736 729//729
f 772//772 773//773 450//450
f 774//774 775//775 772//772
f 772//772 775//775 776//776
f 772//772 776//776 773//773
f 777//777 778//778 779//779
f 776//776 780//780 773//773
f 773//773 780//780 781//781
f 773//773 781//781 778//778
f 778//778 781//781 782//782
f 778//778 782//782 779//779
f 783//783 743//743 784//784
f 784//784 743//743 744//744
f 784//784 744//744 785//785
f 785//785 744//744 745//745
f 785//785 745//745 786//786
f 786//786 745//745 746//746
f 786//786 746//746 787//787
f 787//787 746//746 747//747
f 787//787 747//747 788//788
f 788//788 747//747 748//748
f 788//788 748//748 789//789
f 789//789 748//748 458//458
f 789//789 458//458 790//790
f 790//790 458//458 456//456
f 790//790 456//456 453//453
f 453//453 456//456 455//455
f 453//453 455//455 452//452
f 451//451 791//791 453//453
f 453//453 791//791 792//792
f 453//453 792//792 790//790
f 790//790 792//792 793//793
f 790//790 793//793 789//789
f 789//789 793//793 794//794
f 789//789 794//794 788//788
f 788//788 794//794 795//795
f 788//788 795//795 787//787
f 787//787 795//795 796//796
f 787//787 796//796 786//786
f 786//786 796//796 797//797
f 786//786 797//797 785//785
f 785//785 797//797 798//798
f 785//785 798//798 784//784
f 784//784 798//798 799//799
f 784//784 799//799 783//783
f 800//800 801//801 802//802
f 802//802 803//803 800//800
f 800//800 803//803 804//804
f 800//800 804//804 805//805
f 805//805 804//804 806//806
f 805//805 806//806 807//807
f 806//806 808//808 807//807
f 807//807 808//808 809//809
f 807//807 809//809 810//810
f 809//809 811//811 810//810
f 810//810 811//811 812//812
f 810//810 812//812 813//813
f 813//813 812//812 814//814
f 813//813 814//814 444//444
f 444//444 814//814 815//815
f 444//444 815//815 445//445
f 779//779 816//816 777//777
f 777//777 816//816 817//817
f 777//777 817//817 818//818
f 818//818 817//817 819//819
f 818//818 819//819 801//801
f 801//801 819//819 820//820
f 801//801 820//820 802//802
f 697//697 698//698 704//704
f 704//704 698//698 699//699
f 704//704 699//699 696//696
f 696//696 699//699 700//700
f 696//696 700//700 695//695
f 695//695 700//700 701//701
f 695//695 701//701 694//694
f 694//694 701//701 702//702
f 694//694 702//702 693//693
f 693//693 702//702 703//703
f 693//693 703//703 691//691
f 691//691 703//703 821//821
f 691//691 821//821 822//822
f 689//689 823//823 690//690
f 690//690 823//823 824//824
f 690//690 824//824 703//703
f 703//703 824//824 825//825
f 703//703 825//825 821//821
f 821//821 825//825 826//826
f 821//821 826//826 827//827
f 827//827 826//826 828//828
f 827//827 828//828 443//443
f 443//443 828//828 829//829
f 443//443 829//829 441//441
f 822//822 821//821 830//830
f 830//830 821//821 827//827
f 830//830 827//827 831//831
f 831//831 827//827 443//443
f 831//831 443//443 832//832
f 832//832 443//443 442//442
f 832//832 442//442 833//833
f 450//450 773//773 451//451
f 451//451 773//773 778//778
f 451//451 778//778 791//791
f 791//791 778//778 777//777
f 791//791 777//777 792//792
f 792//792 777//777 818//818
f 792//792 818//818 793//793
f 793//793 818//818 801//801
f 793//793 801//801 794//794
f 794//794 801//801 800//800
f 794//794 800//800 795//795
f 795//795 800//800 805//805
f 795//795 805//805 796//796
f 796//796 805//805 807//807
f 796//796 807//807 797//797
f 797//797 807//807 810//810
f 797//797 810//810 798//798
f 798//798 810//810 813//813
f 798//798 813//813 799//799
f 799//799 813//813 444//444
f 799//799 444//444 783//783
f 783//783 444//444 446//446
f 783//783 446//446 834//834
f 654//654 656//656 685//685
f 685//685 656//656 468//468
f 685//685 468//468 687//687
f 687//687 468//468 467//467
f 687//687 467//467 689//689
f 689//689 467//467 679//679
f 689//689 679//679 823//823
f 823//823 679//679 680//680
f 823//823 680//680 824//824
f 824//824 680//680 737//737
f 824//824 737//737 825//825
f 825//825 737//737 743//743
f 825//825 743//743 826//826
f 826//826 743//743 783//783
f 826//826 783//783 828//828
f 828//828 783//783 834//834
f 828//828 834//834 829//829
f 440//440 186//186 835//835
f 185//185 439//439 186//186
f 835//835 836//836 837//837
f 837//837 836//836 838//838
f 837//837 838//838 839//839
f 839//839 838//838 436//436
f 839//839 436//436 840//840
f 840//840 436//436 438//438
f 841//841 842//842 843//843
f 843//843 844//844 841//841
f 841//841 844//844 845//845
f 841//841 845//845 437//437
f 437//437 845//845 846//846
f 437//437 846//846 438//438
f 835//835 186//186 836//836
f 836//836 186//186 439//439
f 836//836 439//439 838//838
f 838//838 439//439 847//847
f 838//838 847//847 436//436
f 436//436 847//847 848//848
f 436//436 848//848 437//437
f 264//264 435//435 208//208
f 263//263 291//291 435//435
f 435//435 291//291 849//849
f 435//435 849//849 850//850
f 850//850 849//849 851//851
f 850//850 851//851 852//852
f 852//852 851//851 853//853
f 285//285 266//266 854//854
f 291//291 290//290 849//849
f 849//849 290//290 288//288
f 849//849 288//288 286//286
f 854//854 434//434 855//855
f 319//319 434//434 317//317
f 266//266 238//238 854//854
f 854//854 238//238 237//237
f 854//854 237//237 434//434
f 434//434 237//237 315//315
f 434//434 315//315 317//317
f 856//856 857//857 858//858
f 858//858 857//857 859//859
f 858//858 859//859 860//860
f 860//860 859//859 861//861
f 860//860 861//861 855//855
f 855//855 861//861 862//862
f 855//855 862//862 854//854
f 863//863 864//864 865//865
f 865//865 864//864 866//866
f 865//865 866//866 867//867
f 867//867 866//866 868//868
f 867//867 868//868 869//869
f 869//869 868//868 870//870
f 869//869 870//870 871//871
f 871//871 870//870 872//872
f 871//871 872//872 873//873
f 873//873 872//872 874//874
f 434//434 875//875 855//855
f 855//855 875//875 876//876
f 855//855 876//876 860//860
f 860//860 876//876 877//877
f 860//860 877//877 858//858
f 858//858 877//877 431//431
f 858//858 431//431 856//856
f 856//856 431//431 433//433
f 878//878 879//879 880//880
f 880//880 879//879 881//881
f 880//880 881//881 882//882
f 883//883 884//884 885//885
f 885//885 884//884 886//886
f 885//885 886//886 887//887
f 887//887 886//886 888//888
f 887//887 888//888 842//842
f 878//878 889//889 890//890
f 890//890 889//889 891//891
f 892//892 893//893 894//894
f 894//894 893//893 895//895
f 894//894 895//895 891//891
f 891//891 895//895 896//896
f 891//891 896//896 890//890
f 878//878 880//880 889//889
f 889//889 880//880 897//897
f 889//889 897//897 891//891
f 891//891 897//897 898//898
f 891//891 898//898 894//894
f 883//883 898//898 884//884
f 884//884 898//898 897//897
f 884//884 897//897 886//886
f 886//886 897//897 880//880
f 886//886 880//880 888//888
f 888//888 880//880 882//882
f 888//888 882//882 842//842
f 842//842 882//882 899//899
f 842//842 899//899 843//843
f 848//848 900//900 437//437
f 437//437 900//900 901//901
f 437//437 901//901 841//841
f 841//841 901//901 902//902
f 841//841 902//902 842//842
f 842//842 902//902 903//903
f 842//842 903//903 887//887
f 887//887 903//903 904//904
f 887//887 904//904 885//885
f 885//885 904//904 905//905
f 885//885 905//905 883//883
f 883//883 905//905 906//906
f 883//883 906//906 898//898
f 368//368 366//366 907//907
f 907//907 366//366 364//364
f 364//364 362//362 907//907
f 907//907 362//362 360//360
f 907//907 360//360 358//358
f 354//354 430//430 356//356
f 908//908 432//432 909//909
f 909//909 432//432 431//431
f 909//909 431//431 910//910
f 910//910 431//431 877//877
f 910//910 877//877 911//911
f 911//911 877//877 876//876
f 911//911 876//876 912//912
f 912//912 876//876 875//875
f 912//912 875//875 907//907
f 907//907 875//875 434//434
f 907//907 434//434 368//368
f 368//368 434//434 369//369
f 428//428 427//427 913//913
f 427//427 914//914 913//913
f 913//913 914//914 874//874
f 913//913 874//874 915//915
f 915//915 874//874 872//872
f 915//915 872//872 916//916
f 916//916 872//872 870//870
f 916//916 870//870 917//917
f 917//917 870//870 868//868
f 917//917 868//868 918//918
f 918//918 868//868 866//866
f 918//918 866//866 919//919
f 919//919 866//866 864//864
f 919//919 864//864 853//853
f 853//853 864//864 863//863
f 853//853 863//863 852//852
f 332//332 426//426 351//351
f 352//352 351//351 430//430
f 430//430 351//351 426//426
f 430//430 426//426 920//920
f 920//920 426//426 921//921
f 920//920 921//921 922//922
f 922//922 921//921 923//923
f 922//922 923//923 924//924
f 924//924 923//923 423//423
f 924//924 423//423 925//925
f 925//925 423//423 425//425
f 336//336 337//337 926//926
f 926//926 337//337 320//320
f 926//926 320//320 374//374
f 370//370 302//302 650//650
f 650//650 302//302 399//399
f 650//650 399//399 398//398
f 374//374 373//373 926//926
f 926//926 373//373 422//422
f 926//926 422//422 927//927
f 927//927 422//422 928//928
f 927//927 928//928 929//929
f 929//929 928//928 930//930
f 929//929 930//930 931//931
f 931//931 930//930 932//932
f 931//931 932//932 933//933
f 371//371 370//370 422//422
f 422//422 370//370 650//650
f 422//422 650//650 928//928
f 928//928 650//650 651//651
f 928//928 651//651 930//930
f 930//930 651//651 652//652
f 930//930 652//652 932//932
f 933//933 424//424 931//931
f 931//931 424//424 423//423
f 931//931 423//423 929//929
f 929//929 423//423 923//923
f 929//929 923//923 927//927
f 927//927 923//923 921//921
f 927//927 921//921 926//926
f 926//926 921//921 426//426
f 926//926 426//426 336//336
f 336//336 426//426 334//334
f 933//933 934//934 424//424
f 424//424 934//934 935//935
f 424//424 935//935 425//425
f 425//425 935//935 908//908
f 425//425 908//908 925//925
f 925//925 908//908 909//909
f 925//925 909//909 924//924
f 924//924 909//909 910//910
f 924//924 910//910 922//922
f 922//922 910//910 911//911
f 922//922 911//911 920//920
f 920//920 911//911 912//912
f 920//920 912//912 430//430
f 430//430 912//912 907//907
f 430//430 907//907 356//356
f 356//356 907//907 358//358
f 286//286 285//285 849//849
f 849//849 285//285 854//854
f 849//849 854//854 851//851
f 851//851 854//854 862//862
f 851//851 862//862 853//853
f 853//853 862//862 861//861
f 853//853 861//861 919//919
f 919//919 861//861 859//859
f 919//919 859//859 918//918
f 918//918 859//859 857//857
f 918//918 857//857 917//917
f 917//917 857//857 856//856
f 917//917 856//856 916//916
f 916//916 856//856 433//433
f 916//916 433//433 915//915
f 915//915 433//433 432//432
f 915//915 432//432 913//913
f 913//913 432//432 908//908
f 913//913 908//908 428//428
f 428//428 908//908 935//935
f 428//428 935//935 429//429
f 429//429 935//935 934//934
f 415//415 661//661 663//663
f 663//663 661//661 662//662
f 663//663 662//662 936//936
f 936//936 662//662 937//937
f 936//936 937//937 938//938
f 938//938 937//937 939//939
f 938//938 939//939 940//940
f 940//940 939//939 941//941
f 940//940 941//941 942//942
f 942//942 941//941 943//943
f 942//942 943//943 944//944
f 944//944 943//943 945//945
f 944//944 945//945 946//946
f 946//946 945//945 947//947
f 946//946 947//947 948//948
f 948//948 947//947 949//949
f 948//948 949//949 950//950
f 184//184 208//208 439//439
f 439//439 208//208 435//435
f 439//439 435//435 847//847
f 847//847 435//435 850//850
f 847//847 850//850 848//848
f 848//848 850//850 852//852
f 848//848 852//852 900//900
f 900//900 852//852 863//863
f 900//900 863//863 901//901
f 901//901 863//863 865//865
f 901//901 865//865 902//902
f 902//902 865//865 867//867
f 902//902 867//867 903//903
f 903//903 867//867 869//869
f 903//903 869//869 904//904
f 904//904 869//869 871//871
f 904//904 871//871 905//905
f 905//905 871//871 873//873
f 905//905 873//873 906//906
f 906//906 873//873 874//874
f 906//906 874//874 951//951
f 951//951 874//874 914//914
f 951//951 914//914 952//952
f 952//952 914//914 427//427
f 952//952 427//427 953//953
f 953//953 427//427 429//429
f 953//953 429//429 954//954
f 954//954 429//429 934//934
f 954//954 934//934 955//955
f 955//955 934//934 933//933
f 955//955 933//933 956//956
f 956//956 933//933 932//932
f 956//956 932//932 957//957
f 957//957 932//932 652//652
f 957//957 652//652 958//958
f 958//958 652//652 469//469
f 958//958 469//469 959//959
f 959//959 469//469 471//471
f 959//959 471//471 653//653
f 653//653 471//471 339//339
f 653//653 339//339 345//345
f 960//960 892//892 961//961
f 961//961 892//892 894//894
f 961//961 894//894 962//962
f 962//962 894//894 898//898
f 962//962 898//898 963//963
f 963//963 898//898 906//906
f 963//963 906//906 964//964
f 964//964 906//906 951//951
f 964//964 951//951 965//965
f 965//965 951//951 952//952
f 965//965 952//952 950//950
f 950//950 952//952 953//953
f 950//950 953//953 948//948
f 948//948 953//953 954//954
f 948//948 954//954 946//946
f 946//946 954//954 955//955
f 946//946 955//955 944//944
f 944//944 955//955 956//956
f 944//944 956//956 942//942
f 942//942 956//956 957//957
f 942//942 957//957 940//940
f 940//940 957//957 958//958
f 940//940 958//958 938//938
f 938//938 958//958 959//959
f 938//938 959//959 936//936
f 936//936 959//959 653//653
f 936//936 653//653 663//663
f 663//663 653//653 377//377
f 663//663 377//377 376//376
f 966//966 967//967 968//968
f 968//968 967//967 969//969
f 970//970 971//971 972//972
f 972//972 971//971 973//973
f 972//972 973//973 974//974
f 974//974 973//973 975//975
f 974//974 975//975 976//976
f 976//976 975//975 977//977
f 976//976 977//977 978//978
f 969//969 979//979 980//980
f 980//980 979//979 981//981
f 980//980 981//981 982//982
f 982//982 981//981 983//983
f 982//982 983//983 984//984
f 984//984 983//983 985//985
f 984//984 985//985 986//986
f 986//986 985//985 987//987
f 986//986 987//987 988//988
f 988//988 987//987 989//989
f 988//988 989//989 990//990
f 990//990 989//989 991//991
f 990//990 991//991 992//992
f 992//992 991//991 993//993
f 992//992 993//993 994//994
f 994//994 993//993 995//995
f 994//994 995//995 996//996
f 996//996 995//995 997//997
f 996//996 997//997 998//998
f 999//999 960//960 1000//1000
f 1000//1000 960//960 961//961
f 1000//1000 961//961 1001//1001
f 1001//1001 961//961 962//962
f 1001//1001 962//962 1002//1002
f 1002//1002 962//962 963//963
f 1002//1002 963//963 1003//1003
f 1003//1003 963//963 964//964
f 1003//1003 964//964 966//966
f 966//966 964//964 965//965
f 966//966 965//965 967//967
f 967//967 965//965 950//950
f 967//967 950//950 969//969
f 969//969 950//950 949//949
f 969//969 949//949 979//979
f 979//979 949//949 947//947
f 979//979 947//947 981//981
f 981//981 947//947 945//945
f 981//981 945//945 983//983
f 983//983 945//945 943//943
f 983//983 943//943 985//985
f 985//985 943//943 941//941
f 985//985 941//941 987//987
f 987//987 941//941 939//939
f 987//987 939//939 989//989
f 989//989 939//939 937//937
f 989//989 937//937 991//991
f 991//991 937//937 662//662
f 991//991 662//662 993//993
f 993//993 662//662 660//660
f 993//993 660//660 995//995
f 995//995 660//660 659//659
f 995//995 659//659 997//997
f 997//997 659//659 710//710
f 997//997 710//710 998//998
f 998//998 710//710 713//713
f 1004//1004 1005//1005 1006//1006
f 1004//1004 1006//1006 1007//1007
f 1006//1006 999//999 1007//1007
f 1007//1007 999//999 1000//1000
f 1007//1007 1000//1000 1008//1008
f 1008//1008 1000//1000 1001//1001
f 1008//1008 1001//1001 1009//1009
f 1009//1009 1001//1001 1002//1002
f 1009//1009 1002//1002 1010//1010
f 1010//1010 1002//1002 1003//1003
f 1010//1010 1003//1003 1011//1011
f 1011//1011 1003//1003 966//966
f 1011//1011 966//966 1012//1012
f 1012//1012 966//966 968//968
f 1012//1012 968//968 1013//1013
f 1013//1013 968//968 969//969
f 1013//1013 969//969 1014//1014
f 1014//1014 969//969 980//980
f 1014//1014 980//980 1015//1015
f 1015//1015 980//980 982//982
f 1015//1015 982//982 1016//1016
f 1016//1016 982//982 984//984
f 1016//1016 984//984 1017//1017
f 1017//1017 984//984 986//986
f 1017//1017 986//986 1018//1018
f 1018//1018 986//986 988//988
f 1018//1018 988//988 1019//1019
f 1019//1019 988//988 990//990
f 1019//1019 990//990 1020//1020
f 1020//1020 990//990 992//992
f 1020//1020 992//992 1021//1021
f 1021//1021 992//992 994//994
f 1021//1021 994//994 1022//1022
f 1022//1022 994//994 996//996
f 1022//1022 996//996 1023//1023
f 1023//1023 996//996 998//998
f 1023//1023 998//998 1024//1024
f 1024//1024 998//998 713//713
f 1024//1024 713//713 1025//1025
f 1025//1025 713//713 712//712
f 1025//1025 712//712 1026//1026
f 1026//1026 712//712 711//711
f 1026//1026 711//711 1027//1027
f 1027//1027 711//711 459//459
f 1027//1027 459//459 454//454
f 454//454 459//459 389//389
f 454//454 389//389 388//388
f 518//518 1028//1028 519//519
f 519//519 1028//1028 1029//1029
f 519//519 1029//1029 1030//1030
f 1030//1030 1029//1029 1031//1031
f 1030//1030 1031//1031 1004//1004
f 1004//1004 1031//1031 1032//1032
f 1004//1004 1032//1032 1005//1005
f 520//520 1033//1033 1034//1034
f 1034//1034 1033//1033 1035//1035
f 1034//1034 1035//1035 1036//1036
f 1036//1036 1035//1035 1037//1037
f 1036//1036 1037//1037 1038//1038
f 1038//1038 1037//1037 1039//1039
f 1038//1038 1039//1039 1040//1040
f 1040//1040 1039//1039 1041//1041
f 1040//1040 1041//1041 1042//1042
f 1042//1042 1041//1041 1043//1043
f 1042//1042 1043//1043 1044//1044
f 1044//1044 1043//1043 1045//1045
f 1044//1044 1045//1045 1046//1046
f 1046//1046 1045//1045 1047//1047
f 1046//1046 1047//1047 978//978
f 978//978 1047//1047 1048//1048
f 978//978 1048//1048 976//976
f 976//976 1048//1048 1049//1049
f 976//976 1049//1049 974//974
f 974//974 1049//1049 1050//1050
f 974//974 1050//1050 972//972
f 972//972 1050//1050 1051//1051
f 972//972 1051//1051 970//970
f 970//970 1051//1051 1052//1052
f 970//970 1052//1052 1053//1053
f 1053//1053 1052//1052 1054//1054
f 1053//1053 1054//1054 730//730
f 730//730 1054//1054 1055//1055
f 730//730 1055//1055 728//728
f 728//728 1055//1055 1056//1056
f 728//728 1056//1056 751//751
f 520//520 519//519 1033//1033
f 1033//1033 519//519 1030//1030
f 1033//1033 1030//1030 1035//1035
f 1035//1035 1030//1030 1004//1004
f 1035//1035 1004//1004 1037//1037
f 1037//1037 1004//1004 1007//1007
f 1037//1037 1007//1007 1039//1039
f 1039//1039 1007//1007 1008//1008
f 1039//1039 1008//1008 1041//1041
f 1041//1041 1008//1008 1009//1009
f 1041//1041 1009//1009 1043//1043
f 1043//1043 1009//1009 1010//1010
f 1043//1043 1010//1010 1045//1045
f 1045//1045 1010//1010 1011//1011
f 1045//1045 1011//1011 1047//1047
f 1047//1047 1011//1011 1012//1012
f 1047//1047 1012//1012 1048//1048
f 1048//1048 1012//1012 1013//1013
f 1048//1048 1013//1013 1049//1049
f 1049//1049 1013//1013 1014//1014
f 1049//1049 1014//1014 1050//1050
f 1050//1050 1014//1014 1015//1015
f 1050//1050 1015//1015 1051//1051
f 1051//1051 1015//1015 1016//1016
f 1051//1051 1016//1016 1052//1052
f 1052//1052 1016//1016 1017//1017
f 1052//1052 1017//1017 1054//1054
f 1054//1054 1017//1017 1018//1018
f 1054//1054 1018//1018 1055//1055
f 1055//1055 1018//1018 1019//1019
f 1055//1055 1019//1019 1056//1056
f 1056//1056 1019//1019 1020//1020
f 1056//1056 1020//1020 751//751
f 751//751 1020//1020 1021//1021
f 751//751 1021//1021 752//752
f 752//752 1021//1021 1022//1022
f 752//752 1022//1022 753//753
f 753//753 1022//1022 1023//1023
f 753//753 1023//1023 754//754
f 754//754 1023//1023 1024//1024
f 754//754 1024//1024 755//755
f 755//755 1024//1024 1025//1025
f 755//755 1025//1025 756//756
f 756//756 1025//1025 1026//1026
f 756//756 1026//1026 757//757
f 757//757 1026//1026 1027//1027
f 757//757 1027//1027 758//758
f 758//758 1027//1027 454//454
f 758//758 454//454 749//749
f 749//749 454//454 220//220
f 749//749 220//220 219//219
f 420//420 419//419 1057//1057
f 1057//1057 419//419 1058//1058
f 1057//1057 1058//1058 1059//1059
f 1059//1059 1058//1058 1060//1060
f 1059//1059 1060//1060 1061//1061
f 1061//1061 1060//1060 1062//1062
f 1061//1061 1062//1062 1063//1063
f 1063//1063 1062//1062 1064//1064
f 1063//1063 1064//1064 1065//1065
f 1065//1065 1064//1064 1066//1066
f 1065//1065 1066//1066 1067//1067
f 1067//1067 1066//1066 1068//1068
f 1067//1067 1068//1068 1069//1069
f 1069//1069 1068//1068 1070//1070
f 1069//1069 1070//1070 497//497
f 530//530 521//521 532//532
f 532//532 521//521 510//510
f 532//532 510//510 550//550
f 550//550 510//510 512//512
f 550//550 512//512 527//527
f 527//527 512//512 514//514
f 527//527 514//514 528//528
f 528//528 514//514 516//516
f 528//528 516//516 547//547
f 547//547 516//516 1071//1071
f 547//547 1071//1071 555//555
f 555//555 1071//1071 1072//1072
f 555//555 1072//1072 492//492
f 492//492 1072//1072 1073//1073
f 492//492 1073//1073 490//490
f 490//490 1073//1073 1074//1074
f 490//490 1074//1074 557//557
f 557//557 1074//1074 1075//1075
f 557//557 1075//1075 1076//1076
f 1076//1076 1075//1075 1077//1077
f 1076//1076 1077//1077 1078//1078
f 1078//1078 1077//1077 1079//1079
f 1078//1078 1079//1079 1080//1080
f 1080//1080 1079//1079 1081//1081
f 1080//1080 1081//1081 1082//1082
f 509//509 504//504 499//499
f 499//499 504//504 501//501
f 499//499 501//501 497//497
f 497//497 501//501 503//503
f 497//497 503//503 1069//1069
f 1069//1069 503//503 520//520
f 1069//1069 520//520 1067//1067
f 1067//1067 520//520 1034//1034
f 1067//1067 1034//1034 1065//1065
f 1065//1065 1034//1034 1036//1036
f 1065//1065 1036//1036 1063//1063
f 1063//1063 1036//1036 1038//1038
f 1063//1063 1038//1038 1061//1061
f 1061//1061 1038//1038 1040//1040
f 1061//1061 1040//1040 1059//1059
f 1059//1059 1040//1040 1042//1042
f 1059//1059 1042//1042 1057//1057
f 1057//1057 1042//1042 1044//1044
f 1057//1057 1044//1044 420//420
f 420//420 1044//1044 1046//1046
f 420//420 1046//1046 421//421
f 421//421 1046//1046 978//978
f 421//421 978//978 1083//1083
f 1083//1083 978//978 977//977
f 523//523 507//507 511//511
f 511//511 507//507 500//500
f 511//511 500//500 513//513
f 513//513 500//500 498//498
f 513//513 498//498 515//515
f 515//515 498//498 497//497
f 515//515 497//497 516//516
f 516//516 497//497 1070//1070
f 516//516 1070//1070 1071//1071
f 1071//1071 1070//1070 1068//1068
f 1071//1071 1068//1068 1072//1072
f 1072//1072 1068//1068 1066//1066
f 1072//1072 1066//1066 1073//1073
f 1073//1073 1066//1066 1064//1064
f 1073//1073 1064//1064 1074//1074
f 1074//1074 1064//1064 1062//1062
f 1074//1074 1062//1062 1075//1075
f 1075//1075 1062//1062 1060//1060
f 1075//1075 1060//1060 1077//1077
f 1077//1077 1060//1060 1058//1058
f 1077//1077 1058//1058 1079//1079
f 1079//1079 1058//1058 419//419
f 1079//1079 419//419 1081//1081
f 1081//1081 419//419 421//421
f 1081//1081 421//421 1082//1082
f 1082//1082 421//421 1083//1083
f 1082//1082 1083//1083 1084//1084
f 1084//1084 1083//1083 977//977
f 1084//1084 977//977 1085//1085
f 1085//1085 977//977 975//975
f 1085//1085 975//975 1086//1086
f 1086//1086 975//975 973//973
f 1086//1086 973//973 1087//1087
f 1087//1087 973//973 971//971
f 1087//1087 971//971 668//668
f 668//668 971//971 970//970
f 668//668 970//970 465//465
f 465//465 970//970 1053//1053
f 465//465 1053//1053 463//463
f 463//463 1053//1053 730//730
f 463//463 730//730 666//666
f 666//666 730//730 729//729
f 666//666 729//729 462//462
f 462//462 729//729 736//736
f 462//462 736//736 460//460
f 460//460 736//736 734//734
f 460//460 734//734 1088//1088
f 1088//1088 734//734 732//732
f 610//610 619//619 612//612
f 612//612 619//619 618//618
f 612//612 618//618 636//636
f 636//636 618//618 648//648
f 636//636 648//648 647//647
f 647//647 648//648 649//649
f 647//647 649//649 54//54
f 54//54 649//649 1089//1089
f 54//54 1089//1089 58//58
f 58//58 1089//1089 59//59
f 602//602 629//629 483//483
f 483//483 629//629 628//628
f 483//483 628//628 481//481
f 481//481 628//628 627//627
f 481//481 627//627 594//594
f 594//594 627//627 634//634
f 594//594 634//634 596//596
f 596//596 634//634 631//631
f 596//596 631//631 598//598
f 598//598 631//631 632//632
f 598//598 632//632 600//600
f 600//600 632//632 477//477
f 600//600 477//477 581//581
f 581//581 477//477 71//71
f 581//581 71//71 75//75
f 833//833 615//615 832//832
f 832//832 615//615 617//617
f 832//832 617//617 831//831
f 831//831 617//617 619//619
f 831//831 619//619 830//830
f 830//830 619//619 610//610
f 830//830 610//610 822//822
f 822//822 610//610 608//608
f 822//822 608//608 691//691
f 691//691 608//608 609//609
f 691//691 609//609 692//692
f 692//692 609//609 607//607
f 692//692 607//607 694//694
f 694//694 607//607 606//606
f 694//694 606//606 485//485
f 485//485 606//606 604//604
f 485//485 604//604 486//486
f 486//486 604//604 603//603
f 486//486 603//603 602//602
f 602//602 603//603 641//641
f 602//602 641//641 629//629
f 629//629 641//641 643//643
f 629//629 643//643 630//630
f 630//630 643//643 475//475
f 630//630 475//475 635//635
f 635//635 475//475 39//39
f 635//635 39//39 38//38
f 766//766 774//774 767//767
f 767//767 774//774 772//772
f 767//767 772//772 768//768
f 768//768 772//772 450//450
f 768//768 450//450 769//769
f 769//769 450//450 452//452
f 769//769 452//452 770//770
f 770//770 452//452 455//455
f 770//770 455//455 771//771
f 771//771 455//455 457//457
f 771//771 457//457 731//731
f 731//731 457//457 458//458
f 731//731 458//458 732//732
f 732//732 458//458 742//742
f 732//732 742//742 1088//1088
f 1088//1088 742//742 672//672
f 1088//1088 672//672 460//460
f 460//460 672//672 674//674
f 460//460 674//674 461//461
f 461//461 674//674 676//676
f 461//461 676//676 667//667
f 667//667 676//676 670//670
f 667//667 670//670 668//668
f 668//668 670//670 669//669
f 668//668 669//669 1087//1087
f 1087//1087 669//669 658//658
f 1087//1087 658//658 1086//1086
f 1086//1086 658//658 657//657
f 1086//1086 657//657 1085//1085
f 1085//1085 657//657 655//655
f 1085//1085 655//655 1084//1084
f 1084//1084 655//655 654//654
f 1084//1084 654//654 1082//1082
f 1082//1082 654//654 682//682
f 1082//1082 682//682 1080//1080
f 1080//1080 682//682 681//681
f 1080//1080 681//681 1078//1078
f 1078//1078 681//681 697//697
f 1078//1078 697//697 1076//1076
f 1076//1076 697//697 488//488
f 1076//1076 488//488 557//557
f 557//557 488//488 487//487
f 557//557 487//487 559//559
f 559//559 487//487 586//586
f 559//559 586//586 560//560
f 560//560 586//586 595//595
f 560//560 595//595 563//563
f 563//563 595//595 597//597
f 563//563 597//597 561//561
f 561//561 597//597 599//599
f 561//561 599//599 569//569
f 569//569 599//599 601//601
f 569//569 601//601 585//585
f 585//585 601//601 582//582
f 585//585 582//582 583//583
f 583//583 582//582 79//79
f 583//583 79//79 82//82
f 1090//1090 1091//1091 1092//1092
f 1093//1093 1094//1094 1095//1095
f 1095//1095 1094//1094 1096//1096
f 1097//1097 1096//1096 1098//1098
f 297//297 295//295 1099//1099
f 299//299 301//301 1100//1100
f 1101//1101 1102//1102 896//896
f 1103//1103 1104//1104 1105//1105
f 834//834 446//446 1106//1106
f 1107//1107 1108//1108 1109//1109
f 1110//1110 1111//1111 1112//1112
f 1112//1112 1113//1113 1114//1114
f 1115//1115 1116//1116 1117//1117
f 765//765 761//761 1118//1118
f 763//763 764//764 1119//1119
f 226//226 227//227 1120//1120
f 1121//1121 1122//1122 1123//1123
f 1124//1124 1125//1125 1126//1126
f 1127//1127 1128//1128 1129//1129
f 1130//1130 1131//1131 1132//1132
f 1133//1133 1134//1134 1135//1135
f 139//139 135//135 1136//1136
f 137//137 131//131 1137//1137
f 1138//1138 1139//1139 1140//1140
f 1141//1141 1140//1140 1142//1142
f 1143//1143 1029//1029 1144//1144
f 1144//1144 1029//1029 1028//1028
f 1144//1144 1028//1028 1145//1145
f 518//518 517//517 1146//1146
f 1146//1146 517//517 506//506
f 1146//1146 506//506 1147//1147
f 1147//1147 506//506 505//505
f 1147//1147 505//505 1148//1148
f 505//505 504//504 1148//1148
f 1148//1148 504//504 509//509
f 1148//1148 509//509 1149//1149
f 1149//1149 509//509 508//508
f 1149//1149 508//508 1150//1150
f 1142//1142 1151//1151 1152//1152
f 1152//1152 1151//1151 1153//1153
f 1152//1152 1153//1153 1154//1154
f 1154//1154 1153//1153 1155//1155
f 1154//1154 1155//1155 1156//1156
f 1156//1156 1155//1155 1157//1157
f 1156//1156 1157//1157 1158//1158
f 1158//1158 1159//1159 1160//1160
f 1160//1160 1159//1159 1161//1161
f 1160//1160 1161//1161 1162//1162
f 1162//1162 1161//1161 1163//1163
f 1162//1162 1163//1163 1164//1164
f 1158//1158 1157//1157 1159//1159
f 1159//1159 1157//1157 1165//1165
f 1159//1159 1165//1165 1161//1161
f 1161//1161 1165//1165 1166//1166
f 1161//1161 1166//1166 1163//1163
f 508//508 507//507 1150//1150
f 1150//1150 507//507 523//523
f 1150//1150 523//523 1167//1167
f 1167//1167 523//523 522//522
f 1167//1167 522//522 1168//1168
f 1168//1168 522//522 521//521
f 1168//1168 521//521 530//530
f 1169//1169 1170//1170 1171//1171
f 1171//1171 1170//1170 1172//1172
f 1028//1028 518//518 1145//1145
f 1145//1145 518//518 1146//1146
f 1145//1145 1146//1146 1173//1173
f 1173//1173 1146//1146 1147//1147
f 1173//1173 1147//1147 1174//1174
f 1174//1174 1147//1147 1148//1148
f 1174//1174 1148//1148 1175//1175
f 1175//1175 1148//1148 1149//1149
f 1175//1175 1149//1149 1176//1176
f 1176//1176 1149//1149 1150//1150
f 1176//1176 1150//1150 1177//1177
f 1177//1177 1150//1150 1167//1167
f 1177//1177 1167//1167 1178//1178
f 1178//1178 1167//1167 1168//1168
f 1178//1178 1168//1168 1179//1179
f 1179//1179 1168//1168 530//530
f 1179//1179 530//530 529//529
f 529//529 534//534 1180//1180
f 1180//1180 534//534 7//7
f 1180//1180 7//7 145//145
f 1181//1181 1182//1182 1183//1183
f 147//147 148//148 1181//1181
f 1181//1181 148//148 150//150
f 1181//1181 150//150 1182//1182
f 145//145 147//147 1180//1180
f 1180//1180 147//147 1181//1181
f 1180//1180 1181//1181 1184//1184
f 1184//1184 1181//1181 1183//1183
f 1184//1184 1183//1183 1185//1185
f 1164//1164 1186//1186 1187//1187
f 1187//1187 1186//1186 1188//1188
f 1187//1187 1188//1188 1189//1189
f 1189//1189 1188//1188 1190//1190
f 1166//1166 1169//1169 1163//1163
f 1163//1163 1169//1169 1171//1171
f 1163//1163 1171//1171 1164//1164
f 1164//1164 1171//1171 1172//1172
f 1164//1164 1172//1172 1186//1186
f 1186//1186 1172//1172 1191//1191
f 1186//1186 1191//1191 1188//1188
f 1188//1188 1191//1191 1192//1192
f 1188//1188 1192//1192 1190//1190
f 150//150 149//149 1182//1182
f 1182//1182 149//149 153//153
f 1182//1182 153//153 155//155
f 1170//1170 1185//1185 1172//1172
f 1172//1172 1185//1185 1183//1183
f 1172//1172 1183//1183 1191//1191
f 1191//1191 1183//1183 1182//1182
f 1191//1191 1182//1182 1192//1192
f 1192//1192 1182//1182 155//155
f 1192//1192 155//155 158//158
f 1193//1193 1194//1194 1195//1195
f 1195//1195 1194//1194 1196//1196
f 1195//1195 1196//1196 1139//1139
f 1197//1197 1198//1198 1193//1193
f 1193//1193 1198//1198 1199//1199
f 1193//1193 1199//1199 1194//1194
f 1194//1194 1199//1199 1200//1200
f 1194//1194 1200//1200 1196//1196
f 1139//1139 1138//1138 1195//1195
f 1195//1195 1138//1138 1201//1201
f 1195//1195 1201//1201 1193//1193
f 1193//1193 1201//1201 1202//1202
f 1193//1193 1202//1202 1197//1197
f 137//137 1137//1137 134//134
f 135//135 134//134 1136//1136
f 1136//1136 134//134 1137//1137
f 1136//1136 1137//1137 1203//1203
f 1203//1203 1137//1137 1204//1204
f 1203//1203 1204//1204 1205//1205
f 1205//1205 1204//1204 1206//1206
f 1205//1205 1206//1206 1207//1207
f 1207//1207 1206//1206 1208//1208
f 1207//1207 1208//1208 1209//1209
f 1209//1209 1208//1208 1210//1210
f 1209//1209 1210//1210 1211//1211
f 1212//1212 1213//1213 1214//1214
f 1214//1214 1213//1213 1215//1215
f 1214//1214 1215//1215 1216//1216
f 1216//1216 1215//1215 1217//1217
f 1218//1218 1219//1219 1220//1220
f 1220//1220 1219//1219 1221//1221
f 1220//1220 1221//1221 1222//1222
f 1222//1222 1221//1221 1223//1223
f 1222//1222 1223//1223 1224//1224
f 1224//1224 1223//1223 1225//1225
f 1224//1224 1225//1225 1226//1226
f 1226//1226 1225//1225 1227//1227
f 1226//1226 1227//1227 1228//1228
f 1228//1228 1227//1227 1229//1229
f 1228//1228 1229//1229 1230//1230
f 1230//1230 1229//1229 168//168
f 168//168 167//167 1230//1230
f 1230//1230 167//167 166//166
f 1230//1230 166//166 126//126
f 1217//1217 163//163 1216//1216
f 1216//1216 163//163 129//129
f 1216//1216 129//129 128//128
f 1219//1219 1231//1231 1221//1221
f 1221//1221 1231//1231 1232//1232
f 1221//1221 1232//1232 1223//1223
f 1223//1223 1232//1232 1212//1212
f 1223//1223 1212//1212 1225//1225
f 1225//1225 1212//1212 1214//1214
f 1225//1225 1214//1214 1227//1227
f 1227//1227 1214//1214 1216//1216
f 1227//1227 1216//1216 1229//1229
f 1229//1229 1216//1216 128//128
f 1229//1229 128//128 168//168
f 162//162 161//161 1217//1217
f 1217//1217 161//161 160//160
f 1217//1217 160//160 163//163
f 131//131 162//162 1137//1137
f 1137//1137 162//162 1217//1217
f 1137//1137 1217//1217 1204//1204
f 1204//1204 1217//1217 1215//1215
f 1204//1204 1215//1215 1206//1206
f 1206//1206 1215//1215 1213//1213
f 1206//1206 1213//1213 1208//1208
f 1208//1208 1213//1213 1212//1212
f 1208//1208 1212//1212 1210//1210
f 1210//1210 1212//1212 1232//1232
f 1210//1210 1232//1232 1211//1211
f 1211//1211 1232//1232 1231//1231
f 158//158 143//143 1192//1192
f 1192//1192 143//143 142//142
f 1192//1192 142//142 1190//1190
f 1190//1190 142//142 144//144
f 1190//1190 144//144 140//140
f 140//140 139//139 1190//1190
f 1190//1190 139//139 1136//1136
f 1190//1190 1136//1136 1189//1189
f 1189//1189 1136//1136 1203//1203
f 1189//1189 1203//1203 1187//1187
f 1187//1187 1203//1203 1205//1205
f 1187//1187 1205//1205 1164//1164
f 1164//1164 1205//1205 1207//1207
f 1164//1164 1207//1207 1162//1162
f 1162//1162 1207//1207 1209//1209
f 1162//1162 1209//1209 1160//1160
f 1160//1160 1209//1209 1211//1211
f 1160//1160 1211//1211 1158//1158
f 1158//1158 1211//1211 1231//1231
f 1158//1158 1231//1231 1156//1156
f 1156//1156 1231//1231 1219//1219
f 1156//1156 1219//1219 1154//1154
f 1154//1154 1219//1219 1218//1218
f 1154//1154 1218//1218 1152//1152
f 1133//1133 1135//1135 1233//1233
f 1134//1134 1234//1234 1135//1135
f 1135//1135 1234//1234 1235//1235
f 1135//1135 1235//1235 1236//1236
f 1236//1236 1235//1235 1237//1237
f 1236//1236 1237//1237 1238//1238
f 1238//1238 1237//1237 1239//1239
f 1238//1238 1239//1239 1240//1240
f 1241//1241 1242//1242 1243//1243
f 1243//1243 1242//1242 1240//1240
f 1244//1244 1245//1245 1241//1241
f 1246//1246 1239//1239 1247//1247
f 1247//1247 1239//1239 1237//1237
f 1247//1247 1237//1237 1248//1248
f 1248//1248 1237//1237 1235//1235
f 1248//1248 1235//1235 1249//1249
f 1249//1249 1235//1235 1234//1234
f 1249//1249 1234//1234 1197//1197
f 1197//1197 1234//1234 1134//1134
f 1197//1197 1134//1134 1198//1198
f 1198//1198 1134//1134 1133//1133
f 1198//1198 1133//1133 1199//1199
f 1199//1199 1133//1133 1233//1233
f 1199//1199 1233//1233 1200//1200
f 1250//1250 1251//1251 1252//1252
f 1252//1252 1251//1251 1253//1253
f 1254//1254 1255//1255 1256//1256
f 1250//1250 1254//1254 1257//1257
f 1257//1257 1254//1254 1256//1256
f 1257//1257 1256//1256 1258//1258
f 1259//1259 1260//1260 1261//1261
f 1262//1262 1263//1263 1264//1264
f 1264//1264 1263//1263 1265//1265
f 1264//1264 1265//1265 1130//1130
f 125//125 171//171 1266//1266
f 1266//1266 171//171 172//172
f 1130//1130 1132//1132 1264//1264
f 1264//1264 1132//1132 1266//1266
f 1264//1264 1266//1266 1262//1262
f 1262//1262 1266//1266 172//172
f 1262//1262 172//172 173//173
f 173//173 175//175 1262//1262
f 1262//1262 175//175 1259//1259
f 1262//1262 1259//1259 1263//1263
f 1263//1263 1259//1259 1261//1261
f 1263//1263 1261//1261 1265//1265
f 1267//1267 121//121 96//96
f 1240//1240 1239//1239 1243//1243
f 1243//1243 1239//1239 1246//1246
f 1243//1243 1246//1246 1268//1268
f 1268//1268 1246//1246 1269//1269
f 1268//1268 1269//1269 1270//1270
f 1270//1270 1269//1269 1267//1267
f 1270//1270 1267//1267 1271//1271
f 1271//1271 1267//1267 96//96
f 1271//1271 96//96 95//95
f 175//175 177//177 1259//1259
f 1259//1259 177//177 176//176
f 1259//1259 176//176 1260//1260
f 1260//1260 176//176 178//178
f 1260//1260 178//178 122//122
f 1140//1140 1141//1141 1138//1138
f 1138//1138 1141//1141 1272//1272
f 1138//1138 1272//1272 1201//1201
f 1201//1201 1272//1272 1273//1273
f 1201//1201 1273//1273 1202//1202
f 1202//1202 1273//1273 1274//1274
f 1202//1202 1274//1274 1197//1197
f 1197//1197 1274//1274 1275//1275
f 1197//1197 1275//1275 1249//1249
f 1249//1249 1275//1275 1131//1131
f 1249//1249 1131//1131 1248//1248
f 1248//1248 1131//1131 1130//1130
f 1248//1248 1130//1130 1247//1247
f 1247//1247 1130//1130 1265//1265
f 1247//1247 1265//1265 1246//1246
f 1246//1246 1265//1265 1261//1261
f 1246//1246 1261//1261 1269//1269
f 1269//1269 1261//1261 1260//1260
f 1269//1269 1260//1260 1267//1267
f 1267//1267 1260//1260 122//122
f 1267//1267 122//122 121//121
f 1276//1276 1277//1277 1278//1278
f 1279//1279 1258//1258 1280//1280
f 1280//1280 1258//1258 1256//1256
f 1280//1280 1256//1256 1129//1129
f 1129//1129 1256//1256 1255//1255
f 1129//1129 1255//1255 1127//1127
f 114//114 113//113 1281//1281
f 1281//1281 113//113 183//183
f 183//183 1282//1282 1281//1281
f 1281//1281 1282//1282 1283//1283
f 1281//1281 1283//1283 1284//1284
f 1284//1284 1283//1283 1285//1285
f 1284//1284 1285//1285 1286//1286
f 1286//1286 1285//1285 1252//1252
f 1286//1286 1252//1252 1244//1244
f 1244//1244 1252//1252 1253//1253
f 1244//1244 1253//1253 1245//1245
f 105//105 1129//1129 112//112
f 112//112 1129//1129 1128//1128
f 112//112 1128//1128 111//111
f 111//111 1128//1128 107//107
f 105//105 102//102 1129//1129
f 1129//1129 102//102 1276//1276
f 1129//1129 1276//1276 1280//1280
f 1280//1280 1276//1276 1278//1278
f 1280//1280 1278//1278 1279//1279
f 183//183 182//182 1282//1282
f 1282//1282 182//182 181//181
f 1282//1282 181//181 108//108
f 1250//1250 1252//1252 1254//1254
f 1254//1254 1252//1252 1285//1285
f 1254//1254 1285//1285 1255//1255
f 1255//1255 1285//1285 1283//1283
f 1255//1255 1283//1283 1127//1127
f 1127//1127 1283//1283 1282//1282
f 1127//1127 1282//1282 1128//1128
f 1128//1128 1282//1282 108//108
f 1128//1128 108//108 107//107
f 95//95 120//120 1271//1271
f 1271//1271 120//120 119//119
f 1271//1271 119//119 116//116
f 1241//1241 1243//1243 1244//1244
f 1244//1244 1243//1243 1268//1268
f 1244//1244 1268//1268 1286//1286
f 1286//1286 1268//1268 1270//1270
f 1286//1286 1270//1270 1284//1284
f 1284//1284 1270//1270 1271//1271
f 1284//1284 1271//1271 1281//1281
f 1281//1281 1271//1271 116//116
f 1281//1281 116//116 114//114
f 1287//1287 1288//1288 232//232
f 249//249 247//247 1289//1289
f 1289//1289 247//247 246//246
f 1289//1289 246//246 1288//1288
f 1288//1288 246//246 234//234
f 1288//1288 234//234 232//232
f 249//249 1289//1289 251//251
f 251//251 1289//1289 1290//1290
f 251//251 1290//1290 253//253
f 1291//1291 229//229 1290//1290
f 1290//1290 229//229 254//254
f 1290//1290 254//254 253//253
f 1292//1292 1293//1293 1294//1294
f 1295//1295 1296//1296 1293//1293
f 1297//1297 1298//1298 1299//1299
f 1293//1293 1292//1292 1295//1295
f 1295//1295 1292//1292 1300//1300
f 1295//1295 1300//1300 1301//1301
f 276//276 274//274 1291//1291
f 274//274 273//273 1291//1291
f 1291//1291 273//273 230//230
f 1291//1291 230//230 229//229
f 1302//1302 1303//1303 1304//1304
f 240//240 242//242 1302//1302
f 1302//1302 242//242 244//244
f 1302//1302 244//244 1303//1303
f 1303//1303 244//244 279//279
f 1303//1303 279//279 278//278
f 1301//1301 1305//1305 1295//1295
f 1295//1295 1305//1305 1306//1306
f 1295//1295 1306//1306 1296//1296
f 1296//1296 1306//1306 1307//1307
f 1308//1308 1309//1309 1310//1310
f 1310//1310 1309//1309 1311//1311
f 1312//1312 1313//1313 1314//1314
f 1314//1314 1313//1313 1315//1315
f 1314//1314 1315//1315 1308//1308
f 1316//1316 1317//1317 1318//1318
f 1319//1319 1320//1320 1317//1317
f 1317//1317 1316//1316 1319//1319
f 1319//1319 1316//1316 1321//1321
f 1319//1319 1321//1321 1322//1322
f 222//222 223//223 1323//1323
f 226//226 1120//1120 225//225
f 221//221 1324//1324 211//211
f 211//211 1324//1324 1325//1325
f 211//211 1325//1325 212//212
f 212//212 1325//1325 1326//1326
f 212//212 1326//1326 187//187
f 1327//1327 1328//1328 1329//1329
f 1329//1329 1328//1328 1123//1123
f 1329//1329 1123//1123 1330//1330
f 1330//1330 1123//1123 1122//1122
f 1330//1330 1122//1122 1331//1331
f 187//187 1326//1326 188//188
f 188//188 1326//1326 1332//1332
f 188//188 1332//1332 189//189
f 189//189 1332//1332 201//201
f 201//201 1332//1332 1333//1333
f 201//201 1333//1333 200//200
f 1334//1334 1335//1335 1336//1336
f 1336//1336 1335//1335 1337//1337
f 1336//1336 1337//1337 1338//1338
f 1338//1338 1337//1337 1339//1339
f 1338//1338 1339//1339 1340//1340
f 1340//1340 1339//1339 1341//1341
f 1340//1340 1341//1341 1342//1342
f 1342//1342 1341//1341 1343//1343
f 1342//1342 1343//1343 1344//1344
f 1344//1344 1343//1343 1345//1345
f 1344//1344 1345//1345 1346//1346
f 200//200 1333//1333 331//331
f 331//331 1333//1333 1118//1118
f 331//331 1118//1118 330//330
f 330//330 1118//1118 761//761
f 330//330 761//761 329//329
f 1347//1347 774//774 766//766
f 1348//1348 1349//1349 1350//1350
f 1350//1350 1349//1349 1347//1347
f 1350//1350 1347//1347 1351//1351
f 1351//1351 1347//1347 766//766
f 1351//1351 766//766 762//762
f 1299//1299 1298//1298 1352//1352
f 1352//1352 1298//1298 1353//1353
f 1352//1352 1353//1353 1354//1354
f 1354//1354 1353//1353 1355//1355
f 1354//1354 1355//1355 1126//1126
f 1126//1126 1355//1355 1356//1356
f 1126//1126 1356//1356 1124//1124
f 1124//1124 1356//1356 1357//1357
f 1124//1124 1357//1357 1358//1358
f 1358//1358 1357//1357 1359//1359
f 1358//1358 1359//1359 1360//1360
f 1360//1360 1359//1359 1361//1361
f 1360//1360 1361//1361 1362//1362
f 1362//1362 1361//1361 1363//1363
f 1362//1362 1363//1363 1364//1364
f 1364//1364 1363//1363 1365//1365
f 1364//1364 1365//1365 1366//1366
f 1366//1366 1365//1365 1348//1348
f 1366//1366 1348//1348 1367//1367
f 1367//1367 1348//1348 1350//1350
f 1367//1367 1350//1350 1368//1368
f 1368//1368 1350//1350 1351//1351
f 1368//1368 1351//1351 1119//1119
f 1119//1119 1351//1351 762//762
f 1119//1119 762//762 763//763
f 1125//1125 1124//1124 1369//1369
f 1369//1369 1124//1124 1358//1358
f 1369//1369 1358//1358 1370//1370
f 1370//1370 1358//1358 1360//1360
f 1370//1370 1360//1360 1371//1371
f 1371//1371 1360//1360 1362//1362
f 1371//1371 1362//1362 1324//1324
f 1324//1324 1362//1362 1364//1364
f 1324//1324 1364//1364 1325//1325
f 1325//1325 1364//1364 1366//1366
f 1325//1325 1366//1366 1326//1326
f 1326//1326 1366//1366 1367//1367
f 1326//1326 1367//1367 1332//1332
f 1332//1332 1367//1367 1368//1368
f 1332//1332 1368//1368 1333//1333
f 1333//1333 1368//1368 1119//1119
f 1333//1333 1119//1119 1118//1118
f 1118//1118 1119//1119 764//764
f 1118//1118 764//764 765//765
f 1346//1346 1345//1345 1372//1372
f 1372//1372 1345//1345 1373//1373
f 1372//1372 1373//1373 1374//1374
f 1375//1375 780//780 776//776
f 1376//1376 1294//1294 1377//1377
f 1377//1377 1294//1294 1293//1293
f 1377//1377 1293//1293 1378//1378
f 1378//1378 1293//1293 1296//1296
f 1378//1378 1296//1296 1379//1379
f 1379//1379 1296//1296 1307//1307
f 1379//1379 1307//1307 1380//1380
f 1380//1380 1307//1307 1381//1381
f 1380//1380 1381//1381 1382//1382
f 1382//1382 1381//1381 1383//1383
f 1382//1382 1383//1383 1384//1384
f 1384//1384 1383//1383 1334//1334
f 1384//1384 1334//1334 1385//1385
f 1385//1385 1334//1334 1386//1386
f 1385//1385 1386//1386 1387//1387
f 1387//1387 1386//1386 1388//1388
f 1387//1387 1388//1388 1389//1389
f 1389//1389 1388//1388 1390//1390
f 1389//1389 1390//1390 1391//1391
f 1391//1391 1390//1390 1392//1392
f 1391//1391 1392//1392 1393//1393
f 1393//1393 1392//1392 1394//1394
f 1393//1393 1394//1394 1395//1395
f 1395//1395 1394//1394 1396//1396
f 1395//1395 1396//1396 1397//1397
f 1397//1397 1396//1396 1398//1398
f 1397//1397 1398//1398 1399//1399
f 1399//1399 1398//1398 1375//1375
f 1399//1399 1375//1375 1400//1400
f 1400//1400 1375//1375 776//776
f 1400//1400 776//776 775//775
f 819//819 817//817 1374//1374
f 1374//1374 817//817 1115//1115
f 1374//1374 1115//1115 1372//1372
f 1372//1372 1115//1115 1117//1117
f 1372//1372 1117//1117 1346//1346
f 817//817 816//816 1115//1115
f 1115//1115 816//816 779//779
f 1115//1115 779//779 1116//1116
f 1116//1116 779//779 782//782
f 1116//1116 782//782 781//781
f 1334//1334 1336//1336 1386//1386
f 1386//1386 1336//1336 1338//1338
f 1386//1386 1338//1338 1388//1388
f 1388//1388 1338//1338 1340//1340
f 1388//1388 1340//1340 1390//1390
f 1390//1390 1340//1340 1342//1342
f 1390//1390 1342//1342 1392//1392
f 1392//1392 1342//1342 1344//1344
f 1392//1392 1344//1344 1394//1394
f 1394//1394 1344//1344 1346//1346
f 1394//1394 1346//1346 1396//1396
f 1396//1396 1346//1346 1117//1117
f 1396//1396 1117//1117 1398//1398
f 1398//1398 1117//1117 1116//1116
f 1398//1398 1116//1116 1375//1375
f 1375//1375 1116//1116 781//781
f 1375//1375 781//781 780//780
f 1401//1401 1402//1402 1106//1106
f 1106//1106 1402//1402 1403//1403
f 1106//1106 1403//1403 1327//1327
f 1327//1327 1403//1403 1404//1404
f 1327//1327 1404//1404 1328//1328
f 1405//1405 1406//1406 1407//1407
f 1407//1407 1406//1406 1408//1408
f 1407//1407 1408//1408 1409//1409
f 1409//1409 1408//1408 1410//1410
f 1409//1409 1410//1410 1411//1411
f 1411//1411 1410//1410 1412//1412
f 1411//1411 1412//1412 1413//1413
f 1413//1413 1412//1412 1414//1414
f 1413//1413 1414//1414 1415//1415
f 1415//1415 1414//1414 1416//1416
f 1415//1415 1416//1416 1417//1417
f 1418//1418 803//803 802//802
f 1419//1419 1420//1420 1421//1421
f 1421//1421 1420//1420 1422//1422
f 1421//1421 1422//1422 1423//1423
f 1423//1423 1422//1422 1424//1424
f 1423//1423 1424//1424 1425//1425
f 1425//1425 1424//1424 1426//1426
f 1425//1425 1426//1426 1427//1427
f 1427//1427 1426//1426 1418//1418
f 1427//1427 1418//1418 1428//1428
f 1428//1428 1418//1418 802//802
f 1428//1428 802//802 820//820
f 1416//1416 808//808 1417//1417
f 1417//1417 808//808 806//806
f 1417//1417 806//806 804//804
f 1429//1429 1121//1121 1430//1430
f 1430//1430 1121//1121 1431//1431
f 1430//1430 1431//1431 1432//1432
f 1432//1432 1431//1431 1433//1433
f 1432//1432 1433//1433 1434//1434
f 1434//1434 1433//1433 1435//1435
f 1434//1434 1435//1435 1436//1436
f 1436//1436 1435//1435 1437//1437
f 1436//1436 1437//1437 1438//1438
f 1438//1438 1437//1437 1439//1439
f 1438//1438 1439//1439 1440//1440
f 1440//1440 1439//1439 1441//1441
f 1440//1440 1441//1441 1442//1442
f 1442//1442 1441//1441 814//814
f 814//814 812//812 1442//1442
f 1442//1442 812//812 811//811
f 1442//1442 811//811 809//809
f 1429//1429 1430//1430 1405//1405
f 1405//1405 1430//1430 1432//1432
f 1405//1405 1432//1432 1406//1406
f 1406//1406 1432//1432 1434//1434
f 1406//1406 1434//1434 1408//1408
f 1408//1408 1434//1434 1436//1436
f 1408//1408 1436//1436 1410//1410
f 1410//1410 1436//1436 1438//1438
f 1410//1410 1438//1438 1412//1412
f 1412//1412 1438//1438 1440//1440
f 1412//1412 1440//1440 1414//1414
f 1414//1414 1440//1440 1442//1442
f 1414//1414 1442//1442 1416//1416
f 1416//1416 1442//1442 809//809
f 1416//1416 809//809 808//808
f 1106//1106 446//446 1401//1401
f 1401//1401 446//446 445//445
f 1401//1401 445//445 815//815
f 1121//1121 1123//1123 1431//1431
f 1431//1431 1123//1123 1328//1328
f 1431//1431 1328//1328 1433//1433
f 1433//1433 1328//1328 1404//1404
f 1433//1433 1404//1404 1435//1435
f 1435//1435 1404//1404 1403//1403
f 1435//1435 1403//1403 1437//1437
f 1437//1437 1403//1403 1402//1402
f 1437//1437 1402//1402 1439//1439
f 1439//1439 1402//1402 1401//1401
f 1439//1439 1401//1401 1441//1441
f 1441//1441 1401//1401 815//815
f 1441//1441 815//815 814//814
f 1335//1335 1420//1420 1337//1337
f 1337//1337 1420//1420 1419//1419
f 1337//1337 1419//1419 1339//1339
f 1339//1339 1419//1419 1421//1421
f 1339//1339 1421//1421 1341//1341
f 1341//1341 1421//1421 1423//1423
f 1341//1341 1423//1423 1343//1343
f 1343//1343 1423//1423 1425//1425
f 1343//1343 1425//1425 1345//1345
f 1345//1345 1425//1425 1427//1427
f 1345//1345 1427//1427 1373//1373
f 1373//1373 1427//1427 1428//1428
f 1373//1373 1428//1428 1374//1374
f 1374//1374 1428//1428 820//820
f 1374//1374 820//820 819//819
f 1443//1443 1444//1444 1445//1445
f 1445//1445 1444//1444 1446//1446
f 1445//1445 1446//1446 1447//1447
f 1111//1111 1107//1107 1112//1112
f 1112//1112 1107//1107 1109//1109
f 1112//1112 1109//1109 1113//1113
f 1113//1113 1109//1109 1448//1448
f 829//829 1449//1449 441//441
f 441//441 1449//1449 1450//1450
f 1108//1108 1451//1451 1109//1109
f 1109//1109 1451//1451 1450//1450
f 1109//1109 1450//1450 1448//1448
f 1448//1448 1450//1450 1449//1449
f 1331//1331 1114//1114 1330//1330
f 1330//1330 1114//1114 1113//1113
f 1330//1330 1113//1113 1329//1329
f 1329//1329 1113//1113 1448//1448
f 1329//1329 1448//1448 1327//1327
f 1327//1327 1448//1448 1449//1449
f 1327//1327 1449//1449 1106//1106
f 1106//1106 1449//1449 829//829
f 1106//1106 829//829 834//834
f 1452//1452 1443//1443 1453//1453
f 1453//1453 1443//1443 1445//1445
f 1453//1453 1445//1445 1454//1454
f 1454//1454 1445//1445 1447//1447
f 1454//1454 1447//1447 1455//1455
f 1455//1455 1447//1447 1456//1456
f 1455//1455 1456//1456 1457//1457
f 839//839 840//840 1458//1458
f 1459//1459 835//835 837//837
f 835//835 1459//1459 440//440
f 440//440 1459//1459 195//195
f 440//440 195//195 217//217
f 1460//1460 438//438 846//846
f 846//846 845//845 1461//1461
f 1461//1461 845//845 844//844
f 1462//1462 1463//1463 206//206
f 206//206 205//205 1462//1462
f 1462//1462 205//205 194//194
f 1462//1462 194//194 1459//1459
f 1459//1459 194//194 193//193
f 1459//1459 193//193 195//195
f 843//843 899//899 1464//1464
f 1464//1464 899//899 1465//1465
f 1464//1464 1465//1465 1466//1466
f 1466//1466 1104//1104 1467//1467
f 1467//1467 1104//1104 1103//1103
f 1467//1467 1103//1103 1468//1468
f 1469//1469 1470//1470 1471//1471
f 1471//1471 1470//1470 1463//1463
f 1471//1471 1463//1463 1472//1472
f 1472//1472 1463//1463 1462//1462
f 1472//1472 1462//1462 1473//1473
f 1473//1473 1462//1462 1459//1459
f 1473//1473 1459//1459 1474//1474
f 1474//1474 1459//1459 837//837
f 1474//1474 837//837 839//839
f 256//256 255//255 1470//1470
f 1470//1470 255//255 215//215
f 1470//1470 215//215 1463//1463
f 1463//1463 215//215 214//214
f 1463//1463 214//214 206//206
f 1475//1475 260//260 258//258
f 846//846 1461//1461 1460//1460
f 1460//1460 1461//1461 1476//1476
f 1460//1460 1476//1476 1477//1477
f 1477//1477 1476//1476 1478//1478
f 1477//1477 1478//1478 1479//1479
f 1479//1479 1478//1478 1480//1480
f 1479//1479 1480//1480 1481//1481
f 1481//1481 1480//1480 1482//1482
f 1481//1481 1482//1482 1483//1483
f 1483//1483 1482//1482 1484//1484
f 1483//1483 1484//1484 1485//1485
f 1484//1484 1486//1486 1485//1485
f 1485//1485 1486//1486 1487//1487
f 1485//1485 1487//1487 1483//1483
f 1483//1483 1487//1487 1488//1488
f 1483//1483 1488//1488 1481//1481
f 1481//1481 1488//1488 1489//1489
f 1481//1481 1489//1489 1479//1479
f 1479//1479 1489//1489 1490//1490
f 1479//1479 1490//1490 1477//1477
f 1477//1477 1490//1490 1458//1458
f 1477//1477 1458//1458 1460//1460
f 1460//1460 1458//1458 840//840
f 1460//1460 840//840 438//438
f 1491//1491 1100//1100 1469//1469
f 1469//1469 1100//1100 1475//1475
f 1469//1469 1475//1475 1470//1470
f 1470//1470 1475//1475 258//258
f 1470//1470 258//258 256//256
f 301//301 314//314 1100//1100
f 1100//1100 314//314 312//312
f 1100//1100 312//312 1475//1475
f 1475//1475 312//312 311//311
f 1475//1475 311//311 260//260
f 1492//1492 1468//1468 1493//1493
f 1493//1493 1468//1468 1103//1103
f 1493//1493 1103//1103 1494//1494
f 1494//1494 1103//1103 1105//1105
f 1494//1494 1105//1105 1495//1495
f 1466//1466 1465//1465 1104//1104
f 1104//1104 1465//1465 1496//1496
f 1104//1104 1496//1496 1105//1105
f 1105//1105 1496//1496 1497//1497
f 1105//1105 1497//1497 1495//1495
f 1498//1498 1492//1492 1499//1499
f 1499//1499 1492//1492 1493//1493
f 1499//1499 1493//1493 1500//1500
f 1500//1500 1493//1493 1494//1494
f 1500//1500 1494//1494 1501//1501
f 1501//1501 1494//1494 1495//1495
f 1501//1501 1495//1495 1102//1102
f 1102//1102 1495//1495 1497//1497
f 899//899 882//882 1465//1465
f 1465//1465 882//882 881//881
f 1465//1465 881//881 1496//1496
f 1496//1496 881//881 879//879
f 1496//1496 879//879 1497//1497
f 1497//1497 879//879 878//878
f 1497//1497 878//878 1102//1102
f 1102//1102 878//878 890//890
f 1102//1102 890//890 896//896
f 284//284 310//310 1502//1502
f 1502//1502 310//310 309//309
f 1502//1502 309//309 1100//1100
f 1100//1100 309//309 308//308
f 1100//1100 308//308 299//299
f 295//295 307//307 1099//1099
f 1099//1099 307//307 306//306
f 1099//1099 306//306 1502//1502
f 1502//1502 306//306 305//305
f 1502//1502 305//305 284//284
f 1503//1503 1504//1504 1505//1505
f 1505//1505 1504//1504 1506//1506
f 1505//1505 1506//1506 1507//1507
f 1507//1507 1506//1506 1508//1508
f 1507//1507 1508//1508 1509//1509
f 297//297 1099//1099 298//298
f 298//298 1099//1099 1510//1510
f 298//298 1510//1510 280//280
f 280//280 1510//1510 292//292
f 292//292 1510//1510 1511//1511
f 292//292 1511//1511 293//293
f 1512//1512 204//204 1511//1511
f 1511//1511 204//204 190//190
f 1511//1511 190//190 293//293
f 839//839 1458//1458 1474//1474
f 1474//1474 1458//1458 1490//1490
f 1474//1474 1490//1490 1473//1473
f 1473//1473 1490//1490 1489//1489
f 1473//1473 1489//1489 1472//1472
f 1472//1472 1489//1489 1488//1488
f 1472//1472 1488//1488 1471//1471
f 1471//1471 1488//1488 1487//1487
f 1471//1471 1487//1487 1469//1469
f 1469//1469 1487//1487 1486//1486
f 1469//1469 1486//1486 1491//1491
f 1491//1491 1486//1486 1513//1513
f 1491//1491 1513//1513 1100//1100
f 1100//1100 1513//1513 1514//1514
f 1100//1100 1514//1514 1502//1502
f 1502//1502 1514//1514 1515//1515
f 1502//1502 1515//1515 1099//1099
f 1099//1099 1515//1515 1516//1516
f 1099//1099 1516//1516 1510//1510
f 1510//1510 1516//1516 1517//1517
f 1510//1510 1517//1517 1511//1511
f 1511//1511 1517//1517 1518//1518
f 1511//1511 1518//1518 1512//1512
f 1512//1512 1518//1518 1519//1519
f 1512//1512 1519//1519 1287//1287
f 1287//1287 1519//1519 1520//1520
f 1287//1287 1520//1520 1288//1288
f 1288//1288 1520//1520 1521//1521
f 1288//1288 1521//1521 1289//1289
f 1289//1289 1521//1521 1522//1522
f 1289//1289 1522//1522 1290//1290
f 1290//1290 1522//1522 1523//1523
f 1290//1290 1523//1523 1291//1291
f 232//232 231//231 1287//1287
f 1287//1287 231//231 202//202
f 1287//1287 202//202 1512//1512
f 1512//1512 202//202 203//203
f 1512//1512 203//203 204//204
f 1524//1524 1509//1509 1525//1525
f 1525//1525 1509//1509 1508//1508
f 1525//1525 1508//1508 1526//1526
f 1526//1526 1508//1508 1506//1506
f 1526//1526 1506//1506 1527//1527
f 1527//1527 1506//1506 1504//1504
f 1527//1527 1504//1504 1528//1528
f 1528//1528 1504//1504 1503//1503
f 1528//1528 1503//1503 1529//1529
f 1529//1529 1503//1503 1530//1530
f 1529//1529 1530//1530 1531//1531
f 1531//1531 1530//1530 1532//1532
f 1531//1531 1532//1532 1533//1533
f 1533//1533 1532//1532 1534//1534
f 1533//1533 1534//1534 1535//1535
f 1535//1535 1534//1534 1536//1536
f 1535//1535 1536//1536 1537//1537
f 1537//1537 1536//1536 1538//1538
f 1537//1537 1538//1538 1539//1539
f 1539//1539 1538//1538 1540//1540
f 1539//1539 1540//1540 1541//1541
f 1541//1541 1540//1540 1542//1542
f 1541//1541 1542//1542 1543//1543
f 1543//1543 1542//1542 1544//1544
f 1543//1543 1544//1544 1304//1304
f 278//278 276//276 1303//1303
f 1303//1303 276//276 1291//1291
f 1303//1303 1291//1291 1304//1304
f 1304//1304 1291//1291 1523//1523
f 1304//1304 1523//1523 1543//1543
f 1543//1543 1523//1523 1522//1522
f 1543//1543 1522//1522 1541//1541
f 1541//1541 1522//1522 1521//1521
f 1541//1541 1521//1521 1539//1539
f 1539//1539 1521//1521 1520//1520
f 1539//1539 1520//1520 1537//1537
f 1537//1537 1520//1520 1519//1519
f 1537//1537 1519//1519 1535//1535
f 1535//1535 1519//1519 1518//1518
f 1535//1535 1518//1518 1533//1533
f 1533//1533 1518//1518 1517//1517
f 1533//1533 1517//1517 1531//1531
f 1531//1531 1517//1517 1516//1516
f 1531//1531 1516//1516 1529//1529
f 1529//1529 1516//1516 1515//1515
f 1529//1529 1515//1515 1528//1528
f 1528//1528 1515//1515 1514//1514
f 1528//1528 1514//1514 1527//1527
f 1527//1527 1514//1514 1513//1513
f 1527//1527 1513//1513 1526//1526
f 1526//1526 1513//1513 1486//1486
f 1526//1526 1486//1486 1525//1525
f 1525//1525 1486//1486 1484//1484
f 1525//1525 1484//1484 1524//1524
f 1524//1524 1484//1484 1482//1482
f 1524//1524 1482//1482 1545//1545
f 1545//1545 1482//1482 1480//1480
f 1545//1545 1480//1480 1546//1546
f 1546//1546 1480//1480 1478//1478
f 1546//1546 1478//1478 1547//1547
f 1547//1547 1478//1478 1476//1476
f 1547//1547 1476//1476 1548//1548
f 1548//1548 1476//1476 1461//1461
f 1549//1549 1550//1550 1551//1551
f 1551//1551 1550//1550 1552//1552
f 1551//1551 1552//1552 1553//1553
f 1553//1553 1552//1552 1554//1554
f 1553//1553 1554//1554 1555//1555
f 1555//1555 1554//1554 1556//1556
f 1555//1555 1556//1556 1557//1557
f 1557//1557 1556//1556 1558//1558
f 1557//1557 1558//1558 1559//1559
f 1559//1559 1558//1558 1560//1560
f 1559//1559 1560//1560 1561//1561
f 1561//1561 1560//1560 1562//1562
f 1561//1561 1562//1562 1563//1563
f 1563//1563 1562//1562 1564//1564
f 1563//1563 1564//1564 1565//1565
f 1565//1565 1564//1564 1566//1566
f 1565//1565 1566//1566 1567//1567
f 1567//1567 1566//1566 1568//1568
f 1567//1567 1568//1568 1569//1569
f 1569//1569 1568//1568 1570//1570
f 1569//1569 1570//1570 1571//1571
f 1571//1571 1570//1570 1572//1572
f 1573//1573 1574//1574 1575//1575
f 1575//1575 1574//1574 1576//1576
f 1575//1575 1576//1576 1577//1577
f 1577//1577 1576//1576 1578//1578
f 1577//1577 1578//1578 1579//1579
f 1579//1579 1578//1578 1580//1580
f 1579//1579 1580//1580 1581//1581
f 1581//1581 1580//1580 1582//1582
f 1581//1581 1582//1582 1583//1583
f 1583//1583 1582//1582 1584//1584
f 1583//1583 1584//1584 1585//1585
f 1585//1585 1584//1584 1586//1586
f 1585//1585 1586//1586 1587//1587
f 1587//1587 1586//1586 1588//1588
f 1587//1587 1588//1588 1589//1589
f 1589//1589 1588//1588 1590//1590
f 1589//1589 1590//1590 1591//1591
f 1591//1591 1590//1590 1592//1592
f 1591//1591 1592//1592 1593//1593
f 227//227 240//240 1120//1120
f 1120//1120 240//240 1302//1302
f 1120//1120 1302//1302 1572//1572
f 1572//1572 1302//1302 1304//1304
f 1572//1572 1304//1304 1571//1571
f 1571//1571 1304//1304 1544//1544
f 1571//1571 1544//1544 1569//1569
f 1569//1569 1544//1544 1542//1542
f 1569//1569 1542//1542 1567//1567
f 1567//1567 1542//1542 1540//1540
f 1567//1567 1540//1540 1565//1565
f 1565//1565 1540//1540 1538//1538
f 1565//1565 1538//1538 1563//1563
f 1563//1563 1538//1538 1536//1536
f 1563//1563 1536//1536 1561//1561
f 1561//1561 1536//1536 1534//1534
f 1561//1561 1534//1534 1559//1559
f 1559//1559 1534//1534 1532//1532
f 1559//1559 1532//1532 1557//1557
f 1557//1557 1532//1532 1530//1530
f 1557//1557 1530//1530 1555//1555
f 1555//1555 1530//1530 1503//1503
f 1555//1555 1503//1503 1553//1553
f 1553//1553 1503//1503 1505//1505
f 1553//1553 1505//1505 1551//1551
f 1551//1551 1505//1505 1507//1507
f 1551//1551 1507//1507 1549//1549
f 1549//1549 1507//1507 1509//1509
f 1549//1549 1509//1509 1594//1594
f 1594//1594 1509//1509 1524//1524
f 1594//1594 1524//1524 1498//1498
f 1498//1498 1524//1524 1545//1545
f 1498//1498 1545//1545 1492//1492
f 1492//1492 1545//1545 1546//1546
f 1492//1492 1546//1546 1468//1468
f 1468//1468 1546//1546 1547//1547
f 1468//1468 1547//1547 1467//1467
f 1467//1467 1547//1547 1548//1548
f 1467//1467 1548//1548 1466//1466
f 1466//1466 1548//1548 1461//1461
f 1466//1466 1461//1461 1464//1464
f 1464//1464 1461//1461 844//844
f 1464//1464 844//844 843//843
f 1093//1093 1595//1595 1596//1596
f 1596//1596 1595//1595 1597//1597
f 1596//1596 1597//1597 1598//1598
f 1598//1598 1597//1597 1599//1599
f 1598//1598 1599//1599 1600//1600
f 1600//1600 1599//1599 1601//1601
f 1600//1600 1601//1601 1602//1602
f 1602//1602 1601//1601 1297//1297
f 1602//1602 1297//1297 1603//1603
f 1603//1603 1297//1297 1299//1299
f 1595//1595 1376//1376 1597//1597
f 1597//1597 1376//1376 1377//1377
f 1597//1597 1377//1377 1599//1599
f 1599//1599 1377//1377 1378//1378
f 1599//1599 1378//1378 1601//1601
f 1601//1601 1378//1378 1379//1379
f 1601//1601 1379//1379 1297//1297
f 1297//1297 1379//1379 1380//1380
f 1297//1297 1380//1380 1298//1298
f 1298//1298 1380//1380 1382//1382
f 1298//1298 1382//1382 1353//1353
f 1353//1353 1382//1382 1384//1384
f 1353//1353 1384//1384 1355//1355
f 1355//1355 1384//1384 1385//1385
f 1355//1355 1385//1385 1356//1356
f 1356//1356 1385//1385 1387//1387
f 1356//1356 1387//1387 1357//1357
f 1357//1357 1387//1387 1389//1389
f 1357//1357 1389//1389 1359//1359
f 1359//1359 1389//1389 1391//1391
f 1359//1359 1391//1391 1361//1361
f 1361//1361 1391//1391 1393//1393
f 1361//1361 1393//1393 1363//1363
f 1363//1363 1393//1393 1395//1395
f 1363//1363 1395//1395 1365//1365
f 1365//1365 1395//1395 1397//1397
f 1365//1365 1397//1397 1348//1348
f 1348//1348 1397//1397 1399//1399
f 1348//1348 1399//1399 1349//1349
f 1349//1349 1399//1399 1400//1400
f 1349//1349 1400//1400 1347//1347
f 1347//1347 1400//1400 775//775
f 1347//1347 775//775 774//774
f 1604//1604 1605//1605 1606//1606
f 1606//1606 1605//1605 1607//1607
f 1606//1606 1607//1607 1608//1608
f 1093//1093 1095//1095 1595//1595
f 1595//1595 1095//1095 1609//1609
f 1595//1595 1609//1609 1376//1376
f 1376//1376 1609//1609 1610//1610
f 1376//1376 1610//1610 1294//1294
f 1294//1294 1610//1610 1611//1611
f 1294//1294 1611//1611 1292//1292
f 1292//1292 1611//1611 1612//1612
f 1292//1292 1612//1612 1300//1300
f 999//999 1613//1613 960//960
f 960//960 1613//1613 1614//1614
f 960//960 1614//1614 892//892
f 892//892 1614//1614 1615//1615
f 892//892 1615//1615 893//893
f 893//893 1615//1615 1101//1101
f 893//893 1101//1101 895//895
f 895//895 1101//1101 896//896
f 1616//1616 1617//1617 1618//1618
f 1618//1618 1617//1617 1619//1619
f 1618//1618 1619//1619 1620//1620
f 1620//1620 1619//1619 1621//1621
f 1620//1620 1621//1621 1622//1622
f 1622//1622 1621//1621 1623//1623
f 1622//1622 1623//1623 1624//1624
f 1624//1624 1623//1623 1625//1625
f 1624//1624 1625//1625 1626//1626
f 1626//1626 1625//1625 1627//1627
f 1626//1626 1627//1627 1628//1628
f 223//223 225//225 1323//1323
f 1323//1323 225//225 1120//1120
f 1323//1323 1120//1120 1629//1629
f 1629//1629 1120//1120 1572//1572
f 1629//1629 1572//1572 1630//1630
f 1630//1630 1572//1572 1570//1570
f 1630//1630 1570//1570 1631//1631
f 1631//1631 1570//1570 1568//1568
f 1631//1631 1568//1568 1632//1632
f 1632//1632 1568//1568 1566//1566
f 1632//1632 1566//1566 1593//1593
f 1593//1593 1566//1566 1564//1564
f 1593//1593 1564//1564 1591//1591
f 1591//1591 1564//1564 1562//1562
f 1591//1591 1562//1562 1589//1589
f 1589//1589 1562//1562 1560//1560
f 1589//1589 1560//1560 1587//1587
f 1587//1587 1560//1560 1558//1558
f 1587//1587 1558//1558 1585//1585
f 1585//1585 1558//1558 1556//1556
f 1585//1585 1556//1556 1583//1583
f 1583//1583 1556//1556 1554//1554
f 1583//1583 1554//1554 1581//1581
f 1581//1581 1554//1554 1552//1552
f 1581//1581 1552//1552 1579//1579
f 1579//1579 1552//1552 1550//1550
f 1579//1579 1550//1550 1577//1577
f 1577//1577 1550//1550 1549//1549
f 1577//1577 1549//1549 1575//1575
f 1575//1575 1549//1549 1594//1594
f 1575//1575 1594//1594 1573//1573
f 1573//1573 1594//1594 1498//1498
f 1573//1573 1498//1498 1633//1633
f 1633//1633 1498//1498 1499//1499
f 1633//1633 1499//1499 1634//1634
f 1634//1634 1499//1499 1500//1500
f 1634//1634 1500//1500 1635//1635
f 1635//1635 1500//1500 1501//1501
f 1635//1635 1501//1501 1636//1636
f 1636//1636 1501//1501 1102//1102
f 1636//1636 1102//1102 1637//1637
f 1637//1637 1102//1102 1101//1101
f 1637//1637 1101//1101 1638//1638
f 1638//1638 1101//1101 1615//1615
f 1638//1638 1615//1615 1639//1639
f 1639//1639 1615//1615 1614//1614
f 1639//1639 1614//1614 1640//1640
f 1640//1640 1614//1614 1613//1613
f 1640//1640 1613//1613 1641//1641
f 1641//1641 1613//1613 999//999
f 1641//1641 999//999 1006//1006
f 1006//1006 1005//1005 1641//1641
f 1641//1641 1005//1005 1032//1032
f 1641//1641 1032//1032 1143//1143
f 1143//1143 1032//1032 1031//1031
f 1143//1143 1031//1031 1029//1029
f 529//529 1180//1180 1179//1179
f 1179//1179 1180//1180 1184//1184
f 1179//1179 1184//1184 1178//1178
f 1178//1178 1184//1184 1185//1185
f 1178//1178 1185//1185 1177//1177
f 1177//1177 1185//1185 1170//1170
f 1177//1177 1170//1170 1176//1176
f 1176//1176 1170//1170 1169//1169
f 1176//1176 1169//1169 1175//1175
f 1175//1175 1169//1169 1166//1166
f 1175//1175 1166//1166 1174//1174
f 1174//1174 1166//1166 1165//1165
f 1174//1174 1165//1165 1173//1173
f 1173//1173 1165//1165 1157//1157
f 1173//1173 1157//1157 1145//1145
f 1145//1145 1157//1157 1155//1155
f 1145//1145 1155//1155 1144//1144
f 1144//1144 1155//1155 1153//1153
f 1144//1144 1153//1153 1143//1143
f 1143//1143 1153//1153 1151//1151
f 1143//1143 1151//1151 1641//1641
f 1617//1617 1642//1642 1619//1619
f 1619//1619 1642//1642 1643//1643
f 1619//1619 1643//1643 1621//1621
f 1621//1621 1643//1643 1644//1644
f 1621//1621 1644//1644 1623//1623
f 1623//1623 1644//1644 1645//1645
f 1623//1623 1645//1645 1625//1625
f 1625//1625 1645//1645 1646//1646
f 1625//1625 1646//1646 1627//1627
f 1642//1642 1647//1647 1643//1643
f 1643//1643 1647//1647 1648//1648
f 1643//1643 1648//1648 1644//1644
f 1644//1644 1648//1648 1649//1649
f 1644//1644 1649//1649 1645//1645
f 1645//1645 1649//1649 1650//1650
f 1645//1645 1650//1650 1646//1646
f 1647//1647 1091//1091 1648//1648
f 1648//1648 1091//1091 1090//1090
f 1648//1648 1090//1090 1649//1649
f 1649//1649 1090//1090 1604//1604
f 1649//1649 1604//1604 1650//1650
f 1650//1650 1604//1604 1606//1606
f 1650//1650 1606//1606 1646//1646
f 1646//1646 1606//1606 1608//1608
f 1646//1646 1608//1608 1627//1627
f 1627//1627 1608//1608 1651//1651
f 1627//1627 1651//1651 1628//1628
f 1318//1318 1312//1312 1652//1652
f 1652//1652 1312//1312 1314//1314
f 1652//1652 1314//1314 1653//1653
f 1653//1653 1314//1314 1308//1308
f 1653//1653 1308//1308 1654//1654
f 1654//1654 1308//1308 1310//1310
f 1654//1654 1310//1310 1092//1092
f 1092//1092 1310//1310 1311//1311
f 1092//1092 1311//1311 1090//1090
f 1090//1090 1311//1311 1655//1655
f 1090//1090 1655//1655 1604//1604
f 1604//1604 1655//1655 1656//1656
f 1604//1604 1656//1656 1605//1605
f 1605//1605 1656//1656 1657//1657
f 1605//1605 1657//1657 1607//1607
f 1607//1607 1657//1657 1658//1658
f 1607//1607 1658//1658 1608//1608
f 1608//1608 1658//1658 1097//1097
f 1608//1608 1097//1097 1651//1651
f 1651//1651 1097//1097 1098//1098
f 1651//1651 1098//1098 1628//1628
f 1659//1659 1660//1660 1661//1661
f 1661//1661 1660//1660 1662//1662
f 1661//1661 1662//1662 1663//1663
f 1663//1663 1662//1662 1664//1664
f 1663//1663 1664//1664 1665//1665
f 1665//1665 1664//1664 1666//1666
f 1665//1665 1666//1666 1667//1667
f 1667//1667 1666//1666 1668//1668
f 1667//1667 1668//1668 1669//1669
f 1669//1669 1668//1668 1670//1670
f 1669//1669 1670//1670 1671//1671
f 1671//1671 1670//1670 1672//1672
f 1671//1671 1672//1672 1321//1321
f 1321//1321 1672//1672 1673//1673
f 1321//1321 1673//1673 1322//1322
f 1318//1318 1652//1652 1316//1316
f 1316//1316 1652//1652 1653//1653
f 1316//1316 1653//1653 1321//1321
f 1321//1321 1653//1653 1654//1654
f 1321//1321 1654//1654 1671//1671
f 1671//1671 1654//1654 1092//1092
f 1671//1671 1092//1092 1669//1669
f 1669//1669 1092//1092 1091//1091
f 1669//1669 1091//1091 1667//1667
f 1667//1667 1091//1091 1647//1647
f 1667//1667 1647//1647 1665//1665
f 1665//1665 1647//1647 1642//1642
f 1665//1665 1642//1642 1663//1663
f 1663//1663 1642//1642 1617//1617
f 1663//1663 1617//1617 1661//1661
f 1661//1661 1617//1617 1616//1616
f 1661//1661 1616//1616 1659//1659
f 1096//1096 1097//1097 1095//1095
f 1095//1095 1097//1097 1658//1658
f 1095//1095 1658//1658 1609//1609
f 1609//1609 1658//1658 1657//1657
f 1609//1609 1657//1657 1610//1610
f 1610//1610 1657//1657 1656//1656
f 1610//1610 1656//1656 1611//1611
f 1611//1611 1656//1656 1655//1655
f 1611//1611 1655//1655 1612//1612
f 1612//1612 1655//1655 1311//1311
f 1612//1612 1311//1311 1300//1300
f 1300//1300 1311//1311 1309//1309
f 1300//1300 1309//1309 1301//1301
f 1301//1301 1309//1309 1308//1308
f 1301//1301 1308//1308 1305//1305
f 1305//1305 1308//1308 1315//1315
f 1305//1305 1315//1315 1306//1306
f 1306//1306 1315//1315 1313//1313
f 1306//1306 1313//1313 1457//1457
f 1457//1457 1313//1313 1312//1312
f 1457//1457 1312//1312 1455//1455
f 1455//1455 1312//1312 1318//1318
f 1455//1455 1318//1318 1454//1454
f 1454//1454 1318//1318 1317//1317
f 1454//1454 1317//1317 1453//1453
f 1453//1453 1317//1317 1320//1320
f 1453//1453 1320//1320 1452//1452
f 102//102 101//101 1276//1276
f 1276//1276 101//101 100//100
f 1276//1276 100//100 1277//1277
f 1277//1277 100//100 99//99
f 1277//1277 99//99 1089//1089
f 1089//1089 99//99 97//97
f 1089//1089 97//97 59//59
f 1142//1142 1152//1152 1141//1141
f 1141//1141 1152//1152 1218//1218
f 1141//1141 1218//1218 1272//1272
f 1272//1272 1218//1218 1220//1220
f 1272//1272 1220//1220 1273//1273
f 1273//1273 1220//1220 1222//1222
f 1273//1273 1222//1222 1274//1274
f 1274//1274 1222//1222 1224//1224
f 1274//1274 1224//1224 1275//1275
f 1275//1275 1224//1224 1226//1226
f 1275//1275 1226//1226 1131//1131
f 1131//1131 1226//1226 1228//1228
f 1131//1131 1228//1228 1132//1132
f 1132//1132 1228//1228 1230//1230
f 1132//1132 1230//1230 1266//1266
f 1266//1266 1230//1230 126//126
f 1266//1266 126//126 125//125
f 620//620 616//616 1674//1674
f 1674//1674 616//616 1451//1451
f 1674//1674 1451//1451 1675//1675
f 1675//1675 1451//1451 1108//1108
f 1675//1675 1108//1108 1676//1676
f 1676//1676 1108//1108 1107//1107
f 1676//1676 1107//1107 1677//1677
f 1677//1677 1107//1107 1111//1111
f 1677//1677 1111//1111 1446//1446
f 1446//1446 1111//1111 1110//1110
f 1446//1446 1110//1110 1447//1447
f 1447//1447 1110//1110 1112//1112
f 1447//1447 1112//1112 1456//1456
f 1456//1456 1112//1112 1114//1114
f 1456//1456 1114//1114 1457//1457
f 1457//1457 1114//1114 1331//1331
f 1457//1457 1331//1331 1306//1306
f 1306//1306 1331//1331 1122//1122
f 1306//1306 1122//1122 1307//1307
f 1307//1307 1122//1122 1121//1121
f 1307//1307 1121//1121 1381//1381
f 1381//1381 1121//1121 1429//1429
f 1381//1381 1429//1429 1383//1383
f 1383//1383 1429//1429 1405//1405
f 1383//1383 1405//1405 1334//1334
f 1334//1334 1405//1405 1407//1407
f 1334//1334 1407//1407 1335//1335
f 1335//1335 1407//1407 1409//1409
f 1335//1335 1409//1409 1420//1420
f 1420//1420 1409//1409 1411//1411
f 1420//1420 1411//1411 1422//1422
f 1422//1422 1411//1411 1413//1413
f 1422//1422 1413//1413 1424//1424
f 1424//1424 1413//1413 1415//1415
f 1424//1424 1415//1415 1426//1426
f 1426//1426 1415//1415 1417//1417
f 1426//1426 1417//1417 1418//1418
f 1418//1418 1417//1417 804//804
f 1418//1418 804//804 803//803
f 616//616 615//615 1451//1451
f 1451//1451 615//615 833//833
f 1451//1451 833//833 1450//1450
f 1450//1450 833//833 442//442
f 1450//1450 442//442 441//441
f 1089//1089 649//649 1277//1277
f 1277//1277 649//649 474//474
f 1277//1277 474//474 1278//1278
f 1278//1278 474//474 473//473
f 1278//1278 473//473 1279//1279
f 1279//1279 473//473 620//620
f 1279//1279 620//620 1258//1258
f 1258//1258 620//620 1674//1674
f 1258//1258 1674//1674 1257//1257
f 1257//1257 1674//1674 1675//1675
f 1257//1257 1675//1675 1250//1250
f 1250//1250 1675//1675 1676//1676
f 1250//1250 1676//1676 1251//1251
f 1251//1251 1676//1676 1677//1677
f 1251//1251 1677//1677 1253//1253
f 1253//1253 1677//1677 1446//1446
f 1253//1253 1446//1446 1245//1245
f 1245//1245 1446//1446 1444//1444
f 1245//1245 1444//1444 1241//1241
f 1241//1241 1444//1444 1443//1443
f 1241//1241 1443//1443 1242//1242
f 1242//1242 1443//1443 1452//1452
f 1242//1242 1452//1452 1240//1240
f 1240//1240 1452//1452 1320//1320
f 1240//1240 1320//1320 1238//1238
f 1238//1238 1320//1320 1319//1319
f 1238//1238 1319//1319 1236//1236
f 1236//1236 1319//1319 1322//1322
f 1236//1236 1322//1322 1135//1135
f 1135//1135 1322//1322 1673//1673
f 1135//1135 1673//1673 1233//1233
f 1233//1233 1673//1673 1672//1672
f 1233//1233 1672//1672 1200//1200
f 1200//1200 1672//1672 1670//1670
f 1200//1200 1670//1670 1196//1196
f 1196//1196 1670//1670 1668//1668
f 1196//1196 1668//1668 1139//1139
f 1139//1139 1668//1668 1666//1666
f 1139//1139 1666//1666 1140//1140
f 1140//1140 1666//1666 1664//1664
f 1140//1140 1664//1664 1142//1142
f 1142//1142 1664//1664 1662//1662
f 1142//1142 1662//1662 1151//1151
f 1151//1151 1662//1662 1660//1660
f 1151//1151 1660//1660 1641//1641
f 1641//1641 1660//1660 1659//1659
f 1641//1641 1659//1659 1640//1640
f 1640//1640 1659//1659 1616//1616
f 1640//1640 1616//1616 1639//1639
f 1639//1639 1616//1616 1618//1618
f 1639//1639 1618//1618 1638//1638
f 1638//1638 1618//1618 1620//1620
f 1638//1638 1620//1620 1637//1637
f 1637//1637 1620//1620 1622//1622
f 1637//1637 1622//1622 1636//1636
f 1636//1636 1622//1622 1624//1624
f 1636//1636 1624//1624 1635//1635
f 1635//1635 1624//1624 1626//1626
f 1635//1635 1626//1626 1634//1634
f 1634//1634 1626//1626 1628//1628
f 1634//1634 1628//1628 1633//1633
f 1633//1633 1628//1628 1098//1098
f 1633//1633 1098//1098 1573//1573
f 1573//1573 1098//1098 1096//1096
f 1573//1573 1096//1096 1574//1574
f 1574//1574 1096//1096 1094//1094
f 1574//1574 1094//1094 1576//1576
f 1576//1576 1094//1094 1093//1093
f 1576//1576 1093//1093 1578//1578
f 1578//1578 1093//1093 1596//1596
f 1578//1578 1596//1596 1580//1580
f 1580//1580 1596//1596 1598//1598
f 1580//1580 1598//1598 1582//1582
f 1582//1582 1598//1598 1600//1600
f 1582//1582 1600//1600 1584//1584
f 1584//1584 1600//1600 1602//1602
f 1584//1584 1602//1602 1586//1586
f 1586//1586 1602//1602 1603//1603
f 1586//1586 1603//1603 1588//1588
f 1588//1588 1603//1603 1299//1299
f 1588//1588 1299//1299 1590//1590
f 1590//1590 1299//1299 1352//1352
f 1590//1590 1352//1352 1592//1592
f 1592//1592 1352//1352 1354//1354
f 1592//1592 1354//1354 1593//1593
f 1593//1593 1354//1354 1126//1126
f 1593//1593 1126//1126 1632//1632
f 1632//1632 1126//1126 1125//1125
f 1632//1632 1125//1125 1631//1631
f 1631//1631 1125//1125 1369//1369
f 1631//1631 1369//1369 1630//1630
f 1630//1630 1369//1369 1370//1370
f 1630//1630 1370//1370 1629//1629
f 1629//1629 1370//1370 1371//1371
f 1629//1629 1371//1371 1323//1323
f 1323//1323 1371//1371 1324//1324
f 1323//1323 1324//1324 222//222
f 222//222 1324//1324 221//221
f 1678//1678 1679//1679 1680//1680
f 1681//1681 1682//1682 1683//1683
f 1684//1684 1685//1685 1686//1686
f 1687//1687 1688//1688 1689//1689
f 1690//1690 1691//1691 1692//1692
f 1693//1693 1694//1694 1695//1695
f 1696//1696 1697//1697 1698//1698
f 1698//1698 1697//1697 1699//1699
f 1700//1700 1701//1701 1702//1702
f 1703//1703 1704//1704 1705//1705
f 1706//1706 1707//1707 1708//1708
f 1709//1709 1710//1710 1711//1711
f 1712//1712 1713//1713 1714//1714
f 1715//1715 1716//1716 1717//1717
f 1718//1718 1719//1719 1720//1720
f 1721//1721 1722//1722 1723//1723
f 1724//1724 1725//1725 1726//1726
f 1727//1727 1728//1728 1729//1729
f 1730//1730 1731//1731 1732//1732
f 1733//1733 1734//1734 1735//1735
f 1736//1736 1737//1737 1738//1738
f 1739//1739 1740//1740 1741//1741
f 1741//1741 1740//1740 1742//1742
f 1741//1741 1742//1742 1743//1743
f 1744//1744 1745//1745 1715//1715
f 1715//1715 1745//1745 1746//1746
f 1715//1715 1746//1746 1716//1716
f 1716//1716 1746//1746 1747//1747
f 1716//1716 1747//1747 1748//1748
f 1749//1749 1750//1750 1751//1751
f 1751//1751 1750//1750 1752//1752
f 1751//1751 1752//1752 1753//1753
f 1753//1753 1752//1752 1754//1754
f 1753//1753 1754//1754 1755//1755
f 1754//1754 1756//1756 1755//1755
f 1755//1755 1756//1756 1757//1757
f 1755//1755 1757//1757 1758//1758
f 1757//1757 1759//1759 1758//1758
f 1758//1758 1759//1759 1760//1760
f 1758//1758 1760//1760 1761//1761
f 1760//1760 1762//1762 1761//1761
f 1761//1761 1762//1762 1763//1763
f 1761//1761 1763//1763 1764//1764
f 1763//1763 1765//1765 1764//1764
f 1764//1764 1765//1765 1766//1766
f 1764//1764 1766//1766 1767//1767
f 1766//1766 1768//1768 1767//1767
f 1767//1767 1768//1768 1769//1769
f 1767//1767 1769//1769 1770//1770
f 1770//1770 1769//1769 1771//1771
f 1770//1770 1771//1771 1772//1772
f 1772//1772 1773//1773 1774//1774
f 1774//1774 1773//1773 1736//1736
f 1772//1772 1774//1774 1770//1770
f 1770//1770 1774//1774 1775//1775
f 1770//1770 1775//1775 1767//1767
f 1767//1767 1775//1775 1776//1776
f 1767//1767 1776//1776 1764//1764
f 1764//1764 1776//1776 1777//1777
f 1764//1764 1777//1777 1761//1761
f 1761//1761 1777//1777 1778//1778
f 1761//1761 1778//1778 1758//1758
f 1758//1758 1778//1778 1779//1779
f 1758//1758 1779//1779 1755//1755
f 1755//1755 1779//1779 1780//1780
f 1755//1755 1780//1780 1753//1753
f 1781//1781 1782//1782 1783//1783
f 1783//1783 1782//1782 1784//1784
f 1783//1783 1784//1784 1785//1785
f 1737//1737 1781//1781 1738//1738
f 1738//1738 1781//1781 1783//1783
f 1738//1738 1783//1783 1786//1786
f 1785//1785 1730//1730 1783//1783
f 1783//1783 1730//1730 1732//1732
f 1783//1783 1732//1732 1786//1786
f 1786//1786 1732//1732 1787//1787
f 1786//1786 1787//1787 1788//1788
f 1788//1788 1787//1787 1789//1789
f 1788//1788 1789//1789 1790//1790
f 1790//1790 1789//1789 1791//1791
f 1790//1790 1791//1791 1792//1792
f 1792//1792 1791//1791 1793//1793
f 1792//1792 1793//1793 1794//1794
f 1794//1794 1793//1793 1795//1795
f 1794//1794 1795//1795 1796//1796
f 1731//1731 1733//1733 1732//1732
f 1732//1732 1733//1733 1735//1735
f 1732//1732 1735//1735 1787//1787
f 1787//1787 1735//1735 1797//1797
f 1787//1787 1797//1797 1789//1789
f 1789//1789 1797//1797 1798//1798
f 1789//1789 1798//1798 1791//1791
f 1791//1791 1798//1798 1799//1799
f 1791//1791 1799//1799 1793//1793
f 1793//1793 1799//1799 1800//1800
f 1793//1793 1800//1800 1795//1795
f 1725//1725 1727//1727 1726//1726
f 1726//1726 1727//1727 1729//1729
f 1726//1726 1729//1729 1801//1801
f 1801//1801 1729//1729 1802//1802
f 1801//1801 1802//1802 1803//1803
f 1803//1803 1802//1802 1804//1804
f 1803//1803 1804//1804 1805//1805
f 1806//1806 1807//1807 1808//1808
f 1728//1728 1809//1809 1729//1729
f 1729//1729 1809//1809 1806//1806
f 1729//1729 1806//1806 1802//1802
f 1802//1802 1806//1806 1808//1808
f 1802//1802 1808//1808 1804//1804
f 1734//1734 1724//1724 1735//1735
f 1735//1735 1724//1724 1726//1726
f 1735//1735 1726//1726 1797//1797
f 1797//1797 1726//1726 1801//1801
f 1797//1797 1801//1801 1798//1798
f 1798//1798 1801//1801 1803//1803
f 1798//1798 1803//1803 1799//1799
f 1799//1799 1803//1803 1805//1805
f 1799//1799 1805//1805 1800//1800
f 1810//1810 1811//1811 1812//1812
f 1812//1812 1811//1811 1813//1813
f 1812//1812 1813//1813 1814//1814
f 1814//1814 1813//1813 1815//1815
f 1814//1814 1815//1815 1816//1816
f 1816//1816 1815//1815 1817//1817
f 1816//1816 1817//1817 1818//1818
f 1818//1818 1817//1817 1819//1819
f 1818//1818 1819//1819 1820//1820
f 1820//1820 1819//1819 1821//1821
f 1820//1820 1821//1821 1822//1822
f 1822//1822 1821//1821 1823//1823
f 1822//1822 1823//1823 1824//1824
f 1824//1824 1823//1823 1825//1825
f 1824//1824 1825//1825 1826//1826
f 1826//1826 1825//1825 1827//1827
f 1826//1826 1827//1827 1828//1828
f 1829//1829 1830//1830 1831//1831
f 1831//1831 1830//1830 1832//1832
f 1831//1831 1832//1832 1833//1833
f 1833//1833 1832//1832 1834//1834
f 1833//1833 1834//1834 1835//1835
f 1835//1835 1834//1834 1836//1836
f 1835//1835 1836//1836 1837//1837
f 1837//1837 1836//1836 1838//1838
f 1837//1837 1838//1838 1839//1839
f 1839//1839 1838//1838 1840//1840
f 1839//1839 1840//1840 1841//1841
f 1841//1841 1840//1840 1842//1842
f 1841//1841 1842//1842 1843//1843
f 1843//1843 1842//1842 1844//1844
f 1843//1843 1844//1844 1845//1845
f 1845//1845 1844//1844 1846//1846
f 1845//1845 1846//1846 1847//1847
f 1847//1847 1846//1846 1848//1848
f 1830//1830 1810//1810 1832//1832
f 1832//1832 1810//1810 1812//1812
f 1832//1832 1812//1812 1834//1834
f 1834//1834 1812//1812 1814//1814
f 1834//1834 1814//1814 1836//1836
f 1836//1836 1814//1814 1816//1816
f 1836//1836 1816//1816 1838//1838
f 1838//1838 1816//1816 1818//1818
f 1838//1838 1818//1818 1840//1840
f 1840//1840 1818//1818 1820//1820
f 1840//1840 1820//1820 1842//1842
f 1842//1842 1820//1820 1822//1822
f 1842//1842 1822//1822 1844//1844
f 1844//1844 1822//1822 1824//1824
f 1844//1844 1824//1824 1846//1846
f 1846//1846 1824//1824 1826//1826
f 1846//1846 1826//1826 1848//1848
f 1848//1848 1826//1826 1828//1828
f 1849//1849 1850//1850 1851//1851
f 1852//1852 1853//1853 1854//1854
f 1855//1855 1856//1856 1857//1857
f 1828//1828 1858//1858 1848//1848
f 1848//1848 1858//1858 1859//1859
f 1848//1848 1859//1859 1847//1847
f 1847//1847 1859//1859 1860//1860
f 1847//1847 1860//1860 1861//1861
f 1862//1862 1829//1829 1863//1863
f 1863//1863 1829//1829 1831//1831
f 1863//1863 1831//1831 1864//1864
f 1864//1864 1831//1831 1833//1833
f 1864//1864 1833//1833 1865//1865
f 1865//1865 1833//1833 1835//1835
f 1865//1865 1835//1835 1866//1866
f 1866//1866 1835//1835 1837//1837
f 1866//1866 1837//1837 1867//1867
f 1867//1867 1837//1837 1839//1839
f 1867//1867 1839//1839 1868//1868
f 1868//1868 1839//1839 1841//1841
f 1868//1868 1841//1841 1869//1869
f 1869//1869 1841//1841 1843//1843
f 1869//1869 1843//1843 1870//1870
f 1870//1870 1843//1843 1845//1845
f 1870//1870 1845//1845 1871//1871
f 1871//1871 1845//1845 1847//1847
f 1871//1871 1847//1847 1852//1852
f 1852//1852 1847//1847 1861//1861
f 1852//1852 1861//1861 1853//1853
f 1809//1809 1872//1872 1806//1806
f 1806//1806 1872//1872 1873//1873
f 1806//1806 1873//1873 1807//1807
f 1807//1807 1873//1873 1874//1874
f 1807//1807 1874//1874 1875//1875
f 1811//1811 1796//1796 1813//1813
f 1813//1813 1796//1796 1795//1795
f 1813//1813 1795//1795 1815//1815
f 1815//1815 1795//1795 1800//1800
f 1815//1815 1800//1800 1817//1817
f 1817//1817 1800//1800 1805//1805
f 1817//1817 1805//1805 1819//1819
f 1819//1819 1805//1805 1804//1804
f 1819//1819 1804//1804 1821//1821
f 1821//1821 1804//1804 1808//1808
f 1821//1821 1808//1808 1823//1823
f 1823//1823 1808//1808 1807//1807
f 1823//1823 1807//1807 1825//1825
f 1825//1825 1807//1807 1875//1875
f 1825//1825 1875//1875 1827//1827
f 1721//1721 1723//1723 1876//1876
f 1877//1877 1878//1878 1879//1879
f 1880//1880 1881//1881 1882//1882
f 1883//1883 1884//1884 1885//1885
f 1886//1886 1887//1887 1888//1888
f 1888//1888 1887//1887 1889//1889
f 1888//1888 1889//1889 1890//1890
f 1890//1890 1889//1889 1891//1891
f 1890//1890 1891//1891 1892//1892
f 1892//1892 1891//1891 1699//1699
f 1892//1892 1699//1699 1893//1893
f 1893//1893 1699//1699 1697//1697
f 1893//1893 1697//1697 1894//1894
f 1894//1894 1697//1697 1696//1696
f 1894//1894 1696//1696 1895//1895
f 1896//1896 1897//1897 1898//1898
f 1899//1899 1900//1900 1901//1901
f 1902//1902 1903//1903 1904//1904
f 1901//1901 1905//1905 1899//1899
f 1899//1899 1905//1905 1906//1906
f 1899//1899 1906//1906 1903//1903
f 1903//1903 1906//1906 1907//1907
f 1903//1903 1907//1907 1904//1904
f 1898//1898 1908//1908 1909//1909
f 1909//1909 1908//1908 1910//1910
f 1909//1909 1910//1910 1911//1911
f 1911//1911 1910//1910 1912//1912
f 1911//1911 1912//1912 1913//1913
f 1913//1913 1912//1912 1914//1914
f 1913//1913 1914//1914 1900//1900
f 1900//1900 1914//1914 1915//1915
f 1900//1900 1915//1915 1901//1901
f 1916//1916 1917//1917 1902//1902
f 1902//1902 1917//1917 1918//1918
f 1902//1902 1918//1918 1903//1903
f 1903//1903 1918//1918 1919//1919
f 1903//1903 1919//1919 1899//1899
f 1899//1899 1919//1919 1920//1920
f 1899//1899 1920//1920 1900//1900
f 1900//1900 1920//1920 1921//1921
f 1900//1900 1921//1921 1913//1913
f 1913//1913 1921//1921 1922//1922
f 1913//1913 1922//1922 1911//1911
f 1911//1911 1922//1922 1923//1923
f 1911//1911 1923//1923 1909//1909
f 1909//1909 1923//1923 1924//1924
f 1925//1925 1926//1926 1927//1927
f 1928//1928 1717//1717 1929//1929
f 1929//1929 1717//1717 1716//1716
f 1929//1929 1716//1716 1742//1742
f 1742//1742 1716//1716 1748//1748
f 1742//1742 1748//1748 1743//1743
f 1926//1926 1925//1925 1930//1930
f 1930//1930 1925//1925 1931//1931
f 1930//1930 1931//1931 1932//1932
f 1932//1932 1931//1931 1933//1933
f 1932//1932 1933//1933 1934//1934
f 1935//1935 1936//1936 1925//1925
f 1925//1925 1936//1936 1937//1937
f 1925//1925 1937//1937 1931//1931
f 1931//1931 1937//1937 1938//1938
f 1931//1931 1938//1938 1933//1933
f 1713//1713 1744//1744 1714//1714
f 1714//1714 1744//1744 1715//1715
f 1714//1714 1715//1715 1939//1939
f 1939//1939 1715//1715 1717//1717
f 1939//1939 1717//1717 1940//1940
f 1940//1940 1717//1717 1928//1928
f 1940//1940 1928//1928 1941//1941
f 1942//1942 1916//1916 1943//1943
f 1943//1943 1916//1916 1902//1902
f 1943//1943 1902//1902 1944//1944
f 1944//1944 1902//1902 1904//1904
f 1740//1740 1945//1945 1742//1742
f 1742//1742 1945//1945 1946//1946
f 1742//1742 1946//1946 1929//1929
f 1929//1929 1946//1946 1947//1947
f 1929//1929 1947//1947 1928//1928
f 1928//1928 1947//1947 1948//1948
f 1928//1928 1948//1948 1941//1941
f 1941//1941 1948//1948 1949//1949
f 1941//1941 1949//1949 1950//1950
f 1951//1951 1952//1952 1953//1953
f 1954//1954 1710//1710 1955//1955
f 1955//1955 1710//1710 1709//1709
f 1955//1955 1709//1709 1956//1956
f 1953//1953 1952//1952 1957//1957
f 1957//1957 1952//1952 1958//1958
f 1957//1957 1958//1958 1959//1959
f 1959//1959 1958//1958 1960//1960
f 1959//1959 1960//1960 1961//1961
f 1962//1962 1954//1954 1963//1963
f 1963//1963 1954//1954 1955//1955
f 1963//1963 1955//1955 1964//1964
f 1964//1964 1955//1955 1956//1956
f 1964//1964 1956//1956 1965//1965
f 1966//1966 1967//1967 1960//1960
f 1960//1960 1967//1967 1968//1968
f 1960//1960 1968//1968 1961//1961
f 1969//1969 1962//1962 1970//1970
f 1970//1970 1962//1962 1963//1963
f 1970//1970 1963//1963 1971//1971
f 1971//1971 1963//1963 1964//1964
f 1971//1971 1964//1964 1972//1972
f 1972//1972 1964//1964 1965//1965
f 1972//1972 1965//1965 1973//1973
f 1974//1974 1975//1975 1976//1976
f 1977//1977 1978//1978 1979//1979
f 1708//1708 1707//1707 1980//1980
f 1707//1707 1981//1981 1980//1980
f 1980//1980 1981//1981 1982//1982
f 1980//1980 1982//1982 1966//1966
f 1966//1966 1982//1982 1983//1983
f 1966//1966 1983//1983 1967//1967
f 1984//1984 1969//1969 1985//1985
f 1985//1985 1969//1969 1970//1970
f 1985//1985 1970//1970 1986//1986
f 1986//1986 1970//1970 1971//1971
f 1986//1986 1971//1971 1987//1987
f 1987//1987 1971//1971 1972//1972
f 1987//1987 1972//1972 1988//1988
f 1988//1988 1972//1972 1973//1973
f 1988//1988 1973//1973 1989//1989
f 1706//1706 1708//1708 1990//1990
f 1990//1990 1708//1708 1991//1991
f 1990//1990 1991//1991 1992//1992
f 1992//1992 1991//1991 1993//1993
f 1992//1992 1993//1993 1994//1994
f 1995//1995 1996//1996 1997//1997
f 1997//1997 1996//1996 1998//1998
f 1997//1997 1998//1998 1999//1999
f 1999//1999 1998//1998 2000//2000
f 1999//1999 2000//2000 2001//2001
f 2001//2001 2000//2000 2002//2002
f 2001//2001 2002//2002 2003//2003
f 2003//2003 2002//2002 2004//2004
f 2003//2003 2004//2004 2005//2005
f 2005//2005 2004//2004 2006//2006
f 2005//2005 2006//2006 2007//2007
f 2007//2007 2006//2006 2008//2008
f 2007//2007 2008//2008 2009//2009
f 2010//2010 1995//1995 2011//2011
f 2011//2011 1995//1995 1997//1997
f 2011//2011 1997//1997 2012//2012
f 2012//2012 1997//1997 1999//1999
f 2012//2012 1999//1999 2013//2013
f 2013//2013 1999//1999 2001//2001
f 2013//2013 2001//2001 2014//2014
f 2014//2014 2001//2001 2003//2003
f 2014//2014 2003//2003 2015//2015
f 2015//2015 2003//2003 2005//2005
f 2015//2015 2005//2005 2016//2016
f 2016//2016 2005//2005 2007//2007
f 2016//2016 2007//2007 2017//2017
f 2017//2017 2007//2007 2009//2009
f 2017//2017 2009//2009 2018//2018
f 2019//2019 2020//2020 2021//2021
f 1978//1978 1977//1977 2022//2022
f 2022//2022 1977//1977 2023//2023
f 2022//2022 2023//2023 2024//2024
f 2024//2024 2023//2023 2025//2025
f 2024//2024 2025//2025 2026//2026
f 2026//2026 2025//2025 2027//2027
f 2026//2026 2027//2027 2028//2028
f 2028//2028 2027//2027 2029//2029
f 2028//2028 2029//2029 2030//2030
f 1705//1705 1704//1704 2031//2031
f 2031//2031 1704//1704 2032//2032
f 2031//2031 2032//2032 2033//2033
f 1703//1703 2034//2034 1704//1704
f 1704//1704 2034//2034 2035//2035
f 1704//1704 2035//2035 2032//2032
f 1723//1723 2036//2036 1876//1876
f 1876//1876 2036//2036 2037//2037
f 1876//1876 2037//2037 2038//2038
f 2038//2038 2037//2037 2039//2039
f 2038//2038 2039//2039 2040//2040
f 2040//2040 2039//2039 2041//2041
f 1877//1877 1879//1879 2042//2042
f 2042//2042 1879//1879 2043//2043
f 2042//2042 2043//2043 2044//2044
f 2044//2044 2043//2043 2045//2045
f 2044//2044 2045//2045 2034//2034
f 2034//2034 2045//2045 2046//2046
f 2034//2034 2046//2046 2035//2035
f 2035//2035 2046//2046 2047//2047
f 2035//2035 2047//2047 2032//2032
f 2032//2032 2047//2047 2048//2048
f 2032//2032 2048//2048 2033//2033
f 1705//1705 2041//2041 1703//1703
f 1703//1703 2041//2041 2039//2039
f 1703//1703 2039//2039 2034//2034
f 2034//2034 2039//2039 2037//2037
f 2034//2034 2037//2037 2044//2044
f 2044//2044 2037//2037 2036//2036
f 2044//2044 2036//2036 2042//2042
f 2042//2042 2036//2036 1723//1723
f 2042//2042 1723//1723 1877//1877
f 2049//2049 2050//2050 1881//1881
f 2051//2051 2052//2052 2053//2053
f 2053//2053 2052//2052 2054//2054
f 2053//2053 2054//2054 2050//2050
f 2050//2050 2049//2049 2053//2053
f 2053//2053 2049//2049 2055//2055
f 2053//2053 2055//2055 2051//2051
f 2020//2020 2019//2019 2056//2056
f 2056//2056 2019//2019 2057//2057
f 2056//2056 2057//2057 2058//2058
f 2058//2058 2057//2057 2059//2059
f 2058//2058 2059//2059 2060//2060
f 2060//2060 2059//2059 2061//2061
f 2060//2060 2061//2061 2062//2062
f 1994//1994 1993//1993 2063//2063
f 2063//2063 1993//1993 2064//2064
f 2063//2063 2064//2064 2065//2065
f 2065//2065 2064//2064 2066//2066
f 2066//2066 2064//2064 2067//2067
f 2066//2066 2067//2067 2068//2068
f 1702//1702 1701//1701 2069//2069
f 2069//2069 1701//1701 2070//2070
f 2069//2069 2070//2070 2071//2071
f 1996//1996 1984//1984 1998//1998
f 1998//1998 1984//1984 1985//1985
f 1998//1998 1985//1985 2000//2000
f 2000//2000 1985//1985 1986//1986
f 2000//2000 1986//1986 2002//2002
f 2002//2002 1986//1986 1987//1987
f 2002//2002 1987//1987 2004//2004
f 2004//2004 1987//1987 1988//1988
f 2004//2004 1988//1988 2006//2006
f 2006//2006 1988//1988 1989//1989
f 2006//2006 1989//1989 2008//2008
f 2008//2008 1989//1989 2072//2072
f 2008//2008 2072//2072 2009//2009
f 2009//2009 2072//2072 2073//2073
f 2009//2009 2073//2073 2018//2018
f 2018//2018 2073//2073 2074//2074
f 2018//2018 2074//2074 2075//2075
f 2075//2075 2074//2074 2076//2076
f 2075//2075 2076//2076 2077//2077
f 2077//2077 2076//2076 2078//2078
f 2070//2070 2079//2079 2071//2071
f 2071//2071 2079//2079 2080//2080
f 2071//2071 2080//2080 2081//2081
f 2081//2081 2080//2080 2082//2082
f 2081//2081 2082//2082 2083//2083
f 2083//2083 2082//2082 2084//2084
f 2083//2083 2084//2084 2085//2085
f 2085//2085 2084//2084 2086//2086
f 2085//2085 2086//2086 2087//2087
f 2087//2087 2086//2086 2088//2088
f 2087//2087 2088//2088 2089//2089
f 2089//2089 2088//2088 2090//2090
f 2089//2089 2090//2090 2091//2091
f 2091//2091 2090//2090 2092//2092
f 2091//2091 2092//2092 2093//2093
f 2093//2093 2092//2092 2094//2094
f 2095//2095 2096//2096 2097//2097
f 2093//2093 2010//2010 2091//2091
f 2091//2091 2010//2010 2011//2011
f 2091//2091 2011//2011 2089//2089
f 2089//2089 2011//2011 2012//2012
f 2089//2089 2012//2012 2087//2087
f 2087//2087 2012//2012 2013//2013
f 2087//2087 2013//2013 2085//2085
f 2085//2085 2013//2013 2014//2014
f 2085//2085 2014//2014 2083//2083
f 2083//2083 2014//2014 2015//2015
f 2083//2083 2015//2015 2081//2081
f 2081//2081 2015//2015 2016//2016
f 2081//2081 2016//2016 2071//2071
f 2071//2071 2016//2016 2017//2017
f 2071//2071 2017//2017 2069//2069
f 2069//2069 2017//2017 2018//2018
f 2069//2069 2018//2018 1702//1702
f 1702//1702 2018//2018 2075//2075
f 1702//1702 2075//2075 1700//1700
f 1700//1700 2075//2075 2077//2077
f 2098//2098 2099//2099 2100//2100
f 2100//2100 2099//2099 2101//2101
f 2100//2100 2101//2101 2102//2102
f 2102//2102 2101//2101 2103//2103
f 2102//2102 2103//2103 2104//2104
f 2104//2104 2103//2103 2105//2105
f 2104//2104 2105//2105 2106//2106
f 2106//2106 2105//2105 2107//2107
f 2106//2106 2107//2107 2108//2108
f 2108//2108 2107//2107 2109//2109
f 2108//2108 2109//2109 2110//2110
f 2111//2111 2078//2078 2112//2112
f 2112//2112 2078//2078 2076//2076
f 2112//2112 2076//2076 2113//2113
f 2113//2113 2076//2076 2074//2074
f 2113//2113 2074//2074 2114//2114
f 2114//2114 2074//2074 2073//2073
f 2114//2114 2073//2073 2115//2115
f 2115//2115 2073//2073 2072//2072
f 2115//2115 2072//2072 2116//2116
f 2116//2116 2072//2072 1989//1989
f 2116//2116 1989//1989 2117//2117
f 2117//2117 1989//1989 1973//1973
f 2117//2117 1973//1973 2118//2118
f 2118//2118 1973//1973 1965//1965
f 2118//2118 1965//1965 2119//2119
f 2119//2119 1965//1965 1956//1956
f 2119//2119 1956//1956 2120//2120
f 2120//2120 1956//1956 1709//1709
f 2120//2120 1709//1709 2121//2121
f 2121//2121 1709//1709 1711//1711
f 2121//2121 1711//1711 2122//2122
f 2099//2099 2123//2123 2101//2101
f 2101//2101 2123//2123 2124//2124
f 2101//2101 2124//2124 2103//2103
f 2103//2103 2124//2124 2125//2125
f 2103//2103 2125//2125 2105//2105
f 2105//2105 2125//2125 2126//2126
f 2105//2105 2126//2126 2107//2107
f 2107//2107 2126//2126 2127//2127
f 2107//2107 2127//2127 2109//2109
f 2109//2109 2127//2127 2128//2128
f 2109//2109 2128//2128 2110//2110
f 2110//2110 2128//2128 2129//2129
f 2110//2110 2129//2129 2130//2130
f 2130//2130 2129//2129 2131//2131
f 2130//2130 2131//2131 2132//2132
f 2132//2132 2131//2131 2133//2133
f 2132//2132 2133//2133 2134//2134
f 1975//1975 1974//1974 2135//2135
f 2135//2135 1974//1974 2136//2136
f 2135//2135 2136//2136 2137//2137
f 2137//2137 2136//2136 2021//2021
f 2137//2137 2021//2021 2138//2138
f 2138//2138 2021//2021 2020//2020
f 2138//2138 2020//2020 2139//2139
f 2139//2139 2020//2020 2056//2056
f 2139//2139 2056//2056 2140//2140
f 2140//2140 2056//2056 2058//2058
f 2140//2140 2058//2058 2141//2141
f 2141//2141 2058//2058 2060//2060
f 2141//2141 2060//2060 2142//2142
f 2142//2142 2060//2060 2062//2062
f 2142//2142 2062//2062 2143//2143
f 2097//2097 2144//2144 2095//2095
f 2095//2095 2144//2144 2145//2145
f 2095//2095 2145//2145 2146//2146
f 2146//2146 2145//2145 2147//2147
f 2146//2146 2147//2147 2148//2148
f 2148//2148 2147//2147 2149//2149
f 2148//2148 2149//2149 2150//2150
f 2150//2150 2149//2149 2151//2151
f 2150//2150 2151//2151 2152//2152
f 2152//2152 2151//2151 2153//2153
f 2152//2152 2153//2153 2154//2154
f 2154//2154 2153//2153 2155//2155
f 2154//2154 2155//2155 2156//2156
f 2156//2156 2155//2155 2157//2157
f 2156//2156 2157//2157 2158//2158
f 2158//2158 2157//2157 2159//2159
f 2158//2158 2159//2159 2160//2160
f 2160//2160 2159//2159 2161//2161
f 2160//2160 2161//2161 2162//2162
f 2162//2162 2161//2161 2163//2163
f 2162//2162 2163//2163 2164//2164
f 2164//2164 2163//2163 2165//2165
f 2164//2164 2165//2165 2166//2166
f 2166//2166 2165//2165 2167//2167
f 2166//2166 2167//2167 2168//2168
f 2168//2168 2167//2167 2169//2169
f 2168//2168 2169//2169 2170//2170
f 2170//2170 2169//2169 2171//2171
f 2170//2170 2171//2171 2172//2172
f 2172//2172 2171//2171 2173//2173
f 2172//2172 2173//2173 2174//2174
f 2174//2174 2173//2173 2175//2175
f 2174//2174 2175//2175 2176//2176
f 2176//2176 2175//2175 2177//2177
f 2176//2176 2177//2177 2178//2178
f 2178//2178 2177//2177 2179//2179
f 2178//2178 2179//2179 2180//2180
f 2180//2180 2179//2179 2181//2181
f 2180//2180 2181//2181 2182//2182
f 2182//2182 2181//2181 2183//2183
f 2182//2182 2183//2183 2184//2184
f 2185//2185 2186//2186 2096//2096
f 2096//2096 2186//2186 2187//2187
f 2096//2096 2187//2187 2097//2097
f 2097//2097 2187//2187 2188//2188
f 2097//2097 2188//2188 2189//2189
f 2190//2190 2191//2191 2192//2192
f 2193//2193 2194//2194 2195//2195
f 2195//2195 2194//2194 2196//2196
f 2195//2195 2196//2196 2197//2197
f 2198//2198 2199//2199 2200//2200
f 2198//2198 2201//2201 2199//2199
f 2199//2199 2201//2201 2202//2202
f 2199//2199 2202//2202 2203//2203
f 2203//2203 2202//2202 2204//2204
f 2203//2203 2204//2204 2205//2205
f 2204//2204 2206//2206 2205//2205
f 2205//2205 2206//2206 2207//2207
f 2205//2205 2207//2207 2194//2194
f 2194//2194 2207//2207 2208//2208
f 2194//2194 2208//2208 2196//2196
f 2209//2209 2210//2210 2211//2211
f 2212//2212 2213//2213 2214//2214
f 2215//2215 2216//2216 2217//2217
f 2217//2217 2218//2218 2215//2215
f 2215//2215 2218//2218 2219//2219
f 2215//2215 2219//2219 2214//2214
f 2214//2214 2219//2219 2220//2220
f 2214//2214 2220//2220 2212//2212
f 2212//2212 2221//2221 2213//2213
f 2213//2213 2221//2221 2222//2222
f 2213//2213 2222//2222 2223//2223
f 2223//2223 2222//2222 2224//2224
f 2223//2223 2224//2224 2225//2225
f 2225//2225 2224//2224 2226//2226
f 2225//2225 2226//2226 2210//2210
f 2210//2210 2226//2226 2227//2227
f 2210//2210 2227//2227 2211//2211
f 2211//2211 2228//2228 2209//2209
f 2209//2209 2228//2228 2229//2229
f 2209//2209 2229//2229 2200//2200
f 2200//2200 2229//2229 2230//2230
f 2200//2200 2230//2230 2198//2198
f 2191//2191 2185//2185 2192//2192
f 2192//2192 2185//2185 2096//2096
f 2192//2192 2096//2096 2231//2231
f 2231//2231 2096//2096 2095//2095
f 2231//2231 2095//2095 2232//2232
f 2232//2232 2095//2095 2146//2146
f 2232//2232 2146//2146 2233//2233
f 2233//2233 2146//2146 2148//2148
f 2233//2233 2148//2148 2234//2234
f 2234//2234 2148//2148 2150//2150
f 2234//2234 2150//2150 2235//2235
f 2235//2235 2150//2150 2152//2152
f 2235//2235 2152//2152 2236//2236
f 2236//2236 2152//2152 2154//2154
f 2236//2236 2154//2154 2237//2237
f 2237//2237 2154//2154 2156//2156
f 2237//2237 2156//2156 2238//2238
f 2238//2238 2156//2156 2158//2158
f 2238//2238 2158//2158 2239//2239
f 2239//2239 2158//2158 2160//2160
f 2239//2239 2160//2160 2240//2240
f 2240//2240 2160//2160 2162//2162
f 2240//2240 2162//2162 2241//2241
f 2241//2241 2162//2162 2164//2164
f 2241//2241 2164//2164 2242//2242
f 2242//2242 2164//2164 2166//2166
f 2242//2242 2166//2166 2243//2243
f 2243//2243 2166//2166 2168//2168
f 2243//2243 2168//2168 2244//2244
f 2244//2244 2168//2168 2170//2170
f 2244//2244 2170//2170 2245//2245
f 2245//2245 2170//2170 2172//2172
f 2245//2245 2172//2172 2246//2246
f 2246//2246 2172//2172 2174//2174
f 2246//2246 2174//2174 2247//2247
f 2247//2247 2174//2174 2176//2176
f 2247//2247 2176//2176 2248//2248
f 2248//2248 2176//2176 2178//2178
f 2248//2248 2178//2178 2249//2249
f 2249//2249 2178//2178 2180//2180
f 2249//2249 2180//2180 2250//2250
f 2250//2250 2180//2180 2182//2182
f 2250//2250 2182//2182 2251//2251
f 2251//2251 2182//2182 2184//2184
f 2251//2251 2184//2184 2252//2252
f 2253//2253 2254//2254 2255//2255
f 2253//2253 2256//2256 2254//2254
f 2254//2254 2256//2256 2257//2257
f 2254//2254 2257//2257 2258//2258
f 2258//2258 2257//2257 2259//2259
f 2258//2258 2259//2259 2260//2260
f 2261//2261 2262//2262 2263//2263
f 2263//2263 2262//2262 2264//2264
f 2261//2261 2263//2263 2265//2265
f 2265//2265 2263//2263 2266//2266
f 2265//2265 2266//2266 2267//2267
f 2262//2262 2268//2268 2264//2264
f 2264//2264 2268//2268 2269//2269
f 2264//2264 2269//2269 2255//2255
f 2255//2255 2269//2269 2270//2270
f 2255//2255 2270//2270 2253//2253
f 2271//2271 2272//2272 2273//2273
f 2274//2274 2275//2275 2276//2276
f 2276//2276 2275//2275 2271//2271
f 2276//2276 2271//2271 2277//2277
f 2277//2277 2271//2271 2278//2278
f 2277//2277 2278//2278 2279//2279
f 2279//2279 2278//2278 2266//2266
f 2279//2279 2266//2266 2280//2280
f 2280//2280 2266//2266 2263//2263
f 2280//2280 2263//2263 2281//2281
f 2281//2281 2263//2263 2264//2264
f 2281//2281 2264//2264 2282//2282
f 2282//2282 2264//2264 2255//2255
f 2282//2282 2255//2255 2283//2283
f 2283//2283 2255//2255 2254//2254
f 2283//2283 2254//2254 2284//2284
f 2284//2284 2254//2254 2258//2258
f 2284//2284 2258//2258 2285//2285
f 2285//2285 2258//2258 2260//2260
f 2285//2285 2260//2260 2286//2286
f 2286//2286 2260//2260 2216//2216
f 2286//2286 2216//2216 2287//2287
f 2287//2287 2216//2216 2215//2215
f 2287//2287 2215//2215 2288//2288
f 2288//2288 2215//2215 2214//2214
f 2288//2288 2214//2214 2289//2289
f 2289//2289 2214//2214 2213//2213
f 2289//2289 2213//2213 2290//2290
f 2290//2290 2213//2213 2223//2223
f 2290//2290 2223//2223 2291//2291
f 2291//2291 2223//2223 2225//2225
f 2291//2291 2225//2225 2292//2292
f 2292//2292 2225//2225 2210//2210
f 2292//2292 2210//2210 2293//2293
f 2293//2293 2210//2210 2209//2209
f 2293//2293 2209//2209 2294//2294
f 2294//2294 2209//2209 2200//2200
f 2294//2294 2200//2200 2295//2295
f 2295//2295 2200//2200 2199//2199
f 2295//2295 2199//2199 2296//2296
f 2296//2296 2199//2199 2203//2203
f 2296//2296 2203//2203 2297//2297
f 2297//2297 2203//2203 2205//2205
f 2297//2297 2205//2205 2298//2298
f 2298//2298 2205//2205 2194//2194
f 2298//2298 2194//2194 2299//2299
f 2299//2299 2194//2194 2193//2193
f 2271//2271 2273//2273 2278//2278
f 2278//2278 2273//2273 2300//2300
f 2278//2278 2300//2300 2266//2266
f 2266//2266 2300//2300 2301//2301
f 2266//2266 2301//2301 2267//2267
f 2259//2259 2302//2302 2260//2260
f 2260//2260 2302//2302 2303//2303
f 2260//2260 2303//2303 2216//2216
f 2216//2216 2303//2303 2304//2304
f 2216//2216 2304//2304 2217//2217
f 2305//2305 2306//2306 2307//2307
f 2307//2307 2306//2306 2308//2308
f 2307//2307 2308//2308 2309//2309
f 1881//1881 1880//1880 2049//2049
f 2049//2049 1880//1880 2310//2310
f 2049//2049 2310//2310 2055//2055
f 2055//2055 2310//2310 2311//2311
f 2055//2055 2311//2311 2051//2051
f 2051//2051 2311//2311 2312//2312
f 2051//2051 2312//2312 2305//2305
f 2299//2299 2190//2190 2298//2298
f 2298//2298 2190//2190 2192//2192
f 2298//2298 2192//2192 2297//2297
f 2297//2297 2192//2192 2231//2231
f 2297//2297 2231//2231 2296//2296
f 2296//2296 2231//2231 2232//2232
f 2296//2296 2232//2232 2295//2295
f 2295//2295 2232//2232 2233//2233
f 2295//2295 2233//2233 2294//2294
f 2294//2294 2233//2233 2234//2234
f 2294//2294 2234//2234 2293//2293
f 2293//2293 2234//2234 2235//2235
f 2293//2293 2235//2235 2292//2292
f 2292//2292 2235//2235 2236//2236
f 2292//2292 2236//2236 2291//2291
f 2291//2291 2236//2236 2237//2237
f 2291//2291 2237//2237 2290//2290
f 2290//2290 2237//2237 2238//2238
f 2290//2290 2238//2238 2289//2289
f 2289//2289 2238//2238 2239//2239
f 2289//2289 2239//2239 2288//2288
f 2288//2288 2239//2239 2240//2240
f 2288//2288 2240//2240 2287//2287
f 2287//2287 2240//2240 2241//2241
f 2287//2287 2241//2241 2286//2286
f 2286//2286 2241//2241 2242//2242
f 2286//2286 2242//2242 2285//2285
f 2285//2285 2242//2242 2243//2243
f 2285//2285 2243//2243 2284//2284
f 2284//2284 2243//2243 2244//2244
f 2284//2284 2244//2244 2283//2283
f 2283//2283 2244//2244 2245//2245
f 2283//2283 2245//2245 2282//2282
f 2282//2282 2245//2245 2246//2246
f 2282//2282 2246//2246 2281//2281
f 2281//2281 2246//2246 2247//2247
f 2281//2281 2247//2247 2280//2280
f 2280//2280 2247//2247 2248//2248
f 2280//2280 2248//2248 2279//2279
f 2279//2279 2248//2248 2249//2249
f 2279//2279 2249//2249 2277//2277
f 2277//2277 2249//2249 2250//2250
f 2277//2277 2250//2250 2276//2276
f 2276//2276 2250//2250 2251//2251
f 2276//2276 2251//2251 2274//2274
f 2274//2274 2251//2251 2252//2252
f 2274//2274 2252//2252 2313//2313
f 2183//2183 2309//2309 2184//2184
f 2184//2184 2309//2309 2308//2308
f 2184//2184 2308//2308 2252//2252
f 2252//2252 2308//2308 2306//2306
f 2252//2252 2306//2306 2313//2313
f 2313//2313 2306//2306 2314//2314
f 2313//2313 2314//2314 2315//2315
f 2315//2315 2314//2314 1884//1884
f 1884//1884 1883//1883 2315//2315
f 2315//2315 1883//1883 2316//2316
f 2315//2315 2316//2316 2313//2313
f 1887//1887 2317//2317 1889//1889
f 1889//1889 2317//2317 2318//2318
f 1889//1889 2318//2318 1891//1891
f 1891//1891 2318//2318 2319//2319
f 1891//1891 2319//2319 1699//1699
f 2320//2320 2321//2321 2316//2316
f 2316//2316 2321//2321 2322//2322
f 2316//2316 2322//2322 2313//2313
f 2313//2313 2322//2322 2323//2323
f 2313//2313 2323//2323 2274//2274
f 2274//2274 2323//2323 2324//2324
f 2274//2274 2324//2324 2275//2275
f 2275//2275 2324//2324 2325//2325
f 2275//2275 2325//2325 2271//2271
f 2271//2271 2325//2325 2326//2326
f 2271//2271 2326//2326 2272//2272
f 1882//1882 1895//1895 1880//1880
f 1880//1880 1895//1895 1696//1696
f 1880//1880 1696//1696 2310//2310
f 2310//2310 1696//1696 1698//1698
f 2310//2310 1698//1698 2311//2311
f 2311//2311 1698//1698 1699//1699
f 2311//2311 1699//1699 2312//2312
f 2312//2312 1699//1699 2319//2319
f 2312//2312 2319//2319 2305//2305
f 2305//2305 2319//2319 2318//2318
f 2305//2305 2318//2318 2306//2306
f 2306//2306 2318//2318 2317//2317
f 2306//2306 2317//2317 2314//2314
f 2314//2314 2317//2317 1887//1887
f 2314//2314 1887//1887 1884//1884
f 1884//1884 1887//1887 1886//1886
f 1884//1884 1886//1886 1885//1885
f 2327//2327 2328//2328 2329//2329
f 2330//2330 2331//2331 2332//2332
f 1691//1691 2333//2333 2329//2329
f 2329//2329 2333//2333 2334//2334
f 2329//2329 2334//2334 2327//2327
f 2335//2335 2336//2336 2337//2337
f 2338//2338 2339//2339 2340//2340
f 2340//2340 2339//2339 2341//2341
f 2340//2340 2341//2341 2342//2342
f 2341//2341 2343//2343 2342//2342
f 2342//2342 2343//2343 2344//2344
f 2342//2342 2344//2344 2345//2345
f 1688//1688 2346//2346 2347//2347
f 2347//2347 2346//2346 2348//2348
f 2347//2347 2348//2348 2349//2349
f 2349//2349 2348//2348 2350//2350
f 2349//2349 2350//2350 2351//2351
f 2352//2352 2353//2353 1687//1687
f 2354//2354 2355//2355 2356//2356
f 1688//1688 2347//2347 1689//1689
f 1689//1689 2347//2347 2357//2357
f 1689//1689 2357//2357 2358//2358
f 2358//2358 2357//2357 2359//2359
f 2358//2358 2359//2359 2360//2360
f 2361//2361 2362//2362 2363//2363
f 2363//2363 2362//2362 2364//2364
f 2363//2363 2364//2364 2365//2365
f 2365//2365 2364//2364 2366//2366
f 2365//2365 2366//2366 2367//2367
f 2367//2367 2366//2366 2368//2368
f 2367//2367 2368//2368 2369//2369
f 2369//2369 2368//2368 2370//2370
f 2369//2369 2370//2370 2371//2371
f 2371//2371 2370//2370 2372//2372
f 2371//2371 2372//2372 2373//2373
f 2373//2373 2372//2372 2374//2374
f 2373//2373 2374//2374 2375//2375
f 2375//2375 2374//2374 2376//2376
f 2377//2377 2378//2378 2379//2379
f 2379//2379 2378//2378 2380//2380
f 2379//2379 2380//2380 2381//2381
f 2331//2331 2376//2376 2332//2332
f 2332//2332 2376//2376 2374//2374
f 2332//2332 2374//2374 2382//2382
f 2382//2382 2374//2374 2372//2372
f 2382//2382 2372//2372 2383//2383
f 2383//2383 2372//2372 2370//2370
f 2383//2383 2370//2370 2384//2384
f 2384//2384 2370//2370 2368//2368
f 2384//2384 2368//2368 2385//2385
f 2385//2385 2368//2368 2366//2366
f 2385//2385 2366//2366 2378//2378
f 2378//2378 2366//2366 2364//2364
f 2378//2378 2364//2364 2380//2380
f 2380//2380 2364//2364 2362//2362
f 2380//2380 2362//2362 2381//2381
f 2344//2344 2386//2386 2345//2345
f 2345//2345 2386//2386 2387//2387
f 2345//2345 2387//2387 2388//2388
f 2389//2389 2390//2390 2391//2391
f 2391//2391 2390//2390 2388//2388
f 2391//2391 2388//2388 2392//2392
f 2392//2392 2388//2388 2387//2387
f 2336//2336 1693//1693 2337//2337
f 2337//2337 1693//1693 1695//1695
f 2337//2337 1695//1695 2393//2393
f 2393//2393 1695//1695 2394//2394
f 2393//2393 2394//2394 2395//2395
f 2395//2395 2394//2394 2396//2396
f 2395//2395 2396//2396 2397//2397
f 2397//2397 2396//2396 2398//2398
f 2397//2397 2398//2398 2399//2399
f 2399//2399 2398//2398 2400//2400
f 2399//2399 2400//2400 2401//2401
f 2401//2401 2400//2400 2402//2402
f 2401//2401 2402//2402 2403//2403
f 1694//1694 2338//2338 1695//1695
f 1695//1695 2338//2338 2340//2340
f 1695//1695 2340//2340 2394//2394
f 2394//2394 2340//2340 2342//2342
f 2394//2394 2342//2342 2396//2396
f 2396//2396 2342//2342 2345//2345
f 2396//2396 2345//2345 2398//2398
f 2398//2398 2345//2345 2388//2388
f 2398//2398 2388//2388 2400//2400
f 2400//2400 2388//2388 2390//2390
f 2400//2400 2390//2390 2402//2402
f 2404//2404 2405//2405 2406//2406
f 2407//2407 2408//2408 2406//2406
f 2406//2406 2408//2408 2409//2409
f 2406//2406 2409//2409 2404//2404
f 2404//2404 2409//2409 2410//2410
f 2375//2375 2335//2335 2373//2373
f 2373//2373 2335//2335 2337//2337
f 2373//2373 2337//2337 2371//2371
f 2371//2371 2337//2337 2393//2393
f 2371//2371 2393//2393 2369//2369
f 2369//2369 2393//2393 2395//2395
f 2369//2369 2395//2395 2367//2367
f 2367//2367 2395//2395 2397//2397
f 2367//2367 2397//2397 2365//2365
f 2365//2365 2397//2397 2399//2399
f 2365//2365 2399//2399 2363//2363
f 2363//2363 2399//2399 2401//2401
f 2363//2363 2401//2401 2361//2361
f 2361//2361 2401//2401 2403//2403
f 2411//2411 2412//2412 2413//2413
f 2414//2414 2415//2415 2416//2416
f 2377//2377 2379//2379 2417//2417
f 2417//2417 2379//2379 2418//2418
f 2417//2417 2418//2418 2419//2419
f 2420//2420 2419//2419 2421//2421
f 2421//2421 2419//2419 2418//2418
f 2421//2421 2418//2418 2422//2422
f 2422//2422 2418//2418 2379//2379
f 2422//2422 2379//2379 2423//2423
f 2423//2423 2379//2379 2381//2381
f 2424//2424 2425//2425 2426//2426
f 2426//2426 2425//2425 2427//2427
f 2426//2426 2427//2427 2428//2428
f 2429//2429 2430//2430 2424//2424
f 2424//2424 2430//2430 2431//2431
f 2424//2424 2431//2431 2425//2425
f 2432//2432 2433//2433 2429//2429
f 2429//2429 2433//2433 2434//2434
f 2429//2429 2434//2434 2430//2430
f 2426//2426 2435//2435 2424//2424
f 2424//2424 2435//2435 2436//2436
f 2424//2424 2436//2436 2429//2429
f 2429//2429 2436//2436 2437//2437
f 2429//2429 2437//2437 2432//2432
f 2432//2432 2437//2437 2438//2438
f 2432//2432 2438//2438 1951//1951
f 1951//1951 2438//2438 2439//2439
f 1951//1951 2439//2439 1952//1952
f 1952//1952 2439//2439 2440//2440
f 1952//1952 2440//2440 1958//1958
f 1958//1958 2440//2440 2441//2441
f 1958//1958 2441//2441 1960//1960
f 1960//1960 2441//2441 2442//2442
f 1960//1960 2442//2442 1966//1966
f 1966//1966 2442//2442 2443//2443
f 1966//1966 2443//2443 1980//1980
f 1980//1980 2443//2443 2444//2444
f 1980//1980 2444//2444 1708//1708
f 1708//1708 2444//2444 2445//2445
f 1708//1708 2445//2445 1991//1991
f 1991//1991 2445//2445 2446//2446
f 1991//1991 2446//2446 1993//1993
f 1993//1993 2446//2446 2447//2447
f 1993//1993 2447//2447 2064//2064
f 2064//2064 2447//2447 2448//2448
f 2064//2064 2448//2448 2067//2067
f 1953//1953 2449//2449 1951//1951
f 1951//1951 2449//2449 2450//2450
f 1951//1951 2450//2450 2432//2432
f 2432//2432 2450//2450 2451//2451
f 2432//2432 2451//2451 2433//2433
f 2123//2123 2111//2111 2124//2124
f 2124//2124 2111//2111 2112//2112
f 2124//2124 2112//2112 2125//2125
f 2125//2125 2112//2112 2113//2113
f 2125//2125 2113//2113 2126//2126
f 2126//2126 2113//2113 2114//2114
f 2126//2126 2114//2114 2127//2127
f 2127//2127 2114//2114 2115//2115
f 2127//2127 2115//2115 2128//2128
f 2128//2128 2115//2115 2116//2116
f 2128//2128 2116//2116 2129//2129
f 2129//2129 2116//2116 2117//2117
f 2129//2129 2117//2117 2131//2131
f 2131//2131 2117//2117 2118//2118
f 2131//2131 2118//2118 2133//2133
f 2133//2133 2118//2118 2119//2119
f 2133//2133 2119//2119 2134//2134
f 2134//2134 2119//2119 2120//2120
f 2134//2134 2120//2120 2452//2452
f 2452//2452 2120//2120 2121//2121
f 2452//2452 2121//2121 2453//2453
f 2453//2453 2121//2121 2122//2122
f 2453//2453 2122//2122 2454//2454
f 2455//2455 2456//2456 2457//2457
f 2457//2457 2456//2456 2458//2458
f 2457//2457 2458//2458 2459//2459
f 2459//2459 2458//2458 2460//2460
f 2459//2459 2460//2460 2461//2461
f 2461//2461 2460//2460 2462//2462
f 2461//2461 2462//2462 2463//2463
f 2463//2463 2462//2462 2464//2464
f 2463//2463 2464//2464 2465//2465
f 2465//2465 2464//2464 2466//2466
f 2465//2465 2466//2466 2467//2467
f 2467//2467 2466//2466 2468//2468
f 2467//2467 2468//2468 2469//2469
f 2469//2469 2468//2468 2470//2470
f 2469//2469 2470//2470 2471//2471
f 2471//2471 2470//2470 2472//2472
f 2471//2471 2472//2472 2473//2473
f 2473//2473 2472//2472 2474//2474
f 2473//2473 2474//2474 2475//2475
f 2475//2475 2474//2474 2476//2476
f 2475//2475 2476//2476 2477//2477
f 2477//2477 2476//2476 2478//2478
f 2477//2477 2478//2478 2479//2479
f 2479//2479 2478//2478 2480//2480
f 2479//2479 2480//2480 2481//2481
f 2481//2481 2480//2480 2482//2482
f 2481//2481 2482//2482 2483//2483
f 2483//2483 2482//2482 2484//2484
f 2483//2483 2484//2484 2485//2485
f 2485//2485 2484//2484 2414//2414
f 2485//2485 2414//2414 1684//1684
f 1684//1684 2414//2414 2416//2416
f 1684//1684 2416//2416 1685//1685
f 2435//2435 2454//2454 2436//2436
f 2436//2436 2454//2454 2122//2122
f 2436//2436 2122//2122 2437//2437
f 2437//2437 2122//2122 1711//1711
f 2437//2437 1711//1711 2438//2438
f 2438//2438 1711//1711 1710//1710
f 2438//2438 1710//1710 2439//2439
f 2439//2439 1710//1710 1954//1954
f 2439//2439 1954//1954 2440//2440
f 2440//2440 1954//1954 1962//1962
f 2440//2440 1962//1962 2441//2441
f 2441//2441 1962//1962 1969//1969
f 2441//2441 1969//1969 2442//2442
f 2442//2442 1969//1969 1984//1984
f 2442//2442 1984//1984 2443//2443
f 2443//2443 1984//1984 1996//1996
f 2443//2443 1996//1996 2444//2444
f 2444//2444 1996//1996 1995//1995
f 2444//2444 1995//1995 2445//2445
f 2445//2445 1995//1995 2010//2010
f 2445//2445 2010//2010 2446//2446
f 2446//2446 2010//2010 2093//2093
f 2446//2446 2093//2093 2447//2447
f 2447//2447 2093//2093 2094//2094
f 2447//2447 2094//2094 2448//2448
f 2143//2143 2486//2486 2142//2142
f 2142//2142 2486//2486 2487//2487
f 2142//2142 2487//2487 2141//2141
f 2141//2141 2487//2487 2488//2488
f 2141//2141 2488//2488 2140//2140
f 2140//2140 2488//2488 2489//2489
f 2140//2140 2489//2489 2139//2139
f 2139//2139 2489//2489 2490//2490
f 2139//2139 2490//2490 2138//2138
f 2138//2138 2490//2490 2491//2491
f 2138//2138 2491//2491 2137//2137
f 2137//2137 2491//2491 2492//2492
f 2137//2137 2492//2492 2135//2135
f 2135//2135 2492//2492 2493//2493
f 2135//2135 2493//2493 1975//1975
f 1975//1975 2493//2493 2494//2494
f 1975//1975 2494//2494 1976//1976
f 1976//1976 2494//2494 2495//2495
f 1976//1976 2495//2495 2496//2496
f 2496//2496 2495//2495 2497//2497
f 2496//2496 2497//2497 2498//2498
f 2498//2498 2497//2497 2499//2499
f 2498//2498 2499//2499 2500//2500
f 2500//2500 2499//2499 2501//2501
f 2500//2500 2501//2501 2502//2502
f 2502//2502 2501//2501 2503//2503
f 2502//2502 2503//2503 2504//2504
f 2504//2504 2503//2503 2505//2505
f 2504//2504 2505//2505 2506//2506
f 2506//2506 2505//2505 2507//2507
f 2506//2506 2507//2507 2508//2508
f 2508//2508 2507//2507 2509//2509
f 2508//2508 2509//2509 2510//2510
f 2510//2510 2509//2509 2511//2511
f 2510//2510 2511//2511 2512//2512
f 2512//2512 2511//2511 2513//2513
f 2512//2512 2513//2513 2514//2514
f 2051//2051 2030//2030 2052//2052
f 2052//2052 2030//2030 2029//2029
f 2052//2052 2029//2029 2515//2515
f 2515//2515 2029//2029 2027//2027
f 2515//2515 2027//2027 2516//2516
f 2516//2516 2027//2027 2025//2025
f 2516//2516 2025//2025 2517//2517
f 2517//2517 2025//2025 2023//2023
f 2517//2517 2023//2023 2518//2518
f 2518//2518 2023//2023 1977//1977
f 2518//2518 1977//1977 2519//2519
f 2519//2519 1977//1977 1979//1979
f 2519//2519 1979//1979 2520//2520
f 2520//2520 1979//1979 2521//2521
f 2520//2520 2521//2521 2522//2522
f 2522//2522 2521//2521 2523//2523
f 2522//2522 2523//2523 2524//2524
f 2524//2524 2523//2523 2525//2525
f 2524//2524 2525//2525 2526//2526
f 2526//2526 2525//2525 2527//2527
f 2526//2526 2527//2527 2528//2528
f 2528//2528 2527//2527 2529//2529
f 2528//2528 2529//2529 2530//2530
f 2530//2530 2529//2529 2531//2531
f 2530//2530 2531//2531 2532//2532
f 2532//2532 2531//2531 2533//2533
f 2532//2532 2533//2533 2534//2534
f 2534//2534 2533//2533 2535//2535
f 2534//2534 2535//2535 2536//2536
f 2536//2536 2535//2535 2537//2537
f 2536//2536 2537//2537 2538//2538
f 2538//2538 2537//2537 2354//2354
f 2538//2538 2354//2354 2352//2352
f 2352//2352 2354//2354 2356//2356
f 2352//2352 2356//2356 2353//2353
f 2486//2486 2455//2455 2487//2487
f 2487//2487 2455//2455 2457//2457
f 2487//2487 2457//2457 2488//2488
f 2488//2488 2457//2457 2459//2459
f 2488//2488 2459//2459 2489//2489
f 2489//2489 2459//2459 2461//2461
f 2489//2489 2461//2461 2490//2490
f 2490//2490 2461//2461 2463//2463
f 2490//2490 2463//2463 2491//2491
f 2491//2491 2463//2463 2465//2465
f 2491//2491 2465//2465 2492//2492
f 2492//2492 2465//2465 2467//2467
f 2492//2492 2467//2467 2493//2493
f 2493//2493 2467//2467 2469//2469
f 2493//2493 2469//2469 2494//2494
f 2494//2494 2469//2469 2471//2471
f 2494//2494 2471//2471 2495//2495
f 2495//2495 2471//2471 2473//2473
f 2495//2495 2473//2473 2497//2497
f 2497//2497 2473//2473 2475//2475
f 2497//2497 2475//2475 2499//2499
f 2499//2499 2475//2475 2477//2477
f 2499//2499 2477//2477 2501//2501
f 2501//2501 2477//2477 2479//2479
f 2501//2501 2479//2479 2503//2503
f 2503//2503 2479//2479 2481//2481
f 2503//2503 2481//2481 2505//2505
f 2505//2505 2481//2481 2483//2483
f 2505//2505 2483//2483 2507//2507
f 2507//2507 2483//2483 2485//2485
f 2507//2507 2485//2485 2509//2509
f 2509//2509 2485//2485 1684//1684
f 2509//2509 1684//1684 2511//2511
f 2511//2511 1684//1684 1686//1686
f 2511//2511 1686//1686 2513//2513
f 2456//2456 2098//2098 2458//2458
f 2458//2458 2098//2098 2100//2100
f 2458//2458 2100//2100 2460//2460
f 2460//2460 2100//2100 2102//2102
f 2460//2460 2102//2102 2462//2462
f 2462//2462 2102//2102 2104//2104
f 2462//2462 2104//2104 2464//2464
f 2464//2464 2104//2104 2106//2106
f 2464//2464 2106//2106 2466//2466
f 2466//2466 2106//2106 2108//2108
f 2466//2466 2108//2108 2468//2468
f 2468//2468 2108//2108 2110//2110
f 2468//2468 2110//2110 2470//2470
f 2470//2470 2110//2110 2130//2130
f 2470//2470 2130//2130 2472//2472
f 2472//2472 2130//2130 2132//2132
f 2472//2472 2132//2132 2474//2474
f 2474//2474 2132//2132 2134//2134
f 2474//2474 2134//2134 2476//2476
f 2476//2476 2134//2134 2452//2452
f 2476//2476 2452//2452 2478//2478
f 2478//2478 2452//2452 2453//2453
f 2478//2478 2453//2453 2480//2480
f 2480//2480 2453//2453 2454//2454
f 2480//2480 2454//2454 2482//2482
f 2482//2482 2454//2454 2435//2435
f 2482//2482 2435//2435 2484//2484
f 2484//2484 2435//2435 2426//2426
f 2484//2484 2426//2426 2414//2414
f 2414//2414 2426//2426 2428//2428
f 2414//2414 2428//2428 2415//2415
f 2403//2403 2539//2539 2361//2361
f 2361//2361 2539//2539 2540//2540
f 2361//2361 2540//2540 2362//2362
f 2362//2362 2540//2540 2541//2541
f 2362//2362 2541//2541 2381//2381
f 2381//2381 2541//2541 2542//2542
f 2381//2381 2542//2542 2423//2423
f 2423//2423 2542//2542 2543//2543
f 2423//2423 2543//2543 2422//2422
f 2422//2422 2543//2543 2544//2544
f 2422//2422 2544//2544 2421//2421
f 2421//2421 2544//2544 2545//2545
f 2421//2421 2545//2545 2420//2420
f 2420//2420 2545//2545 2546//2546
f 2547//2547 2546//2546 2548//2548
f 2548//2548 2546//2546 2545//2545
f 2548//2548 2545//2545 2549//2549
f 2549//2549 2545//2545 2544//2544
f 2549//2549 2544//2544 2550//2550
f 2550//2550 2544//2544 2543//2543
f 2550//2550 2543//2543 2551//2551
f 2551//2551 2543//2543 2542//2542
f 2551//2551 2542//2542 2552//2552
f 2552//2552 2542//2542 2541//2541
f 2552//2552 2541//2541 2553//2553
f 2553//2553 2541//2541 2540//2540
f 2553//2553 2540//2540 2554//2554
f 2554//2554 2540//2540 2539//2539
f 2554//2554 2555//2555 2553//2553
f 2553//2553 2555//2555 2556//2556
f 2553//2553 2556//2556 2552//2552
f 2552//2552 2556//2556 2557//2557
f 2552//2552 2557//2557 2551//2551
f 2551//2551 2557//2557 2558//2558
f 2551//2551 2558//2558 2550//2550
f 2550//2550 2558//2558 2559//2559
f 2550//2550 2559//2559 2549//2549
f 2549//2549 2559//2559 2560//2560
f 2549//2549 2560//2560 2548//2548
f 2548//2548 2560//2560 2561//2561
f 2548//2548 2561//2561 2547//2547
f 2547//2547 2561//2561 2562//2562
f 2563//2563 2562//2562 2564//2564
f 2564//2564 2562//2562 2561//2561
f 2564//2564 2561//2561 2565//2565
f 2565//2565 2561//2561 2560//2560
f 2565//2565 2560//2560 2566//2566
f 2566//2566 2560//2560 2559//2559
f 2566//2566 2559//2559 2567//2567
f 2567//2567 2559//2559 2558//2558
f 2567//2567 2558//2558 2568//2568
f 2568//2568 2558//2558 2557//2557
f 2568//2568 2557//2557 2569//2569
f 2569//2569 2557//2557 2556//2556
f 2569//2569 2556//2556 2570//2570
f 2570//2570 2556//2556 2555//2555
f 2571//2571 2572//2572 2573//2573
f 2573//2573 2572//2572 2574//2574
f 2573//2573 2574//2574 2575//2575
f 2575//2575 2574//2574 2576//2576
f 2575//2575 2576//2576 2577//2577
f 2577//2577 2576//2576 2578//2578
f 2577//2577 2578//2578 2579//2579
f 2579//2579 2578//2578 2580//2580
f 2579//2579 2580//2580 2581//2581
f 2581//2581 2580//2580 2582//2582
f 2581//2581 2582//2582 2583//2583
f 2583//2583 2582//2582 2584//2584
f 2583//2583 2584//2584 2585//2585
f 2585//2585 2584//2584 2586//2586
f 2585//2585 2586//2586 2587//2587
f 2587//2587 2586//2586 2588//2588
f 2587//2587 2588//2588 2589//2589
f 2589//2589 2588//2588 2590//2590
f 2589//2589 2590//2590 2591//2591
f 2591//2591 2590//2590 2592//2592
f 2591//2591 2592//2592 2593//2593
f 2593//2593 2592//2592 2594//2594
f 2593//2593 2594//2594 2595//2595
f 2595//2595 2594//2594 2596//2596
f 2595//2595 2596//2596 2597//2597
f 2597//2597 2596//2596 2598//2598
f 2597//2597 2598//2598 2599//2599
f 2599//2599 2598//2598 2360//2360
f 2599//2599 2360//2360 2600//2600
f 2600//2600 2360//2360 2359//2359
f 2600//2600 2359//2359 2601//2601
f 2601//2601 2359//2359 2357//2357
f 2601//2601 2357//2357 2602//2602
f 2602//2602 2357//2357 2347//2347
f 2602//2602 2347//2347 2603//2603
f 2603//2603 2347//2347 2349//2349
f 2603//2603 2349//2349 1692//1692
f 1692//1692 2349//2349 2351//2351
f 1692//1692 2351//2351 1690//1690
f 1687//1687 1689//1689 2352//2352
f 2352//2352 1689//1689 2358//2358
f 2352//2352 2358//2358 2538//2538
f 2538//2538 2358//2358 2360//2360
f 2538//2538 2360//2360 2536//2536
f 2536//2536 2360//2360 2598//2598
f 2536//2536 2598//2598 2534//2534
f 2534//2534 2598//2598 2596//2596
f 2534//2534 2596//2596 2532//2532
f 2532//2532 2596//2596 2594//2594
f 2532//2532 2594//2594 2530//2530
f 2530//2530 2594//2594 2592//2592
f 2530//2530 2592//2592 2528//2528
f 2528//2528 2592//2592 2590//2590
f 2528//2528 2590//2590 2526//2526
f 2526//2526 2590//2590 2588//2588
f 2526//2526 2588//2588 2524//2524
f 2524//2524 2588//2588 2586//2586
f 2524//2524 2586//2586 2522//2522
f 2522//2522 2586//2586 2584//2584
f 2522//2522 2584//2584 2520//2520
f 2520//2520 2584//2584 2582//2582
f 2520//2520 2582//2582 2519//2519
f 2519//2519 2582//2582 2580//2580
f 2519//2519 2580//2580 2518//2518
f 2518//2518 2580//2580 2578//2578
f 2518//2518 2578//2578 2517//2517
f 2517//2517 2578//2578 2576//2576
f 2517//2517 2576//2576 2516//2516
f 2516//2516 2576//2576 2574//2574
f 2516//2516 2574//2574 2515//2515
f 2515//2515 2574//2574 2572//2572
f 2515//2515 2572//2572 2052//2052
f 2052//2052 2572//2572 2571//2571
f 2052//2052 2571//2571 2054//2054
f 2604//2604 2330//2330 2605//2605
f 2605//2605 2330//2330 2332//2332
f 2605//2605 2332//2332 2606//2606
f 2606//2606 2332//2332 2382//2382
f 2606//2606 2382//2382 2607//2607
f 2607//2607 2382//2382 2383//2383
f 2607//2607 2383//2383 2608//2608
f 2608//2608 2383//2383 2384//2384
f 2608//2608 2384//2384 2609//2609
f 2609//2609 2384//2384 2385//2385
f 2609//2609 2385//2385 2610//2610
f 2610//2610 2385//2385 2378//2378
f 2610//2610 2378//2378 2611//2611
f 2611//2611 2378//2378 2377//2377
f 2611//2611 2377//2377 2612//2612
f 2612//2612 2377//2377 2417//2417
f 2612//2612 2417//2417 2613//2613
f 2613//2613 2417//2417 2419//2419
f 2613//2613 2419//2419 2614//2614
f 2614//2614 2419//2419 2420//2420
f 2614//2614 2420//2420 2615//2615
f 2615//2615 2420//2420 2546//2546
f 2615//2615 2546//2546 2616//2616
f 2616//2616 2546//2546 2547//2547
f 2616//2616 2547//2547 2617//2617
f 2617//2617 2547//2547 2562//2562
f 2617//2617 2562//2562 2618//2618
f 2618//2618 2562//2562 2563//2563
f 2618//2618 2563//2563 2619//2619
f 1691//1691 2329//2329 1692//1692
f 1692//1692 2329//2329 2620//2620
f 1692//1692 2620//2620 2603//2603
f 2603//2603 2620//2620 2621//2621
f 2603//2603 2621//2621 2602//2602
f 2602//2602 2621//2621 2622//2622
f 2602//2602 2622//2622 2601//2601
f 2601//2601 2622//2622 2623//2623
f 2601//2601 2623//2623 2600//2600
f 2600//2600 2623//2623 2624//2624
f 2600//2600 2624//2624 2599//2599
f 2599//2599 2624//2624 2625//2625
f 2599//2599 2625//2625 2597//2597
f 2597//2597 2625//2625 2626//2626
f 2597//2597 2626//2626 2595//2595
f 2595//2595 2626//2626 2627//2627
f 2595//2595 2627//2627 2593//2593
f 2593//2593 2627//2627 2628//2628
f 2593//2593 2628//2628 2591//2591
f 2591//2591 2628//2628 2629//2629
f 2591//2591 2629//2629 2589//2589
f 2589//2589 2629//2629 2630//2630
f 2589//2589 2630//2630 2587//2587
f 2587//2587 2630//2630 2631//2631
f 2587//2587 2631//2631 2585//2585
f 2585//2585 2631//2631 2632//2632
f 2585//2585 2632//2632 2583//2583
f 2583//2583 2632//2632 2633//2633
f 2583//2583 2633//2633 2581//2581
f 2581//2581 2633//2633 2634//2634
f 2581//2581 2634//2634 2579//2579
f 2579//2579 2634//2634 2635//2635
f 2579//2579 2635//2635 2577//2577
f 2577//2577 2635//2635 2636//2636
f 2577//2577 2636//2636 2575//2575
f 2575//2575 2636//2636 2637//2637
f 2575//2575 2637//2637 2573//2573
f 2573//2573 2637//2637 2638//2638
f 2573//2573 2638//2638 2571//2571
f 2571//2571 2638//2638 2639//2639
f 2571//2571 2639//2639 2054//2054
f 2054//2054 2639//2639 2640//2640
f 2054//2054 2640//2640 2050//2050
f 2050//2050 2640//2640 2641//2641
f 2050//2050 2641//2641 1881//1881
f 1881//1881 2641//2641 2642//2642
f 1881//1881 2642//2642 1882//1882
f 2189//2189 2068//2068 2097//2097
f 2097//2097 2068//2068 2067//2067
f 2097//2097 2067//2067 2144//2144
f 2144//2144 2067//2067 2448//2448
f 2144//2144 2448//2448 2145//2145
f 2145//2145 2448//2448 2094//2094
f 2145//2145 2094//2094 2147//2147
f 2147//2147 2094//2094 2092//2092
f 2147//2147 2092//2092 2149//2149
f 2149//2149 2092//2092 2090//2090
f 2149//2149 2090//2090 2151//2151
f 2151//2151 2090//2090 2088//2088
f 2151//2151 2088//2088 2153//2153
f 2153//2153 2088//2088 2086//2086
f 2153//2153 2086//2086 2155//2155
f 2155//2155 2086//2086 2084//2084
f 2155//2155 2084//2084 2157//2157
f 2157//2157 2084//2084 2082//2082
f 2157//2157 2082//2082 2159//2159
f 2159//2159 2082//2082 2080//2080
f 2159//2159 2080//2080 2161//2161
f 2161//2161 2080//2080 2079//2079
f 2161//2161 2079//2079 2163//2163
f 2163//2163 2079//2079 2070//2070
f 2163//2163 2070//2070 2165//2165
f 2165//2165 2070//2070 1701//1701
f 2165//2165 1701//1701 2167//2167
f 2167//2167 1701//1701 1700//1700
f 2167//2167 1700//1700 2169//2169
f 2169//2169 1700//1700 2077//2077
f 2169//2169 2077//2077 2171//2171
f 2171//2171 2077//2077 2078//2078
f 2171//2171 2078//2078 2173//2173
f 2173//2173 2078//2078 2111//2111
f 2173//2173 2111//2111 2175//2175
f 2175//2175 2111//2111 2123//2123
f 2175//2175 2123//2123 2177//2177
f 2177//2177 2123//2123 2099//2099
f 2177//2177 2099//2099 2179//2179
f 2179//2179 2099//2099 2098//2098
f 2179//2179 2098//2098 2181//2181
f 2181//2181 2098//2098 2456//2456
f 2181//2181 2456//2456 2183//2183
f 2183//2183 2456//2456 2455//2455
f 2183//2183 2455//2455 2309//2309
f 2309//2309 2455//2455 2486//2486
f 2309//2309 2486//2486 2307//2307
f 2307//2307 2486//2486 2143//2143
f 2307//2307 2143//2143 2305//2305
f 2305//2305 2143//2143 2062//2062
f 2305//2305 2062//2062 2051//2051
f 2051//2051 2062//2062 2061//2061
f 2051//2051 2061//2061 2030//2030
f 2030//2030 2061//2061 2059//2059
f 2030//2030 2059//2059 2028//2028
f 2028//2028 2059//2059 2057//2057
f 2028//2028 2057//2057 2026//2026
f 2026//2026 2057//2057 2019//2019
f 2026//2026 2019//2019 2024//2024
f 2024//2024 2019//2019 2021//2021
f 2024//2024 2021//2021 2022//2022
f 2022//2022 2021//2021 2136//2136
f 2022//2022 2136//2136 1978//1978
f 1978//1978 2136//2136 1974//1974
f 1978//1978 1974//1974 1979//1979
f 1979//1979 1974//1974 1976//1976
f 1979//1979 1976//1976 2521//2521
f 2521//2521 1976//1976 2496//2496
f 2521//2521 2496//2496 2523//2523
f 2523//2523 2496//2496 2498//2498
f 2523//2523 2498//2498 2525//2525
f 2525//2525 2498//2498 2500//2500
f 2525//2525 2500//2500 2527//2527
f 2527//2527 2500//2500 2502//2502
f 2527//2527 2502//2502 2529//2529
f 2529//2529 2502//2502 2504//2504
f 2529//2529 2504//2504 2531//2531
f 2531//2531 2504//2504 2506//2506
f 2531//2531 2506//2506 2533//2533
f 2533//2533 2506//2506 2508//2508
f 2533//2533 2508//2508 2535//2535
f 2535//2535 2508//2508 2510//2510
f 2535//2535 2510//2510 2537//2537
f 2537//2537 2510//2510 2512//2512
f 2537//2537 2512//2512 2354//2354
f 2354//2354 2512//2512 2514//2514
f 2354//2354 2514//2514 2355//2355
f 2643//2643 2644//2644 1682//1682
f 1682//1682 2644//2644 2645//2645
f 1682//1682 2645//2645 1683//1683
f 1683//1683 2645//2645 2646//2646
f 1683//1683 2646//2646 2647//2647
f 2648//2648 2649//2649 2650//2650
f 2650//2650 2649//2649 2651//2651
f 2650//2650 2651//2651 2652//2652
f 2652//2652 2651//2651 2653//2653
f 2654//2654 2655//2655 2656//2656
f 2656//2656 2655//2655 2657//2657
f 2656//2656 2657//2657 2658//2658
f 2658//2658 2657//2657 2411//2411
f 2658//2658 2411//2411 2404//2404
f 2404//2404 2411//2411 2413//2413
f 2404//2404 2413//2413 2405//2405
f 2659//2659 2660//2660 2661//2661
f 1749//1749 1751//1751 1680//1680
f 1680//1680 1751//1751 2662//2662
f 1680//1680 2662//2662 1678//1678
f 1780//1780 2663//2663 1753//1753
f 1753//1753 2663//2663 2664//2664
f 1753//1753 2664//2664 1751//1751
f 1751//1751 2664//2664 2665//2665
f 1751//1751 2665//2665 2662//2662
f 2662//2662 2665//2665 2661//2661
f 2662//2662 2661//2661 1678//1678
f 1678//1678 2661//2661 2660//2660
f 1678//1678 2660//2660 1679//1679
f 2663//2663 2666//2666 2664//2664
f 2664//2664 2666//2666 2667//2667
f 2664//2664 2667//2667 2665//2665
f 2665//2665 2667//2667 2668//2668
f 2665//2665 2668//2668 2661//2661
f 2661//2661 2668//2668 2652//2652
f 2661//2661 2652//2652 2659//2659
f 2659//2659 2652//2652 2653//2653
f 2669//2669 2670//2670 2671//2671
f 2671//2671 2670//2670 2672//2672
f 2671//2671 2672//2672 2673//2673
f 2673//2673 2672//2672 2674//2674
f 2673//2673 2674//2674 2675//2675
f 2676//2676 1862//1862 2677//2677
f 2677//2677 1862//1862 1863//1863
f 2677//2677 1863//1863 2678//2678
f 2678//2678 1863//1863 1864//1864
f 2678//2678 1864//1864 2679//2679
f 2679//2679 1864//1864 1865//1865
f 2679//2679 1865//1865 2680//2680
f 2680//2680 1865//1865 1866//1866
f 2680//2680 1866//1866 2681//2681
f 2681//2681 1866//1866 1867//1867
f 2681//2681 1867//1867 2682//2682
f 2682//2682 1867//1867 1868//1868
f 2682//2682 1868//1868 2683//2683
f 2683//2683 1868//1868 1869//1869
f 2683//2683 1869//1869 2684//2684
f 2684//2684 1869//1869 1870//1870
f 2684//2684 1870//1870 2685//2685
f 2685//2685 1870//1870 1871//1871
f 2685//2685 1871//1871 2686//2686
f 2686//2686 1871//1871 1852//1852
f 2686//2686 1852//1852 1855//1855
f 1855//1855 1852//1852 1854//1854
f 1855//1855 1854//1854 1856//1856
f 2687//2687 2648//2648 2688//2688
f 2688//2688 2648//2648 2650//2650
f 2688//2688 2650//2650 2670//2670
f 2670//2670 2650//2650 2652//2652
f 2670//2670 2652//2652 2672//2672
f 2672//2672 2652//2652 2668//2668
f 2672//2672 2668//2668 2674//2674
f 2674//2674 2668//2668 2667//2667
f 2674//2674 2667//2667 2675//2675
f 2675//2675 2667//2667 2666//2666
f 1736//1736 1738//1738 1774//1774
f 1774//1774 1738//1738 1786//1786
f 1774//1774 1786//1786 1775//1775
f 1775//1775 1786//1786 1788//1788
f 1775//1775 1788//1788 1776//1776
f 1776//1776 1788//1788 1790//1790
f 1776//1776 1790//1790 1777//1777
f 1777//1777 1790//1790 1792//1792
f 1777//1777 1792//1792 1778//1778
f 1778//1778 1792//1792 1794//1794
f 1778//1778 1794//1794 1779//1779
f 1779//1779 1794//1794 1796//1796
f 1779//1779 1796//1796 1780//1780
f 1780//1780 1796//1796 1811//1811
f 1780//1780 1811//1811 2663//2663
f 2663//2663 1811//1811 1810//1810
f 2663//2663 1810//1810 2666//2666
f 2666//2666 1810//1810 1830//1830
f 2666//2666 1830//1830 2675//2675
f 2675//2675 1830//1830 1829//1829
f 2675//2675 1829//1829 2673//2673
f 2673//2673 1829//1829 1862//1862
f 2673//2673 1862//1862 2671//2671
f 2671//2671 1862//1862 2676//2676
f 2671//2671 2676//2676 2669//2669
f 2689//2689 2690//2690 2691//2691
f 2691//2691 2690//2690 2692//2692
f 2691//2691 2692//2692 2643//2643
f 1849//1849 1851//1851 2693//2693
f 2693//2693 1851//1851 2694//2694
f 2693//2693 2694//2694 2695//2695
f 2695//2695 2694//2694 2696//2696
f 2695//2695 2696//2696 2697//2697
f 2697//2697 2696//2696 2698//2698
f 2697//2697 2698//2698 2699//2699
f 2699//2699 2698//2698 2700//2700
f 2699//2699 2700//2700 2701//2701
f 2701//2701 2700//2700 2702//2702
f 2701//2701 2702//2702 2703//2703
f 2703//2703 2702//2702 2704//2704
f 2703//2703 2704//2704 2705//2705
f 2705//2705 2704//2704 2706//2706
f 2705//2705 2706//2706 2707//2707
f 2707//2707 2706//2706 2708//2708
f 2707//2707 2708//2708 2709//2709
f 2709//2709 2708//2708 2710//2710
f 2709//2709 2710//2710 2711//2711
f 2711//2711 2710//2710 2712//2712
f 2711//2711 2712//2712 2713//2713
f 2713//2713 2712//2712 2714//2714
f 2713//2713 2714//2714 2654//2654
f 2654//2654 2714//2714 2715//2715
f 2654//2654 2715//2715 2655//2655
f 2655//2655 2715//2715 1681//1681
f 2655//2655 1681//1681 2657//2657
f 2657//2657 1681//1681 1683//1683
f 2657//2657 1683//1683 2411//2411
f 2411//2411 1683//1683 2647//2647
f 2411//2411 2647//2647 2412//2412
f 1898//1898 1909//1909 1896//1896
f 1896//1896 1909//1909 1924//1924
f 1896//1896 1924//1924 2716//2716
f 2716//2716 1924//1924 2717//2717
f 2716//2716 2717//2717 2718//2718
f 2718//2718 2717//2717 2719//2719
f 2718//2718 2719//2719 2720//2720
f 2720//2720 2719//2719 2721//2721
f 2720//2720 2721//2721 2722//2722
f 2722//2722 2721//2721 2723//2723
f 2722//2722 2723//2723 2724//2724
f 2724//2724 2723//2723 2725//2725
f 2724//2724 2725//2725 2726//2726
f 2726//2726 2725//2725 2727//2727
f 2726//2726 2727//2727 2728//2728
f 2728//2728 2727//2727 2729//2729
f 2728//2728 2729//2729 2730//2730
f 2730//2730 2729//2729 2731//2731
f 2730//2730 2731//2731 2732//2732
f 2732//2732 2731//2731 2733//2733
f 2732//2732 2733//2733 2734//2734
f 2734//2734 2733//2733 2735//2735
f 2734//2734 2735//2735 2736//2736
f 2736//2736 2735//2735 2737//2737
f 2736//2736 2737//2737 2738//2738
f 2738//2738 2737//2737 2739//2739
f 2738//2738 2739//2739 2740//2740
f 2740//2740 2739//2739 2741//2741
f 2740//2740 2741//2741 2689//2689
f 2689//2689 2741//2741 2742//2742
f 2689//2689 2742//2742 2690//2690
f 2690//2690 2742//2742 2743//2743
f 2690//2690 2743//2743 2692//2692
f 1719//1719 1718//1718 2744//2744
f 2744//2744 1718//1718 2745//2745
f 2744//2744 2745//2745 2746//2746
f 2746//2746 2745//2745 2747//2747
f 2746//2746 2747//2747 2748//2748
f 2748//2748 2747//2747 2749//2749
f 2748//2748 2749//2749 2750//2750
f 2750//2750 2749//2749 2751//2751
f 2750//2750 2751//2751 2752//2752
f 2752//2752 2751//2751 2753//2753
f 2752//2752 2753//2753 2754//2754
f 2754//2754 2753//2753 2755//2755
f 2754//2754 2755//2755 2756//2756
f 2756//2756 2755//2755 2757//2757
f 2756//2756 2757//2757 2758//2758
f 2758//2758 2757//2757 2759//2759
f 2758//2758 2759//2759 2760//2760
f 2760//2760 2759//2759 2761//2761
f 2760//2760 2761//2761 2762//2762
f 2762//2762 2761//2761 2763//2763
f 2762//2762 2763//2763 2764//2764
f 2764//2764 2763//2763 2765//2765
f 2764//2764 2765//2765 2766//2766
f 2766//2766 2765//2765 2767//2767
f 2766//2766 2767//2767 2768//2768
f 2768//2768 2767//2767 2769//2769
f 2768//2768 2769//2769 2770//2770
f 2770//2770 2769//2769 2771//2771
f 2770//2770 2771//2771 2772//2772
f 2772//2772 2771//2771 2773//2773
f 2772//2772 2773//2773 2774//2774
f 2774//2774 2773//2773 2775//2775
f 2774//2774 2775//2775 2776//2776
f 2776//2776 2775//2775 2777//2777
f 2776//2776 2777//2777 2778//2778
f 2778//2778 2777//2777 2779//2779
f 2778//2778 2779//2779 2780//2780
f 2781//2781 2782//2782 2783//2783
f 2783//2783 2782//2782 2784//2784
f 2783//2783 2784//2784 2785//2785
f 2785//2785 2784//2784 2786//2786
f 2785//2785 2786//2786 2787//2787
f 2787//2787 2786//2786 2788//2788
f 2787//2787 2788//2788 2789//2789
f 2789//2789 2788//2788 2790//2790
f 2789//2789 2790//2790 2791//2791
f 2791//2791 2790//2790 2792//2792
f 2791//2791 2792//2792 2793//2793
f 2793//2793 2792//2792 2794//2794
f 2793//2793 2794//2794 2795//2795
f 2795//2795 2794//2794 2796//2796
f 2795//2795 2796//2796 2797//2797
f 2797//2797 2796//2796 2798//2798
f 2797//2797 2798//2798 2799//2799
f 2799//2799 2798//2798 2800//2800
f 2799//2799 2800//2800 2801//2801
f 2801//2801 2800//2800 2802//2802
f 2801//2801 2802//2802 2803//2803
f 2803//2803 2802//2802 2804//2804
f 2803//2803 2804//2804 2805//2805
f 2805//2805 2804//2804 2806//2806
f 2805//2805 2806//2806 2807//2807
f 1934//1934 2808//2808 1932//1932
f 1932//1932 2808//2808 2809//2809
f 1932//1932 2809//2809 1930//1930
f 1930//1930 2809//2809 2810//2810
f 1930//1930 2810//2810 1926//1926
f 1926//1926 2810//2810 2811//2811
f 1926//1926 2811//2811 1927//1927
f 1927//1927 2811//2811 2812//2812
f 1927//1927 2812//2812 1720//1720
f 1720//1720 2812//2812 2813//2813
f 1720//1720 2813//2813 1718//1718
f 1718//1718 2813//2813 2814//2814
f 1718//1718 2814//2814 2745//2745
f 2745//2745 2814//2814 2815//2815
f 2745//2745 2815//2815 2747//2747
f 2747//2747 2815//2815 2816//2816
f 2747//2747 2816//2816 2749//2749
f 2749//2749 2816//2816 2807//2807
f 2749//2749 2807//2807 2751//2751
f 2751//2751 2807//2807 2806//2806
f 2751//2751 2806//2806 2753//2753
f 2753//2753 2806//2806 2804//2804
f 2753//2753 2804//2804 2755//2755
f 2755//2755 2804//2804 2802//2802
f 2755//2755 2802//2802 2757//2757
f 2757//2757 2802//2802 2800//2800
f 2757//2757 2800//2800 2759//2759
f 2759//2759 2800//2800 2798//2798
f 2759//2759 2798//2798 2761//2761
f 2761//2761 2798//2798 2796//2796
f 2761//2761 2796//2796 2763//2763
f 2763//2763 2796//2796 2794//2794
f 2763//2763 2794//2794 2765//2765
f 2765//2765 2794//2794 2792//2792
f 2765//2765 2792//2792 2767//2767
f 2767//2767 2792//2792 2790//2790
f 2767//2767 2790//2790 2769//2769
f 2769//2769 2790//2790 2788//2788
f 2769//2769 2788//2788 2771//2771
f 2771//2771 2788//2788 2786//2786
f 2771//2771 2786//2786 2773//2773
f 2773//2773 2786//2786 2784//2784
f 2773//2773 2784//2784 2775//2775
f 2775//2775 2784//2784 2782//2782
f 2775//2775 2782//2782 2777//2777
f 2777//2777 2782//2782 2781//2781
f 2777//2777 2781//2781 2779//2779
f 1942//1942 1935//1935 1916//1916
f 1916//1916 1935//1935 1925//1925
f 1916//1916 1925//1925 1917//1917
f 1917//1917 1925//1925 1927//1927
f 1917//1917 1927//1927 1918//1918
f 1918//1918 1927//1927 1720//1720
f 1918//1918 1720//1720 1919//1919
f 1919//1919 1720//1720 1719//1719
f 1919//1919 1719//1719 1920//1920
f 1920//1920 1719//1719 2744//2744
f 1920//1920 2744//2744 1921//1921
f 1921//1921 2744//2744 2746//2746
f 1921//1921 2746//2746 1922//1922
f 1922//1922 2746//2746 2748//2748
f 1922//1922 2748//2748 1923//1923
f 1923//1923 2748//2748 2750//2750
f 1923//1923 2750//2750 1924//1924
f 1924//1924 2750//2750 2752//2752
f 1924//1924 2752//2752 2717//2717
f 2717//2717 2752//2752 2754//2754
f 2717//2717 2754//2754 2719//2719
f 2719//2719 2754//2754 2756//2756
f 2719//2719 2756//2756 2721//2721
f 2721//2721 2756//2756 2758//2758
f 2721//2721 2758//2758 2723//2723
f 2723//2723 2758//2758 2760//2760
f 2723//2723 2760//2760 2725//2725
f 2725//2725 2760//2760 2762//2762
f 2725//2725 2762//2762 2727//2727
f 2727//2727 2762//2762 2764//2764
f 2727//2727 2764//2764 2729//2729
f 2729//2729 2764//2764 2766//2766
f 2729//2729 2766//2766 2731//2731
f 2731//2731 2766//2766 2768//2768
f 2731//2731 2768//2768 2733//2733
f 2733//2733 2768//2768 2770//2770
f 2733//2733 2770//2770 2735//2735
f 2735//2735 2770//2770 2772//2772
f 2735//2735 2772//2772 2737//2737
f 2737//2737 2772//2772 2774//2774
f 2737//2737 2774//2774 2739//2739
f 2739//2739 2774//2774 2776//2776
f 2739//2739 2776//2776 2741//2741
f 2741//2741 2776//2776 2778//2778
f 2741//2741 2778//2778 2742//2742
f 2742//2742 2778//2778 2780//2780
f 2742//2742 2780//2780 2743//2743
f 2410//2410 2687//2687 2404//2404
f 2404//2404 2687//2687 2688//2688
f 2404//2404 2688//2688 2658//2658
f 2658//2658 2688//2688 2670//2670
f 2658//2658 2670//2670 2656//2656
f 2656//2656 2670//2670 2669//2669
f 2656//2656 2669//2669 2654//2654
f 2654//2654 2669//2669 2676//2676
f 2654//2654 2676//2676 2713//2713
f 2713//2713 2676//2676 2677//2677
f 2713//2713 2677//2677 2711//2711
f 2711//2711 2677//2677 2678//2678
f 2711//2711 2678//2678 2709//2709
f 2709//2709 2678//2678 2679//2679
f 2709//2709 2679//2679 2707//2707
f 2707//2707 2679//2679 2680//2680
f 2707//2707 2680//2680 2705//2705
f 2705//2705 2680//2680 2681//2681
f 2705//2705 2681//2681 2703//2703
f 2703//2703 2681//2681 2682//2682
f 2703//2703 2682//2682 2701//2701
f 2701//2701 2682//2682 2683//2683
f 2701//2701 2683//2683 2699//2699
f 2699//2699 2683//2683 2684//2684
f 2699//2699 2684//2684 2697//2697
f 2697//2697 2684//2684 2685//2685
f 2697//2697 2685//2685 2695//2695
f 2695//2695 2685//2685 2686//2686
f 2695//2695 2686//2686 2693//2693
f 2693//2693 2686//2686 1855//1855
f 2693//2693 1855//1855 1849//1849
f 1849//1849 1855//1855 1857//1857
f 2328//2328 2604//2604 2329//2329
f 2329//2329 2604//2604 2605//2605
f 2329//2329 2605//2605 2620//2620
f 2620//2620 2605//2605 2606//2606
f 2620//2620 2606//2606 2621//2621
f 2621//2621 2606//2606 2607//2607
f 2621//2621 2607//2607 2622//2622
f 2622//2622 2607//2607 2608//2608
f 2622//2622 2608//2608 2623//2623
f 2623//2623 2608//2608 2609//2609
f 2623//2623 2609//2609 2624//2624
f 2624//2624 2609//2609 2610//2610
f 2624//2624 2610//2610 2625//2625
f 2625//2625 2610//2610 2611//2611
f 2625//2625 2611//2611 2626//2626
f 2626//2626 2611//2611 2612//2612
f 2626//2626 2612//2612 2627//2627
f 2627//2627 2612//2612 2613//2613
f 2627//2627 2613//2613 2628//2628
f 2628//2628 2613//2613 2614//2614
f 2628//2628 2614//2614 2629//2629
f 2629//2629 2614//2614 2615//2615
f 2629//2629 2615//2615 2630//2630
f 2630//2630 2615//2615 2616//2616
f 2630//2630 2616//2616 2631//2631
f 2631//2631 2616//2616 2617//2617
f 2631//2631 2617//2617 2632//2632
f 2632//2632 2617//2617 2618//2618
f 2632//2632 2618//2618 2633//2633
f 2633//2633 2618//2618 2619//2619
f 2633//2633 2619//2619 2634//2634
f 2634//2634 2619//2619 2033//2033
f 2634//2634 2033//2033 2635//2635
f 2635//2635 2033//2033 2048//2048
f 2635//2635 2048//2048 2636//2636
f 2636//2636 2048//2048 2047//2047
f 2636//2636 2047//2047 2637//2637
f 2637//2637 2047//2047 2046//2046
f 2637//2637 2046//2046 2638//2638
f 2638//2638 2046//2046 2045//2045
f 2638//2638 2045//2045 2639//2639
f 2639//2639 2045//2045 2043//2043
f 2639//2639 2043//2043 2640//2640
f 2640//2640 2043//2043 1879//1879
f 2640//2640 1879//1879 2641//2641
f 2641//2641 1879//1879 1878//1878
f 2641//2641 1878//1878 2642//2642
f 1857//1857 2817//2817 1849//1849
f 1849//1849 2817//2817 2818//2818
f 1849//1849 2818//2818 1850//1850
f 1850//1850 2818//2818 2819//2819
f 1850//1850 2819//2819 2820//2820
f 2643//2643 1682//1682 2691//2691
f 2691//2691 1682//1682 1681//1681
f 2691//2691 1681//1681 2689//2689
f 2689//2689 1681//1681 2715//2715
f 2689//2689 2715//2715 2740//2740
f 2740//2740 2715//2715 2714//2714
f 2740//2740 2714//2714 2738//2738
f 2738//2738 2714//2714 2712//2712
f 2738//2738 2712//2712 2736//2736
f 2736//2736 2712//2712 2710//2710
f 2736//2736 2710//2710 2734//2734
f 2734//2734 2710//2710 2708//2708
f 2734//2734 2708//2708 2732//2732
f 2732//2732 2708//2708 2706//2706
f 2732//2732 2706//2706 2730//2730
f 2730//2730 2706//2706 2704//2704
f 2730//2730 2704//2704 2728//2728
f 2728//2728 2704//2704 2702//2702
f 2728//2728 2702//2702 2726//2726
f 2726//2726 2702//2702 2700//2700
f 2726//2726 2700//2700 2724//2724
f 2724//2724 2700//2700 2698//2698
f 2724//2724 2698//2698 2722//2722
f 2722//2722 2698//2698 2696//2696
f 2722//2722 2696//2696 2720//2720
f 2720//2720 2696//2696 2694//2694
f 2720//2720 2694//2694 2718//2718
f 2718//2718 2694//2694 1851//1851
f 2718//2718 1851//1851 2716//2716
f 2716//2716 1851//1851 1850//1850
f 2716//2716 1850//1850 1896//1896
f 1896//1896 1850//1850 2820//2820
f 1896//1896 2820//2820 1897//1897
f 1886//1886 1939//1939 1885//1885
f 1885//1885 1939//1939 1940//1940
f 1885//1885 1940//1940 1883//1883
f 1883//1883 1940//1940 1941//1941
f 1883//1883 1941//1941 2316//2316
f 2316//2316 1941//1941 1950//1950
f 2316//2316 1950//1950 2320//2320
f 2389//2389 2407//2407 2390//2390
f 2390//2390 2407//2407 2406//2406
f 2390//2390 2406//2406 2402//2402
f 2402//2402 2406//2406 2405//2405
f 2402//2402 2405//2405 2403//2403
f 2403//2403 2405//2405 2413//2413
f 2403//2403 2413//2413 2539//2539
f 2539//2539 2413//2413 2412//2412
f 2539//2539 2412//2412 2554//2554
f 2554//2554 2412//2412 2647//2647
f 2554//2554 2647//2647 2555//2555
f 2555//2555 2647//2647 2646//2646
f 2555//2555 2646//2646 2570//2570
f 2570//2570 2646//2646 2645//2645
f 2570//2570 2645//2645 2569//2569
f 2569//2569 2645//2645 2644//2644
f 2569//2569 2644//2644 2568//2568
f 2568//2568 2644//2644 2643//2643
f 2568//2568 2643//2643 2567//2567
f 2567//2567 2643//2643 2692//2692
f 2567//2567 2692//2692 2566//2566
f 2566//2566 2692//2692 2743//2743
f 2566//2566 2743//2743 2565//2565
f 2565//2565 2743//2743 2780//2780
f 2565//2565 2780//2780 2564//2564
f 2564//2564 2780//2780 2779//2779
f 2564//2564 2779//2779 2563//2563
f 2563//2563 2779//2779 2781//2781
f 2563//2563 2781//2781 2619//2619
f 2619//2619 2781//2781 2783//2783
f 2619//2619 2783//2783 2033//2033
f 2033//2033 2783//2783 2785//2785
f 2033//2033 2785//2785 2031//2031
f 2031//2031 2785//2785 2787//2787
f 2031//2031 2787//2787 1705//1705
f 1705//1705 2787//2787 2789//2789
f 1705//1705 2789//2789 2041//2041
f 2041//2041 2789//2789 2791//2791
f 2041//2041 2791//2791 2040//2040
f 2040//2040 2791//2791 2793//2793
f 2040//2040 2793//2793 2038//2038
f 2038//2038 2793//2793 2795//2795
f 2038//2038 2795//2795 1876//1876
f 1876//1876 2795//2795 2797//2797
f 1876//1876 2797//2797 1721//1721
f 1721//1721 2797//2797 2799//2799
f 1721//1721 2799//2799 1722//1722
f 1722//1722 2799//2799 2801//2801
f 1722//1722 2801//2801 1723//1723
f 1723//1723 2801//2801 2803//2803
f 1723//1723 2803//2803 1877//1877
f 1877//1877 2803//2803 2805//2805
f 1877//1877 2805//2805 1878//1878
f 1878//1878 2805//2805 2807//2807
f 1878//1878 2807//2807 2642//2642
f 2642//2642 2807//2807 2816//2816
f 2642//2642 2816//2816 1882//1882
f 1882//1882 2816//2816 2815//2815
f 1882//1882 2815//2815 1895//1895
f 1895//1895 2815//2815 2814//2814
f 1895//1895 2814//2814 1894//1894
f 1894//1894 2814//2814 2813//2813
f 1894//1894 2813//2813 1893//1893
f 1893//1893 2813//2813 2812//2812
f 1893//1893 2812//2812 1892//1892
f 1892//1892 2812//2812 2811//2811
f 1892//1892 2811//2811 1890//1890
f 1890//1890 2811//2811 2810//2810
f 1890//1890 2810//2810 1888//1888
f 1888//1888 2810//2810 2809//2809
f 1888//1888 2809//2809 1886//1886
f 1886//1886 2809//2809 2808//2808
f 1886//1886 2808//2808 1939//1939
f 1939//1939 2808//2808 1934//1934
f 1939//1939 1934//1934 1714//1714
f 1714//1714 1934//1934 1933//1933
f 1714//1714 1933//1933 1712//1712
f 1712//1712 1933//1933 1938//1938
f 2821//2821 2822//2822 2823//2823
f 2823//2823 2822//2822 2824//2824
f 2823//2823 2824//2824 2825//2825
f 2826//2826 2827//2827 2828//2828
f 2829//2829 2830//2830 2831//2831
f 2832//2832 2833//2833 2834//2834
f 2830//2830 2829//2829 2835//2835
f 2836//2836 2837//2837 2838//2838
f 2839//2839 2840//2840 2841//2841
f 2341//2341 2339//2339 2842//2842
f 2843//2843 2844//2844 2845//2845
f 2323//2323 2322//2322 2846//2846
f 2202//2202 2201//2201 2847//2847
f 2198//2198 2230//2230 2848//2848
f 2849//2849 2197//2197 2196//2196
f 2850//2850 2851//2851 2852//2852
f 2853//2853 2854//2854 2855//2855
f 2856//2856 2857//2857 2858//2858
f 2859//2859 2860//2860 2861//2861
f 2862//2862 2863//2863 2864//2864
f 2865//2865 2866//2866 2867//2867
f 2868//2868 2869//2869 2870//2870
f 2871//2871 2872//2872 2873//2873
f 2874//2874 2875//2875 2876//2876
f 1736//1736 1773//1773 2877//2877
f 1772//1772 1771//1771 2878//2878
f 1769//1769 1768//1768 2879//2879
f 1766//1766 1765//1765 2880//2880
f 1763//1763 1762//1762 2881//2881
f 1760//1760 1759//1759 2882//2882
f 1756//1756 1754//1754 2883//2883
f 1740//1740 1739//1739 2884//2884
f 2885//2885 2886//2886 2887//2887
f 2887//2887 2886//2886 2888//2888
f 2887//2887 2888//2888 2889//2889
f 2885//2885 2887//2887 2890//2890
f 2890//2890 2887//2887 2891//2891
f 2890//2890 2891//2891 2892//2892
f 2893//2893 1750//1750 1749//1749
f 2893//2893 1749//1749 2894//2894
f 2883//2883 1754//1754 2893//2893
f 2893//2893 1754//1754 1752//1752
f 2893//2893 1752//1752 1750//1750
f 2874//2874 1737//1737 1736//1736
f 1736//1736 2877//2877 2874//2874
f 2874//2874 2877//2877 2895//2895
f 2874//2874 2895//2895 2875//2875
f 2896//2896 1782//1782 1781//1781
f 1784//1784 1782//1782 2897//2897
f 2897//2897 1782//1782 2896//2896
f 2897//2897 2896//2896 2898//2898
f 2899//2899 2900//2900 2901//2901
f 2901//2901 2900//2900 2902//2902
f 2903//2903 2898//2898 2876//2876
f 2876//2876 2898//2898 2896//2896
f 2876//2876 2896//2896 2874//2874
f 2874//2874 2896//2896 1781//1781
f 2874//2874 1781//1781 1737//1737
f 2904//2904 2905//2905 2906//2906
f 2906//2906 2905//2905 2907//2907
f 2908//2908 2909//2909 2910//2910
f 2910//2910 2909//2909 2911//2911
f 2912//2912 2913//2913 2904//2904
f 2914//2914 2915//2915 2899//2899
f 2916//2916 2917//2917 2918//2918
f 2918//2918 2919//2919 2916//2916
f 2916//2916 2919//2919 2920//2920
f 2916//2916 2920//2920 2921//2921
f 2866//2866 2865//2865 2922//2922
f 2922//2922 2865//2865 2923//2923
f 2922//2922 2923//2923 2924//2924
f 2924//2924 2923//2923 2925//2925
f 2924//2924 2925//2925 2926//2926
f 2927//2927 2928//2928 2929//2929
f 2925//2925 2930//2930 2931//2931
f 2925//2925 2931//2931 2926//2926
f 2926//2926 2931//2931 2932//2932
f 2926//2926 2932//2932 2933//2933
f 2934//2934 2935//2935 2936//2936
f 2937//2937 2938//2938 2908//2908
f 2916//2916 2939//2939 2917//2917
f 2917//2917 2939//2939 2940//2940
f 2917//2917 2940//2940 2941//2941
f 2941//2941 2940//2940 2942//2942
f 2941//2941 2942//2942 2943//2943
f 2943//2943 2942//2942 2944//2944
f 2943//2943 2944//2944 2945//2945
f 2945//2945 2944//2944 2946//2946
f 2945//2945 2946//2946 2947//2947
f 2947//2947 2946//2946 2948//2948
f 2947//2947 2948//2948 2949//2949
f 2949//2949 2948//2948 2950//2950
f 2949//2949 2950//2950 2951//2951
f 2951//2951 2950//2950 2952//2952
f 2951//2951 2952//2952 2953//2953
f 2953//2953 2952//2952 2954//2954
f 2953//2953 2954//2954 2955//2955
f 2955//2955 2954//2954 2956//2956
f 2955//2955 2956//2956 2957//2957
f 2869//2869 2868//2868 2958//2958
f 2958//2958 2868//2868 2959//2959
f 2958//2958 2959//2959 2960//2960
f 2960//2960 2959//2959 2961//2961
f 2960//2960 2961//2961 2962//2962
f 2962//2962 2961//2961 2963//2963
f 2962//2962 2963//2963 2964//2964
f 2964//2964 2963//2963 2965//2965
f 2964//2964 2965//2965 2966//2966
f 2966//2966 2965//2965 2967//2967
f 2966//2966 2967//2967 2968//2968
f 2968//2968 2967//2967 2969//2969
f 2968//2968 2969//2969 2970//2970
f 2970//2970 2969//2969 2971//2971
f 2970//2970 2971//2971 2972//2972
f 2972//2972 2971//2971 2973//2973
f 2972//2972 2973//2973 2974//2974
f 2974//2974 2973//2973 2975//2975
f 2974//2974 2975//2975 2976//2976
f 2976//2976 2975//2975 2927//2927
f 2976//2976 2927//2927 2934//2934
f 2934//2934 2927//2927 2929//2929
f 2934//2934 2929//2929 2935//2935
f 2977//2977 2978//2978 2979//2979
f 2979//2979 2978//2978 2870//2870
f 2979//2979 2870//2870 2980//2980
f 2980//2980 2870//2870 2869//2869
f 2980//2980 2869//2869 2981//2981
f 2981//2981 2869//2869 2958//2958
f 2981//2981 2958//2958 2982//2982
f 2982//2982 2958//2958 2960//2960
f 2982//2982 2960//2960 2957//2957
f 2957//2957 2960//2960 2962//2962
f 2957//2957 2962//2962 2955//2955
f 2955//2955 2962//2962 2964//2964
f 2955//2955 2964//2964 2953//2953
f 2953//2953 2964//2964 2966//2966
f 2953//2953 2966//2966 2951//2951
f 2951//2951 2966//2966 2968//2968
f 2951//2951 2968//2968 2949//2949
f 2949//2949 2968//2968 2970//2970
f 2949//2949 2970//2970 2947//2947
f 2947//2947 2970//2970 2972//2972
f 2947//2947 2972//2972 2945//2945
f 2945//2945 2972//2972 2974//2974
f 2945//2945 2974//2974 2943//2943
f 2943//2943 2974//2974 2976//2976
f 2943//2943 2976//2976 2941//2941
f 2941//2941 2976//2976 2934//2934
f 2941//2941 2934//2934 2917//2917
f 2917//2917 2934//2934 2936//2936
f 2917//2917 2936//2936 2918//2918
f 2983//2983 2977//2977 2984//2984
f 2984//2984 2977//2977 2979//2979
f 2984//2984 2979//2979 2985//2985
f 2985//2985 2979//2979 2980//2980
f 2985//2985 2980//2980 2986//2986
f 2986//2986 2980//2980 2981//2981
f 2986//2986 2981//2981 2987//2987
f 2987//2987 2981//2981 2982//2982
f 2987//2987 2982//2982 2988//2988
f 2988//2988 2982//2982 2957//2957
f 2988//2988 2957//2957 2989//2989
f 2989//2989 2957//2957 2956//2956
f 2989//2989 2956//2956 2873//2873
f 2873//2873 2956//2956 2954//2954
f 2873//2873 2954//2954 2871//2871
f 2871//2871 2954//2954 2952//2952
f 2990//2990 2991//2991 2992//2992
f 2992//2992 2991//2991 2993//2993
f 2992//2992 2993//2993 2994//2994
f 2994//2994 2993//2993 2995//2995
f 2996//2996 2997//2997 2998//2998
f 2998//2998 2997//2997 2999//2999
f 2998//2998 2999//2999 3000//3000
f 3000//3000 2999//2999 3001//3001
f 3000//3000 3001//3001 3002//3002
f 3002//3002 3001//3001 3003//3003
f 3002//3002 3003//3003 2983//2983
f 3004//3004 3003//3003 3005//3005
f 3005//3005 3003//3003 3001//3001
f 3005//3005 3001//3001 3006//3006
f 3006//3006 3001//3001 2999//2999
f 3006//3006 2999//2999 3007//3007
f 3007//3007 2999//2999 2997//2997
f 3007//3007 2997//2997 2995//2995
f 2995//2995 2997//2997 2996//2996
f 2995//2995 2996//2996 2994//2994
f 2991//2991 3008//3008 2993//2993
f 2993//2993 3008//3008 3009//3009
f 2993//2993 3009//3009 2995//2995
f 2995//2995 3009//3009 3010//3010
f 2995//2995 3010//3010 3007//3007
f 3007//3007 3010//3010 3011//3011
f 3007//3007 3011//3011 3006//3006
f 3006//3006 3011//3011 3012//3012
f 3006//3006 3012//3012 3005//3005
f 3005//3005 3012//3012 3013//3013
f 3005//3005 3013//3013 3004//3004
f 3004//3004 3013//3013 3014//3014
f 2978//2978 3015//3015 2870//2870
f 2870//2870 3015//3015 3016//3016
f 2870//2870 3016//3016 2868//2868
f 2868//2868 3016//3016 3017//3017
f 2868//2868 3017//3017 2959//2959
f 2959//2959 3017//3017 3018//3018
f 2959//2959 3018//3018 2961//2961
f 2961//2961 3018//3018 3019//3019
f 2961//2961 3019//3019 2963//2963
f 2963//2963 3019//3019 3020//3020
f 2963//2963 3020//3020 2965//2965
f 2965//2965 3020//3020 3021//3021
f 2965//2965 3021//3021 2967//2967
f 2967//2967 3021//3021 2867//2867
f 2967//2967 2867//2867 2969//2969
f 2969//2969 2867//2867 2866//2866
f 2969//2969 2866//2866 2971//2971
f 2971//2971 2866//2866 2922//2922
f 2971//2971 2922//2922 2973//2973
f 2973//2973 2922//2922 2924//2924
f 2973//2973 2924//2924 2975//2975
f 2975//2975 2924//2924 2926//2926
f 2975//2975 2926//2926 2927//2927
f 2927//2927 2926//2926 2933//2933
f 2927//2927 2933//2933 2928//2928
f 3022//3022 3023//3023 3024//3024
f 3025//3025 3026//3026 3027//3027
f 3025//3025 3028//3028 3026//3026
f 3026//3026 3028//3028 3029//3029
f 3026//3026 3029//3029 3024//3024
f 3024//3024 3029//3029 3030//3030
f 3024//3024 3030//3030 3022//3022
f 3022//3022 3031//3031 3023//3023
f 3023//3023 3031//3031 3032//3032
f 3023//3023 3032//3032 3033//3033
f 3033//3033 3032//3032 3034//3034
f 3033//3033 3034//3034 3035//3035
f 3035//3035 3034//3034 3036//3036
f 3035//3035 3036//3036 3037//3037
f 3038//3038 3039//3039 3040//3040
f 2892//2892 2891//2891 3041//3041
f 3041//3041 2891//2891 3042//3042
f 3041//3041 3042//3042 2884//2884
f 2884//2884 3042//3042 1945//1945
f 2884//2884 1945//1945 1740//1740
f 2888//2888 3043//3043 2889//2889
f 2889//2889 3043//3043 3044//3044
f 2889//2889 3044//3044 3045//3045
f 3045//3045 3044//3044 3046//3046
f 3045//3045 3046//3046 3047//3047
f 3047//3047 3046//3046 3048//3048
f 3047//3047 3048//3048 3039//3039
f 3039//3039 3048//3048 3049//3049
f 3039//3039 3049//3049 3040//3040
f 1946//1946 1945//1945 3008//3008
f 3008//3008 1945//1945 3042//3042
f 3008//3008 3042//3042 3009//3009
f 3009//3009 3042//3042 2891//2891
f 3009//3009 2891//2891 3010//3010
f 3010//3010 2891//2891 2887//2887
f 3010//3010 2887//2887 3011//3011
f 3011//3011 2887//2887 2889//2889
f 3011//3011 2889//2889 3012//3012
f 3012//3012 2889//2889 3045//3045
f 3012//3012 3045//3045 3013//3013
f 3013//3013 3045//3045 3047//3047
f 3013//3013 3047//3047 3014//3014
f 3014//3014 3047//3047 3039//3039
f 3014//3014 3039//3039 3050//3050
f 3050//3050 3039//3039 3038//3038
f 3050//3050 3038//3038 3051//3051
f 3051//3051 3038//3038 3027//3027
f 3051//3051 3027//3027 3052//3052
f 3052//3052 3027//3027 3026//3026
f 3052//3052 3026//3026 3053//3053
f 3053//3053 3026//3026 3024//3024
f 3053//3053 3024//3024 3054//3054
f 3054//3054 3024//3024 3023//3023
f 3054//3054 3023//3023 3055//3055
f 3055//3055 3023//3023 3033//3033
f 3055//3055 3033//3033 3056//3056
f 3056//3056 3033//3033 3035//3035
f 3056//3056 3035//3035 3057//3057
f 3057//3057 3035//3035 3037//3037
f 3057//3057 3037//3037 3058//3058
f 3058//3058 3037//3037 3059//3059
f 3040//3040 3060//3060 3038//3038
f 3038//3038 3060//3060 3061//3061
f 3038//3038 3061//3061 3027//3027
f 3027//3027 3061//3061 3062//3062
f 3027//3027 3062//3062 3025//3025
f 2320//2320 1950//1950 2990//2990
f 2990//2990 1950//1950 1949//1949
f 2990//2990 1949//1949 2991//2991
f 2991//2991 1949//1949 1948//1948
f 2991//2991 1948//1948 3008//3008
f 3008//3008 1948//1948 1947//1947
f 3008//3008 1947//1947 1946//1946
f 3063//3063 3064//3064 3065//3065
f 3063//3063 3066//3066 3064//3064
f 3064//3064 3066//3066 3067//3067
f 3064//3064 3067//3067 3068//3068
f 3069//3069 2857//2857 3070//3070
f 3067//3067 3071//3071 3068//3068
f 3068//3068 3071//3071 3072//3072
f 3068//3068 3072//3072 3073//3073
f 3073//3073 3072//3072 3074//3074
f 3073//3073 3074//3074 3075//3075
f 3075//3075 3074//3074 3076//3076
f 3075//3075 3076//3076 3077//3077
f 3076//3076 3078//3078 3077//3077
f 3077//3077 3078//3078 3079//3079
f 3077//3077 3079//3079 3080//3080
f 3081//3081 3082//3082 3083//3083
f 2860//2860 2859//2859 3084//3084
f 3079//3079 3085//3085 3080//3080
f 3080//3080 3085//3085 3086//3086
f 3080//3080 3086//3086 3087//3087
f 3087//3087 3086//3086 3088//3088
f 3087//3087 3088//3088 3089//3089
f 3090//3090 3091//3091 3092//3092
f 3092//3092 3091//3091 3093//3093
f 3092//3092 3093//3093 3094//3094
f 3094//3094 3093//3093 3095//3095
f 3094//3094 3095//3095 3096//3096
f 3096//3096 3095//3095 3097//3097
f 3096//3096 3097//3097 3098//3098
f 3098//3098 3097//3097 3099//3099
f 3098//3098 3099//3099 3100//3100
f 3100//3100 3099//3099 3101//3101
f 3100//3100 3101//3101 3102//3102
f 3102//3102 3101//3101 3103//3103
f 3102//3102 3103//3103 3104//3104
f 3104//3104 3103//3103 3105//3105
f 3106//3106 3107//3107 2853//2853
f 2853//2853 3107//3107 3108//3108
f 2853//2853 3108//3108 2854//2854
f 2854//2854 3108//3108 3109//3109
f 3110//3110 3111//3111 3112//3112
f 3112//3112 3111//3111 3113//3113
f 3112//3112 3113//3113 3114//3114
f 3114//3114 3113//3113 3115//3115
f 3114//3114 3115//3115 3116//3116
f 3116//3116 3115//3115 2855//2855
f 3116//3116 2855//2855 3117//3117
f 3117//3117 2855//2855 2854//2854
f 3117//3117 2854//2854 3118//3118
f 3118//3118 2854//2854 3109//3109
f 3118//3118 3109//3109 2856//2856
f 3106//3106 2853//2853 3119//3119
f 3119//3119 2853//2853 2855//2855
f 3119//3119 2855//2855 3120//3120
f 3120//3120 2855//2855 3115//3115
f 3120//3120 3115//3115 3121//3121
f 3121//3121 3115//3115 3113//3113
f 3121//3121 3113//3113 3122//3122
f 3122//3122 3113//3113 3111//3111
f 3122//3122 3111//3111 3123//3123
f 3123//3123 3111//3111 3110//3110
f 3123//3123 3110//3110 3124//3124
f 3124//3124 3110//3110 3125//3125
f 3124//3124 3125//3125 3126//3126
f 3088//3088 3127//3127 3089//3089
f 3089//3089 3127//3127 3128//3128
f 3089//3089 3128//3128 3129//3129
f 3128//3128 3130//3130 3129//3129
f 3129//3129 3130//3130 3131//3131
f 3129//3129 3131//3131 3132//3132
f 3132//3132 3131//3131 3133//3133
f 3133//3133 3134//3134 3132//3132
f 3132//3132 3134//3134 3135//3135
f 3132//3132 3135//3135 3136//3136
f 3137//3137 3138//3138 3139//3139
f 3139//3139 3138//3138 3140//3140
f 3139//3139 3140//3140 3141//3141
f 3082//3082 3081//3081 3142//3142
f 3142//3142 3081//3081 3143//3143
f 3142//3142 3143//3143 3144//3144
f 3144//3144 3143//3143 3145//3145
f 3144//3144 3145//3145 3146//3146
f 3146//3146 3145//3145 3147//3147
f 3146//3146 3147//3147 3148//3148
f 3148//3148 3147//3147 3149//3149
f 3148//3148 3149//3149 3150//3150
f 3150//3150 3149//3149 3151//3151
f 3150//3150 3151//3151 3152//3152
f 3152//3152 3151//3151 3153//3153
f 3152//3152 3153//3153 3154//3154
f 3154//3154 3153//3153 3141//3141
f 3154//3154 3141//3141 3155//3155
f 3155//3155 3141//3141 3140//3140
f 3155//3155 3140//3140 3156//3156
f 3157//3157 3158//3158 3159//3159
f 3160//3160 3158//3158 3161//3161
f 3161//3161 3158//3158 3157//3157
f 3161//3161 3157//3157 3162//3162
f 3138//3138 3163//3163 3140//3140
f 3140//3140 3163//3163 3164//3164
f 3140//3140 3164//3164 3156//3156
f 3156//3156 3164//3164 3165//3165
f 3156//3156 3165//3165 2850//2850
f 3166//3166 3167//3167 3168//3168
f 3168//3168 3167//3167 3169//3169
f 3168//3168 3169//3169 3170//3170
f 3170//3170 3169//3169 3171//3171
f 3170//3170 3171//3171 3172//3172
f 3172//3172 3171//3171 3173//3173
f 3172//3172 3173//3173 3174//3174
f 3174//3174 3173//3173 3175//3175
f 3174//3174 3175//3175 3176//3176
f 3176//3176 3175//3175 3177//3177
f 3176//3176 3177//3177 3178//3178
f 2850//2850 2852//2852 3156//3156
f 3156//3156 2852//2852 3179//3179
f 3156//3156 3179//3179 3155//3155
f 3155//3155 3179//3179 3180//3180
f 3155//3155 3180//3180 3154//3154
f 3154//3154 3180//3180 3181//3181
f 3154//3154 3181//3181 3152//3152
f 3152//3152 3181//3181 3182//3182
f 3152//3152 3182//3182 3150//3150
f 3150//3150 3182//3182 3183//3183
f 3150//3150 3183//3183 3148//3148
f 3148//3148 3183//3183 3184//3184
f 3148//3148 3184//3184 3146//3146
f 3146//3146 3184//3184 3185//3185
f 3146//3146 3185//3185 3144//3144
f 3144//3144 3185//3185 3186//3186
f 3144//3144 3186//3186 3142//3142
f 3142//3142 3186//3186 3187//3187
f 3142//3142 3187//3187 3082//3082
f 3082//3082 3187//3187 3188//3188
f 3082//3082 3188//3188 3083//3083
f 2204//2204 3167//3167 2206//2206
f 2206//2206 3167//3167 3166//3166
f 2206//2206 3166//3166 2207//2207
f 2204//2204 2202//2202 3167//3167
f 3167//3167 2202//2202 2847//2847
f 3167//3167 2847//2847 3169//3169
f 3169//3169 2847//2847 3189//3189
f 3169//3169 3189//3189 3171//3171
f 3171//3171 3189//3189 3190//3190
f 3171//3171 3190//3190 3173//3173
f 3173//3173 3190//3190 3191//3191
f 3173//3173 3191//3191 3175//3175
f 3175//3175 3191//3191 3192//3192
f 3175//3175 3192//3192 3177//3177
f 3177//3177 3192//3192 3193//3193
f 3177//3177 3193//3193 3178//3178
f 3178//3178 3193//3193 3194//3194
f 3178//3178 3194//3194 3195//3195
f 2208//2208 2852//2852 2196//2196
f 2196//2196 2852//2852 2851//2851
f 2196//2196 2851//2851 2849//2849
f 2208//2208 2207//2207 2852//2852
f 2852//2852 2207//2207 3166//3166
f 2852//2852 3166//3166 3179//3179
f 3179//3179 3166//3166 3168//3168
f 3179//3179 3168//3168 3180//3180
f 3180//3180 3168//3168 3170//3170
f 3180//3180 3170//3170 3181//3181
f 3181//3181 3170//3170 3172//3172
f 3181//3181 3172//3172 3182//3182
f 3182//3182 3172//3172 3174//3174
f 3182//3182 3174//3174 3183//3183
f 3183//3183 3174//3174 3176//3176
f 3183//3183 3176//3176 3184//3184
f 3184//3184 3176//3176 3178//3178
f 3184//3184 3178//3178 3185//3185
f 3185//3185 3178//3178 3195//3195
f 3185//3185 3195//3195 3186//3186
f 3186//3186 3195//3195 3196//3196
f 3186//3186 3196//3196 3187//3187
f 3187//3187 3196//3196 3197//3197
f 3187//3187 3197//3197 3188//3188
f 2201//2201 2198//2198 2847//2847
f 2847//2847 2198//2198 2848//2848
f 2847//2847 2848//2848 3189//3189
f 3189//3189 2848//2848 3198//3198
f 3189//3189 3198//3198 3190//3190
f 3190//3190 3198//3198 3199//3199
f 3190//3190 3199//3199 3191//3191
f 3191//3191 3199//3199 3200//3200
f 3191//3191 3200//3200 3192//3192
f 3192//3192 3200//3200 3201//3201
f 3192//3192 3201//3201 3193//3193
f 3193//3193 3201//3201 3202//3202
f 3193//3193 3202//3202 3194//3194
f 3194//3194 3202//3202 3203//3203
f 3194//3194 3203//3203 3195//3195
f 3195//3195 3203//3203 3204//3204
f 3195//3195 3204//3204 3196//3196
f 3196//3196 3204//3204 3205//3205
f 3196//3196 3205//3205 3197//3197
f 3206//3206 3160//3160 3207//3207
f 3207//3207 3160//3160 3161//3161
f 3207//3207 3161//3161 3208//3208
f 3208//3208 3161//3161 3162//3162
f 3208//3208 3162//3162 3209//3209
f 3210//3210 3211//3211 3212//3212
f 3212//3212 3211//3211 3213//3213
f 3212//3212 3213//3213 3214//3214
f 3214//3214 3213//3213 3215//3215
f 3214//3214 3215//3215 3216//3216
f 3216//3216 3215//3215 3217//3217
f 3216//3216 3217//3217 3218//3218
f 3218//3218 3217//3217 3219//3219
f 3218//3218 3219//3219 3220//3220
f 3221//3221 3222//3222 3223//3223
f 3223//3223 3222//3222 3224//3224
f 3223//3223 3224//3224 3225//3225
f 3225//3225 3224//3224 3226//3226
f 3225//3225 3226//3226 3227//3227
f 3227//3227 3226//3226 3228//3228
f 3227//3227 3228//3228 3229//3229
f 3229//3229 3228//3228 3230//3230
f 3229//3229 3230//3230 3231//3231
f 3231//3231 3230//3230 3232//3232
f 3231//3231 3232//3232 3233//3233
f 3233//3233 3232//3232 3234//3234
f 3233//3233 3234//3234 3235//3235
f 3219//3219 2221//2221 2212//2212
f 3219//3219 2212//2212 3220//3220
f 3220//3220 2212//2212 2220//2220
f 3220//3220 2220//2220 2219//2219
f 3222//3222 3210//3210 3224//3224
f 3224//3224 3210//3210 3212//3212
f 3224//3224 3212//3212 3226//3226
f 3226//3226 3212//3212 3214//3214
f 3226//3226 3214//3214 3228//3228
f 3228//3228 3214//3214 3216//3216
f 3228//3228 3216//3216 3230//3230
f 3230//3230 3216//3216 3218//3218
f 3230//3230 3218//3218 3232//3232
f 3232//3232 3218//3218 3220//3220
f 3232//3232 3220//3220 3234//3234
f 3234//3234 3220//3220 2219//2219
f 2229//2229 2228//2228 3209//3209
f 3209//3209 2228//2228 2211//2211
f 3209//3209 2211//2211 3208//3208
f 3208//3208 2211//2211 2227//2227
f 3208//3208 2227//2227 3207//3207
f 3207//3207 2227//2227 2226//2226
f 3207//3207 2226//2226 3206//3206
f 3206//3206 2226//2226 2224//2224
f 3206//3206 2224//2224 2222//2222
f 3211//3211 3159//3159 3213//3213
f 3213//3213 3159//3159 3158//3158
f 3213//3213 3158//3158 3215//3215
f 3215//3215 3158//3158 3160//3160
f 3215//3215 3160//3160 3217//3217
f 3217//3217 3160//3160 3206//3206
f 3217//3217 3206//3206 3219//3219
f 3219//3219 3206//3206 2222//2222
f 3219//3219 2222//2222 2221//2221
f 2230//2230 2229//2229 2848//2848
f 2848//2848 2229//2229 3209//3209
f 2848//2848 3209//3209 3198//3198
f 3198//3198 3209//3209 3162//3162
f 3198//3198 3162//3162 3199//3199
f 3199//3199 3162//3162 3157//3157
f 3199//3199 3157//3157 3200//3200
f 3200//3200 3157//3157 3159//3159
f 3200//3200 3159//3159 3201//3201
f 3201//3201 3159//3159 3211//3211
f 3201//3201 3211//3211 3202//3202
f 3202//3202 3211//3211 3210//3210
f 3202//3202 3210//3210 3203//3203
f 3203//3203 3210//3210 3222//3222
f 3203//3203 3222//3222 3204//3204
f 3204//3204 3222//3222 3221//3221
f 3204//3204 3221//3221 3205//3205
f 3236//3236 3237//3237 3238//3238
f 3238//3238 3237//3237 3239//3239
f 3238//3238 3239//3239 3240//3240
f 3240//3240 3239//3239 3241//3241
f 3240//3240 3241//3241 3242//3242
f 3242//3242 3241//3241 3243//3243
f 3242//3242 3243//3243 3244//3244
f 3244//3244 3243//3243 3245//3245
f 3244//3244 3245//3245 3246//3246
f 3246//3246 3245//3245 3247//3247
f 3246//3246 3247//3247 3248//3248
f 3248//3248 3247//3247 3249//3249
f 3248//3248 3249//3249 3250//3250
f 3250//3250 3249//3249 3251//3251
f 3250//3250 3251//3251 3252//3252
f 3252//3252 3251//3251 3253//3253
f 3252//3252 3253//3253 3254//3254
f 3254//3254 3253//3253 3255//3255
f 3254//3254 3255//3255 3256//3256
f 3256//3256 3255//3255 3257//3257
f 3256//3256 3257//3257 3258//3258
f 3258//3258 3257//3257 3259//3259
f 3258//3258 3259//3259 3260//3260
f 3260//3260 3259//3259 3261//3261
f 3260//3260 3261//3261 3262//3262
f 3263//3263 3264//3264 3265//3265
f 3265//3265 3264//3264 3266//3266
f 3265//3265 3266//3266 3267//3267
f 3267//3267 3266//3266 3268//3268
f 3267//3267 3268//3268 3269//3269
f 3269//3269 3268//3268 3270//3270
f 3269//3269 3270//3270 3271//3271
f 3271//3271 3270//3270 3272//3272
f 3271//3271 3272//3272 3273//3273
f 3273//3273 3272//3272 3274//3274
f 3273//3273 3274//3274 3275//3275
f 3275//3275 3274//3274 3276//3276
f 3275//3275 3276//3276 3277//3277
f 3277//3277 3276//3276 3278//3278
f 3277//3277 3278//3278 3279//3279
f 3279//3279 3278//3278 3280//3280
f 3279//3279 3280//3280 3281//3281
f 3281//3281 3280//3280 3282//3282
f 3281//3281 3282//3282 3283//3283
f 3283//3283 3282//3282 3284//3284
f 3283//3283 3284//3284 3285//3285
f 3285//3285 3284//3284 3286//3286
f 3285//3285 3286//3286 3287//3287
f 3287//3287 3286//3286 3288//3288
f 3287//3287 3288//3288 3289//3289
f 3289//3289 3288//3288 3290//3290
f 3289//3289 3290//3290 3291//3291
f 2862//2862 2864//2864 3292//3292
f 3292//3292 2864//2864 3293//3293
f 3292//3292 3293//3293 3294//3294
f 3294//3294 3293//3293 3295//3295
f 3294//3294 3295//3295 3296//3296
f 3296//3296 3295//3295 3297//3297
f 3296//3296 3297//3297 3298//3298
f 3298//3298 3297//3297 3299//3299
f 3298//3298 3299//3299 3300//3300
f 3300//3300 3299//3299 3301//3301
f 3300//3300 3301//3301 3302//3302
f 3302//3302 3301//3301 3303//3303
f 3302//3302 3303//3303 3304//3304
f 3304//3304 3303//3303 3305//3305
f 3304//3304 3305//3305 3306//3306
f 3306//3306 3305//3305 3307//3307
f 3306//3306 3307//3307 3308//3308
f 3308//3308 3307//3307 3309//3309
f 3308//3308 3309//3309 3310//3310
f 3310//3310 3309//3309 3311//3311
f 3310//3310 3311//3311 3312//3312
f 3312//3312 3311//3311 3313//3313
f 3312//3312 3313//3313 3314//3314
f 3314//3314 3313//3313 3315//3315
f 3314//3314 3315//3315 3316//3316
f 3316//3316 3315//3315 3317//3317
f 3316//3316 3317//3317 3318//3318
f 3261//3261 2302//2302 3262//3262
f 3262//3262 2302//2302 2259//2259
f 3262//3262 2259//2259 2257//2257
f 3263//3263 3236//3236 3264//3264
f 3264//3264 3236//3236 3238//3238
f 3264//3264 3238//3238 3266//3266
f 3266//3266 3238//3238 3240//3240
f 3266//3266 3240//3240 3268//3268
f 3268//3268 3240//3240 3242//3242
f 3268//3268 3242//3242 3270//3270
f 3270//3270 3242//3242 3244//3244
f 3270//3270 3244//3244 3272//3272
f 3272//3272 3244//3244 3246//3246
f 3272//3272 3246//3246 3274//3274
f 3274//3274 3246//3246 3248//3248
f 3274//3274 3248//3248 3276//3276
f 3276//3276 3248//3248 3250//3250
f 3276//3276 3250//3250 3278//3278
f 3278//3278 3250//3250 3252//3252
f 3278//3278 3252//3252 3280//3280
f 3280//3280 3252//3252 3254//3254
f 3280//3280 3254//3254 3282//3282
f 3282//3282 3254//3254 3256//3256
f 3282//3282 3256//3256 3284//3284
f 3284//3284 3256//3256 3258//3258
f 3284//3284 3258//3258 3286//3286
f 3286//3286 3258//3258 3260//3260
f 3286//3286 3260//3260 3288//3288
f 3288//3288 3260//3260 3262//3262
f 3288//3288 3262//3262 3290//3290
f 3290//3290 3262//3262 2257//2257
f 3319//3319 2268//2268 2262//2262
f 3295//3295 3320//3320 3297//3297
f 3297//3297 3320//3320 3321//3321
f 3297//3297 3321//3321 3299//3299
f 3299//3299 3321//3321 3322//3322
f 3299//3299 3322//3322 3301//3301
f 3301//3301 3322//3322 3323//3323
f 3301//3301 3323//3323 3303//3303
f 3303//3303 3323//3323 3324//3324
f 3303//3303 3324//3324 3305//3305
f 3305//3305 3324//3324 3325//3325
f 3305//3305 3325//3325 3307//3307
f 3307//3307 3325//3325 3326//3326
f 3307//3307 3326//3326 3309//3309
f 3309//3309 3326//3326 3327//3327
f 3309//3309 3327//3327 3311//3311
f 3311//3311 3327//3327 3328//3328
f 3311//3311 3328//3328 3313//3313
f 3313//3313 3328//3328 3329//3329
f 3313//3313 3329//3329 3315//3315
f 3315//3315 3329//3329 3319//3319
f 3315//3315 3319//3319 3317//3317
f 3317//3317 3319//3319 2262//2262
f 2257//2257 2256//2256 3290//3290
f 3290//3290 2256//2256 2253//2253
f 3290//3290 2253//2253 3291//3291
f 3291//3291 2253//2253 2270//2270
f 3291//3291 2270//2270 2269//2269
f 3330//3330 3263//3263 2863//2863
f 2863//2863 3263//3263 3265//3265
f 2863//2863 3265//3265 2864//2864
f 2864//2864 3265//3265 3267//3267
f 2864//2864 3267//3267 3293//3293
f 3293//3293 3267//3267 3269//3269
f 3293//3293 3269//3269 3295//3295
f 3295//3295 3269//3269 3271//3271
f 3295//3295 3271//3271 3320//3320
f 3320//3320 3271//3271 3273//3273
f 3320//3320 3273//3273 3321//3321
f 3321//3321 3273//3273 3275//3275
f 3321//3321 3275//3275 3322//3322
f 3322//3322 3275//3275 3277//3277
f 3322//3322 3277//3277 3323//3323
f 3323//3323 3277//3277 3279//3279
f 3323//3323 3279//3279 3324//3324
f 3324//3324 3279//3279 3281//3281
f 3324//3324 3281//3281 3325//3325
f 3325//3325 3281//3281 3283//3283
f 3325//3325 3283//3283 3326//3326
f 3326//3326 3283//3283 3285//3285
f 3326//3326 3285//3285 3327//3327
f 3327//3327 3285//3285 3287//3287
f 3327//3327 3287//3287 3328//3328
f 3328//3328 3287//3287 3289//3289
f 3328//3328 3289//3289 3329//3329
f 3329//3329 3289//3289 3291//3291
f 3329//3329 3291//3291 3319//3319
f 3319//3319 3291//3291 2269//2269
f 3319//3319 2269//2269 2268//2268
f 2300//2300 3331//3331 3332//3332
f 3332//3332 3331//3331 3333//3333
f 3332//3332 3333//3333 3334//3334
f 3334//3334 3333//3333 3335//3335
f 3334//3334 3335//3335 3336//3336
f 3336//3336 3335//3335 3337//3337
f 3336//3336 3337//3337 3338//3338
f 3338//3338 3337//3337 3339//3339
f 3338//3338 3339//3339 3340//3340
f 3340//3340 3339//3339 3341//3341
f 3340//3340 3341//3341 3342//3342
f 3342//3342 3341//3341 3343//3343
f 3342//3342 3343//3343 3344//3344
f 3344//3344 3343//3343 3345//3345
f 3344//3344 3345//3345 3346//3346
f 3346//3346 3345//3345 3347//3347
f 3346//3346 3347//3347 3348//3348
f 3348//3348 3347//3347 3349//3349
f 3348//3348 3349//3349 3350//3350
f 3350//3350 3349//3349 3351//3351
f 3350//3350 3351//3351 3352//3352
f 3352//3352 3351//3351 3353//3353
f 3352//3352 3353//3353 3354//3354
f 3354//3354 3353//3353 3355//3355
f 3354//3354 3355//3355 3356//3356
f 3356//3356 3355//3355 3357//3357
f 3356//3356 3357//3357 3358//3358
f 3358//3358 3357//3357 3069//3069
f 3358//3358 3069//3069 3359//3359
f 3359//3359 3069//3069 3070//3070
f 3359//3359 3070//3070 3360//3360
f 2262//2262 2261//2261 3317//3317
f 3317//3317 2261//2261 2265//2265
f 3317//3317 2265//2265 3318//3318
f 3318//3318 2265//2265 2267//2267
f 3318//3318 2267//2267 2301//2301
f 3330//3330 2863//2863 3360//3360
f 3360//3360 2863//2863 2862//2862
f 3360//3360 2862//2862 3359//3359
f 3359//3359 2862//2862 3292//3292
f 3359//3359 3292//3292 3358//3358
f 3358//3358 3292//3292 3294//3294
f 3358//3358 3294//3294 3356//3356
f 3356//3356 3294//3294 3296//3296
f 3356//3356 3296//3296 3354//3354
f 3354//3354 3296//3296 3298//3298
f 3354//3354 3298//3298 3352//3352
f 3352//3352 3298//3298 3300//3300
f 3352//3352 3300//3300 3350//3350
f 3350//3350 3300//3300 3302//3302
f 3350//3350 3302//3302 3348//3348
f 3348//3348 3302//3302 3304//3304
f 3348//3348 3304//3304 3346//3346
f 3346//3346 3304//3304 3306//3306
f 3346//3346 3306//3306 3344//3344
f 3344//3344 3306//3306 3308//3308
f 3344//3344 3308//3308 3342//3342
f 3342//3342 3308//3308 3310//3310
f 3342//3342 3310//3310 3340//3340
f 3340//3340 3310//3310 3312//3312
f 3340//3340 3312//3312 3338//3338
f 3338//3338 3312//3312 3314//3314
f 3338//3338 3314//3314 3336//3336
f 3336//3336 3314//3314 3316//3316
f 3336//3336 3316//3316 3334//3334
f 3334//3334 3316//3316 3318//3318
f 3334//3334 3318//3318 3332//3332
f 3332//3332 3318//3318 2301//2301
f 3332//3332 2301//2301 2300//2300
f 2219//2219 2218//2218 3234//3234
f 3234//3234 2218//2218 2217//2217
f 3234//3234 2217//2217 3235//3235
f 3235//3235 2217//2217 2304//2304
f 3235//3235 2304//2304 2303//2303
f 3237//3237 3083//3083 3239//3239
f 3239//3239 3083//3083 3188//3188
f 3239//3239 3188//3188 3241//3241
f 3241//3241 3188//3188 3197//3197
f 3241//3241 3197//3197 3243//3243
f 3243//3243 3197//3197 3205//3205
f 3243//3243 3205//3205 3245//3245
f 3245//3245 3205//3205 3221//3221
f 3245//3245 3221//3221 3247//3247
f 3247//3247 3221//3221 3223//3223
f 3247//3247 3223//3223 3249//3249
f 3249//3249 3223//3223 3225//3225
f 3249//3249 3225//3225 3251//3251
f 3251//3251 3225//3225 3227//3227
f 3251//3251 3227//3227 3253//3253
f 3253//3253 3227//3227 3229//3229
f 3253//3253 3229//3229 3255//3255
f 3255//3255 3229//3229 3231//3231
f 3255//3255 3231//3231 3257//3257
f 3257//3257 3231//3231 3233//3233
f 3257//3257 3233//3233 3259//3259
f 3259//3259 3233//3233 3235//3235
f 3259//3259 3235//3235 3261//3261
f 3261//3261 3235//3235 2303//2303
f 3261//3261 2303//2303 2302//2302
f 2856//2856 2858//2858 3118//3118
f 3118//3118 2858//2858 3361//3361
f 3118//3118 3361//3361 3117//3117
f 3117//3117 3361//3361 3362//3362
f 3117//3117 3362//3362 3116//3116
f 3116//3116 3362//3362 3363//3363
f 3116//3116 3363//3363 3114//3114
f 3114//3114 3363//3363 3364//3364
f 3114//3114 3364//3364 3112//3112
f 3112//3112 3364//3364 3365//3365
f 3112//3112 3365//3365 3110//3110
f 3110//3110 3365//3365 3366//3366
f 3110//3110 3366//3366 3125//3125
f 3125//3125 3366//3366 3367//3367
f 3125//3125 3367//3367 3368//3368
f 3369//3369 3370//3370 3371//3371
f 3371//3371 3370//3370 3372//3372
f 3371//3371 3373//3373 3374//3374
f 3375//3375 3107//3107 3376//3376
f 3376//3376 3107//3107 3106//3106
f 3376//3376 3106//3106 3377//3377
f 3377//3377 3106//3106 3119//3119
f 3377//3377 3119//3119 3378//3378
f 3378//3378 3119//3119 3120//3120
f 3378//3378 3120//3120 3379//3379
f 3379//3379 3120//3120 3121//3121
f 3379//3379 3121//3121 3380//3380
f 3380//3380 3121//3121 3122//3122
f 3380//3380 3122//3122 3381//3381
f 3381//3381 3122//3122 3123//3123
f 3381//3381 3123//3123 3382//3382
f 3382//3382 3123//3123 3124//3124
f 3382//3382 3124//3124 3383//3383
f 3383//3383 3124//3124 3126//3126
f 3383//3383 3126//3126 3374//3374
f 3374//3374 3126//3126 3125//3125
f 3374//3374 3125//3125 3371//3371
f 3371//3371 3125//3125 3368//3368
f 3371//3371 3368//3368 3369//3369
f 3373//3373 3371//3371 3384//3384
f 3384//3384 3371//3371 3372//3372
f 3384//3384 3372//3372 3385//3385
f 2323//2323 2846//2846 2324//2324
f 3370//3370 3386//3386 3372//3372
f 3372//3372 3386//3386 3387//3387
f 3372//3372 3387//3387 2846//2846
f 2846//2846 3387//3387 3388//3388
f 2846//2846 3388//3388 2324//2324
f 2324//2324 3388//3388 3389//3389
f 2324//2324 3389//3389 2325//2325
f 3385//3385 3372//3372 3390//3390
f 3390//3390 3372//3372 2846//2846
f 3390//3390 2846//2846 3391//3391
f 3391//3391 2846//2846 3392//3392
f 3392//3392 2846//2846 2322//2322
f 3392//3392 2322//2322 2321//2321
f 2300//2300 2273//2273 3331//3331
f 3331//3331 2273//2273 2272//2272
f 3331//3331 2272//2272 2326//2326
f 2857//2857 3069//3069 2858//2858
f 2858//2858 3069//3069 3357//3357
f 2858//2858 3357//3357 3361//3361
f 3361//3361 3357//3357 3355//3355
f 3361//3361 3355//3355 3362//3362
f 3362//3362 3355//3355 3353//3353
f 3362//3362 3353//3353 3363//3363
f 3363//3363 3353//3353 3351//3351
f 3363//3363 3351//3351 3364//3364
f 3364//3364 3351//3351 3349//3349
f 3364//3364 3349//3349 3365//3365
f 3365//3365 3349//3349 3347//3347
f 3365//3365 3347//3347 3366//3366
f 3366//3366 3347//3347 3345//3345
f 3366//3366 3345//3345 3367//3367
f 3367//3367 3345//3345 3343//3343
f 3367//3367 3343//3343 3368//3368
f 3368//3368 3343//3343 3341//3341
f 3368//3368 3341//3341 3369//3369
f 3369//3369 3341//3341 3339//3339
f 3369//3369 3339//3339 3370//3370
f 3370//3370 3339//3339 3337//3337
f 3370//3370 3337//3337 3386//3386
f 3386//3386 3337//3337 3335//3335
f 3386//3386 3335//3335 3387//3387
f 3387//3387 3335//3335 3333//3333
f 3387//3387 3333//3333 3388//3388
f 3388//3388 3333//3333 3331//3331
f 3388//3388 3331//3331 3389//3389
f 3389//3389 3331//3331 2326//2326
f 3389//3389 2326//2326 2325//2325
f 2327//2327 3393//3393 2328//2328
f 2328//2328 3393//3393 3394//3394
f 3395//3395 2331//2331 3396//3396
f 3396//3396 2331//2331 2330//2330
f 3396//3396 2330//2330 3394//3394
f 3394//3394 2330//2330 2604//2604
f 3394//3394 2604//2604 2328//2328
f 3397//3397 2336//2336 3398//3398
f 3398//3398 2336//2336 2335//2335
f 3398//3398 2335//2335 3399//3399
f 3399//3399 2335//2335 2375//2375
f 3399//3399 2375//2375 3395//3395
f 3395//3395 2375//2375 2376//2376
f 3395//3395 2376//2376 2331//2331
f 2842//2842 2339//2339 3400//3400
f 2339//2339 2338//2338 3400//3400
f 3400//3400 2338//2338 1694//1694
f 3400//3400 1694//1694 3397//3397
f 3397//3397 1694//1694 1693//1693
f 3397//3397 1693//1693 2336//2336
f 2844//2844 3401//3401 2845//2845
f 2845//2845 3401//3401 3402//3402
f 2845//2845 3402//3402 3403//3403
f 3403//3403 3402//3402 3404//3404
f 3403//3403 3404//3404 3405//3405
f 3406//3406 3405//3405 3407//3407
f 3407//3407 3405//3405 3404//3404
f 3407//3407 3404//3404 3408//3408
f 3408//3408 3404//3404 3402//3402
f 3401//3401 3409//3409 3402//3402
f 3402//3402 3409//3409 3410//3410
f 3402//3402 3410//3410 3408//3408
f 3408//3408 3410//3410 3411//3411
f 3408//3408 3411//3411 3412//3412
f 3413//3413 3406//3406 3414//3414
f 3414//3414 3406//3406 3407//3407
f 3414//3414 3407//3407 3415//3415
f 3415//3415 3407//3407 3408//3408
f 3415//3415 3408//3408 3416//3416
f 3416//3416 3408//3408 3412//3412
f 3416//3416 3412//3412 3417//3417
f 3418//3418 3413//3413 3419//3419
f 3419//3419 3413//3413 3414//3414
f 3419//3419 3414//3414 3420//3420
f 3420//3420 3414//3414 3415//3415
f 3420//3420 3415//3415 3421//3421
f 3421//3421 3415//3415 3416//3416
f 3421//3421 3416//3416 2841//2841
f 2841//2841 3416//3416 3417//3417
f 2841//2841 3417//3417 2839//2839
f 3422//3422 3423//3423 3424//3424
f 3424//3424 3423//3423 3425//3425
f 3424//3424 3425//3425 3426//3426
f 3426//3426 3425//3425 3427//3427
f 3426//3426 3427//3427 3428//3428
f 3428//3428 3427//3427 3429//3429
f 3428//3428 3429//3429 3430//3430
f 3430//3430 3429//3429 3431//3431
f 3430//3430 3431//3431 3432//3432
f 3433//3433 3418//3418 3434//3434
f 3434//3434 3418//3418 3419//3419
f 3434//3434 3419//3419 3435//3435
f 3435//3435 3419//3419 3420//3420
f 3435//3435 3420//3420 3436//3436
f 3436//3436 3420//3420 3421//3421
f 3436//3436 3421//3421 3437//3437
f 3437//3437 3421//3421 2841//2841
f 3437//3437 2841//2841 2838//2838
f 2838//2838 2841//2841 2840//2840
f 2838//2838 2840//2840 2836//2836
f 3438//3438 3433//3433 3439//3439
f 3439//3439 3433//3433 3434//3434
f 3439//3439 3434//3434 3440//3440
f 3440//3440 3434//3434 3435//3435
f 3440//3440 3435//3435 3441//3441
f 3441//3441 3435//3435 3436//3436
f 3441//3441 3436//3436 3442//3442
f 3442//3442 3436//3436 3437//3437
f 3442//3442 3437//3437 3443//3443
f 3443//3443 3437//3437 2838//2838
f 3443//3443 2838//2838 2829//2829
f 2829//2829 2838//2838 2837//2837
f 2829//2829 2837//2837 2835//2835
f 3444//3444 3445//3445 2392//2392
f 2392//2392 2387//2387 3444//3444
f 3444//3444 2387//2387 2386//2386
f 3444//3444 2386//2386 3446//3446
f 3446//3446 2386//2386 2344//2344
f 3446//3446 2344//2344 2343//2343
f 3447//3447 3448//3448 3449//3449
f 3449//3449 3448//3448 3450//3450
f 3449//3449 3450//3450 3451//3451
f 3446//3446 3447//3447 3444//3444
f 3444//3444 3447//3447 3449//3449
f 3444//3444 3449//3449 3445//3445
f 3445//3445 3449//3449 3451//3451
f 3445//3445 3451//3451 3452//3452
f 2408//2408 2407//2407 3452//3452
f 3452//3452 2407//2407 2389//2389
f 3452//3452 2389//2389 3445//3445
f 3445//3445 2389//2389 2391//2391
f 3445//3445 2391//2391 2392//2392
f 3450//3450 3453//3453 3451//3451
f 3451//3451 3453//3453 3454//3454
f 3451//3451 3454//3454 3452//3452
f 3452//3452 3454//3454 3455//3455
f 3452//3452 3455//3455 2408//2408
f 2408//2408 3455//3455 2409//2409
f 2648//2648 2687//2687 3456//3456
f 3456//3456 2687//2687 2410//2410
f 3457//3457 3458//3458 3459//3459
f 3459//3459 3458//3458 3460//3460
f 3459//3459 3460//3460 3461//3461
f 3448//3448 3457//3457 3450//3450
f 3450//3450 3457//3457 3459//3459
f 3450//3450 3459//3459 3453//3453
f 3453//3453 3459//3459 3461//3461
f 3453//3453 3461//3461 3454//3454
f 3454//3454 3461//3461 3456//3456
f 3454//3454 3456//3456 3455//3455
f 3455//3455 3456//3456 2410//2410
f 3455//3455 2410//2410 2409//2409
f 3423//3423 3438//3438 3425//3425
f 3425//3425 3438//3438 3439//3439
f 3425//3425 3439//3439 3427//3427
f 3427//3427 3439//3439 3440//3440
f 3427//3427 3440//3440 3429//3429
f 3429//3429 3440//3440 3441//3441
f 3429//3429 3441//3441 3431//3431
f 3431//3431 3441//3441 3442//3442
f 3431//3431 3442//3442 3432//3432
f 3432//3432 3442//3442 3443//3443
f 3432//3432 3443//3443 3462//3462
f 3462//3462 3443//3443 2829//2829
f 3462//3462 2829//2829 3463//3463
f 3463//3463 2829//2829 2831//2831
f 3463//3463 2831//2831 3464//3464
f 3465//3465 3422//3422 3466//3466
f 3466//3466 3422//3422 3424//3424
f 3466//3466 3424//3424 3467//3467
f 3467//3467 3424//3424 3426//3426
f 3467//3467 3426//3426 3468//3468
f 3468//3468 3426//3426 3428//3428
f 3468//3468 3428//3428 3469//3469
f 3469//3469 3428//3428 3430//3430
f 3469//3469 3430//3430 3470//3470
f 3470//3470 3430//3430 3432//3432
f 3470//3470 3432//3432 3471//3471
f 3471//3471 3432//3432 3462//3462
f 3471//3471 3462//3462 3472//3472
f 3472//3472 3462//3462 3463//3463
f 3472//3472 3463//3463 3473//3473
f 3473//3473 3463//3463 3464//3464
f 3473//3473 3464//3464 3474//3474
f 3474//3474 3475//3475 3476//3476
f 3476//3476 3475//3475 3477//3477
f 3478//3478 3479//3479 3480//3480
f 3478//3478 3480//3480 3481//3481
f 3480//3480 3482//3482 3481//3481
f 3481//3481 3482//3482 3483//3483
f 3481//3481 3483//3483 3484//3484
f 3483//3483 3485//3485 3484//3484
f 3484//3484 3485//3485 3486//3486
f 3484//3484 3486//3486 3487//3487
f 3488//3488 3478//3478 3489//3489
f 3489//3489 3478//3478 3481//3481
f 3489//3489 3481//3481 3490//3490
f 3490//3490 3481//3481 3484//3484
f 3490//3490 3484//3484 3491//3491
f 3491//3491 3484//3484 3487//3487
f 3491//3491 3487//3487 3492//3492
f 3492//3492 3487//3487 3065//3065
f 3492//3492 3065//3065 3493//3493
f 3493//3493 3065//3065 3064//3064
f 3493//3493 3064//3064 3494//3494
f 3494//3494 3064//3064 3068//3068
f 3494//3494 3068//3068 3495//3495
f 3495//3495 3068//3068 3073//3073
f 3495//3495 3073//3073 3496//3496
f 3496//3496 3073//3073 3075//3075
f 3496//3496 3075//3075 3497//3497
f 3497//3497 3075//3075 3077//3077
f 3497//3497 3077//3077 3498//3498
f 3498//3498 3077//3077 3080//3080
f 3498//3498 3080//3080 3499//3499
f 3499//3499 3080//3080 3087//3087
f 3499//3499 3087//3087 3500//3500
f 3500//3500 3087//3087 3089//3089
f 3500//3500 3089//3089 3501//3501
f 3501//3501 3089//3089 3129//3129
f 3501//3501 3129//3129 3502//3502
f 3502//3502 3129//3129 3132//3132
f 3502//3502 3132//3132 3503//3503
f 3503//3503 3132//3132 3136//3136
f 3503//3503 3136//3136 3504//3504
f 3486//3486 3505//3505 3487//3487
f 3487//3487 3505//3505 3506//3506
f 3487//3487 3506//3506 3065//3065
f 3065//3065 3506//3506 3507//3507
f 3065//3065 3507//3507 3063//3063
f 3508//3508 3509//3509 3510//3510
f 3510//3510 3509//3509 3511//3511
f 3510//3510 3511//3511 3512//3512
f 3512//3512 3511//3511 3513//3513
f 3512//3512 3513//3513 3514//3514
f 3514//3514 3513//3513 3515//3515
f 3514//3514 3515//3515 3516//3516
f 3516//3516 3515//3515 3517//3517
f 3516//3516 3517//3517 3518//3518
f 3518//3518 3517//3517 3519//3519
f 3518//3518 3519//3519 3520//3520
f 3520//3520 3519//3519 3521//3521
f 3520//3520 3521//3521 3522//3522
f 3522//3522 3521//3521 3523//3523
f 3522//3522 3523//3523 3524//3524
f 3524//3524 3523//3523 3525//3525
f 3524//3524 3525//3525 3526//3526
f 3526//3526 3525//3525 3527//3527
f 3526//3526 3527//3527 3528//3528
f 3528//3528 3527//3527 3529//3529
f 3528//3528 3529//3529 3530//3530
f 3530//3530 3529//3529 3531//3531
f 3530//3530 3531//3531 3532//3532
f 3532//3532 3531//3531 3533//3533
f 3532//3532 3533//3533 3534//3534
f 3534//3534 3533//3533 3535//3535
f 3534//3534 3535//3535 3536//3536
f 3536//3536 3535//3535 3537//3537
f 3536//3536 3537//3537 3538//3538
f 3538//3538 3537//3537 3539//3539
f 3538//3538 3539//3539 3540//3540
f 3540//3540 3539//3539 3541//3541
f 3540//3540 3541//3541 3542//3542
f 3542//3542 3541//3541 3543//3543
f 3544//3544 3543//3543 3545//3545
f 3545//3545 3543//3543 3541//3541
f 3545//3545 3541//3541 3546//3546
f 3546//3546 3541//3541 3539//3539
f 3546//3546 3539//3539 3547//3547
f 3547//3547 3539//3539 3537//3537
f 3547//3547 3537//3537 3548//3548
f 3548//3548 3537//3537 3535//3535
f 3548//3548 3535//3535 3549//3549
f 3549//3549 3535//3535 3533//3533
f 3549//3549 3533//3533 3550//3550
f 3550//3550 3533//3533 3531//3531
f 3550//3550 3531//3531 3551//3551
f 3551//3551 3531//3531 3529//3529
f 3551//3551 3529//3529 3552//3552
f 3552//3552 3529//3529 3527//3527
f 3552//3552 3527//3527 3105//3105
f 3105//3105 3527//3527 3525//3525
f 3105//3105 3525//3525 3104//3104
f 3104//3104 3525//3525 3523//3523
f 3104//3104 3523//3523 3102//3102
f 3102//3102 3523//3523 3521//3521
f 3102//3102 3521//3521 3100//3100
f 3100//3100 3521//3521 3519//3519
f 3100//3100 3519//3519 3098//3098
f 3098//3098 3519//3519 3517//3517
f 3098//3098 3517//3517 3096//3096
f 3096//3096 3517//3517 3515//3515
f 3096//3096 3515//3515 3094//3094
f 3094//3094 3515//3515 3513//3513
f 3094//3094 3513//3513 3092//3092
f 3092//3092 3513//3513 3511//3511
f 3092//3092 3511//3511 3090//3090
f 3090//3090 3511//3511 3509//3509
f 3542//3542 3488//3488 3540//3540
f 3540//3540 3488//3488 3489//3489
f 3540//3540 3489//3489 3538//3538
f 3538//3538 3489//3489 3490//3490
f 3538//3538 3490//3490 3536//3536
f 3536//3536 3490//3490 3491//3491
f 3536//3536 3491//3491 3534//3534
f 3534//3534 3491//3491 3492//3492
f 3534//3534 3492//3492 3532//3532
f 3532//3532 3492//3492 3493//3493
f 3532//3532 3493//3493 3530//3530
f 3530//3530 3493//3493 3494//3494
f 3530//3530 3494//3494 3528//3528
f 3528//3528 3494//3494 3495//3495
f 3528//3528 3495//3495 3526//3526
f 3526//3526 3495//3495 3496//3496
f 3526//3526 3496//3496 3524//3524
f 3524//3524 3496//3496 3497//3497
f 3524//3524 3497//3497 3522//3522
f 3522//3522 3497//3497 3498//3498
f 3522//3522 3498//3498 3520//3520
f 3520//3520 3498//3498 3499//3499
f 3520//3520 3499//3499 3518//3518
f 3518//3518 3499//3499 3500//3500
f 3518//3518 3500//3500 3516//3516
f 3516//3516 3500//3500 3501//3501
f 3516//3516 3501//3501 3514//3514
f 3514//3514 3501//3501 3502//3502
f 3514//3514 3502//3502 3512//3512
f 3512//3512 3502//3502 3503//3503
f 3512//3512 3503//3503 3510//3510
f 3510//3510 3503//3503 3504//3504
f 3510//3510 3504//3504 3508//3508
f 2859//2859 3553//3553 3084//3084
f 3084//3084 3553//3553 3554//3554
f 3084//3084 3554//3554 3555//3555
f 3555//3555 3554//3554 3556//3556
f 3555//3555 3556//3556 3557//3557
f 3557//3557 3556//3556 3558//3558
f 3557//3557 3558//3558 3559//3559
f 3559//3559 3558//3558 3560//3560
f 3559//3559 3560//3560 3561//3561
f 3561//3561 3560//3560 3562//3562
f 3561//3561 3562//3562 3563//3563
f 3563//3563 3562//3562 3564//3564
f 3563//3563 3564//3564 3565//3565
f 3565//3565 3564//3564 3566//3566
f 3565//3565 3566//3566 3567//3567
f 3567//3567 3566//3566 3568//3568
f 3567//3567 3568//3568 3569//3569
f 3569//3569 3568//3568 3570//3570
f 3569//3569 3570//3570 3571//3571
f 3571//3571 3570//3570 3572//3572
f 3571//3571 3572//3572 3573//3573
f 3573//3573 3572//3572 3574//3574
f 3573//3573 3574//3574 3575//3575
f 3575//3575 3574//3574 3576//3576
f 3575//3575 3576//3576 3577//3577
f 3577//3577 3576//3576 3578//3578
f 3577//3577 3578//3578 3579//3579
f 3579//3579 3578//3578 3580//3580
f 3579//3579 3580//3580 3581//3581
f 3582//3582 3583//3583 3584//3584
f 3584//3584 3583//3583 3585//3585
f 3584//3584 3585//3585 3586//3586
f 3586//3586 3585//3585 3587//3587
f 3586//3586 3587//3587 3588//3588
f 3588//3588 3587//3587 3589//3589
f 3588//3588 3589//3589 3590//3590
f 3590//3590 3589//3589 3591//3591
f 3590//3590 3591//3591 3592//3592
f 3592//3592 3591//3591 3593//3593
f 3592//3592 3593//3593 3594//3594
f 3594//3594 3593//3593 3595//3595
f 3594//3594 3595//3595 3596//3596
f 3596//3596 3595//3595 3597//3597
f 3596//3596 3597//3597 3598//3598
f 3598//3598 3597//3597 3599//3599
f 3598//3598 3599//3599 3600//3600
f 3600//3600 3599//3599 3601//3601
f 3600//3600 3601//3601 3602//3602
f 3602//3602 3601//3601 3603//3603
f 3602//3602 3603//3603 3604//3604
f 3604//3604 3603//3603 3605//3605
f 3604//3604 3605//3605 3606//3606
f 3606//3606 3605//3605 3607//3607
f 3553//3553 3582//3582 3554//3554
f 3554//3554 3582//3582 3584//3584
f 3554//3554 3584//3584 3556//3556
f 3556//3556 3584//3584 3586//3586
f 3556//3556 3586//3586 3558//3558
f 3558//3558 3586//3586 3588//3588
f 3558//3558 3588//3588 3560//3560
f 3560//3560 3588//3588 3590//3590
f 3560//3560 3590//3590 3562//3562
f 3562//3562 3590//3590 3592//3592
f 3562//3562 3592//3592 3564//3564
f 3564//3564 3592//3592 3594//3594
f 3564//3564 3594//3594 3566//3566
f 3566//3566 3594//3594 3596//3596
f 3566//3566 3596//3596 3568//3568
f 3568//3568 3596//3596 3598//3598
f 3568//3568 3598//3598 3570//3570
f 3570//3570 3598//3598 3600//3600
f 3570//3570 3600//3600 3572//3572
f 3572//3572 3600//3600 3602//3602
f 3572//3572 3602//3602 3574//3574
f 3574//3574 3602//3602 3604//3604
f 3574//3574 3604//3604 3576//3576
f 3576//3576 3604//3604 3606//3606
f 3576//3576 3606//3606 3578//3578
f 3578//3578 3606//3606 3607//3607
f 3578//3578 3607//3607 3580//3580
f 3581//3581 3544//3544 3579//3579
f 3579//3579 3544//3544 3545//3545
f 3579//3579 3545//3545 3577//3577
f 3577//3577 3545//3545 3546//3546
f 3577//3577 3546//3546 3575//3575
f 3575//3575 3546//3546 3547//3547
f 3575//3575 3547//3547 3573//3573
f 3573//3573 3547//3547 3548//3548
f 3573//3573 3548//3548 3571//3571
f 3571//3571 3548//3548 3549//3549
f 3571//3571 3549//3549 3569//3569
f 3569//3569 3549//3549 3550//3550
f 3569//3569 3550//3550 3567//3567
f 3567//3567 3550//3550 3551//3551
f 3567//3567 3551//3551 3565//3565
f 3565//3565 3551//3551 3552//3552
f 3565//3565 3552//3552 3563//3563
f 3563//3563 3552//3552 3105//3105
f 3563//3563 3105//3105 3561//3561
f 3561//3561 3105//3105 3103//3103
f 3561//3561 3103//3103 3559//3559
f 3559//3559 3103//3103 3101//3101
f 3559//3559 3101//3101 3557//3557
f 3557//3557 3101//3101 3099//3099
f 3557//3557 3099//3099 3555//3555
f 3555//3555 3099//3099 3097//3097
f 3555//3555 3097//3097 3084//3084
f 3084//3084 3097//3097 3095//3095
f 3084//3084 3095//3095 2860//2860
f 2860//2860 3095//3095 3093//3093
f 2860//2860 3093//3093 2861//2861
f 2861//2861 3093//3093 3091//3091
f 3608//3608 3609//3609 3610//3610
f 3610//3610 3609//3609 3611//3611
f 3610//3610 3611//3611 3612//3612
f 3612//3612 3611//3611 3613//3613
f 3612//3612 3613//3613 3614//3614
f 3614//3614 3613//3613 3615//3615
f 3614//3614 3615//3615 3616//3616
f 3616//3616 3615//3615 3617//3617
f 3616//3616 3617//3617 3618//3618
f 3618//3618 3617//3617 3619//3619
f 3618//3618 3619//3619 3620//3620
f 3620//3620 3619//3619 3621//3621
f 3620//3620 3621//3621 3622//3622
f 3622//3622 3621//3621 3623//3623
f 3622//3622 3623//3623 3624//3624
f 3624//3624 3623//3623 3625//3625
f 3624//3624 3625//3625 3626//3626
f 3626//3626 3625//3625 3627//3627
f 3626//3626 3627//3627 2832//2832
f 2832//2832 3627//3627 3628//3628
f 2832//2832 3628//3628 2833//2833
f 3629//3629 3630//3630 3631//3631
f 3631//3631 3630//3630 3632//3632
f 3631//3631 3632//3632 3633//3633
f 3633//3633 3632//3632 3634//3634
f 3633//3633 3634//3634 3635//3635
f 3635//3635 3634//3634 3636//3636
f 3635//3635 3636//3636 3637//3637
f 3637//3637 3636//3636 3638//3638
f 3637//3637 3638//3638 3639//3639
f 3639//3639 3638//3638 3640//3640
f 3639//3639 3640//3640 3641//3641
f 3641//3641 3640//3640 3642//3642
f 3641//3641 3642//3642 3643//3643
f 3643//3643 3642//3642 2826//2826
f 3643//3643 2826//2826 3644//3644
f 3644//3644 2826//2826 2828//2828
f 3644//3644 2828//2828 3645//3645
f 3609//3609 2827//2827 3611//3611
f 3611//3611 2827//2827 2826//2826
f 3611//3611 2826//2826 3613//3613
f 3613//3613 2826//2826 3642//3642
f 3613//3613 3642//3642 3615//3615
f 3615//3615 3642//3642 3640//3640
f 3615//3615 3640//3640 3617//3617
f 3617//3617 3640//3640 3638//3638
f 3617//3617 3638//3638 3619//3619
f 3619//3619 3638//3638 3636//3636
f 3619//3619 3636//3636 3621//3621
f 3621//3621 3636//3636 3634//3634
f 3621//3621 3634//3634 3623//3623
f 3623//3623 3634//3634 3632//3632
f 3623//3623 3632//3632 3625//3625
f 3625//3625 3632//3632 3630//3630
f 3625//3625 3630//3630 3627//3627
f 3627//3627 3630//3630 3629//3629
f 3627//3627 3629//3629 3628//3628
f 3646//3646 3647//3647 3648//3648
f 3648//3648 3647//3647 3649//3649
f 3648//3648 3649//3649 3650//3650
f 3650//3650 3649//3649 3651//3651
f 3650//3650 3651//3651 3652//3652
f 3652//3652 3651//3651 3653//3653
f 3652//3652 3653//3653 3654//3654
f 3654//3654 3653//3653 3655//3655
f 3654//3654 3655//3655 3656//3656
f 3656//3656 3655//3655 3657//3657
f 3656//3656 3657//3657 3658//3658
f 3658//3658 3657//3657 3659//3659
f 3658//3658 3659//3659 3660//3660
f 3647//3647 3661//3661 3649//3649
f 3649//3649 3661//3661 3662//3662
f 3649//3649 3662//3662 3651//3651
f 3651//3651 3662//3662 3663//3663
f 3651//3651 3663//3663 3653//3653
f 3653//3653 3663//3663 3664//3664
f 3653//3653 3664//3664 3655//3655
f 3655//3655 3664//3664 3665//3665
f 3655//3655 3665//3665 3657//3657
f 3657//3657 3665//3665 3666//3666
f 3657//3657 3666//3666 3659//3659
f 3583//3583 3667//3667 3585//3585
f 3585//3585 3667//3667 3608//3608
f 3585//3585 3608//3608 3587//3587
f 3587//3587 3608//3608 3610//3610
f 3587//3587 3610//3610 3589//3589
f 3589//3589 3610//3610 3612//3612
f 3589//3589 3612//3612 3591//3591
f 3591//3591 3612//3612 3614//3614
f 3591//3591 3614//3614 3593//3593
f 3593//3593 3614//3614 3616//3616
f 3593//3593 3616//3616 3595//3595
f 3595//3595 3616//3616 3618//3618
f 3595//3595 3618//3618 3597//3597
f 3597//3597 3618//3618 3620//3620
f 3597//3597 3620//3620 3599//3599
f 3599//3599 3620//3620 3622//3622
f 3599//3599 3622//3622 3601//3601
f 3601//3601 3622//3622 3624//3624
f 3601//3601 3624//3624 3603//3603
f 3603//3603 3624//3624 3626//3626
f 3603//3603 3626//3626 3605//3605
f 3605//3605 3626//3626 2832//2832
f 3605//3605 2832//2832 3607//3607
f 3607//3607 2832//2832 2834//2834
f 3607//3607 2834//2834 3580//3580
f 3580//3580 2834//2834 3668//3668
f 3580//3580 3668//3668 3581//3581
f 3581//3581 3668//3668 3669//3669
f 3581//3581 3669//3669 3544//3544
f 3544//3544 3669//3669 3670//3670
f 3544//3544 3670//3670 3543//3543
f 3543//3543 3670//3670 3671//3671
f 3543//3543 3671//3671 3542//3542
f 3542//3542 3671//3671 3672//3672
f 3542//3542 3672//3672 3488//3488
f 3488//3488 3672//3672 3476//3476
f 3488//3488 3476//3476 3478//3478
f 3478//3478 3476//3476 3477//3477
f 3478//3478 3477//3477 3479//3479
f 3673//3673 3460//3460 3674//3674
f 3674//3674 3460//3460 3458//3458
f 3674//3674 3458//3458 3675//3675
f 3675//3675 3458//3458 3457//3457
f 3675//3675 3457//3457 3676//3676
f 3676//3676 3457//3457 3448//3448
f 3676//3676 3448//3448 3677//3677
f 3677//3677 3448//3448 3447//3447
f 3677//3677 3447//3447 3678//3678
f 3678//3678 3447//3447 3446//3446
f 3678//3678 3446//3446 2842//2842
f 2842//2842 3446//3446 2343//2343
f 2842//2842 2343//2343 2341//2341
f 3393//3393 2843//2843 3394//3394
f 3394//3394 2843//2843 2845//2845
f 3394//3394 2845//2845 3396//3396
f 3396//3396 2845//2845 3403//3403
f 3396//3396 3403//3403 3395//3395
f 3395//3395 3403//3403 3405//3405
f 3395//3395 3405//3405 3399//3399
f 3399//3399 3405//3405 3406//3406
f 3399//3399 3406//3406 3398//3398
f 3398//3398 3406//3406 3413//3413
f 3398//3398 3413//3413 3397//3397
f 3397//3397 3413//3413 3418//3418
f 3397//3397 3418//3418 3400//3400
f 3400//3400 3418//3418 3433//3433
f 3400//3400 3433//3433 2842//2842
f 2842//2842 3433//3433 3438//3438
f 2842//2842 3438//3438 3678//3678
f 3678//3678 3438//3438 3423//3423
f 3678//3678 3423//3423 3677//3677
f 3677//3677 3423//3423 3422//3422
f 3677//3677 3422//3422 3676//3676
f 3676//3676 3422//3422 3465//3465
f 3676//3676 3465//3465 3675//3675
f 3675//3675 3465//3465 3679//3679
f 3675//3675 3679//3679 3674//3674
f 3674//3674 3679//3679 3680//3680
f 3674//3674 3680//3680 3673//3673
f 3681//3681 2653//2653 3682//3682
f 3682//3682 2653//2653 2651//2651
f 3682//3682 2651//2651 2649//2649
f 3683//3683 3682//3682 3684//3684
f 3684//3684 3682//3682 2649//2649
f 3684//3684 2649//2649 2648//2648
f 3685//3685 3686//3686 2821//2821
f 2821//2821 3686//3686 3687//3687
f 2821//2821 3687//3687 2822//2822
f 2822//2822 3687//3687 3688//3688
f 2822//2822 3688//3688 2824//2824
f 2660//2660 3689//3689 1679//1679
f 1679//1679 3689//3689 2894//2894
f 1679//1679 2894//2894 1680//1680
f 1680//1680 2894//2894 1749//1749
f 1757//1757 1756//1756 3690//3690
f 3690//3690 1756//1756 2883//2883
f 3690//3690 2883//2883 3691//3691
f 3691//3691 2883//2883 2893//2893
f 3691//3691 2893//2893 3692//3692
f 3692//3692 2893//2893 2894//2894
f 3692//3692 2894//2894 3693//3693
f 3693//3693 2894//2894 3689//3689
f 3693//3693 3689//3689 3694//3694
f 3694//3694 3689//3689 2660//2660
f 3694//3694 2660//2660 3681//3681
f 3681//3681 2660//2660 2659//2659
f 3681//3681 2659//2659 2653//2653
f 1759//1759 1757//1757 2882//2882
f 2882//2882 1757//1757 3690//3690
f 2882//2882 3690//3690 3695//3695
f 3695//3695 3690//3690 3691//3691
f 3695//3695 3691//3691 3696//3696
f 3696//3696 3691//3691 3692//3692
f 3696//3696 3692//3692 3697//3697
f 3697//3697 3692//3692 3693//3693
f 3697//3697 3693//3693 3698//3698
f 3698//3698 3693//3693 3694//3694
f 3698//3698 3694//3694 3699//3699
f 3699//3699 3694//3694 3681//3681
f 3699//3699 3681//3681 3686//3686
f 3686//3686 3681//3681 3682//3682
f 3686//3686 3682//3682 3687//3687
f 3687//3687 3682//3682 3683//3683
f 3687//3687 3683//3683 3688//3688
f 1765//1765 1763//1763 2880//2880
f 2880//2880 1763//1763 2881//2881
f 2880//2880 2881//2881 3700//3700
f 3700//3700 2881//2881 3701//3701
f 3700//3700 3701//3701 3702//3702
f 3702//3702 3701//3701 3703//3703
f 3702//3702 3703//3703 3704//3704
f 3704//3704 3703//3703 3705//3705
f 3704//3704 3705//3705 3706//3706
f 3706//3706 3705//3705 3707//3707
f 3706//3706 3707//3707 3708//3708
f 3708//3708 3707//3707 3709//3709
f 3708//3708 3709//3709 3710//3710
f 3710//3710 3709//3709 3711//3711
f 3710//3710 3711//3711 3712//3712
f 1768//1768 1766//1766 2879//2879
f 2879//2879 1766//1766 2880//2880
f 2879//2879 2880//2880 3713//3713
f 3713//3713 2880//2880 3700//3700
f 3713//3713 3700//3700 3714//3714
f 3714//3714 3700//3700 3702//3702
f 3714//3714 3702//3702 3715//3715
f 3715//3715 3702//3702 3704//3704
f 3715//3715 3704//3704 3716//3716
f 3716//3716 3704//3704 3706//3706
f 3716//3716 3706//3706 3717//3717
f 3717//3717 3706//3706 3708//3708
f 3717//3717 3708//3708 3718//3718
f 3718//3718 3708//3708 3710//3710
f 3718//3718 3710//3710 3719//3719
f 3719//3719 3710//3710 3712//3712
f 3719//3719 3712//3712 3720//3720
f 1762//1762 1760//1760 2881//2881
f 2881//2881 1760//1760 2882//2882
f 2881//2881 2882//2882 3701//3701
f 3701//3701 2882//2882 3695//3695
f 3701//3701 3695//3695 3703//3703
f 3703//3703 3695//3695 3696//3696
f 3703//3703 3696//3696 3705//3705
f 3705//3705 3696//3696 3697//3697
f 3705//3705 3697//3697 3707//3707
f 3707//3707 3697//3697 3698//3698
f 3707//3707 3698//3698 3709//3709
f 3709//3709 3698//3698 3699//3699
f 3709//3709 3699//3699 3711//3711
f 3711//3711 3699//3699 3686//3686
f 3711//3711 3686//3686 3712//3712
f 3712//3712 3686//3686 3685//3685
f 3712//3712 3685//3685 3720//3720
f 2648//2648 3456//3456 3684//3684
f 3684//3684 3456//3456 3461//3461
f 3684//3684 3461//3461 3683//3683
f 3683//3683 3461//3461 3460//3460
f 3683//3683 3460//3460 3688//3688
f 3688//3688 3460//3460 3673//3673
f 3688//3688 3673//3673 2824//2824
f 2824//2824 3673//3673 3721//3721
f 2824//2824 3721//3721 2825//2825
f 3661//3661 3722//3722 3662//3662
f 3662//3662 3722//3722 3723//3723
f 3662//3662 3723//3723 3663//3663
f 3663//3663 3723//3723 3724//3724
f 3663//3663 3724//3724 3664//3664
f 3664//3664 3724//3724 3725//3725
f 3664//3664 3725//3725 3665//3665
f 3665//3665 3725//3725 3721//3721
f 3665//3665 3721//3721 3666//3666
f 3666//3666 3721//3721 3673//3673
f 3666//3666 3673//3673 3659//3659
f 3659//3659 3673//3673 3680//3680
f 3659//3659 3680//3680 3660//3660
f 3660//3660 3680//3680 3679//3679
f 3722//3722 3726//3726 3723//3723
f 3723//3723 3726//3726 3727//3727
f 3723//3723 3727//3727 3724//3724
f 3724//3724 3727//3727 3728//3728
f 3724//3724 3728//3728 3725//3725
f 3725//3725 3728//3728 3729//3729
f 3725//3725 3729//3729 3721//3721
f 3721//3721 3729//3729 3730//3730
f 3721//3721 3730//3730 2825//2825
f 3726//3726 3731//3731 3727//3727
f 3727//3727 3731//3731 3732//3732
f 3727//3727 3732//3732 3728//3728
f 3728//3728 3732//3732 3733//3733
f 3728//3728 3733//3733 3729//3729
f 3729//3729 3733//3733 3734//3734
f 3729//3729 3734//3734 3730//3730
f 3730//3730 3734//3734 3735//3735
f 3730//3730 3735//3735 2825//2825
f 2825//2825 3735//3735 3736//3736
f 2825//2825 3736//3736 2823//2823
f 2823//2823 3736//3736 3737//3737
f 2823//2823 3737//3737 2821//2821
f 2821//2821 3737//3737 3738//3738
f 2821//2821 3738//3738 3685//3685
f 3685//3685 3738//3738 3739//3739
f 3685//3685 3739//3739 3720//3720
f 3720//3720 3739//3739 3740//3740
f 3720//3720 3740//3740 3719//3719
f 3719//3719 3740//3740 3741//3741
f 3719//3719 3741//3741 3718//3718
f 3718//3718 3741//3741 3742//3742
f 3718//3718 3742//3742 3717//3717
f 3717//3717 3742//3742 3743//3743
f 3717//3717 3743//3743 3716//3716
f 3716//3716 3743//3743 3744//3744
f 3716//3716 3744//3744 3715//3715
f 3715//3715 3744//3744 3745//3745
f 3715//3715 3745//3745 3714//3714
f 3714//3714 3745//3745 3746//3746
f 3714//3714 3746//3746 3713//3713
f 3713//3713 3746//3746 3747//3747
f 3713//3713 3747//3747 2879//2879
f 2879//2879 3747//3747 2878//2878
f 2879//2879 2878//2878 1769//1769
f 1769//1769 2878//2878 1771//1771
f 3474//3474 3476//3476 3473//3473
f 3473//3473 3476//3476 3672//3672
f 3473//3473 3672//3672 3472//3472
f 3472//3472 3672//3672 3671//3671
f 3472//3472 3671//3671 3471//3471
f 3471//3471 3671//3671 3670//3670
f 3471//3471 3670//3670 3470//3470
f 3470//3470 3670//3670 3669//3669
f 3470//3470 3669//3669 3469//3469
f 3469//3469 3669//3669 3668//3668
f 3469//3469 3668//3668 3468//3468
f 3468//3468 3668//3668 2834//2834
f 3468//3468 2834//2834 3467//3467
f 3467//3467 2834//2834 2833//2833
f 3467//3467 2833//2833 3466//3466
f 3466//3466 2833//2833 3628//3628
f 3466//3466 3628//3628 3465//3465
f 3465//3465 3628//3628 3629//3629
f 3465//3465 3629//3629 3679//3679
f 3679//3679 3629//3629 3631//3631
f 3679//3679 3631//3631 3660//3660
f 3660//3660 3631//3631 3633//3633
f 3660//3660 3633//3633 3658//3658
f 3658//3658 3633//3633 3635//3635
f 3658//3658 3635//3635 3656//3656
f 3656//3656 3635//3635 3637//3637
f 3656//3656 3637//3637 3654//3654
f 3654//3654 3637//3637 3639//3639
f 3654//3654 3639//3639 3652//3652
f 3652//3652 3639//3639 3641//3641
f 3652//3652 3641//3641 3650//3650
f 3650//3650 3641//3641 3643//3643
f 3650//3650 3643//3643 3648//3648
f 3648//3648 3643//3643 3644//3644
f 3648//3648 3644//3644 3646//3646
f 3646//3646 3644//3644 3645//3645
f 3646//3646 3645//3645 3647//3647
f 3647//3647 3645//3645 3748//3748
f 3647//3647 3748//3748 3661//3661
f 3661//3661 3748//3748 3749//3749
f 3661//3661 3749//3749 3722//3722
f 3722//3722 3749//3749 3750//3750
f 3722//3722 3750//3750 3726//3726
f 3726//3726 3750//3750 3751//3751
f 3726//3726 3751//3751 3731//3731
f 3752//3752 3753//3753 3754//3754
f 3755//3755 3756//3756 3757//3757
f 3752//3752 3754//3754 3758//3758
f 3758//3758 3754//3754 3759//3759
f 3758//3758 3759//3759 3760//3760
f 3760//3760 3759//3759 3761//3761
f 3760//3760 3761//3761 3762//3762
f 3762//3762 3761//3761 3763//3763
f 3762//3762 3763//3763 3764//3764
f 3764//3764 3763//3763 3765//3765
f 3764//3764 3765//3765 3766//3766
f 3766//3766 3765//3765 3767//3767
f 3766//3766 3767//3767 3768//3768
f 3768//3768 3767//3767 3769//3769
f 3768//3768 3769//3769 3770//3770
f 3770//3770 3769//3769 3771//3771
f 3770//3770 3771//3771 3772//3772
f 3772//3772 3771//3771 3773//3773
f 3772//3772 3773//3773 3774//3774
f 3774//3774 3773//3773 3775//3775
f 3774//3774 3775//3775 2895//2895
f 2895//2895 3775//3775 3776//3776
f 2895//2895 3776//3776 2875//2875
f 2875//2875 3776//3776 2901//2901
f 2875//2875 2901//2901 2876//2876
f 2876//2876 2901//2901 2902//2902
f 2876//2876 2902//2902 2903//2903
f 3755//3755 3757//3757 3777//3777
f 3777//3777 3757//3757 3778//3778
f 3777//3777 3778//3778 3779//3779
f 3779//3779 3778//3778 3780//3780
f 3779//3779 3780//3780 3781//3781
f 3781//3781 3780//3780 3782//3782
f 3781//3781 3782//3782 3783//3783
f 3783//3783 3782//3782 3784//3784
f 3783//3783 3784//3784 3785//3785
f 3785//3785 3784//3784 3786//3786
f 3785//3785 3786//3786 3787//3787
f 3787//3787 3786//3786 3788//3788
f 3787//3787 3788//3788 3789//3789
f 3789//3789 3788//3788 3790//3790
f 3789//3789 3790//3790 3791//3791
f 3791//3791 3790//3790 3792//3792
f 3791//3791 3792//3792 3793//3793
f 3793//3793 3792//3792 3794//3794
f 3793//3793 3794//3794 3795//3795
f 3795//3795 3794//3794 3796//3796
f 3795//3795 3796//3796 3797//3797
f 3797//3797 3796//3796 2906//2906
f 3797//3797 2906//2906 2914//2914
f 2914//2914 2906//2906 2907//2907
f 2914//2914 2907//2907 2915//2915
f 2899//2899 2901//2901 2914//2914
f 2914//2914 2901//2901 3776//3776
f 2914//2914 3776//3776 3797//3797
f 3797//3797 3776//3776 3775//3775
f 3797//3797 3775//3775 3795//3795
f 3795//3795 3775//3775 3773//3773
f 3795//3795 3773//3773 3793//3793
f 3793//3793 3773//3773 3771//3771
f 3793//3793 3771//3771 3791//3791
f 3791//3791 3771//3771 3769//3769
f 3791//3791 3769//3769 3789//3789
f 3789//3789 3769//3769 3767//3767
f 3789//3789 3767//3767 3787//3787
f 3787//3787 3767//3767 3765//3765
f 3787//3787 3765//3765 3785//3785
f 3785//3785 3765//3765 3763//3763
f 3785//3785 3763//3763 3783//3783
f 3783//3783 3763//3763 3761//3761
f 3783//3783 3761//3761 3781//3781
f 3781//3781 3761//3761 3759//3759
f 3781//3781 3759//3759 3779//3779
f 3779//3779 3759//3759 3754//3754
f 3779//3779 3754//3754 3777//3777
f 3777//3777 3754//3754 3753//3753
f 3777//3777 3753//3753 3755//3755
f 3798//3798 3799//3799 3800//3800
f 3801//3801 3802//3802 3803//3803
f 3798//3798 3800//3800 3804//3804
f 3804//3804 3800//3800 3805//3805
f 3804//3804 3805//3805 3806//3806
f 3806//3806 3805//3805 3807//3807
f 3806//3806 3807//3807 3808//3808
f 3808//3808 3807//3807 3809//3809
f 3808//3808 3809//3809 3810//3810
f 3810//3810 3809//3809 3811//3811
f 3810//3810 3811//3811 3812//3812
f 3812//3812 3811//3811 3813//3813
f 3812//3812 3813//3813 3814//3814
f 3814//3814 3813//3813 3815//3815
f 3814//3814 3815//3815 3816//3816
f 3816//3816 3815//3815 3817//3817
f 3816//3816 3817//3817 3818//3818
f 3818//3818 3817//3817 3819//3819
f 3818//3818 3819//3819 3820//3820
f 3820//3820 3819//3819 3821//3821
f 3820//3820 3821//3821 3822//3822
f 3822//3822 3821//3821 3823//3823
f 3822//3822 3823//3823 3824//3824
f 3824//3824 3823//3823 2910//2910
f 3824//3824 2910//2910 2912//2912
f 2912//2912 2910//2910 2911//2911
f 2912//2912 2911//2911 2913//2913
f 3801//3801 3803//3803 3825//3825
f 3825//3825 3803//3803 3826//3826
f 3825//3825 3826//3826 3827//3827
f 3827//3827 3826//3826 3828//3828
f 3827//3827 3828//3828 3829//3829
f 3829//3829 3828//3828 3830//3830
f 3829//3829 3830//3830 3831//3831
f 3831//3831 3830//3830 3832//3832
f 3831//3831 3832//3832 3833//3833
f 3833//3833 3832//3832 3834//3834
f 3833//3833 3834//3834 3835//3835
f 3835//3835 3834//3834 3836//3836
f 3835//3835 3836//3836 3837//3837
f 3837//3837 3836//3836 3838//3838
f 3837//3837 3838//3838 3839//3839
f 3839//3839 3838//3838 3840//3840
f 3839//3839 3840//3840 3841//3841
f 3841//3841 3840//3840 3842//3842
f 3841//3841 3842//3842 3843//3843
f 3843//3843 3842//3842 3844//3844
f 3843//3843 3844//3844 3845//3845
f 3845//3845 3844//3844 3846//3846
f 3845//3845 3846//3846 2937//2937
f 2937//2937 3846//3846 3847//3847
f 2937//2937 3847//3847 2938//2938
f 2908//2908 2910//2910 2937//2937
f 2937//2937 2910//2910 3823//3823
f 2937//2937 3823//3823 3845//3845
f 3845//3845 3823//3823 3821//3821
f 3845//3845 3821//3821 3843//3843
f 3843//3843 3821//3821 3819//3819
f 3843//3843 3819//3819 3841//3841
f 3841//3841 3819//3819 3817//3817
f 3841//3841 3817//3817 3839//3839
f 3839//3839 3817//3817 3815//3815
f 3839//3839 3815//3815 3837//3837
f 3837//3837 3815//3815 3813//3813
f 3837//3837 3813//3813 3835//3835
f 3835//3835 3813//3813 3811//3811
f 3835//3835 3811//3811 3833//3833
f 3833//3833 3811//3811 3809//3809
f 3833//3833 3809//3809 3831//3831
f 3831//3831 3809//3809 3807//3807
f 3831//3831 3807//3807 3829//3829
f 3829//3829 3807//3807 3805//3805
f 3829//3829 3805//3805 3827//3827
f 3827//3827 3805//3805 3800//3800
f 3827//3827 3800//3800 3825//3825
f 3825//3825 3800//3800 3799//3799
f 3825//3825 3799//3799 3801//3801
f 2904//2904 2906//2906 2912//2912
f 2912//2912 2906//2906 3796//3796
f 2912//2912 3796//3796 3824//3824
f 3824//3824 3796//3796 3794//3794
f 3824//3824 3794//3794 3822//3822
f 3822//3822 3794//3794 3792//3792
f 3822//3822 3792//3792 3820//3820
f 3820//3820 3792//3792 3790//3790
f 3820//3820 3790//3790 3818//3818
f 3818//3818 3790//3790 3788//3788
f 3818//3818 3788//3788 3816//3816
f 3816//3816 3788//3788 3786//3786
f 3816//3816 3786//3786 3814//3814
f 3814//3814 3786//3786 3784//3784
f 3814//3814 3784//3784 3812//3812
f 3812//3812 3784//3784 3782//3782
f 3812//3812 3782//3782 3810//3810
f 3810//3810 3782//3782 3780//3780
f 3810//3810 3780//3780 3808//3808
f 3808//3808 3780//3780 3778//3778
f 3808//3808 3778//3778 3806//3806
f 3806//3806 3778//3778 3757//3757
f 3806//3806 3757//3757 3804//3804
f 3804//3804 3757//3757 3756//3756
f 3804//3804 3756//3756 3798//3798
f 1773//1773 1772//1772 2877//2877
f 2877//2877 1772//1772 2878//2878
f 2877//2877 2878//2878 2895//2895
f 2895//2895 2878//2878 3747//3747
f 2895//2895 3747//3747 3774//3774
f 3774//3774 3747//3747 3746//3746
f 3774//3774 3746//3746 3772//3772
f 3772//3772 3746//3746 3745//3745
f 3772//3772 3745//3745 3770//3770
f 3770//3770 3745//3745 3744//3744
f 3770//3770 3744//3744 3768//3768
f 3768//3768 3744//3744 3743//3743
f 3768//3768 3743//3743 3766//3766
f 3766//3766 3743//3743 3742//3742
f 3766//3766 3742//3742 3764//3764
f 3764//3764 3742//3742 3741//3741
f 3764//3764 3741//3741 3762//3762
f 3762//3762 3741//3741 3740//3740
f 3762//3762 3740//3740 3760//3760
f 3760//3760 3740//3740 3739//3739
f 3760//3760 3739//3739 3758//3758
f 3758//3758 3739//3739 3738//3738
f 3758//3758 3738//3738 3752//3752
f 3752//3752 3738//3738 3737//3737
f 3752//3752 3737//3737 3753//3753
f 3753//3753 3737//3737 3736//3736
f 3753//3753 3736//3736 3755//3755
f 3755//3755 3736//3736 3735//3735
f 3755//3755 3735//3735 3756//3756
f 3756//3756 3735//3735 3734//3734
f 3756//3756 3734//3734 3798//3798
f 3798//3798 3734//3734 3733//3733
f 3798//3798 3733//3733 3799//3799
f 3799//3799 3733//3733 3732//3732
f 3799//3799 3732//3732 3801//3801
f 3801//3801 3732//3732 3731//3731
f 3801//3801 3731//3731 3802//3802
f 3802//3802 3731//3731 3751//3751
f 3036//3036 3848//3848 3037//3037
f 3037//3037 3848//3848 3849//3849
f 3037//3037 3849//3849 3059//3059
f 3059//3059 3849//3849 3850//3850
f 3059//3059 3850//3850 3851//3851
f 2983//2983 3003//3003 2977//2977
f 2977//2977 3003//3003 3004//3004
f 2977//2977 3004//3004 2978//2978
f 2978//2978 3004//3004 3014//3014
f 2978//2978 3014//3014 3015//3015
f 3015//3015 3014//3014 3050//3050
f 3015//3015 3050//3050 3016//3016
f 3016//3016 3050//3050 3051//3051
f 3016//3016 3051//3051 3017//3017
f 3017//3017 3051//3051 3052//3052
f 3017//3017 3052//3052 3018//3018
f 3018//3018 3052//3052 3053//3053
f 3018//3018 3053//3053 3019//3019
f 3019//3019 3053//3053 3054//3054
f 3019//3019 3054//3054 3020//3020
f 3020//3020 3054//3054 3055//3055
f 3020//3020 3055//3055 3021//3021
f 3021//3021 3055//3055 3056//3056
f 3021//3021 3056//3056 2867//2867
f 2867//2867 3056//3056 3057//3057
f 2867//2867 3057//3057 2865//2865
f 2865//2865 3057//3057 3058//3058
f 2865//2865 3058//3058 2923//2923
f 2923//2923 3058//3058 3059//3059
f 2923//2923 3059//3059 2925//2925
f 2925//2925 3059//3059 3851//3851
f 2925//2925 3851//3851 2930//2930
f 2321//2321 2320//2320 3392//3392
f 3392//3392 2320//2320 2990//2990
f 3392//3392 2990//2990 3391//3391
f 3391//3391 2990//2990 2992//2992
f 3391//3391 2992//2992 3390//3390
f 3390//3390 2992//2992 2994//2994
f 3390//3390 2994//2994 3385//3385
f 3385//3385 2994//2994 2996//2996
f 3385//3385 2996//2996 3384//3384
f 3384//3384 2996//2996 2998//2998
f 3384//3384 2998//2998 3373//3373
f 3373//3373 2998//2998 3000//3000
f 3373//3373 3000//3000 3374//3374
f 3374//3374 3000//3000 3002//3002
f 3374//3374 3002//3002 3383//3383
f 3383//3383 3002//3002 2983//2983
f 3383//3383 2983//2983 3382//3382
f 3382//3382 2983//2983 2984//2984
f 3382//3382 2984//2984 3381//3381
f 3381//3381 2984//2984 2985//2985
f 3381//3381 2985//2985 3380//3380
f 3380//3380 2985//2985 2986//2986
f 3380//3380 2986//2986 3379//3379
f 3379//3379 2986//2986 2987//2987
f 3379//3379 2987//2987 3378//3378
f 3378//3378 2987//2987 2988//2988
f 3378//3378 2988//2988 3377//3377
f 3377//3377 2988//2988 2989//2989
f 3377//3377 2989//2989 3376//3376
f 3376//3376 2989//2989 2873//2873
f 3376//3376 2873//2873 3375//3375
f 3375//3375 2873//2873 2872//2872
f 3135//3135 3137//3137 3136//3136
f 3136//3136 3137//3137 3139//3139
f 3136//3136 3139//3139 3504//3504
f 3504//3504 3139//3139 3141//3141
f 3504//3504 3141//3141 3508//3508
f 3508//3508 3141//3141 3153//3153
f 3508//3508 3153//3153 3509//3509
f 3509//3509 3153//3153 3151//3151
f 3509//3509 3151//3151 3090//3090
f 3090//3090 3151//3151 3149//3149
f 3090//3090 3149//3149 3091//3091
f 3091//3091 3149//3149 3147//3147
f 3091//3091 3147//3147 2861//2861
f 2861//2861 3147//3147 3145//3145
f 2861//2861 3145//3145 2859//2859
f 2859//2859 3145//3145 3143//3143
f 2859//2859 3143//3143 3553//3553
f 3553//3553 3143//3143 3081//3081
f 3553//3553 3081//3081 3582//3582
f 3582//3582 3081//3081 3083//3083
f 3582//3582 3083//3083 3583//3583
f 3583//3583 3083//3083 3237//3237
f 3583//3583 3237//3237 3667//3667
f 3667//3667 3237//3237 3236//3236
f 3667//3667 3236//3236 3608//3608
f 3608//3608 3236//3236 3263//3263
f 3608//3608 3263//3263 3609//3609
f 3609//3609 3263//3263 3330//3330
f 3609//3609 3330//3330 2827//2827
f 2827//2827 3330//3330 3360//3360
f 2827//2827 3360//3360 2828//2828
f 2828//2828 3360//3360 3070//3070
f 2828//2828 3070//3070 3645//3645
f 3645//3645 3070//3070 2857//2857
f 3645//3645 2857//2857 3748//3748
f 3748//3748 2857//2857 2856//2856
f 3748//3748 2856//2856 3749//3749
f 3749//3749 2856//2856 3109//3109
f 3749//3749 3109//3109 3750//3750
f 3750//3750 3109//3109 3108//3108
f 3750//3750 3108//3108 3751//3751
f 3751//3751 3108//3108 3107//3107
f 3751//3751 3107//3107 3802//3802
f 3802//3802 3107//3107 3375//3375
f 3802//3802 3375//3375 3803//3803
f 3803//3803 3375//3375 2872//2872
f 3803//3803 2872//2872 3826//3826
f 3826//3826 2872//2872 2871//2871
f 3826//3826 2871//2871 3828//3828
f 3828//3828 2871//2871 2952//2952
f 3828//3828 2952//2952 3830//3830
f 3830//3830 2952//2952 2950//2950
f 3830//3830 2950//2950 3832//3832
f 3832//3832 2950//2950 2948//2948
f 3832//3832 2948//2948 3834//3834
f 3834//3834 2948//2948 2946//2946
f 3834//3834 2946//2946 3836//3836
f 3836//3836 2946//2946 2944//2944
f 3836//3836 2944//2944 3838//3838
f 3838//3838 2944//2944 2942//2942
f 3838//3838 2942//2942 3840//3840
f 3840//3840 2942//2942 2940//2940
f 3840//3840 2940//2940 3842//3842
f 3842//3842 2940//2940 2939//2939
f 3842//3842 2939//2939 3844//3844
f 3844//3844 2939//2939 2916//2916
f 3844//3844 2916//2916 3846//3846
f 3846//3846 2916//2916 2921//2921
f 3846//3846 2921//2921 3847//3847
f 1691//1691 1690//1690 3852//3852
f 3128//3128 3127//3127 3853//3853
f 3854//3854 3401//3401 2844//2844
f 3401//3401 3854//3854 3409//3409
f 3486//3486 3485//3485 3855//3855
f 1982//1982 1981//1981 3856//3856
f 3071//3071 3857//3857 3858//3858
f 3859//3859 3079//3079 3078//3078
f 2844//2844 2843//2843 3854//3854
f 3854//3854 2843//2843 3393//3393
f 3854//3854 3393//3393 3860//3860
f 2839//2839 3417//3417 3861//3861
f 3071//3071 3067//3067 3857//3857
f 3857//3857 3067//3067 3066//3066
f 3857//3857 3066//3066 3063//3063
f 3078//3078 3076//3076 3859//3859
f 3859//3859 3076//3076 3074//3074
f 3859//3859 3074//3074 3858//3858
f 3858//3858 3074//3074 3072//3072
f 3858//3858 3072//3072 3071//3071
f 3134//3134 3133//3133 3862//3862
f 3862//3862 3133//3133 3131//3131
f 3862//3862 3131//3131 3853//3853
f 3853//3853 3131//3131 3130//3130
f 3853//3853 3130//3130 3128//3128
f 2188//2188 3863//3863 2189//2189
f 2189//2189 3863//3863 3864//3864
f 2189//2189 3864//3864 2068//2068
f 3865//3865 1992//1992 1994//1994
f 3393//3393 2327//2327 3860//3860
f 3860//3860 2327//2327 2334//2334
f 3860//3860 2334//2334 3852//3852
f 3852//3852 2334//2334 2333//2333
f 3852//3852 2333//2333 1691//1691
f 3417//3417 3412//3412 3861//3861
f 3861//3861 3412//3412 3411//3411
f 3861//3861 3411//3411 3854//3854
f 3854//3854 3411//3411 3410//3410
f 3854//3854 3410//3410 3409//3409
f 2839//2839 3861//3861 2840//2840
f 2840//2840 3861//3861 3866//3866
f 2840//2840 3866//3866 2836//2836
f 2830//2830 2835//2835 3866//3866
f 3866//3866 2835//2835 2837//2837
f 3866//3866 2837//2837 2836//2836
f 3127//3127 3088//3088 3853//3853
f 3853//3853 3088//3088 3086//3086
f 3853//3853 3086//3086 3859//3859
f 3859//3859 3086//3086 3085//3085
f 3859//3859 3085//3085 3079//3079
f 2188//2188 2187//2187 3863//3863
f 3863//3863 2187//2187 2186//2186
f 3863//3863 2186//2186 2185//2185
f 2449//2449 1953//1953 3867//3867
f 3867//3867 1953//1953 1957//1957
f 3867//3867 1957//1957 3868//3868
f 3868//3868 1957//1957 1959//1959
f 3868//3868 1959//1959 1961//1961
f 2427//2427 2425//2425 3869//3869
f 3869//3869 2425//2425 2431//2431
f 3869//3869 2431//2431 3870//3870
f 3870//3870 2431//2431 2430//2430
f 3870//3870 2430//2430 2434//2434
f 2830//2830 3866//3866 2831//2831
f 2831//2831 3866//3866 3871//3871
f 2831//2831 3871//3871 3464//3464
f 3063//3063 3507//3507 3857//3857
f 3857//3857 3507//3507 3506//3506
f 3857//3857 3506//3506 3855//3855
f 3855//3855 3506//3506 3505//3505
f 3855//3855 3505//3505 3486//3486
f 3163//3163 3138//3138 3872//3872
f 3872//3872 3138//3138 3137//3137
f 3872//3872 3137//3137 3862//3862
f 3862//3862 3137//3137 3135//3135
f 3862//3862 3135//3135 3134//3134
f 2193//2193 2195//2195 3873//3873
f 3873//3873 2195//2195 2197//2197
f 3873//3873 2197//2197 3874//3874
f 3874//3874 2197//2197 2849//2849
f 3874//3874 2849//2849 2851//2851
f 1961//1961 1968//1968 3868//3868
f 3868//3868 1968//1968 1967//1967
f 3868//3868 1967//1967 3856//3856
f 3856//3856 1967//1967 1983//1983
f 3856//3856 1983//1983 1982//1982
f 2434//2434 2433//2433 3870//3870
f 3870//3870 2433//2433 2451//2451
f 3870//3870 2451//2451 3867//3867
f 3867//3867 2451//2451 2450//2450
f 3867//3867 2450//2450 2449//2449
f 3875//3875 2346//2346 1688//1688
f 3479//3479 3477//3477 3876//3876
f 3876//3876 3477//3477 3475//3475
f 3876//3876 3475//3475 3871//3871
f 3871//3871 3475//3475 3474//3474
f 3871//3871 3474//3474 3464//3464
f 3485//3485 3483//3483 3855//3855
f 3855//3855 3483//3483 3482//3482
f 3855//3855 3482//3482 3876//3876
f 3876//3876 3482//3482 3480//3480
f 3876//3876 3480//3480 3479//3479
f 2851//2851 2850//2850 3874//3874
f 3874//3874 2850//2850 3165//3165
f 3874//3874 3165//3165 3872//3872
f 3872//3872 3165//3165 3164//3164
f 3872//3872 3164//3164 3163//3163
f 2185//2185 2191//2191 3863//3863
f 3863//3863 2191//2191 2190//2190
f 3863//3863 2190//2190 3873//3873
f 3873//3873 2190//2190 2299//2299
f 3873//3873 2299//2299 2193//2193
f 1994//1994 2063//2063 3865//3865
f 3865//3865 2063//2063 2065//2065
f 3865//3865 2065//2065 3864//3864
f 3864//3864 2065//2065 2066//2066
f 3864//3864 2066//2066 2068//2068
f 1981//1981 1707//1707 3856//3856
f 3856//3856 1707//1707 1706//1706
f 3856//3856 1706//1706 3865//3865
f 3865//3865 1706//1706 1990//1990
f 3865//3865 1990//1990 1992//1992
f 1685//1685 2416//2416 3877//3877
f 3877//3877 2416//2416 2415//2415
f 3877//3877 2415//2415 3869//3869
f 3869//3869 2415//2415 2428//2428
f 3869//3869 2428//2428 2427//2427
f 2355//2355 2514//2514 3878//3878
f 3878//3878 2514//2514 2513//2513
f 3878//3878 2513//2513 3877//3877
f 3877//3877 2513//2513 1686//1686
f 3877//3877 1686//1686 1685//1685
f 1688//1688 1687//1687 3875//3875
f 3875//3875 1687//1687 2353//2353
f 3875//3875 2353//2353 3878//3878
f 3878//3878 2353//2353 2356//2356
f 3878//3878 2356//2356 2355//2355
f 1690//1690 2351//2351 3852//3852
f 3852//3852 2351//2351 2350//2350
f 3852//3852 2350//2350 3875//3875
f 3875//3875 2350//2350 2348//2348
f 3875//3875 2348//2348 2346//2346
f 3879//3879 3880//3880 3881//3881
f 3881//3881 3880//3880 3882//3882
f 3881//3881 3882//3882 3883//3883
f 3883//3883 3882//3882 3884//3884
f 3883//3883 3884//3884 3885//3885
f 3885//3885 3884//3884 3886//3886
f 3885//3885 3886//3886 3887//3887
f 3887//3887 3886//3886 3888//3888
f 3887//3887 3888//3888 3889//3889
f 3889//3889 3888//3888 3890//3890
f 3889//3889 3890//3890 3891//3891
f 3891//3891 3890//3890 3892//3892
f 3891//3891 3892//3892 3893//3893
f 3893//3893 3892//3892 3894//3894
f 3893//3893 3894//3894 3895//3895
f 3895//3895 3894//3894 3896//3896
f 3895//3895 3896//3896 3897//3897
f 3897//3897 3896//3896 3898//3898
f 3897//3897 3898//3898 3899//3899
f 3899//3899 3898//3898 3900//3900
f 3899//3899 3900//3900 3901//3901
f 3901//3901 3900//3900 3902//3902
f 3901//3901 3902//3902 3903//3903
f 3903//3903 3902//3902 3904//3904
f 3903//3903 3904//3904 3905//3905
f 3905//3905 3904//3904 3906//3906
f 3905//3905 3906//3906 3907//3907
f 3907//3907 3906//3906 3908//3908
f 3907//3907 3908//3908 3909//3909
f 3909//3909 3908//3908 3910//3910
f 3909//3909 3910//3910 3911//3911
f 3911//3911 3910//3910 3912//3912
f 3911//3911 3912//3912 3913//3913
f 3913//3913 3912//3912 3914//3914
f 3913//3913 3914//3914 3915//3915
f 3915//3915 3914//3914 3916//3916
f 3915//3915 3916//3916 3917//3917
f 3917//3917 3916//3916 3918//3918
f 3917//3917 3918//3918 3919//3919
f 3919//3919 3918//3918 3920//3920
f 3919//3919 3920//3920 3921//3921
f 3921//3921 3920//3920 3922//3922
f 3921//3921 3922//3922 3923//3923
f 3923//3923 3922//3922 3924//3924
f 3923//3923 3924//3924 3925//3925
f 3925//3925 3924//3924 3926//3926
f 3925//3925 3926//3926 3927//3927
f 3927//3927 3926//3926 3928//3928
f 3927//3927 3928//3928 3929//3929
f 3929//3929 3928//3928 3930//3930
f 3929//3929 3930//3930 3931//3931
f 3931//3931 3930//3930 3932//3932
f 3931//3931 3932//3932 3879//3879
f 3879//3879 3932//3932 3880//3880
f 3933//3933 3934//3934 3935//3935
f 3936//3936 3937//3937 3935//3935
f 3935//3935 3937//3937 3938//3938
f 3935//3935 3938//3938 3933//3933
f 3939//3939 3940//3940 3936//3936
f 3936//3936 3940//3940 3941//3941
f 3936//3936 3941//3941 3937//3937
f 3942//3942 3943//3943 3939//3939
f 3939//3939 3943//3943 3944//3944
f 3939//3939 3944//3944 3940//3940
f 3945//3945 3946//3946 3942//3942
f 3942//3942 3946//3946 3947//3947
f 3942//3942 3947//3947 3943//3943
f 3948//3948 3949//3949 3945//3945
f 3945//3945 3949//3949 3950//3950
f 3945//3945 3950//3950 3946//3946
f 3951//3951 3952//3952 3948//3948
f 3948//3948 3952//3952 3953//3953
f 3948//3948 3953//3953 3949//3949
f 3954//3954 3955//3955 3951//3951
f 3951//3951 3955//3955 3956//3956
f 3951//3951 3956//3956 3952//3952
f 3957//3957 3958//3958 3954//3954
f 3954//3954 3958//3958 3959//3959
f 3954//3954 3959//3959 3955//3955
f 3960//3960 3961//3961 3957//3957
f 3957//3957 3961//3961 3962//3962
f 3957//3957 3962//3962 3958//3958
f 3963//3963 3964//3964 3960//3960
f 3960//3960 3964//3964 3965//3965
f 3960//3960 3965//3965 3961//3961
f 3966//3966 3967//3967 3963//3963
f 3963//3963 3967//3967 3968//3968
f 3963//3963 3968//3968 3964//3964
f 3969//3969 3970//3970 3966//3966
f 3966//3966 3970//3970 3971//3971
f 3966//3966 3971//3971 3967//3967
f 3972//3972 3973//3973 3969//3969
f 3969//3969 3973//3973 3974//3974
f 3969//3969 3974//3974 3970//3970
f 3975//3975 3976//3976 3972//3972
f 3972//3972 3976//3976 3977//3977
f 3972//3972 3977//3977 3973//3973
f 3978//3978 3979//3979 3975//3975
f 3975//3975 3979//3979 3980//3980
f 3975//3975 3980//3980 3976//3976
f 3981//3981 3982//3982 3978//3978
f 3978//3978 3982//3982 3983//3983
f 3978//3978 3983//3983 3979//3979
f 3984//3984 3985//3985 3981//3981
f 3981//3981 3985//3985 3986//3986
f 3981//3981 3986//3986 3982//3982
f 3987//3987 3988//3988 3984//3984
f 3984//3984 3988//3988 3989//3989
f 3984//3984 3989//3989 3985//3985
f 3990//3990 3991//3991 3987//3987
f 3987//3987 3991//3991 3992//3992
f 3987//3987 3992//3992 3988//3988
f 3993//3993 3994//3994 3990//3990
f 3990//3990 3994//3994 3995//3995
f 3990//3990 3995//3995 3991//3991
f 3996//3996 3997//3997 3993//3993
f 3993//3993 3997//3997 3998//3998
f 3993//3993 3998//3998 3994//3994
f 3999//3999 4000//4000 3996//3996
f 3996//3996 4000//4000 4001//4001
f 3996//3996 4001//4001 3997//3997
f 4002//4002 4003//4003 3999//3999
f 3999//3999 4003//4003 4004//4004
f 3999//3999 4004//4004 4000//4000
f 4005//4005 4006//4006 4002//4002
f 4002//4002 4006//4006 4007//4007
f 4002//4002 4007//4007 4003//4003
f 3933//3933 4008//4008 3934//3934
f 3934//3934 4008//4008 4009//4009
f 3934//3934 4009//4009 4005//4005
f 4005//4005 4009//4009 4010//4010
f 4005//4005 4010//4010 4006//4006
f 3990//3990 4011//4011 3993//3993
f 3993//3993 4011//4011 4012//4012
f 3993//3993 4012//4012 3996//3996
f 3996//3996 4012//4012 4013//4013
f 3996//3996 4013//4013 3999//3999
f 3999//3999 4013//4013 4014//4014
f 3999//3999 4014//4014 4002//4002
f 4002//4002 4014//4014 4015//4015
f 4002//4002 4015//4015 4005//4005
f 4005//4005 4015//4015 4016//4016
f 4005//4005 4016//4016 3934//3934
f 3934//3934 4016//4016 4017//4017
f 3934//3934 4017//4017 3935//3935
f 4017//4017 4018//4018 3935//3935
f 3935//3935 4018//4018 4019//4019
f 3935//3935 4019//4019 3936//3936
f 3936//3936 4019//4019 4020//4020
f 3936//3936 4020//4020 3939//3939
f 3939//3939 4020//4020 4021//4021
f 3939//3939 4021//4021 3942//3942
f 3942//3942 4021//4021 4022//4022
f 3942//3942 4022//4022 3945//3945
f 3945//3945 4022//4022 4023//4023
f 3945//3945 4023//4023 3948//3948
f 3948//3948 4023//4023 4024//4024
f 3948//3948 4024//4024 3951//3951
f 3951//3951 4024//4024 4025//4025
f 3951//3951 4025//4025 3954//3954
f 3954//3954 4025//4025 4026//4026
f 3954//3954 4026//4026 3957//3957
f 3957//3957 4026//4026 4027//4027
f 3957//3957 4027//4027 3960//3960
f 3960//3960 4027//4027 4028//4028
f 3960//3960 4028//4028 3963//3963
f 3963//3963 4028//4028 4029//4029
f 3963//3963 4029//4029 3966//3966
f 3966//3966 4029//4029 4030//4030
f 3966//3966 4030//4030 3969//3969
f 3969//3969 4030//4030 4031//4031
f 3969//3969 4031//4031 3972//3972
f 3972//3972 4031//4031 4032//4032
f 3972//3972 4032//4032 3975//3975
f 3975//3975 4032//4032 4033//4033
f 3975//3975 4033//4033 3978//3978
f 3978//3978 4033//4033 4034//4034
f 3978//3978 4034//4034 3981//3981
f 3981//3981 4034//4034 4035//4035
f 3981//3981 4035//4035 3984//3984
f 3984//3984 4035//4035 4036//4036
f 3984//3984 4036//4036 3987//3987
f 3987//3987 4036//4036 4037//4037
f 3987//3987 4037//4037 3990//3990
f 3990//3990 4037//4037 4038//4038
f 3990//3990 4038//4038 4011//4011
f 3854//3854 3860//3860 4039//4039
f 4039//4039 4040//4040 3854//3854
f 3854//3854 4040//4040 4041//4041
f 3854//3854 4041//4041 3861//3861
f 4041//4041 4042//4042 3861//3861
f 3861//3861 4042//4042 4043//4043
f 3861//3861 4043//4043 3866//3866
f 4043//4043 4044//4044 3866//3866
f 3866//3866 4044//4044 4045//4045
f 3866//3866 4045//4045 3871//3871
f 4045//4045 4046//4046 3871//3871
f 3871//3871 4046//4046 4047//4047
f 3871//3871 4047//4047 3876//3876
f 4047//4047 4048//4048 3876//3876
f 3876//3876 4048//4048 4049//4049
f 3876//3876 4049//4049 3855//3855
f 4049//4049 4050//4050 3855//3855
f 3855//3855 4050//4050 4051//4051
f 3855//3855 4051//4051 3857//3857
f 4051//4051 4052//4052 3857//3857
f 3857//3857 4052//4052 4053//4053
f 3857//3857 4053//4053 3858//3858
f 4053//4053 4054//4054 3858//3858
f 3858//3858 4054//4054 4055//4055
f 3858//3858 4055//4055 3859//3859
f 4055//4055 4056//4056 3859//3859
f 3859//3859 4056//4056 4057//4057
f 3859//3859 4057//4057 3853//3853
f 4057//4057 4058//4058 3853//3853
f 3853//3853 4058//4058 4059//4059
f 3853//3853 4059//4059 3862//3862
f 4059//4059 4060//4060 3862//3862
f 3862//3862 4060//4060 4061//4061
f 3862//3862 4061//4061 3872//3872
f 4061//4061 4062//4062 3872//3872
f 3872//3872 4062//4062 4063//4063
f 3872//3872 4063//4063 3874//3874
f 4063//4063 4064//4064 3874//3874
f 3874//3874 4064//4064 4065//4065
f 3874//3874 4065//4065 3873//3873
f 4065//4065 4066//4066 3873//3873
f 3873//3873 4066//4066 4067//4067
f 3873//3873 4067//4067 3863//3863
f 4067//4067 4068//4068 3863//3863
f 3863//3863 4068//4068 4069//4069
f 3863//3863 4069//4069 3864//3864
f 4069//4069 4070//4070 3864//3864
f 3864//3864 4070//4070 4071//4071
f 3864//3864 4071//4071 3865//3865
f 4071//4071 4072//4072 3865//3865
f 3865//3865 4072//4072 4073//4073
f 3865//3865 4073//4073 3856//3856
f 4073//4073 4074//4074 3856//3856
f 3856//3856 4074//4074 4075//4075
f 3856//3856 4075//4075 3868//3868
f 4075//4075 4076//4076 3868//3868
f 3868//3868 4076//4076 4077//4077
f 3868//3868 4077//4077 3867//3867
f 4077//4077 4078//4078 3867//3867
f 3867//3867 4078//4078 4079//4079
f 3867//3867 4079//4079 3870//3870
f 4079//4079 4080//4080 3870//3870
f 3870//3870 4080//4080 4081//4081
f 3870//3870 4081//4081 3869//3869
f 4081//4081 4082//4082 3869//3869
f 3869//3869 4082//4082 4083//4083
f 3869//3869 4083//4083 3877//3877
f 4083//4083 4084//4084 3877//3877
f 3877//3877 4084//4084 4085//4085
f 3877//3877 4085//4085 3878//3878
f 4085//4085 4086//4086 3878//3878
f 3878//3878 4086//4086 4087//4087
f 3878//3878 4087//4087 3875//3875
f 4087//4087 4088//4088 3875//3875
f 3875//3875 4088//4088 4089//4089
f 3875//3875 4089//4089 3852//3852
f 4089//4089 4090//4090 3852//3852
f 3852//3852 4090//4090 4091//4091
f 3852//3852 4091//4091 3860//3860
f 3860//3860 4091//4091 4092//4092
f 3860//3860 4092//4092 4039//4039
f 363//363 365//365 4093//4093
f 397//397 304//304 4094//4094
f 414//414 416//416 4095//4095
f 261//261 4096//4096 259//259
f 259//259 4096//4096 4097//4097
f 259//259 4097//4097 257//257
f 300//300 4098//4098 301//301
f 301//301 4098//4098 4096//4096
f 301//301 4096//4096 313//313
f 313//313 4096//4096 261//261
f 294//294 4099//4099 282//282
f 282//282 4099//4099 4098//4098
f 282//282 4098//4098 283//283
f 283//283 4098//4098 300//300
f 294//294 296//296 4099//4099
f 4099//4099 296//296 281//281
f 4099//4099 281//281 4100//4100
f 281//281 192//192 4100//4100
f 4100//4100 192//192 191//191
f 4100//4100 191//191 4101//4101
f 191//191 233//233 4101//4101
f 4101//4101 233//233 235//235
f 4101//4101 235//235 4102//4102
f 4102//4102 235//235 248//248
f 4102//4102 248//248 250//250
f 250//250 252//252 4102//4102
f 4102//4102 252//252 228//228
f 4102//4102 228//228 4103//4103
f 4103//4103 228//228 245//245
f 245//245 275//275 4103//4103
f 4103//4103 275//275 277//277
f 4103//4103 277//277 4104//4104
f 4104//4104 277//277 243//243
f 243//243 241//241 4104//4104
f 4104//4104 241//241 227//227
f 4104//4104 227//227 4105//4105
f 227//227 224//224 4105//4105
f 4105//4105 224//224 213//213
f 4105//4105 213//213 4106//4106
f 4106//4106 213//213 199//199
f 4106//4106 199//199 4107//4107
f 4107//4107 199//199 198//198
f 4107//4107 198//198 4108//4108
f 4108//4108 198//198 328//328
f 4108//4108 328//328 326//326
f 269//269 4109//4109 271//271
f 271//271 4109//4109 4108//4108
f 271//271 4108//4108 324//324
f 324//324 4108//4108 326//326
f 269//269 218//218 4109//4109
f 4109//4109 218//218 239//239
f 4109//4109 239//239 4110//4110
f 4110//4110 239//239 390//390
f 4110//4110 390//390 383//383
f 383//383 385//385 4110//4110
f 4110//4110 385//385 346//346
f 4110//4110 346//346 4111//4111
f 4111//4111 346//346 348//348
f 4111//4111 348//348 350//350
f 350//350 380//380 4111//4111
f 4111//4111 380//380 382//382
f 4111//4111 382//382 4112//4112
f 382//382 402//402 4112//4112
f 4112//4112 402//402 404//404
f 4112//4112 404//404 406//406
f 406//406 408//408 4112//4112
f 4112//4112 408//408 410//410
f 4112//4112 410//410 4095//4095
f 4095//4095 410//410 412//412
f 4095//4095 412//412 414//414
f 338//338 4113//4113 343//343
f 343//343 4113//4113 4095//4095
f 343//343 4095//4095 375//375
f 375//375 4095//4095 416//416
f 338//338 340//340 4113//4113
f 4113//4113 340//340 342//342
f 4113//4113 342//342 4094//4094
f 4094//4094 342//342 395//395
f 4094//4094 395//395 397//397
f 304//304 303//303 4094//4094
f 4094//4094 303//303 372//372
f 4094//4094 372//372 4114//4114
f 4114//4114 372//372 322//322
f 4114//4114 322//322 321//321
f 321//321 335//335 4114//4114
f 4114//4114 335//335 333//333
f 4114//4114 333//333 4115//4115
f 4115//4115 333//333 353//353
f 4115//4115 353//353 355//355
f 355//355 357//357 4115//4115
f 4115//4115 357//357 359//359
f 4115//4115 359//359 4093//4093
f 4093//4093 359//359 361//361
f 4093//4093 361//361 363//363
f 316//316 4116//4116 318//318
f 318//318 4116//4116 4093//4093
f 318//318 4093//4093 367//367
f 367//367 4093//4093 365//365
f 316//316 236//236 4116//4116
f 4116//4116 236//236 265//265
f 4116//4116 265//265 4117//4117
f 4117//4117 265//265 267//267
f 4117//4117 267//267 287//287
f 287//287 289//289 4117//4117
f 4117//4117 289//289 262//262
f 4117//4117 262//262 4118//4118
f 4118//4118 262//262 210//210
f 210//210 209//209 4118//4118
f 4118//4118 209//209 197//197
f 4118//4118 197//197 4119//4119
f 4119//4119 197//197 196//196
f 4119//4119 196//196 4120//4120
f 4120//4120 196//196 207//207
f 4120//4120 207//207 4097//4097
f 4097//4097 207//207 216//216
f 4097//4097 216//216 257//257
f 4121//4121 4122//4122 4123//4123
f 4123//4123 4122//4122 4124//4124
f 4123//4123 4124//4124 4125//4125
f 4125//4125 4124//4124 4126//4126
f 4125//4125 4126//4126 4127//4127
f 4127//4127 4126//4126 4128//4128
f 4127//4127 4128//4128 4129//4129
f 4129//4129 4128//4128 4130//4130
f 4129//4129 4130//4130 4131//4131
f 4131//4131 4130//4130 4132//4132
f 4131//4131 4132//4132 4133//4133
f 4133//4133 4132//4132 4134//4134
f 4133//4133 4134//4134 4135//4135
f 4135//4135 4134//4134 4136//4136
f 4135//4135 4136//4136 4137//4137
f 4137//4137 4136//4136 4138//4138
f 4137//4137 4138//4138 4139//4139
f 4139//4139 4138//4138 4140//4140
f 4139//4139 4140//4140 4141//4141
f 4141//4141 4140//4140 4142//4142
f 4141//4141 4142//4142 4143//4143
f 4143//4143 4142//4142 4144//4144
f 4143//4143 4144//4144 4145//4145
f 4145//4145 4144//4144 4146//4146
f 4145//4145 4146//4146 4147//4147
f 4147//4147 4146//4146 4148//4148
f 4147//4147 4148//4148 4149//4149
f 4149//4149 4148//4148 4150//4150
f 4149//4149 4150//4150 4151//4151
f 4151//4151 4150//4150 4152//4152
f 4151//4151 4152//4152 4153//4153
f 4153//4153 4152//4152 4154//4154
f 4153//4153 4154//4154 4155//4155
f 4155//4155 4154//4154 4156//4156
f 4155//4155 4156//4156 4157//4157
f 4157//4157 4156//4156 4158//4158
f 4157//4157 4158//4158 4159//4159
f 4159//4159 4158//4158 4160//4160
f 4159//4159 4160//4160 4161//4161
f 4161//4161 4160//4160 4162//4162
f 4161//4161 4162//4162 4163//4163
f 4163//4163 4162//4162 4164//4164
f 4163//4163 4164//4164 4165//4165
f 4165//4165 4164//4164 4166//4166
f 4165//4165 4166//4166 4167//4167
f 4167//4167 4166//4166 4168//4168
f 4167//4167 4168//4168 4169//4169
f 4169//4169 4168//4168 4170//4170
f 4169//4169 4170//4170 4171//4171
f 4171//4171 4170//4170 4172//4172
f 4171//4171 4172//4172 4173//4173
f 4173//4173 4172//4172 4174//4174
f 4173//4173 4174//4174 4175//4175
f 4175//4175 4174//4174 4121//4121
f 4175//4175 4121//4121 4123//4123
f 4159//4159 3913//3913 4157//4157
f 4157//4157 3913//3913 3915//3915
f 4157//4157 3915//3915 4155//4155
f 4155//4155 3915//3915 3917//3917
f 4155//4155 3917//3917 4153//4153
f 4153//4153 3917//3917 3919//3919
f 4153//4153 3919//3919 4151//4151
f 4151//4151 3919//3919 3921//3921
f 4151//4151 3921//3921 4149//4149
f 4149//4149 3921//3921 3923//3923
f 4149//4149 3923//3923 4147//4147
f 4147//4147 3923//3923 3925//3925
f 4147//4147 3925//3925 4145//4145
f 4145//4145 3925//3925 3927//3927
f 4145//4145 3927//3927 4143//4143
f 4143//4143 3927//3927 3929//3929
f 4143//4143 3929//3929 4141//4141
f 4141//4141 3929//3929 3931//3931
f 4141//4141 3931//3931 4139//4139
f 4139//4139 3931//3931 3879//3879
f 4139//4139 3879//3879 4137//4137
f 4137//4137 3879//3879 3881//3881
f 4137//4137 3881//3881 4135//4135
f 4135//4135 3881//3881 3883//3883
f 4135//4135 3883//3883 4133//4133
f 4133//4133 3883//3883 3885//3885
f 4133//4133 3885//3885 4131//4131
f 4131//4131 3885//3885 3887//3887
f 4131//4131 3887//3887 4129//4129
f 4129//4129 3887//3887 3889//3889
f 4129//4129 3889//3889 4127//4127
f 4127//4127 3889//3889 3891//3891
f 4127//4127 3891//3891 4125//4125
f 4125//4125 3891//3891 3893//3893
f 4125//4125 3893//3893 4123//4123
f 4123//4123 3893//3893 3895//3895
f 4123//4123 3895//3895 4175//4175
f 4175//4175 3895//3895 3897//3897
f 4175//4175 3897//3897 4173//4173
f 4173//4173 3897//3897 3899//3899
f 4173//4173 3899//3899 4171//4171
f 4171//4171 3899//3899 3901//3901
f 4171//4171 3901//3901 4169//4169
f 4169//4169 3901//3901 3903//3903
f 4169//4169 3903//3903 4167//4167
f 4167//4167 3903//3903 3905//3905
f 4167//4167 3905//3905 4165//4165
f 4165//4165 3905//3905 3907//3907
f 4165//4165 3907//3907 4163//4163
f 4163//4163 3907//3907 3909//3909
f 4163//4163 3909//3909 4161//4161
f 4161//4161 3909//3909 3911//3911
f 4161//4161 3911//3911 4159//4159
f 4159//4159 3911//3911 3913//3913
f 4032//4032 4031//4031 4064//4064
f 4064//4064 4063//4063 4032//4032
f 4032//4032 4063//4063 4062//4062
f 4032//4032 4062//4062 4033//4033
f 4062//4062 4061//4061 4033//4033
f 4033//4033 4061//4061 4060//4060
f 4033//4033 4060//4060 4034//4034
f 4060//4060 4059//4059 4034//4034
f 4034//4034 4059//4059 4058//4058
f 4034//4034 4058//4058 4035//4035
f 4058//4058 4057//4057 4035//4035
f 4035//4035 4057//4057 4056//4056
f 4035//4035 4056//4056 4036//4036
f 4056//4056 4055//4055 4036//4036
f 4036//4036 4055//4055 4054//4054
f 4036//4036 4054//4054 4037//4037
f 4054//4054 4053//4053 4037//4037
f 4037//4037 4053//4053 4052//4052
f 4037//4037 4052//4052 4038//4038
f 4052//4052 4051//4051 4038//4038
f 4038//4038 4051//4051 4050//4050
f 4038//4038 4050//4050 4011//4011
f 4050//4050 4049//4049 4011//4011
f 4011//4011 4049//4049 4048//4048
f 4011//4011 4048//4048 4012//4012
f 4048//4048 4047//4047 4012//4012
f 4012//4012 4047//4047 4046//4046
f 4012//4012 4046//4046 4013//4013
f 4046//4046 4045//4045 4013//4013
f 4013//4013 4045//4045 4044//4044
f 4013//4013 4044//4044 4014//4014
f 4044//4044 4043//4043 4014//4014
f 4014//4014 4043//4043 4042//4042
f 4014//4014 4042//4042 4015//4015
f 4042//4042 4041//4041 4015//4015
f 4015//4015 4041//4041 4040//4040
f 4015//4015 4040//4040 4016//4016
f 4016//4016 4040//4040 4039//4039
f 4016//4016 4039//4039 4017//4017
f 4017//4017 4039//4039 4092//4092
f 4017//4017 4092//4092 4018//4018
f 4092//4092 4091//4091 4018//4018
f 4018//4018 4091//4091 4090//4090
f 4018//4018 4090//4090 4019//4019
f 4090//4090 4089//4089 4019//4019
f 4019//4019 4089//4089 4088//4088
f 4019//4019 4088//4088 4020//4020
f 4088//4088 4087//4087 4020//4020
f 4020//4020 4087//4087 4086//4086
f 4020//4020 4086//4086 4021//4021
f 4086//4086 4085//4085 4021//4021
f 4021//4021 4085//4085 4084//4084
f 4021//4021 4084//4084 4022//4022
f 4084//4084 4083//4083 4022//4022
f 4022//4022 4083//4083 4082//4082
f 4022//4022 4082//4082 4023//4023
f 4082//4082 4081//4081 4023//4023
f 4023//4023 4081//4081 4080//4080
f 4023//4023 4080//4080 4024//4024
f 4080//4080 4079//4079 4024//4024
f 4024//4024 4079//4079 4078//4078
f 4024//4024 4078//4078 4025//4025
f 4078//4078 4077//4077 4025//4025
f 4025//4025 4077//4077 4076//4076
f 4025//4025 4076//4076 4026//4026
f 4076//4076 4075//4075 4026//4026
f 4026//4026 4075//4075 4074//4074
f 4026//4026 4074//4074 4027//4027
f 4074//4074 4073//4073 4027//4027
f 4027//4027 4073//4073 4072//4072
f 4027//4027 4072//4072 4028//4028
f 4072//4072 4071//4071 4028//4028
f 4028//4028 4071//4071 4070//4070
f 4028//4028 4070//4070 4029//4029
f 4070//4070 4069//4069 4029//4029
f 4029//4029 4069//4069 4068//4068
f 4029//4029 4068//4068 4030//4030
f 4068//4068 4067//4067 4030//4030
f 4030//4030 4067//4067 4066//4066
f 4030//4030 4066//4066 4031//4031
f 4031//4031 4066//4066 4065//4065
f 4031//4031 4065//4065 4064//4064
f 4119//4119 4158//4158 4118//4118
f 4118//4118 4158//4158 4156//4156
f 4118//4118 4156//4156 4117//4117
f 4117//4117 4156//4156 4154//4154
f 4117//4117 4154//4154 4116//4116
f 4116//4116 4154//4154 4152//4152
f 4116//4116 4152//4152 4093//4093
f 4093//4093 4152//4152 4150//4150
f 4093//4093 4150//4150 4115//4115
f 4115//4115 4150//4150 4148//4148
f 4115//4115 4148//4148 4114//4114
f 4114//4114 4148//4148 4146//4146
f 4114//4114 4146//4146 4094//4094
f 4094//4094 4146//4146 4144//4144
f 4094//4094 4144//4144 4113//4113
f 4113//4113 4144//4144 4142//4142
f 4113//4113 4142//4142 4095//4095
f 4095//4095 4142//4142 4140//4140
f 4095//4095 4140//4140 4112//4112
f 4112//4112 4140//4140 4138//4138
f 4112//4112 4138//4138 4111//4111
f 4111//4111 4138//4138 4136//4136
f 4111//4111 4136//4136 4110//4110
f 4110//4110 4136//4136 4134//4134
f 4110//4110 4134//4134 4109//4109
f 4109//4109 4134//4134 4132//4132
f 4109//4109 4132//4132 4108//4108
f 4108//4108 4132//4132 4130//4130
f 4108//4108 4130//4130 4107//4107
f 4107//4107 4130//4130 4128//4128
f 4107//4107 4128//4128 4106//4106
f 4106//4106 4128//4128 4126//4126
f 4106//4106 4126//4126 4105//4105
f 4105//4105 4126//4126 4124//4124
f 4105//4105 4124//4124 4104//4104
f 4104//4104 4124//4124 4122//4122
f 4104//4104 4122//4122 4103//4103
f 4103//4103 4122//4122 4121//4121
f 4103//4103 4121//4121 4102//4102
f 4102//4102 4121//4121 4174//4174
f 4102//4102 4174//4174 4101//4101
f 4101//4101 4174//4174 4172//4172
f 4101//4101 4172//4172 4100//4100
f 4100//4100 4172//4172 4170//4170
f 4100//4100 4170//4170 4099//4099
f 4099//4099 4170//4170 4168//4168
f 4099//4099 4168//4168 4098//4098
f 4098//4098 4168//4168 4166//4166
f 4098//4098 4166//4166 4096//4096
f 4096//4096 4166//4166 4164//4164
f 4096//4096 4164//4164 4097//4097
f 4097//4097 4164//4164 4162//4162
f 4097//4097 4162//4162 4120//4120
f 4120//4120 4162//4162 4160//4160
f 4120//4120 4160//4160 4119//4119
f 4119//4119 4160//4160 4158//4158
f 3888//3888 3886//3886 3977//3977
f 3977//3977 3976//3976 3888//3888
f 3888//3888 3976//3976 3980//3980
f 3888//3888 3980//3980 3890//3890
f 3980//3980 3979//3979 3890//3890
f 3890//3890 3979//3979 3983//3983
f 3890//3890 3983//3983 3892//3892
f 3983//3983 3982//3982 3892//3892
f 3892//3892 3982//3982 3986//3986
f 3892//3892 3986//3986 3894//3894
f 3986//3986 3985//3985 3894//3894
f 3894//3894 3985//3985 3989//3989
f 3894//3894 3989//3989 3896//3896
f 3989//3989 3988//3988 3896//3896
f 3896//3896 3988//3988 3992//3992
f 3896//3896 3992//3992 3898//3898
f 3992//3992 3991//3991 3898//3898
f 3898//3898 3991//3991 3995//3995
f 3898//3898 3995//3995 3900//3900
f 3995//3995 3994//3994 3900//3900
f 3900//3900 3994//3994 3998//3998
f 3900//3900 3998//3998 3902//3902
f 3998//3998 3997//3997 3902//3902
f 3902//3902 3997//3997 4001//4001
f 3902//3902 4001//4001 3904//3904
f 4001//4001 4000//4000 3904//3904
f 3904//3904 4000//4000 4004//4004
f 3904//3904 4004//4004 3906//3906
f 4004//4004 4003//4003 3906//3906
f 3906//3906 4003//4003 4007//4007
f 3906//3906 4007//4007 3908//3908
f 4008//4008 3912//3912 3910//3910
f 4007//4007 4006//4006 3908//3908
f 3908//3908 4006//4006 4010//4010
f 3908//3908 4010//4010 3910//3910
f 3910//3910 4010//4010 4009//4009
f 3910//3910 4009//4009 4008//4008
f 3941//3941 3916//3916 3914//3914
f 4008//4008 3933//3933 3912//3912
f 3912//3912 3933//3933 3938//3938
f 3912//3912 3938//3938 3914//3914
f 3914//3914 3938//3938 3937//3937
f 3914//3914 3937//3937 3941//3941
f 3941//3941 3940//3940 3916//3916
f 3916//3916 3940//3940 3944//3944
f 3916//3916 3944//3944 3918//3918
f 3918//3918 3944//3944 3943//3943
f 3918//3918 3943//3943 3920//3920
f 3943//3943 3947//3947 3920//3920
f 3920//3920 3947//3947 3946//3946
f 3920//3920 3946//3946 3922//3922
f 3946//3946 3950//3950 3922//3922
f 3922//3922 3950//3950 3949//3949
f 3922//3922 3949//3949 3924//3924
f 3949//3949 3953//3953 3924//3924
f 3924//3924 3953//3953 3952//3952
f 3924//3924 3952//3952 3926//3926
f 3952//3952 3956//3956 3926//3926
f 3926//3926 3956//3956 3955//3955
f 3926//3926 3955//3955 3928//3928
f 3955//3955 3959//3959 3928//3928
f 3928//3928 3959//3959 3958//3958
f 3928//3928 3958//3958 3930//3930
f 3958//3958 3962//3962 3930//3930
f 3930//3930 3962//3962 3961//3961
f 3930//3930 3961//3961 3932//3932
f 3961//3961 3965//3965 3932//3932
f 3932//3932 3965//3965 3964//3964
f 3932//3932 3964//3964 3880//3880
f 3880//3880 3964//3964 3968//3968
f 3968//3968 3967//3967 3880//3880
f 3880//3880 3967//3967 3971//3971
f 3880//3880 3971//3971 3882//3882
f 3882//3882 3971//3971 3970//3970
f 3882//3882 3970//3970 3884//3884
f 3884//3884 3970//3970 3974//3974
f 3884//3884 3974//3974 3886//3886
f 3886//3886 3974//3974 3973//3973
f 3886//3886 3973//3973 3977//3977
f 1748//1748 1747//1747 4176//4176
f 3028//3028 3025//3025 4177//4177
f 2919//2919 2918//2918 4178//4178
f 4179//4179 2890//2890 2892//2892
f 2890//2890 4179//4179 2885//2885
f 3848//3848 3036//3036 4180//4180
f 4180//4180 3036//3036 3034//3034
f 4180//4180 3034//3034 4181//4181
f 4181//4181 3034//3034 3032//3032
f 4181//4181 3032//3032 3031//3031
f 4182//4182 1724//1724 1734//1734
f 1724//1724 4182//4182 1725//1725
f 2892//2892 3041//3041 4179//4179
f 4179//4179 3041//3041 2884//2884
f 4179//4179 2884//2884 4183//4183
f 2930//2930 3851//3851 4184//4184
f 4184//4184 3851//3851 3850//3850
f 4184//4184 3850//3850 4180//4180
f 4180//4180 3850//3850 3849//3849
f 4180//4180 3849//3849 3848//3848
f 2918//2918 2936//2936 4178//4178
f 4178//4178 2936//2936 2935//2935
f 4178//4178 2935//2935 4185//4185
f 4185//4185 2935//2935 2929//2929
f 4185//4185 2929//2929 2928//2928
f 3025//3025 3062//3062 4177//4177
f 4177//4177 3062//3062 3061//3061
f 4177//4177 3061//3061 4186//4186
f 4186//4186 3061//3061 3060//3060
f 4186//4186 3060//3060 3040//3040
f 3031//3031 3022//3022 4181//4181
f 4181//4181 3022//3022 3030//3030
f 4181//4181 3030//3030 4177//4177
f 4177//4177 3030//3030 3029//3029
f 4177//4177 3029//3029 3028//3028
f 2928//2928 2933//2933 4185//4185
f 4185//4185 2933//2933 2932//2932
f 4185//4185 2932//2932 4184//4184
f 4184//4184 2932//2932 2931//2931
f 4184//4184 2931//2931 2930//2930
f 2938//2938 3847//3847 4187//4187
f 4187//4187 3847//3847 2921//2921
f 4187//4187 2921//2921 4178//4178
f 4178//4178 2921//2921 2920//2920
f 4178//4178 2920//2920 2919//2919
f 2913//2913 2911//2911 4188//4188
f 4188//4188 2911//2911 2909//2909
f 4188//4188 2909//2909 4187//4187
f 4187//4187 2909//2909 2908//2908
f 4187//4187 2908//2908 2938//2938
f 2900//2900 2899//2899 4189//4189
f 4189//4189 2899//2899 2915//2915
f 1730//1730 4190//4190 1731//1731
f 1731//1731 4190//4190 4182//4182
f 1731//1731 4182//4182 1733//1733
f 1733//1733 4182//4182 1734//1734
f 1860//1860 1859//1859 4191//4191
f 4191//4191 1859//1859 1858//1858
f 4191//4191 1858//1858 4192//4192
f 4192//4192 1858//1858 1828//1828
f 4192//4192 1828//1828 1827//1827
f 4193//4193 2820//2820 2819//2819
f 2884//2884 1739//1739 4183//4183
f 4183//4183 1739//1739 1741//1741
f 4183//4183 1741//1741 4176//4176
f 4176//4176 1741//1741 1743//1743
f 4176//4176 1743//1743 1748//1748
f 3044//3044 3043//3043 4194//4194
f 4194//4194 3043//3043 2888//2888
f 4194//4194 2888//2888 4179//4179
f 4179//4179 2888//2888 2886//2886
f 4179//4179 2886//2886 2885//2885
f 3040//3040 3049//3049 4186//4186
f 4186//4186 3049//3049 3048//3048
f 4186//4186 3048//3048 4194//4194
f 4194//4194 3048//3048 3046//3046
f 4194//4194 3046//3046 3044//3044
f 4195//4195 2898//2898 2903//2903
f 1827//1827 1875//1875 4192//4192
f 4192//4192 1875//1875 1874//1874
f 4192//4192 1874//1874 4196//4196
f 4196//4196 1874//1874 1873//1873
f 4196//4196 1873//1873 1872//1872
f 1856//1856 1854//1854 4197//4197
f 4197//4197 1854//1854 1853//1853
f 4197//4197 1853//1853 4191//4191
f 4191//4191 1853//1853 1861//1861
f 4191//4191 1861//1861 1860//1860
f 1910//1910 1908//1908 4198//4198
f 4198//4198 1908//1908 1898//1898
f 4198//4198 1898//1898 4193//4193
f 4193//4193 1898//1898 1897//1897
f 4193//4193 1897//1897 2820//2820
f 1944//1944 1904//1904 4199//4199
f 4199//4199 1904//1904 1907//1907
f 1713//1713 1712//1712 4200//4200
f 4200//4200 1712//1712 1938//1938
f 4200//4200 1938//1938 4201//4201
f 4201//4201 1938//1938 1937//1937
f 4201//4201 1937//1937 1936//1936
f 1747//1747 1746//1746 4176//4176
f 4176//4176 1746//1746 1745//1745
f 4176//4176 1745//1745 4200//4200
f 4200//4200 1745//1745 1744//1744
f 4200//4200 1744//1744 1713//1713
f 2915//2915 2907//2907 4189//4189
f 4189//4189 2907//2907 2905//2905
f 4189//4189 2905//2905 4188//4188
f 4188//4188 2905//2905 2904//2904
f 4188//4188 2904//2904 2913//2913
f 4195//4195 2903//2903 4189//4189
f 4189//4189 2903//2903 2902//2902
f 4189//4189 2902//2902 2900//2900
f 1872//1872 1809//1809 4196//4196
f 4196//4196 1809//1809 1728//1728
f 4196//4196 1728//1728 4182//4182
f 4182//4182 1728//1728 1727//1727
f 4182//4182 1727//1727 1725//1725
f 2819//2819 2818//2818 4193//4193
f 4193//4193 2818//2818 2817//2817
f 4193//4193 2817//2817 4197//4197
f 4197//4197 2817//2817 1857//1857
f 4197//4197 1857//1857 1856//1856
f 1901//1901 4202//4202 1905//1905
f 1905//1905 4202//4202 4199//4199
f 1905//1905 4199//4199 1906//1906
f 1906//1906 4199//4199 1907//1907
f 1730//1730 1785//1785 4190//4190
f 4190//4190 1785//1785 1784//1784
f 4190//4190 1784//1784 4195//4195
f 4195//4195 1784//1784 2897//2897
f 4195//4195 2897//2897 2898//2898
f 1901//1901 1915//1915 4202//4202
f 4202//4202 1915//1915 1914//1914
f 4202//4202 1914//1914 4198//4198
f 4198//4198 1914//1914 1912//1912
f 4198//4198 1912//1912 1910//1910
f 1936//1936 1935//1935 4201//4201
f 4201//4201 1935//1935 1942//1942
f 4201//4201 1942//1942 4199//4199
f 4199//4199 1942//1942 1943//1943
f 4199//4199 1943//1943 1944//1944
f 4203//4203 4204//4204 4205//4205
f 4205//4205 4204//4204 4206//4206
f 4205//4205 4206//4206 4207//4207
f 4207//4207 4206//4206 4208//4208
f 4207//4207 4208//4208 4209//4209
f 4209//4209 4208//4208 4210//4210
f 4209//4209 4210//4210 4211//4211
f 4211//4211 4210//4210 4212//4212
f 4211//4211 4212//4212 4213//4213
f 4213//4213 4212//4212 4214//4214
f 4213//4213 4214//4214 4215//4215
f 4215//4215 4214//4214 4216//4216
f 4215//4215 4216//4216 4217//4217
f 4217//4217 4216//4216 4218//4218
f 4217//4217 4218//4218 4219//4219
f 4219//4219 4218//4218 4220//4220
f 4219//4219 4220//4220 4221//4221
f 4221//4221 4220//4220 4222//4222
f 4221//4221 4222//4222 4223//4223
f 4223//4223 4222//4222 4224//4224
f 4223//4223 4224//4224 4225//4225
f 4225//4225 4224//4224 4226//4226
f 4225//4225 4226//4226 4227//4227
f 4227//4227 4226//4226 4228//4228
f 4227//4227 4228//4228 4229//4229
f 4229//4229 4228//4228 4230//4230
f 4229//4229 4230//4230 4231//4231
f 4231//4231 4230//4230 4232//4232
f 4231//4231 4232//4232 4233//4233
f 4233//4233 4232//4232 4234//4234
f 4233//4233 4234//4234 4235//4235
f 4235//4235 4234//4234 4236//4236
f 4235//4235 4236//4236 4237//4237
f 4237//4237 4236//4236 4238//4238
f 4237//4237 4238//4238 4239//4239
f 4239//4239 4238//4238 4240//4240
f 4239//4239 4240//4240 4241//4241
f 4241//4241 4240//4240 4242//4242
f 4241//4241 4242//4242 4243//4243
f 4243//4243 4242//4242 4244//4244
f 4243//4243 4244//4244 4245//4245
f 4245//4245 4244//4244 4246//4246
f 4245//4245 4246//4246 4247//4247
f 4247//4247 4246//4246 4248//4248
f 4247//4247 4248//4248 4249//4249
f 4249//4249 4248//4248 4250//4250
f 4249//4249 4250//4250 4251//4251
f 4251//4251 4250//4250 4252//4252
f 4251//4251 4252//4252 4253//4253
f 4253//4253 4252//4252 4254//4254
f 4253//4253 4254//4254 4255//4255
f 4255//4255 4254//4254 4256//4256
f 4255//4255 4256//4256 4203//4203
f 4203//4203 4256//4256 4204//4204
f 4218//4218 4257//4257 4220//4220
f 4220//4220 4257//4257 4258//4258
f 4220//4220 4258//4258 4222//4222
f 4222//4222 4258//4258 4259//4259
f 4222//4222 4259//4259 4224//4224
f 4224//4224 4259//4259 4260//4260
f 4224//4224 4260//4260 4226//4226
f 4226//4226 4260//4260 4261//4261
f 4226//4226 4261//4261 4228//4228
f 4228//4228 4261//4261 4262//4262
f 4228//4228 4262//4262 4230//4230
f 4230//4230 4262//4262 4263//4263
f 4230//4230 4263//4263 4232//4232
f 4232//4232 4263//4263 4264//4264
f 4232//4232 4264//4264 4234//4234
f 4234//4234 4264//4264 4265//4265
f 4234//4234 4265//4265 4236//4236
f 4236//4236 4265//4265 4266//4266
f 4236//4236 4266//4266 4238//4238
f 4238//4238 4266//4266 4267//4267
f 4238//4238 4267//4267 4240//4240
f 4240//4240 4267//4267 4268//4268
f 4240//4240 4268//4268 4242//4242
f 4242//4242 4268//4268 4269//4269
f 4242//4242 4269//4269 4244//4244
f 4244//4244 4269//4269 4270//4270
f 4244//4244 4270//4270 4246//4246
f 4246//4246 4270//4270 4271//4271
f 4246//4246 4271//4271 4248//4248
f 4248//4248 4271//4271 4272//4272
f 4248//4248 4272//4272 4250//4250
f 4250//4250 4272//4272 4273//4273
f 4250//4250 4273//4273 4252//4252
f 4252//4252 4273//4273 4274//4274
f 4252//4252 4274//4274 4254//4254
f 4254//4254 4274//4274 4275//4275
f 4254//4254 4275//4275 4256//4256
f 4256//4256 4275//4275 4276//4276
f 4256//4256 4276//4276 4204//4204
f 4204//4204 4276//4276 4277//4277
f 4204//4204 4277//4277 4206//4206
f 4206//4206 4277//4277 4278//4278
f 4206//4206 4278//4278 4208//4208
f 4208//4208 4278//4278 4279//4279
f 4208//4208 4279//4279 4210//4210
f 4210//4210 4279//4279 4280//4280
f 4210//4210 4280//4280 4212//4212
f 4212//4212 4280//4280 4281//4281
f 4212//4212 4281//4281 4214//4214
f 4214//4214 4281//4281 4282//4282
f 4214//4214 4282//4282 4216//4216
f 4216//4216 4282//4282 4283//4283
f 4216//4216 4283//4283 4218//4218
f 4218//4218 4283//4283 4257//4257
f 4284//4284 4285//4285 4286//4286
f 4287//4287 4288//4288 4286//4286
f 4286//4286 4288//4288 4289//4289
f 4286//4286 4289//4289 4284//4284
f 4290//4290 4291//4291 4287//4287
f 4287//4287 4291//4291 4292//4292
f 4287//4287 4292//4292 4288//4288
f 4293//4293 4294//4294 4290//4290
f 4290//4290 4294//4294 4295//4295
f 4290//4290 4295//4295 4291//4291
f 4296//4296 4297//4297 4293//4293
f 4293//4293 4297//4297 4298//4298
f 4293//4293 4298//4298 4294//4294
f 4299//4299 4300//4300 4296//4296
f 4296//4296 4300//4300 4301//4301
f 4296//4296 4301//4301 4297//4297
f 4302//4302 4303//4303 4299//4299
f 4299//4299 4303//4303 4304//4304
f 4299//4299 4304//4304 4300//4300
f 4305//4305 4306//4306 4302//4302
f 4302//4302 4306//4306 4307//4307
f 4302//4302 4307//4307 4303//4303
f 4308//4308 4309//4309 4305//4305
f 4305//4305 4309//4309 4310//4310
f 4305//4305 4310//4310 4306//4306
f 4311//4311 4312//4312 4308//4308
f 4308//4308 4312//4312 4313//4313
f 4308//4308 4313//4313 4309//4309
f 4314//4314 4315//4315 4311//4311
f 4311//4311 4315//4315 4316//4316
f 4311//4311 4316//4316 4312//4312
f 4317//4317 4318//4318 4314//4314
f 4314//4314 4318//4318 4319//4319
f 4314//4314 4319//4319 4315//4315
f 4320//4320 4321//4321 4317//4317
f 4317//4317 4321//4321 4322//4322
f 4317//4317 4322//4322 4318//4318
f 4323//4323 4324//4324 4320//4320
f 4320//4320 4324//4324 4325//4325
f 4320//4320 4325//4325 4321//4321
f 4326//4326 4327//4327 4323//4323
f 4323//4323 4327//4327 4328//4328
f 4323//4323 4328//4328 4324//4324
f 4329//4329 4330//4330 4326//4326
f 4326//4326 4330//4330 4331//4331
f 4326//4326 4331//4331 4327//4327
f 4332//4332 4333//4333 4329//4329
f 4329//4329 4333//4333 4334//4334
f 4329//4329 4334//4334 4330//4330
f 4335//4335 4336//4336 4332//4332
f 4332//4332 4336//4336 4337//4337
f 4332//4332 4337//4337 4333//4333
f 4338//4338 4339//4339 4335//4335
f 4335//4335 4339//4339 4340//4340
f 4335//4335 4340//4340 4336//4336
f 4341//4341 4342//4342 4338//4338
f 4338//4338 4342//4342 4343//4343
f 4338//4338 4343//4343 4339//4339
f 4344//4344 4345//4345 4341//4341
f 4341//4341 4345//4345 4346//4346
f 4341//4341 4346//4346 4342//4342
f 4347//4347 4348//4348 4344//4344
f 4344//4344 4348//4348 4349//4349
f 4344//4344 4349//4349 4345//4345
f 4350//4350 4351//4351 4347//4347
f 4347//4347 4351//4351 4352//4352
f 4347//4347 4352//4352 4348//4348
f 4353//4353 4354//4354 4350//4350
f 4350//4350 4354//4354 4355//4355
f 4350//4350 4355//4355 4351//4351
f 4356//4356 4357//4357 4353//4353
f 4353//4353 4357//4357 4358//4358
f 4353//4353 4358//4358 4354//4354
f 4284//4284 4359//4359 4285//4285
f 4285//4285 4359//4359 4360//4360
f 4285//4285 4360//4360 4356//4356
f 4356//4356 4360//4360 4361//4361
f 4356//4356 4361//4361 4357//4357
f 4341//4341 4362//4362 4344//4344
f 4344//4344 4362//4362 4363//4363
f 4344//4344 4363//4363 4347//4347
f 4347//4347 4363//4363 4364//4364
f 4347//4347 4364//4364 4350//4350
f 4350//4350 4364//4364 4365//4365
f 4350//4350 4365//4365 4353//4353
f 4353//4353 4365//4365 4366//4366
f 4353//4353 4366//4366 4356//4356
f 4356//4356 4366//4366 4367//4367
f 4356//4356 4367//4367 4285//4285
f 4285//4285 4367//4367 4368//4368
f 4285//4285 4368//4368 4286//4286
f 4368//4368 4369//4369 4286//4286
f 4286//4286 4369//4369 4370//4370
f 4286//4286 4370//4370 4287//4287
f 4287//4287 4370//4370 4371//4371
f 4287//4287 4371//4371 4290//4290
f 4290//4290 4371//4371 4372//4372
f 4290//4290 4372//4372 4293//4293
f 4293//4293 4372//4372 4373//4373
f 4293//4293 4373//4373 4296//4296
f 4296//4296 4373//4373 4374//4374
f 4296//4296 4374//4374 4299//4299
f 4299//4299 4374//4374 4375//4375
f 4299//4299 4375//4375 4302//4302
f 4302//4302 4375//4375 4376//4376
f 4302//4302 4376//4376 4305//4305
f 4305//4305 4376//4376 4377//4377
f 4305//4305 4377//4377 4308//4308
f 4308//4308 4377//4377 4378//4378
f 4308//4308 4378//4378 4311//4311
f 4311//4311 4378//4378 4379//4379
f 4311//4311 4379//4379 4314//4314
f 4314//4314 4379//4379 4380//4380
f 4314//4314 4380//4380 4317//4317
f 4317//4317 4380//4380 4381//4381
f 4317//4317 4381//4381 4320//4320
f 4320//4320 4381//4381 4382//4382
f 4320//4320 4382//4382 4323//4323
f 4323//4323 4382//4382 4383//4383
f 4323//4323 4383//4383 4326//4326
f 4326//4326 4383//4383 4384//4384
f 4326//4326 4384//4384 4329//4329
f 4329//4329 4384//4384 4385//4385
f 4329//4329 4385//4385 4332//4332
f 4332//4332 4385//4385 4386//4386
f 4332//4332 4386//4386 4335//4335
f 4335//4335 4386//4386 4387//4387
f 4335//4335 4387//4387 4338//4338
f 4338//4338 4387//4387 4388//4388
f 4338//4338 4388//4388 4341//4341
f 4341//4341 4388//4388 4389//4389
f 4341//4341 4389//4389 4362//4362
f 4179//4179 4183//4183 4390//4390
f 4390//4390 4391//4391 4179//4179
f 4179//4179 4391//4391 4392//4392
f 4179//4179 4392//4392 4194//4194
f 4392//4392 4393//4393 4194//4194
f 4194//4194 4393//4393 4394//4394
f 4194//4194 4394//4394 4186//4186
f 4394//4394 4395//4395 4186//4186
f 4186//4186 4395//4395 4396//4396
f 4186//4186 4396//4396 4177//4177
f 4396//4396 4397//4397 4177//4177
f 4177//4177 4397//4397 4398//4398
f 4177//4177 4398//4398 4181//4181
f 4398//4398 4399//4399 4181//4181
f 4181//4181 4399//4399 4400//4400
f 4181//4181 4400//4400 4180//4180
f 4400//4400 4401//4401 4180//4180
f 4180//4180 4401//4401 4402//4402
f 4180//4180 4402//4402 4184//4184
f 4402//4402 4403//4403 4184//4184
f 4184//4184 4403//4403 4404//4404
f 4184//4184 4404//4404 4185//4185
f 4404//4404 4405//4405 4185//4185
f 4185//4185 4405//4405 4406//4406
f 4185//4185 4406//4406 4178//4178
f 4406//4406 4407//4407 4178//4178
f 4178//4178 4407//4407 4408//4408
f 4178//4178 4408//4408 4187//4187
f 4408//4408 4409//4409 4187//4187
f 4187//4187 4409//4409 4410//4410
f 4187//4187 4410//4410 4188//4188
f 4410//4410 4411//4411 4188//4188
f 4188//4188 4411//4411 4412//4412
f 4188//4188 4412//4412 4189//4189
f 4412//4412 4413//4413 4189//4189
f 4189//4189 4413//4413 4414//4414
f 4189//4189 4414//4414 4195//4195
f 4414//4414 4415//4415 4195//4195
f 4195//4195 4415//4415 4416//4416
f 4195//4195 4416//4416 4190//4190
f 4416//4416 4417//4417 4190//4190
f 4190//4190 4417//4417 4418//4418
f 4190//4190 4418//4418 4182//4182
f 4418//4418 4419//4419 4182//4182
f 4182//4182 4419//4419 4420//4420
f 4182//4182 4420//4420 4196//4196
f 4420//4420 4421//4421 4196//4196
f 4196//4196 4421//4421 4422//4422
f 4196//4196 4422//4422 4192//4192
f 4422//4422 4423//4423 4192//4192
f 4192//4192 4423//4423 4424//4424
f 4192//4192 4424//4424 4191//4191
f 4424//4424 4425//4425 4191//4191
f 4191//4191 4425//4425 4426//4426
f 4191//4191 4426//4426 4197//4197
f 4426//4426 4427//4427 4197//4197
f 4197//4197 4427//4427 4428//4428
f 4197//4197 4428//4428 4193//4193
f 4428//4428 4429//4429 4193//4193
f 4193//4193 4429//4429 4430//4430
f 4193//4193 4430//4430 4198//4198
f 4430//4430 4431//4431 4198//4198
f 4198//4198 4431//4431 4432//4432
f 4198//4198 4432//4432 4202//4202
f 4432//4432 4433//4433 4202//4202
f 4202//4202 4433//4433 4434//4434
f 4202//4202 4434//4434 4199//4199
f 4434//4434 4435//4435 4199//4199
f 4199//4199 4435//4435 4436//4436
f 4199//4199 4436//4436 4201//4201
f 4436//4436 4437//4437 4201//4201
f 4201//4201 4437//4437 4438//4438
f 4201//4201 4438//4438 4200//4200
f 4438//4438 4439//4439 4200//4200
f 4200//4200 4439//4439 4440//4440
f 4200//4200 4440//4440 4176//4176
f 4440//4440 4441//4441 4176//4176
f 4176//4176 4441//4441 4442//4442
f 4176//4176 4442//4442 4183//4183
f 4183//4183 4442//4442 4443//4443
f 4183//4183 4443//4443 4390//4390
f 103//103 4444//4444 98//98
f 98//98 4444//4444 4445//4445
f 109//109 4446//4446 4447//4447
f 103//103 104//104 4444//4444
f 4444//4444 104//104 106//106
f 4444//4444 106//106 4447//4447
f 4447//4447 106//106 110//110
f 4447//4447 110//110 109//109
f 117//117 4448//4448 115//115
f 115//115 4448//4448 4446//4446
f 115//115 4446//4446 180//180
f 180//180 4446//4446 109//109
f 117//117 118//118 4448//4448
f 4448//4448 118//118 94//94
f 4448//4448 94//94 4449//4449
f 94//94 124//124 4449//4449
f 4449//4449 124//124 123//123
f 4449//4449 123//123 4450//4450
f 123//123 179//179 4450//4450
f 4450//4450 179//179 174//174
f 4450//4450 174//174 4451//4451
f 4451//4451 174//174 170//170
f 170//170 169//169 4451//4451
f 4451//4451 169//169 127//127
f 4451//4451 127//127 4452//4452
f 164//164 4453//4453 130//130
f 130//130 4453//4453 4452//4452
f 130//130 4452//4452 165//165
f 165//165 4452//4452 127//127
f 136//136 4454//4454 4455//4455
f 164//164 133//133 4453//4453
f 4453//4453 133//133 132//132
f 4453//4453 132//132 4455//4455
f 4455//4455 132//132 138//138
f 4455//4455 138//138 136//136
f 157//157 4456//4456 159//159
f 159//159 4456//4456 4454//4454
f 159//159 4454//4454 141//141
f 141//141 4454//4454 136//136
f 157//157 156//156 4456//4456
f 4456//4456 156//156 152//152
f 4456//4456 152//152 4457//4457
f 4//4 4458//4458 4459//4459
f 152//152 151//151 4457//4457
f 4457//4457 151//151 146//146
f 4457//4457 146//146 4459//4459
f 4459//4459 146//146 5//5
f 4459//4459 5//5 4//4
f 89//89 4460//4460 10//10
f 10//10 4460//4460 4458//4458
f 10//10 4458//4458 90//90
f 90//90 4458//4458 4//4
f 89//89 20//20 4460//4460
f 4460//4460 20//20 19//19
f 4460//4460 19//19 4461//4461
f 19//19 17//17 4461//4461
f 4461//4461 17//17 16//16
f 4461//4461 16//16 4462//4462
f 28//28 4463//4463 23//23
f 23//23 4463//4463 4462//4462
f 23//23 4462//4462 25//25
f 25//25 4462//4462 16//16
f 28//28 85//85 4463//4463
f 4463//4463 85//85 83//83
f 4463//4463 83//83 4464//4464
f 83//83 84//84 4464//4464
f 4464//4464 84//84 76//76
f 4464//4464 76//76 4465//4465
f 66//66 4466//4466 67//67
f 67//67 4466//4466 4465//4465
f 67//67 4465//4465 77//77
f 77//77 4465//4465 76//76
f 66//66 65//65 4466//4466
f 4466//4466 65//65 30//30
f 4466//4466 30//30 4467//4467
f 43//43 4468//4468 35//35
f 35//35 4468//4468 4467//4467
f 35//35 4467//4467 37//37
f 37//37 4467//4467 30//30
f 43//43 44//44 4468//4468
f 4468//4468 44//44 40//40
f 4468//4468 40//40 4469//4469
f 40//40 61//61 4469//4469
f 4469//4469 61//61 47//47
f 4469//4469 47//47 4470//4470
f 51//51 4471//4471 1//1
f 1//1 4471//4471 4470//4470
f 1//1 4470//4470 48//48
f 48//48 4470//4470 47//47
f 51//51 57//57 4471//4471
f 4471//4471 57//57 56//56
f 4471//4471 56//56 4445//4445
f 4445//4445 56//56 60//60
f 4445//4445 60//60 98//98
f 4383//4383 4382//4382 4415//4415
f 4415//4415 4414//4414 4383//4383
f 4383//4383 4414//4414 4413//4413
f 4383//4383 4413//4413 4384//4384
f 4413//4413 4412//4412 4384//4384
f 4384//4384 4412//4412 4411//4411
f 4384//4384 4411//4411 4385//4385
f 4411//4411 4410//4410 4385//4385
f 4385//4385 4410//4410 4409//4409
f 4385//4385 4409//4409 4386//4386
f 4409//4409 4408//4408 4386//4386
f 4386//4386 4408//4408 4407//4407
f 4386//4386 4407//4407 4387//4387
f 4407//4407 4406//4406 4387//4387
f 4387//4387 4406//4406 4405//4405
f 4387//4387 4405//4405 4388//4388
f 4405//4405 4404//4404 4388//4388
f 4388//4388 4404//4404 4403//4403
f 4388//4388 4403//4403 4389//4389
f 4403//4403 4402//4402 4389//4389
f 4389//4389 4402//4402 4401//4401
f 4389//4389 4401//4401 4362//4362
f 4401//4401 4400//4400 4362//4362
f 4362//4362 4400//4400 4399//4399
f 4362//4362 4399//4399 4363//4363
f 4399//4399 4398//4398 4363//4363
f 4363//4363 4398//4398 4397//4397
f 4363//4363 4397//4397 4364//4364
f 4397//4397 4396//4396 4364//4364
f 4364//4364 4396//4396 4395//4395
f 4364//4364 4395//4395 4365//4365
f 4395//4395 4394//4394 4365//4365
f 4365//4365 4394//4394 4393//4393
f 4365//4365 4393//4393 4366//4366
f 4393//4393 4392//4392 4366//4366
f 4366//4366 4392//4392 4391//4391
f 4366//4366 4391//4391 4367//4367
f 4367//4367 4391//4391 4390//4390
f 4367//4367 4390//4390 4368//4368
f 4368//4368 4390//4390 4443//4443
f 4368//4368 4443//4443 4369//4369
f 4369//4369 4443//4443 4442//4442
f 4369//4369 4442//4442 4370//4370
f 4370//4370 4442//4442 4441//4441
f 4441//4441 4440//4440 4370//4370
f 4370//4370 4440//4440 4439//4439
f 4370//4370 4439//4439 4371//4371
f 4439//4439 4438//4438 4371//4371
f 4371//4371 4438//4438 4437//4437
f 4371//4371 4437//4437 4372//4372
f 4437//4437 4436//4436 4372//4372
f 4372//4372 4436//4436 4435//4435
f 4372//4372 4435//4435 4373//4373
f 4435//4435 4434//4434 4373//4373
f 4373//4373 4434//4434 4433//4433
f 4373//4373 4433//4433 4374//4374
f 4433//4433 4432//4432 4374//4374
f 4374//4374 4432//4432 4431//4431
f 4374//4374 4431//4431 4375//4375
f 4431//4431 4430//4430 4375//4375
f 4375//4375 4430//4430 4429//4429
f 4375//4375 4429//4429 4376//4376
f 4429//4429 4428//4428 4376//4376
f 4376//4376 4428//4428 4427//4427
f 4376//4376 4427//4427 4377//4377
f 4427//4427 4426//4426 4377//4377
f 4377//4377 4426//4426 4425//4425
f 4377//4377 4425//4425 4378//4378
f 4425//4425 4424//4424 4378//4378
f 4378//4378 4424//4424 4423//4423
f 4378//4378 4423//4423 4379//4379
f 4423//4423 4422//4422 4379//4379
f 4379//4379 4422//4422 4421//4421
f 4379//4379 4421//4421 4380//4380
f 4421//4421 4420//4420 4380//4380
f 4380//4380 4420//4420 4419//4419
f 4380//4380 4419//4419 4381//4381
f 4419//4419 4418//4418 4381//4381
f 4381//4381 4418//4418 4417//4417
f 4381//4381 4417//4417 4382//4382
f 4382//4382 4417//4417 4416//4416
f 4382//4382 4416//4416 4415//4415
f 4445//4445 4472//4472 4471//4471
f 4471//4471 4472//4472 4473//4473
f 4471//4471 4473//4473 4470//4470
f 4470//4470 4473//4473 4474//4474
f 4470//4470 4474//4474 4469//4469
f 4469//4469 4474//4474 4475//4475
f 4469//4469 4475//4475 4468//4468
f 4468//4468 4475//4475 4476//4476
f 4468//4468 4476//4476 4467//4467
f 4467//4467 4476//4476 4477//4477
f 4467//4467 4477//4477 4466//4466
f 4466//4466 4477//4477 4478//4478
f 4466//4466 4478//4478 4465//4465
f 4465//4465 4478//4478 4479//4479
f 4465//4465 4479//4479 4464//4464
f 4464//4464 4479//4479 4480//4480
f 4464//4464 4480//4480 4463//4463
f 4463//4463 4480//4480 4481//4481
f 4463//4463 4481//4481 4462//4462
f 4462//4462 4481//4481 4482//4482
f 4462//4462 4482//4482 4461//4461
f 4461//4461 4482//4482 4483//4483
f 4461//4461 4483//4483 4460//4460
f 4460//4460 4483//4483 4484//4484
f 4460//4460 4484//4484 4458//4458
f 4458//4458 4484//4484 4485//4485
f 4458//4458 4485//4485 4459//4459
f 4459//4459 4485//4485 4486//4486
f 4459//4459 4486//4486 4457//4457
f 4457//4457 4486//4486 4487//4487
f 4457//4457 4487//4487 4456//4456
f 4456//4456 4487//4487 4488//4488
f 4456//4456 4488//4488 4454//4454
f 4454//4454 4488//4488 4489//4489
f 4454//4454 4489//4489 4455//4455
f 4455//4455 4489//4489 4490//4490
f 4455//4455 4490//4490 4453//4453
f 4453//4453 4490//4490 4491//4491
f 4453//4453 4491//4491 4452//4452
f 4452//4452 4491//4491 4492//4492
f 4452//4452 4492//4492 4451//4451
f 4451//4451 4492//4492 4493//4493
f 4451//4451 4493//4493 4450//4450
f 4450//4450 4493//4493 4494//4494
f 4450//4450 4494//4494 4449//4449
f 4449//4449 4494//4494 4495//4495
f 4449//4449 4495//4495 4448//4448
f 4448//4448 4495//4495 4496//4496
f 4448//4448 4496//4496 4446//4446
f 4446//4446 4496//4496 4497//4497
f 4446//4446 4497//4497 4447//4447
f 4447//4447 4497//4497 4498//4498
f 4447//4447 4498//4498 4444//4444
f 4444//4444 4498//4498 4499//4499
f 4444//4444 4499//4499 4445//4445
f 4445//4445 4499//4499 4472//4472
f 4264//4264 4263//4263 4328//4328
f 4328//4328 4327//4327 4264//4264
f 4264//4264 4327//4327 4331//4331
f 4264//4264 4331//4331 4265//4265
f 4331//4331 4330//4330 4265//4265
f 4265//4265 4330//4330 4334//4334
f 4265//4265 4334//4334 4266//4266
f 4334//4334 4333//4333 4266//4266
f 4266//4266 4333//4333 4337//4337
f 4266//4266 4337//4337 4267//4267
f 4337//4337 4336//4336 4267//4267
f 4267//4267 4336//4336 4340//4340
f 4267//4267 4340//4340 4268//4268
f 4340//4340 4339//4339 4268//4268
f 4268//4268 4339//4339 4343//4343
f 4268//4268 4343//4343 4269//4269
f 4343//4343 4342//4342 4269//4269
f 4269//4269 4342//4342 4346//4346
f 4269//4269 4346//4346 4270//4270
f 4346//4346 4345//4345 4270//4270
f 4270//4270 4345//4345 4349//4349
f 4270//4270 4349//4349 4271//4271
f 4349//4349 4348//4348 4271//4271
f 4271//4271 4348//4348 4352//4352
f 4271//4271 4352//4352 4272//4272
f 4352//4352 4351//4351 4272//4272
f 4272//4272 4351//4351 4355//4355
f 4272//4272 4355//4355 4273//4273
f 4355//4355 4354//4354 4273//4273
f 4273//4273 4354//4354 4358//4358
f 4273//4273 4358//4358 4274//4274
f 4358//4358 4357//4357 4274//4274
f 4274//4274 4357//4357 4361//4361
f 4274//4274 4361//4361 4275//4275
f 4361//4361 4360//4360 4275//4275
f 4275//4275 4360//4360 4359//4359
f 4275//4275 4359//4359 4276//4276
f 4292//4292 4278//4278 4277//4277
f 4359//4359 4284//4284 4276//4276
f 4276//4276 4284//4284 4289//4289
f 4276//4276 4289//4289 4277//4277
f 4277//4277 4289//4289 4288//4288
f 4277//4277 4288//4288 4292//4292
f 4292//4292 4291//4291 4278//4278
f 4278//4278 4291//4291 4295//4295
f 4278//4278 4295//4295 4279//4279
f 4279//4279 4295//4295 4294//4294
f 4279//4279 4294//4294 4280//4280
f 4294//4294 4298//4298 4280//4280
f 4280//4280 4298//4298 4297//4297
f 4280//4280 4297//4297 4281//4281
f 4297//4297 4301//4301 4281//4281
f 4281//4281 4301//4301 4300//4300
f 4281//4281 4300//4300 4282//4282
f 4300//4300 4304//4304 4282//4282
f 4282//4282 4304//4304 4303//4303
f 4282//4282 4303//4303 4283//4283
f 4303//4303 4307//4307 4283//4283
f 4283//4283 4307//4307 4306//4306
f 4283//4283 4306//4306 4257//4257
f 4306//4306 4310//4310 4257//4257
f 4257//4257 4310//4310 4309//4309
f 4257//4257 4309//4309 4258//4258
f 4309//4309 4313//4313 4258//4258
f 4258//4258 4313//4313 4312//4312
f 4258//4258 4312//4312 4259//4259
f 4312//4312 4316//4316 4259//4259
f 4259//4259 4316//4316 4315//4315
f 4259//4259 4315//4315 4260//4260
f 4260//4260 4315//4315 4319//4319
f 4319//4319 4318//4318 4260//4260
f 4260//4260 4318//4318 4322//4322
f 4260//4260 4322//4322 4261//4261
f 4261//4261 4322//4322 4321//4321
f 4261//4261 4321//4321 4262//4262
f 4262//4262 4321//4321 4325//4325
f 4262//4262 4325//4325 4263//4263
f 4263//4263 4325//4325 4324//4324
f 4263//4263 4324//4324 4328//4328
f 4500//4500 4501//4501 4502//4502
f 4502//4502 4501//4501 4503//4503
f 4502//4502 4503//4503 4504//4504
f 4504//4504 4503//4503 4505//4505
f 4504//4504 4505//4505 4506//4506
f 4506//4506 4505//4505 4507//4507
f 4506//4506 4507//4507 4508//4508
f 4508//4508 4507//4507 4509//4509
f 4508//4508 4509//4509 4510//4510
f 4510//4510 4509//4509 4511//4511
f 4510//4510 4511//4511 4512//4512
f 4512//4512 4511//4511 4513//4513
f 4512//4512 4513//4513 4514//4514
f 4514//4514 4513//4513 4515//4515
f 4514//4514 4515//4515 4516//4516
f 4516//4516 4515//4515 4517//4517
f 4516//4516 4517//4517 4518//4518
f 4518//4518 4517//4517 4519//4519
f 4518//4518 4519//4519 4520//4520
f 4520//4520 4519//4519 4521//4521
f 4520//4520 4521//4521 4522//4522
f 4522//4522 4521//4521 4523//4523
f 4522//4522 4523//4523 4524//4524
f 4524//4524 4523//4523 4525//4525
f 4524//4524 4525//4525 4526//4526
f 4526//4526 4525//4525 4527//4527
f 4526//4526 4527//4527 4528//4528
f 4528//4528 4527//4527 4529//4529
f 4528//4528 4529//4529 4530//4530
f 4530//4530 4529//4529 4531//4531
f 4530//4530 4531//4531 4532//4532
f 4532//4532 4531//4531 4533//4533
f 4532//4532 4533//4533 4534//4534
f 4534//4534 4533//4533 4535//4535
f 4534//4534 4535//4535 4536//4536
f 4536//4536 4535//4535 4537//4537
f 4536//4536 4537//4537 4538//4538
f 4538//4538 4537//4537 4539//4539
f 4538//4538 4539//4539 4540//4540
f 4540//4540 4539//4539 4541//4541
f 4540//4540 4541//4541 4542//4542
f 4542//4542 4541//4541 4543//4543
f 4542//4542 4543//4543 4544//4544
f 4544//4544 4543//4543 4545//4545
f 4544//4544 4545//4545 4546//4546
f 4546//4546 4545//4545 4547//4547
f 4546//4546 4547//4547 4548//4548
f 4548//4548 4547//4547 4549//4549
f 4548//4548 4549//4549 4550//4550
f 4550//4550 4549//4549 4551//4551
f 4550//4550 4551//4551 4552//4552
f 4552//4552 4551//4551 4553//4553
f 4552//4552 4553//4553 4554//4554
f 4554//4554 4553//4553 4555//4555
f 4554//4554 4555//4555 4500//4500
f 4500//4500 4555//4555 4501//4501
f 4516//4516 4518//4518 4251//4251
f 4251//4251 4518//4518 4520//4520
f 4251//4251 4520//4520 4249//4249
f 4249//4249 4520//4520 4522//4522
f 4249//4249 4522//4522 4247//4247
f 4247//4247 4522//4522 4524//4524
f 4247//4247 4524//4524 4245//4245
f 4245//4245 4524//4524 4526//4526
f 4245//4245 4526//4526 4243//4243
f 4243//4243 4526//4526 4528//4528
f 4243//4243 4528//4528 4241//4241
f 4241//4241 4528//4528 4530//4530
f 4241//4241 4530//4530 4239//4239
f 4239//4239 4530//4530 4532//4532
f 4239//4239 4532//4532 4237//4237
f 4237//4237 4532//4532 4534//4534
f 4237//4237 4534//4534 4235//4235
f 4235//4235 4534//4534 4536//4536
f 4235//4235 4536//4536 4233//4233
f 4233//4233 4536//4536 4538//4538
f 4233//4233 4538//4538 4231//4231
f 4231//4231 4538//4538 4540//4540
f 4231//4231 4540//4540 4229//4229
f 4229//4229 4540//4540 4542//4542
f 4229//4229 4542//4542 4227//4227
f 4227//4227 4542//4542 4544//4544
f 4227//4227 4544//4544 4225//4225
f 4225//4225 4544//4544 4546//4546
f 4225//4225 4546//4546 4223//4223
f 4223//4223 4546//4546 4548//4548
f 4223//4223 4548//4548 4221//4221
f 4221//4221 4548//4548 4550//4550
f 4221//4221 4550//4550 4219//4219
f 4219//4219 4550//4550 4552//4552
f 4219//4219 4552//4552 4217//4217
f 4217//4217 4552//4552 4554//4554
f 4217//4217 4554//4554 4215//4215
f 4215//4215 4554//4554 4500//4500
f 4215//4215 4500//4500 4213//4213
f 4213//4213 4500//4500 4502//4502
f 4213//4213 4502//4502 4211//4211
f 4211//4211 4502//4502 4504//4504
f 4211//4211 4504//4504 4209//4209
f 4209//4209 4504//4504 4506//4506
f 4209//4209 4506//4506 4207//4207
f 4207//4207 4506//4506 4508//4508
f 4207//4207 4508//4508 4205//4205
f 4205//4205 4508//4508 4510//4510
f 4205//4205 4510//4510 4203//4203
f 4203//4203 4510//4510 4512//4512
f 4203//4203 4512//4512 4255//4255
f 4255//4255 4512//4512 4514//4514
f 4255//4255 4514//4514 4253//4253
f 4253//4253 4514//4514 4516//4516
f 4253//4253 4516//4516 4251//4251
f 4556//4556 4557//4557 4558//4558
f 4558//4558 4557//4557 4559//4559
f 4558//4558 4559//4559 4560//4560
f 4560//4560 4559//4559 4561//4561
f 4560//4560 4561//4561 4562//4562
f 4562//4562 4561//4561 4563//4563
f 4562//4562 4563//4563 4564//4564
f 4564//4564 4563//4563 4565//4565
f 4564//4564 4565//4565 4566//4566
f 4566//4566 4565//4565 4567//4567
f 4566//4566 4567//4567 4568//4568
f 4568//4568 4567//4567 4569//4569
f 4568//4568 4569//4569 4570//4570
f 4570//4570 4569//4569 4571//4571
f 4570//4570 4571//4571 4572//4572
f 4572//4572 4571//4571 4573//4573
f 4572//4572 4573//4573 4574//4574
f 4574//4574 4573//4573 4575//4575
f 4574//4574 4575//4575 4576//4576
f 4576//4576 4575//4575 4577//4577
f 4576//4576 4577//4577 4578//4578
f 4578//4578 4577//4577 4579//4579
f 4578//4578 4579//4579 4580//4580
f 4580//4580 4579//4579 4581//4581
f 4580//4580 4581//4581 4582//4582
f 4582//4582 4581//4581 4583//4583
f 4582//4582 4583//4583 4584//4584
f 4584//4584 4583//4583 4585//4585
f 4584//4584 4585//4585 4586//4586
f 4586//4586 4585//4585 4587//4587
f 4586//4586 4587//4587 4588//4588
f 4588//4588 4587//4587 4589//4589
f 4588//4588 4589//4589 4590//4590
f 4590//4590 4589//4589 4591//4591
f 4590//4590 4591//4591 4592//4592
f 4592//4592 4591//4591 4593//4593
f 4592//4592 4593//4593 4594//4594
f 4594//4594 4593//4593 4595//4595
f 4594//4594 4595//4595 4596//4596
f 4596//4596 4595//4595 4597//4597
f 4596//4596 4597//4597 4598//4598
f 4598//4598 4597//4597 4599//4599
f 4598//4598 4599//4599 4600//4600
f 4600//4600 4599//4599 4601//4601
f 4600//4600 4601//4601 4602//4602
f 4602//4602 4601//4601 4603//4603
f 4602//4602 4603//4603 4604//4604
f 4604//4604 4603//4603 4605//4605
f 4604//4604 4605//4605 4606//4606
f 4606//4606 4605//4605 4607//4607
f 4606//4606 4607//4607 4608//4608
f 4608//4608 4607//4607 4609//4609
f 4608//4608 4609//4609 4610//4610
f 4610//4610 4609//4609 4611//4611
f 4610//4610 4611//4611 4556//4556
f 4556//4556 4611//4611 4557//4557
f 4612//4612 4613//4613 4614//4614
f 4614//4614 4613//4613 4615//4615
f 4614//4614 4615//4615 4616//4616
f 4616//4616 4615//4615 4617//4617
f 4616//4616 4617//4617 4618//4618
f 4618//4618 4617//4617 4619//4619
f 4618//4618 4619//4619 4620//4620
f 4620//4620 4619//4619 4621//4621
f 4620//4620 4621//4621 4622//4622
f 4622//4622 4621//4621 4623//4623
f 4622//4622 4623//4623 4624//4624
f 4624//4624 4623//4623 4625//4625
f 4624//4624 4625//4625 4626//4626
f 4626//4626 4625//4625 4627//4627
f 4626//4626 4627//4627 4628//4628
f 4628//4628 4627//4627 4629//4629
f 4628//4628 4629//4629 4630//4630
f 4630//4630 4629//4629 4631//4631
f 4630//4630 4631//4631 4632//4632
f 4632//4632 4631//4631 4633//4633
f 4632//4632 4633//4633 4634//4634
f 4634//4634 4633//4633 4635//4635
f 4634//4634 4635//4635 4636//4636
f 4636//4636 4635//4635 4637//4637
f 4636//4636 4637//4637 4638//4638
f 4638//4638 4637//4637 4639//4639
f 4638//4638 4639//4639 4640//4640
f 4640//4640 4639//4639 4641//4641
f 4640//4640 4641//4641 4642//4642
f 4642//4642 4641//4641 4643//4643
f 4642//4642 4643//4643 4644//4644
f 4644//4644 4643//4643 4645//4645
f 4644//4644 4645//4645 4646//4646
f 4646//4646 4645//4645 4647//4647
f 4646//4646 4647//4647 4648//4648
f 4648//4648 4647//4647 4649//4649
f 4648//4648 4649//4649 4650//4650
f 4650//4650 4649//4649 4651//4651
f 4650//4650 4651//4651 4652//4652
f 4652//4652 4651//4651 4653//4653
f 4652//4652 4653//4653 4654//4654
f 4654//4654 4653//4653 4655//4655
f 4654//4654 4655//4655 4656//4656
f 4656//4656 4655//4655 4657//4657
f 4656//4656 4657//4657 4658//4658
f 4658//4658 4657//4657 4659//4659
f 4658//4658 4659//4659 4660//4660
f 4660//4660 4659//4659 4661//4661
f 4660//4660 4661//4661 4662//4662
f 4662//4662 4661//4661 4663//4663
f 4662//4662 4663//4663 4664//4664
f 4664//4664 4663//4663 4665//4665
f 4664//4664 4665//4665 4666//4666
f 4666//4666 4665//4665 4667//4667
f 4666//4666 4667//4667 4612//4612
f 4612//4612 4667//4667 4613//4613
f 4640//4640 4558//4558 4638//4638
f 4638//4638 4558//4558 4560//4560
f 4638//4638 4560//4560 4636//4636
f 4636//4636 4560//4560 4562//4562
f 4636//4636 4562//4562 4634//4634
f 4634//4634 4562//4562 4564//4564
f 4634//4634 4564//4564 4632//4632
f 4632//4632 4564//4564 4566//4566
f 4632//4632 4566//4566 4630//4630
f 4630//4630 4566//4566 4568//4568
f 4630//4630 4568//4568 4628//4628
f 4628//4628 4568//4568 4570//4570
f 4628//4628 4570//4570 4626//4626
f 4626//4626 4570//4570 4572//4572
f 4626//4626 4572//4572 4624//4624
f 4624//4624 4572//4572 4574//4574
f 4624//4624 4574//4574 4622//4622
f 4622//4622 4574//4574 4576//4576
f 4622//4622 4576//4576 4620//4620
f 4620//4620 4576//4576 4578//4578
f 4620//4620 4578//4578 4618//4618
f 4618//4618 4578//4578 4580//4580
f 4618//4618 4580//4580 4616//4616
f 4616//4616 4580//4580 4582//4582
f 4616//4616 4582//4582 4614//4614
f 4614//4614 4582//4582 4584//4584
f 4614//4614 4584//4584 4612//4612
f 4612//4612 4584//4584 4586//4586
f 4612//4612 4586//4586 4666//4666
f 4666//4666 4586//4586 4588//4588
f 4666//4666 4588//4588 4664//4664
f 4664//4664 4588//4588 4590//4590
f 4664//4664 4590//4590 4662//4662
f 4662//4662 4590//4590 4592//4592
f 4662//4662 4592//4592 4660//4660
f 4660//4660 4592//4592 4594//4594
f 4660//4660 4594//4594 4658//4658
f 4658//4658 4594//4594 4596//4596
f 4658//4658 4596//4596 4656//4656
f 4656//4656 4596//4596 4598//4598
f 4656//4656 4598//4598 4654//4654
f 4654//4654 4598//4598 4600//4600
f 4654//4654 4600//4600 4652//4652
f 4652//4652 4600//4600 4602//4602
f 4652//4652 4602//4602 4650//4650
f 4650//4650 4602//4602 4604//4604
f 4650//4650 4604//4604 4648//4648
f 4648//4648 4604//4604 4606//4606
f 4648//4648 4606//4606 4646//4646
f 4646//4646 4606//4606 4608//4608
f 4646//4646 4608//4608 4644//4644
f 4644//4644 4608//4608 4610//4610
f 4644//4644 4610//4610 4642//4642
f 4642//4642 4610//4610 4556//4556
f 4642//4642 4556//4556 4640//4640
f 4640//4640 4556//4556 4558//4558
f 4472//4472 4623//4623 4473//4473
f 4473//4473 4623//4623 4621//4621
f 4473//4473 4621//4621 4474//4474
f 4474//4474 4621//4621 4619//4619
f 4474//4474 4619//4619 4475//4475
f 4475//4475 4619//4619 4617//4617
f 4475//4475 4617//4617 4476//4476
f 4476//4476 4617//4617 4615//4615
f 4476//4476 4615//4615 4477//4477
f 4477//4477 4615//4615 4613//4613
f 4477//4477 4613//4613 4478//4478
f 4478//4478 4613//4613 4667//4667
f 4478//4478 4667//4667 4479//4479
f 4479//4479 4667//4667 4665//4665
f 4479//4479 4665//4665 4480//4480
f 4480//4480 4665//4665 4663//4663
f 4480//4480 4663//4663 4481//4481
f 4481//4481 4663//4663 4661//4661
f 4481//4481 4661//4661 4482//4482
f 4482//4482 4661//4661 4659//4659
f 4482//4482 4659//4659 4483//4483
f 4483//4483 4659//4659 4657//4657
f 4483//4483 4657//4657 4484//4484
f 4484//4484 4657//4657 4655//4655
f 4484//4484 4655//4655 4485//4485
f 4485//4485 4655//4655 4653//4653
f 4485//4485 4653//4653 4486//4486
f 4486//4486 4653//4653 4651//4651
f 4486//4486 4651//4651 4487//4487
f 4487//4487 4651//4651 4649//4649
f 4487//4487 4649//4649 4488//4488
f 4488//4488 4649//4649 4647//4647
f 4488//4488 4647//4647 4489//4489
f 4489//4489 4647//4647 4645//4645
f 4489//4489 4645//4645 4490//4490
f 4490//4490 4645//4645 4643//4643
f 4490//4490 4643//4643 4491//4491
f 4491//4491 4643//4643 4641//4641
f 4491//4491 4641//4641 4492//4492
f 4492//4492 4641//4641 4639//4639
f 4492//4492 4639//4639 4493//4493
f 4493//4493 4639//4639 4637//4637
f 4493//4493 4637//4637 4494//4494
f 4494//4494 4637//4637 4635//4635
f 4494//4494 4635//4635 4495//4495
f 4495//4495 4635//4635 4633//4633
f 4495//4495 4633//4633 4496//4496
f 4496//4496 4633//4633 4631//4631
f 4496//4496 4631//4631 4497//4497
f 4497//4497 4631//4631 4629//4629
f 4497//4497 4629//4629 4498//4498
f 4498//4498 4629//4629 4627//4627
f 4498//4498 4627//4627 4499//4499
f 4499//4499 4627//4627 4625//4625
f 4499//4499 4625//4625 4472//4472
f 4472//4472 4625//4625 4623//4623
f 4668//4668 4591//4591 4669//4669
f 4669//4669 4591//4591 4589//4589
f 4669//4669 4589//4589 4670//4670
f 4670//4670 4589//4589 4587//4587
f 4670//4670 4587//4587 4671//4671
f 4671//4671 4587//4587 4585//4585
f 4671//4671 4585//4585 4672//4672
f 4672//4672 4585//4585 4583//4583
f 4672//4672 4583//4583 4673//4673
f 4673//4673 4583//4583 4581//4581
f 4673//4673 4581//4581 4674//4674
f 4674//4674 4581//4581 4579//4579
f 4674//4674 4579//4579 4675//4675
f 4675//4675 4579//4579 4577//4577
f 4675//4675 4577//4577 4676//4676
f 4676//4676 4577//4577 4575//4575
f 4676//4676 4575//4575 4677//4677
f 4677//4677 4575//4575 4573//4573
f 4677//4677 4573//4573 4678//4678
f 4678//4678 4573//4573 4571//4571
f 4678//4678 4571//4571 4679//4679
f 4679//4679 4571//4571 4569//4569
f 4679//4679 4569//4569 4680//4680
f 4680//4680 4569//4569 4567//4567
f 4680//4680 4567//4567 4681//4681
f 4681//4681 4567//4567 4565//4565
f 4681//4681 4565//4565 4682//4682
f 4682//4682 4565//4565 4563//4563
f 4682//4682 4563//4563 4683//4683
f 4683//4683 4563//4563 4561//4561
f 4683//4683 4561//4561 4684//4684
f 4684//4684 4561//4561 4559//4559
f 4684//4684 4559//4559 4685//4685
f 4685//4685 4559//4559 4557//4557
f 4685//4685 4557//4557 4686//4686
f 4686//4686 4557//4557 4611//4611
f 4686//4686 4611//4611 4687//4687
f 4687//4687 4611//4611 4609//4609
f 4687//4687 4609//4609 4688//4688
f 4688//4688 4609//4609 4607//4607
f 4688//4688 4607//4607 4689//4689
f 4689//4689 4607//4607 4605//4605
f 4689//4689 4605//4605 4690//4690
f 4690//4690 4605//4605 4603//4603
f 4690//4690 4603//4603 4691//4691
f 4691//4691 4603//4603 4601//4601
f 4691//4691 4601//4601 4692//4692
f 4692//4692 4601//4601 4599//4599
f 4692//4692 4599//4599 4693//4693
f 4693//4693 4599//4599 4597//4597
f 4693//4693 4597//4597 4694//4694
f 4694//4694 4597//4597 4595//4595
f 4694//4694 4595//4595 4695//4695
f 4695//4695 4595//4595 4593//4593
f 4695//4695 4593//4593 4668//4668
f 4668//4668 4593//4593 4591//4591
f 4686//4686 4527//4527 4685//4685
f 4685//4685 4527//4527 4525//4525
f 4685//4685 4525//4525 4684//4684
f 4684//4684 4525//4525 4523//4523
f 4684//4684 4523//4523 4683//4683
f 4683//4683 4523//4523 4521//4521
f 4683//4683 4521//4521 4682//4682
f 4682//4682 4521//4521 4519//4519
f 4682//4682 4519//4519 4681//4681
f 4681//4681 4519//4519 4517//4517
f 4681//4681 4517//4517 4680//4680
f 4680//4680 4517//4517 4515//4515
f 4680//4680 4515//4515 4679//4679
f 4679//4679 4515//4515 4513//4513
f 4679//4679 4513//4513 4678//4678
f 4678//4678 4513//4513 4511//4511
f 4678//4678 4511//4511 4677//4677
f 4677//4677 4511//4511 4509//4509
f 4677//4677 4509//4509 4676//4676
f 4676//4676 4509//4509 4507//4507
f 4676//4676 4507//4507 4675//4675
f 4675//4675 4507//4507 4505//4505
f 4675//4675 4505//4505 4674//4674
f 4674//4674 4505//4505 4503//4503
f 4674//4674 4503//4503 4673//4673
f 4673//4673 4503//4503 4501//4501
f 4673//4673 4501//4501 4672//4672
f 4672//4672 4501//4501 4555//4555
f 4672//4672 4555//4555 4671//4671
f 4671//4671 4555//4555 4553//4553
f 4671//4671 4553//4553 4670//4670
f 4670//4670 4553//4553 4551//4551
f 4670//4670 4551//4551 4669//4669
f 4669//4669 4551//4551 4549//4549
f 4669//4669 4549//4549 4668//4668
f 4668//4668 4549//4549 4547//4547
f 4668//4668 4547//4547 4695//4695
f 4695//4695 4547//4547 4545//4545
f 4695//4695 4545//4545 4694//4694
f 4694//4694 4545//4545 4543//4543
f 4694//4694 4543//4543 4693//4693
f 4693//4693 4543//4543 4541//4541
f 4693//4693 4541//4541 4692//4692
f 4692//4692 4541//4541 4539//4539
f 4692//4692 4539//4539 4691//4691
f 4691//4691 4539//4539 4537//4537
f 4691//4691 4537//4537 4690//4690
f 4690//4690 4537//4537 4535//4535
f 4690//4690 4535//4535 4689//4689
f 4689//4689 4535//4535 4533//4533
f 4689//4689 4533//4533 4688//4688
f 4688//4688 4533//4533 4531//4531
f 4688//4688 4531//4531 4687//4687
f 4687//4687 4531//4531 4529//4529
f 4687//4687 4529//4529 4686//4686
f 4686//4686 4529//4529 4527//4527
f 4696//4696 4697//4697 4698//4698
f 4698//4698 4697//4697 4699//4699
f 4696//4696 4700//4700 4697//4697
f 4697//4697 4700//4700 4701//4701
f 4697//4697 4701//4701 4702//4702
f 4702//4702 4701//4701 4703//4703
f 4702//4702 4703//4703 4704//4704
f 4704//4704 4703//4703 4705//4705
f 4706//4706 4707//4707 4708//4708
f 4708//4708 4707//4707 4709//4709
f 4708//4708 4709//4709 4710//4710
f 4710//4710 4709//4709 4704//4704
f 4710//4710 4704//4704 4711//4711
f 4711//4711 4704//4704 4705//4705
f 4706//4706 4712//4712 4707//4707
f 4707//4707 4712//4712 4713//4713
f 4707//4707 4713//4713 4714//4714
f 4714//4714 4713//4713 4715//4715
f 4714//4714 4715//4715 4716//4716
f 4716//4716 4715//4715 4717//4717
f 4717//4717 4718//4718 4716//4716
f 4716//4716 4718//4718 4719//4719
f 4716//4716 4719//4719 4720//4720
f 4720//4720 4719//4719 4721//4721
f 4720//4720 4721//4721 4722//4722
f 4722//4722 4721//4721 4723//4723
f 4723//4723 4724//4724 4722//4722
f 4722//4722 4724//4724 4725//4725
f 4722//4722 4725//4725 4726//4726
f 4726//4726 4725//4725 4727//4727
f 4726//4726 4727//4727 4728//4728
f 4727//4727 4729//4729 4728//4728
f 4728//4728 4729//4729 4730//4730
f 4728//4728 4730//4730 4731//4731
f 4731//4731 4730//4730 4732//4732
f 4731//4731 4732//4732 4733//4733
f 4733//4733 4732//4732 4734//4734
f 4734//4734 4735//4735 4733//4733
f 4733//4733 4735//4735 4736//4736
f 4733//4733 4736//4736 4737//4737
f 4737//4737 4736//4736 4738//4738
f 4737//4737 4738//4738 4739//4739
f 4739//4739 4738//4738 4740//4740
f 4740//4740 4741//4741 4739//4739
f 4739//4739 4741//4741 4742//4742
f 4739//4739 4742//4742 4743//4743
f 4743//4743 4742//4742 4744//4744
f 4743//4743 4744//4744 4745//4745
f 4745//4745 4744//4744 4746//4746
f 4746//4746 4747//4747 4745//4745
f 4745//4745 4747//4747 4748//4748
f 4745//4745 4748//4748 4749//4749
f 4749//4749 4748//4748 4750//4750
f 4749//4749 4750//4750 4751//4751
f 4751//4751 4750//4750 4752//4752
f 4752//4752 4753//4753 4751//4751
f 4751//4751 4753//4753 4754//4754
f 4751//4751 4754//4754 4755//4755
f 4755//4755 4754//4754 4756//4756
f 4755//4755 4756//4756 4757//4757
f 4757//4757 4756//4756 4758//4758
f 4758//4758 4759//4759 4757//4757
f 4757//4757 4759//4759 4760//4760
f 4757//4757 4760//4760 4761//4761
f 4761//4761 4760//4760 4762//4762
f 4761//4761 4762//4762 4763//4763
f 4763//4763 4762//4762 4764//4764
f 4764//4764 4765//4765 4763//4763
f 4763//4763 4765//4765 4766//4766
f 4763//4763 4766//4766 4767//4767
f 4767//4767 4766//4766 4768//4768
f 4767//4767 4768//4768 4769//4769
f 4769//4769 4768//4768 4770//4770
f 4771//4771 4772//4772 4773//4773
f 4773//4773 4772//4772 4774//4774
f 4773//4773 4774//4774 4775//4775
f 4775//4775 4774//4774 4769//4769
f 4775//4775 4769//4769 4776//4776
f 4776//4776 4769//4769 4770//4770
f 4777//4777 4778//4778 4779//4779
f 4779//4779 4778//4778 4780//4780
f 4779//4779 4780//4780 4781//4781
f 4781//4781 4780//4780 4772//4772
f 4781//4781 4772//4772 4782//4782
f 4782//4782 4772//4772 4771//4771
f 4777//4777 4783//4783 4778//4778
f 4778//4778 4783//4783 4784//4784
f 4778//4778 4784//4784 4785//4785
f 4785//4785 4784//4784 4786//4786
f 4785//4785 4786//4786 4787//4787
f 4787//4787 4786//4786 4788//4788
f 4788//4788 4789//4789 4787//4787
f 4787//4787 4789//4789 4790//4790
f 4787//4787 4790//4790 4791//4791
f 4791//4791 4790//4790 4792//4792
f 4791//4791 4792//4792 4793//4793
f 4793//4793 4792//4792 4794//4794
f 4794//4794 4795//4795 4793//4793
f 4793//4793 4795//4795 4796//4796
f 4793//4793 4796//4796 4797//4797
f 4797//4797 4796//4796 4798//4798
f 4797//4797 4798//4798 4799//4799
f 4799//4799 4798//4798 4800//4800
f 4800//4800 4801//4801 4799//4799
f 4799//4799 4801//4801 4802//4802
f 4799//4799 4802//4802 4803//4803
f 4803//4803 4802//4802 4804//4804
f 4803//4803 4804//4804 4805//4805
f 4805//4805 4804//4804 4806//4806
f 4806//4806 4807//4807 4805//4805
f 4805//4805 4807//4807 4808//4808
f 4805//4805 4808//4808 4809//4809
f 4809//4809 4808//4808 4810//4810
f 4809//4809 4810//4810 4811//4811
f 4811//4811 4810//4810 4812//4812
f 4812//4812 4813//4813 4811//4811
f 4811//4811 4813//4813 4814//4814
f 4811//4811 4814//4814 4815//4815
f 4815//4815 4814//4814 4816//4816
f 4815//4815 4816//4816 4817//4817
f 4817//4817 4816//4816 4818//4818
f 4818//4818 4819//4819 4817//4817
f 4817//4817 4819//4819 4820//4820
f 4817//4817 4820//4820 4821//4821
f 4821//4821 4820//4820 4822//4822
f 4821//4821 4822//4822 4823//4823
f 4823//4823 4822//4822 4824//4824
f 4824//4824 4825//4825 4823//4823
f 4823//4823 4825//4825 4826//4826
f 4823//4823 4826//4826 4827//4827
f 4827//4827 4826//4826 4828//4828
f 4827//4827 4828//4828 4829//4829
f 4829//4829 4828//4828 4830//4830
f 4831//4831 4832//4832 4833//4833
f 4833//4833 4832//4832 4834//4834
f 4833//4833 4834//4834 4835//4835
f 4835//4835 4834//4834 4829//4829
f 4835//4835 4829//4829 4836//4836
f 4836//4836 4829//4829 4830//4830
f 4831//4831 4837//4837 4832//4832
f 4832//4832 4837//4837 4838//4838
f 4832//4832 4838//4838 4839//4839
f 4839//4839 4838//4838 4840//4840
f 4839//4839 4840//4840 4841//4841
f 4841//4841 4840//4840 4842//4842
f 4842//4842 4843//4843 4841//4841
f 4841//4841 4843//4843 4844//4844
f 4841//4841 4844//4844 4845//4845
f 4845//4845 4844//4844 4846//4846
f 4845//4845 4846//4846 4847//4847
f 4847//4847 4846//4846 4848//4848
f 4848//4848 4849//4849 4847//4847
f 4847//4847 4849//4849 4850//4850
f 4847//4847 4850//4850 4851//4851
f 4850//4850 4852//4852 4851//4851
f 4851//4851 4852//4852 4853//4853
f 4851//4851 4853//4853 4854//4854
f 4854//4854 4853//4853 4855//4855
f 4854//4854 4855//4855 4699//4699
f 4699//4699 4855//4855 4856//4856
f 4699//4699 4856//4856 4698//4698
f 4732//4732 4857//4857 4858//4858
f 4732//4732 4858//4858 4734//4734
f 4734//4734 4858//4858 4859//4859
f 4734//4734 4859//4859 4735//4735
f 4860//4860 4773//4773 4861//4861
f 4861//4861 4773//4773 4775//4775
f 4861//4861 4775//4775 4862//4862
f 4862//4862 4775//4775 4776//4776
f 4862//4862 4776//4776 4863//4863
f 4863//4863 4776//4776 4770//4770
f 4863//4863 4770//4770 4864//4864
f 4864//4864 4770//4770 4768//4768
f 4864//4864 4768//4768 4865//4865
f 4865//4865 4768//4768 4766//4766
f 4865//4865 4766//4766 4866//4866
f 4866//4866 4766//4766 4765//4765
f 4866//4866 4765//4765 4867//4867
f 4867//4867 4765//4765 4764//4764
f 4867//4867 4764//4764 4868//4868
f 4868//4868 4764//4764 4762//4762
f 4868//4868 4762//4762 4869//4869
f 4869//4869 4762//4762 4760//4760
f 4869//4869 4760//4760 4870//4870
f 4870//4870 4760//4760 4759//4759
f 4870//4870 4759//4759 4871//4871
f 4871//4871 4759//4759 4758//4758
f 4871//4871 4758//4758 4872//4872
f 4872//4872 4758//4758 4756//4756
f 4872//4872 4756//4756 4873//4873
f 4873//4873 4756//4756 4754//4754
f 4873//4873 4754//4754 4874//4874
f 4874//4874 4754//4754 4753//4753
f 4874//4874 4753//4753 4875//4875
f 4875//4875 4753//4753 4752//4752
f 4875//4875 4752//4752 4876//4876
f 4876//4876 4752//4752 4750//4750
f 4876//4876 4750//4750 4877//4877
f 4877//4877 4750//4750 4748//4748
f 4877//4877 4748//4748 4878//4878
f 4878//4878 4748//4748 4747//4747
f 4878//4878 4747//4747 4879//4879
f 4879//4879 4747//4747 4746//4746
f 4879//4879 4746//4746 4880//4880
f 4880//4880 4746//4746 4744//4744
f 4880//4880 4744//4744 4881//4881
f 4881//4881 4744//4744 4742//4742
f 4881//4881 4742//4742 4882//4882
f 4882//4882 4742//4742 4741//4741
f 4882//4882 4741//4741 4883//4883
f 4883//4883 4741//4741 4740//4740
f 4883//4883 4740//4740 4884//4884
f 4884//4884 4740//4740 4738//4738
f 4884//4884 4738//4738 4885//4885
f 4885//4885 4738//4738 4736//4736
f 4885//4885 4736//4736 4886//4886
f 4886//4886 4736//4736 4735//4735
f 4886//4886 4735//4735 4887//4887
f 4887//4887 4735//4735 4859//4859
f 4732//4732 4730//4730 4857//4857
f 4857//4857 4730//4730 4729//4729
f 4857//4857 4729//4729 4888//4888
f 4888//4888 4729//4729 4727//4727
f 4888//4888 4727//4727 4889//4889
f 4889//4889 4727//4727 4725//4725
f 4889//4889 4725//4725 4890//4890
f 4890//4890 4725//4725 4724//4724
f 4890//4890 4724//4724 4891//4891
f 4891//4891 4724//4724 4723//4723
f 4891//4891 4723//4723 4892//4892
f 4892//4892 4723//4723 4721//4721
f 4892//4892 4721//4721 4893//4893
f 4893//4893 4721//4721 4719//4719
f 4893//4893 4719//4719 4894//4894
f 4894//4894 4719//4719 4718//4718
f 4894//4894 4718//4718 4895//4895
f 4895//4895 4718//4718 4717//4717
f 4895//4895 4717//4717 4896//4896
f 4896//4896 4717//4717 4715//4715
f 4896//4896 4715//4715 4897//4897
f 4897//4897 4715//4715 4713//4713
f 4897//4897 4713//4713 4898//4898
f 4898//4898 4713//4713 4712//4712
f 4898//4898 4712//4712 4899//4899
f 4899//4899 4712//4712 4706//4706
f 4899//4899 4706//4706 4900//4900
f 4900//4900 4706//4706 4708//4708
f 4900//4900 4708//4708 4901//4901
f 4901//4901 4708//4708 4710//4710
f 4901//4901 4710//4710 4902//4902
f 4902//4902 4710//4710 4711//4711
f 4902//4902 4711//4711 4903//4903
f 4903//4903 4711//4711 4705//4705
f 4903//4903 4705//4705 4904//4904
f 4904//4904 4705//4705 4703//4703
f 4904//4904 4703//4703 4905//4905
f 4905//4905 4703//4703 4701//4701
f 4905//4905 4701//4701 4906//4906
f 4906//4906 4701//4701 4700//4700
f 4906//4906 4700//4700 4907//4907
f 4907//4907 4700//4700 4696//4696
f 4907//4907 4696//4696 4908//4908
f 4908//4908 4696//4696 4698//4698
f 4908//4908 4698//4698 4909//4909
f 4909//4909 4698//4698 4856//4856
f 4909//4909 4856//4856 4910//4910
f 4910//4910 4856//4856 4855//4855
f 4910//4910 4855//4855 4911//4911
f 4911//4911 4855//4855 4853//4853
f 4911//4911 4853//4853 4912//4912
f 4912//4912 4853//4853 4852//4852
f 4912//4912 4852//4852 4913//4913
f 4913//4913 4852//4852 4850//4850
f 4913//4913 4850//4850 4914//4914
f 4914//4914 4850//4850 4849//4849
f 4914//4914 4849//4849 4915//4915
f 4915//4915 4849//4849 4848//4848
f 4915//4915 4848//4848 4916//4916
f 4916//4916 4848//4848 4846//4846
f 4916//4916 4846//4846 4917//4917
f 4917//4917 4846//4846 4844//4844
f 4917//4917 4844//4844 4918//4918
f 4918//4918 4844//4844 4843//4843
f 4918//4918 4843//4843 4919//4919
f 4919//4919 4843//4843 4842//4842
f 4919//4919 4842//4842 4920//4920
f 4920//4920 4842//4842 4840//4840
f 4920//4920 4840//4840 4921//4921
f 4921//4921 4840//4840 4838//4838
f 4921//4921 4838//4838 4922//4922
f 4922//4922 4838//4838 4837//4837
f 4922//4922 4837//4837 4923//4923
f 4923//4923 4837//4837 4831//4831
f 4923//4923 4831//4831 4924//4924
f 4924//4924 4831//4831 4833//4833
f 4924//4924 4833//4833 4925//4925
f 4925//4925 4833//4833 4835//4835
f 4925//4925 4835//4835 4926//4926
f 4926//4926 4835//4835 4836//4836
f 4926//4926 4836//4836 4927//4927
f 4927//4927 4836//4836 4830//4830
f 4927//4927 4830//4830 4928//4928
f 4928//4928 4830//4830 4828//4828
f 4928//4928 4828//4828 4929//4929
f 4929//4929 4828//4828 4826//4826
f 4929//4929 4826//4826 4930//4930
f 4930//4930 4826//4826 4825//4825
f 4930//4930 4825//4825 4931//4931
f 4931//4931 4825//4825 4824//4824
f 4931//4931 4824//4824 4932//4932
f 4932//4932 4824//4824 4822//4822
f 4932//4932 4822//4822 4933//4933
f 4933//4933 4822//4822 4820//4820
f 4933//4933 4820//4820 4934//4934
f 4934//4934 4820//4820 4819//4819
f 4934//4934 4819//4819 4935//4935
f 4935//4935 4819//4819 4818//4818
f 4935//4935 4818//4818 4936//4936
f 4936//4936 4818//4818 4816//4816
f 4936//4936 4816//4816 4937//4937
f 4937//4937 4816//4816 4814//4814
f 4937//4937 4814//4814 4938//4938
f 4938//4938 4814//4814 4813//4813
f 4938//4938 4813//4813 4939//4939
f 4939//4939 4813//4813 4812//4812
f 4939//4939 4812//4812 4940//4940
f 4940//4940 4812//4812 4810//4810
f 4940//4940 4810//4810 4941//4941
f 4941//4941 4810//4810 4808//4808
f 4941//4941 4808//4808 4942//4942
f 4942//4942 4808//4808 4807//4807
f 4942//4942 4807//4807 4943//4943
f 4943//4943 4807//4807 4806//4806
f 4943//4943 4806//4806 4944//4944
f 4944//4944 4806//4806 4804//4804
f 4944//4944 4804//4804 4945//4945
f 4945//4945 4804//4804 4802//4802
f 4945//4945 4802//4802 4946//4946
f 4946//4946 4802//4802 4801//4801
f 4946//4946 4801//4801 4947//4947
f 4947//4947 4801//4801 4800//4800
f 4947//4947 4800//4800 4948//4948
f 4948//4948 4800//4800 4798//4798
f 4948//4948 4798//4798 4949//4949
f 4949//4949 4798//4798 4796//4796
f 4949//4949 4796//4796 4950//4950
f 4950//4950 4796//4796 4795//4795
f 4950//4950 4795//4795 4951//4951
f 4951//4951 4795//4795 4794//4794
f 4951//4951 4794//4794 4952//4952
f 4952//4952 4794//4794 4792//4792
f 4952//4952 4792//4792 4953//4953
f 4953//4953 4792//4792 4790//4790
f 4953//4953 4790//4790 4954//4954
f 4954//4954 4790//4790 4789//4789
f 4954//4954 4789//4789 4955//4955
f 4955//4955 4789//4789 4788//4788
f 4955//4955 4788//4788 4956//4956
f 4956//4956 4788//4788 4786//4786
f 4956//4956 4786//4786 4957//4957
f 4957//4957 4786//4786 4784//4784
f 4957//4957 4784//4784 4958//4958
f 4958//4958 4784//4784 4783//4783
f 4958//4958 4783//4783 4959//4959
f 4959//4959 4783//4783 4777//4777
f 4959//4959 4777//4777 4960//4960
f 4960//4960 4777//4777 4779//4779
f 4960//4960 4779//4779 4961//4961
f 4961//4961 4779//4779 4781//4781
f 4961//4961 4781//4781 4962//4962
f 4962//4962 4781//4781 4782//4782
f 4962//4962 4782//4782 4860//4860
f 4860//4860 4782//4782 4771//4771
f 4860//4860 4771//4771 4773//4773
f 4963//4963 4964//4964 4772//4772
f 4772//4772 4780//4780 4963//4963
f 4963//4963 4780//4780 4778//4778
f 4963//4963 4778//4778 4965//4965
f 4778//4778 4785//4785 4965//4965
f 4965//4965 4785//4785 4787//4787
f 4965//4965 4787//4787 4966//4966
f 4787//4787 4791//4791 4966//4966
f 4966//4966 4791//4791 4793//4793
f 4966//4966 4793//4793 4967//4967
f 4793//4793 4797//4797 4967//4967
f 4967//4967 4797//4797 4799//4799
f 4967//4967 4799//4799 4968//4968
f 4799//4799 4803//4803 4968//4968
f 4968//4968 4803//4803 4805//4805
f 4968//4968 4805//4805 4969//4969
f 4805//4805 4809//4809 4969//4969
f 4969//4969 4809//4809 4811//4811
f 4969//4969 4811//4811 4970//4970
f 4970//4970 4811//4811 4815//4815
f 4970//4970 4815//4815 4971//4971
f 4971//4971 4815//4815 4817//4817
f 4971//4971 4817//4817 4972//4972
f 4817//4817 4821//4821 4972//4972
f 4972//4972 4821//4821 4823//4823
f 4972//4972 4823//4823 4973//4973
f 4823//4823 4827//4827 4973//4973
f 4973//4973 4827//4827 4829//4829
f 4973//4973 4829//4829 4974//4974
f 4829//4829 4834//4834 4974//4974
f 4974//4974 4834//4834 4832//4832
f 4974//4974 4832//4832 4975//4975
f 4832//4832 4839//4839 4975//4975
f 4975//4975 4839//4839 4841//4841
f 4975//4975 4841//4841 4976//4976
f 4841//4841 4845//4845 4976//4976
f 4976//4976 4845//4845 4847//4847
f 4976//4976 4847//4847 4977//4977
f 4847//4847 4851//4851 4977//4977
f 4977//4977 4851//4851 4854//4854
f 4977//4977 4854//4854 4978//4978
f 4704//4704 4979//4979 4980//4980
f 4854//4854 4699//4699 4978//4978
f 4978//4978 4699//4699 4697//4697
f 4978//4978 4697//4697 4980//4980
f 4980//4980 4697//4697 4702//4702
f 4980//4980 4702//4702 4704//4704
f 4704//4704 4709//4709 4979//4979
f 4979//4979 4709//4709 4707//4707
f 4979//4979 4707//4707 4981//4981
f 4707//4707 4714//4714 4981//4981
f 4981//4981 4714//4714 4716//4716
f 4981//4981 4716//4716 4982//4982
f 4716//4716 4720//4720 4982//4982
f 4982//4982 4720//4720 4722//4722
f 4982//4982 4722//4722 4983//4983
f 4733//4733 4984//4984 4985//4985
f 4722//4722 4726//4726 4983//4983
f 4983//4983 4726//4726 4728//4728
f 4983//4983 4728//4728 4985//4985
f 4985//4985 4728//4728 4731//4731
f 4985//4985 4731//4731 4733//4733
f 4733//4733 4737//4737 4984//4984
f 4984//4984 4737//4737 4739//4739
f 4984//4984 4739//4739 4986//4986
f 4739//4739 4743//4743 4986//4986
f 4986//4986 4743//4743 4745//4745
f 4986//4986 4745//4745 4987//4987
f 4745//4745 4749//4749 4987//4987
f 4987//4987 4749//4749 4751//4751
f 4987//4987 4751//4751 4988//4988
f 4751//4751 4755//4755 4988//4988
f 4988//4988 4755//4755 4757//4757
f 4988//4988 4757//4757 4989//4989
f 4757//4757 4761//4761 4989//4989
f 4989//4989 4761//4761 4763//4763
f 4989//4989 4763//4763 4990//4990
f 4763//4763 4767//4767 4990//4990
f 4990//4990 4767//4767 4769//4769
f 4990//4990 4769//4769 4964//4964
f 4964//4964 4769//4769 4774//4774
f 4964//4964 4774//4774 4772//4772
f 4898//4898 4899//4899 4991//4991
f 4934//4934 4935//4935 4992//4992
f 4866//4866 4867//4867 4993//4993
f 4887//4887 4859//4859 4994//4994
f 4883//4883 4884//4884 4995//4995
f 4995//4995 4884//4884 4885//4885
f 4995//4995 4885//4885 4994//4994
f 4994//4994 4885//4885 4886//4886
f 4994//4994 4886//4886 4887//4887
f 4879//4879 4880//4880 4996//4996
f 4996//4996 4880//4880 4881//4881
f 4996//4996 4881//4881 4995//4995
f 4995//4995 4881//4881 4882//4882
f 4995//4995 4882//4882 4883//4883
f 4875//4875 4876//4876 4997//4997
f 4997//4997 4876//4876 4877//4877
f 4997//4997 4877//4877 4996//4996
f 4996//4996 4877//4877 4878//4878
f 4996//4996 4878//4878 4879//4879
f 4871//4871 4872//4872 4998//4998
f 4998//4998 4872//4872 4873//4873
f 4998//4998 4873//4873 4997//4997
f 4997//4997 4873//4873 4874//4874
f 4997//4997 4874//4874 4875//4875
f 4867//4867 4868//4868 4993//4993
f 4993//4993 4868//4868 4869//4869
f 4993//4993 4869//4869 4998//4998
f 4998//4998 4869//4869 4870//4870
f 4998//4998 4870//4870 4871//4871
f 4999//4999 4863//4863 4864//4864
f 4999//4999 4864//4864 4993//4993
f 4993//4993 4864//4864 4865//4865
f 4993//4993 4865//4865 4866//4866
f 4962//4962 4860//4860 5000//5000
f 5000//5000 4860//4860 4861//4861
f 5000//5000 4861//4861 4999//4999
f 4999//4999 4861//4861 4862//4862
f 4999//4999 4862//4862 4863//4863
f 5001//5001 4959//4959 4960//4960
f 5001//5001 4960//4960 5000//5000
f 5000//5000 4960//4960 4961//4961
f 5000//5000 4961//4961 4962//4962
f 4955//4955 4956//4956 5002//5002
f 5002//5002 4956//4956 4957//4957
f 5002//5002 4957//4957 5001//5001
f 5001//5001 4957//4957 4958//4958
f 5001//5001 4958//4958 4959//4959
f 4951//4951 4952//4952 5003//5003
f 5003//5003 4952//4952 4953//4953
f 5003//5003 4953//4953 5002//5002
f 5002//5002 4953//4953 4954//4954
f 5002//5002 4954//4954 4955//4955
f 4947//4947 4948//4948 5004//5004
f 5004//5004 4948//4948 4949//4949
f 5004//5004 4949//4949 5003//5003
f 5003//5003 4949//4949 4950//4950
f 5003//5003 4950//4950 4951//4951
f 4943//4943 4944//4944 5005//5005
f 5005//5005 4944//4944 4945//4945
f 5005//5005 4945//4945 5004//5004
f 5004//5004 4945//4945 4946//4946
f 5004//5004 4946//4946 4947//4947
f 4939//4939 4940//4940 5006//5006
f 5006//5006 4940//4940 4941//4941
f 5006//5006 4941//4941 5005//5005
f 5005//5005 4941//4941 4942//4942
f 5005//5005 4942//4942 4943//4943
f 4935//4935 4936//4936 4992//4992
f 4992//4992 4936//4936 4937//4937
f 4992//4992 4937//4937 5006//5006
f 5006//5006 4937//4937 4938//4938
f 5006//5006 4938//4938 4939//4939
f 5007//5007 4931//4931 4932//4932
f 5007//5007 4932//4932 4992//4992
f 4992//4992 4932//4932 4933//4933
f 4992//4992 4933//4933 4934//4934
f 4927//4927 4928//4928 5008//5008
f 5008//5008 4928//4928 4929//4929
f 5008//5008 4929//4929 5007//5007
f 5007//5007 4929//4929 4930//4930
f 5007//5007 4930//4930 4931//4931
f 4923//4923 4924//4924 5009//5009
f 5009//5009 4924//4924 4925//4925
f 5009//5009 4925//4925 5008//5008
f 5008//5008 4925//4925 4926//4926
f 5008//5008 4926//4926 4927//4927
f 4919//4919 4920//4920 5010//5010
f 5010//5010 4920//4920 4921//4921
f 5010//5010 4921//4921 5009//5009
f 5009//5009 4921//4921 4922//4922
f 5009//5009 4922//4922 4923//4923
f 4915//4915 4916//4916 5011//5011
f 5011//5011 4916//4916 4917//4917
f 5011//5011 4917//4917 5010//5010
f 5010//5010 4917//4917 4918//4918
f 5010//5010 4918//4918 4919//4919
f 4911//4911 4912//4912 5012//5012
f 5012//5012 4912//4912 4913//4913
f 5012//5012 4913//4913 5011//5011
f 5011//5011 4913//4913 4914//4914
f 5011//5011 4914//4914 4915//4915
f 4907//4907 4908//4908 5013//5013
f 5013//5013 4908//4908 4909//4909
f 5013//5013 4909//4909 5012//5012
f 5012//5012 4909//4909 4910//4910
f 5012//5012 4910//4910 4911//4911
f 4903//4903 4904//4904 5014//5014
f 5014//5014 4904//4904 4905//4905
f 5014//5014 4905//4905 5013//5013
f 5013//5013 4905//4905 4906//4906
f 5013//5013 4906//4906 4907//4907
f 4899//4899 4900//4900 4991//4991
f 4991//4991 4900//4900 4901//4901
f 4991//4991 4901//4901 5014//5014
f 5014//5014 4901//4901 4902//4902
f 5014//5014 4902//4902 4903//4903
f 5015//5015 4895//4895 4896//4896
f 5015//5015 4896//4896 4991//4991
f 4991//4991 4896//4896 4897//4897
f 4991//4991 4897//4897 4898//4898
f 4891//4891 4892//4892 5016//5016
f 5016//5016 4892//4892 4893//4893
f 5016//5016 4893//4893 5015//5015
f 5015//5015 4893//4893 4894//4894
f 5015//5015 4894//4894 4895//4895
f 5017//5017 4889//4889 5016//5016
f 5016//5016 4889//4889 4890//4890
f 5016//5016 4890//4890 4891//4891
f 4859//4859 4858//4858 4994//4994
f 4994//4994 4858//4858 4857//4857
f 4994//4994 4857//4857 5017//5017
f 5017//5017 4857//4857 4888//4888
f 5017//5017 4888//4888 4889//4889
f 4970//4970 4971//4971 4992//4992
f 4992//4992 4971//4971 4972//4972
f 4992//4992 4972//4972 5007//5007
f 5007//5007 4972//4972 4973//4973
f 5007//5007 4973//4973 5008//5008
f 5008//5008 4973//4973 4974//4974
f 5008//5008 4974//4974 5009//5009
f 5009//5009 4974//4974 4975//4975
f 5009//5009 4975//4975 5010//5010
f 5010//5010 4975//4975 4976//4976
f 5010//5010 4976//4976 5011//5011
f 5011//5011 4976//4976 4977//4977
f 5011//5011 4977//4977 5012//5012
f 5012//5012 4977//4977 4978//4978
f 5012//5012 4978//4978 5013//5013
f 5013//5013 4978//4978 4980//4980
f 5013//5013 4980//4980 5014//5014
f 5014//5014 4980//4980 4979//4979
f 5014//5014 4979//4979 4991//4991
f 4991//4991 4979//4979 4981//4981
f 4991//4991 4981//4981 5015//5015
f 5015//5015 4981//4981 4982//4982
f 5015//5015 4982//4982 5016//5016
f 5016//5016 4982//4982 4983//4983
f 5016//5016 4983//4983 5017//5017
f 5017//5017 4983//4983 4985//4985
f 5017//5017 4985//4985 4994//4994
f 4994//4994 4985//4985 4984//4984
f 4994//4994 4984//4984 4995//4995
f 4995//4995 4984//4984 4986//4986
f 4995//4995 4986//4986 4996//4996
f 4996//4996 4986//4986 4987//4987
f 4996//4996 4987//4987 4997//4997
f 4997//4997 4987//4987 4988//4988
f 4997//4997 4988//4988 4998//4998
f 4998//4998 4988//4988 4989//4989
f 4998//4998 4989//4989 4993//4993
f 4993//4993 4989//4989 4990//4990
f 4993//4993 4990//4990 4999//4999
f 4999//4999 4990//4990 4964//4964
f 4999//4999 4964//4964 5000//5000
f 5000//5000 4964//4964 4963//4963
f 5000//5000 4963//4963 5001//5001
f 5001//5001 4963//4963 4965//4965
f 5001//5001 4965//4965 5002//5002
f 5002//5002 4965//4965 4966//4966
f 5002//5002 4966//4966 5003//5003
f 5003//5003 4966//4966 4967//4967
f 5003//5003 4967//4967 5004//5004
f 5004//5004 4967//4967 4968//4968
f 5004//5004 4968//4968 5005//5005
f 5005//5005 4968//4968 4969//4969
f 5005//5005 4969//4969 5006//5006
f 5006//5006 4969//4969 4970//4970
f 5006//5006 4970//4970 4992//4992
f 5018//5018 5019//5019 5020//5020
f 5020//5020 5019//5019 5021//5021
f 5020//5020 5021//5021 5022//5022
f 5022//5022 5021//5021 5023//5023
f 5022//5022 5023//5023 5024//5024
f 5024//5024 5023//5023 5025//5025
f 5024//5024 5025//5025 5026//5026
f 5026//5026 5025//5025 5027//5027
f 5026//5026 5027//5027 5028//5028
f 5028//5028 5027//5027 5029//5029
f 5028//5028 5029//5029 5030//5030
f 5030//5030 5029//5029 5031//5031
f 5030//5030 5031//5031 5032//5032
f 5032//5032 5031//5031 5033//5033
f 5032//5032 5033//5033 5034//5034
f 5034//5034 5033//5033 5035//5035
f 5034//5034 5035//5035 5036//5036
f 5036//5036 5035//5035 5037//5037
f 5036//5036 5037//5037 5038//5038
f 5038//5038 5037//5037 5039//5039
f 5038//5038 5039//5039 5040//5040
f 5040//5040 5039//5039 5041//5041
f 5040//5040 5041//5041 5042//5042
f 5042//5042 5041//5041 5043//5043
f 5042//5042 5043//5043 5044//5044
f 5044//5044 5043//5043 5045//5045
f 5044//5044 5045//5045 5046//5046
f 5046//5046 5045//5045 5047//5047
f 5046//5046 5047//5047 5048//5048
f 5048//5048 5047//5047 5049//5049
f 5048//5048 5049//5049 5050//5050
f 5050//5050 5049//5049 5051//5051
f 5050//5050 5051//5051 5052//5052
f 5052//5052 5051//5051 5053//5053
f 5052//5052 5053//5053 5054//5054
f 5054//5054 5053//5053 5055//5055
f 5054//5054 5055//5055 5056//5056
f 5056//5056 5055//5055 5057//5057
f 5056//5056 5057//5057 5058//5058
f 5058//5058 5057//5057 5059//5059
f 5058//5058 5059//5059 5060//5060
f 5060//5060 5059//5059 5061//5061
f 5060//5060 5061//5061 5062//5062
f 5062//5062 5061//5061 5063//5063
f 5062//5062 5063//5063 5064//5064
f 5064//5064 5063//5063 5065//5065
f 5064//5064 5065//5065 5066//5066
f 5066//5066 5065//5065 5067//5067
f 5066//5066 5067//5067 5068//5068
f 5068//5068 5067//5067 5069//5069
f 5068//5068 5069//5069 5070//5070
f 5070//5070 5069//5069 5071//5071
f 5070//5070 5071//5071 5072//5072
f 5072//5072 5071//5071 5073//5073
f 5072//5072 5073//5073 5074//5074
f 5074//5074 5073//5073 5075//5075
f 5074//5074 5075//5075 5076//5076
f 5076//5076 5075//5075 5077//5077
f 5076//5076 5077//5077 5078//5078
f 5078//5078 5077//5077 5079//5079
f 5078//5078 5079//5079 5080//5080
f 5080//5080 5079//5079 5081//5081
f 5080//5080 5081//5081 5082//5082
f 5082//5082 5081//5081 5083//5083
f 5082//5082 5083//5083 5084//5084
f 5084//5084 5083//5083 5085//5085
f 5084//5084 5085//5085 5086//5086
f 5086//5086 5085//5085 5087//5087
f 5086//5086 5087//5087 5088//5088
f 5088//5088 5087//5087 5089//5089
f 5088//5088 5089//5089 5090//5090
f 5090//5090 5089//5089 5091//5091
f 5090//5090 5091//5091 5092//5092
f 5092//5092 5091//5091 5093//5093
f 5092//5092 5093//5093 5018//5018
f 5018//5018 5093//5093 5019//5019
f 5055//5055 5053//5053 5094//5094
f 5055//5055 5094//5094 5057//5057
f 5063//5063 5061//5061 5094//5094
f 5094//5094 5061//5061 5059//5059
f 5094//5094 5059//5059 5057//5057
f 5069//5069 5067//5067 5094//5094
f 5094//5094 5067//5067 5065//5065
f 5094//5094 5065//5065 5063//5063
f 5075//5075 5073//5073 5094//5094
f 5094//5094 5073//5073 5071//5071
f 5094//5094 5071//5071 5069//5069
f 5081//5081 5079//5079 5094//5094
f 5094//5094 5079//5079 5077//5077
f 5094//5094 5077//5077 5075//5075
f 5087//5087 5085//5085 5094//5094
f 5094//5094 5085//5085 5083//5083
f 5094//5094 5083//5083 5081//5081
f 5093//5093 5091//5091 5094//5094
f 5094//5094 5091//5091 5089//5089
f 5094//5094 5089//5089 5087//5087
f 5023//5023 5021//5021 5094//5094
f 5094//5094 5021//5021 5019//5019
f 5094//5094 5019//5019 5093//5093
f 5029//5029 5027//5027 5094//5094
f 5094//5094 5027//5027 5025//5025
f 5094//5094 5025//5025 5023//5023
f 5035//5035 5033//5033 5094//5094
f 5094//5094 5033//5033 5031//5031
f 5094//5094 5031//5031 5029//5029
f 5041//5041 5039//5039 5094//5094
f 5094//5094 5039//5039 5037//5037
f 5094//5094 5037//5037 5035//5035
f 5047//5047 5045//5045 5094//5094
f 5094//5094 5045//5045 5043//5043
f 5094//5094 5043//5043 5041//5041
f 5053//5053 5051//5051 5094//5094
f 5094//5094 5051//5051 5049//5049
f 5094//5094 5049//5049 5047//5047
f 5056//5056 5058//5058 5095//5095
f 5056//5056 5095//5095 5054//5054
f 5048//5048 5050//5050 5095//5095
f 5095//5095 5050//5050 5052//5052
f 5095//5095 5052//5052 5054//5054
f 5042//5042 5044//5044 5095//5095
f 5095//5095 5044//5044 5046//5046
f 5095//5095 5046//5046 5048//5048
f 5036//5036 5038//5038 5095//5095
f 5095//5095 5038//5038 5040//5040
f 5095//5095 5040//5040 5042//5042
f 5030//5030 5032//5032 5095//5095
f 5095//5095 5032//5032 5034//5034
f 5095//5095 5034//5034 5036//5036
f 5024//5024 5026//5026 5095//5095
f 5095//5095 5026//5026 5028//5028
f 5095//5095 5028//5028 5030//5030
f 5018//5018 5020//5020 5095//5095
f 5095//5095 5020//5020 5022//5022
f 5095//5095 5022//5022 5024//5024
f 5088//5088 5090//5090 5095//5095
f 5095//5095 5090//5090 5092//5092
f 5095//5095 5092//5092 5018//5018
f 5082//5082 5084//5084 5095//5095
f 5095//5095 5084//5084 5086//5086
f 5095//5095 5086//5086 5088//5088
f 5076//5076 5078//5078 5095//5095
f 5095//5095 5078//5078 5080//5080
f 5095//5095 5080//5080 5082//5082
f 5070//5070 5072//5072 5095//5095
f 5095//5095 5072//5072 5074//5074
f 5095//5095 5074//5074 5076//5076
f 5064//5064 5066//5066 5095//5095
f 5095//5095 5066//5066 5068//5068
f 5095//5095 5068//5068 5070//5070
f 5058//5058 5060//5060 5095//5095
f 5095//5095 5060//5060 5062//5062
f 5095//5095 5062//5062 5064//5064
f 5096//5096 5097//5097 5098//5098
f 5098//5098 5097//5097 5099//5099
f 5098//5098 5099//5099 5100//5100
f 5100//5100 5099//5099 5101//5101
f 5100//5100 5101//5101 5102//5102
f 5102//5102 5101//5101 5103//5103
f 5102//5102 5103//5103 5104//5104
f 5104//5104 5103//5103 5105//5105
f 5104//5104 5105//5105 5106//5106
f 5106//5106 5105//5105 5107//5107
f 5106//5106 5107//5107 5108//5108
f 5108//5108 5107//5107 5109//5109
f 5108//5108 5109//5109 5110//5110
f 5110//5110 5109//5109 5111//5111
f 5110//5110 5111//5111 5112//5112
f 5112//5112 5111//5111 5113//5113
f 5112//5112 5113//5113 5114//5114
f 5114//5114 5113//5113 5115//5115
f 5114//5114 5115//5115 5116//5116
f 5116//5116 5115//5115 5117//5117
f 5116//5116 5117//5117 5118//5118
f 5118//5118 5117//5117 5119//5119
f 5118//5118 5119//5119 5120//5120
f 5120//5120 5119//5119 5121//5121
f 5120//5120 5121//5121 5122//5122
f 5122//5122 5121//5121 5123//5123
f 5122//5122 5123//5123 5124//5124
f 5124//5124 5123//5123 5125//5125
f 5124//5124 5125//5125 5126//5126
f 5126//5126 5125//5125 5127//5127
f 5126//5126 5127//5127 5128//5128
f 5128//5128 5127//5127 5129//5129
f 5128//5128 5129//5129 5130//5130
f 5130//5130 5129//5129 5131//5131
f 5130//5130 5131//5131 5132//5132
f 5132//5132 5131//5131 5133//5133
f 5132//5132 5133//5133 5134//5134
f 5134//5134 5133//5133 5135//5135
f 5134//5134 5135//5135 5136//5136
f 5136//5136 5135//5135 5137//5137
f 5136//5136 5137//5137 5138//5138
f 5138//5138 5137//5137 5139//5139
f 5138//5138 5139//5139 5140//5140
f 5140//5140 5139//5139 5141//5141
f 5140//5140 5141//5141 5142//5142
f 5142//5142 5141//5141 5143//5143
f 5142//5142 5143//5143 5144//5144
f 5144//5144 5143//5143 5145//5145
f 5144//5144 5145//5145 5146//5146
f 5146//5146 5145//5145 5147//5147
f 5146//5146 5147//5147 5148//5148
f 5148//5148 5147//5147 5149//5149
f 5148//5148 5149//5149 5150//5150
f 5150//5150 5149//5149 5151//5151
f 5150//5150 5151//5151 5152//5152
f 5152//5152 5151//5151 5153//5153
f 5152//5152 5153//5153 5154//5154
f 5154//5154 5153//5153 5155//5155
f 5154//5154 5155//5155 5156//5156
f 5156//5156 5155//5155 5157//5157
f 5156//5156 5157//5157 5158//5158
f 5158//5158 5157//5157 5159//5159
f 5158//5158 5159//5159 5160//5160
f 5160//5160 5159//5159 5161//5161
f 5160//5160 5161//5161 5162//5162
f 5162//5162 5161//5161 5163//5163
f 5162//5162 5163//5163 5164//5164
f 5164//5164 5163//5163 5165//5165
f 5164//5164 5165//5165 5166//5166
f 5166//5166 5165//5165 5167//5167
f 5166//5166 5167//5167 5168//5168
f 5168//5168 5167//5167 5169//5169
f 5168//5168 5169//5169 5170//5170
f 5170//5170 5169//5169 5171//5171
f 5170//5170 5171//5171 5096//5096
f 5096//5096 5171//5171 5097//5097
f 5133//5133 5131//5131 5172//5172
f 5133//5133 5172//5172 5135//5135
f 5141//5141 5139//5139 5172//5172
f 5172//5172 5139//5139 5137//5137
f 5172//5172 5137//5137 5135//5135
f 5147//5147 5145//5145 5172//5172
f 5172//5172 5145//5145 5143//5143
f 5172//5172 5143//5143 5141//5141
f 5153//5153 5151//5151 5172//5172
f 5172//5172 5151//5151 5149//5149
f 5172//5172 5149//5149 5147//5147
f 5159//5159 5157//5157 5172//5172
f 5172//5172 5157//5157 5155//5155
f 5172//5172 5155//5155 5153//5153
f 5165//5165 5163//5163 5172//5172
f 5172//5172 5163//5163 5161//5161
f 5172//5172 5161//5161 5159//5159
f 5171//5171 5169//5169 5172//5172
f 5172//5172 5169//5169 5167//5167
f 5172//5172 5167//5167 5165//5165
f 5101//5101 5099//5099 5172//5172
f 5172//5172 5099//5099 5097//5097
f 5172//5172 5097//5097 5171//5171
f 5107//5107 5105//5105 5172//5172
f 5172//5172 5105//5105 5103//5103
f 5172//5172 5103//5103 5101//5101
f 5113//5113 5111//5111 5172//5172
f 5172//5172 5111//5111 5109//5109
f 5172//5172 5109//5109 5107//5107
f 5119//5119 5117//5117 5172//5172
f 5172//5172 5117//5117 5115//5115
f 5172//5172 5115//5115 5113//5113
f 5125//5125 5123//5123 5172//5172
f 5172//5172 5123//5123 5121//5121
f 5172//5172 5121//5121 5119//5119
f 5131//5131 5129//5129 5172//5172
f 5172//5172 5129//5129 5127//5127
f 5172//5172 5127//5127 5125//5125
f 5134//5134 5136//5136 5173//5173
f 5134//5134 5173//5173 5132//5132
f 5126//5126 5128//5128 5173//5173
f 5173//5173 5128//5128 5130//5130
f 5173//5173 5130//5130 5132//5132
f 5120//5120 5122//5122 5173//5173
f 5173//5173 5122//5122 5124//5124
f 5173//5173 5124//5124 5126//5126
f 5114//5114 5116//5116 5173//5173
f 5173//5173 5116//5116 5118//5118
f 5173//5173 5118//5118 5120//5120
f 5108//5108 5110//5110 5173//5173
f 5173//5173 5110//5110 5112//5112
f 5173//5173 5112//5112 5114//5114
f 5102//5102 5104//5104 5173//5173
f 5173//5173 5104//5104 5106//5106
f 5173//5173 5106//5106 5108//5108
f 5096//5096 5098//5098 5173//5173
f 5173//5173 5098//5098 5100//5100
f 5173//5173 5100//5100 5102//5102
f 5166//5166 5168//5168 5173//5173
f 5173//5173 5168//5168 5170//5170
f 5173//5173 5170//5170 5096//5096
f 5160//5160 5162//5162 5173//5173
f 5173//5173 5162//5162 5164//5164
f 5173//5173 5164//5164 5166//5166
f 5154//5154 5156//5156 5173//5173
f 5173//5173 5156//5156 5158//5158
f 5173//5173 5158//5158 5160//5160
f 5148//5148 5150//5150 5173//5173
f 5173//5173 5150//5150 5152//5152
f 5173//5173 5152//5152 5154//5154
f 5142//5142 5144//5144 5173//5173
f 5173//5173 5144//5144 5146//5146
f 5173//5173 5146//5146 5148//5148
f 5136//5136 5138//5138 5173//5173
f 5173//5173 5138//5138 5140//5140
f 5173//5173 5140//5140 5142//5142
